payment_id,order_id,payment_date,payment_method,amount_paid,status
PAY0000001,ORD000001,2024-04-05,Wallet,3178.46,Success
PAY0000002,ORD000002,2023-05-19,Net Banking,48460.54,Success
PAY0000003,ORD000003,2023-03-30,Net Banking,11571.96,Success
PAY0000004,ORD000004,2023-11-27,Wallet,5446.6,Success
PAY0000005,ORD000005,2023-08-26,Credit Card,1173.69,Success
PAY0000006,ORD000006,2024-06-05,UPI,30558.07,Pending
PAY0000007,ORD000007,2023-02-13,Debit Card,22346.87,Success
PAY0000008,ORD000008,2023-04-12,Wallet,22610.54,Pending
PAY0000009,ORD000009,2023-06-26,UPI,910.14,Success
PAY0000010,ORD000010,2023-05-28,Wallet,21447.52,Failed
PAY0000011,ORD000011,2024-02-10,Cash on Delivery,31334.29,Success
PAY0000012,ORD000012,2024-01-17,Net Banking,4907.02,Refunded
PAY0000013,ORD000013,2023-05-11,Credit Card,9144.69,Success
PAY0000014,ORD000014,2024-04-02,Net Banking,11549.43,Success
PAY0000015,ORD000015,2023-12-29,Debit Card,21419.52,Pending
PAY0000016,ORD000016,2024-06-06,Debit Card,7908.32,Success
PAY0000017,ORD000017,2023-11-21,Cash on Delivery,535.55,Success
PAY0000018,ORD000018,2025-07-26,Wallet,5494.06,Refunded
PAY0000019,ORD000019,2024-01-22,Credit Card,22308.21,Success
PAY0000020,ORD000020,2024-05-23,UPI,10665.92,Success
PAY0000021,ORD000021,2023-01-05,Debit Card,38211.04,Success
PAY0000022,ORD000022,2024-03-04,Debit Card,10720.76,Success
PAY0000023,ORD000023,2024-05-11,Cash on Delivery,10793.98,Success
PAY0000024,ORD000024,2024-05-19,Cash on Delivery,901.85,Success
PAY0000025,ORD000025,2023-04-28,Net Banking,705.35,Success
PAY0000026,ORD000026,2023-05-02,Debit Card,48557.08,Success
PAY0000027,ORD000027,2023-05-14,Debit Card,5321.16,Success
PAY0000028,ORD000028,2023-01-30,Wallet,9461.39,Success
PAY0000029,ORD000029,2023-09-26,Net Banking,995.79,Refunded
PAY0000030,ORD000030,2023-10-03,Net Banking,10243.69,Success
PAY0000031,ORD000031,2024-08-09,Credit Card,5300.18,Success
PAY0000032,ORD000032,2024-09-17,Net Banking,8133.62,Success
PAY0000033,ORD000033,2023-04-04,Credit Card,21404.4,Success
PAY0000034,ORD000034,2023-08-05,Debit Card,1926.71,Success
PAY0000035,ORD000035,2023-10-25,Credit Card,760.83,Refunded
PAY0000036,ORD000036,2023-01-17,UPI,2999.54,Success
PAY0000037,ORD000037,2023-02-15,Net Banking,4396.0,Success
PAY0000038,ORD000038,2023-02-07,Wallet,16492.0,Success
PAY0000039,ORD000039,2023-03-31,Wallet,25243.920000000002,Failed
PAY0000040,ORD000040,2023-01-16,Net Banking,11231.84,Success
PAY0000041,ORD000041,2023-07-18,Net Banking,2924.6299999999997,Success
PAY0000042,ORD000042,2023-11-07,UPI,546.18,Success
PAY0000043,ORD000043,2024-01-24,Wallet,12791.439999999999,Failed
PAY0000044,ORD000044,2024-07-02,Wallet,9948.66,Success
PAY0000045,ORD000045,2024-07-14,Credit Card,9529.44,Success
PAY0000046,ORD000046,2024-04-04,Wallet,7891.1,Success
PAY0000047,ORD000047,2023-04-08,Wallet,16965.28,Success
PAY0000048,ORD000048,2024-02-17,Debit Card,12770.419999999998,Success
PAY0000049,ORD000049,2023-09-19,Wallet,11543.289999999999,Success
PAY0000050,ORD000050,2024-09-05,Wallet,14061.23,Success
PAY0000051,ORD000051,2024-07-13,UPI,26731.35,Success
PAY0000052,ORD000052,2024-06-10,UPI,23355.45,Success
PAY0000053,ORD000053,2023-01-15,Debit Card,14542.99,Success
PAY0000054,ORD000054,2023-02-11,Debit Card,11453.38,Success
PAY0000055,ORD000055,2024-07-15,Debit Card,12652.54,Success
PAY0000056,ORD000056,2024-06-20,Net Banking,54338.810000000005,Failed
PAY0000057,ORD000057,2024-06-22,UPI,3200.1,Success
PAY0000058,ORD000058,2024-04-30,Credit Card,8661.69,Success
PAY0000059,ORD000059,2023-06-20,UPI,14439.2,Success
PAY0000060,ORD000060,2023-03-11,Credit Card,33205.96,Success
PAY0000061,ORD000061,2023-12-06,UPI,2533.01,Success
PAY0000062,ORD000062,2023-08-22,Net Banking,6653.98,Pending
PAY0000063,ORD000063,2024-08-24,Credit Card,4270.5,Pending
PAY0000064,ORD000064,2024-10-18,UPI,14848.039999999999,Success
PAY0000065,ORD000065,2023-07-05,Net Banking,27636.73,Success
PAY0000066,ORD000066,2023-12-06,UPI,7406.55,Success
PAY0000067,ORD000067,2023-08-03,Credit Card,12616.1,Success
PAY0000068,ORD000068,2023-05-31,Net Banking,2699.29,Failed
PAY0000069,ORD000069,2023-05-23,Wallet,8988.77,Success
PAY0000070,ORD000070,2023-09-07,Debit Card,6251.21,Success
PAY0000071,ORD000071,2024-06-18,Cash on Delivery,28427.56,Refunded
PAY0000072,ORD000072,2024-10-13,Wallet,10326.16,Success
PAY0000073,ORD000073,2023-05-05,Wallet,7511.04,Refunded
PAY0000074,ORD000074,2024-11-19,Wallet,24985.909999999996,Success
PAY0000075,ORD000075,2024-01-30,Wallet,18699.93,Success
PAY0000076,ORD000076,2023-07-21,Cash on Delivery,7782.48,Success
PAY0000077,ORD000077,2024-06-01,Credit Card,29137.29,Success
PAY0000078,ORD000078,2024-02-15,Debit Card,19224.06,Success
PAY0000079,ORD000079,2024-04-30,Debit Card,4120.97,Success
PAY0000080,ORD000080,2023-04-20,Cash on Delivery,14061.38,Pending
PAY0000081,ORD000081,2023-05-16,Credit Card,16022.28,Success
PAY0000082,ORD000082,2023-11-20,Cash on Delivery,32297.309999999998,Refunded
PAY0000083,ORD000083,2023-12-07,Debit Card,30290.4,Success
PAY0000084,ORD000084,2024-06-15,Wallet,7566.03,Pending
PAY0000085,ORD000085,2024-05-31,Net Banking,6641.17,Success
PAY0000086,ORD000086,2024-06-03,Credit Card,5610.31,Success
PAY0000087,ORD000087,2023-05-01,Net Banking,6626.22,Success
PAY0000088,ORD000088,2023-04-01,Credit Card,18402.14,Success
PAY0000089,ORD000089,2023-06-23,Credit Card,6218.68,Success
PAY0000090,ORD000090,2023-11-13,Wallet,5332.96,Success
PAY0000091,ORD000091,2023-10-24,Debit Card,2615.05,Success
PAY0000092,ORD000092,2023-10-08,UPI,397.66,Success
PAY0000093,ORD000093,2023-04-05,UPI,1161.8600000000001,Success
PAY0000094,ORD000094,2024-10-10,Credit Card,1882.84,Success
PAY0000095,ORD000095,2023-08-05,Credit Card,5703.96,Success
PAY0000096,ORD000096,2024-06-02,Credit Card,6883.09,Success
PAY0000097,ORD000097,2023-02-02,Debit Card,28796.42,Success
PAY0000098,ORD000098,2024-08-24,Net Banking,41478.240000000005,Success
PAY0000099,ORD000099,2023-04-18,Cash on Delivery,6206.47,Success
PAY0000100,ORD000100,2023-12-14,Net Banking,14761.41,Success
PAY0000101,ORD000101,2023-07-11,Cash on Delivery,2525.54,Success
PAY0000102,ORD000102,2024-02-13,UPI,3608.45,Success
PAY0000103,ORD000103,2023-11-04,Wallet,32863.11,Pending
PAY0000104,ORD000104,2024-08-17,Debit Card,1550.09,Success
PAY0000105,ORD000105,2024-06-21,Credit Card,2028.86,Success
PAY0000106,ORD000106,2023-04-06,Wallet,5323.02,Success
PAY0000107,ORD000107,2024-11-07,Credit Card,4900.6,Success
PAY0000108,ORD000108,2023-07-30,Cash on Delivery,20404.059999999998,Success
PAY0000109,ORD000109,2023-01-09,Credit Card,21806.91,Success
PAY0000110,ORD000110,2024-05-01,Credit Card,13558.41,Success
PAY0000111,ORD000111,2024-02-02,Net Banking,4207.25,Pending
PAY0000112,ORD000112,2024-11-24,Net Banking,8354.87,Success
PAY0000113,ORD000113,2023-01-30,Cash on Delivery,3729.49,Success
PAY0000114,ORD000114,2023-01-05,Wallet,9805.97,Success
PAY0000115,ORD000115,2023-07-12,Credit Card,15148.33,Success
PAY0000116,ORD000116,2024-03-12,Cash on Delivery,30195.93,Success
PAY0000117,ORD000117,2024-03-08,Wallet,3555.3,Pending
PAY0000118,ORD000118,2023-12-22,UPI,52639.240000000005,Success
PAY0000119,ORD000119,2023-11-25,Cash on Delivery,19036.22,Success
PAY0000120,ORD000120,2024-03-08,Cash on Delivery,13804.310000000001,Success
PAY0000121,ORD000121,2024-04-09,Debit Card,36536.84,Failed
PAY0000122,ORD000122,2023-04-28,Debit Card,10134.869999999999,Success
PAY0000123,ORD000123,2023-06-04,Wallet,18451.78,Success
PAY0000124,ORD000124,2024-09-23,Net Banking,31591.089999999997,Refunded
PAY0000125,ORD000125,2024-04-19,Cash on Delivery,17297.34,Success
PAY0000126,ORD000126,2024-11-23,Net Banking,9601.68,Success
PAY0000127,ORD000127,2024-04-05,UPI,3009.32,Success
PAY0000128,ORD000128,2024-06-29,Debit Card,12090.910000000002,Success
PAY0000129,ORD000129,2024-10-11,UPI,4191.28,Success
PAY0000130,ORD000130,2023-09-08,Cash on Delivery,23300.739999999998,Success
PAY0000131,ORD000131,2023-06-01,Debit Card,3231.19,Success
PAY0000132,ORD000132,2024-03-09,Credit Card,14839.55,Failed
PAY0000133,ORD000133,2024-03-19,Credit Card,1489.83,Success
PAY0000134,ORD000134,2024-06-11,Wallet,3250.8,Success
PAY0000135,ORD000135,2024-03-26,Cash on Delivery,10705.27,Success
PAY0000136,ORD000136,2024-11-27,Cash on Delivery,17098.16,Success
PAY0000137,ORD000137,2024-11-05,Credit Card,18957.86,Success
PAY0000138,ORD000138,2023-04-13,Credit Card,3356.08,Success
PAY0000139,ORD000139,2023-10-22,Debit Card,6289.2,Success
PAY0000140,ORD000140,2024-07-08,Debit Card,28403.589999999997,Success
PAY0000141,ORD000141,2024-04-01,Cash on Delivery,5791.83,Success
PAY0000142,ORD000142,2024-11-22,Wallet,26544.010000000002,Success
PAY0000143,ORD000143,2024-10-09,Credit Card,40679.299999999996,Success
PAY0000144,ORD000144,2023-11-10,Credit Card,44070.92,Success
PAY0000145,ORD000145,2023-06-23,Debit Card,2135.25,Success
PAY0000146,ORD000146,2024-07-23,Credit Card,33401.53,Success
PAY0000147,ORD000147,2024-09-13,Wallet,36713.19,Refunded
PAY0000148,ORD000148,2023-10-24,Wallet,25189.78,Success
PAY0000149,ORD000149,2023-12-29,Net Banking,18850.48,Success
PAY0000150,ORD000150,2024-10-09,Credit Card,17985.7,Success
PAY0000151,ORD000151,2024-05-21,Credit Card,8748.11,Success
PAY0000152,ORD000152,2024-02-14,Cash on Delivery,42931.98,Refunded
PAY0000153,ORD000153,2024-12-01,Debit Card,6870.4,Success
PAY0000154,ORD000154,2023-07-15,UPI,9749.59,Success
PAY0000155,ORD000155,2024-09-07,Net Banking,4715.91,Refunded
PAY0000156,ORD000156,2024-10-02,Wallet,10352.66,Success
PAY0000157,ORD000157,2024-07-20,UPI,15899.11,Success
PAY0000158,ORD000158,2023-07-01,UPI,30588.05,Success
PAY0000159,ORD000159,2024-08-17,Net Banking,50125.06,Success
PAY0000160,ORD000160,2024-04-17,Credit Card,27409.839999999997,Failed
PAY0000161,ORD000161,2023-09-09,Credit Card,16699.91,Refunded
PAY0000162,ORD000162,2024-06-18,Credit Card,19301.88,Success
PAY0000163,ORD000163,2023-05-04,Wallet,27358.3,Success
PAY0000164,ORD000164,2023-03-06,Net Banking,8138.6,Success
PAY0000165,ORD000165,2024-06-09,Debit Card,23732.46,Success
PAY0000166,ORD000166,2024-08-18,Net Banking,35771.009999999995,Success
PAY0000167,ORD000167,2023-09-07,Cash on Delivery,11794.560000000001,Success
PAY0000168,ORD000168,2024-04-16,Wallet,784.13,Success
PAY0000169,ORD000169,2023-12-05,Wallet,2574.26,Pending
PAY0000170,ORD000170,2023-06-04,UPI,30347.14,Success
PAY0000171,ORD000171,2023-11-12,Net Banking,26834.74,Failed
PAY0000172,ORD000172,2023-06-09,Credit Card,1750.19,Success
PAY0000173,ORD000173,2023-01-31,Credit Card,18647.73,Success
PAY0000174,ORD000174,2024-06-06,UPI,3457.61,Success
PAY0000175,ORD000175,2024-10-24,Wallet,11059.73,Success
PAY0000176,ORD000176,2024-10-28,Debit Card,24914.48,Success
PAY0000177,ORD000177,2023-12-20,Credit Card,6874.280000000001,Success
PAY0000178,ORD000178,2024-10-29,UPI,2255.46,Success
PAY0000179,ORD000179,2024-06-22,Cash on Delivery,6522.28,Success
PAY0000180,ORD000180,2023-12-04,Wallet,9463.73,Refunded
PAY0000181,ORD000181,2023-02-27,Wallet,9552.76,Success
PAY0000182,ORD000182,2024-10-29,Cash on Delivery,4961.76,Success
PAY0000183,ORD000183,2023-09-30,Wallet,5296.2,Refunded
PAY0000184,ORD000184,2023-05-18,UPI,11699.550000000001,Success
PAY0000185,ORD000185,2024-05-04,Cash on Delivery,21860.9,Success
PAY0000186,ORD000186,2023-07-21,Cash on Delivery,31099.960000000003,Success
PAY0000187,ORD000187,2023-08-12,UPI,22101.38,Success
PAY0000188,ORD000188,2024-04-01,Credit Card,10677.36,Success
PAY0000189,ORD000189,2023-09-18,Wallet,18038.02,Success
PAY0000190,ORD000190,2024-05-10,Debit Card,1231.99,Success
PAY0000191,ORD000191,2023-12-16,Credit Card,14300.34,Success
PAY0000192,ORD000192,2024-05-16,Wallet,1516.26,Success
PAY0000193,ORD000193,2023-03-11,Cash on Delivery,18124.47,Success
PAY0000194,ORD000194,2024-10-15,Debit Card,2402.47,Success
PAY0000195,ORD000195,2023-08-08,Credit Card,10811.009999999998,Success
PAY0000196,ORD000196,2024-09-17,Credit Card,7162.6,Success
PAY0000197,ORD000197,2023-06-26,Cash on Delivery,1623.69,Success
PAY0000198,ORD000198,2024-11-02,Debit Card,46959.240000000005,Success
PAY0000199,ORD000199,2023-11-10,Debit Card,26250.890000000003,Success
PAY0000200,ORD000200,2025-04-07,Credit Card,12566.76,Failed
PAY0000201,ORD000201,2023-02-26,Wallet,2430.88,Success
PAY0000202,ORD000202,2023-01-20,Cash on Delivery,33734.2,Success
PAY0000203,ORD000203,2023-01-27,Cash on Delivery,30236.39,Success
PAY0000204,ORD000204,2023-08-09,Net Banking,48752.850000000006,Success
PAY0000205,ORD000205,2023-12-01,UPI,5799.72,Success
PAY0000206,ORD000206,2024-11-07,Cash on Delivery,10614.67,Success
PAY0000207,ORD000207,2023-03-02,UPI,18329.39,Success
PAY0000208,ORD000208,2024-04-28,Net Banking,25703.04,Success
PAY0000209,ORD000209,2024-08-28,Debit Card,12439.869999999999,Success
PAY0000210,ORD000210,2024-07-16,Credit Card,3870.28,Success
PAY0000211,ORD000211,2023-11-19,UPI,643.2,Success
PAY0000212,ORD000212,2023-11-25,UPI,11185.61,Success
PAY0000213,ORD000213,2023-09-19,Cash on Delivery,8107.58,Success
PAY0000214,ORD000214,2023-02-19,Wallet,16291.489999999998,Pending
PAY0000215,ORD000215,2023-02-04,Net Banking,50365.65,Success
PAY0000216,ORD000216,2024-08-12,Credit Card,17891.71,Success
PAY0000217,ORD000217,2024-06-30,Wallet,1127.73,Success
PAY0000218,ORD000218,2024-10-28,UPI,2526.32,Success
PAY0000219,ORD000219,2023-06-07,UPI,10565.279999999999,Refunded
PAY0000220,ORD000220,2025-03-20,Wallet,2750.94,Success
PAY0000221,ORD000221,2023-01-23,Cash on Delivery,12565.02,Success
PAY0000222,ORD000222,2024-11-21,Debit Card,16488.84,Success
PAY0000223,ORD000223,2023-12-30,Debit Card,-1225.4399999999987,Success
PAY0000224,ORD000224,2023-01-28,UPI,6737.44,Success
PAY0000225,ORD000225,2023-03-15,Wallet,12334.39,Success
PAY0000226,ORD000226,2024-03-10,Net Banking,21190.13,Success
PAY0000227,ORD000227,2024-03-29,Debit Card,5799.72,Success
PAY0000228,ORD000228,2023-02-23,Wallet,8940.39,Success
PAY0000229,ORD000229,2023-04-09,Debit Card,2533.01,Success
PAY0000230,ORD000230,2023-08-05,Debit Card,12230.920000000002,Success
PAY0000231,ORD000231,2023-07-18,Credit Card,3250.8,Success
PAY0000232,ORD000232,2024-04-12,Credit Card,12302.55,Refunded
PAY0000233,ORD000233,2023-12-31,Cash on Delivery,4835.06,Success
PAY0000234,ORD000234,2023-08-26,Net Banking,467.33,Success
PAY0000235,ORD000235,2024-10-24,Cash on Delivery,15146.09,Pending
PAY0000236,ORD000236,2024-06-17,Cash on Delivery,50150.36,Pending
PAY0000237,ORD000237,2024-11-08,Wallet,3966.56,Refunded
PAY0000238,ORD000238,2023-06-05,Debit Card,8628.18,Success
PAY0000239,ORD000239,2023-07-30,UPI,34428.99,Success
PAY0000240,ORD000240,2023-12-09,Debit Card,31349.059999999998,Success
PAY0000241,ORD000241,2024-01-22,UPI,22762.2,Success
PAY0000242,ORD000242,2023-08-18,Cash on Delivery,5006.3,Success
PAY0000243,ORD000243,2025-07-04,Wallet,6629.64,Success
PAY0000244,ORD000244,2023-09-24,Credit Card,15423.5,Success
PAY0000245,ORD000245,2024-05-04,Cash on Delivery,-7624.27,Success
PAY0000246,ORD000246,2023-08-22,Cash on Delivery,10440.92,Failed
PAY0000247,ORD000247,2023-04-18,Credit Card,7229.99,Success
PAY0000248,ORD000248,2024-11-18,UPI,19885.99,Success
PAY0000249,ORD000249,2024-03-09,Debit Card,36056.75,Success
PAY0000250,ORD000250,2024-10-11,Cash on Delivery,15555.61,Success
PAY0000251,ORD000251,2023-06-18,Credit Card,1406.92,Success
PAY0000252,ORD000252,2023-07-13,UPI,2892.4,Success
PAY0000253,ORD000253,2024-03-27,Cash on Delivery,6443.84,Success
PAY0000254,ORD000254,2023-09-21,Debit Card,10698.91,Success
PAY0000255,ORD000255,2024-06-17,Debit Card,28539.2,Success
PAY0000256,ORD000256,2023-05-12,Wallet,61953.409999999996,Success
PAY0000257,ORD000257,2023-05-11,UPI,199.39,Success
PAY0000258,ORD000258,2024-06-02,UPI,11651.599999999999,Success
PAY0000259,ORD000259,2023-01-19,Cash on Delivery,22490.96,Success
PAY0000260,ORD000260,2023-02-20,Credit Card,2813.48,Success
PAY0000261,ORD000261,2024-01-21,Debit Card,22762.2,Failed
PAY0000262,ORD000262,2023-06-08,Net Banking,3100.27,Success
PAY0000263,ORD000263,2023-11-01,UPI,6662.95,Success
PAY0000264,ORD000264,2023-01-04,Cash on Delivery,11675.260000000002,Success
PAY0000265,ORD000265,2024-09-01,Debit Card,1204.59,Success
PAY0000266,ORD000266,2023-09-08,Credit Card,5303.45,Success
PAY0000267,ORD000267,2023-03-17,Credit Card,23316.25,Success
PAY0000268,ORD000268,2024-11-19,Credit Card,7341.91,Success
PAY0000269,ORD000269,2024-10-16,Wallet,31645.34,Success
PAY0000270,ORD000270,2023-08-27,Credit Card,6629.64,Success
PAY0000271,ORD000271,2023-06-08,UPI,25248.76,Success
PAY0000272,ORD000272,2023-04-26,UPI,2667.6800000000003,Pending
PAY0000273,ORD000273,2023-10-28,Wallet,14053.119999999999,Pending
PAY0000274,ORD000274,2023-09-07,Debit Card,1984.38,Success
PAY0000275,ORD000275,2023-10-15,Wallet,9136.07,Success
PAY0000276,ORD000276,2024-01-02,Credit Card,23586.58,Success
PAY0000277,ORD000277,2024-08-29,Cash on Delivery,11917.880000000001,Success
PAY0000278,ORD000278,2024-01-23,Net Banking,1624.33,Success
PAY0000279,ORD000279,2024-08-27,Debit Card,52831.219999999994,Success
PAY0000280,ORD000280,2024-08-17,Cash on Delivery,5845.69,Success
PAY0000281,ORD000281,2024-10-27,Debit Card,1607.62,Success
PAY0000282,ORD000282,2024-10-07,UPI,14617.56,Success
PAY0000283,ORD000283,2024-10-09,Credit Card,20205.38,Success
PAY0000284,ORD000284,2023-09-20,Debit Card,1343.36,Success
PAY0000285,ORD000285,2023-11-30,Wallet,34417.73,Success
PAY0000286,ORD000286,2024-10-28,Net Banking,621.23,Success
PAY0000287,ORD000287,2023-12-08,Debit Card,17110.21,Refunded
PAY0000288,ORD000288,2023-04-05,UPI,16189.960000000001,Pending
PAY0000289,ORD000289,2023-07-29,Debit Card,31613.4,Success
PAY0000290,ORD000290,2023-06-24,Net Banking,16455.36,Success
PAY0000291,ORD000291,2023-11-03,Debit Card,2166.36,Success
PAY0000292,ORD000292,2023-04-09,UPI,2406.67,Success
PAY0000293,ORD000293,2023-12-18,Cash on Delivery,5075.87,Success
PAY0000294,ORD000294,2024-09-22,Wallet,1302.09,Success
PAY0000295,ORD000295,2024-07-18,Credit Card,20812.21,Success
PAY0000296,ORD000296,2023-08-22,Credit Card,25990.32,Success
PAY0000297,ORD000297,2024-05-09,Net Banking,44669.4,Success
PAY0000298,ORD000298,2023-07-11,Cash on Delivery,12184.399999999998,Success
PAY0000299,ORD000299,2023-09-28,Wallet,29235.12,Success
PAY0000300,ORD000300,2023-11-25,Debit Card,4510.78,Success
PAY0000301,ORD000301,2024-07-06,Debit Card,12049.19,Success
PAY0000302,ORD000302,2023-04-21,Wallet,1848.8100000000002,Success
PAY0000303,ORD000303,2023-08-19,Net Banking,21354.72,Success
PAY0000304,ORD000304,2024-08-28,Debit Card,15715.48,Success
PAY0000305,ORD000305,2024-10-28,Net Banking,35963.0,Success
PAY0000306,ORD000306,2023-03-11,Wallet,23395.04,Success
PAY0000307,ORD000307,2024-03-18,Debit Card,16225.96,Pending
PAY0000308,ORD000308,2024-11-22,Net Banking,2705.55,Success
PAY0000309,ORD000309,2024-11-29,Cash on Delivery,11065.61,Success
PAY0000310,ORD000310,2024-08-27,Wallet,8007.879999999999,Success
PAY0000311,ORD000311,2023-09-13,Net Banking,9881.64,Success
PAY0000312,ORD000312,2023-12-09,Debit Card,5799.44,Success
PAY0000313,ORD000313,2024-02-23,Debit Card,18500.67,Success
PAY0000314,ORD000314,2023-07-04,Credit Card,10649.19,Success
PAY0000315,ORD000315,2023-07-27,Debit Card,14350.759999999998,Success
PAY0000316,ORD000316,2024-06-23,Cash on Delivery,12433.19,Success
PAY0000317,ORD000317,2023-04-10,Wallet,57769.93,Success
PAY0000318,ORD000318,2023-11-13,UPI,10677.36,Success
PAY0000319,ORD000319,2024-05-27,Cash on Delivery,4804.96,Success
PAY0000320,ORD000320,2024-09-09,Wallet,477.27,Refunded
PAY0000321,ORD000321,2024-06-03,Cash on Delivery,5650.61,Success
PAY0000322,ORD000322,2023-11-18,Net Banking,10334.51,Success
PAY0000323,ORD000323,2023-04-13,Credit Card,12826.970000000001,Success
PAY0000324,ORD000324,2024-11-05,Wallet,22424.15,Success
PAY0000325,ORD000325,2023-09-13,Wallet,1942.09,Success
PAY0000326,ORD000326,2024-01-03,Net Banking,6825.24,Success
PAY0000327,ORD000327,2023-04-12,Credit Card,16335.41,Pending
PAY0000328,ORD000328,2024-08-14,UPI,22279.64,Success
PAY0000329,ORD000329,2023-05-22,Cash on Delivery,7557.629999999999,Success
PAY0000330,ORD000330,2023-03-27,UPI,13609.33,Success
PAY0000331,ORD000331,2023-11-12,Cash on Delivery,3864.48,Success
PAY0000332,ORD000332,2023-07-15,Cash on Delivery,33647.58,Success
PAY0000333,ORD000333,2023-06-28,Cash on Delivery,5515.62,Success
PAY0000334,ORD000334,2024-02-02,Debit Card,11430.810000000001,Success
PAY0000335,ORD000335,2024-06-05,UPI,18597.28,Success
PAY0000336,ORD000336,2023-04-15,Credit Card,14944.759999999998,Success
PAY0000337,ORD000337,2024-05-25,Net Banking,17249.190000000002,Success
PAY0000338,ORD000338,2023-05-02,Debit Card,2154.14,Success
PAY0000339,ORD000339,2023-07-04,Cash on Delivery,1463.65,Refunded
PAY0000340,ORD000340,2023-09-12,UPI,20615.21,Success
PAY0000341,ORD000341,2023-07-31,Debit Card,9953.38,Success
PAY0000342,ORD000342,2023-10-13,Cash on Delivery,17631.510000000002,Success
PAY0000343,ORD000343,2023-02-14,Net Banking,5492.71,Success
PAY0000344,ORD000344,2023-04-30,Cash on Delivery,7006.610000000001,Failed
PAY0000345,ORD000345,2024-11-29,UPI,8569.52,Success
PAY0000346,ORD000346,2023-04-24,UPI,6818.39,Success
PAY0000347,ORD000347,2023-07-25,UPI,11301.92,Pending
PAY0000348,ORD000348,2023-02-10,Cash on Delivery,8194.76,Success
PAY0000349,ORD000349,2024-09-22,UPI,6546.09,Success
PAY0000350,ORD000350,2023-07-16,Credit Card,9655.16,Success
PAY0000351,ORD000351,2023-12-17,UPI,18087.25,Success
PAY0000352,ORD000352,2024-02-06,Cash on Delivery,15260.83,Success
PAY0000353,ORD000353,2023-12-11,Credit Card,5580.44,Success
PAY0000354,ORD000354,2024-06-25,UPI,20038.53,Pending
PAY0000355,ORD000355,2023-03-10,Credit Card,21298.38,Success
PAY0000356,ORD000356,2024-01-17,Credit Card,2608.67,Success
PAY0000357,ORD000357,2024-07-31,UPI,-14627.28,Success
PAY0000358,ORD000358,2024-08-03,Cash on Delivery,7738.0,Success
PAY0000359,ORD000359,2024-10-25,Cash on Delivery,13813.88,Success
PAY0000360,ORD000360,2024-12-03,Debit Card,10568.5,Success
PAY0000361,ORD000361,2024-04-11,Credit Card,5117.6,Success
PAY0000362,ORD000362,2023-09-24,Credit Card,21899.5,Success
PAY0000363,ORD000363,2023-02-13,Debit Card,11230.08,Success
PAY0000364,ORD000364,2024-10-05,UPI,3250.8,Pending
PAY0000365,ORD000365,2024-03-31,UPI,9071.35,Success
PAY0000366,ORD000366,2024-06-27,Cash on Delivery,14221.2,Success
PAY0000367,ORD000367,2024-01-08,Net Banking,22336.469999999998,Success
PAY0000368,ORD000368,2024-02-10,Wallet,11120.04,Success
PAY0000369,ORD000369,2024-02-28,Wallet,1981.58,Pending
PAY0000370,ORD000370,2024-06-15,Cash on Delivery,687.54,Pending
PAY0000371,ORD000371,2024-11-14,Wallet,14762.189999999999,Success
PAY0000372,ORD000372,2024-08-13,Cash on Delivery,22608.72,Success
PAY0000373,ORD000373,2024-05-14,Debit Card,45960.05,Success
PAY0000374,ORD000374,2024-11-26,Net Banking,2980.13,Success
PAY0000375,ORD000375,2023-12-06,Wallet,6306.57,Success
PAY0000376,ORD000376,2023-11-11,Net Banking,42405.99,Success
PAY0000377,ORD000377,2024-05-04,UPI,15233.16,Success
PAY0000378,ORD000378,2023-06-20,Debit Card,14878.39,Success
PAY0000379,ORD000379,2024-10-05,Credit Card,2974.9400000000005,Success
PAY0000380,ORD000380,2024-04-01,Wallet,3119.49,Success
PAY0000381,ORD000381,2023-01-24,UPI,2086.2,Success
PAY0000382,ORD000382,2024-05-20,Credit Card,5446.6,Success
PAY0000383,ORD000383,2023-03-15,Net Banking,5202.1,Success
PAY0000384,ORD000384,2024-11-15,Credit Card,10684.48,Success
PAY0000385,ORD000385,2023-01-19,Wallet,41749.95999999999,Failed
PAY0000386,ORD000386,2024-06-11,Debit Card,3851.8900000000003,Success
PAY0000387,ORD000387,2023-02-25,UPI,9477.78,Success
PAY0000388,ORD000388,2023-02-11,Credit Card,19473.33,Refunded
PAY0000389,ORD000389,2023-01-14,Debit Card,6718.91,Success
PAY0000390,ORD000390,2024-01-25,UPI,5845.69,Success
PAY0000391,ORD000391,2024-06-11,UPI,20179.05,Failed
PAY0000392,ORD000392,2024-07-22,UPI,18785.77,Success
PAY0000393,ORD000393,2024-11-16,Net Banking,25856.79,Success
PAY0000394,ORD000394,2023-09-07,Wallet,26881.01,Success
PAY0000395,ORD000395,2023-03-22,Debit Card,3616.25,Success
PAY0000396,ORD000396,2023-06-09,Credit Card,19538.58,Success
PAY0000397,ORD000397,2023-05-06,Wallet,5435.74,Success
PAY0000398,ORD000398,2023-04-05,Cash on Delivery,10870.26,Success
PAY0000399,ORD000399,2024-02-01,Net Banking,14885.27,Success
PAY0000400,ORD000400,2023-07-13,Wallet,10649.19,Success
PAY0000401,ORD000401,2023-07-10,Cash on Delivery,21835.56,Success
PAY0000402,ORD000402,2024-08-14,Cash on Delivery,558.88,Success
PAY0000403,ORD000403,2023-11-29,Wallet,72151.11,Success
PAY0000404,ORD000404,2024-03-01,Credit Card,53226.5,Success
PAY0000405,ORD000405,2024-06-27,Wallet,13820.07,Failed
PAY0000406,ORD000406,2023-12-20,Debit Card,849.9000000000005,Refunded
PAY0000407,ORD000407,2023-01-15,Cash on Delivery,16480.5,Refunded
PAY0000408,ORD000408,2024-08-06,Cash on Delivery,32595.71,Success
PAY0000409,ORD000409,2023-11-05,Cash on Delivery,7427.34,Success
PAY0000410,ORD000410,2023-02-15,Cash on Delivery,8997.419999999998,Pending
PAY0000411,ORD000411,2024-04-20,Wallet,27989.1,Success
PAY0000412,ORD000412,2023-01-27,Credit Card,534.87,Success
PAY0000413,ORD000413,2024-02-17,Wallet,7407.37,Success
PAY0000414,ORD000414,2023-07-10,Wallet,5845.69,Pending
PAY0000415,ORD000415,2023-07-25,Debit Card,38484.31,Success
PAY0000416,ORD000416,2023-10-13,Debit Card,13094.92,Success
PAY0000417,ORD000417,2024-05-16,Debit Card,6276.21,Success
PAY0000418,ORD000418,2024-09-17,Credit Card,8785.57,Pending
PAY0000419,ORD000419,2023-01-15,Debit Card,5356.4,Failed
PAY0000420,ORD000420,2024-03-18,Cash on Delivery,25074.920000000002,Success
PAY0000421,ORD000421,2023-05-12,Cash on Delivery,5202.66,Success
PAY0000422,ORD000422,2023-09-12,Wallet,534.87,Failed
PAY0000423,ORD000423,2023-10-17,Cash on Delivery,4501.1,Success
PAY0000424,ORD000424,2023-11-26,UPI,21845.96,Success
PAY0000425,ORD000425,2023-09-16,Wallet,29623.22,Success
PAY0000426,ORD000426,2024-01-30,Cash on Delivery,2478.95,Success
PAY0000427,ORD000427,2023-10-02,Debit Card,15580.91,Success
PAY0000428,ORD000428,2024-01-11,UPI,7561.12,Success
PAY0000429,ORD000429,2024-09-30,Net Banking,8094.11,Success
PAY0000430,ORD000430,2024-09-12,Debit Card,198.83,Success
PAY0000431,ORD000431,2024-09-11,Cash on Delivery,13039.33,Success
PAY0000432,ORD000432,2023-10-18,Credit Card,4160.88,Success
PAY0000433,ORD000433,2023-11-03,UPI,14846.19,Success
PAY0000434,ORD000434,2024-04-05,Net Banking,14326.28,Success
PAY0000435,ORD000435,2023-10-10,Wallet,22995.96,Refunded
PAY0000436,ORD000436,2023-05-12,Debit Card,12673.67,Refunded
PAY0000437,ORD000437,2023-11-19,Net Banking,2086.2,Success
PAY0000438,ORD000438,2023-07-05,Cash on Delivery,19356.0,Success
PAY0000439,ORD000439,2024-08-07,Credit Card,6478.9,Success
PAY0000440,ORD000440,2023-03-12,UPI,6756.43,Success
PAY0000441,ORD000441,2024-01-07,Net Banking,7182.12,Success
PAY0000442,ORD000442,2024-02-18,Credit Card,871.8,Success
PAY0000443,ORD000443,2024-07-18,UPI,3883.8,Success
PAY0000444,ORD000444,2023-08-22,Net Banking,8123.36,Success
PAY0000445,ORD000445,2024-05-07,Credit Card,4559.98,Success
PAY0000446,ORD000446,2024-05-28,Wallet,7374.91,Success
PAY0000447,ORD000447,2023-10-24,Net Banking,38054.48,Pending
PAY0000448,ORD000448,2023-07-25,UPI,21689.97,Success
PAY0000449,ORD000449,2024-08-19,Credit Card,12133.779999999999,Success
PAY0000450,ORD000450,2023-01-10,Credit Card,20365.27,Success
PAY0000451,ORD000451,2023-07-28,Net Banking,4912.14,Success
PAY0000452,ORD000452,2023-05-03,Net Banking,9420.21,Success
PAY0000453,ORD000453,2024-02-20,Credit Card,15469.86,Success
PAY0000454,ORD000454,2023-07-26,Debit Card,6760.96,Refunded
PAY0000455,ORD000455,2024-08-30,Debit Card,22603.05,Success
PAY0000456,ORD000456,2023-09-17,Credit Card,4270.5,Success
PAY0000457,ORD000457,2023-08-02,Wallet,1075.34,Success
PAY0000458,ORD000458,2024-05-19,Net Banking,2653.58,Success
PAY0000459,ORD000459,2024-09-25,Wallet,1343.36,Success
PAY0000460,ORD000460,2023-01-01,UPI,17021.67,Success
PAY0000461,ORD000461,2024-01-13,Credit Card,27186.49,Success
PAY0000462,ORD000462,2024-03-04,Wallet,23558.94,Success
PAY0000463,ORD000463,2023-09-28,Wallet,4481.31,Failed
PAY0000464,ORD000464,2024-05-04,Net Banking,18842.940000000002,Success
PAY0000465,ORD000465,2024-07-27,Wallet,9119.96,Success
PAY0000466,ORD000466,2023-08-12,Debit Card,836.93,Pending
PAY0000467,ORD000467,2024-02-29,Credit Card,6055.62,Success
PAY0000468,ORD000468,2023-10-18,Wallet,24863.64,Success
PAY0000469,ORD000469,2023-08-29,Wallet,4279.09,Pending
PAY0000470,ORD000470,2024-07-29,Cash on Delivery,42988.58,Success
PAY0000471,ORD000471,2024-01-09,Net Banking,30340.15,Success
PAY0000472,ORD000472,2024-07-18,Credit Card,36280.96,Refunded
PAY0000473,ORD000473,2024-02-19,UPI,4706.05,Success
PAY0000474,ORD000474,2024-11-24,Credit Card,18175.81,Success
PAY0000475,ORD000475,2023-12-07,UPI,38573.47,Success
PAY0000476,ORD000476,2023-02-13,UPI,220.7,Success
PAY0000477,ORD000477,2024-10-09,Debit Card,35215.94,Success
PAY0000478,ORD000478,2024-02-12,Net Banking,16567.030000000002,Success
PAY0000479,ORD000479,2024-08-14,Net Banking,17828.82,Success
PAY0000480,ORD000480,2024-12-01,Wallet,5863.4,Refunded
PAY0000481,ORD000481,2024-07-17,Debit Card,4819.23,Success
PAY0000482,ORD000482,2023-04-22,Net Banking,9327.64,Success
PAY0000483,ORD000483,2024-06-02,Credit Card,20732.82,Success
PAY0000484,ORD000484,2024-02-22,Wallet,-10724.21,Success
PAY0000485,ORD000485,2023-01-17,Wallet,4872.99,Failed
PAY0000486,ORD000486,2023-03-12,Wallet,36873.090000000004,Success
PAY0000487,ORD000487,2023-01-13,Cash on Delivery,17925.24,Pending
PAY0000488,ORD000488,2024-09-26,Credit Card,24949.33,Success
PAY0000489,ORD000489,2024-05-28,UPI,30445.02,Success
PAY0000490,ORD000490,2024-07-06,Net Banking,9199.85,Success
PAY0000491,ORD000491,2023-01-31,Debit Card,5760.76,Pending
PAY0000492,ORD000492,2023-03-26,Wallet,20914.72,Success
PAY0000493,ORD000493,2023-02-07,Wallet,4546.57,Failed
PAY0000494,ORD000494,2024-02-28,Cash on Delivery,15450.439999999999,Success
PAY0000495,ORD000495,2024-06-04,Debit Card,55633.26,Success
PAY0000496,ORD000496,2024-07-05,UPI,15515.08,Success
PAY0000497,ORD000497,2024-04-07,Cash on Delivery,57235.9,Success
PAY0000498,ORD000498,2023-03-23,Wallet,5850.05,Success
PAY0000499,ORD000499,2024-01-22,UPI,24062.09,Failed
PAY0000500,ORD000500,2023-08-23,Debit Card,27636.11,Success
PAY0000501,ORD000501,2024-09-14,Net Banking,36307.19,Success
PAY0000502,ORD000502,2024-06-21,Cash on Delivery,1606.65,Failed
PAY0000503,ORD000503,2024-03-22,Net Banking,14079.390000000001,Refunded
PAY0000504,ORD000504,2024-05-03,Credit Card,15964.56,Failed
PAY0000505,ORD000505,2024-08-09,Net Banking,2522.54,Success
PAY0000506,ORD000506,2023-03-11,UPI,759.06,Success
PAY0000507,ORD000507,2023-05-31,Net Banking,996.38,Success
PAY0000508,ORD000508,2023-01-14,Net Banking,1277.73,Success
PAY0000509,ORD000509,2023-11-26,Credit Card,17234.76,Success
PAY0000510,ORD000510,2024-05-05,Wallet,344.65,Success
PAY0000511,ORD000511,2023-05-30,Debit Card,1498.15,Success
PAY0000512,ORD000512,2024-06-10,Net Banking,23051.42,Success
PAY0000513,ORD000513,2023-08-20,Net Banking,9569.65,Success
PAY0000514,ORD000514,2023-01-29,Net Banking,7383.63,Success
PAY0000515,ORD000515,2024-05-05,Wallet,44546.45,Success
PAY0000516,ORD000516,2023-09-05,UPI,2275.49,Success
PAY0000517,ORD000517,2023-03-12,Cash on Delivery,8354.87,Success
PAY0000518,ORD000518,2023-10-13,Credit Card,29485.620000000003,Success
PAY0000519,ORD000519,2023-12-01,Credit Card,8007.18,Refunded
PAY0000520,ORD000520,2024-07-30,Credit Card,3528.69,Success
PAY0000521,ORD000521,2024-05-19,Credit Card,29421.76,Success
PAY0000522,ORD000522,2023-10-05,Wallet,29909.510000000002,Success
PAY0000523,ORD000523,2023-09-05,Cash on Delivery,5041.47,Refunded
PAY0000524,ORD000524,2024-11-24,UPI,14814.74,Pending
PAY0000525,ORD000525,2023-05-24,Cash on Delivery,3884.18,Success
PAY0000526,ORD000526,2023-11-28,Wallet,9128.23,Success
PAY0000527,ORD000527,2024-10-17,UPI,1057.9,Success
PAY0000528,ORD000528,2024-01-21,Net Banking,23522.210000000003,Success
PAY0000529,ORD000529,2023-12-18,Credit Card,534.87,Failed
PAY0000530,ORD000530,2024-02-09,UPI,31030.78,Success
PAY0000531,ORD000531,2024-08-21,Debit Card,45289.479999999996,Success
PAY0000532,ORD000532,2024-10-05,Cash on Delivery,15113.2,Refunded
PAY0000533,ORD000533,2023-07-07,Net Banking,35338.09,Success
PAY0000534,ORD000534,2023-04-24,Cash on Delivery,28160.15,Success
PAY0000535,ORD000535,2023-07-29,Wallet,6826.85,Success
PAY0000536,ORD000536,2023-10-19,Cash on Delivery,4804.94,Success
PAY0000537,ORD000537,2024-07-19,Cash on Delivery,26135.86,Success
PAY0000538,ORD000538,2023-06-25,UPI,12672.76,Success
PAY0000539,ORD000539,2024-08-07,UPI,19930.75,Success
PAY0000540,ORD000540,2023-09-10,Net Banking,9981.94,Success
PAY0000541,ORD000541,2023-08-17,Debit Card,2984.72,Success
PAY0000542,ORD000542,2024-09-06,UPI,15717.1,Success
PAY0000543,ORD000543,2024-03-31,Wallet,-3210.3199999999997,Success
PAY0000544,ORD000544,2023-01-27,Debit Card,2576.9,Success
PAY0000545,ORD000545,2023-12-17,Cash on Delivery,12465.06,Success
PAY0000546,ORD000546,2023-07-31,Credit Card,517.65,Success
PAY0000547,ORD000547,2023-06-24,Debit Card,3802.74,Success
PAY0000548,ORD000548,2023-10-25,Cash on Delivery,12230.920000000002,Success
PAY0000549,ORD000549,2023-09-07,Credit Card,5512.17,Success
PAY0000550,ORD000550,2024-01-29,Wallet,14907.289999999999,Success
PAY0000551,ORD000551,2023-09-21,UPI,33113.33,Pending
PAY0000552,ORD000552,2024-08-22,Debit Card,-3656.63,Refunded
PAY0000553,ORD000553,2023-02-19,Debit Card,1477.83,Success
PAY0000554,ORD000554,2023-02-23,Credit Card,513.14,Success
PAY0000555,ORD000555,2024-03-22,Cash on Delivery,-11052.54,Pending
PAY0000556,ORD000556,2023-04-06,Cash on Delivery,21306.6,Pending
PAY0000557,ORD000557,2024-03-12,Debit Card,10535.990000000002,Success
PAY0000558,ORD000558,2023-04-17,Cash on Delivery,11557.810000000001,Success
PAY0000559,ORD000559,2023-06-07,Debit Card,13235.579999999998,Success
PAY0000560,ORD000560,2024-06-11,Wallet,13642.34,Success
PAY0000561,ORD000561,2024-04-25,Net Banking,25074.41,Success
PAY0000562,ORD000562,2024-04-19,Net Banking,16107.19,Success
PAY0000563,ORD000563,2023-02-14,Wallet,4012.22,Success
PAY0000564,ORD000564,2024-11-25,Wallet,5147.24,Success
PAY0000565,ORD000565,2024-10-26,Cash on Delivery,55120.05,Failed
PAY0000566,ORD000566,2023-09-18,Debit Card,23310.239999999998,Success
PAY0000567,ORD000567,2023-03-17,Net Banking,25008.219999999998,Success
PAY0000568,ORD000568,2024-01-20,Debit Card,3835.95,Success
PAY0000569,ORD000569,2024-03-21,Wallet,20115.969999999998,Success
PAY0000570,ORD000570,2024-10-27,Cash on Delivery,29649.440000000002,Success
PAY0000571,ORD000571,2023-09-19,Cash on Delivery,3323.73,Success
PAY0000572,ORD000572,2023-05-14,UPI,8706.18,Failed
PAY0000573,ORD000573,2023-10-30,UPI,12347.830000000002,Success
PAY0000574,ORD000574,2023-03-23,UPI,25815.07,Success
PAY0000575,ORD000575,2023-03-11,Wallet,1885.16,Pending
PAY0000576,ORD000576,2024-08-01,Net Banking,8166.71,Success
PAY0000577,ORD000577,2024-04-05,Debit Card,6774.01,Success
PAY0000578,ORD000578,2024-01-14,Net Banking,5986.15,Pending
PAY0000579,ORD000579,2023-02-08,Net Banking,17423.96,Success
PAY0000580,ORD000580,2024-01-25,UPI,29697.27,Success
PAY0000581,ORD000581,2023-04-08,Cash on Delivery,9220.88,Success
PAY0000582,ORD000582,2023-05-18,UPI,10196.36,Success
PAY0000583,ORD000583,2025-03-16,Credit Card,8019.76,Success
PAY0000584,ORD000584,2023-02-08,Net Banking,2658.71,Failed
PAY0000585,ORD000585,2023-04-30,Cash on Delivery,1689.78,Success
PAY0000586,ORD000586,2023-09-24,Cash on Delivery,10930.45,Success
PAY0000587,ORD000587,2024-06-25,Wallet,3132.12,Success
PAY0000588,ORD000588,2023-08-20,Credit Card,10649.19,Success
PAY0000589,ORD000589,2024-05-28,UPI,10989.43,Success
PAY0000590,ORD000590,2023-04-21,Credit Card,30316.870000000003,Success
PAY0000591,ORD000591,2023-06-09,Credit Card,4191.93,Success
PAY0000592,ORD000592,2024-03-06,Cash on Delivery,29766.26,Success
PAY0000593,ORD000593,2023-11-21,Wallet,3631.49,Success
PAY0000594,ORD000594,2023-12-11,UPI,4682.59,Success
PAY0000595,ORD000595,2024-08-27,Credit Card,8093.62,Success
PAY0000596,ORD000596,2023-12-12,Wallet,9286.23,Success
PAY0000597,ORD000597,2023-03-29,Credit Card,3870.28,Success
PAY0000598,ORD000598,2023-02-23,UPI,24750.46,Success
PAY0000599,ORD000599,2024-11-28,Cash on Delivery,22931.199999999997,Success
PAY0000600,ORD000600,2023-12-05,Cash on Delivery,6953.87,Success
PAY0000601,ORD000601,2023-07-17,Net Banking,17403.82,Pending
PAY0000602,ORD000602,2024-09-24,Net Banking,13986.11,Success
PAY0000603,ORD000603,2024-09-15,Cash on Delivery,6555.07,Success
PAY0000604,ORD000604,2023-08-18,Wallet,22335.18,Success
PAY0000605,ORD000605,2024-04-08,Net Banking,6038.15,Success
PAY0000606,ORD000606,2023-09-01,Cash on Delivery,41189.159999999996,Success
PAY0000607,ORD000607,2023-02-08,Cash on Delivery,24904.43,Failed
PAY0000608,ORD000608,2023-06-05,Cash on Delivery,6410.08,Success
PAY0000609,ORD000609,2024-05-10,Net Banking,51044.93,Success
PAY0000610,ORD000610,2024-08-25,Credit Card,4508.36,Success
PAY0000611,ORD000611,2023-07-17,Wallet,10127.91,Success
PAY0000612,ORD000612,2024-04-20,UPI,9420.21,Success
PAY0000613,ORD000613,2024-03-08,Wallet,15641.400000000001,Success
PAY0000614,ORD000614,2023-06-20,Wallet,35506.58,Success
PAY0000615,ORD000615,2023-02-13,Cash on Delivery,9236.49,Success
PAY0000616,ORD000616,2023-07-07,Net Banking,3992.96,Success
PAY0000617,ORD000617,2024-01-17,Cash on Delivery,38879.26,Success
PAY0000618,ORD000618,2024-11-30,Credit Card,15264.460000000001,Success
PAY0000619,ORD000619,2024-09-18,Wallet,14944.84,Success
PAY0000620,ORD000620,2024-07-14,Credit Card,2006.36,Success
PAY0000621,ORD000621,2024-02-25,Wallet,8758.13,Success
PAY0000622,ORD000622,2024-08-11,Net Banking,8273.55,Pending
PAY0000623,ORD000623,2024-08-23,Cash on Delivery,6069.51,Success
PAY0000624,ORD000624,2023-08-17,Wallet,5338.87,Success
PAY0000625,ORD000625,2023-10-09,Cash on Delivery,782.7200000000003,Failed
PAY0000626,ORD000626,2024-09-08,Wallet,1127.73,Success
PAY0000627,ORD000627,2023-10-24,UPI,18663.57,Success
PAY0000628,ORD000628,2024-07-14,Cash on Delivery,8063.219999999999,Success
PAY0000629,ORD000629,2024-05-06,Net Banking,871.8,Success
PAY0000630,ORD000630,2024-11-19,Cash on Delivery,1816.09,Success
PAY0000631,ORD000631,2023-04-11,Debit Card,5846.12,Success
PAY0000632,ORD000632,2023-03-20,UPI,3144.6,Pending
PAY0000633,ORD000633,2023-07-03,UPI,14694.85,Success
PAY0000634,ORD000634,2024-04-21,UPI,3488.8,Success
PAY0000635,ORD000635,2023-04-06,Debit Card,6194.42,Success
PAY0000636,ORD000636,2024-09-30,Wallet,2678.2,Refunded
PAY0000637,ORD000637,2024-07-03,UPI,30021.11,Success
PAY0000638,ORD000638,2024-03-18,UPI,13132.59,Refunded
PAY0000639,ORD000639,2024-10-17,Net Banking,11212.19,Success
PAY0000640,ORD000640,2024-11-05,Net Banking,4965.08,Success
PAY0000641,ORD000641,2024-07-23,Debit Card,11845.23,Success
PAY0000642,ORD000642,2024-11-14,UPI,2405.1099999999997,Success
PAY0000643,ORD000643,2024-04-19,Net Banking,29099.06,Success
PAY0000644,ORD000644,2024-09-01,Wallet,3250.8,Failed
PAY0000645,ORD000645,2024-10-02,UPI,4758.0599999999995,Success
PAY0000646,ORD000646,2024-03-12,Wallet,8484.58,Success
PAY0000647,ORD000647,2023-09-24,UPI,3755.01,Success
PAY0000648,ORD000648,2024-06-29,Wallet,33803.24,Failed
PAY0000649,ORD000649,2023-10-22,Net Banking,1818.39,Success
PAY0000650,ORD000650,2023-04-14,Credit Card,1381.96,Success
PAY0000651,ORD000651,2023-07-10,Net Banking,14458.09,Success
PAY0000652,ORD000652,2024-07-18,UPI,3002.04,Success
PAY0000653,ORD000653,2024-07-14,Debit Card,8857.24,Success
PAY0000654,ORD000654,2023-11-17,UPI,7872.57,Success
PAY0000655,ORD000655,2023-03-14,Credit Card,41786.39,Success
PAY0000656,ORD000656,2024-01-08,Cash on Delivery,4393.56,Refunded
PAY0000657,ORD000657,2023-03-27,Credit Card,862.91,Success
PAY0000658,ORD000658,2024-04-27,Wallet,21620.289999999997,Success
PAY0000659,ORD000659,2024-11-30,Debit Card,11822.25,Success
PAY0000660,ORD000660,2024-07-17,UPI,37821.21,Success
PAY0000661,ORD000661,2023-10-30,Debit Card,18174.01,Success
PAY0000662,ORD000662,2023-10-06,Cash on Delivery,20897.16,Success
PAY0000663,ORD000663,2024-05-26,Wallet,23561.02,Success
PAY0000664,ORD000664,2024-08-15,Debit Card,7643.51,Success
PAY0000665,ORD000665,2023-08-27,Cash on Delivery,1092.36,Failed
PAY0000666,ORD000666,2023-10-11,Net Banking,46712.91,Success
PAY0000667,ORD000667,2024-03-01,Cash on Delivery,15683.43,Success
PAY0000668,ORD000668,2024-01-16,Debit Card,18720.41,Success
PAY0000669,ORD000669,2024-10-15,Debit Card,39062.579999999994,Success
PAY0000670,ORD000670,2025-05-18,Cash on Delivery,7444.76,Success
PAY0000671,ORD000671,2023-03-04,Net Banking,10677.6,Success
PAY0000672,ORD000672,2023-10-24,Wallet,15564.96,Success
PAY0000673,ORD000673,2023-03-11,Net Banking,31096.84,Success
PAY0000674,ORD000674,2024-05-06,Wallet,7917.5,Success
PAY0000675,ORD000675,2023-01-18,Net Banking,22650.9,Pending
PAY0000676,ORD000676,2024-06-07,Cash on Delivery,20904.75,Pending
PAY0000677,ORD000677,2023-10-08,UPI,21654.519999999997,Success
PAY0000678,ORD000678,2023-04-21,Wallet,21947.69,Refunded
PAY0000679,ORD000679,2024-09-20,UPI,21980.08,Success
PAY0000680,ORD000680,2023-06-02,Net Banking,30540.02,Success
PAY0000681,ORD000681,2023-12-19,Debit Card,32690.64,Success
PAY0000682,ORD000682,2023-09-17,UPI,10719.029999999999,Success
PAY0000683,ORD000683,2024-08-02,Credit Card,8410.960000000001,Success
PAY0000684,ORD000684,2023-11-29,Wallet,1030.43,Success
PAY0000685,ORD000685,2024-03-20,Credit Card,4267.61,Success
PAY0000686,ORD000686,2023-08-27,Cash on Delivery,34806.08,Success
PAY0000687,ORD000687,2023-04-19,Cash on Delivery,2096.1,Success
PAY0000688,ORD000688,2024-01-18,UPI,10128.22,Success
PAY0000689,ORD000689,2024-04-07,Wallet,24674.39,Success
PAY0000690,ORD000690,2024-09-06,Credit Card,11847.970000000001,Pending
PAY0000691,ORD000691,2024-05-18,Cash on Delivery,4151.12,Refunded
PAY0000692,ORD000692,2023-08-26,Debit Card,3599.44,Success
PAY0000693,ORD000693,2024-04-10,Cash on Delivery,14500.430000000002,Success
PAY0000694,ORD000694,2024-11-17,Credit Card,38777.38,Refunded
PAY0000695,ORD000695,2023-07-20,Debit Card,4883.150000000001,Success
PAY0000696,ORD000696,2023-08-23,Credit Card,6509.4,Success
PAY0000697,ORD000697,2024-10-07,Wallet,7245.36,Success
PAY0000698,ORD000698,2024-04-30,Credit Card,14602.02,Success
PAY0000699,ORD000699,2023-04-22,Net Banking,5563.47,Success
PAY0000700,ORD000700,2023-06-23,Cash on Delivery,26198.68,Failed
PAY0000701,ORD000701,2024-08-22,UPI,7313.64,Success
PAY0000702,ORD000702,2024-04-06,Wallet,-7967.66,Success
PAY0000703,ORD000703,2023-08-10,Cash on Delivery,3147.95,Success
PAY0000704,ORD000704,2023-04-05,Net Banking,14313.16,Success
PAY0000705,ORD000705,2024-07-03,Wallet,9440.86,Success
PAY0000706,ORD000706,2023-02-26,Net Banking,1544.01,Success
PAY0000707,ORD000707,2024-06-07,Net Banking,14439.32,Success
PAY0000708,ORD000708,2023-12-16,Debit Card,41458.229999999996,Success
PAY0000709,ORD000709,2023-02-18,Wallet,6730.6,Success
PAY0000710,ORD000710,2024-10-15,Debit Card,27359.899999999998,Success
PAY0000711,ORD000711,2023-03-24,Credit Card,20819.68,Success
PAY0000712,ORD000712,2023-02-01,Credit Card,18644.64,Success
PAY0000713,ORD000713,2023-03-27,Cash on Delivery,3555.3,Success
PAY0000714,ORD000714,2024-05-07,Cash on Delivery,4986.879999999999,Success
PAY0000715,ORD000715,2023-01-30,Wallet,47288.14,Failed
PAY0000716,ORD000716,2024-10-24,UPI,8138.6,Success
PAY0000717,ORD000717,2024-11-17,Debit Card,7195.4800000000005,Success
PAY0000718,ORD000718,2023-06-07,Wallet,3761.62,Success
PAY0000719,ORD000719,2024-06-05,Cash on Delivery,16958.71,Success
PAY0000720,ORD000720,2023-09-11,Cash on Delivery,10482.76,Success
PAY0000721,ORD000721,2024-06-28,Cash on Delivery,21106.18,Success
PAY0000722,ORD000722,2024-06-10,Debit Card,3900.71,Refunded
PAY0000723,ORD000723,2024-08-14,Net Banking,5480.59,Pending
PAY0000724,ORD000724,2023-08-02,Net Banking,871.8,Success
PAY0000725,ORD000725,2023-01-19,Cash on Delivery,14260.670000000002,Success
PAY0000726,ORD000726,2023-10-03,Wallet,14989.52,Success
PAY0000727,ORD000727,2024-07-24,Cash on Delivery,46479.55,Success
PAY0000728,ORD000728,2024-07-16,UPI,18052.93,Success
PAY0000729,ORD000729,2024-06-25,Credit Card,8189.45,Success
PAY0000730,ORD000730,2024-02-16,Wallet,25914.409999999996,Success
PAY0000731,ORD000731,2024-02-22,Wallet,88230.94,Success
PAY0000732,ORD000732,2024-06-28,UPI,19059.23,Success
PAY0000733,ORD000733,2024-02-05,Credit Card,38048.01,Success
PAY0000734,ORD000734,2023-07-11,Cash on Delivery,14546.779999999999,Success
PAY0000735,ORD000735,2023-10-30,Wallet,1153.83,Failed
PAY0000736,ORD000736,2023-10-26,Wallet,5230.1,Success
PAY0000737,ORD000737,2023-08-20,Credit Card,3835.95,Success
PAY0000738,ORD000738,2023-10-10,Net Banking,11061.39,Failed
PAY0000739,ORD000739,2023-02-11,UPI,13298.43,Success
PAY0000740,ORD000740,2023-08-04,Wallet,7163.14,Success
PAY0000741,ORD000741,2024-02-09,UPI,33186.89,Success
PAY0000742,ORD000742,2024-04-12,Cash on Delivery,19790.65,Pending
PAY0000743,ORD000743,2023-09-05,Credit Card,21128.17,Success
PAY0000744,ORD000744,2024-10-23,UPI,18748.58,Pending
PAY0000745,ORD000745,2023-03-30,Wallet,4189.099999999999,Success
PAY0000746,ORD000746,2023-04-11,UPI,26394.730000000003,Success
PAY0000747,ORD000747,2023-01-12,Net Banking,3730.85,Pending
PAY0000748,ORD000748,2023-04-20,Cash on Delivery,6804.24,Success
PAY0000749,ORD000749,2023-09-08,Wallet,10077.87,Failed
PAY0000750,ORD000750,2024-09-03,Net Banking,7563.389999999999,Success
PAY0000751,ORD000751,2024-09-17,Net Banking,11601.18,Success
PAY0000752,ORD000752,2023-05-08,Wallet,879.16,Success
PAY0000753,ORD000753,2023-08-22,Debit Card,8920.33,Success
PAY0000754,ORD000754,2024-02-24,Cash on Delivery,7172.38,Success
PAY0000755,ORD000755,2024-06-03,Net Banking,19889.84,Pending
PAY0000756,ORD000756,2023-04-07,Wallet,18847.11,Success
PAY0000757,ORD000757,2024-02-23,Debit Card,41179.12,Success
PAY0000758,ORD000758,2023-09-04,Credit Card,15447.55,Success
PAY0000759,ORD000759,2023-05-01,UPI,1010.4,Success
PAY0000760,ORD000760,2023-02-27,Cash on Delivery,19480.449999999997,Success
PAY0000761,ORD000761,2024-01-31,UPI,7030.69,Success
PAY0000762,ORD000762,2023-08-12,Cash on Delivery,11300.93,Success
PAY0000763,ORD000763,2024-08-09,Credit Card,6283.38,Refunded
PAY0000764,ORD000764,2024-09-30,Cash on Delivery,13094.92,Success
PAY0000765,ORD000765,2023-09-08,UPI,11382.169999999998,Success
PAY0000766,ORD000766,2023-12-17,UPI,26579.019999999997,Success
PAY0000767,ORD000767,2023-05-23,Cash on Delivery,12653.96,Success
PAY0000768,ORD000768,2023-02-24,Cash on Delivery,26984.25,Success
PAY0000769,ORD000769,2024-06-05,Debit Card,3939.03,Success
PAY0000770,ORD000770,2023-07-07,UPI,21161.510000000002,Refunded
PAY0000771,ORD000771,2024-02-20,Cash on Delivery,44135.19,Success
PAY0000772,ORD000772,2024-08-09,Cash on Delivery,5910.44,Success
PAY0000773,ORD000773,2024-09-09,Credit Card,40814.439999999995,Success
PAY0000774,ORD000774,2024-08-16,Cash on Delivery,15561.23,Refunded
PAY0000775,ORD000775,2024-05-27,Wallet,23589.059999999998,Success
PAY0000776,ORD000776,2023-04-21,UPI,29131.41,Success
PAY0000777,ORD000777,2024-08-02,UPI,1721.94,Success
PAY0000778,ORD000778,2023-06-09,Debit Card,16034.47,Success
PAY0000779,ORD000779,2023-06-30,Net Banking,47728.71,Success
PAY0000780,ORD000780,2023-11-30,Debit Card,16092.68,Refunded
PAY0000781,ORD000781,2023-05-22,UPI,33713.850000000006,Success
PAY0000782,ORD000782,2024-02-24,Credit Card,9719.05,Success
PAY0000783,ORD000783,2023-02-01,Net Banking,11945.14,Success
PAY0000784,ORD000784,2024-11-10,Wallet,12110.420000000002,Success
PAY0000785,ORD000785,2024-10-08,Debit Card,14839.57,Pending
PAY0000786,ORD000786,2024-11-22,UPI,5538.76,Refunded
PAY0000787,ORD000787,2023-09-15,Wallet,3080.94,Success
PAY0000788,ORD000788,2023-11-15,Credit Card,3527.8,Success
PAY0000789,ORD000789,2024-05-06,Debit Card,7622.23,Success
PAY0000790,ORD000790,2024-09-08,Credit Card,155.09,Success
PAY0000791,ORD000791,2024-05-31,Net Banking,21717.309999999998,Success
PAY0000792,ORD000792,2023-02-22,UPI,1981.58,Success
PAY0000793,ORD000793,2023-10-30,Debit Card,21486.28,Success
PAY0000794,ORD000794,2023-07-02,Wallet,2894.21,Failed
PAY0000795,ORD000795,2024-10-06,UPI,10149.33,Success
PAY0000796,ORD000796,2024-05-24,UPI,47139.64,Success
PAY0000797,ORD000797,2023-05-27,UPI,26228.190000000002,Success
PAY0000798,ORD000798,2023-12-21,Debit Card,8795.79,Refunded
PAY0000799,ORD000799,2024-01-30,Net Banking,1587.36,Success
PAY0000800,ORD000800,2023-09-28,Wallet,27385.01,Success
PAY0000801,ORD000801,2023-07-24,Credit Card,16494.56,Success
PAY0000802,ORD000802,2023-06-28,Debit Card,7645.6,Success
PAY0000803,ORD000803,2024-04-23,Credit Card,8222.46,Success
PAY0000804,ORD000804,2023-06-19,Credit Card,3789.48,Success
PAY0000805,ORD000805,2023-05-16,Debit Card,12448.429999999998,Success
PAY0000806,ORD000806,2024-04-04,Credit Card,12290.74,Success
PAY0000807,ORD000807,2024-08-16,Credit Card,5788.42,Success
PAY0000808,ORD000808,2024-03-17,Cash on Delivery,14354.51,Success
PAY0000809,ORD000809,2023-04-16,Debit Card,9615.91,Success
PAY0000810,ORD000810,2024-11-17,Cash on Delivery,7101.66,Success
PAY0000811,ORD000811,2024-05-19,Cash on Delivery,546.18,Success
PAY0000812,ORD000812,2024-06-16,Credit Card,5941.63,Success
PAY0000813,ORD000813,2024-09-14,Debit Card,7979.23,Success
PAY0000814,ORD000814,2023-04-28,Net Banking,8304.51,Success
PAY0000815,ORD000815,2023-12-15,Cash on Delivery,2719.98,Success
PAY0000816,ORD000816,2024-07-12,Credit Card,25524.329999999998,Success
PAY0000817,ORD000817,2024-02-17,Net Banking,7284.62,Success
PAY0000818,ORD000818,2023-01-16,Credit Card,5116.05,Pending
PAY0000819,ORD000819,2023-07-05,Cash on Delivery,16606.85,Success
PAY0000820,ORD000820,2023-01-19,Cash on Delivery,3457.61,Success
PAY0000821,ORD000821,2024-02-20,Debit Card,14909.81,Success
PAY0000822,ORD000822,2023-03-16,UPI,9163.85,Success
PAY0000823,ORD000823,2023-02-10,Net Banking,25968.43,Success
PAY0000824,ORD000824,2024-09-15,Debit Card,6198.85,Success
PAY0000825,ORD000825,2023-12-05,Credit Card,10356.25,Success
PAY0000826,ORD000826,2024-03-22,Cash on Delivery,11521.52,Success
PAY0000827,ORD000827,2023-11-03,Wallet,15219.44,Success
PAY0000828,ORD000828,2024-10-26,Wallet,6561.8099999999995,Success
PAY0000829,ORD000829,2024-11-04,Debit Card,19138.06,Success
PAY0000830,ORD000830,2024-04-04,Wallet,3179.14,Success
PAY0000831,ORD000831,2024-04-08,Cash on Delivery,12706.02,Success
PAY0000832,ORD000832,2024-05-24,Cash on Delivery,22696.3,Success
PAY0000833,ORD000833,2024-03-25,UPI,8810.93,Success
PAY0000834,ORD000834,2024-06-14,Wallet,11925.6,Success
PAY0000835,ORD000835,2023-11-24,Net Banking,6478.9,Failed
PAY0000836,ORD000836,2024-01-14,Net Banking,8783.130000000001,Success
PAY0000837,ORD000837,2024-01-26,Credit Card,9452.82,Success
PAY0000838,ORD000838,2023-06-22,UPI,661.44,Refunded
PAY0000839,ORD000839,2023-09-16,Net Banking,8617.38,Success
PAY0000840,ORD000840,2024-09-20,Cash on Delivery,32310.07,Success
PAY0000841,ORD000841,2024-08-13,Cash on Delivery,26902.57,Success
PAY0000842,ORD000842,2024-08-09,Wallet,1721.94,Success
PAY0000843,ORD000843,2023-07-14,Cash on Delivery,8010.2699999999995,Success
PAY0000844,ORD000844,2024-02-04,Credit Card,1273.26,Success
PAY0000845,ORD000845,2023-12-19,UPI,2757.81,Success
PAY0000846,ORD000846,2023-04-20,Credit Card,1960.53,Success
PAY0000847,ORD000847,2023-09-30,Wallet,13985.73,Success
PAY0000848,ORD000848,2025-05-17,Cash on Delivery,11421.89,Success
PAY0000849,ORD000849,2023-05-06,Cash on Delivery,1552.76,Refunded
PAY0000850,ORD000850,2024-09-05,Net Banking,1016.59,Success
PAY0000851,ORD000851,2023-08-31,Cash on Delivery,5937.209999999999,Success
PAY0000852,ORD000852,2023-12-03,Net Banking,9163.39,Success
PAY0000853,ORD000853,2024-01-13,Debit Card,24446.92,Pending
PAY0000854,ORD000854,2023-04-11,Net Banking,12927.93,Pending
PAY0000855,ORD000855,2023-10-02,Debit Card,13831.599999999999,Success
PAY0000856,ORD000856,2023-02-09,Wallet,856.79,Success
PAY0000857,ORD000857,2024-08-31,Wallet,781.78,Success
PAY0000858,ORD000858,2023-01-08,Debit Card,9653.51,Success
PAY0000859,ORD000859,2024-02-17,Debit Card,22517.59,Success
PAY0000860,ORD000860,2024-03-04,Net Banking,8808.99,Success
PAY0000861,ORD000861,2024-07-06,Net Banking,11608.18,Pending
PAY0000862,ORD000862,2024-06-07,Cash on Delivery,9136.07,Refunded
PAY0000863,ORD000863,2023-11-21,Wallet,30347.13,Pending
PAY0000864,ORD000864,2023-05-04,Wallet,29098.34,Success
PAY0000865,ORD000865,2023-01-08,Credit Card,1689.78,Success
PAY0000866,ORD000866,2024-10-27,Credit Card,14553.400000000001,Success
PAY0000867,ORD000867,2023-12-02,UPI,7284.99,Refunded
PAY0000868,ORD000868,2024-06-20,UPI,7917.5,Success
PAY0000869,ORD000869,2023-10-22,Cash on Delivery,37700.96,Success
PAY0000870,ORD000870,2023-05-29,Debit Card,8990.82,Success
PAY0000871,ORD000871,2024-10-21,Cash on Delivery,26415.469999999998,Success
PAY0000872,ORD000872,2024-01-15,Credit Card,12065.91,Success
PAY0000873,ORD000873,2024-07-12,UPI,14014.51,Success
PAY0000874,ORD000874,2024-09-15,Net Banking,14323.94,Success
PAY0000875,ORD000875,2023-04-03,Cash on Delivery,6367.629999999999,Refunded
PAY0000876,ORD000876,2024-04-19,Wallet,4233.8,Success
PAY0000877,ORD000877,2024-11-14,UPI,20577.92,Success
PAY0000878,ORD000878,2024-01-08,Credit Card,19421.559999999998,Success
PAY0000879,ORD000879,2023-12-01,Wallet,4639.15,Success
PAY0000880,ORD000880,2023-09-05,Cash on Delivery,13781.060000000001,Success
PAY0000881,ORD000881,2023-05-07,Net Banking,3391.57,Success
PAY0000882,ORD000882,2023-08-11,Credit Card,6514.55,Failed
PAY0000883,ORD000883,2023-12-02,Wallet,16907.3,Success
PAY0000884,ORD000884,2023-06-27,UPI,7383.63,Pending
PAY0000885,ORD000885,2024-10-19,Net Banking,29978.260000000002,Success
PAY0000886,ORD000886,2024-10-30,Cash on Delivery,10128.92,Refunded
PAY0000887,ORD000887,2023-10-04,Debit Card,11347.78,Success
PAY0000888,ORD000888,2023-08-16,Cash on Delivery,16389.52,Refunded
PAY0000889,ORD000889,2024-08-14,Debit Card,17488.13,Success
PAY0000890,ORD000890,2024-09-13,Wallet,10665.92,Success
PAY0000891,ORD000891,2023-06-17,Debit Card,38581.270000000004,Failed
PAY0000892,ORD000892,2023-04-27,UPI,8824.91,Success
PAY0000893,ORD000893,2024-06-16,Net Banking,49477.95,Success
PAY0000894,ORD000894,2024-01-11,Credit Card,3695.97,Success
PAY0000895,ORD000895,2024-07-23,Credit Card,18649.43,Failed
PAY0000896,ORD000896,2024-06-02,Net Banking,23422.57,Success
PAY0000897,ORD000897,2024-11-15,Cash on Delivery,12043.859999999999,Success
PAY0000898,ORD000898,2023-02-12,Net Banking,15273.3,Success
PAY0000899,ORD000899,2024-08-12,UPI,6464.360000000001,Success
PAY0000900,ORD000900,2023-08-06,Cash on Delivery,35350.6,Success
PAY0000901,ORD000901,2023-06-23,Credit Card,33725.05,Success
PAY0000902,ORD000902,2024-05-04,Wallet,2940.64,Success
PAY0000903,ORD000903,2024-08-14,Cash on Delivery,9165.57,Success
PAY0000904,ORD000904,2023-04-28,Credit Card,31490.46,Success
PAY0000905,ORD000905,2023-06-14,Debit Card,3816.19,Success
PAY0000906,ORD000906,2024-11-21,UPI,16080.28,Success
PAY0000907,ORD000907,2023-02-14,UPI,12105.92,Success
PAY0000908,ORD000908,2024-03-27,Debit Card,37146.9,Success
PAY0000909,ORD000909,2023-10-30,Wallet,59561.89,Success
PAY0000910,ORD000910,2024-04-12,Cash on Delivery,5553.41,Success
PAY0000911,ORD000911,2023-07-02,Wallet,13973.5,Failed
PAY0000912,ORD000912,2023-05-25,Net Banking,21799.93,Pending
PAY0000913,ORD000913,2024-09-04,Credit Card,19653.63,Success
PAY0000914,ORD000914,2023-12-28,Net Banking,5409.58,Success
PAY0000915,ORD000915,2023-08-11,Credit Card,10725.29,Success
PAY0000916,ORD000916,2023-01-21,Wallet,12254.51,Success
PAY0000917,ORD000917,2024-03-13,Credit Card,2534.67,Success
PAY0000918,ORD000918,2023-08-07,Cash on Delivery,37230.72,Success
PAY0000919,ORD000919,2023-01-28,Wallet,27203.55,Success
PAY0000920,ORD000920,2024-05-07,Credit Card,2951.21,Success
PAY0000921,ORD000921,2024-04-01,Credit Card,11712.599999999999,Success
PAY0000922,ORD000922,2023-05-13,Credit Card,10894.47,Success
PAY0000923,ORD000923,2024-12-01,Debit Card,513.14,Success
PAY0000924,ORD000924,2023-03-02,Debit Card,65600.45,Refunded
PAY0000925,ORD000925,2024-01-13,Net Banking,1231.99,Success
PAY0000926,ORD000926,2024-01-16,Credit Card,37325.64,Success
PAY0000927,ORD000927,2023-05-22,Net Banking,4450.34,Success
PAY0000928,ORD000928,2023-05-03,Cash on Delivery,-8375.46,Success
PAY0000929,ORD000929,2024-07-24,Cash on Delivery,19644.12,Failed
PAY0000930,ORD000930,2023-06-16,UPI,290.29,Pending
PAY0000931,ORD000931,2024-04-03,Debit Card,9911.07,Success
PAY0000932,ORD000932,2024-04-21,Wallet,198.83,Refunded
PAY0000933,ORD000933,2024-04-21,Wallet,5361.88,Success
PAY0000934,ORD000934,2024-06-27,Net Banking,10649.19,Success
PAY0000935,ORD000935,2023-07-22,Net Banking,22072.2,Success
PAY0000936,ORD000936,2024-11-23,UPI,21252.16,Success
PAY0000937,ORD000937,2023-07-31,Net Banking,22747.760000000002,Success
PAY0000938,ORD000938,2024-09-15,Credit Card,1075.34,Success
PAY0000939,ORD000939,2024-02-10,Net Banking,7998.76,Success
PAY0000940,ORD000940,2024-05-03,Cash on Delivery,4961.8,Refunded
PAY0000941,ORD000941,2023-11-18,Net Banking,25152.84,Success
PAY0000942,ORD000942,2023-02-21,Wallet,11687.49,Success
PAY0000943,ORD000943,2023-01-23,Wallet,12159.960000000001,Success
PAY0000944,ORD000944,2024-07-30,Net Banking,12170.9,Success
PAY0000945,ORD000945,2023-11-23,Credit Card,4629.72,Success
PAY0000946,ORD000946,2023-11-02,Debit Card,19067.65,Success
PAY0000947,ORD000947,2024-10-19,UPI,36478.14,Success
PAY0000948,ORD000948,2024-01-27,Credit Card,3400.45,Success
PAY0000949,ORD000949,2023-06-04,Net Banking,852.32,Success
PAY0000950,ORD000950,2023-09-14,Wallet,2746.29,Success
PAY0000951,ORD000951,2024-11-18,UPI,2526.32,Success
PAY0000952,ORD000952,2023-01-17,UPI,42368.76,Success
PAY0000953,ORD000953,2023-01-27,UPI,13203.68,Success
PAY0000954,ORD000954,2023-04-22,Debit Card,13972.990000000002,Refunded
PAY0000955,ORD000955,2024-10-09,Debit Card,36688.83,Refunded
PAY0000956,ORD000956,2023-08-30,Wallet,9240.11,Success
PAY0000957,ORD000957,2024-04-06,Net Banking,26590.07,Failed
PAY0000958,ORD000958,2024-07-06,Credit Card,7131.42,Success
PAY0000959,ORD000959,2024-07-16,Debit Card,15800.630000000001,Success
PAY0000960,ORD000960,2024-04-10,Cash on Delivery,2591.69,Success
PAY0000961,ORD000961,2024-06-05,Wallet,7063.290000000001,Success
PAY0000962,ORD000962,2023-09-24,Net Banking,13098.32,Success
PAY0000963,ORD000963,2023-07-15,Wallet,7222.71,Success
PAY0000964,ORD000964,2023-06-13,Wallet,16196.28,Success
PAY0000965,ORD000965,2024-11-18,Wallet,4494.26,Success
PAY0000966,ORD000966,2024-08-17,UPI,11599.44,Success
PAY0000967,ORD000967,2023-08-24,Debit Card,37487.74,Success
PAY0000968,ORD000968,2023-12-30,Net Banking,7464.360000000001,Success
PAY0000969,ORD000969,2023-10-21,Net Banking,17441.34,Success
PAY0000970,ORD000970,2024-04-19,Wallet,21006.86,Success
PAY0000971,ORD000971,2024-10-20,Net Banking,2130.88,Success
PAY0000972,ORD000972,2024-03-18,Credit Card,4819.87,Success
PAY0000973,ORD000973,2023-06-07,Debit Card,8570.28,Success
PAY0000974,ORD000974,2024-08-19,Net Banking,3992.0,Success
PAY0000975,ORD000975,2023-01-02,Debit Card,6283.38,Success
PAY0000976,ORD000976,2024-05-31,Debit Card,34216.59,Success
PAY0000977,ORD000977,2024-05-07,Cash on Delivery,14478.59,Success
PAY0000978,ORD000978,2023-03-09,UPI,-11691.38,Success
PAY0000979,ORD000979,2024-01-02,Cash on Delivery,16090.82,Success
PAY0000980,ORD000980,2024-02-24,UPI,13711.619999999999,Failed
PAY0000981,ORD000981,2023-07-13,Net Banking,28081.71,Success
PAY0000982,ORD000982,2023-12-07,Wallet,13354.47,Success
PAY0000983,ORD000983,2024-05-23,Credit Card,16988.53,Success
PAY0000984,ORD000984,2023-07-18,Wallet,3004.16,Pending
PAY0000985,ORD000985,2024-04-27,UPI,5619.07,Failed
PAY0000986,ORD000986,2023-09-22,UPI,4279.09,Success
PAY0000987,ORD000987,2023-01-03,Cash on Delivery,27176.350000000002,Success
PAY0000988,ORD000988,2024-03-29,Net Banking,19709.72,Success
PAY0000989,ORD000989,2024-09-30,Debit Card,21050.9,Success
PAY0000990,ORD000990,2024-09-24,Wallet,8103.57,Success
PAY0000991,ORD000991,2024-03-29,Cash on Delivery,25585.17,Success
PAY0000992,ORD000992,2023-12-03,Debit Card,524.17,Success
PAY0000993,ORD000993,2023-05-11,Wallet,40947.21,Success
PAY0000994,ORD000994,2024-01-07,UPI,23674.94,Success
PAY0000995,ORD000995,2023-03-25,Debit Card,14281.94,Success
PAY0000996,ORD000996,2024-02-12,UPI,1249.65,Success
PAY0000997,ORD000997,2023-04-14,Net Banking,5492.71,Success
PAY0000998,ORD000998,2023-01-08,Net Banking,21086.02,Success
PAY0000999,ORD000999,2023-11-05,UPI,8963.71,Success
PAY0001000,ORD001000,2024-12-01,Net Banking,18537.32,Success
PAY0001001,ORD001001,2024-03-17,UPI,33666.8,Success
PAY0001002,ORD001002,2023-11-19,UPI,2624.19,Success
PAY0001003,ORD001003,2024-08-07,Cash on Delivery,29196.989999999998,Success
PAY0001004,ORD001004,2023-01-31,Cash on Delivery,14724.9,Success
PAY0001005,ORD001005,2023-05-14,UPI,10871.48,Success
PAY0001006,ORD001006,2024-02-11,Net Banking,24521.32,Success
PAY0001007,ORD001007,2024-11-24,Credit Card,791.63,Success
PAY0001008,ORD001008,2024-04-10,Wallet,8088.23,Success
PAY0001009,ORD001009,2024-09-21,Cash on Delivery,8674.710000000001,Success
PAY0001010,ORD001010,2023-04-06,Debit Card,6229.92,Failed
PAY0001011,ORD001011,2023-03-04,Net Banking,629.94,Success
PAY0001012,ORD001012,2024-05-07,Net Banking,29095.03,Success
PAY0001013,ORD001013,2024-08-17,Debit Card,7721.15,Success
PAY0001014,ORD001014,2023-05-22,UPI,13711.279999999999,Success
PAY0001015,ORD001015,2023-06-02,Debit Card,12927.82,Success
PAY0001016,ORD001016,2024-05-08,Debit Card,39602.03,Success
PAY0001017,ORD001017,2023-02-20,Cash on Delivery,17080.32,Refunded
PAY0001018,ORD001018,2023-07-02,Credit Card,14158.58,Success
PAY0001019,ORD001019,2023-11-30,Net Banking,26450.4,Refunded
PAY0001020,ORD001020,2023-09-20,UPI,3490.0,Success
PAY0001021,ORD001021,2023-03-23,Net Banking,5900.46,Refunded
PAY0001022,ORD001022,2024-07-06,Debit Card,1188.71,Success
PAY0001023,ORD001023,2024-03-26,Debit Card,43639.99,Success
PAY0001024,ORD001024,2024-05-18,Wallet,6314.04,Success
PAY0001025,ORD001025,2023-03-18,Wallet,9672.689999999999,Success
PAY0001026,ORD001026,2024-09-16,Net Banking,3657.98,Success
PAY0001027,ORD001027,2023-02-05,Cash on Delivery,12660.54,Success
PAY0001028,ORD001028,2023-05-29,UPI,25887.0,Success
PAY0001029,ORD001029,2023-01-14,Cash on Delivery,9220.88,Success
PAY0001030,ORD001030,2024-06-03,UPI,2630.13,Success
PAY0001031,ORD001031,2023-09-19,Cash on Delivery,1188.71,Success
PAY0001032,ORD001032,2024-07-03,Credit Card,20693.850000000002,Failed
PAY0001033,ORD001033,2024-07-22,Debit Card,42411.47,Success
PAY0001034,ORD001034,2023-09-06,UPI,70964.19,Success
PAY0001035,ORD001035,2024-11-07,UPI,3521.07,Success
PAY0001036,ORD001036,2024-06-26,Wallet,10571.36,Success
PAY0001037,ORD001037,2024-05-09,Debit Card,1232.65,Refunded
PAY0001038,ORD001038,2023-09-19,Debit Card,1288.16,Success
PAY0001039,ORD001039,2024-01-29,Debit Card,29648.730000000003,Success
PAY0001040,ORD001040,2024-10-26,Debit Card,4194.62,Success
PAY0001041,ORD001041,2023-06-04,UPI,435.18,Success
PAY0001042,ORD001042,2023-06-11,Debit Card,4779.12,Success
PAY0001043,ORD001043,2024-08-16,Cash on Delivery,15031.519999999999,Success
PAY0001044,ORD001044,2023-07-10,Wallet,4069.11,Refunded
PAY0001045,ORD001045,2024-04-20,Cash on Delivery,30717.93,Success
PAY0001046,ORD001046,2024-11-18,Cash on Delivery,18073.71,Success
PAY0001047,ORD001047,2023-01-14,Cash on Delivery,16721.12,Success
PAY0001048,ORD001048,2023-10-25,Net Banking,12764.84,Success
PAY0001049,ORD001049,2024-10-21,Cash on Delivery,25555.14,Refunded
PAY0001050,ORD001050,2024-07-17,Wallet,9379.970000000001,Success
PAY0001051,ORD001051,2024-11-25,UPI,32126.75,Success
PAY0001052,ORD001052,2024-02-19,Cash on Delivery,5723.51,Success
PAY0001053,ORD001053,2024-08-28,Cash on Delivery,26869.77,Success
PAY0001054,ORD001054,2024-03-25,Cash on Delivery,4767.349999999999,Success
PAY0001055,ORD001055,2024-01-15,UPI,7147.8,Success
PAY0001056,ORD001056,2023-10-18,Debit Card,9942.91,Success
PAY0001057,ORD001057,2023-10-04,Wallet,3958.75,Success
PAY0001058,ORD001058,2023-07-22,Cash on Delivery,22053.36,Success
PAY0001059,ORD001059,2024-08-06,Cash on Delivery,7314.06,Success
PAY0001060,ORD001060,2024-06-24,Net Banking,21718.79,Success
PAY0001061,ORD001061,2023-05-03,Wallet,14290.2,Success
PAY0001062,ORD001062,2023-03-19,Cash on Delivery,8026.94,Success
PAY0001063,ORD001063,2023-03-21,Wallet,20570.75,Success
PAY0001064,ORD001064,2023-01-25,UPI,16946.72,Success
PAY0001065,ORD001065,2024-10-10,Debit Card,4823.12,Success
PAY0001066,ORD001066,2024-07-22,Credit Card,30384.66,Success
PAY0001067,ORD001067,2024-04-20,Wallet,24021.39,Failed
PAY0001068,ORD001068,2023-04-05,Debit Card,16292.32,Success
PAY0001069,ORD001069,2023-04-10,Cash on Delivery,4979.64,Refunded
PAY0001070,ORD001070,2023-05-22,UPI,2179.62,Success
PAY0001071,ORD001071,2024-06-11,Wallet,23439.23,Refunded
PAY0001072,ORD001072,2024-01-13,Debit Card,2533.01,Success
PAY0001073,ORD001073,2024-05-15,Debit Card,51605.74,Success
PAY0001074,ORD001074,2023-05-26,UPI,10592.4,Refunded
PAY0001075,ORD001075,2023-03-07,Credit Card,74595.63,Success
PAY0001076,ORD001076,2023-02-24,UPI,5172.97,Failed
PAY0001077,ORD001077,2023-07-04,Cash on Delivery,1877.9,Success
PAY0001078,ORD001078,2023-01-06,Cash on Delivery,10594.9,Success
PAY0001079,ORD001079,2023-07-09,Wallet,18405.01,Success
PAY0001080,ORD001080,2025-02-02,Credit Card,3622.68,Success
PAY0001081,ORD001081,2023-12-26,Debit Card,5424.36,Success
PAY0001082,ORD001082,2023-01-04,Cash on Delivery,21072.170000000002,Success
PAY0001083,ORD001083,2023-11-22,Debit Card,20248.59,Success
PAY0001084,ORD001084,2023-02-26,Wallet,7021.72,Success
PAY0001085,ORD001085,2024-09-02,Cash on Delivery,19269.09,Success
PAY0001086,ORD001086,2024-05-31,Net Banking,27999.64,Success
PAY0001087,ORD001087,2024-08-07,Wallet,5515.62,Success
PAY0001088,ORD001088,2023-12-20,Wallet,2500.46,Success
PAY0001089,ORD001089,2024-10-02,Wallet,16934.65,Success
PAY0001090,ORD001090,2023-03-27,Debit Card,-594.6000000000001,Success
PAY0001091,ORD001091,2024-11-12,UPI,13619.05,Success
PAY0001092,ORD001092,2023-08-08,UPI,4553.28,Success
PAY0001093,ORD001093,2023-12-12,Credit Card,20970.379999999997,Success
PAY0001094,ORD001094,2024-03-24,Net Banking,18506.07,Success
PAY0001095,ORD001095,2023-11-06,Wallet,12988.7,Success
PAY0001096,ORD001096,2023-08-22,Credit Card,996.38,Success
PAY0001097,ORD001097,2023-02-26,Credit Card,46173.33,Failed
PAY0001098,ORD001098,2024-09-29,Cash on Delivery,9663.63,Success
PAY0001099,ORD001099,2023-01-13,Net Banking,9984.52,Success
PAY0001100,ORD001100,2023-02-15,Wallet,2519.22,Failed
PAY0001101,ORD001101,2023-04-16,UPI,11583.66,Success
PAY0001102,ORD001102,2023-04-09,Credit Card,5439.96,Success
PAY0001103,ORD001103,2023-02-25,Credit Card,20135.86,Success
PAY0001104,ORD001104,2023-08-28,Net Banking,4510.78,Success
PAY0001105,ORD001105,2024-11-15,Debit Card,17223.41,Success
PAY0001106,ORD001106,2024-01-03,Net Banking,57996.63,Success
PAY0001107,ORD001107,2023-03-24,Wallet,3666.42,Success
PAY0001108,ORD001108,2024-11-03,Cash on Delivery,5574.75,Success
PAY0001109,ORD001109,2024-03-24,Cash on Delivery,24339.28,Success
PAY0001110,ORD001110,2023-05-13,Wallet,14269.6,Success
PAY0001111,ORD001111,2024-10-21,Wallet,9960.11,Success
PAY0001112,ORD001112,2024-11-26,Cash on Delivery,13984.05,Success
PAY0001113,ORD001113,2023-05-02,Debit Card,38975.79,Success
PAY0001114,ORD001114,2024-06-05,Net Banking,6247.200000000001,Success
PAY0001115,ORD001115,2023-08-15,Credit Card,9770.17,Success
PAY0001116,ORD001116,2024-01-04,Debit Card,1696.57,Success
PAY0001117,ORD001117,2024-01-07,Debit Card,3823.25,Refunded
PAY0001118,ORD001118,2023-01-16,Credit Card,13255.17,Success
PAY0001119,ORD001119,2023-03-05,Wallet,16016.76,Success
PAY0001120,ORD001120,2024-05-07,Wallet,6291.700000000001,Success
PAY0001121,ORD001121,2024-11-11,Net Banking,29901.839999999997,Success
PAY0001122,ORD001122,2023-08-22,Wallet,6104.780000000001,Success
PAY0001123,ORD001123,2023-12-09,Net Banking,-20099.35,Success
PAY0001124,ORD001124,2024-05-23,Wallet,3510.1400000000003,Success
PAY0001125,ORD001125,2023-04-20,Debit Card,5941.63,Refunded
PAY0001126,ORD001126,2023-06-03,UPI,16244.630000000001,Success
PAY0001127,ORD001127,2024-08-08,Net Banking,13038.63,Success
PAY0001128,ORD001128,2024-07-23,Net Banking,8174.699999999999,Success
PAY0001129,ORD001129,2023-04-03,UPI,17838.84,Success
PAY0001130,ORD001130,2024-11-28,UPI,2204.79,Success
PAY0001131,ORD001131,2023-11-29,UPI,22444.840000000004,Success
PAY0001132,ORD001132,2024-03-10,Net Banking,11539.67,Success
PAY0001133,ORD001133,2024-11-19,UPI,12030.6,Failed
PAY0001134,ORD001134,2024-06-18,Debit Card,11925.29,Failed
PAY0001135,ORD001135,2023-05-11,UPI,16517.24,Pending
PAY0001136,ORD001136,2023-01-07,Credit Card,9798.01,Success
PAY0001137,ORD001137,2024-11-07,Cash on Delivery,10605.18,Pending
PAY0001138,ORD001138,2024-05-18,Wallet,40859.090000000004,Success
PAY0001139,ORD001139,2024-06-01,Net Banking,6217.79,Success
PAY0001140,ORD001140,2023-11-18,Credit Card,4073.1099999999997,Success
PAY0001141,ORD001141,2024-01-27,Wallet,11110.130000000001,Success
PAY0001142,ORD001142,2023-09-02,Wallet,20448.699999999997,Success
PAY0001143,ORD001143,2024-07-15,Wallet,13401.52,Success
PAY0001144,ORD001144,2024-06-07,UPI,9889.03,Refunded
PAY0001145,ORD001145,2024-06-12,Credit Card,2028.86,Success
PAY0001146,ORD001146,2024-07-19,Credit Card,56837.11,Success
PAY0001147,ORD001147,2023-05-20,Credit Card,2588.73,Success
PAY0001148,ORD001148,2024-11-01,Credit Card,26036.0,Success
PAY0001149,ORD001149,2024-01-07,Wallet,1816.09,Success
PAY0001150,ORD001150,2023-05-13,UPI,13625.39,Success
PAY0001151,ORD001151,2023-08-15,Wallet,5446.6,Failed
PAY0001152,ORD001152,2023-04-17,Debit Card,22715.84,Failed
PAY0001153,ORD001153,2024-06-02,Cash on Delivery,34674.04,Success
PAY0001154,ORD001154,2023-01-06,Wallet,1335.37,Success
PAY0001155,ORD001155,2024-04-12,Wallet,1993.2,Success
PAY0001156,ORD001156,2023-05-16,Wallet,20327.67,Success
PAY0001157,ORD001157,2024-03-01,Debit Card,35135.49,Success
PAY0001158,ORD001158,2024-08-19,Debit Card,2086.2,Success
PAY0001159,ORD001159,2023-10-10,Credit Card,18223.29,Success
PAY0001160,ORD001160,2023-05-05,Debit Card,15958.46,Success
PAY0001161,ORD001161,2024-01-16,Cash on Delivery,18521.75,Success
PAY0001162,ORD001162,2024-01-28,Cash on Delivery,8138.6,Success
PAY0001163,ORD001163,2024-01-08,UPI,5811.86,Success
PAY0001164,ORD001164,2023-11-07,Credit Card,7499.11,Success
PAY0001165,ORD001165,2024-09-11,Cash on Delivery,14912.67,Success
PAY0001166,ORD001166,2024-10-26,Credit Card,387.88,Success
PAY0001167,ORD001167,2023-05-21,Net Banking,11271.02,Pending
PAY0001168,ORD001168,2024-11-12,Wallet,1532.82,Failed
PAY0001169,ORD001169,2023-04-14,Net Banking,198.83,Success
PAY0001170,ORD001170,2024-05-19,Cash on Delivery,7636.65,Success
PAY0001171,ORD001171,2023-06-03,Debit Card,19216.28,Success
PAY0001172,ORD001172,2024-12-02,Net Banking,32787.91,Success
PAY0001173,ORD001173,2023-10-19,UPI,17683.809999999998,Success
PAY0001174,ORD001174,2024-01-11,Debit Card,9824.650000000001,Success
PAY0001175,ORD001175,2023-09-06,Cash on Delivery,28672.03,Refunded
PAY0001176,ORD001176,2024-02-21,UPI,24210.09,Success
PAY0001177,ORD001177,2024-08-02,Debit Card,2154.14,Success
PAY0001178,ORD001178,2024-10-13,Credit Card,14462.230000000001,Success
PAY0001179,ORD001179,2023-10-06,Wallet,40259.53,Success
PAY0001180,ORD001180,2024-03-18,Cash on Delivery,3144.6,Success
PAY0001181,ORD001181,2024-07-04,Net Banking,7944.57,Success
PAY0001182,ORD001182,2023-04-03,UPI,231.58,Success
PAY0001183,ORD001183,2024-08-13,UPI,21203.34,Success
PAY0001184,ORD001184,2023-01-17,Net Banking,16696.09,Success
PAY0001185,ORD001185,2023-10-01,Net Banking,6680.3,Success
PAY0001186,ORD001186,2024-10-31,UPI,17984.23,Success
PAY0001187,ORD001187,2023-11-06,UPI,6157.6,Success
PAY0001188,ORD001188,2024-08-06,UPI,6509.4,Success
PAY0001189,ORD001189,2023-01-31,Debit Card,301.12,Success
PAY0001190,ORD001190,2023-05-26,UPI,7089.43,Success
PAY0001191,ORD001191,2023-10-16,Credit Card,3966.56,Failed
PAY0001192,ORD001192,2024-03-20,Credit Card,644.8600000000006,Success
PAY0001193,ORD001193,2023-02-19,Credit Card,6904.86,Success
PAY0001194,ORD001194,2024-06-26,Debit Card,20630.15,Success
PAY0001195,ORD001195,2024-04-11,Net Banking,12566.76,Success
PAY0001196,ORD001196,2024-04-27,UPI,15258.859999999999,Success
PAY0001197,ORD001197,2023-06-06,Net Banking,9425.24,Success
PAY0001198,ORD001198,2023-11-30,Net Banking,6055.62,Success
PAY0001199,ORD001199,2024-05-10,Wallet,7610.019999999999,Success
PAY0001200,ORD001200,2024-11-11,Debit Card,10010.07,Pending
PAY0001201,ORD001201,2023-05-09,Cash on Delivery,-8138.6,Failed
PAY0001202,ORD001202,2024-05-22,Wallet,7564.630000000001,Success
PAY0001203,ORD001203,2023-06-09,Net Banking,35354.73,Refunded
PAY0001204,ORD001204,2024-08-14,Net Banking,14801.08,Success
PAY0001205,ORD001205,2023-12-30,Net Banking,11146.89,Success
PAY0001206,ORD001206,2023-08-21,Net Banking,13870.16,Success
PAY0001207,ORD001207,2023-10-23,UPI,15035.71,Refunded
PAY0001208,ORD001208,2023-08-21,Credit Card,20622.660000000003,Success
PAY0001209,ORD001209,2023-04-04,Debit Card,6650.71,Success
PAY0001210,ORD001210,2024-09-16,UPI,3254.48,Success
PAY0001211,ORD001211,2023-02-09,Cash on Delivery,9867.27,Success
PAY0001212,ORD001212,2023-08-17,Wallet,996.38,Success
PAY0001213,ORD001213,2024-05-22,Cash on Delivery,14627.28,Success
PAY0001214,ORD001214,2024-05-06,Cash on Delivery,9518.67,Success
PAY0001215,ORD001215,2023-06-07,Cash on Delivery,5296.2,Success
PAY0001216,ORD001216,2023-10-27,UPI,19318.92,Success
PAY0001217,ORD001217,2024-11-12,UPI,633.24,Success
PAY0001218,ORD001218,2024-09-26,Credit Card,15556.029999999999,Success
PAY0001219,ORD001219,2023-09-08,UPI,18992.85,Success
PAY0001220,ORD001220,2023-10-13,Credit Card,4872.99,Success
PAY0001221,ORD001221,2023-11-12,Cash on Delivery,8354.87,Success
PAY0001222,ORD001222,2023-08-15,Net Banking,49600.11,Success
PAY0001223,ORD001223,2024-11-11,Debit Card,39985.15,Success
PAY0001224,ORD001224,2023-03-06,Debit Card,50563.92999999999,Success
PAY0001225,ORD001225,2023-03-18,UPI,4635.2,Success
PAY0001226,ORD001226,2023-10-02,Credit Card,15210.96,Success
PAY0001227,ORD001227,2023-01-18,Credit Card,1961.29,Success
PAY0001228,ORD001228,2023-11-25,UPI,18298.089999999997,Success
PAY0001229,ORD001229,2023-05-21,Wallet,17429.620000000003,Success
PAY0001230,ORD001230,2024-11-01,Wallet,23188.03,Pending
PAY0001231,ORD001231,2023-07-29,Debit Card,9135.35,Success
PAY0001232,ORD001232,2024-04-19,Debit Card,34614.83,Success
PAY0001233,ORD001233,2024-05-01,Net Banking,5324.92,Success
PAY0001234,ORD001234,2024-09-09,Credit Card,15807.380000000001,Success
PAY0001235,ORD001235,2024-04-16,Cash on Delivery,25403.670000000002,Success
PAY0001236,ORD001236,2024-03-09,Net Banking,4025.4300000000003,Success
PAY0001237,ORD001237,2023-11-16,Net Banking,726.54,Success
PAY0001238,ORD001238,2023-07-15,Debit Card,8181.79,Success
PAY0001239,ORD001239,2023-05-11,Debit Card,10577.720000000001,Success
PAY0001240,ORD001240,2023-12-26,UPI,9379.36,Pending
PAY0001241,ORD001241,2024-05-08,Credit Card,64946.020000000004,Success
PAY0001242,ORD001242,2024-02-12,Cash on Delivery,4337.76,Success
PAY0001243,ORD001243,2024-04-05,Net Banking,28791.25,Success
PAY0001244,ORD001244,2023-12-25,Credit Card,15524.439999999999,Success
PAY0001245,ORD001245,2023-12-30,Debit Card,15076.67,Success
PAY0001246,ORD001246,2024-08-02,UPI,1790.18,Success
PAY0001247,ORD001247,2024-10-27,Net Banking,7970.85,Success
PAY0001248,ORD001248,2024-01-18,Cash on Delivery,9991.49,Success
PAY0001249,ORD001249,2024-06-28,UPI,13052.66,Success
PAY0001250,ORD001250,2023-11-20,Wallet,1942.09,Success
PAY0001251,ORD001251,2023-12-11,Debit Card,5212.65,Success
PAY0001252,ORD001252,2023-11-03,Debit Card,24292.77,Success
PAY0001253,ORD001253,2023-03-16,Cash on Delivery,14449.54,Success
PAY0001254,ORD001254,2023-09-08,Credit Card,12570.38,Success
PAY0001255,ORD001255,2024-08-16,UPI,1273.66,Success
PAY0001256,ORD001256,2024-06-24,Debit Card,3782.15,Success
PAY0001257,ORD001257,2024-03-08,Credit Card,4256.76,Success
PAY0001258,ORD001258,2024-10-22,UPI,27951.94,Success
PAY0001259,ORD001259,2023-01-09,Cash on Delivery,35480.86,Success
PAY0001260,ORD001260,2023-02-17,Cash on Delivery,2396.57,Success
PAY0001261,ORD001261,2024-01-15,Cash on Delivery,29531.23,Refunded
PAY0001262,ORD001262,2023-09-08,Wallet,19966.5,Success
PAY0001263,ORD001263,2023-03-08,UPI,17022.01,Success
PAY0001264,ORD001264,2023-04-22,Net Banking,5072.02,Success
PAY0001265,ORD001265,2024-06-26,Cash on Delivery,1847.36,Success
PAY0001266,ORD001266,2023-01-06,UPI,2287.98,Success
PAY0001267,ORD001267,2023-03-12,Cash on Delivery,20237.57,Success
PAY0001268,ORD001268,2024-02-03,Debit Card,53804.92,Failed
PAY0001269,ORD001269,2023-11-01,Wallet,12500.3,Success
PAY0001270,ORD001270,2023-02-04,Debit Card,22025.73,Success
PAY0001271,ORD001271,2023-08-02,Wallet,25215.03,Success
PAY0001272,ORD001272,2024-03-04,Net Banking,18255.239999999998,Success
PAY0001273,ORD001273,2024-10-28,Credit Card,10151.93,Success
PAY0001274,ORD001274,2023-06-09,Debit Card,10904.66,Success
PAY0001275,ORD001275,2024-04-23,Cash on Delivery,15131.82,Success
PAY0001276,ORD001276,2023-06-08,Wallet,7872.57,Refunded
PAY0001277,ORD001277,2024-07-27,Cash on Delivery,9923.52,Success
PAY0001278,ORD001278,2023-06-16,UPI,7518.69,Success
PAY0001279,ORD001279,2023-05-23,Cash on Delivery,8622.22,Success
PAY0001280,ORD001280,2023-01-11,Net Banking,43236.67,Success
PAY0001281,ORD001281,2023-05-07,Cash on Delivery,9030.4,Success
PAY0001282,ORD001282,2024-03-14,UPI,22429.600000000002,Refunded
PAY0001283,ORD001283,2023-03-03,Credit Card,6436.13,Success
PAY0001284,ORD001284,2023-08-27,Net Banking,33682.18,Success
PAY0001285,ORD001285,2023-02-01,Wallet,22234.01,Success
PAY0001286,ORD001286,2024-04-15,Cash on Delivery,33902.68,Success
PAY0001287,ORD001287,2023-06-18,UPI,32208.08,Success
PAY0001288,ORD001288,2023-09-24,Cash on Delivery,24041.6,Success
PAY0001289,ORD001289,2023-11-28,Credit Card,23576.730000000003,Success
PAY0001290,ORD001290,2023-09-29,Net Banking,36402.24,Refunded
PAY0001291,ORD001291,2023-06-10,Credit Card,3352.35,Success
PAY0001292,ORD001292,2023-07-06,Net Banking,41988.64,Success
PAY0001293,ORD001293,2024-02-10,Net Banking,8988.77,Pending
PAY0001294,ORD001294,2023-09-14,UPI,8640.7,Success
PAY0001295,ORD001295,2023-07-12,Cash on Delivery,2115.62,Success
PAY0001296,ORD001296,2023-02-13,UPI,30684.64,Success
PAY0001297,ORD001297,2023-02-22,Wallet,10241.220000000001,Success
PAY0001298,ORD001298,2023-02-07,Debit Card,22792.72,Success
PAY0001299,ORD001299,2024-09-27,Cash on Delivery,2569.61,Success
PAY0001300,ORD001300,2024-05-20,UPI,11263.91,Success
PAY0001301,ORD001301,2023-09-14,Wallet,16514.46,Success
PAY0001302,ORD001302,2023-06-03,Wallet,14459.98,Success
PAY0001303,ORD001303,2024-08-29,Wallet,11275.82,Success
PAY0001304,ORD001304,2024-07-08,Debit Card,33517.45,Refunded
PAY0001305,ORD001305,2023-11-12,Wallet,21518.44,Success
PAY0001306,ORD001306,2023-10-05,Credit Card,41156.64,Success
PAY0001307,ORD001307,2024-06-05,Wallet,4505.17,Success
PAY0001308,ORD001308,2024-05-25,Debit Card,454.64,Success
PAY0001309,ORD001309,2023-06-13,UPI,2547.13,Pending
PAY0001310,ORD001310,2024-05-24,Wallet,1541.55,Success
PAY0001311,ORD001311,2023-01-19,UPI,3816.19,Success
PAY0001312,ORD001312,2023-05-21,UPI,4066.81,Success
PAY0001313,ORD001313,2023-03-15,Credit Card,5669.64,Failed
PAY0001314,ORD001314,2024-02-17,Net Banking,23198.88,Success
PAY0001315,ORD001315,2023-06-26,Credit Card,5326.74,Success
PAY0001316,ORD001316,2024-03-18,Wallet,14278.36,Success
PAY0001317,ORD001317,2023-12-14,UPI,13316.509999999998,Success
PAY0001318,ORD001318,2023-02-14,Net Banking,28438.27,Success
PAY0001319,ORD001319,2024-10-21,UPI,8138.6,Success
PAY0001320,ORD001320,2024-01-18,UPI,28275.72,Success
PAY0001321,ORD001321,2024-03-23,Credit Card,3594.67,Success
PAY0001322,ORD001322,2024-08-20,Debit Card,6005.27,Success
PAY0001323,ORD001323,2024-11-08,Credit Card,3695.97,Success
PAY0001324,ORD001324,2023-07-02,UPI,7944.57,Success
PAY0001325,ORD001325,2023-09-09,Cash on Delivery,41749.16,Success
PAY0001326,ORD001326,2023-10-16,Debit Card,26375.9,Success
PAY0001327,ORD001327,2023-08-11,Net Banking,7030.69,Success
PAY0001328,ORD001328,2023-07-03,Debit Card,734.93,Success
PAY0001329,ORD001329,2023-06-19,UPI,9071.35,Success
PAY0001330,ORD001330,2024-08-05,Credit Card,7407.37,Success
PAY0001331,ORD001331,2024-08-27,UPI,7898.41,Success
PAY0001332,ORD001332,2024-11-01,Debit Card,7979.23,Failed
PAY0001333,ORD001333,2023-08-13,UPI,4590.52,Success
PAY0001334,ORD001334,2023-01-03,Wallet,9418.34,Success
PAY0001335,ORD001335,2024-07-20,Net Banking,26368.27,Success
PAY0001336,ORD001336,2023-12-04,UPI,48225.380000000005,Success
PAY0001337,ORD001337,2024-01-02,Wallet,41330.59,Success
PAY0001338,ORD001338,2024-09-18,Cash on Delivery,4057.4,Success
PAY0001339,ORD001339,2024-03-23,Debit Card,2558.63,Success
PAY0001340,ORD001340,2024-05-30,Credit Card,2757.81,Success
PAY0001341,ORD001341,2023-03-29,Debit Card,19868.66,Success
PAY0001342,ORD001342,2023-07-04,UPI,7131.42,Success
PAY0001343,ORD001343,2023-01-04,Wallet,26338.71,Success
PAY0001344,ORD001344,2023-08-21,Cash on Delivery,19673.620000000003,Success
PAY0001345,ORD001345,2023-12-27,Credit Card,6999.91,Success
PAY0001346,ORD001346,2024-05-04,UPI,14414.0,Success
PAY0001347,ORD001347,2025-03-09,UPI,2606.79,Failed
PAY0001348,ORD001348,2024-06-19,Wallet,7859.54,Success
PAY0001349,ORD001349,2024-04-03,Credit Card,11879.2,Success
PAY0001350,ORD001350,2024-03-06,Net Banking,23049.43,Success
PAY0001351,ORD001351,2023-07-04,Debit Card,8749.5,Success
PAY0001352,ORD001352,2024-01-14,Cash on Delivery,379.5,Success
PAY0001353,ORD001353,2023-04-07,Debit Card,20323.46,Refunded
PAY0001354,ORD001354,2023-06-17,Wallet,40512.88,Pending
PAY0001355,ORD001355,2024-04-02,Net Banking,949.3299999999999,Success
PAY0001356,ORD001356,2023-10-05,UPI,6036.0599999999995,Success
PAY0001357,ORD001357,2023-03-07,Cash on Delivery,945.94,Success
PAY0001358,ORD001358,2024-07-22,Debit Card,3365.3,Success
PAY0001359,ORD001359,2023-12-30,Credit Card,2652.64,Pending
PAY0001360,ORD001360,2023-07-20,Debit Card,2950.23,Success
PAY0001361,ORD001361,2023-10-23,Net Banking,11309.04,Success
PAY0001362,ORD001362,2024-07-05,UPI,39267.06,Success
PAY0001363,ORD001363,2023-02-01,Credit Card,24175.65,Success
PAY0001364,ORD001364,2024-02-10,UPI,9853.85,Success
PAY0001365,ORD001365,2023-06-17,Net Banking,28394.620000000003,Success
PAY0001366,ORD001366,2024-09-11,Wallet,1051.72,Success
PAY0001367,ORD001367,2024-09-18,Wallet,3632.18,Success
PAY0001368,ORD001368,2024-08-12,Net Banking,5364.65,Success
PAY0001369,ORD001369,2024-07-20,Cash on Delivery,11601.19,Success
PAY0001370,ORD001370,2024-07-23,UPI,10176.880000000001,Success
PAY0001371,ORD001371,2024-01-17,Cash on Delivery,8235.83,Success
PAY0001372,ORD001372,2024-11-29,UPI,-1410.6,Success
PAY0001373,ORD001373,2024-01-04,Credit Card,2943.38,Success
PAY0001374,ORD001374,2024-07-09,Net Banking,27462.37,Success
PAY0001375,ORD001375,2023-01-23,Cash on Delivery,6820.63,Success
PAY0001376,ORD001376,2023-02-03,Cash on Delivery,16867.760000000002,Success
PAY0001377,ORD001377,2023-10-31,UPI,31307.83,Success
PAY0001378,ORD001378,2023-10-09,Cash on Delivery,19550.489999999998,Success
PAY0001379,ORD001379,2023-06-20,Credit Card,8013.210000000001,Success
PAY0001380,ORD001380,2024-09-19,UPI,1709.04,Pending
PAY0001381,ORD001381,2023-07-09,UPI,38823.11,Refunded
PAY0001382,ORD001382,2024-03-27,UPI,2615.05,Failed
PAY0001383,ORD001383,2024-07-09,UPI,10871.29,Success
PAY0001384,ORD001384,2024-04-09,Credit Card,5809.73,Success
PAY0001385,ORD001385,2023-05-24,UPI,5791.83,Success
PAY0001386,ORD001386,2023-03-02,Credit Card,10823.720000000001,Success
PAY0001387,ORD001387,2024-05-01,Cash on Delivery,4323.79,Success
PAY0001388,ORD001388,2024-07-03,Wallet,14298.2,Failed
PAY0001389,ORD001389,2024-07-21,Debit Card,16605.35,Success
PAY0001390,ORD001390,2023-05-24,UPI,5435.74,Success
PAY0001391,ORD001391,2024-01-14,Debit Card,1992.76,Success
PAY0001392,ORD001392,2024-10-16,Debit Card,9104.21,Success
PAY0001393,ORD001393,2023-10-04,Net Banking,1488.81,Success
PAY0001394,ORD001394,2023-11-01,Cash on Delivery,318.81,Success
PAY0001395,ORD001395,2023-05-02,Net Banking,494.65,Success
PAY0001396,ORD001396,2024-09-12,Credit Card,6190.82,Success
PAY0001397,ORD001397,2023-07-19,Cash on Delivery,11243.32,Success
PAY0001398,ORD001398,2023-09-04,Cash on Delivery,38121.240000000005,Success
PAY0001399,ORD001399,2024-05-01,Credit Card,24457.01,Success
PAY0001400,ORD001400,2024-05-06,UPI,19280.54,Success
PAY0001401,ORD001401,2023-11-22,Cash on Delivery,1889.82,Refunded
PAY0001402,ORD001402,2023-12-04,Debit Card,6459.71,Success
PAY0001403,ORD001403,2023-02-21,Credit Card,4031.62,Success
PAY0001404,ORD001404,2023-07-12,Credit Card,5157.139999999999,Success
PAY0001405,ORD001405,2024-01-23,Cash on Delivery,33964.11,Success
PAY0001406,ORD001406,2023-08-19,Net Banking,2016.4,Success
PAY0001407,ORD001407,2024-10-08,Net Banking,12149.26,Success
PAY0001408,ORD001408,2024-08-23,Cash on Delivery,1802.27,Success
PAY0001409,ORD001409,2023-12-17,Debit Card,19158.230000000003,Success
PAY0001410,ORD001410,2023-06-17,Net Banking,4961.76,Success
PAY0001411,ORD001411,2023-06-26,Net Banking,22282.02,Success
PAY0001412,ORD001412,2023-11-02,Wallet,10135.88,Success
PAY0001413,ORD001413,2024-01-15,Cash on Delivery,53538.009999999995,Success
PAY0001414,ORD001414,2023-05-12,Wallet,32618.459999999995,Success
PAY0001415,ORD001415,2024-03-28,Credit Card,10711.84,Refunded
PAY0001416,ORD001416,2023-05-21,Credit Card,54474.67,Success
PAY0001417,ORD001417,2023-03-26,Net Banking,18611.54,Success
PAY0001418,ORD001418,2023-12-03,Wallet,594.28,Success
PAY0001419,ORD001419,2024-06-22,Net Banking,4012.17,Success
PAY0001420,ORD001420,2023-08-03,UPI,2028.86,Success
PAY0001421,ORD001421,2024-08-16,Net Banking,7612.47,Success
PAY0001422,ORD001422,2023-12-14,Credit Card,19311.829999999998,Success
PAY0001423,ORD001423,2024-10-09,Debit Card,5900.46,Success
PAY0001424,ORD001424,2023-11-21,UPI,43855.27,Success
PAY0001425,ORD001425,2023-04-04,UPI,21070.01,Success
PAY0001426,ORD001426,2023-01-13,Cash on Delivery,27811.949999999997,Success
PAY0001427,ORD001427,2023-05-05,Wallet,5864.13,Success
PAY0001428,ORD001428,2023-05-10,Credit Card,22376.92,Success
PAY0001429,ORD001429,2023-12-24,Credit Card,3506.84,Success
PAY0001430,ORD001430,2023-12-03,Wallet,3435.42,Success
PAY0001431,ORD001431,2023-12-02,Wallet,4267.35,Pending
PAY0001432,ORD001432,2023-12-21,Net Banking,6530.38,Success
PAY0001433,ORD001433,2023-03-22,Wallet,18395.7,Refunded
PAY0001434,ORD001434,2023-12-29,Net Banking,15261.699999999999,Success
PAY0001435,ORD001435,2024-03-18,Credit Card,30286.29,Success
PAY0001436,ORD001436,2024-10-31,Wallet,16277.2,Success
PAY0001437,ORD001437,2024-01-02,Credit Card,5415.5,Success
PAY0001438,ORD001438,2023-02-15,Credit Card,4266.37,Failed
PAY0001439,ORD001439,2023-01-31,Cash on Delivery,-3058.2500000000023,Success
PAY0001440,ORD001440,2024-02-27,Debit Card,13375.9,Success
PAY0001441,ORD001441,2023-09-21,Net Banking,18541.67,Refunded
PAY0001442,ORD001442,2024-10-01,Cash on Delivery,17751.31,Success
PAY0001443,ORD001443,2024-07-04,Credit Card,2019.38,Success
PAY0001444,ORD001444,2023-02-10,Wallet,8431.769999999999,Success
PAY0001445,ORD001445,2023-09-30,Net Banking,5584.9,Failed
PAY0001446,ORD001446,2023-04-15,Wallet,14295.369999999999,Success
PAY0001447,ORD001447,2023-08-25,Credit Card,29708.95,Success
PAY0001448,ORD001448,2024-03-07,Wallet,25232.2,Success
PAY0001449,ORD001449,2024-08-08,Wallet,7052.72,Success
PAY0001450,ORD001450,2023-10-06,UPI,19744.440000000002,Success
PAY0001451,ORD001451,2023-12-03,Wallet,4686.86,Success
PAY0001452,ORD001452,2023-01-25,Cash on Delivery,38474.79,Success
PAY0001453,ORD001453,2024-01-31,Cash on Delivery,3768.66,Success
PAY0001454,ORD001454,2024-08-30,Debit Card,29707.829999999998,Success
PAY0001455,ORD001455,2024-03-31,Debit Card,9623.650000000001,Success
PAY0001456,ORD001456,2023-10-18,Wallet,10918.77,Success
PAY0001457,ORD001457,2024-09-11,Wallet,3383.19,Success
PAY0001458,ORD001458,2023-01-26,Net Banking,3616.25,Success
PAY0001459,ORD001459,2023-02-11,Wallet,9032.74,Success
PAY0001460,ORD001460,2025-09-18,Cash on Delivery,48038.590000000004,Refunded
PAY0001461,ORD001461,2023-03-09,Wallet,19530.48,Success
PAY0001462,ORD001462,2023-04-14,Net Banking,23911.46,Success
PAY0001463,ORD001463,2024-10-20,Cash on Delivery,12439.87,Success
PAY0001464,ORD001464,2023-05-29,Wallet,14913.83,Success
PAY0001465,ORD001465,2024-05-01,Wallet,8679.57,Success
PAY0001466,ORD001466,2024-01-19,Credit Card,14519.37,Success
PAY0001467,ORD001467,2024-10-25,Cash on Delivery,3944.29,Success
PAY0001468,ORD001468,2023-02-23,Wallet,2887.17,Success
PAY0001469,ORD001469,2023-08-11,Net Banking,13852.76,Success
PAY0001470,ORD001470,2023-03-02,Net Banking,12123.84,Success
PAY0001471,ORD001471,2024-02-06,UPI,3144.6,Success
PAY0001472,ORD001472,2024-07-13,Wallet,38016.52,Success
PAY0001473,ORD001473,2023-02-01,Credit Card,7740.56,Success
PAY0001474,ORD001474,2023-01-14,Credit Card,4592.96,Success
PAY0001475,ORD001475,2024-11-04,Cash on Delivery,11784.77,Failed
PAY0001476,ORD001476,2024-08-05,Credit Card,7101.66,Success
PAY0001477,ORD001477,2023-07-12,Net Banking,16519.7,Success
PAY0001478,ORD001478,2024-02-25,Net Banking,6283.38,Success
PAY0001479,ORD001479,2024-04-30,UPI,17222.53,Success
PAY0001480,ORD001480,2023-08-20,Wallet,14789.13,Success
PAY0001481,ORD001481,2024-10-25,Credit Card,1926.71,Success
PAY0001482,ORD001482,2023-03-27,Cash on Delivery,1617.83,Success
PAY0001483,ORD001483,2023-07-06,Net Banking,14076.64,Success
PAY0001484,ORD001484,2023-11-22,Debit Card,5843.54,Success
PAY0001485,ORD001485,2024-09-09,Cash on Delivery,40342.96,Success
PAY0001486,ORD001486,2023-10-05,Cash on Delivery,14095.04,Success
PAY0001487,ORD001487,2024-01-28,Credit Card,13924.349999999999,Success
PAY0001488,ORD001488,2024-08-19,Debit Card,1359.31,Success
PAY0001489,ORD001489,2024-09-13,Net Banking,3864.48,Success
PAY0001490,ORD001490,2024-11-24,Cash on Delivery,20397.14,Success
PAY0001491,ORD001491,2024-05-28,Debit Card,15808.580000000002,Success
PAY0001492,ORD001492,2024-03-25,Credit Card,1460.84,Success
PAY0001493,ORD001493,2023-10-28,Debit Card,-6672.71,Success
PAY0001494,ORD001494,2024-08-09,Wallet,18609.79,Pending
PAY0001495,ORD001495,2023-07-25,UPI,19940.97,Success
PAY0001496,ORD001496,2023-10-04,Net Banking,18119.61,Success
PAY0001497,ORD001497,2024-02-25,Wallet,19081.12,Success
PAY0001498,ORD001498,2023-03-12,Cash on Delivery,945.94,Success
PAY0001499,ORD001499,2023-01-17,UPI,14814.74,Pending
PAY0001500,ORD001500,2023-03-05,Credit Card,35518.59,Refunded
PAY0001501,ORD001501,2025-04-12,UPI,23569.82,Pending
PAY0001502,ORD001502,2024-08-04,Wallet,27860.87,Success
PAY0001503,ORD001503,2023-04-05,UPI,12010.54,Success
PAY0001504,ORD001504,2024-05-21,Cash on Delivery,39709.93,Success
PAY0001505,ORD001505,2024-04-17,Cash on Delivery,6559.01,Success
PAY0001506,ORD001506,2023-11-07,Credit Card,1302.09,Success
PAY0001507,ORD001507,2023-09-09,Cash on Delivery,9421.140000000001,Success
PAY0001508,ORD001508,2024-06-12,Wallet,23098.86,Success
PAY0001509,ORD001509,2024-04-02,UPI,34151.46,Success
PAY0001510,ORD001510,2024-07-24,UPI,6584.83,Success
PAY0001511,ORD001511,2023-11-16,Wallet,12850.900000000001,Success
PAY0001512,ORD001512,2023-03-12,Wallet,1259.88,Success
PAY0001513,ORD001513,2024-04-05,Cash on Delivery,7150.39,Refunded
PAY0001514,ORD001514,2023-10-07,UPI,1950.63,Success
PAY0001515,ORD001515,2024-07-17,Credit Card,22070.36,Success
PAY0001516,ORD001516,2023-04-07,UPI,23778.59,Success
PAY0001517,ORD001517,2024-09-02,Debit Card,2450.45,Success
PAY0001518,ORD001518,2023-02-05,Wallet,39112.72,Success
PAY0001519,ORD001519,2023-05-20,Credit Card,11449.94,Success
PAY0001520,ORD001520,2023-11-16,Wallet,38201.66,Success
PAY0001521,ORD001521,2023-06-14,Cash on Delivery,1907.13,Success
PAY0001522,ORD001522,2023-04-22,Wallet,3443.88,Success
PAY0001523,ORD001523,2023-12-21,Cash on Delivery,6285.11,Failed
PAY0001524,ORD001524,2024-04-20,Credit Card,438.59,Success
PAY0001525,ORD001525,2023-03-30,Debit Card,23332.190000000002,Success
PAY0001526,ORD001526,2023-06-29,Debit Card,18805.789999999997,Failed
PAY0001527,ORD001527,2023-05-11,Net Banking,3963.16,Failed
PAY0001528,ORD001528,2024-03-24,Wallet,1903.95,Success
PAY0001529,ORD001529,2023-11-16,Cash on Delivery,18312.29,Success
PAY0001530,ORD001530,2024-03-27,UPI,6649.3,Success
PAY0001531,ORD001531,2023-04-20,Debit Card,11013.5,Success
PAY0001532,ORD001532,2023-11-15,UPI,25634.769999999997,Success
PAY0001533,ORD001533,2024-05-19,Debit Card,3087.9,Success
PAY0001534,ORD001534,2024-04-14,Debit Card,1399.56,Success
PAY0001535,ORD001535,2024-02-01,Cash on Delivery,18545.3,Success
PAY0001536,ORD001536,2023-10-10,UPI,17574.24,Success
PAY0001537,ORD001537,2023-10-05,Net Banking,45971.61,Pending
PAY0001538,ORD001538,2024-08-18,Cash on Delivery,1498.15,Success
PAY0001539,ORD001539,2024-06-07,Net Banking,13258.99,Success
PAY0001540,ORD001540,2023-11-17,Cash on Delivery,10925.119999999999,Success
PAY0001541,ORD001541,2024-01-25,UPI,-7032.85,Success
PAY0001542,ORD001542,2023-09-19,Cash on Delivery,21125.379999999997,Success
PAY0001543,ORD001543,2024-02-16,Cash on Delivery,4658.28,Success
PAY0001544,ORD001544,2023-04-15,UPI,3992.96,Success
PAY0001545,ORD001545,2023-06-02,Net Banking,37941.8,Success
PAY0001546,ORD001546,2023-08-20,Cash on Delivery,22081.559999999998,Success
PAY0001547,ORD001547,2023-03-10,Net Banking,36534.1,Success
PAY0001548,ORD001548,2023-09-26,Credit Card,6917.48,Success
PAY0001549,ORD001549,2023-04-06,Credit Card,14714.27,Failed
PAY0001550,ORD001550,2023-09-11,Cash on Delivery,24174.7,Success
PAY0001551,ORD001551,2024-03-13,Cash on Delivery,8706.0,Success
PAY0001552,ORD001552,2024-01-30,Net Banking,25175.26,Success
PAY0001553,ORD001553,2024-09-01,Credit Card,50674.37,Failed
PAY0001554,ORD001554,2023-03-25,Credit Card,3944.29,Success
PAY0001555,ORD001555,2023-05-01,Net Banking,17378.81,Success
PAY0001556,ORD001556,2024-10-31,Cash on Delivery,260.84,Success
PAY0001557,ORD001557,2023-06-10,Wallet,4353.93,Success
PAY0001558,ORD001558,2023-09-24,Wallet,6484.969999999999,Success
PAY0001559,ORD001559,2024-01-09,Net Banking,13686.560000000001,Success
PAY0001560,ORD001560,2023-08-19,Credit Card,21949.09,Success
PAY0001561,ORD001561,2024-07-26,Debit Card,10416.57,Success
PAY0001562,ORD001562,2024-09-07,Credit Card,8872.210000000001,Success
PAY0001563,ORD001563,2024-03-14,Debit Card,6048.22,Success
PAY0001564,ORD001564,2023-05-13,Debit Card,62681.329999999994,Success
PAY0001565,ORD001565,2024-05-10,UPI,4595.24,Success
PAY0001566,ORD001566,2024-04-03,Net Banking,13568.18,Refunded
PAY0001567,ORD001567,2023-10-22,Net Banking,4057.72,Success
PAY0001568,ORD001568,2024-04-24,Cash on Delivery,31006.829999999998,Success
PAY0001569,ORD001569,2023-07-21,Debit Card,9593.51,Success
PAY0001570,ORD001570,2024-02-06,Cash on Delivery,5119.63,Success
PAY0001571,ORD001571,2024-07-21,Debit Card,7371.49,Success
PAY0001572,ORD001572,2024-12-02,Net Banking,7282.0,Success
PAY0001573,ORD001573,2024-01-10,Wallet,23664.78,Success
PAY0001574,ORD001574,2023-11-03,Wallet,12581.37,Success
PAY0001575,ORD001575,2023-07-25,Cash on Delivery,17283.12,Success
PAY0001576,ORD001576,2023-10-16,Net Banking,17182.83,Success
PAY0001577,ORD001577,2024-08-14,Credit Card,535.55,Success
PAY0001578,ORD001578,2023-01-11,Credit Card,1277.73,Success
PAY0001579,ORD001579,2023-11-23,Wallet,21367.55,Success
PAY0001580,ORD001580,2024-05-02,Cash on Delivery,16074.27,Success
PAY0001581,ORD001581,2024-02-18,Net Banking,19628.73,Success
PAY0001582,ORD001582,2024-07-20,Debit Card,10653.43,Success
PAY0001583,ORD001583,2024-05-26,Credit Card,16142.64,Success
PAY0001584,ORD001584,2024-03-13,Credit Card,7671.9,Success
PAY0001585,ORD001585,2023-05-21,Wallet,16349.8,Success
PAY0001586,ORD001586,2023-08-31,Cash on Delivery,6107.73,Success
PAY0001587,ORD001587,2023-09-23,Credit Card,2432.0,Success
PAY0001588,ORD001588,2024-04-17,Net Banking,6769.96,Success
PAY0001589,ORD001589,2024-03-24,Wallet,5531.53,Success
PAY0001590,ORD001590,2023-02-07,Debit Card,498.3,Refunded
PAY0001591,ORD001591,2024-04-22,Cash on Delivery,4813.950000000001,Success
PAY0001592,ORD001592,2024-10-18,Net Banking,27494.32,Success
PAY0001593,ORD001593,2023-11-25,Debit Card,10042.8,Success
PAY0001594,ORD001594,2023-11-07,Net Banking,8661.69,Success
PAY0001595,ORD001595,2024-07-31,Net Banking,10115.71,Success
PAY0001596,ORD001596,2024-04-08,UPI,3250.8399999999997,Success
PAY0001597,ORD001597,2024-03-15,Credit Card,7168.01,Success
PAY0001598,ORD001598,2023-05-29,Credit Card,-7735.539999999999,Success
PAY0001599,ORD001599,2024-07-15,Net Banking,9163.85,Success
PAY0001600,ORD001600,2023-08-12,Wallet,24604.34,Success
PAY0001601,ORD001601,2024-02-24,Wallet,14382.119999999999,Success
PAY0001602,ORD001602,2024-08-29,UPI,28333.92,Refunded
PAY0001603,ORD001603,2023-09-25,Cash on Delivery,16519.480000000003,Success
PAY0001604,ORD001604,2023-05-31,Net Banking,6704.7,Failed
PAY0001605,ORD001605,2024-09-03,Wallet,25210.44,Success
PAY0001606,ORD001606,2024-12-02,UPI,27608.28,Success
PAY0001607,ORD001607,2024-04-20,Debit Card,5230.1,Success
PAY0001608,ORD001608,2023-01-29,Wallet,36016.56,Success
PAY0001609,ORD001609,2023-05-15,Net Banking,6282.37,Success
PAY0001610,ORD001610,2024-05-09,Debit Card,52845.270000000004,Success
PAY0001611,ORD001611,2024-03-12,Wallet,10075.9,Success
PAY0001612,ORD001612,2023-06-14,Net Banking,28209.96,Pending
PAY0001613,ORD001613,2024-08-13,Cash on Delivery,2259.53,Success
PAY0001614,ORD001614,2024-08-17,Wallet,11837.63,Success
PAY0001615,ORD001615,2024-02-28,UPI,602.24,Success
PAY0001616,ORD001616,2023-07-09,Wallet,3719.14,Success
PAY0001617,ORD001617,2023-03-18,Debit Card,6109.009999999999,Success
PAY0001618,ORD001618,2024-02-15,UPI,24827.3,Success
PAY0001619,ORD001619,2023-02-03,Credit Card,1235.89,Success
PAY0001620,ORD001620,2023-09-18,Credit Card,6094.88,Success
PAY0001621,ORD001621,2023-06-13,Net Banking,2915.56,Success
PAY0001622,ORD001622,2023-01-08,Debit Card,11264.9,Success
PAY0001623,ORD001623,2023-09-26,Debit Card,4979.64,Success
PAY0001624,ORD001624,2023-11-29,Cash on Delivery,14029.039999999999,Pending
PAY0001625,ORD001625,2024-05-22,Credit Card,1373.9,Success
PAY0001626,ORD001626,2023-08-17,Net Banking,16592.829999999998,Success
PAY0001627,ORD001627,2024-03-19,Cash on Delivery,19561.44,Success
PAY0001628,ORD001628,2023-06-20,Credit Card,10736.189999999999,Success
PAY0001629,ORD001629,2025-10-05,Cash on Delivery,16297.16,Success
PAY0001630,ORD001630,2024-03-22,Credit Card,875.76,Success
PAY0001631,ORD001631,2023-01-26,Wallet,14617.56,Success
PAY0001632,ORD001632,2023-06-28,Cash on Delivery,9197.85,Success
PAY0001633,ORD001633,2023-09-03,Wallet,6539.82,Success
PAY0001634,ORD001634,2023-08-19,Debit Card,20109.79,Success
PAY0001635,ORD001635,2023-06-21,Net Banking,7249.6,Success
PAY0001636,ORD001636,2023-12-21,Wallet,10649.19,Success
PAY0001637,ORD001637,2023-12-03,Wallet,1127.73,Success
PAY0001638,ORD001638,2024-07-29,Cash on Delivery,6949.639999999999,Success
PAY0001639,ORD001639,2024-09-10,Net Banking,1704.64,Success
PAY0001640,ORD001640,2023-12-22,Cash on Delivery,2371.61,Success
PAY0001641,ORD001641,2023-10-05,UPI,2494.33,Success
PAY0001642,ORD001642,2024-02-10,Debit Card,12814.2,Success
PAY0001643,ORD001643,2023-09-07,Debit Card,9012.72,Success
PAY0001644,ORD001644,2024-01-17,Net Banking,71852.21,Success
PAY0001645,ORD001645,2024-10-20,Credit Card,18188.97,Pending
PAY0001646,ORD001646,2024-08-23,Net Banking,9665.8,Success
PAY0001647,ORD001647,2024-01-20,Debit Card,3536.79,Success
PAY0001648,ORD001648,2023-11-26,Wallet,7915.14,Success
PAY0001649,ORD001649,2023-01-27,UPI,13360.6,Success
PAY0001650,ORD001650,2023-01-07,UPI,6449.58,Success
PAY0001651,ORD001651,2023-11-21,Net Banking,5906.9,Success
PAY0001652,ORD001652,2024-12-30,Debit Card,36853.77,Refunded
PAY0001653,ORD001653,2023-08-06,Wallet,15729.81,Success
PAY0001654,ORD001654,2024-06-14,Credit Card,9006.12,Success
PAY0001655,ORD001655,2024-04-23,Cash on Delivery,8051.81,Success
PAY0001656,ORD001656,2023-04-09,Debit Card,9197.85,Success
PAY0001657,ORD001657,2024-07-08,Credit Card,556.92,Success
PAY0001658,ORD001658,2024-07-10,Debit Card,17419.87,Success
PAY0001659,ORD001659,2023-07-26,Wallet,19775.53,Success
PAY0001660,ORD001660,2023-12-31,Cash on Delivery,42856.700000000004,Success
PAY0001661,ORD001661,2024-11-12,Wallet,3657.98,Success
PAY0001662,ORD001662,2024-06-26,Cash on Delivery,7241.83,Success
PAY0001663,ORD001663,2024-03-25,Debit Card,15400.350000000002,Failed
PAY0001664,ORD001664,2024-02-14,Net Banking,16063.81,Success
PAY0001665,ORD001665,2024-10-15,Debit Card,11081.02,Success
PAY0001666,ORD001666,2025-07-22,Credit Card,546.18,Success
PAY0001667,ORD001667,2023-07-08,Cash on Delivery,455.17,Success
PAY0001668,ORD001668,2023-07-13,Cash on Delivery,18364.7,Failed
PAY0001669,ORD001669,2023-06-17,Credit Card,8693.03,Success
PAY0001670,ORD001670,2023-01-14,Cash on Delivery,976.57,Success
PAY0001671,ORD001671,2024-02-13,Cash on Delivery,13208.26,Success
PAY0001672,ORD001672,2024-01-07,Cash on Delivery,34159.97,Success
PAY0001673,ORD001673,2023-01-21,Net Banking,9358.59,Success
PAY0001674,ORD001674,2023-08-13,Net Banking,17297.34,Success
PAY0001675,ORD001675,2023-11-02,Wallet,3262.54,Success
PAY0001676,ORD001676,2023-02-17,Net Banking,3835.95,Success
PAY0001677,ORD001677,2023-11-25,Debit Card,6210.01,Success
PAY0001678,ORD001678,2024-05-03,Debit Card,11729.34,Success
PAY0001679,ORD001679,2023-12-31,UPI,803.32,Success
PAY0001680,ORD001680,2024-03-10,Wallet,17580.77,Success
PAY0001681,ORD001681,2023-07-31,Net Banking,16471.66,Failed
PAY0001682,ORD001682,2023-09-23,Wallet,5100.87,Refunded
PAY0001683,ORD001683,2024-02-06,Wallet,8624.310000000001,Success
PAY0001684,ORD001684,2024-04-18,Debit Card,550.96,Success
PAY0001685,ORD001685,2023-02-04,Credit Card,65570.76,Success
PAY0001686,ORD001686,2023-10-12,Wallet,43948.649999999994,Success
PAY0001687,ORD001687,2024-06-08,Credit Card,14963.699999999999,Refunded
PAY0001688,ORD001688,2024-09-27,Debit Card,13174.05,Success
PAY0001689,ORD001689,2023-10-21,Cash on Delivery,39395.630000000005,Success
PAY0001690,ORD001690,2023-06-24,Wallet,1718.72,Success
PAY0001691,ORD001691,2024-08-12,Debit Card,24528.92,Success
PAY0001692,ORD001692,2024-07-05,Debit Card,8581.47,Success
PAY0001693,ORD001693,2023-10-18,Net Banking,22663.739999999998,Success
PAY0001694,ORD001694,2023-03-08,Credit Card,895.09,Success
PAY0001695,ORD001695,2023-12-12,Cash on Delivery,7229.99,Success
PAY0001696,ORD001696,2023-08-30,UPI,3835.21,Success
PAY0001697,ORD001697,2024-07-01,Credit Card,11739.5,Success
PAY0001698,ORD001698,2023-04-08,Wallet,5351.1,Success
PAY0001699,ORD001699,2023-02-23,Net Banking,1121.41,Failed
PAY0001700,ORD001700,2024-03-01,Net Banking,18060.28,Success
PAY0001701,ORD001701,2024-02-21,Wallet,629.94,Success
PAY0001702,ORD001702,2024-01-18,Net Banking,26682.199999999997,Success
PAY0001703,ORD001703,2024-04-08,Debit Card,29464.15,Failed
PAY0001704,ORD001704,2023-12-10,UPI,36811.04,Failed
PAY0001705,ORD001705,2024-01-11,Cash on Delivery,32291.64,Success
PAY0001706,ORD001706,2023-10-02,UPI,10815.789999999999,Success
PAY0001707,ORD001707,2024-10-24,Net Banking,3095.41,Success
PAY0001708,ORD001708,2024-07-15,Credit Card,6693.56,Success
PAY0001709,ORD001709,2024-08-12,Debit Card,4595.24,Success
PAY0001710,ORD001710,2024-06-07,Debit Card,3616.25,Success
PAY0001711,ORD001711,2023-02-18,Net Banking,5164.22,Success
PAY0001712,ORD001712,2024-06-12,Wallet,19324.28,Success
PAY0001713,ORD001713,2023-11-22,Net Banking,4002.16,Success
PAY0001714,ORD001714,2023-05-24,Debit Card,13521.78,Success
PAY0001715,ORD001715,2024-03-09,Cash on Delivery,6812.46,Success
PAY0001716,ORD001716,2024-02-21,Net Banking,3131.44,Success
PAY0001717,ORD001717,2024-08-15,Debit Card,989.59,Success
PAY0001718,ORD001718,2024-09-25,Debit Card,5418.41,Success
PAY0001719,ORD001719,2024-03-07,Cash on Delivery,8945.32,Refunded
PAY0001720,ORD001720,2023-04-06,UPI,1992.76,Success
PAY0001721,ORD001721,2024-08-26,Wallet,1978.6,Success
PAY0001722,ORD001722,2023-04-01,Wallet,44435.53,Refunded
PAY0001723,ORD001723,2023-01-21,Debit Card,22610.54,Success
PAY0001724,ORD001724,2023-01-31,Cash on Delivery,26813.29,Success
PAY0001725,ORD001725,2023-07-16,UPI,12161.61,Success
PAY0001726,ORD001726,2023-08-29,Debit Card,13051.89,Success
PAY0001727,ORD001727,2023-05-31,Wallet,4249.81,Success
PAY0001728,ORD001728,2023-01-07,Debit Card,43154.06,Success
PAY0001729,ORD001729,2023-12-18,Wallet,5435.74,Failed
PAY0001730,ORD001730,2024-08-20,Credit Card,552.89,Success
PAY0001731,ORD001731,2023-07-24,Cash on Delivery,8632.13,Success
PAY0001732,ORD001732,2023-06-12,UPI,22743.530000000002,Success
PAY0001733,ORD001733,2023-02-04,Wallet,25626.18,Success
PAY0001734,ORD001734,2024-03-02,Debit Card,11386.79,Success
PAY0001735,ORD001735,2023-12-02,UPI,3376.82,Success
PAY0001736,ORD001736,2024-11-08,Net Banking,30384.66,Success
PAY0001737,ORD001737,2023-04-03,Credit Card,40535.79,Success
PAY0001738,ORD001738,2024-09-08,UPI,35676.05,Success
PAY0001739,ORD001739,2023-05-18,UPI,934.66,Success
PAY0001740,ORD001740,2023-05-05,Wallet,24257.2,Success
PAY0001741,ORD001741,2024-11-21,Net Banking,8273.43,Success
PAY0001742,ORD001742,2024-10-10,Debit Card,8298.74,Success
PAY0001743,ORD001743,2023-01-09,Net Banking,17149.309999999998,Success
PAY0001744,ORD001744,2023-11-04,Cash on Delivery,34115.46000000001,Failed
PAY0001745,ORD001745,2023-08-19,Net Banking,25442.100000000002,Success
PAY0001746,ORD001746,2024-04-07,Cash on Delivery,9608.14,Success
PAY0001747,ORD001747,2023-05-16,Credit Card,18272.14,Success
PAY0001748,ORD001748,2023-02-14,UPI,2445.54,Success
PAY0001749,ORD001749,2024-06-29,Net Banking,9833.029999999999,Success
PAY0001750,ORD001750,2024-02-16,Debit Card,26647.690000000002,Success
PAY0001751,ORD001751,2024-08-07,UPI,253.58,Failed
PAY0001752,ORD001752,2024-02-28,Net Banking,2206.54,Success
PAY0001753,ORD001753,2024-04-21,UPI,5804.0,Success
PAY0001754,ORD001754,2024-01-20,Net Banking,960.0,Success
PAY0001755,ORD001755,2023-05-21,UPI,24742.75,Refunded
PAY0001756,ORD001756,2023-06-21,Wallet,30677.7,Success
PAY0001757,ORD001757,2023-03-18,Cash on Delivery,11049.259999999998,Success
PAY0001758,ORD001758,2023-12-22,Cash on Delivery,18768.02,Success
PAY0001759,ORD001759,2024-09-09,Credit Card,43135.380000000005,Success
PAY0001760,ORD001760,2024-02-15,UPI,10435.9,Success
PAY0001761,ORD001761,2024-03-23,Net Banking,35924.88,Success
PAY0001762,ORD001762,2023-09-15,Credit Card,23544.64,Success
PAY0001763,ORD001763,2023-07-14,Credit Card,7355.63,Success
PAY0001764,ORD001764,2023-03-12,Cash on Delivery,21783.69,Failed
PAY0001765,ORD001765,2023-06-03,Cash on Delivery,6965.34,Success
PAY0001766,ORD001766,2023-02-06,Debit Card,8123.36,Success
PAY0001767,ORD001767,2023-01-20,Net Banking,13327.93,Success
PAY0001768,ORD001768,2024-04-27,Wallet,1789.22,Success
PAY0001769,ORD001769,2023-11-02,Credit Card,8581.66,Success
PAY0001770,ORD001770,2023-02-27,Debit Card,4244.48,Success
PAY0001771,ORD001771,2024-03-13,UPI,15362.76,Success
PAY0001772,ORD001772,2024-09-30,Net Banking,7163.14,Success
PAY0001773,ORD001773,2023-02-07,Credit Card,8605.63,Pending
PAY0001774,ORD001774,2024-11-06,UPI,13488.17,Success
PAY0001775,ORD001775,2023-04-14,Debit Card,15003.54,Success
PAY0001776,ORD001776,2023-01-10,UPI,3267.01,Success
PAY0001777,ORD001777,2023-11-24,Net Banking,20965.86,Success
PAY0001778,ORD001778,2023-04-11,Credit Card,8920.26,Success
PAY0001779,ORD001779,2024-05-26,Credit Card,832.87,Success
PAY0001780,ORD001780,2023-02-19,Wallet,22696.04,Success
PAY0001781,ORD001781,2024-08-30,Wallet,3506.84,Success
PAY0001782,ORD001782,2023-07-08,Credit Card,26371.68,Success
PAY0001783,ORD001783,2024-07-17,Debit Card,260.84,Success
PAY0001784,ORD001784,2024-03-02,Debit Card,1790.18,Success
PAY0001785,ORD001785,2024-04-27,Cash on Delivery,2043.82,Success
PAY0001786,ORD001786,2024-07-24,UPI,3065.64,Success
PAY0001787,ORD001787,2024-07-05,Net Banking,18137.43,Success
PAY0001788,ORD001788,2023-02-08,Credit Card,3095.98,Success
PAY0001789,ORD001789,2024-07-11,Credit Card,26370.940000000002,Success
PAY0001790,ORD001790,2023-09-27,Wallet,11079.19,Success
PAY0001791,ORD001791,2024-02-13,Cash on Delivery,1348.34,Success
PAY0001792,ORD001792,2023-09-10,Wallet,26612.27,Success
PAY0001793,ORD001793,2023-10-11,Wallet,12947.84,Refunded
PAY0001794,ORD001794,2024-07-09,UPI,1545.9,Success
PAY0001795,ORD001795,2023-09-03,Cash on Delivery,3616.25,Success
PAY0001796,ORD001796,2024-10-07,Wallet,1083.33,Success
PAY0001797,ORD001797,2023-11-29,Debit Card,20703.7,Success
PAY0001798,ORD001798,2024-03-24,Credit Card,6891.56,Success
PAY0001799,ORD001799,2023-05-19,Debit Card,17448.87,Success
PAY0001800,ORD001800,2023-01-22,Wallet,25072.949999999997,Success
PAY0001801,ORD001801,2024-07-26,Cash on Delivery,33419.48,Success
PAY0001802,ORD001802,2024-09-07,Credit Card,290.6,Success
PAY0001803,ORD001803,2023-08-16,Debit Card,1981.58,Success
PAY0001804,ORD001804,2023-04-10,Credit Card,14957.0,Pending
PAY0001805,ORD001805,2024-02-15,Cash on Delivery,7762.99,Success
PAY0001806,ORD001806,2023-10-31,Cash on Delivery,231.58,Success
PAY0001807,ORD001807,2024-11-25,Debit Card,4896.65,Success
PAY0001808,ORD001808,2024-05-06,Wallet,-2872.8800000000006,Success
PAY0001809,ORD001809,2024-10-18,Debit Card,34278.09,Success
PAY0001810,ORD001810,2024-09-24,Cash on Delivery,1188.71,Pending
PAY0001811,ORD001811,2024-02-01,Wallet,11010.15,Success
PAY0001812,ORD001812,2024-01-22,Credit Card,19743.7,Success
PAY0001813,ORD001813,2024-07-01,UPI,629.94,Success
PAY0001814,ORD001814,2023-01-09,Credit Card,25458.0,Pending
PAY0001815,ORD001815,2024-02-07,UPI,6038.15,Success
PAY0001816,ORD001816,2023-02-15,Debit Card,11716.16,Success
PAY0001817,ORD001817,2023-01-10,Cash on Delivery,2719.98,Pending
PAY0001818,ORD001818,2024-09-01,Wallet,15668.880000000001,Success
PAY0001819,ORD001819,2024-01-10,Credit Card,38167.23,Success
PAY0001820,ORD001820,2024-01-18,Cash on Delivery,2088.46,Success
PAY0001821,ORD001821,2024-10-27,Wallet,42954.240000000005,Success
PAY0001822,ORD001822,2024-03-16,Wallet,29713.19,Success
PAY0001823,ORD001823,2023-10-31,Debit Card,7622.23,Success
PAY0001824,ORD001824,2023-02-16,Credit Card,379.76,Pending
PAY0001825,ORD001825,2023-08-21,Net Banking,8499.09,Success
PAY0001826,ORD001826,2024-09-04,Debit Card,621.23,Success
PAY0001827,ORD001827,2023-12-07,Wallet,5110.68,Success
PAY0001828,ORD001828,2023-06-02,Cash on Delivery,27424.559999999998,Success
PAY0001829,ORD001829,2023-01-14,Net Banking,1188.71,Success
PAY0001830,ORD001830,2024-03-12,UPI,31361.78,Success
PAY0001831,ORD001831,2024-03-08,Net Banking,13665.02,Success
PAY0001832,ORD001832,2024-01-13,Cash on Delivery,1809.39,Success
PAY0001833,ORD001833,2023-03-12,UPI,1460.84,Success
PAY0001834,ORD001834,2023-04-10,Credit Card,40800.04,Success
PAY0001835,ORD001835,2023-05-15,Net Banking,21489.14,Success
PAY0001836,ORD001836,2024-03-28,Debit Card,5814.08,Success
PAY0001837,ORD001837,2023-08-10,Net Banking,21791.320000000003,Success
PAY0001838,ORD001838,2023-05-10,Credit Card,13151.54,Success
PAY0001839,ORD001839,2024-03-24,Debit Card,12839.26,Success
PAY0001840,ORD001840,2024-02-05,Credit Card,8152.9800000000005,Success
PAY0001841,ORD001841,2024-05-23,Debit Card,11258.96,Success
PAY0001842,ORD001842,2023-02-20,Wallet,-9356.25,Success
PAY0001843,ORD001843,2023-04-03,Cash on Delivery,10985.42,Refunded
PAY0001844,ORD001844,2023-07-10,Credit Card,5326.74,Success
PAY0001845,ORD001845,2023-05-31,Credit Card,10570.59,Success
PAY0001846,ORD001846,2024-08-03,Wallet,12621.75,Success
PAY0001847,ORD001847,2023-11-29,Credit Card,4180.3,Failed
PAY0001848,ORD001848,2024-10-30,Cash on Delivery,15223.470000000001,Refunded
PAY0001849,ORD001849,2023-08-19,Wallet,14192.949999999999,Success
PAY0001850,ORD001850,2023-07-06,Cash on Delivery,40865.78,Success
PAY0001851,ORD001851,2024-09-23,Credit Card,22958.01,Failed
PAY0001852,ORD001852,2023-08-08,Net Banking,7338.38,Success
PAY0001853,ORD001853,2024-09-14,UPI,8364.64,Refunded
PAY0001854,ORD001854,2023-12-20,Net Banking,30907.739999999998,Success
PAY0001855,ORD001855,2024-09-29,Credit Card,13603.27,Failed
PAY0001856,ORD001856,2023-10-20,Cash on Delivery,504.1,Failed
PAY0001857,ORD001857,2023-05-13,Cash on Delivery,3204.08,Success
PAY0001858,ORD001858,2024-06-02,Debit Card,7958.87,Failed
PAY0001859,ORD001859,2023-01-29,Wallet,1718.72,Success
PAY0001860,ORD001860,2024-01-23,Cash on Delivery,4770.86,Success
PAY0001861,ORD001861,2023-05-20,Net Banking,8720.46,Success
PAY0001862,ORD001862,2023-02-26,Net Banking,25019.739999999998,Success
PAY0001863,ORD001863,2024-01-11,Net Banking,17998.83,Success
PAY0001864,ORD001864,2024-03-19,Wallet,37775.59,Success
PAY0001865,ORD001865,2023-07-16,Credit Card,2275.09,Pending
PAY0001866,ORD001866,2023-09-27,Credit Card,1664.05,Success
PAY0001867,ORD001867,2024-09-02,Net Banking,45836.16,Success
PAY0001868,ORD001868,2024-11-28,Wallet,6699.53,Success
PAY0001869,ORD001869,2023-09-21,Debit Card,2307.13,Success
PAY0001870,ORD001870,2023-11-21,Net Banking,11160.670000000002,Success
PAY0001871,ORD001871,2024-03-25,Wallet,11936.36,Success
PAY0001872,ORD001872,2024-01-28,Wallet,235.39,Success
PAY0001873,ORD001873,2024-10-30,Net Banking,82166.5,Success
PAY0001874,ORD001874,2023-09-16,Wallet,8865.62,Success
PAY0001875,ORD001875,2023-05-21,UPI,6164.88,Success
PAY0001876,ORD001876,2023-11-04,Credit Card,8832.24,Success
PAY0001877,ORD001877,2023-03-09,Credit Card,648.79,Success
PAY0001878,ORD001878,2023-07-30,Credit Card,24255.01,Success
PAY0001879,ORD001879,2023-10-28,Net Banking,28406.64,Success
PAY0001880,ORD001880,2023-09-20,Credit Card,27481.440000000002,Success
PAY0001881,ORD001881,2024-07-03,Cash on Delivery,25675.440000000002,Success
PAY0001882,ORD001882,2024-10-01,UPI,4559.42,Success
PAY0001883,ORD001883,2023-09-06,Net Banking,6469.47,Success
PAY0001884,ORD001884,2023-02-24,Wallet,16006.72,Success
PAY0001885,ORD001885,2023-05-18,UPI,1595.31,Success
PAY0001886,ORD001886,2024-12-03,Debit Card,5760.06,Success
PAY0001887,ORD001887,2024-02-13,Debit Card,23569.82,Success
PAY0001888,ORD001888,2024-06-25,Net Banking,11883.58,Success
PAY0001889,ORD001889,2024-04-03,Wallet,6267.7699999999995,Success
PAY0001890,ORD001890,2023-10-29,UPI,6163.62,Success
PAY0001891,ORD001891,2023-04-23,Credit Card,12896.61,Success
PAY0001892,ORD001892,2024-08-28,Cash on Delivery,504.1,Success
PAY0001893,ORD001893,2023-07-26,Cash on Delivery,15161.85,Success
PAY0001894,ORD001894,2023-11-23,UPI,1903.25,Success
PAY0001895,ORD001895,2024-02-26,Net Banking,11233.42,Success
PAY0001896,ORD001896,2023-08-09,Debit Card,5984.28,Success
PAY0001897,ORD001897,2024-07-07,Wallet,25638.14,Success
PAY0001898,ORD001898,2023-08-08,Net Banking,6569.13,Refunded
PAY0001899,ORD001899,2024-09-14,Debit Card,3623.42,Success
PAY0001900,ORD001900,2023-12-14,Debit Card,29451.05,Success
PAY0001901,ORD001901,2024-06-24,Wallet,5284.63,Success
PAY0001902,ORD001902,2024-05-20,Debit Card,1152.32,Success
PAY0001903,ORD001903,2024-08-11,Wallet,19683.63,Success
PAY0001904,ORD001904,2023-02-18,Debit Card,4498.49,Success
PAY0001905,ORD001905,2023-06-03,Net Banking,7263.2,Success
PAY0001906,ORD001906,2023-05-25,Debit Card,4205.57,Success
PAY0001907,ORD001907,2023-06-10,Wallet,17103.32,Success
PAY0001908,ORD001908,2023-10-22,Cash on Delivery,7870.51,Failed
PAY0001909,ORD001909,2024-11-06,Net Banking,1460.84,Success
PAY0001910,ORD001910,2023-06-14,UPI,22249.32,Failed
PAY0001911,ORD001911,2024-10-19,Net Banking,9190.7,Success
PAY0001912,ORD001912,2023-09-09,Net Banking,3734.16,Success
PAY0001913,ORD001913,2024-07-17,Debit Card,379.53,Success
PAY0001914,ORD001914,2023-10-27,Wallet,698.17,Success
PAY0001915,ORD001915,2024-02-18,Credit Card,10542.7,Success
PAY0001916,ORD001916,2023-04-06,Debit Card,12837.27,Success
PAY0001917,ORD001917,2023-11-01,Debit Card,30091.09,Success
PAY0001918,ORD001918,2024-03-03,Credit Card,8480.41,Success
PAY0001919,ORD001919,2023-09-01,Wallet,360.19,Success
PAY0001920,ORD001920,2024-10-01,Wallet,8354.87,Success
PAY0001921,ORD001921,2024-11-27,Debit Card,12391.21,Success
PAY0001922,ORD001922,2023-11-20,Cash on Delivery,6300.23,Success
PAY0001923,ORD001923,2023-02-27,Cash on Delivery,4365.889999999999,Success
PAY0001924,ORD001924,2023-09-26,Wallet,15803.86,Success
PAY0001925,ORD001925,2023-03-22,Credit Card,5426.15,Success
PAY0001926,ORD001926,2024-04-21,Credit Card,2389.49,Success
PAY0001927,ORD001927,2024-07-28,Wallet,15057.35,Success
PAY0001928,ORD001928,2023-06-21,Wallet,34810.83,Success
PAY0001929,ORD001929,2023-07-30,Net Banking,35955.08,Success
PAY0001930,ORD001930,2023-06-07,Cash on Delivery,12481.89,Success
PAY0001931,ORD001931,2023-01-30,Net Banking,7751.15,Success
PAY0001932,ORD001932,2023-06-09,Net Banking,25035.370000000003,Success
PAY0001933,ORD001933,2024-06-07,UPI,30967.350000000002,Success
PAY0001934,ORD001934,2024-02-18,Credit Card,2086.2,Success
PAY0001935,ORD001935,2023-08-13,Net Banking,10392.96,Success
PAY0001936,ORD001936,2023-08-19,UPI,4595.24,Success
PAY0001937,ORD001937,2023-02-20,Wallet,1528.23,Success
PAY0001938,ORD001938,2024-02-28,UPI,23213.57,Success
PAY0001939,ORD001939,2023-12-30,Debit Card,10772.16,Success
PAY0001940,ORD001940,2023-06-27,Credit Card,4099.89,Success
PAY0001941,ORD001941,2024-03-27,UPI,1489.83,Success
PAY0001942,ORD001942,2024-09-09,Cash on Delivery,2560.08,Pending
PAY0001943,ORD001943,2023-11-16,Wallet,1188.71,Failed
PAY0001944,ORD001944,2023-11-13,Debit Card,17164.84,Success
PAY0001945,ORD001945,2023-08-23,Wallet,11955.11,Success
PAY0001946,ORD001946,2023-12-02,Credit Card,16053.189999999999,Failed
PAY0001947,ORD001947,2024-08-22,Debit Card,18734.73,Success
PAY0001948,ORD001948,2023-05-27,Net Banking,2466.24,Success
PAY0001949,ORD001949,2023-10-26,Cash on Delivery,343.63,Success
PAY0001950,ORD001950,2024-03-09,Cash on Delivery,24504.15,Pending
PAY0001951,ORD001951,2024-09-21,UPI,4097.38,Success
PAY0001952,ORD001952,2023-12-31,Wallet,3632.18,Success
PAY0001953,ORD001953,2024-11-10,Cash on Delivery,42589.24,Success
PAY0001954,ORD001954,2023-02-10,Wallet,8976.75,Success
PAY0001955,ORD001955,2024-10-19,UPI,20648.96,Success
PAY0001956,ORD001956,2023-03-13,Net Banking,2378.45,Success
PAY0001957,ORD001957,2024-02-03,UPI,5544.65,Success
PAY0001958,ORD001958,2023-09-18,Cash on Delivery,38536.16,Success
PAY0001959,ORD001959,2024-07-13,Cash on Delivery,4791.87,Success
PAY0001960,ORD001960,2023-04-28,Debit Card,25305.08,Success
PAY0001961,ORD001961,2023-03-20,Cash on Delivery,4363.31,Refunded
PAY0001962,ORD001962,2023-04-14,Wallet,4036.07,Refunded
PAY0001963,ORD001963,2024-08-27,Net Banking,10786.42,Success
PAY0001964,ORD001964,2023-05-14,Net Banking,20807.06,Failed
PAY0001965,ORD001965,2023-01-31,Debit Card,4881.92,Success
PAY0001966,ORD001966,2024-08-11,Net Banking,38812.04,Success
PAY0001967,ORD001967,2024-03-02,Wallet,2678.2,Success
PAY0001968,ORD001968,2024-03-23,Wallet,32965.57,Success
PAY0001969,ORD001969,2023-09-05,UPI,39502.299999999996,Success
PAY0001970,ORD001970,2023-05-20,Wallet,7979.23,Success
PAY0001971,ORD001971,2024-03-25,Credit Card,13827.47,Success
PAY0001972,ORD001972,2023-04-09,UPI,24172.399999999998,Success
PAY0001973,ORD001973,2024-02-18,UPI,4584.08,Success
PAY0001974,ORD001974,2023-03-09,UPI,5467.37,Success
PAY0001975,ORD001975,2024-01-24,Wallet,6861.610000000001,Success
PAY0001976,ORD001976,2024-01-25,Net Banking,31200.58,Success
PAY0001977,ORD001977,2024-09-19,Credit Card,12410.07,Success
PAY0001978,ORD001978,2024-01-20,Debit Card,22173.84,Success
PAY0001979,ORD001979,2024-07-15,Net Banking,10040.26,Success
PAY0001980,ORD001980,2023-08-05,Cash on Delivery,1445.96,Success
PAY0001981,ORD001981,2024-05-08,Debit Card,52634.229999999996,Refunded
PAY0001982,ORD001982,2024-04-26,Wallet,24469.440000000002,Success
PAY0001983,ORD001983,2024-01-23,Credit Card,49118.19,Success
PAY0001984,ORD001984,2023-06-02,UPI,19344.690000000002,Success
PAY0001985,ORD001985,2024-06-14,Debit Card,31148.09,Refunded
PAY0001986,ORD001986,2023-10-27,Credit Card,6643.89,Success
PAY0001987,ORD001987,2024-03-12,Net Banking,2316.14,Success
PAY0001988,ORD001988,2023-02-24,Net Banking,28911.75,Success
PAY0001989,ORD001989,2023-11-16,Debit Card,1489.83,Success
PAY0001990,ORD001990,2024-03-20,Cash on Delivery,24103.94,Success
PAY0001991,ORD001991,2024-05-15,Wallet,7944.57,Success
PAY0001992,ORD001992,2024-10-11,UPI,532.72,Success
PAY0001993,ORD001993,2024-02-24,Net Banking,42468.09,Success
PAY0001994,ORD001994,2024-11-06,Cash on Delivery,504.1,Success
PAY0001995,ORD001995,2023-07-05,Wallet,14123.220000000001,Success
PAY0001996,ORD001996,2023-02-25,Net Banking,11920.71,Pending
PAY0001997,ORD001997,2023-01-23,UPI,4337.88,Refunded
PAY0001998,ORD001998,2023-04-09,Cash on Delivery,13349.630000000001,Success
PAY0001999,ORD001999,2023-03-20,Wallet,1704.64,Success
PAY0002000,ORD002000,2024-03-11,Cash on Delivery,12337.38,Success
PAY0002001,ORD002001,2023-05-20,Wallet,22583.77,Success
PAY0002002,ORD002002,2023-07-09,Credit Card,8942.44,Success
PAY0002003,ORD002003,2024-11-12,UPI,7622.29,Failed
PAY0002004,ORD002004,2024-07-02,Cash on Delivery,5735.42,Success
PAY0002005,ORD002005,2024-01-10,Net Banking,1799.72,Success
PAY0002006,ORD002006,2024-09-05,Cash on Delivery,14781.350000000002,Success
PAY0002007,ORD002007,2023-08-12,UPI,7869.92,Success
PAY0002008,ORD002008,2024-03-30,Debit Card,6052.549999999999,Failed
PAY0002009,ORD002009,2023-10-02,Wallet,8315.52,Success
PAY0002010,ORD002010,2024-04-10,Debit Card,5765.78,Success
PAY0002011,ORD002011,2024-10-15,Debit Card,13090.75,Success
PAY0002012,ORD002012,2023-04-05,Wallet,35190.79,Success
PAY0002013,ORD002013,2023-03-12,Wallet,7131.42,Refunded
PAY0002014,ORD002014,2024-10-18,UPI,8436.23,Refunded
PAY0002015,ORD002015,2024-04-29,Net Banking,15889.349999999999,Success
PAY0002016,ORD002016,2023-06-13,Debit Card,30789.4,Success
PAY0002017,ORD002017,2023-11-24,UPI,4172.4,Failed
PAY0002018,ORD002018,2023-05-13,Net Banking,10161.57,Success
PAY0002019,ORD002019,2023-07-29,Credit Card,13629.73,Success
PAY0002020,ORD002020,2024-05-01,Net Banking,41334.69,Success
PAY0002021,ORD002021,2024-10-05,Wallet,5607.54,Success
PAY0002022,ORD002022,2024-07-17,Debit Card,41853.59,Success
PAY0002023,ORD002023,2023-04-14,Net Banking,1489.83,Success
PAY0002024,ORD002024,2024-09-22,UPI,13957.449999999999,Success
PAY0002025,ORD002025,2024-11-23,Cash on Delivery,2686.72,Success
PAY0002026,ORD002026,2024-04-20,Credit Card,20408.739999999998,Success
PAY0002027,ORD002027,2024-01-26,Debit Card,59213.719999999994,Success
PAY0002028,ORD002028,2024-09-23,Credit Card,899.86,Success
PAY0002029,ORD002029,2024-02-03,Credit Card,8700.34,Success
PAY0002030,ORD002030,2024-02-12,UPI,26776.83,Success
PAY0002031,ORD002031,2023-07-10,UPI,9627.07,Pending
PAY0002032,ORD002032,2024-02-05,Debit Card,40146.280000000006,Pending
PAY0002033,ORD002033,2024-09-06,Wallet,10802.22,Failed
PAY0002034,ORD002034,2023-01-12,Debit Card,6444.509999999999,Success
PAY0002035,ORD002035,2024-11-16,Cash on Delivery,16334.7,Success
PAY0002036,ORD002036,2024-08-06,Wallet,20312.24,Pending
PAY0002037,ORD002037,2024-11-30,Cash on Delivery,16537.600000000002,Success
PAY0002038,ORD002038,2023-04-21,Wallet,6108.43,Success
PAY0002039,ORD002039,2023-04-27,Wallet,16177.34,Success
PAY0002040,ORD002040,2023-07-22,UPI,8026.94,Success
PAY0002041,ORD002041,2024-05-10,Wallet,16101.57,Success
PAY0002042,ORD002042,2023-02-17,Wallet,7206.1,Success
PAY0002043,ORD002043,2023-03-16,UPI,12790.04,Success
PAY0002044,ORD002044,2023-04-06,Wallet,9795.13,Success
PAY0002045,ORD002045,2024-11-12,Cash on Delivery,1526.56,Success
PAY0002046,ORD002046,2023-02-11,Cash on Delivery,22739.690000000002,Success
PAY0002047,ORD002047,2024-02-18,Credit Card,1689.78,Success
PAY0002048,ORD002048,2024-09-09,Credit Card,19797.85,Success
PAY0002049,ORD002049,2023-09-22,Net Banking,28260.63,Success
PAY0002050,ORD002050,2023-11-25,Net Banking,34768.9,Success
PAY0002051,ORD002051,2024-05-14,Credit Card,1820.28,Success
PAY0002052,ORD002052,2024-05-08,UPI,15104.79,Success
PAY0002053,ORD002053,2024-08-21,Debit Card,29608.37,Success
PAY0002054,ORD002054,2024-11-16,Net Banking,992.19,Success
PAY0002055,ORD002055,2023-10-26,Debit Card,27729.379999999997,Pending
PAY0002056,ORD002056,2023-11-21,Credit Card,20637.92,Pending
PAY0002057,ORD002057,2024-03-25,Cash on Delivery,5837.900000000001,Success
PAY0002058,ORD002058,2024-09-12,Wallet,19270.32,Success
PAY0002059,ORD002059,2023-11-05,Wallet,43201.67,Refunded
PAY0002060,ORD002060,2023-06-23,Debit Card,5161.53,Success
PAY0002061,ORD002061,2023-03-29,Cash on Delivery,27512.18,Success
PAY0002062,ORD002062,2024-11-09,Debit Card,5560.16,Success
PAY0002063,ORD002063,2023-06-22,Wallet,7120.34,Success
PAY0002064,ORD002064,2023-01-03,Debit Card,20544.789999999997,Success
PAY0002065,ORD002065,2024-08-22,UPI,2629.19,Success
PAY0002066,ORD002066,2024-03-15,Net Banking,4161.92,Success
PAY0002067,ORD002067,2023-03-03,Net Banking,36766.63,Success
PAY0002068,ORD002068,2024-04-08,Cash on Delivery,12830.61,Success
PAY0002069,ORD002069,2023-07-10,Debit Card,5914.26,Success
PAY0002070,ORD002070,2024-02-21,Credit Card,6641.17,Success
PAY0002071,ORD002071,2024-03-28,Wallet,15587.470000000001,Success
PAY0002072,ORD002072,2024-06-07,Debit Card,30541.35,Pending
PAY0002073,ORD002073,2024-04-01,UPI,7497.12,Success
PAY0002074,ORD002074,2024-02-26,Debit Card,3181.73,Success
PAY0002075,ORD002075,2024-05-13,Credit Card,8363.0,Success
PAY0002076,ORD002076,2023-04-24,Debit Card,31497.88,Success
PAY0002077,ORD002077,2024-07-19,Cash on Delivery,5673.89,Success
PAY0002078,ORD002078,2024-04-30,Net Banking,7308.78,Success
PAY0002079,ORD002079,2023-11-01,Net Banking,6420.74,Success
PAY0002080,ORD002080,2024-04-11,Wallet,8536.54,Success
PAY0002081,ORD002081,2023-12-23,Net Banking,1173.69,Success
PAY0002082,ORD002082,2023-06-02,Wallet,4825.08,Failed
PAY0002083,ORD002083,2023-05-04,UPI,18292.86,Success
PAY0002084,ORD002084,2024-06-21,Cash on Delivery,13778.88,Success
PAY0002085,ORD002085,2023-11-05,Debit Card,4848.41,Success
PAY0002086,ORD002086,2023-03-24,UPI,12898.6,Refunded
PAY0002087,ORD002087,2024-11-03,UPI,9491.490000000002,Success
PAY0002088,ORD002088,2024-07-17,Credit Card,5436.49,Success
PAY0002089,ORD002089,2023-08-17,Cash on Delivery,6704.7,Success
PAY0002090,ORD002090,2024-10-21,Credit Card,6038.15,Success
PAY0002091,ORD002091,2024-11-15,UPI,18364.93,Success
PAY0002092,ORD002092,2023-09-15,Wallet,8328.34,Success
PAY0002093,ORD002093,2023-12-08,Credit Card,3500.38,Success
PAY0002094,ORD002094,2023-11-10,Net Banking,12556.39,Success
PAY0002095,ORD002095,2024-03-07,Cash on Delivery,42192.08,Success
PAY0002096,ORD002096,2024-06-19,Net Banking,29902.29,Success
PAY0002097,ORD002097,2023-12-08,Net Banking,51315.1,Success
PAY0002098,ORD002098,2023-02-15,Wallet,13177.130000000001,Success
PAY0002099,ORD002099,2024-03-06,Net Banking,1942.09,Success
PAY0002100,ORD002100,2024-01-03,Net Banking,32933.02,Success
PAY0002101,ORD002101,2024-09-20,Wallet,28218.61,Success
PAY0002102,ORD002102,2023-07-04,Wallet,13810.32,Pending
PAY0002103,ORD002103,2023-09-17,UPI,7648.400000000001,Success
PAY0002104,ORD002104,2024-04-11,Wallet,9377.45,Success
PAY0002105,ORD002105,2024-09-07,Cash on Delivery,6168.69,Success
PAY0002106,ORD002106,2023-02-01,Wallet,10842.77,Success
PAY0002107,ORD002107,2023-10-12,Debit Card,23887.04,Success
PAY0002108,ORD002108,2024-11-05,Wallet,4755.82,Success
PAY0002109,ORD002109,2023-08-18,Wallet,27739.300000000003,Success
PAY0002110,ORD002110,2024-02-02,Net Banking,26358.449999999997,Success
PAY0002111,ORD002111,2024-09-25,Credit Card,22060.2,Success
PAY0002112,ORD002112,2024-09-07,Cash on Delivery,23748.350000000002,Success
PAY0002113,ORD002113,2023-05-03,Cash on Delivery,2910.33,Success
PAY0002114,ORD002114,2023-01-08,Debit Card,4595.24,Failed
PAY0002115,ORD002115,2023-05-06,Wallet,12895.77,Success
PAY0002116,ORD002116,2023-01-09,Debit Card,2950.23,Success
PAY0002117,ORD002117,2024-08-13,Cash on Delivery,6453.59,Pending
PAY0002118,ORD002118,2023-03-28,Wallet,11098.49,Refunded
PAY0002119,ORD002119,2024-10-26,Wallet,9243.3,Pending
PAY0002120,ORD002120,2024-11-27,Debit Card,4249.81,Success
PAY0002121,ORD002121,2023-11-16,Cash on Delivery,3144.6,Success
PAY0002122,ORD002122,2023-01-03,Cash on Delivery,48513.34,Success
PAY0002123,ORD002123,2024-02-01,Cash on Delivery,18816.81,Success
PAY0002124,ORD002124,2024-01-24,Wallet,26160.449999999997,Refunded
PAY0002125,ORD002125,2024-09-21,Cash on Delivery,953.24,Success
PAY0002126,ORD002126,2024-11-19,Cash on Delivery,28296.82,Success
PAY0002127,ORD002127,2023-12-20,Wallet,8655.32,Success
PAY0002128,ORD002128,2023-06-13,Net Banking,21400.52,Failed
PAY0002129,ORD002129,2024-02-24,Wallet,2025.14,Success
PAY0002130,ORD002130,2023-03-12,Net Banking,42526.96000000001,Success
PAY0002131,ORD002131,2023-01-26,Debit Card,35320.479999999996,Refunded
PAY0002132,ORD002132,2023-07-24,Wallet,5585.13,Success
PAY0002133,ORD002133,2024-01-26,Wallet,24769.58,Success
PAY0002134,ORD002134,2024-05-25,Cash on Delivery,17400.68,Success
PAY0002135,ORD002135,2023-02-11,Wallet,14048.73,Success
PAY0002136,ORD002136,2024-07-07,Credit Card,30260.870000000003,Success
PAY0002137,ORD002137,2023-09-23,UPI,8701.77,Success
PAY0002138,ORD002138,2024-09-21,Cash on Delivery,17577.97,Success
PAY0002139,ORD002139,2024-11-05,Credit Card,12600.46,Success
PAY0002140,ORD002140,2023-12-18,Debit Card,15094.259999999998,Refunded
PAY0002141,ORD002141,2024-11-14,Net Banking,34635.66,Success
PAY0002142,ORD002142,2023-10-30,UPI,3722.14,Success
PAY0002143,ORD002143,2023-05-28,Cash on Delivery,22816.62,Success
PAY0002144,ORD002144,2024-05-15,Net Banking,9400.28,Failed
PAY0002145,ORD002145,2024-04-25,Wallet,7449.74,Success
PAY0002146,ORD002146,2023-06-21,UPI,32601.48,Success
PAY0002147,ORD002147,2024-02-23,Wallet,17224.32,Success
PAY0002148,ORD002148,2024-03-07,Cash on Delivery,8466.71,Success
PAY0002149,ORD002149,2024-03-07,Cash on Delivery,5321.16,Success
PAY0002150,ORD002150,2023-08-27,Credit Card,12600.46,Success
PAY0002151,ORD002151,2023-09-22,Net Banking,3928.2799999999997,Success
PAY0002152,ORD002152,2024-03-25,Debit Card,31196.74,Success
PAY0002153,ORD002153,2024-05-21,Wallet,12420.67,Success
PAY0002154,ORD002154,2023-10-23,Net Banking,15404.16,Success
PAY0002155,ORD002155,2024-01-19,Wallet,2498.33,Success
PAY0002156,ORD002156,2023-08-24,Cash on Delivery,3055.75,Success
PAY0002157,ORD002157,2023-09-06,Debit Card,16837.96,Success
PAY0002158,ORD002158,2023-10-04,Credit Card,1257.02,Success
PAY0002159,ORD002159,2023-01-13,UPI,16816.0,Success
PAY0002160,ORD002160,2024-03-15,Credit Card,535.55,Success
PAY0002161,ORD002161,2023-01-28,UPI,22331.79,Success
PAY0002162,ORD002162,2023-10-03,Debit Card,498.3,Success
PAY0002163,ORD002163,2024-03-11,Net Banking,11299.26,Success
PAY0002164,ORD002164,2023-06-20,Debit Card,42943.06,Success
PAY0002165,ORD002165,2023-07-31,Debit Card,6454.12,Failed
PAY0002166,ORD002166,2024-03-24,Credit Card,19331.46,Success
PAY0002167,ORD002167,2023-10-14,Cash on Delivery,15247.279999999999,Success
PAY0002168,ORD002168,2023-04-08,UPI,29930.78,Success
PAY0002169,ORD002169,2023-03-23,Net Banking,25105.04,Refunded
PAY0002170,ORD002170,2024-10-19,Wallet,3242.38,Success
PAY0002171,ORD002171,2024-08-15,UPI,2474.04,Success
PAY0002172,ORD002172,2023-10-06,Cash on Delivery,15348.789999999999,Success
PAY0002173,ORD002173,2023-08-09,UPI,2533.01,Success
PAY0002174,ORD002174,2024-10-26,Net Banking,28265.01,Success
PAY0002175,ORD002175,2023-02-14,Credit Card,14555.699999999999,Failed
PAY0002176,ORD002176,2023-10-16,Cash on Delivery,9508.67,Success
PAY0002177,ORD002177,2024-09-16,Cash on Delivery,25573.71,Success
PAY0002178,ORD002178,2024-06-25,Credit Card,30218.44,Success
PAY0002179,ORD002179,2023-04-08,Credit Card,28378.11,Success
PAY0002180,ORD002180,2024-03-08,Net Banking,27125.69,Success
PAY0002181,ORD002181,2024-01-01,Debit Card,13825.28,Refunded
PAY0002182,ORD002182,2023-02-12,Credit Card,791.63,Success
PAY0002183,ORD002183,2024-01-21,Wallet,12010.54,Success
PAY0002184,ORD002184,2023-12-05,Credit Card,7979.23,Success
PAY0002185,ORD002185,2024-08-17,UPI,9197.85,Success
PAY0002186,ORD002186,2024-02-17,Debit Card,4965.61,Success
PAY0002187,ORD002187,2023-03-10,Wallet,28164.149999999998,Success
PAY0002188,ORD002188,2024-05-11,Cash on Delivery,20472.170000000002,Success
PAY0002189,ORD002189,2023-06-06,UPI,23184.559999999998,Pending
PAY0002190,ORD002190,2024-05-08,Cash on Delivery,535.55,Success
PAY0002191,ORD002191,2023-11-22,Cash on Delivery,5356.4,Success
PAY0002192,ORD002192,2025-06-17,UPI,9754.77,Success
PAY0002193,ORD002193,2023-07-17,UPI,23200.32,Pending
PAY0002194,ORD002194,2024-10-19,Net Banking,899.86,Success
PAY0002195,ORD002195,2024-05-01,Net Banking,1804.42,Success
PAY0002196,ORD002196,2023-10-28,UPI,3352.35,Success
PAY0002197,ORD002197,2023-07-23,Debit Card,23347.44,Success
PAY0002198,ORD002198,2023-02-21,UPI,31520.63,Success
PAY0002199,ORD002199,2024-05-15,Debit Card,4350.17,Success
PAY0002200,ORD002200,2024-04-28,Wallet,10677.6,Success
PAY0002201,ORD002201,2024-11-27,Wallet,1799.72,Success
PAY0002202,ORD002202,2024-03-22,Debit Card,13160.45,Success
PAY0002203,ORD002203,2024-09-19,UPI,13916.05,Success
PAY0002204,ORD002204,2023-01-19,Cash on Delivery,1745.29,Success
PAY0002205,ORD002205,2023-05-25,UPI,26897.56,Success
PAY0002206,ORD002206,2023-07-27,Cash on Delivery,231.58,Success
PAY0002207,ORD002207,2023-09-10,Cash on Delivery,400.02,Success
PAY0002208,ORD002208,2024-03-09,Net Banking,3097.21,Success
PAY0002209,ORD002209,2023-02-08,Net Banking,14914.75,Success
PAY0002210,ORD002210,2024-03-06,Debit Card,10849.45,Success
PAY0002211,ORD002211,2023-08-05,Net Banking,36771.509999999995,Success
PAY0002212,ORD002212,2023-07-29,Credit Card,4037.0,Success
PAY0002213,ORD002213,2023-04-04,UPI,2223.9700000000003,Pending
PAY0002214,ORD002214,2023-09-18,Wallet,18580.35,Success
PAY0002215,ORD002215,2023-10-18,Debit Card,1071.1,Success
PAY0002216,ORD002216,2023-05-25,Cash on Delivery,19850.41,Success
PAY0002217,ORD002217,2024-02-07,Debit Card,17972.010000000002,Refunded
PAY0002218,ORD002218,2024-11-16,Credit Card,23043.85,Success
PAY0002219,ORD002219,2023-01-23,Wallet,29516.27,Success
PAY0002220,ORD002220,2023-01-21,Wallet,12266.04,Success
PAY0002221,ORD002221,2023-05-27,Debit Card,17460.780000000002,Success
PAY0002222,ORD002222,2023-08-31,Debit Card,19961.92,Success
PAY0002223,ORD002223,2023-01-15,UPI,24918.050000000003,Success
PAY0002224,ORD002224,2024-08-25,Debit Card,42272.78,Success
PAY0002225,ORD002225,2024-07-01,Cash on Delivery,9231.07,Success
PAY0002226,ORD002226,2023-10-15,Net Banking,1665.74,Success
PAY0002227,ORD002227,2024-09-29,Cash on Delivery,6226.31,Success
PAY0002228,ORD002228,2024-03-03,Net Banking,14932.61,Success
PAY0002229,ORD002229,2024-06-10,Debit Card,447.29,Success
PAY0002230,ORD002230,2023-03-12,Credit Card,2894.21,Success
PAY0002231,ORD002231,2023-01-04,Debit Card,17467.940000000002,Success
PAY0002232,ORD002232,2023-02-09,UPI,3412.69,Success
PAY0002233,ORD002233,2024-09-19,Cash on Delivery,6227.610000000001,Success
PAY0002234,ORD002234,2023-05-23,Net Banking,20914.199999999997,Success
PAY0002235,ORD002235,2024-09-14,Debit Card,5424.36,Success
PAY0002236,ORD002236,2023-04-19,Debit Card,9098.66,Failed
PAY0002237,ORD002237,2024-05-07,Wallet,15323.150000000001,Success
PAY0002238,ORD002238,2023-08-31,Cash on Delivery,7985.04,Success
PAY0002239,ORD002239,2024-11-01,Cash on Delivery,4549.33,Success
PAY0002240,ORD002240,2024-03-14,Credit Card,39285.91,Success
PAY0002241,ORD002241,2024-04-03,Wallet,12598.79,Success
PAY0002242,ORD002242,2023-07-12,UPI,17533.5,Success
PAY0002243,ORD002243,2024-04-19,Net Banking,29068.3,Success
PAY0002244,ORD002244,2023-12-01,Cash on Delivery,7131.42,Success
PAY0002245,ORD002245,2024-05-22,Cash on Delivery,10390.04,Success
PAY0002246,ORD002246,2023-01-28,UPI,36003.56,Success
PAY0002247,ORD002247,2024-03-30,Net Banking,11591.84,Success
PAY0002248,ORD002248,2023-05-24,Cash on Delivery,29014.82,Success
PAY0002249,ORD002249,2024-03-27,Wallet,7782.48,Success
PAY0002250,ORD002250,2024-10-30,Debit Card,8863.66,Success
PAY0002251,ORD002251,2024-09-01,Net Banking,31389.59,Success
PAY0002252,ORD002252,2023-12-25,Debit Card,15597.61,Success
PAY0002253,ORD002253,2024-08-26,Cash on Delivery,3691.04,Success
PAY0002254,ORD002254,2023-03-08,Debit Card,4975.96,Success
PAY0002255,ORD002255,2024-08-11,UPI,42167.03,Success
PAY0002256,ORD002256,2023-06-17,Credit Card,34423.72,Success
PAY0002257,ORD002257,2023-01-19,Net Banking,3591.79,Success
PAY0002258,ORD002258,2023-01-23,Cash on Delivery,1532.82,Pending
PAY0002259,ORD002259,2023-05-24,Credit Card,1460.84,Success
PAY0002260,ORD002260,2023-01-28,Cash on Delivery,11305.27,Success
PAY0002261,ORD002261,2023-11-12,Credit Card,27774.019999999997,Failed
PAY0002262,ORD002262,2023-09-19,Credit Card,8381.49,Refunded
PAY0002263,ORD002263,2023-09-19,Cash on Delivery,16478.13,Success
PAY0002264,ORD002264,2024-11-03,Net Banking,7848.21,Success
PAY0002265,ORD002265,2023-07-23,Cash on Delivery,4558.05,Success
PAY0002266,ORD002266,2024-11-09,UPI,5530.05,Refunded
PAY0002267,ORD002267,2024-05-21,Net Banking,1655.98,Success
PAY0002268,ORD002268,2023-02-03,Debit Card,10840.04,Success
PAY0002269,ORD002269,2024-09-16,Net Banking,9402.56,Success
PAY0002270,ORD002270,2024-07-30,Wallet,13679.94,Success
PAY0002271,ORD002271,2024-07-05,Credit Card,31281.51,Success
PAY0002272,ORD002272,2024-01-05,Debit Card,791.63,Success
PAY0002273,ORD002273,2023-01-10,Wallet,3534.0899999999997,Success
PAY0002274,ORD002274,2023-07-22,Net Banking,20717.059999999998,Success
PAY0002275,ORD002275,2023-05-29,UPI,3528.69,Success
PAY0002276,ORD002276,2023-09-07,Credit Card,19876.31,Failed
PAY0002277,ORD002277,2024-12-30,UPI,47424.94,Refunded
PAY0002278,ORD002278,2024-11-05,Net Banking,1960.53,Success
PAY0002279,ORD002279,2023-05-24,Cash on Delivery,759.06,Success
PAY0002280,ORD002280,2023-08-20,Credit Card,27331.37,Success
PAY0002281,ORD002281,2023-04-27,Wallet,2743.61,Success
PAY0002282,ORD002282,2024-02-18,Debit Card,25789.76,Success
PAY0002283,ORD002283,2023-07-07,Net Banking,20532.79,Pending
PAY0002284,ORD002284,2024-06-26,Net Banking,12595.32,Success
PAY0002285,ORD002285,2023-09-24,Credit Card,8426.99,Success
PAY0002286,ORD002286,2024-08-22,Wallet,17344.7,Success
PAY0002287,ORD002287,2023-12-19,Wallet,4607.92,Success
PAY0002288,ORD002288,2024-03-03,UPI,1652.59,Success
PAY0002289,ORD002289,2024-03-30,Wallet,27450.609999999997,Success
PAY0002290,ORD002290,2024-05-02,UPI,3623.42,Success
PAY0002291,ORD002291,2023-04-15,Cash on Delivery,546.18,Refunded
PAY0002292,ORD002292,2024-02-07,Debit Card,19176.44,Success
PAY0002293,ORD002293,2024-09-09,Cash on Delivery,17532.62,Success
PAY0002294,ORD002294,2023-03-20,UPI,22698.08,Success
PAY0002295,ORD002295,2024-09-23,Cash on Delivery,25274.8,Success
PAY0002296,ORD002296,2024-03-27,Wallet,5338.68,Refunded
PAY0002297,ORD002297,2024-07-25,Cash on Delivery,14282.52,Success
PAY0002298,ORD002298,2024-10-27,Cash on Delivery,11708.999999999998,Success
PAY0002299,ORD002299,2024-01-11,Net Banking,18954.58,Failed
PAY0002300,ORD002300,2023-05-17,Cash on Delivery,10126.46,Success
PAY0002301,ORD002301,2024-09-18,Credit Card,8554.17,Failed
PAY0002302,ORD002302,2024-10-05,Net Banking,4984.23,Success
PAY0002303,ORD002303,2023-09-12,Wallet,17965.05,Success
PAY0002304,ORD002304,2024-11-13,Credit Card,29832.2,Success
PAY0002305,ORD002305,2024-02-24,Debit Card,25065.559999999998,Success
PAY0002306,ORD002306,2024-02-04,Debit Card,3992.96,Success
PAY0002307,ORD002307,2023-04-27,Cash on Delivery,21886.989999999998,Success
PAY0002308,ORD002308,2024-05-15,Debit Card,53007.39,Success
PAY0002309,ORD002309,2024-08-06,Debit Card,19700.25,Refunded
PAY0002310,ORD002310,2024-05-12,Debit Card,8632.13,Failed
PAY0002311,ORD002311,2023-01-05,Credit Card,5417.46,Success
PAY0002312,ORD002312,2024-01-18,Wallet,40684.92,Success
PAY0002313,ORD002313,2023-01-07,Credit Card,901.85,Success
PAY0002314,ORD002314,2024-09-20,UPI,14546.34,Success
PAY0002315,ORD002315,2023-06-26,Wallet,13647.99,Success
PAY0002316,ORD002316,2024-10-27,Cash on Delivery,5858.08,Refunded
PAY0002317,ORD002317,2023-10-08,Debit Card,9330.31,Success
PAY0002318,ORD002318,2023-09-04,Net Banking,13325.9,Failed
PAY0002319,ORD002319,2024-07-19,Credit Card,22760.380000000005,Success
PAY0002320,ORD002320,2023-04-14,Debit Card,11708.95,Success
PAY0002321,ORD002321,2023-06-03,Net Banking,68257.06,Success
PAY0002322,ORD002322,2023-06-27,Wallet,16019.12,Success
PAY0002323,ORD002323,2024-06-20,Cash on Delivery,3775.43,Success
PAY0002324,ORD002324,2024-10-26,UPI,18140.440000000002,Success
PAY0002325,ORD002325,2024-06-09,Wallet,6733.06,Failed
PAY0002326,ORD002326,2023-01-26,Net Banking,57342.1,Success
PAY0002327,ORD002327,2024-05-02,Credit Card,20255.590000000004,Success
PAY0002328,ORD002328,2023-02-01,Credit Card,6559.01,Success
PAY0002329,ORD002329,2023-01-07,Credit Card,5799.72,Success
PAY0002330,ORD002330,2024-10-02,Debit Card,1002.05,Success
PAY0002331,ORD002331,2024-09-23,Debit Card,9409.76,Success
PAY0002332,ORD002332,2024-05-27,Net Banking,11257.72,Success
PAY0002333,ORD002333,2024-05-27,Credit Card,31699.91,Success
PAY0002334,ORD002334,2023-05-21,Credit Card,13441.57,Success
PAY0002335,ORD002335,2023-08-16,Credit Card,12582.47,Refunded
PAY0002336,ORD002336,2024-07-12,Wallet,6226.82,Success
PAY0002337,ORD002337,2023-05-24,Debit Card,30034.27,Success
PAY0002338,ORD002338,2024-01-29,Net Banking,1936.8000000000002,Success
PAY0002339,ORD002339,2023-03-18,Net Banking,3527.8,Success
PAY0002340,ORD002340,2024-01-22,UPI,11980.04,Success
PAY0002341,ORD002341,2023-08-03,Debit Card,7218.41,Success
PAY0002342,ORD002342,2024-01-23,Net Banking,8955.28,Success
PAY0002343,ORD002343,2024-08-10,UPI,40647.12,Success
PAY0002344,ORD002344,2023-08-17,Credit Card,12307.67,Success
PAY0002345,ORD002345,2023-12-20,Net Banking,23364.52,Success
PAY0002346,ORD002346,2023-04-28,Cash on Delivery,1152.32,Refunded
PAY0002347,ORD002347,2023-10-15,Debit Card,4677.29,Pending
PAY0002348,ORD002348,2024-08-16,Debit Card,3002.04,Success
PAY0002349,ORD002349,2024-05-06,Cash on Delivery,49471.68,Success
PAY0002350,ORD002350,2024-02-18,Debit Card,6559.01,Success
PAY0002351,ORD002351,2024-09-19,UPI,832.43,Success
PAY0002352,ORD002352,2024-09-24,Credit Card,2471.37,Success
PAY0002353,ORD002353,2023-04-22,Debit Card,4048.25,Refunded
PAY0002354,ORD002354,2024-03-06,Debit Card,17810.75,Success
PAY0002355,ORD002355,2023-01-13,Cash on Delivery,1624.33,Success
PAY0002356,ORD002356,2024-02-22,Wallet,2430.88,Failed
PAY0002357,ORD002357,2024-09-04,Credit Card,4097.38,Success
PAY0002358,ORD002358,2023-04-16,Net Banking,-5161.44,Success
PAY0002359,ORD002359,2024-06-06,Net Banking,9117.67,Success
PAY0002360,ORD002360,2024-10-26,Wallet,14883.57,Success
PAY0002361,ORD002361,2023-04-30,Debit Card,2921.68,Success
PAY0002362,ORD002362,2023-12-24,Debit Card,27636.65,Success
PAY0002363,ORD002363,2024-03-07,Net Banking,4058.779999999999,Success
PAY0002364,ORD002364,2023-12-06,Cash on Delivery,2533.01,Success
PAY0002365,ORD002365,2023-09-07,Cash on Delivery,6781.05,Success
PAY0002366,ORD002366,2024-05-31,Credit Card,8109.96,Pending
PAY0002367,ORD002367,2024-07-15,Wallet,19395.0,Success
PAY0002368,ORD002368,2024-10-11,Cash on Delivery,35537.61,Success
PAY0002369,ORD002369,2023-03-15,Wallet,26579.0,Success
PAY0002370,ORD002370,2024-10-09,Credit Card,22263.350000000002,Success
PAY0002371,ORD002371,2023-07-06,UPI,10642.32,Success
PAY0002372,ORD002372,2023-08-27,Cash on Delivery,1983.28,Success
PAY0002373,ORD002373,2023-09-16,Wallet,36893.2,Success
PAY0002374,ORD002374,2023-09-08,Wallet,13476.75,Success
PAY0002375,ORD002375,2023-02-20,Credit Card,4050.28,Pending
PAY0002376,ORD002376,2024-07-08,Cash on Delivery,9007.289999999999,Success
PAY0002377,ORD002377,2024-09-13,UPI,16241.08,Success
PAY0002378,ORD002378,2023-12-04,Wallet,7504.08,Pending
PAY0002379,ORD002379,2023-08-11,Credit Card,6088.4,Pending
PAY0002380,ORD002380,2023-05-04,Credit Card,10478.15,Success
PAY0002381,ORD002381,2023-05-16,Cash on Delivery,862.91,Success
PAY0002382,ORD002382,2024-09-25,Credit Card,33715.82,Success
PAY0002383,ORD002383,2023-07-09,UPI,4610.44,Success
PAY0002384,ORD002384,2023-04-14,UPI,14291.43,Success
PAY0002385,ORD002385,2023-10-05,Net Banking,45893.88,Success
PAY0002386,ORD002386,2023-01-11,Wallet,8528.72,Success
PAY0002387,ORD002387,2023-05-04,Wallet,22447.879999999997,Success
PAY0002388,ORD002388,2023-01-10,Cash on Delivery,7341.91,Success
PAY0002389,ORD002389,2024-07-07,Debit Card,1492.36,Success
PAY0002390,ORD002390,2023-11-07,Net Banking,5714.780000000001,Success
PAY0002391,ORD002391,2023-07-03,Net Banking,12314.3,Success
PAY0002392,ORD002392,2024-01-30,UPI,28839.980000000003,Success
PAY0002393,ORD002393,2024-10-14,Wallet,9566.7,Success
PAY0002394,ORD002394,2024-11-12,Debit Card,25828.82,Failed
PAY0002395,ORD002395,2024-07-04,Wallet,29228.690000000002,Success
PAY0002396,ORD002396,2023-07-18,Net Banking,3820.16,Success
PAY0002397,ORD002397,2023-10-17,Cash on Delivery,18706.699999999997,Success
PAY0002398,ORD002398,2023-07-15,Debit Card,7636.65,Success
PAY0002399,ORD002399,2023-08-24,Credit Card,20647.75,Success
PAY0002400,ORD002400,2024-01-26,Credit Card,11006.869999999999,Success
PAY0002401,ORD002401,2023-10-24,Credit Card,8884.710000000001,Success
PAY0002402,ORD002402,2023-05-19,Wallet,10685.14,Success
PAY0002403,ORD002403,2024-08-17,Wallet,14228.09,Success
PAY0002404,ORD002404,2024-10-01,Cash on Delivery,6443.82,Failed
PAY0002405,ORD002405,2023-09-14,UPI,21577.61,Success
PAY0002406,ORD002406,2023-12-03,Cash on Delivery,629.94,Refunded
PAY0002407,ORD002407,2024-04-14,Credit Card,15273.3,Success
PAY0002408,ORD002408,2023-12-18,Credit Card,12616.1,Success
PAY0002409,ORD002409,2024-09-18,Net Banking,1195.14,Refunded
PAY0002410,ORD002410,2024-08-28,Credit Card,2390.56,Pending
PAY0002411,ORD002411,2024-04-14,UPI,8601.91,Success
PAY0002412,ORD002412,2024-09-28,Net Banking,16547.1,Success
PAY0002413,ORD002413,2023-04-16,Cash on Delivery,76125.31,Success
PAY0002414,ORD002414,2023-01-02,Wallet,12855.42,Success
PAY0002415,ORD002415,2023-04-12,Net Banking,10456.57,Success
PAY0002416,ORD002416,2023-07-30,Net Banking,8766.75,Refunded
PAY0002417,ORD002417,2024-08-15,Credit Card,13685.26,Success
PAY0002418,ORD002418,2023-11-28,Wallet,37854.020000000004,Success
PAY0002419,ORD002419,2023-08-25,Cash on Delivery,3816.19,Refunded
PAY0002420,ORD002420,2023-07-04,UPI,13405.11,Success
PAY0002421,ORD002421,2023-06-24,Debit Card,3123.08,Success
PAY0002422,ORD002422,2023-12-06,Wallet,3144.6,Pending
PAY0002423,ORD002423,2024-01-23,Debit Card,13485.48,Pending
PAY0002424,ORD002424,2024-06-13,Wallet,10405.91,Success
PAY0002425,ORD002425,2024-11-19,Cash on Delivery,3686.51,Success
PAY0002426,ORD002426,2023-01-23,UPI,3078.83,Success
PAY0002427,ORD002427,2024-09-08,Cash on Delivery,8231.54,Success
PAY0002428,ORD002428,2024-10-20,Net Banking,-18114.45,Success
PAY0002429,ORD002429,2024-04-17,UPI,6637.99,Success
PAY0002430,ORD002430,2023-12-02,Wallet,16404.48,Success
PAY0002431,ORD002431,2023-11-10,Cash on Delivery,15160.170000000002,Success
PAY0002432,ORD002432,2024-01-23,UPI,5337.71,Failed
PAY0002433,ORD002433,2023-07-22,Net Banking,7227.46,Success
PAY0002434,ORD002434,2024-04-07,Debit Card,28783.059999999998,Success
PAY0002435,ORD002435,2024-04-19,Debit Card,31710.96,Success
PAY0002436,ORD002436,2024-02-08,Credit Card,13813.88,Pending
PAY0002437,ORD002437,2024-09-14,Credit Card,6999.91,Success
PAY0002438,ORD002438,2024-09-20,Wallet,5673.89,Success
PAY0002439,ORD002439,2023-05-22,Net Banking,28525.68,Pending
PAY0002440,ORD002440,2023-01-31,Wallet,21016.38,Success
PAY0002441,ORD002441,2023-01-28,Net Banking,5962.8,Success
PAY0002442,ORD002442,2023-11-15,Wallet,7247.14,Success
PAY0002443,ORD002443,2023-08-04,UPI,12899.16,Success
PAY0002444,ORD002444,2024-08-08,UPI,40180.16,Success
PAY0002445,ORD002445,2023-06-04,Cash on Delivery,6061.700000000001,Success
PAY0002446,ORD002446,2024-11-01,Credit Card,16900.38,Pending
PAY0002447,ORD002447,2024-11-27,Net Banking,28122.76,Success
PAY0002448,ORD002448,2023-02-09,UPI,27817.95,Success
PAY0002449,ORD002449,2023-09-10,Net Banking,6073.19,Success
PAY0002450,ORD002450,2023-03-23,Credit Card,9233.79,Success
PAY0002451,ORD002451,2023-03-25,Cash on Delivery,10723.76,Success
PAY0002452,ORD002452,2023-10-13,Wallet,6212.29,Success
PAY0002453,ORD002453,2024-04-06,UPI,1816.09,Success
PAY0002454,ORD002454,2024-08-21,Cash on Delivery,2419.16,Success
PAY0002455,ORD002455,2023-01-17,UPI,1790.18,Success
PAY0002456,ORD002456,2024-01-20,UPI,14906.72,Success
PAY0002457,ORD002457,2023-08-26,Wallet,4424.55,Success
PAY0002458,ORD002458,2023-01-20,Credit Card,7985.04,Success
PAY0002459,ORD002459,2023-06-28,Credit Card,3659.2,Success
PAY0002460,ORD002460,2024-06-29,Net Banking,6449.58,Success
PAY0002461,ORD002461,2023-08-09,UPI,2327.01,Success
PAY0002462,ORD002462,2023-12-17,Net Banking,29352.3,Success
PAY0002463,ORD002463,2023-12-03,Credit Card,24902.8,Pending
PAY0002464,ORD002464,2023-08-22,Cash on Delivery,9830.04,Success
PAY0002465,ORD002465,2024-12-01,Wallet,14590.990000000002,Success
PAY0002466,ORD002466,2023-04-03,Wallet,10234.599999999999,Success
PAY0002467,ORD002467,2023-05-28,Net Banking,5747.2,Success
PAY0002468,ORD002468,2023-11-23,Net Banking,3802.6000000000004,Success
PAY0002469,ORD002469,2024-01-11,Net Banking,9774.59,Success
PAY0002470,ORD002470,2024-10-01,Net Banking,27526.03,Success
PAY0002471,ORD002471,2023-06-26,Cash on Delivery,17116.54,Success
PAY0002472,ORD002472,2024-01-22,UPI,13667.92,Refunded
PAY0002473,ORD002473,2024-08-27,Cash on Delivery,3443.88,Success
PAY0002474,ORD002474,2023-02-27,UPI,6467.11,Success
PAY0002475,ORD002475,2023-05-13,Cash on Delivery,1302.09,Success
PAY0002476,ORD002476,2024-09-16,Debit Card,11673.74,Success
PAY0002477,ORD002477,2024-08-27,Cash on Delivery,16479.27,Success
PAY0002478,ORD002478,2023-11-01,Wallet,12906.02,Success
PAY0002479,ORD002479,2023-12-08,UPI,23424.33,Failed
PAY0002480,ORD002480,2023-02-12,Wallet,29048.59,Success
PAY0002481,ORD002481,2023-04-04,Debit Card,47169.54,Success
PAY0002482,ORD002482,2024-01-07,Cash on Delivery,12814.34,Refunded
PAY0002483,ORD002483,2023-09-04,UPI,4033.08,Success
PAY0002484,ORD002484,2024-09-06,UPI,2950.23,Success
PAY0002485,ORD002485,2023-12-18,Credit Card,15849.789999999999,Success
PAY0002486,ORD002486,2023-01-24,Credit Card,16691.28,Success
PAY0002487,ORD002487,2024-09-22,Wallet,9552.76,Success
PAY0002488,ORD002488,2023-06-16,Debit Card,29525.34,Success
PAY0002489,ORD002489,2024-03-03,Debit Card,6326.27,Success
PAY0002490,ORD002490,2024-01-03,Net Banking,13257.04,Success
PAY0002491,ORD002491,2023-05-30,Wallet,27773.36,Pending
PAY0002492,ORD002492,2023-01-05,Credit Card,17405.84,Success
PAY0002493,ORD002493,2024-05-19,Debit Card,15310.66,Success
PAY0002494,ORD002494,2023-06-02,Debit Card,34469.52,Success
PAY0002495,ORD002495,2024-07-27,Credit Card,39213.65,Success
PAY0002496,ORD002496,2024-04-20,Debit Card,19348.74,Pending
PAY0002497,ORD002497,2023-02-18,UPI,556.92,Success
PAY0002498,ORD002498,2024-10-11,Debit Card,12448.42,Success
PAY0002499,ORD002499,2023-06-27,UPI,15359.05,Success
PAY0002500,ORD002500,2024-05-06,Cash on Delivery,9830.17,Success
PAY0002501,ORD002501,2023-02-13,Cash on Delivery,40720.7,Success
PAY0002502,ORD002502,2024-06-01,Debit Card,1721.94,Success
PAY0002503,ORD002503,2024-02-04,UPI,26028.13,Pending
PAY0002504,ORD002504,2024-06-28,UPI,1822.06,Success
PAY0002505,ORD002505,2024-10-02,Cash on Delivery,8513.93,Success
PAY0002506,ORD002506,2024-10-26,Cash on Delivery,15037.38,Success
PAY0002507,ORD002507,2024-07-24,Net Banking,37554.08,Success
PAY0002508,ORD002508,2023-03-24,UPI,17350.489999999998,Success
PAY0002509,ORD002509,2023-05-07,Net Banking,8237.91,Success
PAY0002510,ORD002510,2023-09-12,Wallet,14830.86,Success
PAY0002511,ORD002511,2023-05-05,Credit Card,1498.15,Success
PAY0002512,ORD002512,2023-11-13,Net Banking,15530.419999999998,Pending
PAY0002513,ORD002513,2024-04-30,UPI,8026.94,Success
PAY0002514,ORD002514,2024-05-22,Net Banking,6055.62,Success
PAY0002515,ORD002515,2024-02-28,Debit Card,25838.53,Success
PAY0002516,ORD002516,2024-01-14,UPI,34074.42,Success
PAY0002517,ORD002517,2023-01-02,Credit Card,8153.69,Success
PAY0002518,ORD002518,2024-03-26,Debit Card,7083.49,Failed
PAY0002519,ORD002519,2024-05-14,Credit Card,6383.719999999999,Failed
PAY0002520,ORD002520,2023-10-15,UPI,12571.93,Pending
PAY0002521,ORD002521,2024-08-14,Credit Card,15884.8,Success
PAY0002522,ORD002522,2024-05-06,Cash on Delivery,-4279.09,Success
PAY0002523,ORD002523,2024-05-31,Debit Card,17821.22,Success
PAY0002524,ORD002524,2023-03-31,UPI,8412.7,Success
PAY0002525,ORD002525,2024-03-16,UPI,10623.33,Success
PAY0002526,ORD002526,2024-09-27,Wallet,12592.18,Success
PAY0002527,ORD002527,2023-11-25,Cash on Delivery,4519.06,Success
PAY0002528,ORD002528,2024-02-17,Cash on Delivery,6382.03,Success
PAY0002529,ORD002529,2024-08-04,Debit Card,428.8,Success
PAY0002530,ORD002530,2024-02-13,Credit Card,33300.25,Success
PAY0002531,ORD002531,2024-05-04,Cash on Delivery,9136.07,Success
PAY0002532,ORD002532,2024-07-09,Wallet,3800.4,Success
PAY0002533,ORD002533,2024-02-28,Cash on Delivery,7427.34,Success
PAY0002534,ORD002534,2024-03-26,Net Banking,689.3,Success
PAY0002535,ORD002535,2023-11-04,Wallet,9126.060000000001,Success
PAY0002536,ORD002536,2024-01-19,Net Banking,23912.55,Success
PAY0002537,ORD002537,2023-12-04,Net Banking,9311.21,Success
PAY0002538,ORD002538,2024-02-10,Credit Card,10418.79,Refunded
PAY0002539,ORD002539,2024-10-13,Credit Card,10725.29,Success
PAY0002540,ORD002540,2024-02-09,Net Banking,21168.53,Success
PAY0002541,ORD002541,2024-06-28,Net Banking,1984.38,Success
PAY0002542,ORD002542,2024-05-30,UPI,7023.12,Success
PAY0002543,ORD002543,2023-11-25,Debit Card,4315.09,Success
PAY0002544,ORD002544,2023-11-25,UPI,1200.74,Success
PAY0002545,ORD002545,2023-08-13,Cash on Delivery,472.45,Success
PAY0002546,ORD002546,2024-02-11,Credit Card,-8138.6,Success
PAY0002547,ORD002547,2023-03-29,Debit Card,4067.15,Success
PAY0002548,ORD002548,2024-05-12,Cash on Delivery,30193.86,Success
PAY0002549,ORD002549,2023-04-12,Net Banking,9804.7,Success
PAY0002550,ORD002550,2024-03-17,UPI,19958.64,Success
PAY0002551,ORD002551,2024-06-14,UPI,15545.36,Success
PAY0002552,ORD002552,2023-12-27,UPI,2463.98,Success
PAY0002553,ORD002553,2023-11-08,Net Banking,25471.37,Failed
PAY0002554,ORD002554,2023-08-17,Net Banking,764.28,Success
PAY0002555,ORD002555,2024-08-01,UPI,8309.52,Success
PAY0002556,ORD002556,2024-05-14,Credit Card,15408.990000000002,Success
PAY0002557,ORD002557,2024-04-20,Cash on Delivery,12144.91,Success
PAY0002558,ORD002558,2024-10-20,Debit Card,5113.29,Success
PAY0002559,ORD002559,2023-09-06,Cash on Delivery,6326.27,Success
PAY0002560,ORD002560,2023-05-20,Credit Card,30140.379999999997,Success
PAY0002561,ORD002561,2023-09-18,Cash on Delivery,5220.88,Success
PAY0002562,ORD002562,2023-11-16,Credit Card,231.58,Success
PAY0002563,ORD002563,2024-11-12,Wallet,5490.8099999999995,Success
PAY0002564,ORD002564,2023-12-26,Credit Card,2043.03,Success
PAY0002565,ORD002565,2024-05-15,Net Banking,10514.3,Success
PAY0002566,ORD002566,2024-11-02,Cash on Delivery,6443.82,Success
PAY0002567,ORD002567,2023-07-20,Wallet,1188.71,Success
PAY0002568,ORD002568,2024-03-31,Net Banking,14683.82,Success
PAY0002569,ORD002569,2024-04-01,Debit Card,6080.92,Success
PAY0002570,ORD002570,2023-10-26,Debit Card,18943.26,Success
PAY0002571,ORD002571,2023-08-13,Debit Card,7819.950000000001,Success
PAY0002572,ORD002572,2023-07-17,Net Banking,5673.89,Success
PAY0002573,ORD002573,2024-11-08,Wallet,7587.4,Success
PAY0002574,ORD002574,2024-04-17,UPI,26519.24,Success
PAY0002575,ORD002575,2023-07-05,Cash on Delivery,9071.869999999999,Success
PAY0002576,ORD002576,2023-04-26,UPI,10836.82,Success
PAY0002577,ORD002577,2024-03-13,Credit Card,3884.18,Success
PAY0002578,ORD002578,2024-05-14,UPI,10868.61,Success
PAY0002579,ORD002579,2023-02-18,Cash on Delivery,6627.58,Success
PAY0002580,ORD002580,2023-03-31,Debit Card,45065.59,Success
PAY0002581,ORD002581,2024-09-21,Wallet,37519.29,Success
PAY0002582,ORD002582,2023-06-20,Credit Card,22596.53,Failed
PAY0002583,ORD002583,2023-11-20,Net Banking,1816.09,Success
PAY0002584,ORD002584,2023-01-26,Debit Card,22754.11,Refunded
PAY0002585,ORD002585,2024-10-05,Net Banking,5332.96,Failed
PAY0002586,ORD002586,2023-06-29,Debit Card,8706.0,Failed
PAY0002587,ORD002587,2024-08-31,Credit Card,48063.880000000005,Success
PAY0002588,ORD002588,2024-02-04,Wallet,16831.28,Success
PAY0002589,ORD002589,2023-06-21,Debit Card,7308.78,Success
PAY0002590,ORD002590,2023-03-27,Wallet,7201.82,Success
PAY0002591,ORD002591,2023-12-08,Credit Card,2463.98,Success
PAY0002592,ORD002592,2024-04-09,Debit Card,21412.04,Refunded
PAY0002593,ORD002593,2023-07-07,Wallet,41334.91,Success
PAY0002594,ORD002594,2024-11-14,Debit Card,1175.56,Success
PAY0002595,ORD002595,2023-01-19,Wallet,10249.87,Failed
PAY0002596,ORD002596,2023-04-15,Credit Card,1589.57,Pending
PAY0002597,ORD002597,2024-07-05,Debit Card,31947.57,Success
PAY0002598,ORD002598,2023-06-20,Wallet,15110.169999999998,Success
PAY0002599,ORD002599,2023-10-01,Cash on Delivery,32658.27,Success
PAY0002600,ORD002600,2024-08-02,Debit Card,5135.9,Success
PAY0002601,ORD002601,2023-10-27,Net Banking,13327.22,Success
PAY0002602,ORD002602,2024-03-24,Debit Card,19622.54,Success
PAY0002603,ORD002603,2024-01-19,Cash on Delivery,988.14,Refunded
PAY0002604,ORD002604,2023-07-12,UPI,13118.02,Success
PAY0002605,ORD002605,2024-02-09,Cash on Delivery,477.27,Success
PAY0002606,ORD002606,2023-08-18,Net Banking,6196.25,Refunded
PAY0002607,ORD002607,2024-11-02,Debit Card,23662.97,Success
PAY0002608,ORD002608,2024-09-22,Net Banking,37323.13,Refunded
PAY0002609,ORD002609,2024-09-15,Net Banking,10983.88,Success
PAY0002610,ORD002610,2024-08-02,UPI,-3502.1600000000017,Pending
PAY0002611,ORD002611,2024-09-05,Credit Card,6194.42,Success
PAY0002612,ORD002612,2024-08-12,Cash on Delivery,14786.039999999999,Success
PAY0002613,ORD002613,2023-01-15,UPI,32523.829999999998,Success
PAY0002614,ORD002614,2023-09-15,Cash on Delivery,10841.15,Success
PAY0002615,ORD002615,2023-05-27,Cash on Delivery,4962.57,Pending
PAY0002616,ORD002616,2024-06-06,Cash on Delivery,16986.91,Success
PAY0002617,ORD002617,2023-08-26,UPI,526.69,Success
PAY0002618,ORD002618,2024-10-16,Cash on Delivery,23529.1,Success
PAY0002619,ORD002619,2023-03-28,Wallet,13141.28,Success
PAY0002620,ORD002620,2023-05-06,Debit Card,13984.5,Success
PAY0002621,ORD002621,2023-06-05,Wallet,1127.73,Failed
PAY0002622,ORD002622,2024-10-12,Cash on Delivery,25627.410000000003,Success
PAY0002623,ORD002623,2024-04-12,Net Banking,5816.76,Success
PAY0002624,ORD002624,2023-07-19,Debit Card,1750.19,Success
PAY0002625,ORD002625,2023-11-08,UPI,17053.309999999998,Failed
PAY0002626,ORD002626,2024-02-08,Debit Card,6088.4,Success
PAY0002627,ORD002627,2023-08-02,UPI,1889.82,Success
PAY0002628,ORD002628,2024-02-21,Debit Card,10653.48,Success
PAY0002629,ORD002629,2023-10-15,Wallet,13087.439999999999,Success
PAY0002630,ORD002630,2024-04-12,Wallet,12503.1,Success
PAY0002631,ORD002631,2023-02-18,UPI,43651.439999999995,Success
PAY0002632,ORD002632,2023-12-09,Cash on Delivery,10878.11,Success
PAY0002633,ORD002633,2023-01-01,UPI,2738.71,Success
PAY0002634,ORD002634,2024-03-26,Credit Card,6238.97,Success
PAY0002635,ORD002635,2023-01-24,UPI,7818.5599999999995,Success
PAY0002636,ORD002636,2024-08-20,Debit Card,14352.470000000001,Success
PAY0002637,ORD002637,2024-03-02,Wallet,497.75,Success
PAY0002638,ORD002638,2024-02-06,Debit Card,28323.22,Success
PAY0002639,ORD002639,2024-04-17,Debit Card,1222.46,Success
PAY0002640,ORD002640,2023-08-04,Credit Card,7396.04,Success
PAY0002641,ORD002641,2023-01-14,Wallet,2390.28,Success
PAY0002642,ORD002642,2024-03-02,Debit Card,1718.72,Success
PAY0002643,ORD002643,2023-03-11,Debit Card,2677.86,Success
PAY0002644,ORD002644,2024-10-03,Debit Card,2086.2,Success
PAY0002645,ORD002645,2023-02-11,Credit Card,27412.88,Success
PAY0002646,ORD002646,2024-04-26,Wallet,26059.820000000003,Success
PAY0002647,ORD002647,2023-03-01,Cash on Delivery,7969.150000000001,Success
PAY0002648,ORD002648,2024-03-05,Cash on Delivery,19118.46,Success
PAY0002649,ORD002649,2023-10-25,Wallet,53161.909999999996,Success
PAY0002650,ORD002650,2023-05-28,Debit Card,25205.95,Success
PAY0002651,ORD002651,2024-02-17,UPI,6250.16,Pending
PAY0002652,ORD002652,2023-08-21,Wallet,544.98,Success
PAY0002653,ORD002653,2024-03-25,UPI,15134.84,Success
PAY0002654,ORD002654,2024-06-03,Debit Card,8123.36,Success
PAY0002655,ORD002655,2023-09-17,Cash on Delivery,9714.369999999999,Failed
PAY0002656,ORD002656,2023-09-11,Wallet,534.87,Success
PAY0002657,ORD002657,2023-01-12,UPI,6703.46,Success
PAY0002658,ORD002658,2023-11-30,Credit Card,10723.76,Success
PAY0002659,ORD002659,2023-02-03,Credit Card,2832.52,Success
PAY0002660,ORD002660,2024-07-12,Net Banking,15298.300000000001,Pending
PAY0002661,ORD002661,2023-06-25,Cash on Delivery,3896.89,Success
PAY0002662,ORD002662,2024-09-28,Cash on Delivery,2043.03,Success
PAY0002663,ORD002663,2024-08-16,Wallet,34691.04,Success
PAY0002664,ORD002664,2023-06-13,Cash on Delivery,19303.98,Success
PAY0002665,ORD002665,2023-11-15,Net Banking,33021.11,Success
PAY0002666,ORD002666,2024-11-16,Credit Card,9516.57,Success
PAY0002667,ORD002667,2024-07-06,Cash on Delivery,6999.91,Success
PAY0002668,ORD002668,2023-02-13,Debit Card,21772.53,Success
PAY0002669,ORD002669,2023-06-01,Cash on Delivery,18523.9,Success
PAY0002670,ORD002670,2024-01-05,UPI,27167.67,Success
PAY0002671,ORD002671,2024-09-27,Credit Card,4691.38,Success
PAY0002672,ORD002672,2023-11-27,Wallet,25240.690000000002,Success
PAY0002673,ORD002673,2024-04-06,Wallet,3078.83,Success
PAY0002674,ORD002674,2023-02-26,Wallet,-565.5700000000003,Success
PAY0002675,ORD002675,2023-07-29,Credit Card,6330.650000000001,Success
PAY0002676,ORD002676,2024-07-24,UPI,20621.739999999998,Success
PAY0002677,ORD002677,2023-09-24,Debit Card,1263.16,Success
PAY0002678,ORD002678,2023-03-20,Cash on Delivery,6683.78,Refunded
PAY0002679,ORD002679,2023-01-08,UPI,15924.789999999999,Success
PAY0002680,ORD002680,2024-05-09,Cash on Delivery,2329.86,Success
PAY0002681,ORD002681,2023-02-18,Cash on Delivery,7372.219999999999,Refunded
PAY0002682,ORD002682,2023-08-24,Credit Card,2950.23,Success
PAY0002683,ORD002683,2024-08-12,Debit Card,19723.04,Success
PAY0002684,ORD002684,2023-04-16,Net Banking,2252.47,Success
PAY0002685,ORD002685,2023-05-10,Net Banking,3105.41,Success
PAY0002686,ORD002686,2024-09-10,UPI,32891.81,Success
PAY0002687,ORD002687,2023-11-07,UPI,15464.57,Success
PAY0002688,ORD002688,2024-04-23,UPI,13332.630000000001,Success
PAY0002689,ORD002689,2023-03-23,UPI,28696.280000000002,Success
PAY0002690,ORD002690,2024-04-28,Wallet,18210.91,Success
PAY0002691,ORD002691,2024-05-07,Cash on Delivery,3842.08,Success
PAY0002692,ORD002692,2023-11-10,Credit Card,781.78,Success
PAY0002693,ORD002693,2024-01-08,Net Banking,5734.41,Success
PAY0002694,ORD002694,2023-08-17,Net Banking,3264.55,Success
PAY0002695,ORD002695,2024-08-10,Wallet,18429.75,Pending
PAY0002696,ORD002696,2023-05-11,Wallet,4610.44,Success
PAY0002697,ORD002697,2023-02-24,Cash on Delivery,2979.66,Success
PAY0002698,ORD002698,2024-05-11,Credit Card,35744.42999999999,Success
PAY0002699,ORD002699,2023-05-22,Debit Card,648.79,Success
PAY0002700,ORD002700,2024-09-08,UPI,6497.639999999999,Refunded
PAY0002701,ORD002701,2023-04-16,Net Banking,8766.75,Success
PAY0002702,ORD002702,2024-04-17,Credit Card,43742.63999999999,Success
PAY0002703,ORD002703,2024-03-07,Debit Card,6506.99,Success
PAY0002704,ORD002704,2024-09-17,Credit Card,26493.019999999997,Success
PAY0002705,ORD002705,2024-04-04,Cash on Delivery,38835.45,Success
PAY0002706,ORD002706,2024-09-26,UPI,29840.339999999997,Success
PAY0002707,ORD002707,2023-12-31,Credit Card,2230.8900000000003,Success
PAY0002708,ORD002708,2023-11-05,Cash on Delivery,11701.79,Success
PAY0002709,ORD002709,2024-09-12,Credit Card,28263.39,Success
PAY0002710,ORD002710,2023-11-07,UPI,11672.91,Success
PAY0002711,ORD002711,2024-05-31,Debit Card,1359.49,Success
PAY0002712,ORD002712,2023-10-19,Debit Card,2686.72,Success
PAY0002713,ORD002713,2024-03-20,Debit Card,-1867.8900000000003,Success
PAY0002714,ORD002714,2023-07-21,UPI,10600.51,Pending
PAY0002715,ORD002715,2023-08-08,Net Banking,7489.29,Success
PAY0002716,ORD002716,2024-07-25,Cash on Delivery,10868.04,Success
PAY0002717,ORD002717,2023-04-12,Net Banking,11447.02,Success
PAY0002718,ORD002718,2024-10-08,Debit Card,11108.390000000001,Success
PAY0002719,ORD002719,2023-06-07,Net Banking,2086.2,Refunded
PAY0002720,ORD002720,2023-07-15,Cash on Delivery,4086.06,Success
PAY0002721,ORD002721,2023-03-17,Credit Card,3892.13,Success
PAY0002722,ORD002722,2024-05-16,Wallet,5812.74,Success
PAY0002723,ORD002723,2023-02-27,Net Banking,2696.1099999999997,Success
PAY0002724,ORD002724,2023-10-09,UPI,6023.71,Success
PAY0002725,ORD002725,2024-02-09,Debit Card,439.58,Success
PAY0002726,ORD002726,2023-03-31,Cash on Delivery,4585.35,Refunded
PAY0002727,ORD002727,2023-03-21,UPI,11680.16,Success
PAY0002728,ORD002728,2023-12-26,Cash on Delivery,14683.82,Success
PAY0002729,ORD002729,2024-09-25,Cash on Delivery,2744.92,Success
PAY0002730,ORD002730,2024-01-05,Cash on Delivery,14743.96,Success
PAY0002731,ORD002731,2024-06-13,Credit Card,2025.14,Success
PAY0002732,ORD002732,2023-05-06,UPI,10408.65,Success
PAY0002733,ORD002733,2025-11-06,UPI,3297.99,Success
PAY0002734,ORD002734,2024-04-15,UPI,10267.4,Success
PAY0002735,ORD002735,2024-07-29,Wallet,6711.64,Refunded
PAY0002736,ORD002736,2024-04-01,Credit Card,19075.7,Success
PAY0002737,ORD002737,2023-01-28,UPI,7994.589999999999,Success
PAY0002738,ORD002738,2023-10-21,UPI,3324.62,Success
PAY0002739,ORD002739,2024-05-14,Debit Card,10802.22,Success
PAY0002740,ORD002740,2023-02-10,Debit Card,7975.74,Success
PAY0002741,ORD002741,2023-04-27,Debit Card,534.87,Success
PAY0002742,ORD002742,2023-12-29,Net Banking,7313.64,Success
PAY0002743,ORD002743,2024-11-09,Credit Card,19988.85,Success
PAY0002744,ORD002744,2024-01-28,Net Banking,9201.89,Success
PAY0002745,ORD002745,2023-06-13,Credit Card,4086.06,Success
PAY0002746,ORD002746,2024-04-03,Debit Card,10396.29,Success
PAY0002747,ORD002747,2024-06-15,Cash on Delivery,246.43,Success
PAY0002748,ORD002748,2024-04-01,Cash on Delivery,5723.51,Success
PAY0002749,ORD002749,2023-04-19,Net Banking,5944.74,Success
PAY0002750,ORD002750,2024-04-18,Debit Card,34920.95,Failed
PAY0002751,ORD002751,2024-01-26,Net Banking,18395.7,Refunded
PAY0002752,ORD002752,2023-12-13,UPI,7308.78,Success
PAY0002753,ORD002753,2023-02-16,Cash on Delivery,33609.03,Success
PAY0002754,ORD002754,2023-04-03,Debit Card,19302.42,Success
PAY0002755,ORD002755,2023-01-20,Net Banking,17516.68,Refunded
PAY0002756,ORD002756,2023-12-07,UPI,2887.17,Success
PAY0002757,ORD002757,2023-01-20,UPI,8693.03,Success
PAY0002758,ORD002758,2024-08-29,Net Banking,4379.18,Success
PAY0002759,ORD002759,2024-11-23,Debit Card,6005.27,Success
PAY0002760,ORD002760,2024-01-19,Cash on Delivery,16053.88,Success
PAY0002761,ORD002761,2024-08-28,Cash on Delivery,643.2,Success
PAY0002762,ORD002762,2024-07-20,Cash on Delivery,16804.86,Success
PAY0002763,ORD002763,2024-06-18,Cash on Delivery,33419.48,Success
PAY0002764,ORD002764,2023-07-27,Net Banking,6438.53,Success
PAY0002765,ORD002765,2023-02-03,Cash on Delivery,11957.32,Success
PAY0002766,ORD002766,2023-08-22,Wallet,6779.26,Success
PAY0002767,ORD002767,2024-08-02,Debit Card,17206.59,Success
PAY0002768,ORD002768,2024-06-08,Credit Card,17870.67,Success
PAY0002769,ORD002769,2023-06-12,Cash on Delivery,23478.809999999998,Refunded
PAY0002770,ORD002770,2023-06-19,Net Banking,4405.360000000001,Success
PAY0002771,ORD002771,2024-01-19,Wallet,19592.410000000003,Success
PAY0002772,ORD002772,2024-06-16,Credit Card,18454.94,Success
PAY0002773,ORD002773,2024-06-03,Credit Card,41008.91,Pending
PAY0002774,ORD002774,2023-04-28,Credit Card,6419.63,Success
PAY0002775,ORD002775,2023-10-10,Net Banking,8267.400000000001,Success
PAY0002776,ORD002776,2023-03-27,Debit Card,7558.35,Success
PAY0002777,ORD002777,2023-11-09,Credit Card,22964.33,Success
PAY0002778,ORD002778,2023-06-03,Wallet,21648.09,Success
PAY0002779,ORD002779,2024-04-19,Credit Card,7197.11,Failed
PAY0002780,ORD002780,2023-04-23,Debit Card,15466.07,Success
PAY0002781,ORD002781,2023-05-06,Credit Card,8810.25,Success
PAY0002782,ORD002782,2024-02-23,Net Banking,11760.89,Pending
PAY0002783,ORD002783,2024-05-28,Net Banking,11437.009999999998,Success
PAY0002784,ORD002784,2023-11-20,UPI,14204.94,Success
PAY0002785,ORD002785,2024-05-12,Credit Card,20271.120000000003,Pending
PAY0002786,ORD002786,2023-08-17,Debit Card,13538.1,Success
PAY0002787,ORD002787,2024-04-26,Debit Card,14330.98,Success
PAY0002788,ORD002788,2023-08-28,Credit Card,17392.989999999998,Pending
PAY0002789,ORD002789,2023-11-16,Cash on Delivery,6542.379999999999,Success
PAY0002790,ORD002790,2023-02-21,Debit Card,4010.2,Success
PAY0002791,ORD002791,2024-06-24,Net Banking,30856.1,Success
PAY0002792,ORD002792,2024-02-07,Net Banking,2774.79,Failed
PAY0002793,ORD002793,2024-09-07,UPI,16022.28,Success
PAY0002794,ORD002794,2023-09-30,Credit Card,8949.239999999998,Success
PAY0002795,ORD002795,2023-01-04,Wallet,16172.67,Success
PAY0002796,ORD002796,2023-10-24,Net Banking,6326.27,Success
PAY0002797,ORD002797,2024-02-01,Credit Card,5563.87,Success
PAY0002798,ORD002798,2024-10-26,Debit Card,45016.759999999995,Success
PAY0002799,ORD002799,2023-03-27,Wallet,2950.23,Pending
PAY0002800,ORD002800,2023-06-21,Wallet,9439.53,Success
PAY0002801,ORD002801,2023-10-15,Net Banking,21420.52,Success
PAY0002802,ORD002802,2024-01-24,Cash on Delivery,6497.59,Success
PAY0002803,ORD002803,2023-03-15,Debit Card,734.93,Success
PAY0002804,ORD002804,2023-02-24,Wallet,153.1,Success
PAY0002805,ORD002805,2023-08-19,Wallet,13129.79,Success
PAY0002806,ORD002806,2023-02-09,Wallet,8020.4,Success
PAY0002807,ORD002807,2023-02-24,UPI,13086.150000000001,Success
PAY0002808,ORD002808,2023-10-28,Cash on Delivery,2402.47,Success
PAY0002809,ORD002809,2023-08-29,Cash on Delivery,9273.38,Failed
PAY0002810,ORD002810,2024-01-19,Credit Card,3144.6,Success
PAY0002811,ORD002811,2023-08-06,Credit Card,52452.63,Success
PAY0002812,ORD002812,2023-11-16,Wallet,29244.84,Success
PAY0002813,ORD002813,2024-02-02,Wallet,6559.01,Success
PAY0002814,ORD002814,2023-08-31,Credit Card,30506.08,Success
PAY0002815,ORD002815,2023-06-10,Cash on Delivery,49816.06,Success
PAY0002816,ORD002816,2024-07-29,Cash on Delivery,1155.59,Refunded
PAY0002817,ORD002817,2024-09-28,Debit Card,5774.34,Success
PAY0002818,ORD002818,2023-09-26,UPI,12437.09,Pending
PAY0002819,ORD002819,2024-05-10,Cash on Delivery,9181.14,Success
PAY0002820,ORD002820,2024-07-29,Cash on Delivery,6283.38,Success
PAY0002821,ORD002821,2023-05-10,UPI,37255.08,Success
PAY0002822,ORD002822,2024-07-24,Cash on Delivery,13538.61,Success
PAY0002823,ORD002823,2024-02-17,Credit Card,11376.220000000001,Success
PAY0002824,ORD002824,2024-11-09,UPI,8524.58,Success
PAY0002825,ORD002825,2023-09-03,Wallet,1102.46,Pending
PAY0002826,ORD002826,2024-08-20,Debit Card,19672.5,Pending
PAY0002827,ORD002827,2023-12-04,Credit Card,11762.96,Success
PAY0002828,ORD002828,2024-11-15,Net Banking,43656.22,Failed
PAY0002829,ORD002829,2024-03-13,UPI,9457.33,Success
PAY0002830,ORD002830,2023-09-17,Wallet,44326.770000000004,Success
PAY0002831,ORD002831,2023-01-05,Wallet,46250.49,Success
PAY0002832,ORD002832,2024-11-15,Debit Card,12630.77,Success
PAY0002833,ORD002833,2024-02-21,Debit Card,19447.899999999998,Success
PAY0002834,ORD002834,2024-06-28,Cash on Delivery,2200.49,Success
PAY0002835,ORD002835,2024-01-07,Cash on Delivery,1259.88,Success
PAY0002836,ORD002836,2024-06-29,Cash on Delivery,5272.26,Success
PAY0002837,ORD002837,2024-06-25,Debit Card,1888.7600000000002,Success
PAY0002838,ORD002838,2023-02-01,Cash on Delivery,3519.75,Success
PAY0002839,ORD002839,2023-09-03,Credit Card,7228.13,Success
PAY0002840,ORD002840,2024-04-20,Cash on Delivery,17640.66,Success
PAY0002841,ORD002841,2024-11-16,UPI,9016.6,Success
PAY0002842,ORD002842,2024-07-01,Debit Card,862.91,Success
PAY0002843,ORD002843,2023-09-06,UPI,17567.2,Failed
PAY0002844,ORD002844,2023-07-13,UPI,9643.8,Success
PAY0002845,ORD002845,2024-12-03,Wallet,43644.65,Success
PAY0002846,ORD002846,2024-07-10,Cash on Delivery,15141.939999999999,Success
PAY0002847,ORD002847,2023-08-17,Cash on Delivery,23827.52,Success
PAY0002848,ORD002848,2024-07-30,UPI,17589.48,Success
PAY0002849,ORD002849,2024-11-25,UPI,6086.889999999999,Success
PAY0002850,ORD002850,2024-06-29,Net Banking,47139.64,Refunded
PAY0002851,ORD002851,2023-01-18,UPI,13491.31,Success
PAY0002852,ORD002852,2023-07-05,UPI,13583.929999999998,Success
PAY0002853,ORD002853,2024-06-05,Credit Card,30196.52,Success
PAY0002854,ORD002854,2024-11-05,Debit Card,13104.49,Success
PAY0002855,ORD002855,2024-08-07,Wallet,18310.809999999998,Success
PAY0002856,ORD002856,2023-03-11,Debit Card,1451.31,Success
PAY0002857,ORD002857,2023-03-10,Wallet,12192.81,Success
PAY0002858,ORD002858,2024-03-13,Credit Card,20578.08,Refunded
PAY0002859,ORD002859,2023-04-16,Net Banking,344.65,Success
PAY0002860,ORD002860,2023-08-02,Cash on Delivery,9075.76,Success
PAY0002861,ORD002861,2024-06-04,Net Banking,34995.8,Success
PAY0002862,ORD002862,2023-05-24,Net Banking,14965.74,Failed
PAY0002863,ORD002863,2024-11-30,Debit Card,4350.17,Success
PAY0002864,ORD002864,2024-03-13,Debit Card,31699.48,Success
PAY0002865,ORD002865,2023-01-07,Cash on Delivery,7313.64,Success
PAY0002866,ORD002866,2024-04-27,Cash on Delivery,18371.53,Refunded
PAY0002867,ORD002867,2023-08-06,Wallet,9827.56,Success
PAY0002868,ORD002868,2023-12-29,Credit Card,5858.08,Success
PAY0002869,ORD002869,2023-02-05,Debit Card,5791.83,Success
PAY0002870,ORD002870,2023-05-12,Cash on Delivery,5881.2,Success
PAY0002871,ORD002871,2024-04-07,Net Banking,14736.66,Success
PAY0002872,ORD002872,2023-08-25,Cash on Delivery,12921.57,Success
PAY0002873,ORD002873,2023-07-25,Credit Card,15843.119999999999,Pending
PAY0002874,ORD002874,2023-05-26,Debit Card,10128.22,Success
PAY0002875,ORD002875,2023-08-18,Wallet,18123.6,Success
PAY0002876,ORD002876,2024-04-27,Cash on Delivery,4789.85,Success
PAY0002877,ORD002877,2024-01-21,Credit Card,11628.880000000001,Refunded
PAY0002878,ORD002878,2023-09-29,Cash on Delivery,790.97,Success
PAY0002879,ORD002879,2023-12-07,Credit Card,17797.73,Success
PAY0002880,ORD002880,2023-11-04,UPI,22421.81,Success
PAY0002881,ORD002881,2023-05-14,Credit Card,3144.6,Success
PAY0002882,ORD002882,2024-02-23,Credit Card,15617.49,Success
PAY0002883,ORD002883,2023-05-07,Debit Card,10714.11,Success
PAY0002884,ORD002884,2023-05-18,Wallet,6769.84,Pending
PAY0002885,ORD002885,2024-04-14,Cash on Delivery,7407.55,Success
PAY0002886,ORD002886,2023-11-12,Cash on Delivery,58640.79,Success
PAY0002887,ORD002887,2024-09-03,Wallet,3944.29,Success
PAY0002888,ORD002888,2023-11-30,Debit Card,18157.25,Success
PAY0002889,ORD002889,2024-07-22,Cash on Delivery,3658.96,Success
PAY0002890,ORD002890,2024-06-29,Wallet,17729.43,Success
PAY0002891,ORD002891,2024-06-30,Debit Card,633.88,Success
PAY0002892,ORD002892,2024-07-12,Wallet,1065.44,Refunded
PAY0002893,ORD002893,2024-09-17,Cash on Delivery,17660.010000000002,Success
PAY0002894,ORD002894,2024-11-09,Cash on Delivery,1498.15,Success
PAY0002895,ORD002895,2024-08-01,Cash on Delivery,5116.05,Success
PAY0002896,ORD002896,2023-04-20,Net Banking,31714.48,Failed
PAY0002897,ORD002897,2023-11-12,Net Banking,21450.58,Success
PAY0002898,ORD002898,2024-12-02,Debit Card,17870.67,Success
PAY0002899,ORD002899,2024-06-30,Wallet,11783.71,Success
PAY0002900,ORD002900,2024-11-07,Credit Card,15563.890000000001,Success
PAY0002901,ORD002901,2024-09-01,Cash on Delivery,30325.56,Success
PAY0002902,ORD002902,2024-11-29,Cash on Delivery,3946.09,Success
PAY0002903,ORD002903,2024-08-25,Debit Card,16471.66,Failed
PAY0002904,ORD002904,2024-02-05,Credit Card,3500.38,Success
PAY0002905,ORD002905,2024-09-12,Wallet,22215.08,Success
PAY0002906,ORD002906,2024-02-09,Debit Card,28029.38,Success
PAY0002907,ORD002907,2024-07-08,Credit Card,20210.08,Success
PAY0002908,ORD002908,2024-09-24,Debit Card,2500.46,Success
PAY0002909,ORD002909,2023-09-01,Debit Card,18334.239999999998,Success
PAY0002910,ORD002910,2023-01-12,Wallet,5064.43,Success
PAY0002911,ORD002911,2024-09-18,Net Banking,6757.07,Success
PAY0002912,ORD002912,2023-11-15,UPI,4518.23,Success
PAY0002913,ORD002913,2024-03-14,Credit Card,9869.37,Success
PAY0002914,ORD002914,2024-04-08,UPI,13298.43,Success
PAY0002915,ORD002915,2023-09-15,Credit Card,6484.56,Success
PAY0002916,ORD002916,2023-12-07,Net Banking,32302.519999999997,Success
PAY0002917,ORD002917,2024-03-17,Net Banking,7182.12,Pending
PAY0002918,ORD002918,2023-12-04,Net Banking,1491.57,Failed
PAY0002919,ORD002919,2023-11-12,Wallet,9452.82,Success
PAY0002920,ORD002920,2024-04-23,Wallet,8988.77,Success
PAY0002921,ORD002921,2024-11-06,Wallet,6515.19,Pending
PAY0002922,ORD002922,2023-06-04,Debit Card,6899.530000000001,Success
PAY0002923,ORD002923,2023-07-16,Credit Card,8399.52,Success
PAY0002924,ORD002924,2024-11-30,Net Banking,3551.64,Success
PAY0002925,ORD002925,2024-12-03,Debit Card,3523.75,Success
PAY0002926,ORD002926,2023-05-04,Wallet,10654.039999999999,Success
PAY0002927,ORD002927,2023-05-26,Credit Card,1789.22,Success
PAY0002928,ORD002928,2024-09-20,Credit Card,8138.6,Success
PAY0002929,ORD002929,2024-04-07,Cash on Delivery,18889.98,Success
PAY0002930,ORD002930,2023-07-19,Wallet,31633.45,Success
PAY0002931,ORD002931,2024-02-06,UPI,1195.14,Success
PAY0002932,ORD002932,2023-04-09,UPI,4012.78,Success
PAY0002933,ORD002933,2023-11-29,Debit Card,28269.85,Success
PAY0002934,ORD002934,2024-07-08,Cash on Delivery,3623.42,Success
PAY0002935,ORD002935,2023-10-19,Wallet,54511.55,Success
PAY0002936,ORD002936,2024-01-15,Credit Card,3514.72,Success
PAY0002937,ORD002937,2024-02-25,UPI,6525.030000000001,Success
PAY0002938,ORD002938,2024-09-14,UPI,46776.75,Success
PAY0002939,ORD002939,2024-02-25,UPI,18689.58,Success
PAY0002940,ORD002940,2023-02-09,Credit Card,14376.86,Success
PAY0002941,ORD002941,2024-01-25,Wallet,21672.07,Success
PAY0002942,ORD002942,2023-07-08,Wallet,15595.52,Success
PAY0002943,ORD002943,2024-11-25,Debit Card,4809.030000000001,Success
PAY0002944,ORD002944,2023-01-28,Credit Card,5326.74,Success
PAY0002945,ORD002945,2023-08-04,Debit Card,15318.14,Success
PAY0002946,ORD002946,2024-05-05,Cash on Delivery,22245.51,Success
PAY0002947,ORD002947,2024-10-29,Net Banking,25273.77,Success
PAY0002948,ORD002948,2024-09-03,Wallet,3459.93,Success
PAY0002949,ORD002949,2023-12-15,Debit Card,4020.11,Success
PAY0002950,ORD002950,2023-02-28,Cash on Delivery,-3966.56,Refunded
PAY0002951,ORD002951,2024-04-03,Net Banking,17375.690000000002,Success
PAY0002952,ORD002952,2023-11-28,Debit Card,28699.39,Success
PAY0002953,ORD002953,2023-05-30,Debit Card,41653.61,Success
PAY0002954,ORD002954,2023-03-24,Credit Card,44058.13,Success
PAY0002955,ORD002955,2024-03-01,Credit Card,19416.61,Success
PAY0002956,ORD002956,2024-05-18,Wallet,20963.51,Success
PAY0002957,ORD002957,2024-10-26,Credit Card,14780.46,Success
PAY0002958,ORD002958,2023-07-01,Cash on Delivery,2661.51,Refunded
PAY0002959,ORD002959,2025-05-24,Debit Card,-3509.880000000001,Success
PAY0002960,ORD002960,2023-10-10,Wallet,19363.22,Success
PAY0002961,ORD002961,2023-03-30,Cash on Delivery,1984.21,Success
PAY0002962,ORD002962,2024-07-13,UPI,2995.4700000000003,Success
PAY0002963,ORD002963,2023-06-03,UPI,6693.56,Refunded
PAY0002964,ORD002964,2023-09-22,Net Banking,7441.97,Success
PAY0002965,ORD002965,2024-10-25,Wallet,37622.76,Failed
PAY0002966,ORD002966,2024-06-11,Net Banking,832.87,Failed
PAY0002967,ORD002967,2024-08-16,UPI,2496.43,Success
PAY0002968,ORD002968,2023-05-09,UPI,7110.3,Success
PAY0002969,ORD002969,2023-09-03,Debit Card,22499.690000000002,Success
PAY0002970,ORD002970,2024-09-10,UPI,39869.87,Success
PAY0002971,ORD002971,2023-01-03,Debit Card,8300.4,Success
PAY0002972,ORD002972,2024-05-15,UPI,7134.8,Failed
PAY0002973,ORD002973,2023-03-01,Debit Card,10786.64,Failed
PAY0002974,ORD002974,2024-08-17,Debit Card,33950.93,Success
PAY0002975,ORD002975,2024-03-01,UPI,7232.5,Success
PAY0002976,ORD002976,2023-01-02,Net Banking,26788.82,Refunded
PAY0002977,ORD002977,2023-01-29,Credit Card,29044.190000000002,Success
PAY0002978,ORD002978,2024-08-02,UPI,28122.76,Refunded
PAY0002979,ORD002979,2023-07-01,UPI,15129.24,Success
PAY0002980,ORD002980,2024-01-11,Net Banking,3884.18,Success
PAY0002981,ORD002981,2024-10-18,Debit Card,22986.270000000004,Success
PAY0002982,ORD002982,2023-09-18,Debit Card,13050.51,Pending
PAY0002983,ORD002983,2023-09-22,Debit Card,20309.54,Success
PAY0002984,ORD002984,2023-08-08,Net Banking,14998.759999999998,Success
PAY0002985,ORD002985,2023-09-04,Net Banking,12432.46,Pending
PAY0002986,ORD002986,2024-08-10,Credit Card,15727.880000000001,Success
PAY0002987,ORD002987,2023-01-07,UPI,14404.18,Success
PAY0002988,ORD002988,2023-11-08,UPI,6682.66,Success
PAY0002989,ORD002989,2024-06-14,Cash on Delivery,4066.81,Success
PAY0002990,ORD002990,2023-08-06,Cash on Delivery,16016.04,Refunded
PAY0002991,ORD002991,2024-04-01,Credit Card,17381.35,Failed
PAY0002992,ORD002992,2023-08-06,Wallet,5373.23,Success
PAY0002993,ORD002993,2024-08-31,Wallet,12839.26,Success
PAY0002994,ORD002994,2024-01-16,Wallet,11388.58,Failed
PAY0002995,ORD002995,2024-09-19,Credit Card,21905.98,Refunded
PAY0002996,ORD002996,2024-02-27,Wallet,14580.74,Success
PAY0002997,ORD002997,2024-10-30,Credit Card,6915.22,Success
PAY0002998,ORD002998,2023-06-03,Debit Card,8487.11,Success
PAY0002999,ORD002999,2024-11-12,Credit Card,2337.79,Success
PAY0003000,ORD003000,2023-06-20,Wallet,3963.99,Success
PAY0003001,ORD003001,2024-09-19,Credit Card,3248.66,Success
PAY0003002,ORD003002,2024-09-15,Cash on Delivery,21489.42,Success
PAY0003003,ORD003003,2024-08-21,Net Banking,56532.189999999995,Success
PAY0003004,ORD003004,2024-12-01,Debit Card,10858.09,Success
PAY0003005,ORD003005,2023-12-12,Cash on Delivery,33915.81,Success
PAY0003006,ORD003006,2024-03-09,Debit Card,10592.4,Success
PAY0003007,ORD003007,2024-08-28,Cash on Delivery,16627.33,Success
PAY0003008,ORD003008,2024-06-11,Credit Card,23025.920000000002,Success
PAY0003009,ORD003009,2024-09-18,Debit Card,8414.5,Success
PAY0003010,ORD003010,2023-01-06,UPI,23781.54,Success
PAY0003011,ORD003011,2024-11-11,Debit Card,20189.16,Success
PAY0003012,ORD003012,2023-01-28,Wallet,10287.59,Success
PAY0003013,ORD003013,2024-09-13,Credit Card,4634.26,Success
PAY0003014,ORD003014,2024-01-05,Debit Card,43232.44,Success
PAY0003015,ORD003015,2023-03-06,Cash on Delivery,2123.51,Success
PAY0003016,ORD003016,2023-01-31,Wallet,23245.54,Success
PAY0003017,ORD003017,2024-04-05,Credit Card,5607.54,Success
PAY0003018,ORD003018,2024-10-30,UPI,26157.64,Success
PAY0003019,ORD003019,2023-11-04,Cash on Delivery,16594.309999999998,Success
PAY0003020,ORD003020,2024-10-03,Net Banking,28357.72,Success
PAY0003021,ORD003021,2024-07-26,Credit Card,5892.69,Success
PAY0003022,ORD003022,2023-11-25,Wallet,7150.39,Success
PAY0003023,ORD003023,2023-08-29,Credit Card,10178.44,Success
PAY0003024,ORD003024,2023-06-19,Cash on Delivery,1993.2,Pending
PAY0003025,ORD003025,2024-11-10,Net Banking,18648.020000000004,Success
PAY0003026,ORD003026,2024-09-20,UPI,13761.289999999999,Success
PAY0003027,ORD003027,2023-06-30,Net Banking,5188.77,Refunded
PAY0003028,ORD003028,2023-02-09,Cash on Delivery,15788.07,Success
PAY0003029,ORD003029,2024-09-25,Cash on Delivery,5635.51,Success
PAY0003030,ORD003030,2023-08-05,Credit Card,13156.890000000001,Success
PAY0003031,ORD003031,2024-06-20,Net Banking,1509.77,Success
PAY0003032,ORD003032,2024-07-13,Wallet,2995.12,Success
PAY0003033,ORD003033,2023-07-13,Wallet,6511.17,Success
PAY0003034,ORD003034,2023-06-05,Wallet,16536.82,Success
PAY0003035,ORD003035,2024-03-27,Debit Card,4080.66,Success
PAY0003036,ORD003036,2023-08-25,Net Banking,1512.3,Success
PAY0003037,ORD003037,2024-05-06,UPI,10773.95,Success
PAY0003038,ORD003038,2024-04-11,Net Banking,20199.579999999998,Success
PAY0003039,ORD003039,2024-08-24,UPI,15306.48,Success
PAY0003040,ORD003040,2023-06-25,Net Banking,10898.55,Success
PAY0003041,ORD003041,2023-06-18,Net Banking,23464.59,Pending
PAY0003042,ORD003042,2023-12-13,Net Banking,8701.77,Failed
PAY0003043,ORD003043,2024-08-15,Credit Card,2887.17,Failed
PAY0003044,ORD003044,2023-04-19,Credit Card,14314.0,Success
PAY0003045,ORD003045,2024-08-20,Wallet,18745.86,Success
PAY0003046,ORD003046,2023-12-19,Credit Card,9654.52,Success
PAY0003047,ORD003047,2024-11-19,Net Banking,32251.910000000003,Success
PAY0003048,ORD003048,2023-07-11,Debit Card,13997.32,Success
PAY0003049,ORD003049,2024-07-12,Cash on Delivery,5450.06,Success
PAY0003050,ORD003050,2023-01-11,Debit Card,1343.36,Refunded
PAY0003051,ORD003051,2024-08-20,Wallet,29050.05,Success
PAY0003052,ORD003052,2023-02-04,Wallet,9272.65,Success
PAY0003053,ORD003053,2023-04-01,Net Banking,13298.43,Success
PAY0003054,ORD003054,2023-09-05,Debit Card,14874.7,Success
PAY0003055,ORD003055,2024-01-03,Net Banking,2500.46,Success
PAY0003056,ORD003056,2023-02-11,Net Banking,9674.85,Success
PAY0003057,ORD003057,2023-10-16,Wallet,-773.62,Success
PAY0003058,ORD003058,2024-05-17,Debit Card,31670.05,Success
PAY0003059,ORD003059,2024-01-12,Net Banking,1869.32,Success
PAY0003060,ORD003060,2024-11-14,Cash on Delivery,3870.28,Success
PAY0003061,ORD003061,2024-08-09,Wallet,534.87,Success
PAY0003062,ORD003062,2024-10-07,Debit Card,21333.23,Success
PAY0003063,ORD003063,2024-06-13,Net Banking,8775.56,Success
PAY0003064,ORD003064,2023-11-18,Debit Card,17386.06,Success
PAY0003065,ORD003065,2024-10-22,Debit Card,2496.43,Success
PAY0003066,ORD003066,2023-03-13,Net Banking,5395.6,Success
PAY0003067,ORD003067,2023-11-25,Net Banking,1789.22,Success
PAY0003068,ORD003068,2024-04-29,Net Banking,16642.93,Success
PAY0003069,ORD003069,2024-07-15,Net Banking,15912.23,Success
PAY0003070,ORD003070,2023-06-27,UPI,12195.72,Success
PAY0003071,ORD003071,2023-01-11,Net Banking,30971.260000000002,Success
PAY0003072,ORD003072,2024-08-12,UPI,3578.44,Success
PAY0003073,ORD003073,2024-01-06,Credit Card,4432.81,Refunded
PAY0003074,ORD003074,2023-01-28,Net Banking,76494.84,Failed
PAY0003075,ORD003075,2023-06-09,UPI,12859.369999999999,Success
PAY0003076,ORD003076,2023-04-29,Debit Card,11490.09,Success
PAY0003077,ORD003077,2024-01-14,UPI,5504.82,Success
PAY0003078,ORD003078,2023-06-30,Net Banking,5690.18,Success
PAY0003079,ORD003079,2023-10-28,Credit Card,9552.76,Failed
PAY0003080,ORD003080,2024-09-26,Wallet,33760.46,Success
PAY0003081,ORD003081,2023-11-10,Debit Card,15886.6,Success
PAY0003082,ORD003082,2024-07-14,UPI,6768.4,Success
PAY0003083,ORD003083,2024-01-06,Cash on Delivery,8076.21,Success
PAY0003084,ORD003084,2023-02-06,Wallet,14990.18,Success
PAY0003085,ORD003085,2023-08-01,Wallet,21958.39,Success
PAY0003086,ORD003086,2024-05-15,Credit Card,12270.74,Success
PAY0003087,ORD003087,2023-03-30,Credit Card,4510.78,Pending
PAY0003088,ORD003088,2024-05-06,Cash on Delivery,4199.76,Success
PAY0003089,ORD003089,2023-06-14,Cash on Delivery,19749.23,Success
PAY0003090,ORD003090,2024-05-19,Wallet,27863.8,Success
PAY0003091,ORD003091,2024-05-24,UPI,3379.56,Success
PAY0003092,ORD003092,2023-06-07,UPI,6053.46,Success
PAY0003093,ORD003093,2023-07-21,Wallet,18647.73,Success
PAY0003094,ORD003094,2023-11-22,Credit Card,12292.14,Success
PAY0003095,ORD003095,2024-09-20,Net Banking,4569.0,Failed
PAY0003096,ORD003096,2023-12-23,UPI,10923.79,Success
PAY0003097,ORD003097,2024-02-13,Wallet,11802.93,Success
PAY0003098,ORD003098,2023-08-14,Cash on Delivery,11017.18,Success
PAY0003099,ORD003099,2024-06-20,UPI,19699.969999999998,Success
PAY0003100,ORD003100,2023-10-08,UPI,9374.39,Success
PAY0003101,ORD003101,2023-08-12,Credit Card,5207.4,Success
PAY0003102,ORD003102,2023-10-31,Cash on Delivery,28954.570000000003,Success
PAY0003103,ORD003103,2023-09-08,Credit Card,8693.03,Success
PAY0003104,ORD003104,2023-05-28,Credit Card,28678.449999999997,Success
PAY0003105,ORD003105,2023-12-13,Net Banking,4625.83,Success
PAY0003106,ORD003106,2024-08-13,Wallet,6005.27,Success
PAY0003107,ORD003107,2023-08-30,Credit Card,5823.71,Success
PAY0003108,ORD003108,2024-02-10,Net Banking,2746.09,Success
PAY0003109,ORD003109,2023-01-21,Debit Card,2112.77,Success
PAY0003110,ORD003110,2023-11-16,Cash on Delivery,13142.95,Success
PAY0003111,ORD003111,2023-10-01,Net Banking,16778.42,Success
PAY0003112,ORD003112,2023-04-21,Net Banking,-379.750000000001,Success
PAY0003113,ORD003113,2024-02-10,Credit Card,2205.3,Success
PAY0003114,ORD003114,2023-10-03,Debit Card,13294.849999999999,Success
PAY0003115,ORD003115,2023-08-08,Net Banking,9234.49,Pending
PAY0003116,ORD003116,2023-04-16,Debit Card,13739.34,Success
PAY0003117,ORD003117,2024-06-14,Cash on Delivery,4097.28,Success
PAY0003118,ORD003118,2023-12-14,UPI,256.57,Success
PAY0003119,ORD003119,2024-05-28,Wallet,11448.57,Success
PAY0003120,ORD003120,2024-05-29,Cash on Delivery,14631.92,Refunded
PAY0003121,ORD003121,2024-10-09,UPI,3250.8,Success
PAY0003122,ORD003122,2024-03-10,Wallet,13659.43,Success
PAY0003123,ORD003123,2024-03-02,UPI,6038.15,Success
PAY0003124,ORD003124,2024-01-22,Debit Card,16508.21,Success
PAY0003125,ORD003125,2024-10-30,Wallet,6904.86,Success
PAY0003126,ORD003126,2024-07-02,Credit Card,8701.77,Refunded
PAY0003127,ORD003127,2023-01-23,UPI,11903.78,Success
PAY0003128,ORD003128,2023-03-31,Debit Card,4491.93,Success
PAY0003129,ORD003129,2023-01-20,Credit Card,3900.41,Success
PAY0003130,ORD003130,2024-05-02,Credit Card,2705.55,Success
PAY0003131,ORD003131,2024-08-07,Cash on Delivery,36544.28,Success
PAY0003132,ORD003132,2024-09-03,Debit Card,3992.96,Success
PAY0003133,ORD003133,2023-12-05,Wallet,5783.84,Success
PAY0003134,ORD003134,2025-03-21,Net Banking,37611.979999999996,Success
PAY0003135,ORD003135,2024-02-29,Debit Card,5941.63,Success
PAY0003136,ORD003136,2024-08-18,Credit Card,5976.360000000001,Pending
PAY0003137,ORD003137,2024-11-24,Debit Card,26458.93,Success
PAY0003138,ORD003138,2023-10-15,Debit Card,6191.96,Success
PAY0003139,ORD003139,2023-02-24,UPI,4729.1,Success
PAY0003140,ORD003140,2023-05-11,Wallet,12488.77,Success
PAY0003141,ORD003141,2023-09-06,Cash on Delivery,16776.85,Success
PAY0003142,ORD003142,2023-10-26,Net Banking,3154.8199999999997,Refunded
PAY0003143,ORD003143,2023-07-26,Cash on Delivery,27110.96,Success
PAY0003144,ORD003144,2024-02-20,Cash on Delivery,17685.64,Success
PAY0003145,ORD003145,2023-05-24,Cash on Delivery,23434.3,Success
PAY0003146,ORD003146,2023-04-10,Wallet,7970.66,Success
PAY0003147,ORD003147,2024-06-21,UPI,27846.0,Success
PAY0003148,ORD003148,2023-10-15,Credit Card,12067.619999999999,Pending
PAY0003149,ORD003149,2023-03-20,UPI,31628.97,Success
PAY0003150,ORD003150,2024-08-20,UPI,16534.18,Success
PAY0003151,ORD003151,2023-06-26,Net Banking,3358.05,Success
PAY0003152,ORD003152,2024-07-16,UPI,27090.47,Pending
PAY0003153,ORD003153,2023-10-28,Credit Card,12644.47,Success
PAY0003154,ORD003154,2024-10-09,Wallet,2889.4,Success
PAY0003155,ORD003155,2024-10-30,Credit Card,6061.67,Success
PAY0003156,ORD003156,2024-02-20,Credit Card,7466.66,Success
PAY0003157,ORD003157,2024-02-26,Credit Card,3307.17,Success
PAY0003158,ORD003158,2024-07-18,UPI,11257.14,Success
PAY0003159,ORD003159,2024-02-19,Wallet,6206.48,Success
PAY0003160,ORD003160,2023-07-13,UPI,44807.71000000001,Success
PAY0003161,ORD003161,2024-04-05,Cash on Delivery,7799.320000000001,Failed
PAY0003162,ORD003162,2024-03-23,Net Banking,15835.0,Success
PAY0003163,ORD003163,2024-08-07,Debit Card,12386.67,Success
PAY0003164,ORD003164,2024-05-19,Credit Card,6395.35,Success
PAY0003165,ORD003165,2024-02-26,Wallet,38620.15,Success
PAY0003166,ORD003166,2024-02-10,Debit Card,3992.96,Success
PAY0003167,ORD003167,2023-04-05,Net Banking,13714.529999999999,Success
PAY0003168,ORD003168,2024-05-26,Credit Card,8522.29,Success
PAY0003169,ORD003169,2023-06-02,Debit Card,2087.26,Success
PAY0003170,ORD003170,2023-08-10,Wallet,17533.5,Success
PAY0003171,ORD003171,2024-04-01,Debit Card,5858.08,Success
PAY0003172,ORD003172,2024-04-19,Debit Card,14627.28,Success
PAY0003173,ORD003173,2023-03-30,Net Banking,12326.27,Success
PAY0003174,ORD003174,2024-05-06,UPI,20029.25,Success
PAY0003175,ORD003175,2024-09-02,Net Banking,7970.85,Success
PAY0003176,ORD003176,2024-02-15,Debit Card,3946.1,Success
PAY0003177,ORD003177,2023-08-26,Debit Card,899.86,Success
PAY0003178,ORD003178,2023-06-14,Credit Card,21126.31,Success
PAY0003179,ORD003179,2024-05-26,Cash on Delivery,16820.88,Success
PAY0003180,ORD003180,2023-08-26,Debit Card,66889.47,Success
PAY0003181,ORD003181,2023-01-08,Net Banking,8817.09,Success
PAY0003182,ORD003182,2023-07-29,Credit Card,29136.3,Success
PAY0003183,ORD003183,2024-12-01,Debit Card,3976.1200000000003,Refunded
PAY0003184,ORD003184,2024-02-14,Debit Card,10323.5,Success
PAY0003185,ORD003185,2023-10-04,Credit Card,504.1,Success
PAY0003186,ORD003186,2024-11-25,Wallet,39975.3,Success
PAY0003187,ORD003187,2024-10-30,Cash on Delivery,18784.54,Success
PAY0003188,ORD003188,2023-04-11,UPI,10930.45,Success
PAY0003189,ORD003189,2024-11-18,Cash on Delivery,2741.29,Success
PAY0003190,ORD003190,2023-07-23,Cash on Delivery,5794.19,Pending
PAY0003191,ORD003191,2023-05-17,Net Banking,2179.62,Success
PAY0003192,ORD003192,2024-09-21,Wallet,28288.29,Success
PAY0003193,ORD003193,2024-11-24,Wallet,33915.81,Success
PAY0003194,ORD003194,2024-06-08,UPI,3786.88,Success
PAY0003195,ORD003195,2023-03-26,Wallet,42128.88,Success
PAY0003196,ORD003196,2024-02-20,Cash on Delivery,18996.43,Success
PAY0003197,ORD003197,2024-03-06,Credit Card,2719.98,Success
PAY0003198,ORD003198,2023-09-10,UPI,15300.86,Pending
PAY0003199,ORD003199,2023-08-25,UPI,24982.69,Success
PAY0003200,ORD003200,2023-06-08,Credit Card,1589.57,Success
PAY0003201,ORD003201,2023-11-01,Net Banking,41097.189999999995,Success
PAY0003202,ORD003202,2024-09-23,Net Banking,44500.37,Failed
PAY0003203,ORD003203,2023-10-21,UPI,9546.1,Success
PAY0003204,ORD003204,2024-04-29,UPI,260.84,Success
PAY0003205,ORD003205,2023-01-17,Debit Card,17502.83,Success
PAY0003206,ORD003206,2023-08-17,Debit Card,10666.99,Success
PAY0003207,ORD003207,2023-07-10,UPI,12531.500000000002,Success
PAY0003208,ORD003208,2024-09-04,UPI,6748.030000000001,Success
PAY0003209,ORD003209,2023-02-05,Cash on Delivery,21455.23,Success
PAY0003210,ORD003210,2024-03-29,Wallet,15366.68,Success
PAY0003211,ORD003211,2024-08-08,UPI,21173.120000000003,Success
PAY0003212,ORD003212,2023-04-05,Wallet,13720.02,Success
PAY0003213,ORD003213,2024-05-23,Net Banking,14767.26,Success
PAY0003214,ORD003214,2023-04-21,Credit Card,50800.16,Success
PAY0003215,ORD003215,2024-03-04,Wallet,7893.1,Success
PAY0003216,ORD003216,2023-08-31,Debit Card,13414.34,Success
PAY0003217,ORD003217,2023-05-16,Wallet,21938.690000000002,Success
PAY0003218,ORD003218,2024-07-20,Credit Card,2742.81,Success
PAY0003219,ORD003219,2024-09-02,Wallet,4849.99,Success
PAY0003220,ORD003220,2024-01-02,Cash on Delivery,3992.96,Success
PAY0003221,ORD003221,2023-02-13,Debit Card,10940.369999999999,Success
PAY0003222,ORD003222,2024-08-10,Debit Card,7313.64,Success
PAY0003223,ORD003223,2024-10-17,Debit Card,7895.040000000001,Success
PAY0003224,ORD003224,2023-09-16,Debit Card,377.04,Success
PAY0003225,ORD003225,2023-12-31,Wallet,46815.52,Success
PAY0003226,ORD003226,2024-07-16,UPI,5675.99,Success
PAY0003227,ORD003227,2024-03-13,UPI,5329.92,Success
PAY0003228,ORD003228,2024-03-28,Credit Card,9597.560000000001,Success
PAY0003229,ORD003229,2024-03-13,Wallet,12229.06,Success
PAY0003230,ORD003230,2024-08-11,Debit Card,7636.65,Success
PAY0003231,ORD003231,2023-03-16,Debit Card,10952.77,Success
PAY0003232,ORD003232,2023-05-06,Net Banking,35930.89,Failed
PAY0003233,ORD003233,2024-03-02,Credit Card,2989.14,Refunded
PAY0003234,ORD003234,2023-11-20,Wallet,2588.73,Success
PAY0003235,ORD003235,2023-07-19,Wallet,26363.260000000002,Success
PAY0003236,ORD003236,2023-03-14,Wallet,5518.05,Success
PAY0003237,ORD003237,2024-01-20,Net Banking,24674.76,Success
PAY0003238,ORD003238,2024-09-16,Net Banking,20361.14,Success
PAY0003239,ORD003239,2023-02-10,Credit Card,20299.260000000002,Success
PAY0003240,ORD003240,2023-08-19,UPI,15984.61,Success
PAY0003241,ORD003241,2023-03-22,Debit Card,16717.17,Success
PAY0003242,ORD003242,2024-09-05,Credit Card,20592.52,Success
PAY0003243,ORD003243,2023-01-18,Credit Card,14309.75,Success
PAY0003244,ORD003244,2023-08-04,Credit Card,6671.78,Success
PAY0003245,ORD003245,2023-05-20,Credit Card,14012.4,Success
PAY0003246,ORD003246,2024-05-04,Net Banking,17089.16,Success
PAY0003247,ORD003247,2023-12-26,Wallet,37672.119999999995,Success
PAY0003248,ORD003248,2023-04-22,Net Banking,43628.340000000004,Success
PAY0003249,ORD003249,2023-03-05,UPI,29456.45,Success
PAY0003250,ORD003250,2024-05-19,Wallet,14790.95,Success
PAY0003251,ORD003251,2024-07-10,Net Banking,8766.75,Success
PAY0003252,ORD003252,2024-11-27,Credit Card,13776.82,Success
PAY0003253,ORD003253,2024-08-20,Debit Card,7174.1900000000005,Success
PAY0003254,ORD003254,2024-03-17,Net Banking,10313.56,Success
PAY0003255,ORD003255,2024-03-17,UPI,15354.48,Success
PAY0003256,ORD003256,2024-02-04,UPI,11345.689999999999,Success
PAY0003257,ORD003257,2024-01-06,UPI,15953.17,Success
PAY0003258,ORD003258,2024-03-11,Credit Card,16074.27,Success
PAY0003259,ORD003259,2023-01-14,Cash on Delivery,9032.539999999999,Success
PAY0003260,ORD003260,2023-03-21,Credit Card,35620.11,Success
PAY0003261,ORD003261,2023-09-02,Credit Card,10281.630000000001,Success
PAY0003262,ORD003262,2023-02-01,UPI,31161.99,Success
PAY0003263,ORD003263,2024-05-28,UPI,742.11,Success
PAY0003264,ORD003264,2024-02-13,Cash on Delivery,47139.64,Success
PAY0003265,ORD003265,2024-08-09,UPI,194.09,Success
PAY0003266,ORD003266,2023-11-11,Net Banking,14086.869999999999,Success
PAY0003267,ORD003267,2024-03-20,Cash on Delivery,4590.52,Pending
PAY0003268,ORD003268,2024-04-11,Cash on Delivery,3095.41,Success
PAY0003269,ORD003269,2023-04-10,Net Banking,236.57,Success
PAY0003270,ORD003270,2024-04-26,UPI,31192.85,Refunded
PAY0003271,ORD003271,2024-02-02,Debit Card,6454.46,Refunded
PAY0003272,ORD003272,2024-02-03,Wallet,5067.01,Success
PAY0003273,ORD003273,2024-06-18,Wallet,12574.21,Success
PAY0003274,ORD003274,2024-05-10,Credit Card,418.57,Success
PAY0003275,ORD003275,2024-05-17,UPI,18149.65,Success
PAY0003276,ORD003276,2023-05-19,Cash on Delivery,1891.88,Success
PAY0003277,ORD003277,2023-07-30,Debit Card,40679.99,Success
PAY0003278,ORD003278,2024-06-20,Debit Card,4254.42,Success
PAY0003279,ORD003279,2024-04-09,Net Banking,5791.83,Success
PAY0003280,ORD003280,2024-10-03,UPI,30855.67,Success
PAY0003281,ORD003281,2023-10-07,Cash on Delivery,24321.46,Success
PAY0003282,ORD003282,2023-08-26,Cash on Delivery,8460.09,Success
PAY0003283,ORD003283,2023-01-08,Cash on Delivery,8988.77,Success
PAY0003284,ORD003284,2023-04-22,Net Banking,30185.72,Success
PAY0003285,ORD003285,2024-07-07,Cash on Delivery,4861.55,Success
PAY0003286,ORD003286,2024-11-28,Wallet,7341.91,Success
PAY0003287,ORD003287,2023-11-10,UPI,1103.63,Success
PAY0003288,ORD003288,2023-08-22,Debit Card,5536.94,Failed
PAY0003289,ORD003289,2023-03-24,Cash on Delivery,13813.34,Success
PAY0003290,ORD003290,2023-06-07,Cash on Delivery,8958.49,Success
PAY0003291,ORD003291,2024-09-24,Net Banking,4226.63,Success
PAY0003292,ORD003292,2024-04-07,Debit Card,206.33,Success
PAY0003293,ORD003293,2023-11-04,Net Banking,10585.46,Success
PAY0003294,ORD003294,2024-10-05,Cash on Delivery,16789.32,Success
PAY0003295,ORD003295,2023-07-30,Debit Card,11271.02,Success
PAY0003296,ORD003296,2023-07-14,UPI,6936.45,Failed
PAY0003297,ORD003297,2024-07-21,Debit Card,10033.52,Success
PAY0003298,ORD003298,2024-02-11,Cash on Delivery,11932.970000000001,Failed
PAY0003299,ORD003299,2024-07-08,UPI,7193.17,Success
PAY0003300,ORD003300,2023-03-24,Net Banking,13018.8,Success
PAY0003301,ORD003301,2024-02-04,Wallet,8159.94,Success
PAY0003302,ORD003302,2024-02-10,Debit Card,5504.82,Success
PAY0003303,ORD003303,2023-09-22,UPI,1981.58,Success
PAY0003304,ORD003304,2023-03-28,UPI,27976.39,Success
PAY0003305,ORD003305,2023-11-12,Net Banking,22808.36,Success
PAY0003306,ORD003306,2024-05-06,Credit Card,13985.810000000001,Success
PAY0003307,ORD003307,2023-10-14,Net Banking,8617.38,Success
PAY0003308,ORD003308,2024-04-26,Credit Card,19710.16,Failed
PAY0003309,ORD003309,2023-08-20,UPI,34273.2,Success
PAY0003310,ORD003310,2024-01-02,Cash on Delivery,4863.23,Success
PAY0003311,ORD003311,2024-06-02,UPI,7284.8,Success
PAY0003312,ORD003312,2023-04-29,Cash on Delivery,18490.160000000003,Success
PAY0003313,ORD003313,2024-03-25,UPI,29102.73,Success
PAY0003314,ORD003314,2023-08-07,UPI,24989.670000000002,Success
PAY0003315,ORD003315,2023-10-01,Debit Card,4590.52,Success
PAY0003316,ORD003316,2023-05-04,Cash on Delivery,37767.380000000005,Success
PAY0003317,ORD003317,2024-04-28,Debit Card,2245.56,Success
PAY0003318,ORD003318,2024-02-26,Net Banking,2576.9,Success
PAY0003319,ORD003319,2023-05-26,Cash on Delivery,4181.67,Success
PAY0003320,ORD003320,2023-05-12,Debit Card,16120.72,Success
PAY0003321,ORD003321,2024-07-06,Debit Card,198.83,Success
PAY0003322,ORD003322,2023-09-26,Debit Card,11850.57,Success
PAY0003323,ORD003323,2024-01-07,Debit Card,35860.49,Success
PAY0003324,ORD003324,2024-02-19,Debit Card,18405.52,Success
PAY0003325,ORD003325,2023-07-06,Cash on Delivery,7955.639999999999,Success
PAY0003326,ORD003326,2023-10-14,Cash on Delivery,11926.880000000001,Success
PAY0003327,ORD003327,2023-12-28,Cash on Delivery,41425.96,Success
PAY0003328,ORD003328,2023-08-31,Wallet,437.86,Success
PAY0003329,ORD003329,2024-07-28,Net Banking,17560.23,Success
PAY0003330,ORD003330,2023-03-30,Credit Card,5635.51,Success
PAY0003331,ORD003331,2024-10-02,Cash on Delivery,46675.43,Success
PAY0003332,ORD003332,2024-05-28,Cash on Delivery,1325.38,Success
PAY0003333,ORD003333,2024-02-08,UPI,14178.86,Success
PAY0003334,ORD003334,2024-05-21,Credit Card,40280.1,Success
PAY0003335,ORD003335,2023-03-17,Cash on Delivery,6762.16,Success
PAY0003336,ORD003336,2023-12-24,Debit Card,4797.07,Success
PAY0003337,ORD003337,2023-07-03,Net Banking,2810.9700000000003,Success
PAY0003338,ORD003338,2024-11-27,Wallet,10390.240000000002,Success
PAY0003339,ORD003339,2023-04-10,Wallet,9847.75,Failed
PAY0003340,ORD003340,2023-11-15,Credit Card,45658.13,Success
PAY0003341,ORD003341,2023-06-11,Cash on Delivery,46035.78,Success
PAY0003342,ORD003342,2024-06-24,Debit Card,7208.1,Success
PAY0003343,ORD003343,2024-04-18,UPI,10346.85,Failed
PAY0003344,ORD003344,2024-08-07,Net Banking,6289.2,Success
PAY0003345,ORD003345,2024-01-29,UPI,5045.82,Pending
PAY0003346,ORD003346,2024-04-07,Debit Card,18973.21,Success
PAY0003347,ORD003347,2023-07-18,Cash on Delivery,4432.81,Success
PAY0003348,ORD003348,2024-06-08,Credit Card,82090.85,Success
PAY0003349,ORD003349,2024-01-09,Wallet,25163.71,Success
PAY0003350,ORD003350,2024-09-25,Credit Card,899.86,Success
PAY0003351,ORD003351,2024-11-30,Wallet,9875.78,Pending
PAY0003352,ORD003352,2024-08-01,Wallet,4930.75,Refunded
PAY0003353,ORD003353,2024-03-11,UPI,10848.72,Success
PAY0003354,ORD003354,2024-03-09,Credit Card,576.16,Success
PAY0003355,ORD003355,2023-07-27,UPI,24631.239999999998,Success
PAY0003356,ORD003356,2023-10-29,Debit Card,3443.88,Success
PAY0003357,ORD003357,2023-10-07,Wallet,7619.93,Pending
PAY0003358,ORD003358,2024-05-22,Cash on Delivery,6515.98,Success
PAY0003359,ORD003359,2023-12-09,Net Banking,13387.12,Success
PAY0003360,ORD003360,2024-10-11,Wallet,26166.879999999997,Success
PAY0003361,ORD003361,2023-10-10,UPI,13256.68,Success
PAY0003362,ORD003362,2023-09-18,Debit Card,17234.76,Pending
PAY0003363,ORD003363,2024-07-27,Debit Card,5881.59,Success
PAY0003364,ORD003364,2023-08-24,Wallet,11547.869999999999,Success
PAY0003365,ORD003365,2023-10-14,Credit Card,15871.27,Success
PAY0003366,ORD003366,2024-07-01,UPI,7587.4,Success
PAY0003367,ORD003367,2023-07-12,Credit Card,1263.16,Success
PAY0003368,ORD003368,2023-02-13,Credit Card,31617.399999999998,Success
PAY0003369,ORD003369,2023-03-01,UPI,31673.31,Success
PAY0003370,ORD003370,2023-07-02,Net Banking,6413.18,Success
PAY0003371,ORD003371,2024-02-25,UPI,4813.34,Success
PAY0003372,ORD003372,2023-07-30,Wallet,28489.28,Success
PAY0003373,ORD003373,2024-02-08,Cash on Delivery,11766.77,Success
PAY0003374,ORD003374,2024-05-13,Debit Card,24662.18,Success
PAY0003375,ORD003375,2023-02-27,Debit Card,5338.68,Success
PAY0003376,ORD003376,2023-07-05,UPI,51167.8,Success
PAY0003377,ORD003377,2023-12-02,Net Banking,258.63,Success
PAY0003378,ORD003378,2024-05-05,Credit Card,9416.24,Success
PAY0003379,ORD003379,2024-03-15,Net Banking,9251.66,Success
PAY0003380,ORD003380,2023-10-06,Net Banking,6559.01,Success
PAY0003381,ORD003381,2024-11-17,Cash on Delivery,3700.66,Success
PAY0003382,ORD003382,2024-06-25,Cash on Delivery,44093.43,Failed
PAY0003383,ORD003383,2024-11-27,Net Banking,2661.51,Success
PAY0003384,ORD003384,2023-04-08,Credit Card,7025.130000000001,Failed
PAY0003385,ORD003385,2024-01-09,UPI,20090.58,Success
PAY0003386,ORD003386,2024-09-12,UPI,11268.09,Success
PAY0003387,ORD003387,2023-01-12,Wallet,9811.46,Success
PAY0003388,ORD003388,2024-10-18,Wallet,3250.57,Success
PAY0003389,ORD003389,2024-04-10,Debit Card,4768.43,Success
PAY0003390,ORD003390,2023-10-03,Debit Card,19508.62,Refunded
PAY0003391,ORD003391,2024-04-21,Net Banking,1440.96,Success
PAY0003392,ORD003392,2023-10-29,Net Banking,11347.78,Failed
PAY0003393,ORD003393,2023-01-11,Wallet,10158.91,Success
PAY0003394,ORD003394,2024-11-11,Wallet,10475.11,Success
PAY0003395,ORD003395,2024-03-15,UPI,17082.87,Success
PAY0003396,ORD003396,2023-10-04,Wallet,9634.75,Success
PAY0003397,ORD003397,2023-08-10,Debit Card,-596.2200000000012,Success
PAY0003398,ORD003398,2024-03-22,Cash on Delivery,12688.16,Success
PAY0003399,ORD003399,2024-01-07,Cash on Delivery,43959.94,Refunded
PAY0003400,ORD003400,2024-09-05,Debit Card,21054.93,Success
PAY0003401,ORD003401,2023-06-22,Debit Card,1624.33,Success
PAY0003402,ORD003402,2023-09-11,Credit Card,18117.260000000002,Success
PAY0003403,ORD003403,2023-03-03,Net Banking,2484.26,Pending
PAY0003404,ORD003404,2023-06-02,Credit Card,746.88,Failed
PAY0003405,ORD003405,2023-01-07,Net Banking,10311.17,Success
PAY0003406,ORD003406,2023-02-10,Net Banking,12252.970000000001,Refunded
PAY0003407,ORD003407,2024-06-26,Credit Card,6817.34,Success
PAY0003408,ORD003408,2023-12-24,UPI,21788.61,Success
PAY0003409,ORD003409,2024-03-30,UPI,33182.33,Success
PAY0003410,ORD003410,2023-10-08,Credit Card,19994.04,Success
PAY0003411,ORD003411,2024-01-19,Cash on Delivery,7803.26,Success
PAY0003412,ORD003412,2024-06-13,Wallet,6680.3,Success
PAY0003413,ORD003413,2023-04-13,UPI,16449.7,Success
PAY0003414,ORD003414,2024-06-26,Net Banking,12010.54,Success
PAY0003415,ORD003415,2023-02-13,Credit Card,1328.1599999999999,Success
PAY0003416,ORD003416,2023-12-03,Cash on Delivery,10508.19,Success
PAY0003417,ORD003417,2023-01-17,Wallet,9496.42,Success
PAY0003418,ORD003418,2023-02-04,Net Banking,7881.54,Success
PAY0003419,ORD003419,2023-02-12,Wallet,8701.77,Success
PAY0003420,ORD003420,2023-12-27,Cash on Delivery,12567.04,Success
PAY0003421,ORD003421,2024-06-06,UPI,13500.99,Success
PAY0003422,ORD003422,2024-04-04,Debit Card,4718.45,Success
PAY0003423,ORD003423,2024-01-15,Net Banking,460.93,Success
PAY0003424,ORD003424,2024-08-25,Cash on Delivery,3157.1499999999996,Success
PAY0003425,ORD003425,2023-03-06,Wallet,58812.08,Success
PAY0003426,ORD003426,2023-11-17,Net Banking,198.83,Success
PAY0003427,ORD003427,2024-03-22,Cash on Delivery,4279.09,Success
PAY0003428,ORD003428,2023-05-04,Wallet,3166.52,Success
PAY0003429,ORD003429,2024-04-06,Cash on Delivery,10725.29,Success
PAY0003430,ORD003430,2023-05-10,Net Banking,19497.670000000002,Refunded
PAY0003431,ORD003431,2024-02-13,Net Banking,32430.32,Success
PAY0003432,ORD003432,2024-10-07,Debit Card,17574.24,Success
PAY0003433,ORD003433,2023-10-20,Credit Card,7003.95,Success
PAY0003434,ORD003434,2024-09-30,Cash on Delivery,11192.88,Success
PAY0003435,ORD003435,2023-05-08,Cash on Delivery,13044.55,Success
PAY0003436,ORD003436,2024-02-29,UPI,9906.36,Success
PAY0003437,ORD003437,2024-08-20,Debit Card,16593.64,Success
PAY0003438,ORD003438,2024-05-02,Cash on Delivery,756.08,Success
PAY0003439,ORD003439,2023-04-09,Wallet,6175.139999999999,Success
PAY0003440,ORD003440,2023-02-17,Wallet,638.63,Refunded
PAY0003441,ORD003441,2023-02-08,Debit Card,20683.309999999998,Success
PAY0003442,ORD003442,2024-10-24,Net Banking,18608.03,Pending
PAY0003443,ORD003443,2023-07-22,Cash on Delivery,4311.049999999999,Refunded
PAY0003444,ORD003444,2023-06-18,Cash on Delivery,4510.78,Success
PAY0003445,ORD003445,2023-08-12,Net Banking,12691.119999999999,Success
PAY0003446,ORD003446,2024-11-12,Net Banking,24176.08,Success
PAY0003447,ORD003447,2024-07-30,Net Banking,13327.93,Refunded
PAY0003448,ORD003448,2024-06-16,Wallet,7834.41,Success
PAY0003449,ORD003449,2023-05-21,Credit Card,42961.04,Refunded
PAY0003450,ORD003450,2023-11-01,Wallet,17643.45,Success
PAY0003451,ORD003451,2023-11-12,Net Banking,12342.98,Pending
PAY0003452,ORD003452,2024-05-21,Debit Card,2782.99,Success
PAY0003453,ORD003453,2024-06-14,Credit Card,64790.65000000001,Pending
PAY0003454,ORD003454,2023-11-15,UPI,689.3,Success
PAY0003455,ORD003455,2024-01-30,Cash on Delivery,30663.920000000002,Pending
PAY0003456,ORD003456,2023-04-08,Credit Card,23781.62,Pending
PAY0003457,ORD003457,2023-07-20,Debit Card,26703.68,Success
PAY0003458,ORD003458,2023-01-14,Credit Card,12827.01,Success
PAY0003459,ORD003459,2024-02-05,UPI,1127.85,Success
PAY0003460,ORD003460,2024-11-08,Wallet,37552.71,Success
PAY0003461,ORD003461,2024-11-12,Debit Card,4265.87,Failed
PAY0003462,ORD003462,2023-08-23,Debit Card,7055.35,Success
PAY0003463,ORD003463,2024-02-04,UPI,10478.11,Success
PAY0003464,ORD003464,2023-12-02,Credit Card,4850.58,Success
PAY0003465,ORD003465,2024-01-31,Net Banking,7341.91,Success
PAY0003466,ORD003466,2024-04-19,Cash on Delivery,1195.14,Success
PAY0003467,ORD003467,2023-03-13,Net Banking,16760.06,Success
PAY0003468,ORD003468,2023-09-25,Wallet,14584.09,Success
PAY0003469,ORD003469,2023-06-20,Debit Card,30071.82,Success
PAY0003470,ORD003470,2023-07-18,Credit Card,5109.93,Success
PAY0003471,ORD003471,2023-04-03,Credit Card,6982.34,Failed
PAY0003472,ORD003472,2023-05-23,UPI,27719.45,Success
PAY0003473,ORD003473,2023-12-23,Credit Card,1532.82,Success
PAY0003474,ORD003474,2023-08-20,Debit Card,570.4,Success
PAY0003475,ORD003475,2023-07-12,UPI,18847.11,Success
PAY0003476,ORD003476,2024-02-28,Credit Card,17860.14,Success
PAY0003477,ORD003477,2024-10-13,UPI,32088.62,Success
PAY0003478,ORD003478,2024-09-24,UPI,3944.29,Success
PAY0003479,ORD003479,2023-05-13,Credit Card,5635.51,Success
PAY0003480,ORD003480,2024-08-20,Credit Card,12423.470000000001,Success
PAY0003481,ORD003481,2024-04-30,Cash on Delivery,5499.44,Success
PAY0003482,ORD003482,2023-10-24,Debit Card,29274.36,Success
PAY0003483,ORD003483,2023-01-07,Debit Card,3450.61,Success
PAY0003484,ORD003484,2023-02-11,Credit Card,12190.41,Success
PAY0003485,ORD003485,2023-04-22,Cash on Delivery,3720.79,Success
PAY0003486,ORD003486,2024-04-17,UPI,23924.47,Refunded
PAY0003487,ORD003487,2023-10-20,Wallet,34734.57,Success
PAY0003488,ORD003488,2023-07-05,Net Banking,55271.88,Success
PAY0003489,ORD003489,2023-07-29,Wallet,10508.19,Success
PAY0003490,ORD003490,2023-05-31,UPI,3010.04,Success
PAY0003491,ORD003491,2023-02-26,UPI,9263.54,Success
PAY0003492,ORD003492,2023-11-20,Credit Card,12922.75,Refunded
PAY0003493,ORD003493,2024-07-20,Cash on Delivery,7636.65,Success
PAY0003494,ORD003494,2023-03-16,Credit Card,12805.59,Success
PAY0003495,ORD003495,2024-09-05,Cash on Delivery,10005.65,Success
PAY0003496,ORD003496,2023-08-25,Cash on Delivery,7605.28,Pending
PAY0003497,ORD003497,2023-10-17,UPI,27847.25,Success
PAY0003498,ORD003498,2024-05-02,Net Banking,20412.449999999997,Success
PAY0003499,ORD003499,2024-06-27,Credit Card,4010.2,Success
PAY0003500,ORD003500,2024-06-27,UPI,3443.88,Success
PAY0003501,ORD003501,2023-01-28,Net Banking,7524.22,Success
PAY0003502,ORD003502,2024-07-14,Cash on Delivery,7518.69,Success
PAY0003503,ORD003503,2023-10-20,Net Banking,14336.02,Success
PAY0003504,ORD003504,2023-01-08,Debit Card,11627.98,Success
PAY0003505,ORD003505,2023-02-27,Cash on Delivery,6385.06,Success
PAY0003506,ORD003506,2023-08-30,Cash on Delivery,2979.66,Success
PAY0003507,ORD003507,2023-01-14,Net Banking,12065.36,Success
PAY0003508,ORD003508,2023-06-23,Debit Card,26268.269999999997,Refunded
PAY0003509,ORD003509,2023-04-07,Cash on Delivery,9278.3,Success
PAY0003510,ORD003510,2024-04-02,Cash on Delivery,17347.510000000002,Success
PAY0003511,ORD003511,2024-08-01,Cash on Delivery,24639.66,Success
PAY0003512,ORD003512,2024-01-08,Cash on Delivery,9299.34,Success
PAY0003513,ORD003513,2023-09-14,Credit Card,3349.09,Success
PAY0003514,ORD003514,2024-10-21,Wallet,19362.739999999998,Success
PAY0003515,ORD003515,2023-02-16,Debit Card,24483.58,Success
PAY0003516,ORD003516,2023-06-04,Credit Card,10508.19,Success
PAY0003517,ORD003517,2024-01-29,UPI,17217.97,Pending
PAY0003518,ORD003518,2024-04-26,Cash on Delivery,2861.92,Success
PAY0003519,ORD003519,2023-04-25,Wallet,17487.59,Pending
PAY0003520,ORD003520,2023-03-08,Cash on Delivery,9907.94,Refunded
PAY0003521,ORD003521,2023-08-15,Net Banking,12585.740000000002,Pending
PAY0003522,ORD003522,2023-01-04,Debit Card,12361.79,Success
PAY0003523,ORD003523,2023-05-20,Net Banking,6443.82,Success
PAY0003524,ORD003524,2024-04-19,Debit Card,1799.72,Success
PAY0003525,ORD003525,2024-04-20,UPI,47467.28,Success
PAY0003526,ORD003526,2024-10-26,UPI,44447.54,Success
PAY0003527,ORD003527,2024-04-05,Cash on Delivery,5991.93,Failed
PAY0003528,ORD003528,2023-04-28,UPI,8235.83,Success
PAY0003529,ORD003529,2023-07-29,Cash on Delivery,6190.200000000001,Success
PAY0003530,ORD003530,2023-10-20,UPI,2353.83,Success
PAY0003531,ORD003531,2024-05-23,Cash on Delivery,39460.99,Pending
PAY0003532,ORD003532,2024-03-03,Debit Card,37649.53,Success
PAY0003533,ORD003533,2024-05-16,Wallet,33350.920000000006,Success
PAY0003534,ORD003534,2024-04-06,Net Banking,48287.6,Success
PAY0003535,ORD003535,2024-11-03,Net Banking,7135.45,Pending
PAY0003536,ORD003536,2024-08-27,Debit Card,16149.029999999999,Success
PAY0003537,ORD003537,2024-09-20,Debit Card,4285.14,Success
PAY0003538,ORD003538,2023-06-05,Debit Card,22117.66,Success
PAY0003539,ORD003539,2024-08-14,Cash on Delivery,41163.22,Success
PAY0003540,ORD003540,2023-09-12,Wallet,1729.51,Refunded
PAY0003541,ORD003541,2024-06-29,Cash on Delivery,32103.09,Success
PAY0003542,ORD003542,2023-09-01,Wallet,1223.97,Success
PAY0003543,ORD003543,2024-11-23,Wallet,2702.27,Success
PAY0003544,ORD003544,2023-07-10,Net Banking,5488.06,Success
PAY0003545,ORD003545,2023-05-07,Cash on Delivery,35093.39,Success
PAY0003546,ORD003546,2023-08-16,Cash on Delivery,39093.48,Success
PAY0003547,ORD003547,2023-09-09,Debit Card,8469.22,Success
PAY0003548,ORD003548,2023-11-22,Net Banking,11432.91,Success
PAY0003549,ORD003549,2023-03-23,Debit Card,7073.4800000000005,Success
PAY0003550,ORD003550,2024-10-21,Wallet,19427.54,Success
PAY0003551,ORD003551,2023-12-05,Net Banking,10840.1,Success
PAY0003552,ORD003552,2023-06-13,Net Banking,13679.94,Success
PAY0003553,ORD003553,2024-08-28,Credit Card,37222.649999999994,Success
PAY0003554,ORD003554,2023-09-23,Debit Card,2142.56,Success
PAY0003555,ORD003555,2023-01-08,Net Banking,1907.44,Success
PAY0003556,ORD003556,2023-08-25,Net Banking,17889.86,Success
PAY0003557,ORD003557,2023-03-14,Debit Card,992.19,Success
PAY0003558,ORD003558,2023-09-26,Cash on Delivery,2295.26,Refunded
PAY0003559,ORD003559,2023-04-21,Wallet,28207.23,Success
PAY0003560,ORD003560,2024-03-01,Net Banking,14491.539999999999,Success
PAY0003561,ORD003561,2023-09-12,Net Banking,10930.45,Success
PAY0003562,ORD003562,2024-10-12,Cash on Delivery,4796.99,Success
PAY0003563,ORD003563,2023-11-06,Net Banking,3992.96,Success
PAY0003564,ORD003564,2023-10-22,Cash on Delivery,23118.100000000002,Success
PAY0003565,ORD003565,2023-10-21,Net Banking,1075.34,Success
PAY0003566,ORD003566,2023-12-17,Cash on Delivery,6486.42,Success
PAY0003567,ORD003567,2024-11-12,Credit Card,11036.1,Success
PAY0003568,ORD003568,2023-09-13,UPI,22222.11,Success
PAY0003569,ORD003569,2023-12-15,Net Banking,5338.68,Success
PAY0003570,ORD003570,2023-02-23,Wallet,19690.47,Success
PAY0003571,ORD003571,2024-03-30,Credit Card,1842.56,Success
PAY0003572,ORD003572,2024-10-10,Net Banking,4821.37,Success
PAY0003573,ORD003573,2024-10-13,Credit Card,25026.09,Success
PAY0003574,ORD003574,2023-12-13,Debit Card,24209.280000000002,Success
PAY0003575,ORD003575,2023-10-05,Wallet,20858.629999999997,Success
PAY0003576,ORD003576,2023-05-25,Net Banking,5963.66,Failed
PAY0003577,ORD003577,2024-03-18,Credit Card,3802.74,Success
PAY0003578,ORD003578,2024-04-29,Wallet,1750.19,Success
PAY0003579,ORD003579,2024-09-01,Net Banking,13606.09,Pending
PAY0003580,ORD003580,2024-10-31,Debit Card,10250.220000000001,Failed
PAY0003581,ORD003581,2023-04-25,UPI,8766.75,Success
PAY0003582,ORD003582,2024-02-14,Debit Card,23042.739999999998,Success
PAY0003583,ORD003583,2024-02-28,Credit Card,31135.39,Success
PAY0003584,ORD003584,2023-04-22,Credit Card,6625.99,Success
PAY0003585,ORD003585,2024-10-25,UPI,20254.92,Success
PAY0003586,ORD003586,2024-02-18,Wallet,6042.7,Success
PAY0003587,ORD003587,2023-07-11,Debit Card,4725.35,Success
PAY0003588,ORD003588,2024-09-13,Debit Card,1725.82,Success
PAY0003589,ORD003589,2023-05-07,Debit Card,11041.61,Success
PAY0003590,ORD003590,2023-04-09,UPI,5845.69,Success
PAY0003591,ORD003591,2024-01-05,Net Banking,34583.479999999996,Success
PAY0003592,ORD003592,2023-01-14,Net Banking,8063.54,Success
PAY0003593,ORD003593,2024-02-12,Debit Card,6994.92,Success
PAY0003594,ORD003594,2023-01-13,Debit Card,9752.07,Failed
PAY0003595,ORD003595,2024-03-30,Net Banking,9953.38,Pending
PAY0003596,ORD003596,2024-09-25,Credit Card,15194.03,Success
PAY0003597,ORD003597,2024-07-02,UPI,10337.5,Success
PAY0003598,ORD003598,2024-05-28,Credit Card,8231.26,Success
PAY0003599,ORD003599,2023-02-26,Cash on Delivery,12639.23,Success
PAY0003600,ORD003600,2023-03-19,Debit Card,33152.43,Success
PAY0003601,ORD003601,2024-04-18,Net Banking,43977.31,Refunded
PAY0003602,ORD003602,2024-03-23,UPI,6889.62,Pending
PAY0003603,ORD003603,2023-08-31,Wallet,5007.4,Success
PAY0003604,ORD003604,2024-07-20,Credit Card,12039.77,Refunded
PAY0003605,ORD003605,2024-04-15,UPI,16055.36,Success
PAY0003606,ORD003606,2023-10-10,UPI,8138.6,Success
PAY0003607,ORD003607,2024-06-19,Credit Card,18405.52,Failed
PAY0003608,ORD003608,2024-12-02,Debit Card,2154.14,Success
PAY0003609,ORD003609,2024-11-16,Net Banking,25771.190000000002,Success
PAY0003610,ORD003610,2024-05-25,Debit Card,8830.78,Success
PAY0003611,ORD003611,2024-08-03,Net Banking,8165.889999999999,Success
PAY0003612,ORD003612,2024-01-23,Cash on Delivery,21684.16,Success
PAY0003613,ORD003613,2024-07-16,UPI,21331.51,Success
PAY0003614,ORD003614,2024-07-19,Cash on Delivery,832.87,Success
PAY0003615,ORD003615,2023-12-08,Cash on Delivery,11881.19,Success
PAY0003616,ORD003616,2024-09-22,Credit Card,61474.07,Success
PAY0003617,ORD003617,2023-04-24,Cash on Delivery,2845.11,Success
PAY0003618,ORD003618,2024-11-21,UPI,4768.7,Success
PAY0003619,ORD003619,2023-02-02,Credit Card,5282.93,Refunded
PAY0003620,ORD003620,2023-05-26,Credit Card,20609.36,Success
PAY0003621,ORD003621,2023-02-13,Credit Card,8138.6,Success
PAY0003622,ORD003622,2023-04-28,Net Banking,1373.9,Success
PAY0003623,ORD003623,2024-10-01,Credit Card,16356.340000000002,Pending
PAY0003624,ORD003624,2024-11-30,Net Banking,16814.88,Success
PAY0003625,ORD003625,2023-11-21,Wallet,7239.040000000001,Failed
PAY0003626,ORD003626,2023-04-02,Wallet,13646.650000000001,Success
PAY0003627,ORD003627,2024-07-03,Debit Card,10586.07,Success
PAY0003628,ORD003628,2024-08-21,Net Banking,5673.89,Success
PAY0003629,ORD003629,2023-04-09,Cash on Delivery,5673.89,Failed
PAY0003630,ORD003630,2023-04-06,Wallet,28672.04,Failed
PAY0003631,ORD003631,2023-03-21,Debit Card,1058.3,Success
PAY0003632,ORD003632,2023-09-28,UPI,6884.21,Success
PAY0003633,ORD003633,2024-10-21,Wallet,2527.83,Success
PAY0003634,ORD003634,2024-05-06,Net Banking,28653.95,Success
PAY0003635,ORD003635,2024-10-22,Credit Card,14835.85,Success
PAY0003636,ORD003636,2023-04-18,Credit Card,59771.7,Success
PAY0003637,ORD003637,2023-01-04,Cash on Delivery,9767.29,Success
PAY0003638,ORD003638,2024-01-11,UPI,8273.43,Success
PAY0003639,ORD003639,2024-11-30,Debit Card,25170.94,Success
PAY0003640,ORD003640,2023-05-15,Credit Card,428.8,Success
PAY0003641,ORD003641,2024-07-29,Wallet,32837.79,Success
PAY0003642,ORD003642,2024-05-18,Credit Card,7101.66,Success
PAY0003643,ORD003643,2024-05-06,UPI,22887.94,Success
PAY0003644,ORD003644,2024-08-12,Wallet,24033.42,Success
PAY0003645,ORD003645,2024-06-05,Credit Card,20878.739999999998,Success
PAY0003646,ORD003646,2023-12-17,Debit Card,14160.890000000001,Success
PAY0003647,ORD003647,2023-08-18,Wallet,1547.99,Success
PAY0003648,ORD003648,2024-11-04,Net Banking,14305.580000000002,Pending
PAY0003649,ORD003649,2023-12-24,Credit Card,1942.09,Success
PAY0003650,ORD003650,2023-04-21,Credit Card,14776.82,Success
PAY0003651,ORD003651,2023-02-06,UPI,3530.22,Success
PAY0003652,ORD003652,2023-07-07,Wallet,3556.84,Success
PAY0003653,ORD003653,2024-08-22,Net Banking,20838.899999999998,Success
PAY0003654,ORD003654,2024-10-12,Wallet,23137.92,Success
PAY0003655,ORD003655,2023-12-22,Debit Card,9523.08,Success
PAY0003656,ORD003656,2023-02-08,Credit Card,30513.07,Success
PAY0003657,ORD003657,2024-06-23,Net Banking,14223.88,Success
PAY0003658,ORD003658,2023-04-20,Net Banking,30556.329999999998,Success
PAY0003659,ORD003659,2023-10-14,Credit Card,25990.46,Success
PAY0003660,ORD003660,2023-11-02,Cash on Delivery,28703.68,Success
PAY0003661,ORD003661,2023-10-15,UPI,1921.98,Success
PAY0003662,ORD003662,2023-03-25,Debit Card,3183.6800000000003,Success
PAY0003663,ORD003663,2023-10-28,Wallet,11518.71,Refunded
PAY0003664,ORD003664,2023-03-29,UPI,30106.670000000002,Success
PAY0003665,ORD003665,2023-08-25,Net Banking,11567.98,Refunded
PAY0003666,ORD003666,2023-08-18,Credit Card,1734.1,Success
PAY0003667,ORD003667,2024-06-27,Credit Card,14649.61,Success
PAY0003668,ORD003668,2023-08-07,UPI,4421.02,Success
PAY0003669,ORD003669,2024-03-29,Wallet,16271.380000000001,Success
PAY0003670,ORD003670,2023-09-25,Wallet,4592.96,Failed
PAY0003671,ORD003671,2023-05-05,Credit Card,25895.49,Pending
PAY0003672,ORD003672,2023-05-20,Net Banking,11943.6,Refunded
PAY0003673,ORD003673,2023-04-12,Wallet,5779.4,Pending
PAY0003674,ORD003674,2023-03-01,Cash on Delivery,10716.18,Success
PAY0003675,ORD003675,2024-01-01,Credit Card,4706.05,Success
PAY0003676,ORD003676,2023-08-04,Cash on Delivery,17556.530000000002,Success
PAY0003677,ORD003677,2023-03-19,UPI,6800.96,Success
PAY0003678,ORD003678,2024-10-20,Wallet,5918.280000000001,Success
PAY0003679,ORD003679,2024-10-29,Debit Card,39180.07,Success
PAY0003680,ORD003680,2023-03-19,Credit Card,2890.08,Failed
PAY0003681,ORD003681,2024-11-02,Net Banking,2984.72,Success
PAY0003682,ORD003682,2024-11-19,Net Banking,11549.43,Success
PAY0003683,ORD003683,2023-11-18,Credit Card,6228.33,Success
PAY0003684,ORD003684,2024-02-29,Credit Card,34879.31,Refunded
PAY0003685,ORD003685,2024-07-02,UPI,8693.03,Success
PAY0003686,ORD003686,2023-03-06,Wallet,29534.52,Success
PAY0003687,ORD003687,2023-02-03,Net Banking,781.78,Success
PAY0003688,ORD003688,2023-12-24,UPI,513.14,Success
PAY0003689,ORD003689,2024-10-22,Credit Card,13592.439999999999,Success
PAY0003690,ORD003690,2023-11-21,Credit Card,6129.09,Success
PAY0003691,ORD003691,2023-08-05,Credit Card,1424.92,Pending
PAY0003692,ORD003692,2023-10-17,Credit Card,3489.12,Success
PAY0003693,ORD003693,2024-08-04,Debit Card,12947.52,Success
PAY0003694,ORD003694,2023-02-24,Wallet,15163.74,Success
PAY0003695,ORD003695,2023-05-22,Wallet,6270.36,Failed
PAY0003696,ORD003696,2024-01-11,Wallet,10545.04,Success
PAY0003697,ORD003697,2023-12-28,UPI,5190.91,Success
PAY0003698,ORD003698,2023-05-05,Cash on Delivery,6216.02,Success
PAY0003699,ORD003699,2023-07-25,Wallet,8002.84,Success
PAY0003700,ORD003700,2023-08-16,Credit Card,11352.509999999998,Pending
PAY0003701,ORD003701,2024-01-08,Debit Card,21959.29,Success
PAY0003702,ORD003702,2023-03-02,Credit Card,7308.78,Success
PAY0003703,ORD003703,2023-11-02,Net Banking,6714.43,Success
PAY0003704,ORD003704,2024-04-15,Debit Card,2525.54,Success
PAY0003705,ORD003705,2024-05-26,UPI,2881.18,Success
PAY0003706,ORD003706,2024-09-12,Debit Card,18142.7,Success
PAY0003707,ORD003707,2023-05-01,Cash on Delivery,26651.8,Success
PAY0003708,ORD003708,2024-11-28,Debit Card,19398.22,Success
PAY0003709,ORD003709,2024-12-02,Wallet,30730.43,Success
PAY0003710,ORD003710,2024-05-02,Credit Card,2758.97,Success
PAY0003711,ORD003711,2023-02-11,Cash on Delivery,35804.14,Failed
PAY0003712,ORD003712,2024-01-25,Wallet,20448.739999999998,Success
PAY0003713,ORD003713,2023-05-22,Cash on Delivery,19294.13,Success
PAY0003714,ORD003714,2024-11-26,Cash on Delivery,12899.16,Success
PAY0003715,ORD003715,2023-05-19,UPI,8436.66,Success
PAY0003716,ORD003716,2023-11-22,UPI,37223.87,Success
PAY0003717,ORD003717,2023-07-19,Wallet,6199.610000000001,Success
PAY0003718,ORD003718,2024-08-15,UPI,17530.38,Success
PAY0003719,ORD003719,2024-01-25,Net Banking,4350.17,Success
PAY0003720,ORD003720,2024-06-19,Debit Card,22229.24,Success
PAY0003721,ORD003721,2023-08-10,Credit Card,13387.27,Success
PAY0003722,ORD003722,2023-12-31,Net Banking,26811.39,Success
PAY0003723,ORD003723,2023-08-17,Debit Card,15963.48,Success
PAY0003724,ORD003724,2024-04-23,Cash on Delivery,7634.44,Success
PAY0003725,ORD003725,2023-03-31,UPI,7341.91,Failed
PAY0003726,ORD003726,2024-12-04,UPI,29578.29,Success
PAY0003727,ORD003727,2025-06-25,Net Banking,24745.09,Success
PAY0003728,ORD003728,2023-06-07,Debit Card,4061.46,Success
PAY0003729,ORD003729,2023-05-07,UPI,1505.02,Success
PAY0003730,ORD003730,2024-10-22,Credit Card,9021.56,Success
PAY0003731,ORD003731,2023-12-05,Debit Card,14459.98,Success
PAY0003732,ORD003732,2023-04-28,Net Banking,20844.4,Success
PAY0003733,ORD003733,2023-01-17,Debit Card,21518.17,Success
PAY0003734,ORD003734,2024-09-12,Debit Card,16255.23,Success
PAY0003735,ORD003735,2023-05-05,Credit Card,1490.65,Success
PAY0003736,ORD003736,2024-03-11,Credit Card,18137.18,Success
PAY0003737,ORD003737,2023-12-13,UPI,2193.46,Success
PAY0003738,ORD003738,2023-02-16,Cash on Delivery,40782.06,Success
PAY0003739,ORD003739,2024-02-29,UPI,3095.98,Success
PAY0003740,ORD003740,2023-12-15,Credit Card,952.5,Success
PAY0003741,ORD003741,2023-11-12,Credit Card,13522.519999999999,Failed
PAY0003742,ORD003742,2024-11-30,Cash on Delivery,3504.39,Success
PAY0003743,ORD003743,2023-09-26,Cash on Delivery,37757.59,Success
PAY0003744,ORD003744,2023-10-24,UPI,9845.13,Success
PAY0003745,ORD003745,2023-09-21,Credit Card,17538.87,Success
PAY0003746,ORD003746,2024-08-03,Net Banking,6714.66,Success
PAY0003747,ORD003747,2023-02-26,Credit Card,9727.83,Success
PAY0003748,ORD003748,2024-05-31,Wallet,19314.14,Success
PAY0003749,ORD003749,2023-08-12,UPI,15266.95,Success
PAY0003750,ORD003750,2024-03-20,UPI,15547.78,Success
PAY0003751,ORD003751,2023-09-11,Credit Card,40912.85,Success
PAY0003752,ORD003752,2024-05-12,Credit Card,11215.07,Success
PAY0003753,ORD003753,2024-01-21,UPI,25713.11,Success
PAY0003754,ORD003754,2023-05-23,UPI,9185.92,Failed
PAY0003755,ORD003755,2024-04-27,Cash on Delivery,19256.12,Success
PAY0003756,ORD003756,2025-05-10,Debit Card,20214.63,Success
PAY0003757,ORD003757,2024-04-15,Credit Card,57618.9,Success
PAY0003758,ORD003758,2023-08-31,UPI,1292.78,Success
PAY0003759,ORD003759,2024-07-08,UPI,14172.789999999999,Success
PAY0003760,ORD003760,2023-08-09,Wallet,15221.77,Success
PAY0003761,ORD003761,2023-03-18,Credit Card,20984.71,Success
PAY0003762,ORD003762,2024-08-27,Debit Card,2251.53,Failed
PAY0003763,ORD003763,2024-03-31,Debit Card,38739.600000000006,Success
PAY0003764,ORD003764,2024-03-14,UPI,6283.38,Success
PAY0003765,ORD003765,2023-09-11,Net Banking,9136.07,Success
PAY0003766,ORD003766,2023-03-26,Net Banking,781.78,Success
PAY0003767,ORD003767,2023-03-28,Wallet,-14562.8,Success
PAY0003768,ORD003768,2024-01-05,Net Banking,39813.52,Success
PAY0003769,ORD003769,2023-09-20,Wallet,3670.2200000000003,Success
PAY0003770,ORD003770,2023-10-27,Credit Card,3010.04,Success
PAY0003771,ORD003771,2024-06-04,Debit Card,5817.44,Success
PAY0003772,ORD003772,2024-06-02,Net Banking,6547.46,Success
PAY0003773,ORD003773,2023-06-27,Debit Card,781.78,Success
PAY0003774,ORD003774,2024-06-23,Net Banking,5753.24,Success
PAY0003775,ORD003775,2023-05-07,Net Banking,2477.32,Success
PAY0003776,ORD003776,2023-09-22,Wallet,16348.49,Success
PAY0003777,ORD003777,2023-04-25,Credit Card,7377.63,Success
PAY0003778,ORD003778,2024-03-03,Debit Card,25576.739999999998,Success
PAY0003779,ORD003779,2023-11-16,Net Banking,18909.81,Success
PAY0003780,ORD003780,2024-02-16,Debit Card,260.84,Failed
PAY0003781,ORD003781,2024-05-08,Wallet,4342.88,Success
PAY0003782,ORD003782,2024-10-19,Cash on Delivery,3563.55,Success
PAY0003783,ORD003783,2023-03-16,Wallet,25037.47,Success
PAY0003784,ORD003784,2024-06-25,Debit Card,1646.88,Success
PAY0003785,ORD003785,2023-11-03,UPI,40032.55,Success
PAY0003786,ORD003786,2024-01-08,Debit Card,4482.95,Success
PAY0003787,ORD003787,2024-04-25,Debit Card,3042.45,Success
PAY0003788,ORD003788,2023-03-07,Wallet,27194.899999999998,Success
PAY0003789,ORD003789,2024-08-21,Debit Card,2402.47,Success
PAY0003790,ORD003790,2023-04-03,Debit Card,22164.199999999997,Success
PAY0003791,ORD003791,2023-04-24,Net Banking,1568.27,Success
PAY0003792,ORD003792,2023-12-30,Credit Card,2902.0,Success
PAY0003793,ORD003793,2023-05-18,Debit Card,21647.08,Success
PAY0003794,ORD003794,2023-10-13,Wallet,21298.38,Success
PAY0003795,ORD003795,2023-08-06,Net Banking,39716.66,Success
PAY0003796,ORD003796,2024-04-14,Cash on Delivery,5358.09,Success
PAY0003797,ORD003797,2024-09-25,Credit Card,7435.09,Success
PAY0003798,ORD003798,2024-01-02,UPI,7792.76,Success
PAY0003799,ORD003799,2023-05-28,Net Banking,17021.67,Pending
PAY0003800,ORD003800,2023-04-24,Credit Card,8230.720000000001,Success
PAY0003801,ORD003801,2024-03-07,Debit Card,629.94,Failed
PAY0003802,ORD003802,2023-10-18,Credit Card,4028.46,Pending
PAY0003803,ORD003803,2024-04-16,Net Banking,23978.48,Success
PAY0003804,ORD003804,2023-04-05,Net Banking,272.27,Success
PAY0003805,ORD003805,2024-11-28,Wallet,5892.71,Success
PAY0003806,ORD003806,2023-01-12,Cash on Delivery,21565.309999999998,Success
PAY0003807,ORD003807,2023-05-09,Cash on Delivery,3078.83,Success
PAY0003808,ORD003808,2024-01-27,Net Banking,10487.59,Success
PAY0003809,ORD003809,2023-06-06,Wallet,800.69,Success
PAY0003810,ORD003810,2024-09-11,Credit Card,20991.11,Success
PAY0003811,ORD003811,2024-01-30,Cash on Delivery,4042.1,Failed
PAY0003812,ORD003812,2023-08-31,UPI,174.97,Refunded
PAY0003813,ORD003813,2023-03-12,Wallet,8235.83,Failed
PAY0003814,ORD003814,2023-11-01,Wallet,15681.22,Success
PAY0003815,ORD003815,2023-08-09,UPI,44721.82,Success
PAY0003816,ORD003816,2024-09-15,Cash on Delivery,7477.520000000001,Success
PAY0003817,ORD003817,2023-03-30,Wallet,28580.88,Success
PAY0003818,ORD003818,2023-07-01,Cash on Delivery,11604.119999999999,Success
PAY0003819,ORD003819,2024-05-01,Credit Card,61437.740000000005,Success
PAY0003820,ORD003820,2023-03-11,Debit Card,11305.27,Success
PAY0003821,ORD003821,2023-11-14,Credit Card,8371.94,Success
PAY0003822,ORD003822,2024-03-17,UPI,15556.66,Success
PAY0003823,ORD003823,2023-05-13,Credit Card,22195.1,Success
PAY0003824,ORD003824,2023-12-22,Debit Card,12844.51,Success
PAY0003825,ORD003825,2024-08-06,Net Banking,19562.95,Refunded
PAY0003826,ORD003826,2024-10-22,UPI,26039.96,Success
PAY0003827,ORD003827,2023-08-10,Wallet,56760.81,Success
PAY0003828,ORD003828,2023-08-16,Credit Card,2295.26,Failed
PAY0003829,ORD003829,2024-09-05,UPI,29946.17,Pending
PAY0003830,ORD003830,2023-10-22,Cash on Delivery,19261.44,Success
PAY0003831,ORD003831,2023-07-04,Net Banking,14153.46,Failed
PAY0003832,ORD003832,2023-02-18,Credit Card,2745.97,Success
PAY0003833,ORD003833,2024-02-06,Credit Card,31171.52,Success
PAY0003834,ORD003834,2024-08-25,Net Banking,4087.73,Success
PAY0003835,ORD003835,2024-10-11,Cash on Delivery,648.79,Success
PAY0003836,ORD003836,2024-02-12,Wallet,14742.460000000001,Success
PAY0003837,ORD003837,2024-04-02,Wallet,7622.23,Success
PAY0003838,ORD003838,2023-07-12,Net Banking,6416.15,Success
PAY0003839,ORD003839,2024-11-12,UPI,32800.61,Refunded
PAY0003840,ORD003840,2024-10-23,Net Banking,1016.59,Failed
PAY0003841,ORD003841,2024-02-28,Credit Card,5660.6,Success
PAY0003842,ORD003842,2023-09-07,UPI,3966.56,Success
PAY0003843,ORD003843,2024-01-25,UPI,19862.85,Success
PAY0003844,ORD003844,2023-12-11,Debit Card,30888.34,Success
PAY0003845,ORD003845,2023-07-31,UPI,7664.93,Success
PAY0003846,ORD003846,2024-02-11,UPI,17009.86,Success
PAY0003847,ORD003847,2023-12-03,Wallet,15479.3,Refunded
PAY0003848,ORD003848,2023-08-14,Net Banking,18241.7,Success
PAY0003849,ORD003849,2024-06-15,UPI,11026.28,Success
PAY0003850,ORD003850,2023-12-03,UPI,467.33,Success
PAY0003851,ORD003851,2023-07-23,Wallet,4301.34,Success
PAY0003852,ORD003852,2023-10-19,UPI,15348.15,Success
PAY0003853,ORD003853,2023-02-19,Cash on Delivery,5424.36,Success
PAY0003854,ORD003854,2023-05-29,Cash on Delivery,28264.81,Success
PAY0003855,ORD003855,2023-11-16,Credit Card,10987.85,Success
PAY0003856,ORD003856,2023-03-31,Wallet,46477.26,Success
PAY0003857,ORD003857,2024-03-18,UPI,1790.18,Success
PAY0003858,ORD003858,2024-04-25,Net Banking,44750.63,Success
PAY0003859,ORD003859,2024-04-16,Net Banking,8251.79,Success
PAY0003860,ORD003860,2024-02-15,Wallet,34078.46,Success
PAY0003861,ORD003861,2024-12-03,Net Banking,6501.6,Pending
PAY0003862,ORD003862,2024-02-23,UPI,14038.41,Success
PAY0003863,ORD003863,2024-06-27,Debit Card,19313.43,Success
PAY0003864,ORD003864,2024-08-07,Cash on Delivery,3966.56,Success
PAY0003865,ORD003865,2023-05-28,Debit Card,9388.349999999999,Refunded
PAY0003866,ORD003866,2024-02-27,Cash on Delivery,1231.99,Success
PAY0003867,ORD003867,2024-12-02,Wallet,13051.94,Success
PAY0003868,ORD003868,2024-03-17,Net Banking,4625.83,Success
PAY0003869,ORD003869,2024-09-08,UPI,12914.46,Success
PAY0003870,ORD003870,2024-02-13,Debit Card,22536.739999999998,Success
PAY0003871,ORD003871,2024-06-21,Credit Card,4961.76,Pending
PAY0003872,ORD003872,2024-09-10,UPI,5956.89,Success
PAY0003873,ORD003873,2024-01-05,Debit Card,9485.6,Success
PAY0003874,ORD003874,2023-08-25,Cash on Delivery,15124.33,Success
PAY0003875,ORD003875,2023-04-17,UPI,1431.81,Success
PAY0003876,ORD003876,2023-10-03,Credit Card,24227.51,Success
PAY0003877,ORD003877,2024-05-20,Wallet,7114.25,Pending
PAY0003878,ORD003878,2023-01-04,Wallet,10349.43,Success
PAY0003879,ORD003879,2024-05-31,UPI,11000.630000000001,Success
PAY0003880,ORD003880,2023-04-14,UPI,14664.91,Success
PAY0003881,ORD003881,2024-10-15,UPI,31636.01,Success
PAY0003882,ORD003882,2023-07-04,UPI,10215.56,Success
PAY0003883,ORD003883,2024-03-12,Cash on Delivery,33954.63,Success
PAY0003884,ORD003884,2023-01-21,UPI,1816.09,Success
PAY0003885,ORD003885,2025-08-13,Debit Card,13954.82,Success
PAY0003886,ORD003886,2024-10-17,Credit Card,7683.380000000001,Success
PAY0003887,ORD003887,2023-06-29,UPI,18654.05,Success
PAY0003888,ORD003888,2024-05-09,Net Banking,806.5,Success
PAY0003889,ORD003889,2024-03-23,Cash on Delivery,27320.76,Success
PAY0003890,ORD003890,2024-04-08,Cash on Delivery,16171.890000000001,Success
PAY0003891,ORD003891,2023-09-18,Credit Card,13726.189999999999,Refunded
PAY0003892,ORD003892,2023-01-12,UPI,3289.74,Success
PAY0003893,ORD003893,2024-10-18,UPI,11746.519999999999,Success
PAY0003894,ORD003894,2023-01-26,Cash on Delivery,15965.67,Success
PAY0003895,ORD003895,2024-07-16,Credit Card,4715.26,Success
PAY0003896,ORD003896,2023-06-16,Wallet,7818.5,Success
PAY0003897,ORD003897,2023-04-26,Net Banking,13830.2,Success
PAY0003898,ORD003898,2023-08-09,Credit Card,19472.14,Success
PAY0003899,ORD003899,2024-02-17,Cash on Delivery,10905.17,Success
PAY0003900,ORD003900,2024-02-28,Credit Card,10675.76,Success
PAY0003901,ORD003901,2023-07-16,Credit Card,3323.73,Pending
PAY0003902,ORD003902,2023-06-25,Credit Card,4285.14,Success
PAY0003903,ORD003903,2023-08-04,Net Banking,39173.13,Pending
PAY0003904,ORD003904,2023-03-22,Credit Card,62523.93000000001,Success
PAY0003905,ORD003905,2024-04-04,Debit Card,922.42,Success
PAY0003906,ORD003906,2024-07-17,Credit Card,8411.14,Success
PAY0003907,ORD003907,2024-05-31,UPI,24005.52,Success
PAY0003908,ORD003908,2024-11-03,Debit Card,15838.509999999998,Success
PAY0003909,ORD003909,2023-02-12,Credit Card,3921.06,Success
PAY0003910,ORD003910,2024-05-24,Credit Card,12338.98,Success
PAY0003911,ORD003911,2023-05-24,Cash on Delivery,2237.4,Success
PAY0003912,ORD003912,2023-05-14,UPI,1445.96,Pending
PAY0003913,ORD003913,2023-01-31,Credit Card,5954.12,Success
PAY0003914,ORD003914,2024-09-05,Cash on Delivery,5520.88,Success
PAY0003915,ORD003915,2023-03-12,Cash on Delivery,31006.449999999997,Success
PAY0003916,ORD003916,2023-04-03,Debit Card,3037.8199999999997,Success
PAY0003917,ORD003917,2024-08-03,Debit Card,10115.71,Pending
PAY0003918,ORD003918,2023-09-21,Wallet,27033.6,Success
PAY0003919,ORD003919,2024-07-13,Cash on Delivery,23370.05,Success
PAY0003920,ORD003920,2024-08-17,Wallet,19823.33,Success
PAY0003921,ORD003921,2024-05-26,Credit Card,12205.269999999999,Success
PAY0003922,ORD003922,2023-05-14,Net Banking,4459.08,Pending
PAY0003923,ORD003923,2023-06-06,Credit Card,35328.26,Success
PAY0003924,ORD003924,2024-04-25,Cash on Delivery,4080.13,Success
PAY0003925,ORD003925,2023-09-15,Credit Card,6920.76,Success
PAY0003926,ORD003926,2024-03-29,UPI,39190.68,Success
PAY0003927,ORD003927,2023-12-28,Net Banking,1075.34,Success
PAY0003928,ORD003928,2024-07-22,Credit Card,6885.05,Success
PAY0003929,ORD003929,2024-09-29,Cash on Delivery,1863.69,Success
PAY0003930,ORD003930,2023-06-20,Wallet,18641.66,Success
PAY0003931,ORD003931,2024-11-13,Cash on Delivery,54081.41,Success
PAY0003932,ORD003932,2024-06-30,Debit Card,5704.11,Success
PAY0003933,ORD003933,2023-11-24,Cash on Delivery,19473.14,Success
PAY0003934,ORD003934,2023-03-23,UPI,9079.24,Success
PAY0003935,ORD003935,2024-05-01,Cash on Delivery,24415.8,Success
PAY0003936,ORD003936,2023-01-04,UPI,4152.15,Success
PAY0003937,ORD003937,2023-07-20,Cash on Delivery,7379.79,Success
PAY0003938,ORD003938,2023-04-05,Credit Card,2719.98,Pending
PAY0003939,ORD003939,2024-03-04,Wallet,989.3,Success
PAY0003940,ORD003940,2023-07-21,Credit Card,12227.529999999999,Success
PAY0003941,ORD003941,2024-10-30,Net Banking,13325.9,Pending
PAY0003942,ORD003942,2023-04-20,Debit Card,30894.79,Refunded
PAY0003943,ORD003943,2024-05-05,Credit Card,8158.76,Success
PAY0003944,ORD003944,2023-07-03,Cash on Delivery,9032.56,Success
PAY0003945,ORD003945,2023-06-17,Wallet,10237.91,Success
PAY0003946,ORD003946,2023-06-30,UPI,2687.3,Success
PAY0003947,ORD003947,2024-03-30,Credit Card,20775.44,Success
PAY0003948,ORD003948,2024-09-25,Debit Card,21604.44,Success
PAY0003949,ORD003949,2023-09-06,UPI,16545.15,Refunded
PAY0003950,ORD003950,2024-10-28,Debit Card,22347.27,Success
PAY0003951,ORD003951,2023-08-30,UPI,5439.96,Refunded
PAY0003952,ORD003952,2023-03-23,Debit Card,4788.61,Failed
PAY0003953,ORD003953,2024-05-05,Net Banking,11552.9,Success
PAY0003954,ORD003954,2023-10-05,Net Banking,14126.9,Success
PAY0003955,ORD003955,2024-02-04,Cash on Delivery,20367.61,Refunded
PAY0003956,ORD003956,2023-11-13,Debit Card,20547.84,Success
PAY0003957,ORD003957,2024-06-17,Cash on Delivery,6631.59,Success
PAY0003958,ORD003958,2023-01-13,Net Banking,6005.27,Success
PAY0003959,ORD003959,2024-01-11,Net Banking,8682.91,Success
PAY0003960,ORD003960,2023-03-25,Cash on Delivery,10725.29,Success
PAY0003961,ORD003961,2024-05-09,Net Banking,6380.219999999999,Success
PAY0003962,ORD003962,2023-08-22,Wallet,47321.49,Success
PAY0003963,ORD003963,2023-09-28,Cash on Delivery,9488.33,Success
PAY0003964,ORD003964,2024-09-25,UPI,30646.67,Success
PAY0003965,ORD003965,2023-09-25,Wallet,2135.25,Refunded
PAY0003966,ORD003966,2023-10-04,Credit Card,28988.53,Success
PAY0003967,ORD003967,2023-06-26,Debit Card,43732.25,Success
PAY0003968,ORD003968,2024-01-13,Cash on Delivery,2531.98,Failed
PAY0003969,ORD003969,2023-10-10,Debit Card,36436.59,Success
PAY0003970,ORD003970,2024-09-15,Debit Card,22784.88,Success
PAY0003971,ORD003971,2024-08-13,Cash on Delivery,8568.1,Pending
PAY0003972,ORD003972,2024-04-27,Wallet,19145.71,Success
PAY0003973,ORD003973,2023-04-19,Cash on Delivery,21304.98,Success
PAY0003974,ORD003974,2023-12-18,Debit Card,16602.94,Success
PAY0003975,ORD003975,2024-10-10,Debit Card,15970.08,Success
PAY0003976,ORD003976,2024-03-08,UPI,6215.91,Failed
PAY0003977,ORD003977,2024-05-15,Debit Card,9208.49,Success
PAY0003978,ORD003978,2023-05-14,Wallet,22650.120000000003,Success
PAY0003979,ORD003979,2023-04-17,Debit Card,2141.94,Success
PAY0003980,ORD003980,2023-10-31,UPI,8575.55,Success
PAY0003981,ORD003981,2024-01-20,Cash on Delivery,6547.46,Success
PAY0003982,ORD003982,2024-08-29,Net Banking,4487.59,Success
PAY0003983,ORD003983,2023-11-27,UPI,2168.94,Success
PAY0003984,ORD003984,2023-06-11,Wallet,7182.12,Success
PAY0003985,ORD003985,2023-10-26,Wallet,19859.23,Pending
PAY0003986,ORD003986,2023-11-29,Credit Card,31971.47,Success
PAY0003987,ORD003987,2024-09-30,Net Banking,35429.73,Success
PAY0003988,ORD003988,2024-10-03,UPI,57634.60999999999,Success
PAY0003989,ORD003989,2023-02-27,Wallet,18999.82,Success
PAY0003990,ORD003990,2024-03-25,Net Banking,4329.19,Success
PAY0003991,ORD003991,2023-05-14,Net Banking,17699.83,Success
PAY0003992,ORD003992,2023-08-17,Debit Card,22049.32,Success
PAY0003993,ORD003993,2024-05-09,Cash on Delivery,5289.55,Success
PAY0003994,ORD003994,2023-05-14,UPI,6995.58,Success
PAY0003995,ORD003995,2023-05-25,UPI,37916.259999999995,Success
PAY0003996,ORD003996,2023-03-13,Wallet,8988.77,Pending
PAY0003997,ORD003997,2023-07-03,Wallet,18702.5,Success
PAY0003998,ORD003998,2024-06-03,Credit Card,1346.97,Pending
PAY0003999,ORD003999,2023-02-22,Debit Card,12381.64,Success
PAY0004000,ORD004000,2024-05-31,Credit Card,8765.619999999999,Success
PAY0004001,ORD004001,2024-03-06,UPI,13251.66,Success
PAY0004002,ORD004002,2023-07-24,Cash on Delivery,5324.700000000001,Success
PAY0004003,ORD004003,2024-12-03,Cash on Delivery,14856.8,Success
PAY0004004,ORD004004,2024-05-27,UPI,15710.759999999998,Success
PAY0004005,ORD004005,2024-04-13,Credit Card,8409.15,Success
PAY0004006,ORD004006,2023-08-05,UPI,21780.940000000002,Success
PAY0004007,ORD004007,2023-07-27,Cash on Delivery,8575.86,Success
PAY0004008,ORD004008,2024-08-10,UPI,19647.11,Success
PAY0004009,ORD004009,2023-07-19,Debit Card,6300.23,Success
PAY0004010,ORD004010,2023-11-15,Cash on Delivery,6034.67,Success
PAY0004011,ORD004011,2023-05-28,UPI,6551.870000000001,Success
PAY0004012,ORD004012,2023-01-17,Cash on Delivery,26358.019999999997,Pending
PAY0004013,ORD004013,2023-11-10,Net Banking,3645.25,Success
PAY0004014,ORD004014,2023-10-23,UPI,11304.29,Success
PAY0004015,ORD004015,2024-04-09,Cash on Delivery,35512.81,Success
PAY0004016,ORD004016,2024-05-04,Wallet,15101.009999999998,Success
PAY0004017,ORD004017,2024-06-03,Wallet,7029.43,Success
PAY0004018,ORD004018,2024-07-05,Wallet,25679.760000000002,Pending
PAY0004019,ORD004019,2024-11-17,Cash on Delivery,21243.49,Success
PAY0004020,ORD004020,2024-01-30,UPI,42916.71,Success
PAY0004021,ORD004021,2023-10-12,Cash on Delivery,9875.78,Success
PAY0004022,ORD004022,2023-11-29,Net Banking,9634.050000000001,Success
PAY0004023,ORD004023,2023-06-26,Cash on Delivery,3205.4,Pending
PAY0004024,ORD004024,2024-01-10,Credit Card,17325.92,Success
PAY0004025,ORD004025,2024-04-28,Cash on Delivery,3830.3199999999997,Failed
PAY0004026,ORD004026,2024-01-21,Net Banking,8182.59,Success
PAY0004027,ORD004027,2024-05-17,Net Banking,41722.9,Success
PAY0004028,ORD004028,2023-03-03,Cash on Delivery,3383.19,Success
PAY0004029,ORD004029,2024-10-14,Wallet,22558.35,Success
PAY0004030,ORD004030,2024-03-01,Wallet,2803.77,Success
PAY0004031,ORD004031,2023-05-14,Credit Card,12315.32,Success
PAY0004032,ORD004032,2024-05-14,Net Banking,18494.43,Refunded
PAY0004033,ORD004033,2023-05-09,Net Banking,26870.559999999998,Success
PAY0004034,ORD004034,2023-04-06,Cash on Delivery,24174.72,Success
PAY0004035,ORD004035,2024-06-05,Debit Card,12616.1,Success
PAY0004036,ORD004036,2024-03-03,Credit Card,3365.3,Success
PAY0004037,ORD004037,2023-02-15,UPI,26371.079999999998,Success
PAY0004038,ORD004038,2024-10-18,UPI,32253.23,Success
PAY0004039,ORD004039,2023-04-30,Wallet,1960.53,Failed
PAY0004040,ORD004040,2023-05-16,Cash on Delivery,37680.84,Success
PAY0004041,ORD004041,2024-02-20,Cash on Delivery,198.83,Success
PAY0004042,ORD004042,2024-04-06,Net Banking,17803.760000000002,Success
PAY0004043,ORD004043,2024-07-20,Wallet,31555.56,Success
PAY0004044,ORD004044,2023-03-29,Wallet,25423.43,Failed
PAY0004045,ORD004045,2023-09-24,Cash on Delivery,11657.51,Success
PAY0004046,ORD004046,2023-03-23,Wallet,11371.87,Success
PAY0004047,ORD004047,2023-10-17,Credit Card,20694.17,Success
PAY0004048,ORD004048,2023-04-24,Cash on Delivery,17229.7,Failed
PAY0004049,ORD004049,2024-12-02,Debit Card,16621.75,Success
PAY0004050,ORD004050,2023-01-06,UPI,532.72,Success
PAY0004051,ORD004051,2024-04-27,Net Banking,4894.59,Success
PAY0004052,ORD004052,2024-06-22,Credit Card,803.67,Success
PAY0004053,ORD004053,2023-02-06,UPI,8153.69,Success
PAY0004054,ORD004054,2024-06-21,Net Banking,16732.23,Success
PAY0004055,ORD004055,2023-05-12,Net Banking,40355.479999999996,Success
PAY0004056,ORD004056,2024-06-03,Credit Card,15506.34,Success
PAY0004057,ORD004057,2024-11-19,UPI,2869.82,Pending
PAY0004058,ORD004058,2024-11-10,UPI,22530.64,Success
PAY0004059,ORD004059,2023-04-19,Wallet,28150.76,Failed
PAY0004060,ORD004060,2023-02-01,Debit Card,63572.56,Success
PAY0004061,ORD004061,2024-10-28,Cash on Delivery,179.89,Success
PAY0004062,ORD004062,2023-06-12,Credit Card,20247.44,Refunded
PAY0004063,ORD004063,2024-12-03,UPI,9944.599999999999,Success
PAY0004064,ORD004064,2023-02-02,Cash on Delivery,24040.56,Failed
PAY0004065,ORD004065,2024-11-15,Net Banking,3179.14,Success
PAY0004066,ORD004066,2023-05-11,Net Banking,794.59,Success
PAY0004067,ORD004067,2024-08-20,Credit Card,5555.63,Success
PAY0004068,ORD004068,2024-05-28,Wallet,5910.44,Success
PAY0004069,ORD004069,2023-12-05,Debit Card,14106.9,Success
PAY0004070,ORD004070,2023-03-17,Net Banking,32101.23,Success
PAY0004071,ORD004071,2024-06-04,Wallet,21464.7,Success
PAY0004072,ORD004072,2024-08-24,Debit Card,5791.83,Success
PAY0004073,ORD004073,2023-03-31,Wallet,7089.43,Success
PAY0004074,ORD004074,2023-05-19,Net Banking,3802.74,Refunded
PAY0004075,ORD004075,2024-08-02,Debit Card,22939.489999999998,Success
PAY0004076,ORD004076,2024-08-18,UPI,23958.82,Success
PAY0004077,ORD004077,2024-04-16,Cash on Delivery,18281.510000000002,Success
PAY0004078,ORD004078,2024-07-05,Wallet,4790.18,Pending
PAY0004079,ORD004079,2024-08-21,UPI,14425.23,Success
PAY0004080,ORD004080,2024-06-12,Credit Card,5633.46,Success
PAY0004081,ORD004081,2024-08-31,Credit Card,5635.51,Success
PAY0004082,ORD004082,2023-04-03,Credit Card,3472.93,Success
PAY0004083,ORD004083,2024-11-20,UPI,6828.6,Success
PAY0004084,ORD004084,2023-05-21,Cash on Delivery,15288.85,Pending
PAY0004085,ORD004085,2024-07-18,Wallet,20029.08,Success
PAY0004086,ORD004086,2024-09-26,Cash on Delivery,29367.64,Success
PAY0004087,ORD004087,2023-01-21,Credit Card,546.18,Success
PAY0004088,ORD004088,2024-01-08,Credit Card,15043.16,Success
PAY0004089,ORD004089,2023-12-25,Credit Card,2604.37,Success
PAY0004090,ORD004090,2024-08-26,UPI,3319.0,Refunded
PAY0004091,ORD004091,2023-07-28,Wallet,895.09,Success
PAY0004092,ORD004092,2023-12-18,Credit Card,1358.82,Success
PAY0004093,ORD004093,2024-11-09,UPI,21404.4,Success
PAY0004094,ORD004094,2023-06-14,Debit Card,260.84,Success
PAY0004095,ORD004095,2024-03-10,Credit Card,20724.06,Success
PAY0004096,ORD004096,2023-02-21,Cash on Delivery,35758.91,Success
PAY0004097,ORD004097,2023-10-29,UPI,52354.729999999996,Success
PAY0004098,ORD004098,2023-02-14,Cash on Delivery,32736.0,Success
PAY0004099,ORD004099,2024-04-06,Wallet,5296.2,Success
PAY0004100,ORD004100,2024-10-07,UPI,4357.15,Success
PAY0004101,ORD004101,2024-10-14,Cash on Delivery,28592.71,Success
PAY0004102,ORD004102,2024-06-28,Cash on Delivery,6945.86,Success
PAY0004103,ORD004103,2023-07-26,Cash on Delivery,4914.33,Success
PAY0004104,ORD004104,2024-11-01,Debit Card,32397.38,Success
PAY0004105,ORD004105,2024-11-05,Net Banking,20068.19,Success
PAY0004106,ORD004106,2024-08-14,Cash on Delivery,1522.67,Success
PAY0004107,ORD004107,2024-08-01,Credit Card,22735.299999999996,Success
PAY0004108,ORD004108,2023-05-24,Wallet,1804.7399999999998,Success
PAY0004109,ORD004109,2024-03-19,Cash on Delivery,14407.9,Success
PAY0004110,ORD004110,2023-03-14,Credit Card,50199.93000000001,Success
PAY0004111,ORD004111,2024-09-18,Cash on Delivery,21658.5,Success
PAY0004112,ORD004112,2023-01-23,Wallet,13963.560000000001,Success
PAY0004113,ORD004113,2024-11-13,Credit Card,10478.2,Success
PAY0004114,ORD004114,2024-01-28,Net Banking,1568.42,Success
PAY0004115,ORD004115,2024-07-28,UPI,8633.3,Refunded
PAY0004116,ORD004116,2023-03-23,Wallet,-5242.33,Success
PAY0004117,ORD004117,2024-02-22,UPI,4203.77,Failed
PAY0004118,ORD004118,2024-07-22,Cash on Delivery,3197.04,Success
PAY0004119,ORD004119,2024-03-30,Credit Card,3435.2,Success
PAY0004120,ORD004120,2023-09-04,UPI,15557.47,Success
PAY0004121,ORD004121,2024-05-10,Credit Card,3721.22,Failed
PAY0004122,ORD004122,2024-11-12,Net Banking,50097.95,Success
PAY0004123,ORD004123,2023-07-15,UPI,33915.81,Success
PAY0004124,ORD004124,2023-04-11,Wallet,226.78,Failed
PAY0004125,ORD004125,2024-03-30,Net Banking,18958.66,Success
PAY0004126,ORD004126,2024-07-01,Credit Card,10489.08,Success
PAY0004127,ORD004127,2024-08-11,Debit Card,10903.5,Success
PAY0004128,ORD004128,2023-04-28,Net Banking,1075.34,Success
PAY0004129,ORD004129,2023-03-19,Debit Card,14037.95,Success
PAY0004130,ORD004130,2024-03-02,Cash on Delivery,21287.66,Success
PAY0004131,ORD004131,2023-07-30,Net Banking,14617.56,Success
PAY0004132,ORD004132,2023-03-05,Credit Card,15766.7,Success
PAY0004133,ORD004133,2023-12-19,UPI,1704.64,Success
PAY0004134,ORD004134,2023-09-09,Debit Card,7391.38,Success
PAY0004135,ORD004135,2024-04-10,Debit Card,751.87,Success
PAY0004136,ORD004136,2025-10-15,UPI,3078.83,Success
PAY0004137,ORD004137,2023-06-22,Wallet,13473.42,Success
PAY0004138,ORD004138,2023-04-01,Cash on Delivery,1047.5,Refunded
PAY0004139,ORD004139,2024-06-10,UPI,1182.9300000000003,Success
PAY0004140,ORD004140,2024-03-04,Credit Card,1182.71,Success
PAY0004141,ORD004141,2024-12-02,Debit Card,32809.85,Success
PAY0004142,ORD004142,2023-07-09,Net Banking,15244.46,Success
PAY0004143,ORD004143,2023-06-11,Cash on Delivery,45233.17,Success
PAY0004144,ORD004144,2023-08-18,Cash on Delivery,1818.39,Success
PAY0004145,ORD004145,2023-07-11,Net Banking,10054.75,Pending
PAY0004146,ORD004146,2024-01-06,Cash on Delivery,2025.14,Success
PAY0004147,ORD004147,2023-11-22,Wallet,15257.86,Success
PAY0004148,ORD004148,2023-02-22,Net Banking,9332.369999999999,Success
PAY0004149,ORD004149,2024-06-03,Cash on Delivery,9527.09,Success
PAY0004150,ORD004150,2023-01-12,UPI,11913.78,Success
PAY0004151,ORD004151,2023-04-15,Cash on Delivery,2476.65,Success
PAY0004152,ORD004152,2023-06-04,Cash on Delivery,14759.27,Success
PAY0004153,ORD004153,2024-07-04,UPI,17993.33,Success
PAY0004154,ORD004154,2023-02-24,Debit Card,21707.22,Success
PAY0004155,ORD004155,2023-06-27,Wallet,8011.14,Pending
PAY0004156,ORD004156,2024-02-09,Debit Card,5959.87,Success
PAY0004157,ORD004157,2024-07-23,Debit Card,15694.109999999999,Success
PAY0004158,ORD004158,2024-06-12,Cash on Delivery,11892.45,Success
PAY0004159,ORD004159,2024-09-18,Cash on Delivery,4256.93,Success
PAY0004160,ORD004160,2023-10-18,Cash on Delivery,19343.0,Success
PAY0004161,ORD004161,2024-10-29,Debit Card,17361.23,Success
PAY0004162,ORD004162,2023-03-07,Net Banking,2615.05,Success
PAY0004163,ORD004163,2023-05-28,Debit Card,31621.09,Success
PAY0004164,ORD004164,2024-07-01,Debit Card,14119.3,Success
PAY0004165,ORD004165,2023-12-27,Net Banking,32554.4,Success
PAY0004166,ORD004166,2023-02-07,Net Banking,10102.16,Pending
PAY0004167,ORD004167,2024-02-03,Credit Card,14220.96,Success
PAY0004168,ORD004168,2023-09-28,Cash on Delivery,28919.96,Success
PAY0004169,ORD004169,2023-05-18,Cash on Delivery,11511.519999999999,Failed
PAY0004170,ORD004170,2024-07-14,Debit Card,18087.59,Success
PAY0004171,ORD004171,2023-03-20,Cash on Delivery,3958.75,Success
PAY0004172,ORD004172,2023-08-07,Credit Card,40309.21,Success
PAY0004173,ORD004173,2024-04-16,Credit Card,8700.2,Success
PAY0004174,ORD004174,2024-09-24,Credit Card,677.52,Failed
PAY0004175,ORD004175,2024-10-16,Credit Card,16940.54,Success
PAY0004176,ORD004176,2023-12-15,UPI,3001.6400000000003,Success
PAY0004177,ORD004177,2024-04-14,Net Banking,13139.03,Refunded
PAY0004178,ORD004178,2024-07-22,Net Banking,4225.59,Success
PAY0004179,ORD004179,2024-06-03,Wallet,22707.58,Success
PAY0004180,ORD004180,2024-11-29,Debit Card,15238.279999999999,Success
PAY0004181,ORD004181,2023-05-07,Debit Card,6712.93,Success
PAY0004182,ORD004182,2023-12-04,Credit Card,4343.87,Success
PAY0004183,ORD004183,2024-09-07,UPI,7389.78,Success
PAY0004184,ORD004184,2024-01-10,Cash on Delivery,2996.3,Success
PAY0004185,ORD004185,2024-07-28,UPI,3688.66,Success
PAY0004186,ORD004186,2024-05-08,Credit Card,8440.81,Success
PAY0004187,ORD004187,2023-06-08,Debit Card,44691.5,Success
PAY0004188,ORD004188,2023-01-28,Net Banking,12600.39,Success
PAY0004189,ORD004189,2023-05-14,Cash on Delivery,8641.119999999999,Success
PAY0004190,ORD004190,2024-11-18,UPI,5710.15,Success
PAY0004191,ORD004191,2023-05-01,UPI,23403.94,Success
PAY0004192,ORD004192,2024-09-23,Net Banking,18200.61,Pending
PAY0004193,ORD004193,2024-08-06,Net Banking,11452.75,Success
PAY0004194,ORD004194,2023-02-03,Debit Card,1460.84,Success
PAY0004195,ORD004195,2024-06-27,Debit Card,7714.13,Success
PAY0004196,ORD004196,2023-10-12,Wallet,5864.04,Success
PAY0004197,ORD004197,2024-01-24,Credit Card,31005.969999999998,Refunded
PAY0004198,ORD004198,2024-07-25,UPI,5615.48,Success
PAY0004199,ORD004199,2024-05-28,Debit Card,5379.4,Success
PAY0004200,ORD004200,2024-10-02,Net Banking,45234.15,Success
PAY0004201,ORD004201,2024-02-17,Net Banking,11776.56,Success
PAY0004202,ORD004202,2024-01-19,Wallet,13956.36,Failed
PAY0004203,ORD004203,2023-08-13,UPI,9966.130000000001,Success
PAY0004204,ORD004204,2023-11-19,Net Banking,31848.520000000004,Success
PAY0004205,ORD004205,2024-05-17,Net Banking,989.3,Success
PAY0004206,ORD004206,2023-01-12,Cash on Delivery,8497.54,Success
PAY0004207,ORD004207,2024-02-12,Cash on Delivery,26919.27,Success
PAY0004208,ORD004208,2024-04-26,Credit Card,621.23,Success
PAY0004209,ORD004209,2024-09-11,UPI,14062.439999999999,Success
PAY0004210,ORD004210,2024-11-19,Net Banking,11273.39,Success
PAY0004211,ORD004211,2023-02-10,Wallet,3957.9700000000003,Success
PAY0004212,ORD004212,2023-12-14,UPI,8889.95,Pending
PAY0004213,ORD004213,2024-11-13,Net Banking,6300.23,Success
PAY0004214,ORD004214,2024-07-11,Debit Card,48345.38,Success
PAY0004215,ORD004215,2023-10-28,Credit Card,657.97,Success
PAY0004216,ORD004216,2024-10-03,Cash on Delivery,860.5,Success
PAY0004217,ORD004217,2023-04-17,UPI,1360.56,Failed
PAY0004218,ORD004218,2024-11-25,Net Banking,27433.86,Success
PAY0004219,ORD004219,2024-06-02,Debit Card,46892.53,Success
PAY0004220,ORD004220,2023-02-02,Credit Card,627.62,Success
PAY0004221,ORD004221,2024-04-07,UPI,1439.94,Success
PAY0004222,ORD004222,2024-07-19,Net Banking,19642.25,Success
PAY0004223,ORD004223,2023-06-23,Wallet,8958.39,Pending
PAY0004224,ORD004224,2024-01-11,Cash on Delivery,24197.15,Success
PAY0004225,ORD004225,2023-01-29,Net Banking,576.16,Success
PAY0004226,ORD004226,2023-12-09,Net Banking,38315.07,Success
PAY0004227,ORD004227,2023-08-10,Debit Card,2790.22,Success
PAY0004228,ORD004228,2024-05-23,Credit Card,1456.17,Success
PAY0004229,ORD004229,2024-09-20,Net Banking,3504.39,Pending
PAY0004230,ORD004230,2023-02-09,Credit Card,12343.55,Success
PAY0004231,ORD004231,2023-02-24,Wallet,21809.159999999996,Success
PAY0004232,ORD004232,2023-06-14,Wallet,52238.75,Success
PAY0004233,ORD004233,2024-11-11,Wallet,5845.46,Success
PAY0004234,ORD004234,2023-10-03,Net Banking,20828.649999999998,Success
PAY0004235,ORD004235,2024-01-21,Debit Card,11877.58,Failed
PAY0004236,ORD004236,2023-10-10,Cash on Delivery,7089.43,Success
PAY0004237,ORD004237,2024-11-14,Wallet,17351.059999999998,Success
PAY0004238,ORD004238,2023-05-28,Cash on Delivery,10095.9,Success
PAY0004239,ORD004239,2024-05-04,Net Banking,40482.659999999996,Failed
PAY0004240,ORD004240,2024-05-02,Wallet,4643.97,Success
PAY0004241,ORD004241,2023-12-25,UPI,7134.8,Success
PAY0004242,ORD004242,2024-11-30,UPI,13462.65,Success
PAY0004243,ORD004243,2023-04-25,Net Banking,15413.76,Success
PAY0004244,ORD004244,2025-03-27,Debit Card,23212.09,Success
PAY0004245,ORD004245,2023-07-05,Credit Card,7650.65,Success
PAY0004246,ORD004246,2023-08-07,Wallet,13152.8,Success
PAY0004247,ORD004247,2024-02-14,UPI,14203.32,Success
PAY0004248,ORD004248,2023-11-18,UPI,3666.68,Success
PAY0004249,ORD004249,2023-11-16,Credit Card,21241.75,Success
PAY0004250,ORD004250,2024-01-30,Credit Card,969.85,Success
PAY0004251,ORD004251,2024-11-30,Credit Card,14928.38,Success
PAY0004252,ORD004252,2023-12-29,Credit Card,5525.78,Success
PAY0004253,ORD004253,2024-04-30,Net Banking,8661.51,Failed
PAY0004254,ORD004254,2024-03-18,Debit Card,4381.99,Success
PAY0004255,ORD004255,2023-08-28,Wallet,12600.46,Success
PAY0004256,ORD004256,2024-08-01,Net Banking,5163.15,Success
PAY0004257,ORD004257,2024-03-23,Net Banking,18833.510000000002,Success
PAY0004258,ORD004258,2023-09-04,Credit Card,26958.74,Success
PAY0004259,ORD004259,2023-08-17,Net Banking,5962.8,Success
PAY0004260,ORD004260,2023-12-08,Credit Card,12500.64,Success
PAY0004261,ORD004261,2024-01-12,UPI,15507.580000000002,Failed
PAY0004262,ORD004262,2024-10-01,Cash on Delivery,5707.6900000000005,Success
PAY0004263,ORD004263,2023-10-25,Credit Card,5230.1,Success
PAY0004264,ORD004264,2024-07-15,Wallet,37130.72,Success
PAY0004265,ORD004265,2024-02-13,Wallet,11883.26,Success
PAY0004266,ORD004266,2024-11-12,Wallet,3250.2799999999997,Success
PAY0004267,ORD004267,2024-04-02,Cash on Delivery,4847.33,Success
PAY0004268,ORD004268,2023-09-16,Credit Card,2640.6600000000003,Success
PAY0004269,ORD004269,2023-09-17,Net Banking,33902.14,Success
PAY0004270,ORD004270,2024-03-12,UPI,4467.65,Success
PAY0004271,ORD004271,2023-10-12,Credit Card,28640.11,Success
PAY0004272,ORD004272,2023-12-11,Wallet,6641.17,Success
PAY0004273,ORD004273,2024-04-08,Wallet,1611.93,Success
PAY0004274,ORD004274,2023-06-24,Debit Card,40342.75,Success
PAY0004275,ORD004275,2024-09-10,Credit Card,4097.38,Success
PAY0004276,ORD004276,2023-05-20,Wallet,20898.039999999997,Success
PAY0004277,ORD004277,2023-01-09,Debit Card,18682.3,Success
PAY0004278,ORD004278,2024-09-16,UPI,8235.83,Success
PAY0004279,ORD004279,2024-07-14,Debit Card,17637.67,Success
PAY0004280,ORD004280,2023-12-15,Net Banking,19680.329999999998,Success
PAY0004281,ORD004281,2023-12-14,Debit Card,15938.65,Failed
PAY0004282,ORD004282,2024-08-31,Credit Card,4735.17,Failed
PAY0004283,ORD004283,2024-02-28,Net Banking,3021.45,Success
PAY0004284,ORD004284,2023-06-17,Debit Card,23641.76,Success
PAY0004285,ORD004285,2023-05-28,Wallet,23980.93,Success
PAY0004286,ORD004286,2024-06-20,Cash on Delivery,11986.46,Success
PAY0004287,ORD004287,2024-09-30,UPI,5197.1,Success
PAY0004288,ORD004288,2024-09-05,Cash on Delivery,34132.369999999995,Success
PAY0004289,ORD004289,2023-03-23,Wallet,12734.699999999999,Success
PAY0004290,ORD004290,2024-05-25,Credit Card,6846.16,Success
PAY0004291,ORD004291,2024-10-09,Cash on Delivery,42580.89,Success
PAY0004292,ORD004292,2023-11-07,UPI,16641.86,Success
PAY0004293,ORD004293,2023-10-08,Net Banking,4979.64,Success
PAY0004294,ORD004294,2023-11-29,Net Banking,8008.38,Success
PAY0004295,ORD004295,2024-07-20,Net Banking,31403.649999999998,Success
PAY0004296,ORD004296,2023-08-13,Credit Card,19134.32,Success
PAY0004297,ORD004297,2024-02-13,Credit Card,29666.609999999997,Success
PAY0004298,ORD004298,2024-08-16,Wallet,8470.18,Failed
PAY0004299,ORD004299,2024-10-11,Cash on Delivery,15037.38,Success
PAY0004300,ORD004300,2023-12-29,UPI,4393.25,Success
PAY0004301,ORD004301,2024-09-21,Debit Card,5878.98,Success
PAY0004302,ORD004302,2024-02-29,Cash on Delivery,15102.820000000002,Success
PAY0004303,ORD004303,2024-02-29,Debit Card,2625.0,Success
PAY0004304,ORD004304,2023-05-07,Cash on Delivery,25172.62,Success
PAY0004305,ORD004305,2024-10-14,Credit Card,15348.15,Success
PAY0004306,ORD004306,2024-06-10,Wallet,11121.7,Pending
PAY0004307,ORD004307,2024-03-08,Wallet,18395.7,Success
PAY0004308,ORD004308,2023-10-21,Net Banking,1297.58,Success
PAY0004309,ORD004309,2024-10-19,Net Banking,8085.05,Success
PAY0004310,ORD004310,2023-05-09,Wallet,9953.38,Success
PAY0004311,ORD004311,2024-08-12,Wallet,2238.54,Success
PAY0004312,ORD004312,2024-04-29,Net Banking,25895.18,Refunded
PAY0004313,ORD004313,2023-10-30,Wallet,3521.07,Success
PAY0004314,ORD004314,2023-06-29,Wallet,-18834.63,Success
PAY0004315,ORD004315,2024-09-29,Debit Card,5488.97,Success
PAY0004316,ORD004316,2023-05-27,Credit Card,44433.3,Success
PAY0004317,ORD004317,2023-10-01,UPI,22963.079999999998,Success
PAY0004318,ORD004318,2024-04-14,Wallet,19699.82,Success
PAY0004319,ORD004319,2024-11-08,Cash on Delivery,21648.37,Success
PAY0004320,ORD004320,2024-06-22,Net Banking,8546.76,Success
PAY0004321,ORD004321,2023-08-26,Cash on Delivery,895.09,Success
PAY0004322,ORD004322,2023-11-01,Debit Card,12850.75,Failed
PAY0004323,ORD004323,2024-07-28,Debit Card,6854.2300000000005,Success
PAY0004324,ORD004324,2023-03-02,UPI,3944.29,Success
PAY0004325,ORD004325,2023-07-03,Debit Card,16267.48,Success
PAY0004326,ORD004326,2023-11-14,UPI,21564.67,Failed
PAY0004327,ORD004327,2024-08-31,UPI,7166.26,Success
PAY0004328,ORD004328,2024-06-19,Credit Card,9839.11,Success
PAY0004329,ORD004329,2023-08-19,Cash on Delivery,1365.69,Success
PAY0004330,ORD004330,2024-08-23,UPI,45014.05,Success
PAY0004331,ORD004331,2023-08-24,UPI,1358.58,Success
PAY0004332,ORD004332,2023-08-10,Wallet,5515.62,Failed
PAY0004333,ORD004333,2024-08-22,UPI,1670.2,Success
PAY0004334,ORD004334,2024-11-26,UPI,15103.939999999999,Success
PAY0004335,ORD004335,2023-05-20,Net Banking,10103.93,Pending
PAY0004336,ORD004336,2023-04-13,UPI,29195.3,Success
PAY0004337,ORD004337,2024-02-10,UPI,14716.0,Success
PAY0004338,ORD004338,2023-09-19,Cash on Delivery,9752.5,Success
PAY0004339,ORD004339,2024-04-12,Net Banking,986.09,Success
PAY0004340,ORD004340,2024-06-13,Credit Card,19157.920000000002,Success
PAY0004341,ORD004341,2024-11-23,Credit Card,30843.66,Success
PAY0004342,ORD004342,2024-03-11,Debit Card,1263.16,Failed
PAY0004343,ORD004343,2023-04-29,Cash on Delivery,10568.76,Success
PAY0004344,ORD004344,2024-11-01,Net Banking,9614.41,Success
PAY0004345,ORD004345,2024-04-19,UPI,11679.669999999998,Success
PAY0004346,ORD004346,2024-02-05,Debit Card,5845.69,Success
PAY0004347,ORD004347,2023-01-11,Wallet,10046.06,Success
PAY0004348,ORD004348,2023-03-18,Net Banking,9845.470000000001,Pending
PAY0004349,ORD004349,2024-11-09,Wallet,4308.79,Success
PAY0004350,ORD004350,2024-09-10,Debit Card,38284.9,Success
PAY0004351,ORD004351,2024-04-17,Wallet,214.4,Success
PAY0004352,ORD004352,2024-11-04,Wallet,4888.9,Success
PAY0004353,ORD004353,2023-07-21,Debit Card,66701.88,Success
PAY0004354,ORD004354,2024-04-03,Credit Card,1770.98,Success
PAY0004355,ORD004355,2023-04-08,Debit Card,51112.41999999999,Refunded
PAY0004356,ORD004356,2023-11-04,UPI,5138.04,Success
PAY0004357,ORD004357,2023-07-08,Wallet,5897.5599999999995,Success
PAY0004358,ORD004358,2023-07-30,Debit Card,15227.15,Success
PAY0004359,ORD004359,2023-07-02,Net Banking,47933.21,Success
PAY0004360,ORD004360,2023-02-10,Wallet,28702.590000000004,Success
PAY0004361,ORD004361,2023-08-13,Wallet,11883.26,Success
PAY0004362,ORD004362,2023-02-27,Wallet,17758.76,Success
PAY0004363,ORD004363,2023-11-07,Cash on Delivery,289.51,Success
PAY0004364,ORD004364,2024-05-04,Cash on Delivery,12612.800000000001,Success
PAY0004365,ORD004365,2024-09-04,UPI,7818.77,Success
PAY0004366,ORD004366,2023-12-12,Credit Card,6230.81,Success
PAY0004367,ORD004367,2023-04-03,Cash on Delivery,20749.72,Success
PAY0004368,ORD004368,2024-12-02,Cash on Delivery,15944.859999999999,Success
PAY0004369,ORD004369,2024-08-12,Wallet,34944.659999999996,Success
PAY0004370,ORD004370,2024-06-06,Wallet,9441.36,Success
PAY0004371,ORD004371,2023-09-14,Debit Card,5910.44,Failed
PAY0004372,ORD004372,2023-03-27,Wallet,30066.280000000002,Refunded
PAY0004373,ORD004373,2023-03-09,Net Banking,2473.9300000000003,Success
PAY0004374,ORD004374,2024-11-14,Cash on Delivery,5518.05,Success
PAY0004375,ORD004375,2024-01-08,Net Banking,34958.009999999995,Success
PAY0004376,ORD004376,2024-03-25,Credit Card,4854.75,Success
PAY0004377,ORD004377,2024-09-16,UPI,8487.11,Success
PAY0004378,ORD004378,2024-06-26,Wallet,21042.33,Pending
PAY0004379,ORD004379,2024-10-26,Credit Card,13999.82,Success
PAY0004380,ORD004380,2024-05-26,Debit Card,1451.31,Success
PAY0004381,ORD004381,2024-06-19,Credit Card,10638.26,Success
PAY0004382,ORD004382,2024-12-04,Cash on Delivery,3566.75,Success
PAY0004383,ORD004383,2023-12-27,Credit Card,19451.73,Success
PAY0004384,ORD004384,2023-11-24,UPI,6398.01,Success
PAY0004385,ORD004385,2024-05-15,Wallet,5995.74,Success
PAY0004386,ORD004386,2024-08-28,Wallet,15804.21,Success
PAY0004387,ORD004387,2023-07-18,Cash on Delivery,2533.01,Success
PAY0004388,ORD004388,2023-08-15,UPI,6559.01,Success
PAY0004389,ORD004389,2023-08-25,Net Banking,4068.5,Success
PAY0004390,ORD004390,2023-06-25,Net Banking,5264.1,Success
PAY0004391,ORD004391,2024-05-14,Wallet,13859.33,Success
PAY0004392,ORD004392,2024-02-22,Cash on Delivery,17897.35,Success
PAY0004393,ORD004393,2023-09-17,Debit Card,5749.099999999999,Success
PAY0004394,ORD004394,2024-03-16,Wallet,653.85,Success
PAY0004395,ORD004395,2023-08-31,Credit Card,9013.62,Success
PAY0004396,ORD004396,2024-08-18,Cash on Delivery,26802.21,Failed
PAY0004397,ORD004397,2024-02-03,Wallet,4595.24,Pending
PAY0004398,ORD004398,2024-06-21,Net Banking,5526.27,Success
PAY0004399,ORD004399,2024-04-09,Debit Card,2832.56,Success
PAY0004400,ORD004400,2023-09-28,Credit Card,11978.23,Success
PAY0004401,ORD004401,2023-11-24,Cash on Delivery,11363.85,Success
PAY0004402,ORD004402,2024-03-25,Cash on Delivery,3179.14,Success
PAY0004403,ORD004403,2024-04-01,UPI,7777.26,Success
PAY0004404,ORD004404,2023-03-25,Wallet,3472.93,Success
PAY0004405,ORD004405,2024-09-01,Cash on Delivery,21385.44,Success
PAY0004406,ORD004406,2023-02-12,Credit Card,10122.59,Success
PAY0004407,ORD004407,2023-12-28,Debit Card,341.2,Success
PAY0004408,ORD004408,2023-02-05,Debit Card,16235.36,Success
PAY0004409,ORD004409,2023-10-26,Wallet,24624.16,Success
PAY0004410,ORD004410,2023-07-15,Debit Card,12539.29,Success
PAY0004411,ORD004411,2023-12-13,Credit Card,7042.950000000001,Success
PAY0004412,ORD004412,2024-04-29,Wallet,10030.88,Success
PAY0004413,ORD004413,2024-05-31,Cash on Delivery,21148.54,Success
PAY0004414,ORD004414,2024-10-07,Wallet,24209.92,Success
PAY0004415,ORD004415,2023-07-16,UPI,16251.08,Success
PAY0004416,ORD004416,2024-08-18,UPI,15119.88,Success
PAY0004417,ORD004417,2024-08-07,UPI,40583.18,Refunded
PAY0004418,ORD004418,2023-01-15,Credit Card,1145.84,Success
PAY0004419,ORD004419,2024-03-30,Debit Card,4625.83,Success
PAY0004420,ORD004420,2023-03-26,Credit Card,2806.7400000000002,Success
PAY0004421,ORD004421,2024-02-20,Credit Card,244.7,Success
PAY0004422,ORD004422,2023-01-19,UPI,8354.87,Success
PAY0004423,ORD004423,2023-05-06,UPI,15050.64,Success
PAY0004424,ORD004424,2023-06-21,Net Banking,14395.880000000001,Success
PAY0004425,ORD004425,2024-04-18,UPI,1127.73,Success
PAY0004426,ORD004426,2023-12-07,UPI,18819.97,Success
PAY0004427,ORD004427,2023-07-21,Debit Card,19068.54,Success
PAY0004428,ORD004428,2023-08-14,Wallet,76298.1,Success
PAY0004429,ORD004429,2023-12-24,UPI,2053.5199999999995,Success
PAY0004430,ORD004430,2023-03-11,Wallet,4709.18,Success
PAY0004431,ORD004431,2024-04-06,Net Banking,26923.77,Pending
PAY0004432,ORD004432,2023-12-11,UPI,2499.29,Success
PAY0004433,ORD004433,2024-08-11,Credit Card,19713.05,Success
PAY0004434,ORD004434,2024-03-14,UPI,6092.12,Success
PAY0004435,ORD004435,2024-02-22,Wallet,3555.3,Success
PAY0004436,ORD004436,2024-06-13,UPI,1725.82,Success
PAY0004437,ORD004437,2023-12-13,Credit Card,13412.69,Success
PAY0004438,ORD004438,2024-08-02,Net Banking,10884.84,Success
PAY0004439,ORD004439,2023-10-27,Net Banking,28309.769999999997,Success
PAY0004440,ORD004440,2024-05-07,Wallet,20769.89,Success
PAY0004441,ORD004441,2024-07-02,Credit Card,13626.09,Success
PAY0004442,ORD004442,2023-11-25,Debit Card,11546.57,Success
PAY0004443,ORD004443,2023-10-29,Wallet,379.53,Success
PAY0004444,ORD004444,2023-06-06,Wallet,12600.880000000001,Success
PAY0004445,ORD004445,2024-04-24,Cash on Delivery,37500.74,Failed
PAY0004446,ORD004446,2024-11-18,Net Banking,15957.57,Success
PAY0004447,ORD004447,2024-10-06,Credit Card,31516.7,Success
PAY0004448,ORD004448,2024-03-27,UPI,9096.49,Success
PAY0004449,ORD004449,2024-07-21,Net Banking,1489.24,Success
PAY0004450,ORD004450,2023-01-27,Cash on Delivery,2745.97,Success
PAY0004451,ORD004451,2024-09-16,Cash on Delivery,1059.72,Success
PAY0004452,ORD004452,2023-02-13,Net Banking,21748.08,Success
PAY0004453,ORD004453,2023-10-27,Credit Card,1960.53,Success
PAY0004454,ORD004454,2023-04-13,Net Banking,5504.82,Success
PAY0004455,ORD004455,2024-10-21,Wallet,17655.38,Success
PAY0004456,ORD004456,2024-10-08,Net Banking,24649.760000000002,Success
PAY0004457,ORD004457,2023-02-06,Net Banking,14750.08,Success
PAY0004458,ORD004458,2024-07-13,Wallet,37392.41,Success
PAY0004459,ORD004459,2023-01-14,Debit Card,6641.17,Success
PAY0004460,ORD004460,2024-05-31,Cash on Delivery,12566.76,Success
PAY0004461,ORD004461,2024-05-30,Debit Card,9173.57,Success
PAY0004462,ORD004462,2023-04-17,Cash on Delivery,75306.68000000001,Success
PAY0004463,ORD004463,2023-04-24,Net Banking,31142.08,Success
PAY0004464,ORD004464,2023-12-02,Debit Card,19642.38,Success
PAY0004465,ORD004465,2023-06-11,Cash on Delivery,8674.9,Success
PAY0004466,ORD004466,2024-05-29,Credit Card,4639.63,Success
PAY0004467,ORD004467,2024-01-02,Net Banking,5153.8,Success
PAY0004468,ORD004468,2023-10-14,Debit Card,-6680.3,Failed
PAY0004469,ORD004469,2024-04-10,UPI,5928.31,Success
PAY0004470,ORD004470,2024-05-22,Debit Card,-2984.3900000000003,Success
PAY0004471,ORD004471,2023-09-29,UPI,14267.1,Failed
PAY0004472,ORD004472,2023-09-27,Cash on Delivery,10650.12,Success
PAY0004473,ORD004473,2024-12-02,Credit Card,14509.45,Success
PAY0004474,ORD004474,2024-09-05,UPI,33726.04,Success
PAY0004475,ORD004475,2023-08-15,Net Banking,3081.71,Success
PAY0004476,ORD004476,2023-05-20,Cash on Delivery,8522.29,Success
PAY0004477,ORD004477,2024-09-01,Cash on Delivery,2086.2,Success
PAY0004478,ORD004478,2024-11-18,Debit Card,6049.53,Success
PAY0004479,ORD004479,2024-11-15,Cash on Delivery,1881.14,Success
PAY0004480,ORD004480,2023-05-09,UPI,6168.69,Pending
PAY0004481,ORD004481,2023-03-31,Net Banking,49438.22,Success
PAY0004482,ORD004482,2023-08-04,Wallet,10159.87,Refunded
PAY0004483,ORD004483,2024-08-12,Wallet,32262.300000000003,Pending
PAY0004484,ORD004484,2023-05-28,UPI,36997.92,Success
PAY0004485,ORD004485,2024-10-18,Wallet,6723.799999999999,Success
PAY0004486,ORD004486,2023-01-15,Wallet,9440.93,Success
PAY0004487,ORD004487,2023-02-05,Wallet,18956.05,Success
PAY0004488,ORD004488,2023-09-15,Net Banking,29755.88,Success
PAY0004489,ORD004489,2023-05-09,Wallet,379.53,Success
PAY0004490,ORD004490,2023-12-10,UPI,2526.32,Success
PAY0004491,ORD004491,2024-01-30,Wallet,15418.13,Pending
PAY0004492,ORD004492,2024-08-11,Cash on Delivery,3835.95,Success
PAY0004493,ORD004493,2024-05-17,Net Banking,1734.04,Success
PAY0004494,ORD004494,2024-05-31,Net Banking,17234.76,Success
PAY0004495,ORD004495,2024-02-21,Credit Card,561.86,Success
PAY0004496,ORD004496,2023-02-03,Wallet,992.19,Success
PAY0004497,ORD004497,2024-05-10,Net Banking,4937.89,Success
PAY0004498,ORD004498,2024-07-21,Net Banking,10724.35,Success
PAY0004499,ORD004499,2024-06-10,UPI,7202.879999999999,Success
PAY0004500,ORD004500,2023-09-13,Cash on Delivery,15863.970000000001,Success
PAY0004501,ORD004501,2024-06-25,Cash on Delivery,1373.9,Success
PAY0004502,ORD004502,2023-12-30,Net Banking,3115.93,Success
PAY0004503,ORD004503,2023-09-12,Cash on Delivery,2157.34,Success
PAY0004504,ORD004504,2024-03-12,Wallet,14892.94,Success
PAY0004505,ORD004505,2023-03-04,Credit Card,1155.59,Success
PAY0004506,ORD004506,2023-05-29,Debit Card,16959.35,Success
PAY0004507,ORD004507,2023-04-19,Credit Card,11033.669999999998,Success
PAY0004508,ORD004508,2024-10-18,Debit Card,27073.77,Success
PAY0004509,ORD004509,2023-10-26,Debit Card,576.16,Success
PAY0004510,ORD004510,2024-05-24,Net Banking,24992.27,Success
PAY0004511,ORD004511,2023-02-09,Net Banking,33367.259999999995,Success
PAY0004512,ORD004512,2024-06-27,UPI,2043.03,Success
PAY0004513,ORD004513,2024-07-22,Credit Card,10716.18,Success
PAY0004514,ORD004514,2023-02-15,Credit Card,3348.34,Success
PAY0004515,ORD004515,2023-03-29,Credit Card,1083.33,Success
PAY0004516,ORD004516,2024-09-11,UPI,14061.38,Success
PAY0004517,ORD004517,2023-07-04,Debit Card,33194.26,Success
PAY0004518,ORD004518,2024-05-22,Debit Card,12237.130000000001,Failed
PAY0004519,ORD004519,2024-06-27,Credit Card,16307.38,Success
PAY0004520,ORD004520,2023-12-07,Debit Card,9654.9,Success
PAY0004521,ORD004521,2024-11-20,Cash on Delivery,23672.54,Success
PAY0004522,ORD004522,2024-08-29,Wallet,3322.06,Success
PAY0004523,ORD004523,2023-10-27,Credit Card,16906.53,Success
PAY0004524,ORD004524,2023-10-05,Net Banking,11777.36,Success
PAY0004525,ORD004525,2023-06-28,Net Banking,6999.91,Success
PAY0004526,ORD004526,2023-09-08,UPI,20077.23,Success
PAY0004527,ORD004527,2023-10-16,Credit Card,1152.32,Success
PAY0004528,ORD004528,2024-05-27,Net Banking,22764.53,Success
PAY0004529,ORD004529,2023-04-29,Cash on Delivery,21484.16,Refunded
PAY0004530,ORD004530,2024-08-24,Credit Card,21769.59,Success
PAY0004531,ORD004531,2024-01-19,Cash on Delivery,23444.77,Success
PAY0004532,ORD004532,2023-11-17,Net Banking,18545.3,Failed
PAY0004533,ORD004533,2023-12-01,Cash on Delivery,6942.04,Success
PAY0004534,ORD004534,2023-02-25,UPI,35918.06,Success
PAY0004535,ORD004535,2024-02-16,Credit Card,36246.21,Failed
PAY0004536,ORD004536,2023-06-12,Wallet,1302.09,Success
PAY0004537,ORD004537,2023-05-06,Cash on Delivery,18310.43,Failed
PAY0004538,ORD004538,2023-12-10,Credit Card,6824.570000000001,Success
PAY0004539,ORD004539,2023-03-20,UPI,11591.93,Success
PAY0004540,ORD004540,2024-03-01,Credit Card,6022.92,Success
PAY0004541,ORD004541,2023-08-21,Credit Card,7488.05,Success
PAY0004542,ORD004542,2023-07-06,Wallet,24575.4,Success
PAY0004543,ORD004543,2024-01-23,Wallet,3286.43,Success
PAY0004544,ORD004544,2023-06-25,Debit Card,30585.68,Success
PAY0004545,ORD004545,2024-04-02,Net Banking,1589.23,Success
PAY0004546,ORD004546,2024-05-28,Debit Card,9926.14,Success
PAY0004547,ORD004547,2024-09-27,Net Banking,52812.78999999999,Success
PAY0004548,ORD004548,2023-05-08,Cash on Delivery,4099.5,Success
PAY0004549,ORD004549,2024-09-02,UPI,18608.75,Success
PAY0004550,ORD004550,2024-05-06,Cash on Delivery,14171.65,Success
PAY0004551,ORD004551,2023-09-29,Net Banking,5066.02,Success
PAY0004552,ORD004552,2024-03-04,UPI,18991.190000000002,Success
PAY0004553,ORD004553,2024-04-26,Credit Card,4937.89,Success
PAY0004554,ORD004554,2023-11-28,Net Banking,6662.95,Refunded
PAY0004555,ORD004555,2023-07-16,Credit Card,6109.32,Success
PAY0004556,ORD004556,2024-02-18,Credit Card,5696.95,Success
PAY0004557,ORD004557,2023-04-27,Cash on Delivery,12789.61,Success
PAY0004558,ORD004558,2024-10-08,Debit Card,16579.17,Success
PAY0004559,ORD004559,2024-04-28,Cash on Delivery,19870.18,Success
PAY0004560,ORD004560,2024-08-06,UPI,15289.09,Success
PAY0004561,ORD004561,2024-03-26,Wallet,35128.87,Success
PAY0004562,ORD004562,2023-07-30,Net Banking,16789.32,Success
PAY0004563,ORD004563,2023-05-09,Debit Card,20668.45,Success
PAY0004564,ORD004564,2023-05-31,UPI,10725.29,Success
PAY0004565,ORD004565,2023-10-29,Wallet,1573.09,Success
PAY0004566,ORD004566,2023-02-28,UPI,24206.02,Success
PAY0004567,ORD004567,2024-09-22,UPI,3958.75,Success
PAY0004568,ORD004568,2023-03-09,Wallet,7842.12,Success
PAY0004569,ORD004569,2023-04-14,Wallet,30076.230000000003,Pending
PAY0004570,ORD004570,2024-03-18,Wallet,18772.02,Refunded
PAY0004571,ORD004571,2024-05-02,Debit Card,12749.43,Success
PAY0004572,ORD004572,2023-09-06,Credit Card,16786.08,Pending
PAY0004573,ORD004573,2024-12-04,UPI,2085.49,Success
PAY0004574,ORD004574,2024-04-08,Credit Card,9834.279999999999,Success
PAY0004575,ORD004575,2023-01-18,UPI,9791.27,Success
PAY0004576,ORD004576,2024-10-16,Debit Card,3555.3,Success
PAY0004577,ORD004577,2024-01-18,Cash on Delivery,6908.16,Pending
PAY0004578,ORD004578,2023-04-10,Debit Card,34776.34,Success
PAY0004579,ORD004579,2023-09-06,Cash on Delivery,17369.94,Success
PAY0004580,ORD004580,2023-08-11,UPI,15410.66,Success
PAY0004581,ORD004581,2024-02-14,Wallet,9895.95,Success
PAY0004582,ORD004582,2024-01-06,Wallet,17543.63,Success
PAY0004583,ORD004583,2023-02-06,Credit Card,13640.56,Success
PAY0004584,ORD004584,2023-10-04,Credit Card,-91.76000000000022,Success
PAY0004585,ORD004585,2024-09-15,Net Banking,10500.91,Success
PAY0004586,ORD004586,2024-09-03,Wallet,450.27,Failed
PAY0004587,ORD004587,2023-07-04,UPI,497.65,Success
PAY0004588,ORD004588,2024-02-10,UPI,3632.18,Success
PAY0004589,ORD004589,2024-04-18,Debit Card,498.3,Success
PAY0004590,ORD004590,2023-08-03,Net Banking,35001.79,Success
PAY0004591,ORD004591,2023-01-03,Net Banking,3144.6,Success
PAY0004592,ORD004592,2023-05-08,Cash on Delivery,5358.09,Success
PAY0004593,ORD004593,2023-04-07,Debit Card,1075.34,Success
PAY0004594,ORD004594,2023-05-30,Net Banking,29760.42,Success
PAY0004595,ORD004595,2023-07-04,Debit Card,1373.9,Success
PAY0004596,ORD004596,2023-09-19,Wallet,51370.810000000005,Success
PAY0004597,ORD004597,2024-01-17,UPI,1459.52,Success
PAY0004598,ORD004598,2023-12-20,UPI,14932.98,Success
PAY0004599,ORD004599,2023-08-22,Wallet,1745.62,Success
PAY0004600,ORD004600,2024-05-19,Wallet,13087.68,Success
PAY0004601,ORD004601,2024-11-20,Wallet,6205.5,Refunded
PAY0004602,ORD004602,2023-08-16,Credit Card,8506.09,Success
PAY0004603,ORD004603,2024-08-20,Net Banking,2190.87,Pending
PAY0004604,ORD004604,2023-09-06,Net Banking,12057.48,Success
PAY0004605,ORD004605,2024-11-23,UPI,28398.630000000005,Refunded
PAY0004606,ORD004606,2023-10-24,Debit Card,40349.17999999999,Success
PAY0004607,ORD004607,2023-08-23,Credit Card,3164.97,Success
PAY0004608,ORD004608,2023-11-28,Credit Card,38772.43,Success
PAY0004609,ORD004609,2023-04-20,Net Banking,766.21,Success
PAY0004610,ORD004610,2024-03-27,Cash on Delivery,27563.22,Success
PAY0004611,ORD004611,2024-03-10,Wallet,23032.73,Success
PAY0004612,ORD004612,2024-09-25,Cash on Delivery,1318.03,Success
PAY0004613,ORD004613,2023-03-19,Credit Card,8962.62,Success
PAY0004614,ORD004614,2024-07-29,Net Banking,9364.56,Success
PAY0004615,ORD004615,2023-08-26,Debit Card,36655.4,Success
PAY0004616,ORD004616,2024-08-11,UPI,10343.99,Success
PAY0004617,ORD004617,2024-05-16,UPI,34672.5,Success
PAY0004618,ORD004618,2023-11-27,UPI,7605.76,Success
PAY0004619,ORD004619,2024-11-14,Wallet,12634.99,Pending
PAY0004620,ORD004620,2024-06-16,Net Banking,11705.58,Success
PAY0004621,ORD004621,2024-05-18,Debit Card,31181.059999999998,Success
PAY0004622,ORD004622,2024-01-01,Net Banking,5774.34,Success
PAY0004623,ORD004623,2023-11-27,Net Banking,2343.78,Success
PAY0004624,ORD004624,2024-02-28,Wallet,1803.7,Success
PAY0004625,ORD004625,2023-04-05,Wallet,12774.38,Pending
PAY0004626,ORD004626,2023-04-20,Net Banking,31178.460000000003,Success
PAY0004627,ORD004627,2024-05-17,Credit Card,16215.16,Refunded
PAY0004628,ORD004628,2024-05-20,Credit Card,15963.48,Success
PAY0004629,ORD004629,2024-08-11,Net Banking,14428.39,Success
PAY0004630,ORD004630,2023-02-25,Debit Card,23837.38,Success
PAY0004631,ORD004631,2023-05-30,Debit Card,1589.23,Success
PAY0004632,ORD004632,2023-05-13,Wallet,14813.71,Success
PAY0004633,ORD004633,2023-03-06,Credit Card,1392.22,Success
PAY0004634,ORD004634,2023-12-12,Debit Card,4249.81,Success
PAY0004635,ORD004635,2023-01-26,Net Banking,5063.36,Success
PAY0004636,ORD004636,2024-05-05,UPI,5147.4,Success
PAY0004637,ORD004637,2023-01-13,Net Banking,13038.66,Success
PAY0004638,ORD004638,2024-07-09,Net Banking,23542.04,Success
PAY0004639,ORD004639,2024-07-07,Net Banking,25943.39,Success
PAY0004640,ORD004640,2023-11-21,Net Banking,3490.62,Success
PAY0004641,ORD004641,2025-11-14,Debit Card,18153.08,Success
PAY0004642,ORD004642,2023-02-21,Cash on Delivery,214.4,Success
PAY0004643,ORD004643,2023-02-08,UPI,6800.5,Success
PAY0004644,ORD004644,2023-02-05,Cash on Delivery,3081.19,Failed
PAY0004645,ORD004645,2023-09-21,Wallet,10727.539999999999,Success
PAY0004646,ORD004646,2023-02-21,Wallet,11388.58,Success
PAY0004647,ORD004647,2023-09-21,UPI,1995.27,Success
PAY0004648,ORD004648,2023-10-30,Credit Card,12245.4,Success
PAY0004649,ORD004649,2023-10-16,Wallet,11408.08,Success
PAY0004650,ORD004650,2023-05-19,Wallet,8865.27,Success
PAY0004651,ORD004651,2024-04-28,Wallet,1173.69,Failed
PAY0004652,ORD004652,2024-11-15,Cash on Delivery,13011.41,Success
PAY0004653,ORD004653,2023-03-04,Wallet,2613.16,Success
PAY0004654,ORD004654,2023-04-24,Debit Card,17140.56,Success
PAY0004655,ORD004655,2024-10-12,Cash on Delivery,4218.45,Success
PAY0004656,ORD004656,2023-07-13,UPI,13268.030000000002,Success
PAY0004657,ORD004657,2023-09-14,Cash on Delivery,5956.879999999999,Success
PAY0004658,ORD004658,2024-01-23,Credit Card,41979.16,Success
PAY0004659,ORD004659,2023-10-17,Net Banking,8822.85,Refunded
PAY0004660,ORD004660,2024-11-13,Credit Card,5296.2,Success
PAY0004661,ORD004661,2024-03-30,Wallet,40671.06,Success
PAY0004662,ORD004662,2024-09-04,Cash on Delivery,16429.07,Success
PAY0004663,ORD004663,2023-04-05,Net Banking,9818.58,Success
PAY0004664,ORD004664,2023-11-10,Credit Card,6107.0,Success
PAY0004665,ORD004665,2023-09-20,UPI,5332.96,Success
PAY0004666,ORD004666,2024-07-30,Net Banking,10294.61,Success
PAY0004667,ORD004667,2024-05-06,UPI,18405.52,Success
PAY0004668,ORD004668,2024-04-09,Credit Card,8439.720000000001,Refunded
PAY0004669,ORD004669,2024-08-01,Debit Card,29235.12,Success
PAY0004670,ORD004670,2024-04-04,Net Banking,8235.8,Success
PAY0004671,ORD004671,2023-03-01,Credit Card,5481.2,Success
PAY0004672,ORD004672,2023-06-17,UPI,4590.52,Success
PAY0004673,ORD004673,2023-04-26,Wallet,10115.71,Success
PAY0004674,ORD004674,2024-06-28,UPI,25518.33,Success
PAY0004675,ORD004675,2024-10-05,Debit Card,39522.41,Success
PAY0004676,ORD004676,2024-10-30,Credit Card,32012.67,Success
PAY0004677,ORD004677,2024-05-06,Debit Card,16680.42,Success
PAY0004678,ORD004678,2024-04-27,Wallet,11521.52,Failed
PAY0004679,ORD004679,2023-04-01,Cash on Delivery,21135.79,Success
PAY0004680,ORD004680,2024-09-29,Cash on Delivery,5518.05,Success
PAY0004681,ORD004681,2024-05-19,UPI,15117.68,Success
PAY0004682,ORD004682,2024-11-17,Credit Card,13052.85,Success
PAY0004683,ORD004683,2023-10-06,Net Banking,15213.09,Success
PAY0004684,ORD004684,2024-08-02,Wallet,1891.88,Success
PAY0004685,ORD004685,2024-04-26,Net Banking,34246.25,Success
PAY0004686,ORD004686,2024-08-10,Credit Card,2802.3999999999996,Success
PAY0004687,ORD004687,2024-08-19,Cash on Delivery,12451.599999999999,Success
PAY0004688,ORD004688,2023-01-27,Wallet,18096.46,Success
PAY0004689,ORD004689,2024-04-22,Net Banking,7671.9,Success
PAY0004690,ORD004690,2023-10-22,UPI,26539.34,Success
PAY0004691,ORD004691,2024-03-18,Wallet,11458.61,Success
PAY0004692,ORD004692,2023-10-13,Wallet,3559.67,Success
PAY0004693,ORD004693,2023-04-26,UPI,1789.22,Success
PAY0004694,ORD004694,2023-06-27,Wallet,10670.79,Success
PAY0004695,ORD004695,2023-12-26,Net Banking,9618.259999999998,Refunded
PAY0004696,ORD004696,2023-08-05,Cash on Delivery,32961.14,Success
PAY0004697,ORD004697,2023-11-14,UPI,31975.440000000002,Success
PAY0004698,ORD004698,2023-11-03,UPI,18653.620000000003,Success
PAY0004699,ORD004699,2023-10-16,Debit Card,621.23,Success
PAY0004700,ORD004700,2024-10-18,Debit Card,8182.59,Success
PAY0004701,ORD004701,2023-11-07,UPI,4715.7,Success
PAY0004702,ORD004702,2024-07-21,UPI,23959.690000000002,Success
PAY0004703,ORD004703,2023-12-25,Debit Card,16250.28,Success
PAY0004704,ORD004704,2024-08-02,Cash on Delivery,10807.84,Success
PAY0004705,ORD004705,2024-10-25,Credit Card,405.13,Success
PAY0004706,ORD004706,2024-07-25,Credit Card,432.92,Success
PAY0004707,ORD004707,2023-06-13,Credit Card,1451.31,Success
PAY0004708,ORD004708,2023-11-10,Cash on Delivery,11874.77,Success
PAY0004709,ORD004709,2023-07-04,Cash on Delivery,5515.62,Success
PAY0004710,ORD004710,2024-08-15,Debit Card,1516.26,Success
PAY0004711,ORD004711,2023-12-28,Net Banking,21434.579999999998,Success
PAY0004712,ORD004712,2024-11-23,Net Banking,6915.22,Success
PAY0004713,ORD004713,2024-04-17,Cash on Delivery,11036.1,Success
PAY0004714,ORD004714,2024-08-08,Net Banking,2576.9,Success
PAY0004715,ORD004715,2024-03-22,UPI,7201.82,Success
PAY0004716,ORD004716,2024-01-30,Net Banking,6228.360000000001,Success
PAY0004717,ORD004717,2024-09-03,UPI,11549.43,Success
PAY0004718,ORD004718,2023-04-14,Debit Card,16514.46,Success
PAY0004719,ORD004719,2023-01-20,Cash on Delivery,5051.08,Failed
PAY0004720,ORD004720,2024-08-06,Debit Card,34493.990000000005,Success
PAY0004721,ORD004721,2024-04-12,UPI,43741.84,Success
PAY0004722,ORD004722,2024-09-30,Net Banking,25674.46,Success
PAY0004723,ORD004723,2024-01-17,Cash on Delivery,15966.04,Success
PAY0004724,ORD004724,2024-06-10,Net Banking,488.42,Success
PAY0004725,ORD004725,2024-05-03,Wallet,4559.98,Success
PAY0004726,ORD004726,2023-10-10,Debit Card,35095.37,Success
PAY0004727,ORD004727,2024-05-28,Cash on Delivery,16570.38,Success
PAY0004728,ORD004728,2023-08-08,Net Banking,24198.34,Success
PAY0004729,ORD004729,2023-03-27,Cash on Delivery,40787.600000000006,Success
PAY0004730,ORD004730,2023-03-23,UPI,26510.440000000002,Success
PAY0004731,ORD004731,2023-01-19,Wallet,27074.769999999997,Refunded
PAY0004732,ORD004732,2024-03-14,Wallet,13439.45,Failed
PAY0004733,ORD004733,2023-09-14,Net Banking,9425.24,Failed
PAY0004734,ORD004734,2024-07-26,Credit Card,1195.14,Success
PAY0004735,ORD004735,2023-03-29,Credit Card,37741.17,Success
PAY0004736,ORD004736,2024-09-17,Debit Card,18232.83,Success
PAY0004737,ORD004737,2023-10-08,Net Banking,16446.07,Success
PAY0004738,ORD004738,2023-09-20,Wallet,5358.09,Success
PAY0004739,ORD004739,2023-12-26,Wallet,19500.15,Success
PAY0004740,ORD004740,2024-02-03,Net Banking,1242.21,Success
PAY0004741,ORD004741,2024-05-18,Wallet,19703.01,Success
PAY0004742,ORD004742,2023-04-24,Cash on Delivery,6703.5599999999995,Success
PAY0004743,ORD004743,2023-02-28,Wallet,15676.789999999999,Success
PAY0004744,ORD004744,2023-12-30,Credit Card,17952.27,Pending
PAY0004745,ORD004745,2024-01-29,UPI,15117.65,Pending
PAY0004746,ORD004746,2023-11-06,Net Banking,60426.57000000001,Success
PAY0004747,ORD004747,2024-02-20,Cash on Delivery,24859.739999999998,Refunded
PAY0004748,ORD004748,2023-03-11,UPI,34206.33,Failed
PAY0004749,ORD004749,2024-02-27,Debit Card,15107.86,Success
PAY0004750,ORD004750,2023-03-06,Debit Card,3837.89,Success
PAY0004751,ORD004751,2024-04-01,Cash on Delivery,7087.94,Pending
PAY0004752,ORD004752,2024-03-16,UPI,8414.27,Success
PAY0004753,ORD004753,2023-06-08,UPI,25410.920000000002,Success
PAY0004754,ORD004754,2023-04-21,Net Banking,5201.92,Success
PAY0004755,ORD004755,2023-11-30,Cash on Delivery,12683.0,Success
PAY0004756,ORD004756,2023-12-26,Net Banking,18272.14,Refunded
PAY0004757,ORD004757,2024-04-30,UPI,35735.14,Success
PAY0004758,ORD004758,2024-03-26,Wallet,5694.29,Success
PAY0004759,ORD004759,2024-03-16,Wallet,16033.96,Success
PAY0004760,ORD004760,2024-07-22,Credit Card,27664.78,Success
PAY0004761,ORD004761,2023-06-06,Debit Card,30582.91,Pending
PAY0004762,ORD004762,2024-07-01,Credit Card,16547.1,Success
PAY0004763,ORD004763,2024-06-21,Cash on Delivery,6559.01,Success
PAY0004764,ORD004764,2024-08-23,Net Banking,33980.43,Success
PAY0004765,ORD004765,2024-08-29,Debit Card,8031.08,Success
PAY0004766,ORD004766,2023-12-17,Wallet,20670.43,Success
PAY0004767,ORD004767,2023-01-18,Net Banking,1451.31,Success
PAY0004768,ORD004768,2023-03-15,Credit Card,19656.11,Pending
PAY0004769,ORD004769,2023-09-07,Net Banking,14814.16,Success
PAY0004770,ORD004770,2024-10-02,Wallet,515.52,Success
PAY0004771,ORD004771,2024-03-25,Cash on Delivery,862.91,Success
PAY0004772,ORD004772,2024-07-08,Net Banking,16896.53,Success
PAY0004773,ORD004773,2023-05-18,Net Banking,4014.87,Success
PAY0004774,ORD004774,2023-03-05,Wallet,3482.15,Success
PAY0004775,ORD004775,2023-01-24,Net Banking,10345.57,Success
PAY0004776,ORD004776,2023-07-29,Net Banking,4477.98,Refunded
PAY0004777,ORD004777,2024-10-13,Net Banking,16178.750000000002,Pending
PAY0004778,ORD004778,2024-03-25,Credit Card,2622.81,Success
PAY0004779,ORD004779,2024-08-02,Wallet,11494.25,Success
PAY0004780,ORD004780,2024-10-29,Debit Card,33913.88,Success
PAY0004781,ORD004781,2023-02-10,UPI,22297.46,Success
PAY0004782,ORD004782,2023-01-06,Net Banking,10555.529999999999,Success
PAY0004783,ORD004783,2024-07-21,UPI,13008.06,Success
PAY0004784,ORD004784,2024-08-16,Credit Card,26311.78,Success
PAY0004785,ORD004785,2023-01-06,Credit Card,28119.48,Success
PAY0004786,ORD004786,2024-09-30,UPI,6218.13,Success
PAY0004787,ORD004787,2024-06-07,Net Banking,15626.11,Success
PAY0004788,ORD004788,2023-06-14,Net Banking,1002.4000000000001,Success
PAY0004789,ORD004789,2023-08-18,Net Banking,11124.19,Success
PAY0004790,ORD004790,2023-11-25,Debit Card,2803.77,Success
PAY0004791,ORD004791,2024-04-25,Debit Card,2043.03,Success
PAY0004792,ORD004792,2023-01-14,UPI,6787.139999999999,Success
PAY0004793,ORD004793,2024-10-14,UPI,26189.09,Success
PAY0004794,ORD004794,2023-04-15,UPI,5066.02,Success
PAY0004795,ORD004795,2023-10-11,Credit Card,5338.8,Success
PAY0004796,ORD004796,2023-08-11,Debit Card,13118.02,Success
PAY0004797,ORD004797,2024-07-31,Cash on Delivery,17170.53,Success
PAY0004798,ORD004798,2023-07-28,Net Banking,3763.45,Success
PAY0004799,ORD004799,2024-09-11,Cash on Delivery,5910.44,Refunded
PAY0004800,ORD004800,2024-03-25,Cash on Delivery,35976.9,Failed
PAY0004801,ORD004801,2023-11-03,UPI,19822.39,Success
PAY0004802,ORD004802,2024-08-05,Net Banking,10508.19,Success
PAY0004803,ORD004803,2023-08-04,Wallet,1688.31,Success
PAY0004804,ORD004804,2023-11-20,Wallet,2533.01,Success
PAY0004805,ORD004805,2023-05-02,Wallet,2500.46,Success
PAY0004806,ORD004806,2024-01-28,UPI,14460.64,Success
PAY0004807,ORD004807,2024-08-16,Credit Card,11521.52,Pending
PAY0004808,ORD004808,2023-05-13,Wallet,13018.8,Success
PAY0004809,ORD004809,2024-06-22,Net Banking,6326.27,Success
PAY0004810,ORD004810,2023-12-01,Wallet,1449.19,Success
PAY0004811,ORD004811,2023-01-07,Wallet,24175.85,Success
PAY0004812,ORD004812,2024-03-17,Debit Card,21886.04,Success
PAY0004813,ORD004813,2023-06-15,Wallet,4811.58,Success
PAY0004814,ORD004814,2023-07-30,Debit Card,895.09,Success
PAY0004815,ORD004815,2024-06-27,UPI,8536.54,Success
PAY0004816,ORD004816,2024-07-31,UPI,458.79,Success
PAY0004817,ORD004817,2024-05-28,Cash on Delivery,12580.189999999999,Success
PAY0004818,ORD004818,2023-04-18,Wallet,4462.44,Pending
PAY0004819,ORD004819,2023-07-15,UPI,65866.83,Failed
PAY0004820,ORD004820,2024-03-09,Debit Card,3777.4900000000002,Success
PAY0004821,ORD004821,2024-06-01,Wallet,26152.29,Success
PAY0004822,ORD004822,2023-06-18,Wallet,32210.02,Refunded
PAY0004823,ORD004823,2024-03-09,UPI,922.74,Success
PAY0004824,ORD004824,2023-04-16,Net Banking,9608.14,Pending
PAY0004825,ORD004825,2023-08-14,Debit Card,28035.800000000003,Success
PAY0004826,ORD004826,2024-09-25,Net Banking,22332.71,Success
PAY0004827,ORD004827,2024-07-19,Net Banking,17096.21,Refunded
PAY0004828,ORD004828,2023-07-17,Net Banking,9346.82,Success
PAY0004829,ORD004829,2024-10-14,UPI,6329.94,Failed
PAY0004830,ORD004830,2023-02-02,Net Banking,9881.26,Success
PAY0004831,ORD004831,2024-08-17,Wallet,4228.51,Success
PAY0004832,ORD004832,2023-01-11,Wallet,12751.29,Success
PAY0004833,ORD004833,2023-09-07,Debit Card,18849.48,Failed
PAY0004834,ORD004834,2024-05-26,Cash on Delivery,2504.54,Success
PAY0004835,ORD004835,2024-05-14,Credit Card,1089.97,Success
PAY0004836,ORD004836,2023-10-21,Net Banking,53350.0,Success
PAY0004837,ORD004837,2024-02-03,Debit Card,19790.4,Success
PAY0004838,ORD004838,2023-09-12,Debit Card,34703.4,Success
PAY0004839,ORD004839,2023-12-29,UPI,5788.42,Success
PAY0004840,ORD004840,2023-01-15,Wallet,7924.82,Success
PAY0004841,ORD004841,2023-04-28,Debit Card,16829.0,Success
PAY0004842,ORD004842,2024-09-08,Credit Card,46299.10999999999,Refunded
PAY0004843,ORD004843,2023-11-21,UPI,2602.67,Success
PAY0004844,ORD004844,2024-03-10,Cash on Delivery,2762.98,Success
PAY0004845,ORD004845,2023-06-16,Net Banking,6198.05,Success
PAY0004846,ORD004846,2023-04-15,Net Banking,38043.600000000006,Success
PAY0004847,ORD004847,2024-07-24,Cash on Delivery,19331.46,Success
PAY0004848,ORD004848,2024-07-05,Debit Card,16671.86,Success
PAY0004849,ORD004849,2024-03-09,Debit Card,7972.8,Success
PAY0004850,ORD004850,2023-04-02,Credit Card,3400.83,Success
PAY0004851,ORD004851,2023-02-24,Wallet,11875.44,Success
PAY0004852,ORD004852,2024-08-17,Cash on Delivery,23555.879999999997,Success
PAY0004853,ORD004853,2023-02-02,Debit Card,14803.099999999999,Success
PAY0004854,ORD004854,2024-10-13,Debit Card,7103.23,Success
PAY0004855,ORD004855,2024-08-05,Debit Card,21495.52,Success
PAY0004856,ORD004856,2024-01-02,UPI,24605.09,Success
PAY0004857,ORD004857,2023-02-12,Credit Card,7259.53,Success
PAY0004858,ORD004858,2023-05-14,Net Banking,5054.13,Success
PAY0004859,ORD004859,2024-10-25,Net Banking,21062.629999999997,Success
PAY0004860,ORD004860,2024-08-08,Credit Card,13395.470000000001,Pending
PAY0004861,ORD004861,2023-06-11,Net Banking,17212.07,Success
PAY0004862,ORD004862,2024-08-09,Net Banking,5910.44,Refunded
PAY0004863,ORD004863,2023-03-12,UPI,7201.82,Success
PAY0004864,ORD004864,2023-01-03,Debit Card,33063.81,Success
PAY0004865,ORD004865,2024-04-17,Net Banking,29853.08,Success
PAY0004866,ORD004866,2023-12-15,Cash on Delivery,498.3,Refunded
PAY0004867,ORD004867,2023-10-20,UPI,7304.74,Refunded
PAY0004868,ORD004868,2023-06-12,Debit Card,12540.720000000001,Success
PAY0004869,ORD004869,2024-07-05,Credit Card,13316.41,Pending
PAY0004870,ORD004870,2023-11-23,Net Banking,953.24,Success
PAY0004871,ORD004871,2023-06-20,Wallet,12645.42,Success
PAY0004872,ORD004872,2024-02-15,UPI,32033.52,Success
PAY0004873,ORD004873,2024-09-12,Credit Card,5382.95,Success
PAY0004874,ORD004874,2023-08-22,Credit Card,52583.87,Pending
PAY0004875,ORD004875,2024-03-16,Cash on Delivery,16659.940000000002,Success
PAY0004876,ORD004876,2023-11-02,Credit Card,4549.33,Success
PAY0004877,ORD004877,2023-10-09,Debit Card,12543.57,Success
PAY0004878,ORD004878,2023-04-16,Net Banking,8817.4,Success
PAY0004879,ORD004879,2023-01-25,Debit Card,27738.54,Success
PAY0004880,ORD004880,2024-06-07,Debit Card,9420.21,Success
PAY0004881,ORD004881,2023-05-06,Cash on Delivery,42042.9,Success
PAY0004882,ORD004882,2024-04-27,UPI,5446.6,Success
PAY0004883,ORD004883,2023-01-02,Credit Card,1360.33,Success
PAY0004884,ORD004884,2023-09-25,UPI,15601.98,Success
PAY0004885,ORD004885,2024-10-28,Cash on Delivery,9778.14,Success
PAY0004886,ORD004886,2023-01-29,Credit Card,22316.28,Success
PAY0004887,ORD004887,2024-08-28,UPI,11837.800000000001,Success
PAY0004888,ORD004888,2024-11-04,Credit Card,20694.69,Success
PAY0004889,ORD004889,2023-05-07,Net Banking,23085.53,Success
PAY0004890,ORD004890,2024-02-07,Credit Card,28685.889999999996,Success
PAY0004891,ORD004891,2023-09-26,Wallet,9521.28,Success
PAY0004892,ORD004892,2024-10-15,UPI,17831.8,Failed
PAY0004893,ORD004893,2023-01-27,Net Banking,477.27,Success
PAY0004894,ORD004894,2024-01-31,Credit Card,19823.87,Refunded
PAY0004895,ORD004895,2023-05-15,Net Banking,8248.470000000001,Success
PAY0004896,ORD004896,2024-06-21,Cash on Delivery,5799.72,Success
PAY0004897,ORD004897,2024-03-29,Net Banking,2837.82,Success
PAY0004898,ORD004898,2024-09-27,UPI,10725.29,Failed
PAY0004899,ORD004899,2024-06-18,Wallet,15092.08,Success
PAY0004900,ORD004900,2024-07-13,Credit Card,19258.89,Success
PAY0004901,ORD004901,2023-06-09,Net Banking,22567.699999999997,Success
PAY0004902,ORD004902,2024-03-08,Wallet,32326.22,Success
PAY0004903,ORD004903,2024-05-08,Net Banking,30728.54,Success
PAY0004904,ORD004904,2024-01-06,UPI,29184.54,Success
PAY0004905,ORD004905,2024-08-11,Net Banking,4590.52,Success
PAY0004906,ORD004906,2023-12-06,UPI,2678.2,Success
PAY0004907,ORD004907,2024-04-21,Cash on Delivery,248.15,Success
PAY0004908,ORD004908,2023-02-15,Net Banking,3816.19,Refunded
PAY0004909,ORD004909,2024-01-03,Cash on Delivery,12002.14,Success
PAY0004910,ORD004910,2023-05-06,Cash on Delivery,2218.24,Success
PAY0004911,ORD004911,2024-10-28,Credit Card,3307.17,Success
PAY0004912,ORD004912,2024-05-23,Wallet,31709.83,Success
PAY0004913,ORD004913,2024-10-12,Wallet,7394.969999999999,Success
PAY0004914,ORD004914,2023-07-14,Wallet,12575.8,Success
PAY0004915,ORD004915,2023-04-02,Wallet,12369.85,Success
PAY0004916,ORD004916,2024-05-19,Credit Card,4207.25,Success
PAY0004917,ORD004917,2023-11-17,Debit Card,19491.9,Success
PAY0004918,ORD004918,2024-09-02,UPI,1069.74,Failed
PAY0004919,ORD004919,2024-11-01,Cash on Delivery,15283.34,Success
PAY0004920,ORD004920,2024-08-12,Wallet,7622.23,Success
PAY0004921,ORD004921,2024-04-09,UPI,11379.41,Success
PAY0004922,ORD004922,2023-03-02,Credit Card,37918.17999999999,Success
PAY0004923,ORD004923,2023-02-01,Wallet,3506.84,Success
PAY0004924,ORD004924,2024-05-03,UPI,5723.51,Success
PAY0004925,ORD004925,2024-03-16,UPI,28053.57,Success
PAY0004926,ORD004926,2023-01-11,UPI,7110.6,Success
PAY0004927,ORD004927,2023-01-02,Wallet,14259.6,Success
PAY0004928,ORD004928,2023-12-17,UPI,5127.08,Success
PAY0004929,ORD004929,2024-01-08,UPI,11567.83,Success
PAY0004930,ORD004930,2024-05-09,Cash on Delivery,24032.99,Success
PAY0004931,ORD004931,2023-11-29,Net Banking,1065.44,Pending
PAY0004932,ORD004932,2024-09-21,Debit Card,35349.770000000004,Refunded
PAY0004933,ORD004933,2023-11-18,Credit Card,25495.43,Success
PAY0004934,ORD004934,2023-12-11,UPI,28700.829999999998,Pending
PAY0004935,ORD004935,2023-06-20,Cash on Delivery,20994.32,Success
PAY0004936,ORD004936,2024-10-14,UPI,3944.29,Success
PAY0004937,ORD004937,2023-04-28,Debit Card,20602.38,Success
PAY0004938,ORD004938,2024-09-12,UPI,14181.779999999999,Success
PAY0004939,ORD004939,2023-10-05,Debit Card,2525.54,Success
PAY0004940,ORD004940,2024-03-30,Cash on Delivery,9032.92,Success
PAY0004941,ORD004941,2024-03-30,Net Banking,30094.75,Success
PAY0004942,ORD004942,2023-10-06,Net Banking,10802.22,Failed
PAY0004943,ORD004943,2023-08-15,Debit Card,17503.04,Success
PAY0004944,ORD004944,2024-04-11,Credit Card,246.43,Success
PAY0004945,ORD004945,2024-04-11,Debit Card,16312.35,Pending
PAY0004946,ORD004946,2023-07-02,UPI,4257.95,Success
PAY0004947,ORD004947,2023-02-07,Wallet,1657.41,Success
PAY0004948,ORD004948,2024-08-29,Debit Card,15062.3,Success
PAY0004949,ORD004949,2024-01-29,Cash on Delivery,1222.58,Success
PAY0004950,ORD004950,2024-04-02,Credit Card,24451.39,Pending
PAY0004951,ORD004951,2023-07-07,UPI,27408.21,Success
PAY0004952,ORD004952,2024-10-21,Cash on Delivery,7489.29,Success
PAY0004953,ORD004953,2024-11-12,Credit Card,7632.38,Success
PAY0004954,ORD004954,2024-04-26,Credit Card,18081.9,Success
PAY0004955,ORD004955,2023-03-07,Net Banking,26651.8,Success
PAY0004956,ORD004956,2023-01-24,Debit Card,21174.350000000002,Success
PAY0004957,ORD004957,2023-10-17,Credit Card,22233.83,Success
PAY0004958,ORD004958,2023-12-04,Cash on Delivery,52186.55,Success
PAY0004959,ORD004959,2024-07-27,Net Banking,24599.44,Success
PAY0004960,ORD004960,2023-06-14,UPI,21513.89,Success
PAY0004961,ORD004961,2024-11-26,Net Banking,2259.53,Refunded
PAY0004962,ORD004962,2023-11-15,UPI,9552.76,Success
PAY0004963,ORD004963,2023-04-09,UPI,2065.16,Success
PAY0004964,ORD004964,2023-06-17,Debit Card,3033.5,Refunded
PAY0004965,ORD004965,2023-12-17,Wallet,17975.4,Pending
PAY0004966,ORD004966,2023-09-20,Net Banking,55216.36,Success
PAY0004967,ORD004967,2024-05-13,Credit Card,2984.72,Success
PAY0004968,ORD004968,2024-01-12,Wallet,10765.94,Success
PAY0004969,ORD004969,2024-09-15,Net Banking,48858.36,Success
PAY0004970,ORD004970,2024-03-06,Cash on Delivery,27101.19,Success
PAY0004971,ORD004971,2023-08-08,Debit Card,24714.48,Success
PAY0004972,ORD004972,2024-02-21,UPI,46846.16,Success
PAY0004973,ORD004973,2024-05-15,Debit Card,6680.83,Success
PAY0004974,ORD004974,2024-03-10,Credit Card,6945.86,Success
PAY0004975,ORD004975,2023-09-30,Wallet,26848.8,Success
PAY0004976,ORD004976,2023-05-02,UPI,18654.54,Success
PAY0004977,ORD004977,2023-04-15,Credit Card,5941.63,Success
PAY0004978,ORD004978,2024-01-14,Debit Card,20839.73,Success
PAY0004979,ORD004979,2023-08-11,Net Banking,9170.43,Success
PAY0004980,ORD004980,2023-06-05,Credit Card,604.74,Success
PAY0004981,ORD004981,2023-08-01,UPI,11438.8,Success
PAY0004982,ORD004982,2023-12-02,Debit Card,26070.83,Success
PAY0004983,ORD004983,2024-01-21,Debit Card,16369.099999999999,Success
PAY0004984,ORD004984,2024-06-22,Net Banking,10018.59,Failed
PAY0004985,ORD004985,2024-05-03,Credit Card,17170.53,Success
PAY0004986,ORD004986,2024-06-18,Net Banking,32439.200000000004,Success
PAY0004987,ORD004987,2023-06-11,Wallet,2234.77,Success
PAY0004988,ORD004988,2024-06-22,Credit Card,46250.25,Success
PAY0004989,ORD004989,2023-05-28,Debit Card,3002.04,Success
PAY0004990,ORD004990,2024-01-21,Wallet,19978.8,Success
PAY0004991,ORD004991,2023-01-29,Cash on Delivery,5163.4,Success
PAY0004992,ORD004992,2024-04-01,UPI,23926.0,Success
PAY0004993,ORD004993,2023-08-06,Net Banking,30268.359999999997,Success
PAY0004994,ORD004994,2024-04-29,Debit Card,-4911.499999999999,Pending
PAY0004995,ORD004995,2024-06-04,Credit Card,7554.56,Refunded
PAY0004996,ORD004996,2023-06-06,Wallet,3140.64,Success
PAY0004997,ORD004997,2024-04-09,UPI,17405.239999999998,Success
PAY0004998,ORD004998,2023-10-06,Wallet,33378.28,Success
PAY0004999,ORD004999,2023-06-09,Credit Card,1718.05,Success
PAY0005000,ORD005000,2023-10-18,Debit Card,27053.07,Success
