order_id,customer_id,order_date,region_id,status,shipping_address
ORD000001,CUST00933,2024-04-04,7,Pending,"Address 297, City 16"
ORD000002,CUST00752,2023-05-18,3,Returned,"Address 960, City 17"
ORD000003,CUST00156,2023-03-27,1,Delivered,"Address 465, City 13"
ORD000004,CUST00450,2023-11-25,3,Returned,"Address 792, City 4"
ORD000005,CUST00305,2023-08-26,8,Returned,"Address 538, City 19"
ORD000006,CUST00865,2024-06-04,7,Cancelled,"Address 183, City 5"
ORD000007,CUST00834,2023-02-12,4,Delivered,"Address 631, City 11"
ORD000008,CUST00356,2023-04-12,5,Delivered,"Address 450, City 8"
ORD000009,CUST00296,2023-06-23,5,Completed,"Address 683, City 9"
ORD000010,CUST00099,2023-05-25,4,Returned,"Address 29, City 20"
ORD000011,CUST00983,2024-02-10,9,Shipped,"Address 853, City 1"
ORD000012,CUST00209,2024-01-14,5,Returned,"Address 456, City 17"
ORD000013,CUST00851,2023-05-10,8,Completed,"Address 942, City 4"
ORD000014,CUST00911,2024-03-31,7,Completed,"Address 286, City 4"
ORD000015,CUST00823,2023-12-29,2,Shipped,"Address 335, City 6"
ORD000016,CUST00344,2024-06-03,5,Pending,"Address 796, City 3"
ORD000017,CUST00914,2023-11-19,1,Pending,"Address 326, City 7"
ORD000018,CUST00677,2025-07-25,1,Pending,"Address 141, City 19"
ORD000019,CUST00894,2024-01-21,4,Delivered,"Address 497, City 6"
ORD000020,CUST00290,2024-05-23,3,Completed,"Address 878, City 7"
ORD000021,CUST00445,2023-01-04,2,Returned,"Address 183, City 2"
ORD000022,CUST00705,2024-03-04,5,Pending,"Address 654, City 12"
ORD000023,CUST00544,2024-05-10,3,Shipped,"Address 685, City 16"
ORD000024,CUST00816,2024-05-16,7,Returned,"Address 99, City 8"
ORD000025,CUST00987,2023-04-26,5,Cancelled,"Address 679, City 14"
ORD000026,CUST00181,2023-04-29,8,Pending,"Address 714, City 13"
ORD000027,CUST00793,2023-05-12,8,Cancelled,"Address 704, City 8"
ORD000028,CUST00298,2023-01-30,5,Cancelled,"Address 791, City 11"
ORD000029,CUST00692,2023-09-25,6,Cancelled,"Address 267, City 2"
ORD000030,CUST00498,2023-10-02,4,Completed,"Address 420, City 8"
ORD000031,CUST00897,2024-08-09,3,Pending,"Address 992, City 20"
ORD000032,CUST00338,2024-09-17,3,Completed,"Address 22, City 13"
ORD000033,CUST00800,2023-04-03,6,Returned,"Address 51, City 17"
ORD000034,CUST00371,2023-08-04,9,Shipped,"Address 406, City 8"
ORD000035,CUST00821,2023-10-25,3,Delivered,"Address 567, City 8"
ORD000036,CUST00037,2023-01-14,1,Returned,"Address 408, City 16"
ORD000037,CUST00161,2023-02-13,5,Shipped,"Address 705, City 8"
ORD000038,CUST00279,2023-02-04,2,Cancelled,"Address 135, City 9"
ORD000039,CUST00079,2023-03-28,2,Pending,"Address 426, City 1"
ORD000040,CUST00761,2023-01-16,9,Shipped,"Address 603, City 13"
ORD000041,CUST00852,2023-07-18,10,Delivered,"Address 762, City 1"
ORD000042,CUST00281,2023-11-06,8,Delivered,"Address 591, City 16"
ORD000043,CUST00299,2024-01-21,7,Cancelled,"Address 495, City 10"
ORD000044,CUST00519,2024-06-30,4,Cancelled,"Address 975, City 12"
ORD000045,CUST00732,2024-07-13,2,Returned,"Address 407, City 8"
ORD000046,CUST00379,2024-04-02,8,Pending,"Address 148, City 3"
ORD000047,CUST00575,2023-04-08,3,Cancelled,"Address 86, City 5"
ORD000048,CUST00632,2024-02-17,8,Returned,"Address 61, City 16"
ORD000049,CUST00422,2023-09-16,5,Shipped,"Address 706, City 19"
ORD000050,CUST00417,2024-09-05,1,Shipped,"Address 814, City 16"
ORD000051,CUST00512,2024-07-12,6,Shipped,"Address 726, City 16"
ORD000052,CUST00569,2024-06-10,2,Cancelled,"Address 385, City 5"
ORD000053,CUST00166,2023-01-14,9,Shipped,"Address 891, City 4"
ORD000054,CUST00907,2023-02-09,7,Pending,"Address 499, City 5"
ORD000055,CUST00429,2024-07-14,7,,"Address 302, City 9"
ORD000056,CUST00331,2024-06-19,10,Returned,"Address 145, City 10"
ORD000057,CUST00702,2024-06-19,4,Pending,"Address 620, City 9"
ORD000058,CUST00474,2024-04-28,4,Pending,"Address 873, City 5"
ORD000059,CUST00537,2023-06-18,8,,"Address 154, City 16"
ORD000060,CUST00006,2023-03-10,5,Shipped,"Address 551, City 15"
ORD000061,CUST00097,2023-12-05,1,Returned,"Address 359, City 18"
ORD000062,CUST00354,2023-08-20,1,Delivered,"Address 934, City 14"
ORD000063,CUST00747,2024-08-21,5,Cancelled,"Address 575, City 18"
ORD000064,CUST00676,2024-10-18,4,Shipped,"Address 222, City 9"
ORD000065,CUST00270,2023-07-02,10,Returned,"Address 785, City 13"
ORD000066,CUST00590,2023-12-05,10,Pending,"Address 685, City 16"
ORD000067,CUST00173,2023-08-03,1,Shipped,"Address 823, City 20"
ORD000068,CUST00147,2023-05-31,3,Completed,"Address 918, City 2"
ORD000069,CUST00524,2023-05-21,8,Cancelled,"Address 513, City 4"
ORD000070,CUST00574,2023-09-04,7,Cancelled,"Address 364, City 10"
ORD000071,CUST00325,2024-06-18,9,Returned,"Address 979, City 6"
ORD000072,CUST00854,2024-10-10,5,Cancelled,"Address 502, City 9"
ORD000073,CUST00572,2023-05-04,7,Shipped,"Address 375, City 15"
ORD000074,CUST00355,2024-11-17,7,Returned,"Address 943, City 7"
ORD000075,CUST00384,2024-01-27,3,Completed,"Address 370, City 17"
ORD000076,CUST00006,2023-07-19,10,Completed,"Address 938, City 9"
ORD000077,CUST00944,2024-05-29,1,Completed,"Address 658, City 16"
ORD000078,CUST00045,2024-02-12,5,Completed,"Address 844, City 1"
ORD000079,CUST00623,2024-04-27,8,Cancelled,"Address 664, City 18"
ORD000080,CUST00040,2023-04-17,6,Pending,"Address 754, City 6"
ORD000081,CUST00085,2023-05-15,7,Completed,"Address 653, City 2"
ORD000082,CUST00100,2023-11-18,9,Shipped,"Address 756, City 1"
ORD000083,CUST00858,2023-12-07,6,Shipped,"Address 601, City 12"
ORD000084,CUST00015,2024-06-12,7,Pending,"Address 67, City 7"
ORD000085,CUST00152,2024-05-28,5,Cancelled,"Address 624, City 7"
ORD000086,CUST00420,2024-06-01,3,Completed,"Address 575, City 12"
ORD000087,CUST00350,2023-05-01,8,Pending,"Address 953, City 15"
ORD000088,CUST00120,2023-04-01,2,Completed,"Address 606, City 1"
ORD000089,CUST00808,2023-06-23,1,Delivered,"Address 899, City 8"
ORD000090,CUST00858,2023-11-12,4,Pending,"Address 55, City 13"
ORD000091,CUST00183,2023-10-21,5,Delivered,"Address 856, City 7"
ORD000092,CUST00905,2023-10-07,4,Delivered,"Address 451, City 9"
ORD000093,CUST00502,2023-04-05,6,Delivered,"Address 536, City 15"
ORD000094,CUST00704,2024-10-08,3,Returned,"Address 551, City 19"
ORD000095,CUST00720,2023-08-04,7,Pending,"Address 213, City 11"
ORD000096,CUST00565,2024-05-30,5,Shipped,"Address 479, City 9"
ORD000097,CUST00945,2023-02-02,2,Pending,"Address 144, City 15"
ORD000098,CUST00331,2024-08-23,6,Pending,"Address 35, City 11"
ORD000099,CUST00645,2023-04-18,6,Completed,"Address 487, City 11"
ORD000100,CUST00664,2023-12-11,2,Delivered,"Address 479, City 18"
ORD000101,CUST00771,2023-07-10,1,Returned,"Address 590, City 14"
ORD000102,CUST00485,2024-02-13,4,Delivered,"Address 495, City 13"
ORD000103,CUST00042,2023-11-04,4,Returned,"Address 437, City 9"
ORD000104,CUST00411,2024-08-14,10,Returned,"Address 308, City 20"
ORD000105,CUST00204,2024-06-20,10,Shipped,"Address 808, City 2"
ORD000106,CUST00317,2023-04-03,3,Cancelled,"Address 472, City 1"
ORD000107,CUST00152,2024-11-05,4,Delivered,"Address 190, City 8"
ORD000108,CUST00448,2023-07-28,2,Shipped,"Address 866, City 12"
ORD000109,CUST00489,2023-01-06,3,Cancelled,"Address 404, City 7"
ORD000110,CUST00685,2024-04-28,7,Pending,"Address 939, City 4"
ORD000111,CUST00132,2024-02-01,6,Shipped,"Address 335, City 10"
ORD000112,CUST00748,2024-11-21,7,Returned,"Address 501, City 19"
ORD000113,CUST00228,2023-01-28,10,Shipped,"Address 349, City 17"
ORD000114,CUST00626,2023-01-02,10,Completed,"Address 142, City 16"
ORD000115,CUST00046,2023-07-12,4,Completed,"Address 670, City 6"
ORD000116,CUST00155,2024-03-11,5,Pending,"Address 36, City 9"
ORD000117,CUST00184,2024-03-07,3,Returned,"Address 477, City 3"
ORD000118,CUST00703,2023-12-21,2,Cancelled,"Address 13, City 6"
ORD000119,CUST00132,2023-11-23,10,Pending,"Address 498, City 13"
ORD000120,CUST00790,2024-03-08,1,Delivered,"Address 119, City 20"
ORD000121,CUST00515,2024-04-06,6,Pending,"Address 548, City 12"
ORD000122,CUST00805,2023-04-25,3,Returned,"Address 892, City 3"
ORD000123,CUST00008,2023-06-03,6,Pending,"Address 203, City 17"
ORD000124,CUST00746,2024-09-21,8,Cancelled,"Address 125, City 16"
ORD000125,CUST00376,2024-04-16,1,Pending,"Address 436, City 11"
ORD000126,CUST00304,2024-11-22,1,Shipped,"Address 428, City 1"
ORD000127,CUST00333,2024-04-02,5,Returned,"Address 750, City 2"
ORD000128,CUST00757,2024-06-28,7,Completed,"Address 130, City 5"
ORD000129,CUST00506,2024-10-10,7,Delivered,"Address 706, City 20"
ORD000130,CUST00941,2023-09-07,9,Completed,"Address 382, City 2"
ORD000131,CUST00624,2023-05-31,2,Pending,"Address 950, City 10"
ORD000132,CUST00411,2024-03-08,1,Pending,"Address 669, City 3"
ORD000133,CUST00989,2024-03-19,2,Returned,"Address 311, City 20"
ORD000134,CUST00553,2024-06-10,4,Completed,"Address 485, City 7"
ORD000135,CUST00282,2024-03-23,3,Pending,"Address 409, City 6"
ORD000136,CUST00292,2024-11-25,5,,"Address 801, City 14"
ORD000137,CUST00133,2024-11-03,5,Returned,"Address 651, City 11"
ORD000138,CUST00227,2023-04-10,4,,"Address 66, City 20"
ORD000139,CUST00746,2023-10-22,10,Returned,"Address 610, City 11"
ORD000140,CUST00399,2024-07-08,8,Completed,"Address 328, City 12"
ORD000141,CUST00156,2024-03-31,8,Cancelled,"Address 715, City 6"
ORD000142,CUST00400,2024-11-20,5,Pending,"Address 991, City 3"
ORD000143,CUST00499,2024-10-08,9,Completed,"Address 543, City 12"
ORD000144,CUST00299,2023-11-08,6,Cancelled,"Address 640, City 19"
ORD000145,CUST00640,2023-06-20,6,Cancelled,"Address 24, City 10"
ORD000146,CUST00762,2024-07-23,8,Cancelled,"Address 135, City 13"
ORD000147,CUST00972,2024-09-13,2,Shipped,"Address 114, City 19"
ORD000148,CUST00183,2023-10-24,3,Pending,"Address 564, City 14"
ORD000149,CUST00770,2023-12-27,4,Returned,"Address 789, City 12"
ORD000150,CUST00109,2024-10-07,6,Returned,"Address 880, City 13"
ORD000151,CUST00775,2024-05-21,8,Cancelled,"Address 895, City 6"
ORD000152,CUST00296,2024-02-14,1,Delivered,"Address 672, City 6"
ORD000153,CUST00930,2024-11-30,2,Pending,"Address 429, City 14"
ORD000154,CUST00652,2023-07-13,1,Shipped,"Address 516, City 3"
ORD000155,CUST00585,2024-09-05,7,Delivered,"Address 171, City 19"
ORD000156,CUST00484,2024-10-02,2,Completed,"Address 905, City 13"
ORD000157,CUST00524,2024-07-19,4,Shipped,"Address 741, City 8"
ORD000158,CUST00484,2023-06-29,4,Delivered,"Address 32, City 7"
ORD000159,CUST00473,2024-08-14,8,Returned,"Address 248, City 6"
ORD000160,CUST00513,2024-04-17,2,Delivered,"Address 931, City 6"
ORD000161,CUST00474,2023-09-08,2,,"Address 694, City 14"
ORD000162,CUST00482,2024-06-16,7,Cancelled,"Address 905, City 18"
ORD000163,CUST00733,2023-05-04,10,Returned,"Address 450, City 16"
ORD000164,CUST00300,2023-03-03,7,Pending,"Address 373, City 13"
ORD000165,CUST00645,2024-06-07,8,Completed,"Address 868, City 9"
ORD000166,CUST00772,2024-08-16,2,Delivered,"Address 348, City 5"
ORD000167,CUST00815,2023-09-06,8,Completed,"Address 711, City 3"
ORD000168,CUST00921,2024-04-14,8,Delivered,"Address 706, City 15"
ORD000169,CUST00807,2023-12-05,8,Returned,"Address 37, City 5"
ORD000170,CUST00535,2023-06-01,5,Delivered,"Address 731, City 10"
ORD000171,CUST00968,2023-11-11,3,Delivered,"Address 451, City 10"
ORD000172,CUST00762,2023-06-08,3,Delivered,"Address 264, City 8"
ORD000173,CUST00872,2023-01-29,4,Shipped,"Address 266, City 12"
ORD000174,CUST00764,2024-06-04,9,Returned,"Address 996, City 12"
ORD000175,CUST00160,2024-10-21,10,Delivered,"Address 388, City 16"
ORD000176,CUST00174,2024-10-25,9,Cancelled,"Address 15, City 3"
ORD000177,CUST00231,2023-12-17,5,Shipped,"Address 797, City 4"
ORD000178,CUST00202,2024-10-27,6,Returned,"Address 929, City 1"
ORD000179,CUST00920,2024-06-20,4,Delivered,"Address 409, City 4"
ORD000180,CUST00520,2023-12-04,2,Returned,"Address 551, City 3"
ORD000181,CUST00458,2023-02-27,10,Shipped,"Address 758, City 6"
ORD000182,CUST00879,2024-10-28,4,Pending,"Address 42, City 20"
ORD000183,CUST00566,2023-09-30,5,Shipped,"Address 940, City 3"
ORD000184,CUST00536,2023-05-16,5,Shipped,"Address 780, City 19"
ORD000185,CUST00476,2024-05-03,2,Completed,"Address 650, City 3"
ORD000186,CUST00490,2023-07-21,2,Cancelled,"Address 556, City 19"
ORD000187,CUST00613,2023-08-09,8,Completed,"Address 882, City 4"
ORD000188,CUST00797,2024-03-29,4,Pending,"Address 468, City 1"
ORD000189,CUST00773,2023-09-15,7,Cancelled,"Address 337, City 17"
ORD000190,CUST00527,2024-05-09,5,Delivered,"Address 545, City 8"
ORD000191,CUST00282,2023-12-16,9,Pending,"Address 775, City 6"
ORD000192,CUST00007,2024-05-14,6,Returned,"Address 168, City 6"
ORD000193,CUST00779,2023-03-09,7,Completed,"Address 454, City 11"
ORD000194,CUST00704,2024-10-15,9,Shipped,"Address 782, City 8"
ORD000195,CUST00315,2023-08-07,9,Returned,"Address 702, City 10"
ORD000196,CUST00216,2024-09-16,10,Delivered,"Address 785, City 13"
ORD000197,CUST00873,2023-06-25,3,Shipped,"Address 529, City 16"
ORD000198,CUST00610,2024-10-31,7,Delivered,"Address 270, City 16"
ORD000199,CUST00380,2023-11-07,3,Pending,"Address 764, City 11"
ORD000200,CUST00316,2025-04-05,7,Cancelled,"Address 963, City 13"
ORD000201,CUST00992,2023-02-26,7,Shipped,"Address 786, City 9"
ORD000202,CUST00839,2023-01-20,4,Pending,"Address 853, City 12"
ORD000203,CUST00330,2023-01-25,7,Delivered,"Address 757, City 7"
ORD000204,CUST00633,2023-08-09,9,Delivered,"Address 249, City 6"
ORD000205,CUST00741,2023-11-30,8,Returned,"Address 995, City 2"
ORD000206,CUST00400,2024-11-06,8,Returned,"Address 61, City 4"
ORD000207,CUST00655,2023-02-27,6,Delivered,"Address 292, City 4"
ORD000208,CUST00138,2024-04-28,2,Pending,"Address 156, City 5"
ORD000209,CUST00307,2024-08-26,10,Completed,"Address 336, City 19"
ORD000210,CUST00782,2024-07-13,5,Delivered,"Address 144, City 3"
ORD000211,CUST00981,2023-11-18,6,Cancelled,"Address 220, City 6"
ORD000212,CUST00480,2023-11-25,4,Delivered,"Address 995, City 9"
ORD000213,CUST00619,2023-09-19,1,Pending,"Address 406, City 16"
ORD000214,CUST00852,2023-02-19,9,Returned,"Address 580, City 14"
ORD000215,CUST00983,2023-02-02,9,Delivered,"Address 504, City 10"
ORD000216,CUST00342,2024-08-11,2,Returned,"Address 572, City 4"
ORD000217,CUST00163,2024-06-28,9,Completed,"Address 480, City 20"
ORD000218,CUST00196,2024-10-27,2,Cancelled,"Address 477, City 15"
ORD000219,CUST00667,2023-06-05,6,Pending,"Address 465, City 17"
ORD000220,CUST00911,2025-03-18,1,Delivered,"Address 849, City 13"
ORD000221,CUST00009,2023-01-20,4,Shipped,"Address 229, City 19"
ORD000222,CUST00787,2024-11-21,6,Pending,"Address 789, City 19"
ORD000223,CUST00915,2023-12-30,10,Shipped,"Address 186, City 4"
ORD000224,CUST00547,2023-01-27,10,Completed,"Address 554, City 12"
ORD000225,CUST00336,2023-03-12,6,Pending,"Address 311, City 6"
ORD000226,CUST00278,2024-03-10,4,Shipped,"Address 28, City 5"
ORD000227,CUST00127,2024-03-26,7,Pending,"Address 214, City 13"
ORD000228,CUST00458,2023-02-20,8,Shipped,"Address 605, City 4"
ORD000229,CUST00993,2023-04-06,3,Returned,"Address 125, City 6"
ORD000230,CUST00124,2023-08-03,8,Delivered,"Address 325, City 14"
ORD000231,CUST00216,2023-07-15,2,Delivered,"Address 521, City 4"
ORD000232,CUST00017,2024-04-12,1,Cancelled,"Address 879, City 4"
ORD000233,CUST00370,2023-12-30,5,Cancelled,"Address 668, City 10"
ORD000234,CUST00719,2023-08-23,2,Cancelled,"Address 17, City 9"
ORD000235,CUST00919,2024-10-24,6,Shipped,"Address 10, City 5"
ORD000236,CUST00160,2024-06-15,3,Completed,"Address 822, City 7"
ORD000237,CUST00301,2024-11-07,6,Shipped,"Address 179, City 17"
ORD000238,CUST00760,2023-06-05,3,Completed,"Address 31, City 16"
ORD000239,CUST00314,2023-07-28,7,Delivered,"Address 30, City 1"
ORD000240,CUST00030,2023-12-06,8,Shipped,"Address 48, City 18"
ORD000241,CUST00781,2024-01-22,10,Shipped,"Address 16, City 12"
ORD000242,CUST00095,2023-08-17,7,Completed,"Address 476, City 14"
ORD000243,CUST00451,2025-07-03,3,Pending,"Address 488, City 16"
ORD000244,CUST00132,2023-09-21,6,Delivered,"Address 685, City 4"
ORD000245,CUST00505,2024-05-04,10,Shipped,"Address 825, City 5"
ORD000246,CUST00676,2023-08-19,2,Pending,"Address 909, City 20"
ORD000247,CUST00256,2023-04-18,4,Pending,"Address 337, City 15"
ORD000248,CUST00605,2024-11-15,9,Delivered,"Address 135, City 11"
ORD000249,CUST00384,2024-03-08,3,Completed,"Address 819, City 13"
ORD000250,CUST00050,2024-10-09,4,Completed,"Address 35, City 8"
ORD000251,CUST00407,2023-06-15,6,,"Address 879, City 12"
ORD000252,CUST00644,2023-07-12,10,Shipped,"Address 270, City 18"
ORD000253,CUST00121,2024-03-26,5,Returned,"Address 346, City 6"
ORD000254,CUST00350,2023-09-19,8,Cancelled,"Address 685, City 11"
ORD000255,CUST00270,2024-06-15,2,Cancelled,"Address 988, City 18"
ORD000256,CUST00097,2023-05-10,4,Completed,"Address 730, City 10"
ORD000257,CUST00895,2023-05-10,6,Cancelled,"Address 963, City 3"
ORD000258,CUST00187,2024-05-31,7,Returned,"Address 861, City 8"
ORD000259,CUST00204,2023-01-18,6,Shipped,"Address 544, City 17"
ORD000260,CUST00820,2023-02-18,9,Shipped,"Address 544, City 6"
ORD000261,CUST00163,2024-01-19,2,Pending,"Address 634, City 8"
ORD000262,CUST00554,2023-06-05,10,Shipped,"Address 983, City 13"
ORD000263,CUST00400,2023-10-31,9,Cancelled,"Address 140, City 10"
ORD000264,CUST00077,2023-01-01,5,Pending,"Address 946, City 20"
ORD000265,CUST00983,2024-08-31,2,Cancelled,"Address 493, City 6"
ORD000266,CUST00401,2023-09-06,3,Cancelled,"Address 255, City 12"
ORD000267,CUST00232,2023-03-14,5,Cancelled,"Address 758, City 19"
ORD000268,CUST00156,2024-11-19,4,Pending,"Address 336, City 1"
ORD000269,CUST00121,2024-10-14,9,Completed,"Address 613, City 16"
ORD000270,CUST00677,2023-08-26,8,Completed,"Address 625, City 15"
ORD000271,CUST00073,2023-06-07,6,Completed,"Address 913, City 9"
ORD000272,CUST00642,2023-04-26,8,Shipped,"Address 709, City 16"
ORD000273,CUST00231,2023-10-26,9,Pending,"Address 614, City 12"
ORD000274,CUST00891,2023-09-05,8,Cancelled,"Address 654, City 4"
ORD000275,CUST00863,2023-10-14,5,Pending,"Address 430, City 9"
ORD000276,CUST00086,2024-01-01,1,Cancelled,"Address 507, City 8"
ORD000277,CUST00445,2024-08-28,5,Pending,"Address 622, City 19"
ORD000278,CUST00622,2024-01-20,9,Pending,"Address 617, City 4"
ORD000279,CUST00859,2024-08-27,2,Completed,"Address 245, City 12"
ORD000280,CUST00689,2024-08-17,10,Cancelled,"Address 41, City 12"
ORD000281,CUST00808,2024-10-24,8,Returned,"Address 39, City 13"
ORD000282,CUST00763,2024-10-05,7,Completed,"Address 186, City 1"
ORD000283,CUST00969,2024-10-07,6,Cancelled,"Address 747, City 15"
ORD000284,CUST00368,2023-09-17,6,Shipped,"Address 803, City 2"
ORD000285,CUST00470,2023-11-29,5,Shipped,"Address 790, City 18"
ORD000286,CUST00330,2024-10-25,7,Shipped,"Address 878, City 3"
ORD000287,CUST00361,2023-12-08,10,Shipped,"Address 314, City 4"
ORD000288,CUST00655,2023-04-03,7,Cancelled,"Address 775, City 13"
ORD000289,CUST00272,2023-07-27,8,Cancelled,"Address 773, City 6"
ORD000290,CUST00331,2023-06-22,1,Returned,"Address 519, City 18"
ORD000291,CUST00775,2023-10-31,9,Cancelled,"Address 78, City 7"
ORD000292,CUST00093,2023-04-06,10,Pending,"Address 270, City 5"
ORD000293,CUST00546,2023-12-15,6,Cancelled,"Address 980, City 10"
ORD000294,CUST00584,2024-09-20,2,Shipped,"Address 42, City 8"
ORD000295,CUST00159,2024-07-15,5,Shipped,"Address 225, City 8"
ORD000296,CUST00451,2023-08-20,4,Delivered,"Address 22, City 20"
ORD000297,CUST00859,2024-05-09,8,Returned,"Address 197, City 14"
ORD000298,CUST00869,2023-07-10,9,Pending,"Address 924, City 13"
ORD000299,CUST00724,2023-09-25,6,Delivered,"Address 374, City 8"
ORD000300,CUST00554,2023-11-24,6,Pending,"Address 881, City 8"
ORD000301,CUST00593,2024-07-05,3,Returned,"Address 549, City 11"
ORD000302,CUST00827,2023-04-18,10,Delivered,"Address 661, City 18"
ORD000303,CUST00477,2023-08-18,5,Completed,"Address 449, City 16"
ORD000304,CUST00447,2024-08-28,2,Shipped,"Address 460, City 18"
ORD000305,CUST00059,2024-10-27,6,Pending,"Address 699, City 12"
ORD000306,CUST00978,2023-03-08,5,Pending,"Address 613, City 16"
ORD000307,CUST00722,2024-03-17,3,Shipped,"Address 318, City 18"
ORD000308,CUST00312,2024-11-21,6,Returned,"Address 148, City 18"
ORD000309,CUST00601,2024-11-28,6,Returned,"Address 773, City 12"
ORD000310,CUST00123,2024-08-24,2,Returned,"Address 166, City 7"
ORD000311,CUST00616,2023-09-12,3,Completed,"Address 507, City 4"
ORD000312,CUST00092,2023-12-06,2,Returned,"Address 702, City 13"
ORD000313,CUST00391,2024-02-22,8,Delivered,"Address 319, City 12"
ORD000314,CUST00725,2023-07-01,7,Cancelled,"Address 267, City 13"
ORD000315,CUST00233,2023-07-25,6,Pending,"Address 463, City 4"
ORD000316,CUST00264,2024-06-20,1,Completed,"Address 61, City 12"
ORD000317,CUST00173,2023-04-08,1,Returned,"Address 335, City 13"
ORD000318,CUST00029,2023-11-10,10,Completed,"Address 194, City 20"
ORD000319,CUST00187,2024-05-25,9,Delivered,"Address 700, City 5"
ORD000320,CUST00384,2024-09-06,10,Cancelled,"Address 901, City 6"
ORD000321,CUST00153,2024-06-03,8,Completed,"Address 910, City 4"
ORD000322,CUST00958,2023-11-16,5,Pending,"Address 531, City 6"
ORD000323,CUST00510,2023-04-13,4,Returned,"Address 961, City 15"
ORD000324,CUST00562,2024-11-05,7,Completed,"Address 68, City 11"
ORD000325,CUST00375,2023-09-10,3,Cancelled,"Address 414, City 2"
ORD000326,CUST00061,2024-01-02,8,Pending,"Address 860, City 19"
ORD000327,CUST00869,2023-04-12,9,Pending,"Address 540, City 19"
ORD000328,CUST00720,2024-08-11,9,Returned,"Address 290, City 11"
ORD000329,CUST00459,2023-05-19,4,Pending,"Address 446, City 13"
ORD000330,CUST00503,2023-03-26,1,Delivered,"Address 625, City 13"
ORD000331,CUST00510,2023-11-10,5,Pending,"Address 852, City 2"
ORD000332,CUST00970,2023-07-12,2,Returned,"Address 585, City 18"
ORD000333,CUST00657,2023-06-27,6,Returned,"Address 990, City 10"
ORD000334,CUST00193,2024-01-30,6,Completed,"Address 701, City 14"
ORD000335,CUST00537,2024-06-04,3,Pending,"Address 933, City 7"
ORD000336,CUST00469,2023-04-12,3,Pending,"Address 732, City 7"
ORD000337,CUST00212,2024-05-22,10,Completed,"Address 391, City 7"
ORD000338,CUST00947,2023-04-30,5,,"Address 834, City 11"
ORD000339,CUST00400,2023-07-01,4,Cancelled,"Address 146, City 20"
ORD000340,CUST00637,2023-09-10,5,Cancelled,"Address 728, City 10"
ORD000341,CUST00963,2023-07-29,5,Completed,"Address 424, City 13"
ORD000342,CUST00863,2023-10-12,4,Cancelled,"Address 11, City 13"
ORD000343,CUST00713,2023-02-12,8,Pending,"Address 653, City 4"
ORD000344,CUST00163,2023-04-29,8,Returned,"Address 967, City 9"
ORD000345,CUST00733,2024-11-28,7,Delivered,"Address 584, City 9"
ORD000346,CUST00780,2023-04-22,2,Shipped,"Address 569, City 16"
ORD000347,CUST00131,2023-07-25,9,Cancelled,"Address 115, City 8"
ORD000348,CUST00854,2023-02-08,7,Pending,"Address 248, City 14"
ORD000349,CUST00380,2024-09-22,8,Cancelled,"Address 43, City 17"
ORD000350,CUST00787,2023-07-13,4,Completed,"Address 972, City 5"
ORD000351,CUST00881,2023-12-16,5,Delivered,"Address 924, City 2"
ORD000352,CUST00390,2024-02-05,3,Returned,"Address 189, City 7"
ORD000353,CUST00674,2023-12-10,8,Cancelled,"Address 252, City 20"
ORD000354,CUST00295,2024-06-25,9,Returned,"Address 59, City 4"
ORD000355,CUST00420,2023-03-08,9,Returned,"Address 742, City 11"
ORD000356,CUST00040,2024-01-15,3,Pending,"Address 391, City 1"
ORD000357,CUST00060,2024-07-30,7,Completed,"Address 781, City 2"
ORD000358,CUST00559,2024-07-31,2,,"Address 488, City 19"
ORD000359,CUST00396,2024-10-22,5,Cancelled,"Address 767, City 8"
ORD000360,CUST00503,2024-11-30,10,Pending,"Address 942, City 5"
ORD000361,CUST00550,2024-04-10,6,Delivered,"Address 179, City 13"
ORD000362,CUST00904,2023-09-21,3,Completed,"Address 308, City 5"
ORD000363,CUST00471,2023-02-13,7,Returned,"Address 412, City 5"
ORD000364,CUST00362,2024-10-03,4,Cancelled,"Address 472, City 15"
ORD000365,CUST00976,2024-03-30,7,Delivered,"Address 409, City 5"
ORD000366,CUST00211,2024-06-26,4,Shipped,"Address 971, City 20"
ORD000367,CUST00922,2024-01-08,8,Cancelled,"Address 315, City 7"
ORD000368,CUST00145,2024-02-07,8,Pending,"Address 927, City 20"
ORD000369,CUST00053,2024-02-27,4,Returned,"Address 676, City 13"
ORD000370,CUST00443,2024-06-13,3,Completed,"Address 396, City 19"
ORD000371,CUST00177,2024-11-14,5,Pending,"Address 160, City 13"
ORD000372,CUST00801,2024-08-11,4,Delivered,"Address 889, City 5"
ORD000373,CUST00324,2024-05-13,10,Returned,"Address 644, City 2"
ORD000374,CUST00100,2024-11-23,2,Completed,"Address 891, City 2"
ORD000375,CUST00874,2023-12-06,2,Delivered,"Address 155, City 7"
ORD000376,CUST00861,2023-11-11,2,Delivered,"Address 849, City 15"
ORD000377,CUST00347,2024-05-01,3,Completed,"Address 164, City 5"
ORD000378,CUST00426,2023-06-17,2,Returned,"Address 576, City 18"
ORD000379,CUST00481,2024-10-05,5,Shipped,"Address 680, City 5"
ORD000380,CUST00100,2024-03-31,1,Cancelled,"Address 489, City 6"
ORD000381,CUST00601,2023-01-21,6,Returned,"Address 459, City 1"
ORD000382,CUST00970,2024-05-18,10,Delivered,"Address 908, City 12"
ORD000383,CUST00182,2023-03-12,3,Pending,"Address 154, City 4"
ORD000384,CUST00202,2024-11-15,6,Completed,"Address 819, City 16"
ORD000385,CUST00637,2023-01-17,10,Shipped,"Address 259, City 7"
ORD000386,CUST00287,2024-06-09,9,Completed,"Address 928, City 6"
ORD000387,CUST00665,2023-02-23,4,Delivered,"Address 444, City 11"
ORD000388,CUST00280,2023-02-11,8,Delivered,"Address 134, City 20"
ORD000389,CUST00753,2023-01-11,10,,"Address 927, City 16"
ORD000390,CUST00398,2024-01-25,1,Delivered,"Address 344, City 12"
ORD000391,CUST00875,2024-06-08,7,Delivered,"Address 355, City 9"
ORD000392,CUST00198,2024-07-19,8,Completed,"Address 941, City 3"
ORD000393,CUST00936,2024-11-13,6,Completed,"Address 132, City 4"
ORD000394,CUST00077,2023-09-06,3,Shipped,"Address 243, City 3"
ORD000395,CUST00010,2023-03-19,1,Delivered,"Address 633, City 3"
ORD000396,CUST00597,2023-06-09,8,Delivered,"Address 109, City 20"
ORD000397,CUST00058,2023-05-05,3,Pending,"Address 191, City 3"
ORD000398,CUST00004,2023-04-04,7,Shipped,"Address 735, City 3"
ORD000399,CUST00329,2024-02-01,9,Shipped,"Address 508, City 20"
ORD000400,CUST00481,2023-07-10,5,Returned,"Address 63, City 15"
ORD000401,CUST00520,2023-07-09,1,Shipped,"Address 900, City 18"
ORD000402,CUST00997,2024-08-12,4,Pending,"Address 193, City 6"
ORD000403,CUST00775,2023-11-26,4,Pending,"Address 304, City 20"
ORD000404,CUST00519,2024-02-27,5,Delivered,"Address 754, City 8"
ORD000405,CUST00008,2024-06-27,5,Shipped,"Address 65, City 16"
ORD000406,CUST00925,2023-12-19,1,Cancelled,"Address 783, City 15"
ORD000407,CUST00763,2023-01-13,2,Delivered,"Address 621, City 3"
ORD000408,CUST00269,2024-08-05,6,Pending,"Address 380, City 16"
ORD000409,CUST00782,2023-11-04,8,Pending,"Address 602, City 6"
ORD000410,CUST00708,2023-02-13,6,Cancelled,"Address 816, City 13"
ORD000411,CUST00890,2024-04-19,8,Shipped,"Address 395, City 14"
ORD000412,CUST00895,2023-01-26,3,Cancelled,"Address 648, City 5"
ORD000413,CUST00375,2024-02-14,1,Pending,"Address 155, City 19"
ORD000414,CUST00223,2023-07-08,2,,"Address 278, City 11"
ORD000415,CUST00023,2023-07-22,8,Delivered,"Address 875, City 18"
ORD000416,CUST00234,2023-10-12,4,Pending,"Address 446, City 6"
ORD000417,CUST00993,2024-05-14,1,Completed,"Address 332, City 16"
ORD000418,CUST00297,2024-09-14,3,Cancelled,"Address 427, City 16"
ORD000419,CUST00980,2023-01-14,5,Delivered,"Address 701, City 20"
ORD000420,CUST00627,2024-03-15,2,Returned,"Address 743, City 12"
ORD000421,CUST00379,2023-05-12,10,Completed,"Address 379, City 14"
ORD000422,CUST00215,2023-09-10,6,Delivered,"Address 924, City 16"
ORD000423,CUST00569,2023-10-15,6,Delivered,"Address 924, City 5"
ORD000424,CUST00801,2023-11-26,10,Shipped,"Address 625, City 8"
ORD000425,CUST00501,2023-09-13,10,Completed,"Address 902, City 4"
ORD000426,CUST00769,2024-01-29,3,Completed,"Address 474, City 20"
ORD000427,CUST00069,2023-09-30,8,Shipped,"Address 283, City 5"
ORD000428,CUST00869,2024-01-08,1,Shipped,"Address 336, City 12"
ORD000429,CUST00495,2024-09-27,9,Delivered,"Address 497, City 11"
ORD000430,CUST00905,2024-09-11,9,Pending,"Address 946, City 20"
ORD000431,CUST00124,2024-09-11,5,Pending,"Address 537, City 17"
ORD000432,CUST00255,2023-10-17,7,Completed,"Address 210, City 5"
ORD000433,CUST00026,2023-10-31,1,Cancelled,"Address 477, City 5"
ORD000434,CUST00641,2024-04-02,7,Returned,"Address 322, City 4"
ORD000435,CUST00467,2023-10-08,5,Returned,"Address 167, City 19"
ORD000436,CUST00331,2023-05-12,1,Delivered,"Address 378, City 5"
ORD000437,CUST00852,2023-11-19,7,Pending,"Address 332, City 13"
ORD000438,CUST00335,2023-07-02,10,Completed,"Address 332, City 19"
ORD000439,CUST00041,2024-08-05,9,Pending,"Address 509, City 3"
ORD000440,CUST00144,2023-03-11,3,Shipped,"Address 241, City 3"
ORD000441,CUST00996,2024-01-04,6,Cancelled,"Address 72, City 16"
ORD000442,CUST00559,2024-02-15,1,Pending,"Address 712, City 5"
ORD000443,CUST00843,2024-07-15,2,Cancelled,"Address 782, City 9"
ORD000444,CUST00246,2023-08-21,1,Returned,"Address 659, City 8"
ORD000445,CUST00044,2024-05-05,1,Shipped,"Address 978, City 5"
ORD000446,CUST00328,2024-05-27,6,Pending,"Address 20, City 17"
ORD000447,CUST00505,2023-10-24,1,Pending,"Address 70, City 2"
ORD000448,CUST00604,2023-07-24,1,Returned,"Address 358, City 3"
ORD000449,CUST00903,2024-08-18,6,Shipped,"Address 156, City 18"
ORD000450,CUST00938,2023-01-08,10,Returned,"Address 398, City 6"
ORD000451,CUST00773,2023-07-26,10,Shipped,"Address 267, City 13"
ORD000452,CUST00667,2023-05-03,5,Cancelled,"Address 668, City 17"
ORD000453,CUST00210,2024-02-20,3,Cancelled,"Address 761, City 7"
ORD000454,CUST00778,2023-07-24,10,Delivered,"Address 691, City 7"
ORD000455,CUST00838,2024-08-30,5,Completed,"Address 236, City 19"
ORD000456,CUST00223,2023-09-16,9,Completed,"Address 186, City 11"
ORD000457,CUST00512,2023-07-31,7,Cancelled,"Address 617, City 6"
ORD000458,CUST00492,2024-05-18,9,Pending,"Address 255, City 3"
ORD000459,CUST00110,2024-09-23,1,Returned,"Address 12, City 9"
ORD000460,CUST00311,2023-01-01,8,Returned,"Address 100, City 2"
ORD000461,CUST00221,2024-01-12,4,Pending,"Address 78, City 9"
ORD000462,CUST00670,2024-03-03,1,Completed,"Address 310, City 5"
ORD000463,CUST00468,2023-09-27,4,Pending,"Address 699, City 1"
ORD000464,CUST00179,2024-05-02,1,Pending,"Address 891, City 19"
ORD000465,CUST00280,2024-07-24,5,Returned,"Address 749, City 5"
ORD000466,CUST00067,2023-08-09,7,Completed,"Address 443, City 15"
ORD000467,CUST00180,2024-02-27,1,Completed,"Address 983, City 9"
ORD000468,CUST00737,2023-10-16,8,Delivered,"Address 279, City 7"
ORD000469,CUST00707,2023-08-29,8,Pending,"Address 577, City 14"
ORD000470,CUST00975,2024-07-26,8,Pending,"Address 49, City 10"
ORD000471,CUST00091,2024-01-08,10,Cancelled,"Address 383, City 12"
ORD000472,CUST00554,2024-07-18,3,Pending,"Address 179, City 19"
ORD000473,CUST00382,2024-02-16,8,Delivered,"Address 689, City 16"
ORD000474,CUST00556,2024-11-22,7,Cancelled,"Address 260, City 5"
ORD000475,CUST00947,2023-12-07,6,Cancelled,"Address 883, City 6"
ORD000476,CUST00352,2023-02-13,9,Pending,"Address 350, City 18"
ORD000477,CUST00852,2024-10-09,3,Returned,"Address 836, City 7"
ORD000478,CUST00084,2024-02-10,7,Returned,"Address 533, City 4"
ORD000479,CUST00005,2024-08-12,5,Pending,"Address 758, City 8"
ORD000480,CUST00727,2024-12-01,6,Delivered,"Address 817, City 12"
ORD000481,CUST00960,2024-07-15,7,Cancelled,"Address 360, City 14"
ORD000482,CUST00232,2023-04-19,8,Pending,"Address 193, City 1"
ORD000483,CUST00820,2024-05-31,2,Completed,"Address 314, City 8"
ORD000484,CUST00311,2024-02-20,4,Completed,"Address 196, City 1"
ORD000485,CUST00032,2023-01-17,5,Shipped,"Address 697, City 3"
ORD000486,CUST00260,2023-03-10,8,Cancelled,"Address 678, City 13"
ORD000487,CUST00715,2023-01-11,10,Cancelled,"Address 312, City 14"
ORD000488,CUST00604,2024-09-26,8,Returned,"Address 504, City 2"
ORD000489,CUST00328,2024-05-26,6,Pending,"Address 817, City 13"
ORD000490,CUST00789,2024-07-05,2,Returned,"Address 360, City 16"
ORD000491,CUST00390,2023-01-28,1,Completed,"Address 557, City 3"
ORD000492,CUST00252,2023-03-26,2,Pending,"Address 619, City 16"
ORD000493,CUST00331,2023-02-05,5,Pending,"Address 222, City 20"
ORD000494,CUST00098,2024-02-25,1,Returned,"Address 800, City 1"
ORD000495,CUST00456,2024-06-02,2,Cancelled,"Address 579, City 13"
ORD000496,CUST00670,2024-07-02,1,Completed,"Address 503, City 6"
ORD000497,CUST00301,2024-04-07,3,Returned,"Address 113, City 5"
ORD000498,CUST00204,2023-03-20,8,Completed,"Address 763, City 6"
ORD000499,CUST00045,2024-01-21,5,Delivered,"Address 598, City 16"
ORD000500,CUST00731,2023-08-23,8,Completed,"Address 143, City 5"
ORD000501,CUST00577,2024-09-11,1,Delivered,"Address 441, City 1"
ORD000502,CUST00920,2024-06-21,6,Completed,"Address 35, City 9"
ORD000503,CUST00571,2024-03-22,7,Completed,"Address 972, City 12"
ORD000504,CUST00411,2024-05-01,9,Shipped,"Address 166, City 3"
ORD000505,CUST00192,2024-08-07,4,Returned,"Address 270, City 16"
ORD000506,CUST00995,2023-03-10,3,Completed,"Address 238, City 7"
ORD000507,CUST00308,2023-05-31,3,Cancelled,"Address 62, City 17"
ORD000508,CUST00116,2023-01-13,9,Returned,"Address 311, City 5"
ORD000509,CUST00943,2023-11-24,4,Shipped,"Address 487, City 16"
ORD000510,CUST00220,2024-05-05,2,Returned,"Address 555, City 3"
ORD000511,CUST00684,2023-05-30,3,Shipped,"Address 70, City 16"
ORD000512,CUST00075,2024-06-09,10,Pending,"Address 860, City 12"
ORD000513,CUST00848,2023-08-19,5,Cancelled,"Address 329, City 13"
ORD000514,CUST00198,2023-01-29,6,Returned,"Address 231, City 5"
ORD000515,CUST00630,2024-05-05,9,Pending,"Address 651, City 6"
ORD000516,CUST00614,2023-09-05,9,Completed,"Address 32, City 14"
ORD000517,CUST00576,2023-03-09,2,Shipped,"Address 41, City 12"
ORD000518,CUST00403,2023-10-12,5,Delivered,"Address 549, City 20"
ORD000519,CUST00942,2023-12-01,5,Cancelled,"Address 396, City 19"
ORD000520,CUST00946,2024-07-27,10,Returned,"Address 346, City 3"
ORD000521,CUST00999,2024-05-16,6,Returned,"Address 258, City 9"
ORD000522,CUST00896,2023-10-05,5,Shipped,"Address 928, City 11"
ORD000523,CUST00580,2023-09-03,4,Delivered,"Address 344, City 17"
ORD000524,CUST00422,2024-11-23,5,Cancelled,"Address 193, City 20"
ORD000525,CUST00822,2023-05-23,5,Pending,"Address 556, City 18"
ORD000526,CUST00210,2023-11-25,8,Shipped,"Address 741, City 10"
ORD000527,CUST00253,2024-10-15,4,Pending,"Address 188, City 16"
ORD000528,CUST00252,2024-01-19,7,Delivered,"Address 471, City 18"
ORD000529,CUST00150,2023-12-16,5,Delivered,"Address 386, City 18"
ORD000530,CUST00004,2024-02-07,2,Delivered,"Address 466, City 18"
ORD000531,CUST00841,2024-08-20,5,Cancelled,"Address 53, City 14"
ORD000532,CUST00502,2024-10-05,10,Cancelled,"Address 123, City 5"
ORD000533,CUST00126,2023-07-05,6,Completed,"Address 72, City 9"
ORD000534,CUST00562,2023-04-21,9,Completed,"Address 704, City 14"
ORD000535,CUST00041,2023-07-29,10,Completed,"Address 640, City 9"
ORD000536,CUST00441,2023-10-19,4,Returned,"Address 770, City 9"
ORD000537,CUST00363,2024-07-19,4,Returned,"Address 781, City 8"
ORD000538,CUST00826,2023-06-25,7,Returned,"Address 165, City 3"
ORD000539,CUST00759,2024-08-07,10,Delivered,"Address 128, City 4"
ORD000540,CUST00866,2023-09-10,7,Cancelled,"Address 914, City 6"
ORD000541,CUST00287,2023-08-14,2,,"Address 446, City 19"
ORD000542,CUST00870,2024-09-06,7,Shipped,"Address 84, City 14"
ORD000543,CUST00454,2024-03-30,3,Cancelled,"Address 769, City 13"
ORD000544,CUST00555,2023-01-24,5,Pending,"Address 809, City 17"
ORD000545,CUST00330,2023-12-17,1,Returned,"Address 453, City 20"
ORD000546,CUST00382,2023-07-30,3,Returned,"Address 700, City 13"
ORD000547,CUST00807,2023-06-22,7,Delivered,"Address 281, City 8"
ORD000548,CUST00921,2023-10-25,4,Cancelled,"Address 703, City 19"
ORD000549,CUST00661,2023-09-07,2,Completed,"Address 354, City 12"
ORD000550,CUST00021,2024-01-26,8,Cancelled,"Address 92, City 14"
ORD000551,CUST00357,2023-09-19,4,Delivered,"Address 173, City 8"
ORD000552,CUST00661,2024-08-22,9,Shipped,"Address 391, City 12"
ORD000553,CUST00779,2023-02-19,4,Shipped,"Address 713, City 18"
ORD000554,CUST00257,2023-02-21,2,Delivered,"Address 301, City 5"
ORD000555,CUST00286,2024-03-22,3,Delivered,"Address 69, City 8"
ORD000556,CUST00636,2023-04-05,1,Pending,"Address 562, City 16"
ORD000557,CUST00917,2024-03-09,3,Shipped,"Address 79, City 3"
ORD000558,CUST00276,2023-04-14,3,Cancelled,"Address 378, City 6"
ORD000559,CUST00547,2023-06-06,3,Completed,"Address 176, City 9"
ORD000560,CUST00833,2024-06-09,1,Completed,"Address 172, City 2"
ORD000561,CUST00160,2024-04-25,3,Returned,"Address 588, City 9"
ORD000562,CUST00252,2024-04-18,8,Completed,"Address 166, City 20"
ORD000563,CUST00069,2023-02-13,7,Delivered,"Address 819, City 16"
ORD000564,CUST00773,2024-11-24,7,Pending,"Address 538, City 15"
ORD000565,CUST00966,2024-10-24,9,Returned,"Address 858, City 13"
ORD000566,CUST00537,2023-09-15,7,Cancelled,"Address 38, City 7"
ORD000567,CUST00615,2023-03-17,6,Completed,"Address 423, City 13"
ORD000568,CUST00307,2024-01-20,6,Cancelled,"Address 17, City 7"
ORD000569,CUST00794,2024-03-21,3,Returned,"Address 768, City 5"
ORD000570,CUST00813,2024-10-26,5,Shipped,"Address 233, City 15"
ORD000571,CUST00499,2023-09-16,7,Cancelled,"Address 210, City 15"
ORD000572,CUST00426,2023-05-14,1,Shipped,"Address 945, City 4"
ORD000573,CUST00384,2023-10-30,1,Cancelled,"Address 894, City 14"
ORD000574,CUST00613,2023-03-21,5,Returned,"Address 42, City 16"
ORD000575,CUST00361,2023-03-11,6,Returned,"Address 104, City 5"
ORD000576,CUST00277,2024-07-29,1,Shipped,"Address 381, City 1"
ORD000577,CUST00414,2024-04-04,6,Cancelled,"Address 335, City 10"
ORD000578,CUST00053,2024-01-12,9,Cancelled,"Address 444, City 17"
ORD000579,CUST00683,2023-02-07,9,Returned,"Address 992, City 5"
ORD000580,CUST00339,2024-01-22,8,Pending,"Address 146, City 7"
ORD000581,CUST00632,2023-04-06,7,Shipped,"Address 311, City 1"
ORD000582,CUST00200,2023-05-17,7,Cancelled,"Address 905, City 5"
ORD000583,CUST00561,2025-03-13,10,Shipped,"Address 68, City 6"
ORD000584,CUST00272,2023-02-08,8,Shipped,"Address 170, City 16"
ORD000585,CUST00082,2023-04-27,8,Delivered,"Address 382, City 16"
ORD000586,CUST00591,2023-09-22,9,Pending,"Address 681, City 11"
ORD000587,CUST00160,2024-06-23,10,Delivered,"Address 797, City 8"
ORD000588,CUST00835,2023-08-20,1,Delivered,"Address 522, City 10"
ORD000589,CUST00997,2024-05-25,7,Returned,"Address 884, City 9"
ORD000590,CUST00844,2023-04-20,3,Shipped,"Address 255, City 15"
ORD000591,CUST00949,2023-06-06,2,Returned,"Address 761, City 13"
ORD000592,CUST00581,2024-03-05,6,Shipped,"Address 493, City 3"
ORD000593,CUST00949,2023-11-18,1,Cancelled,"Address 485, City 1"
ORD000594,CUST00961,2023-12-08,6,Shipped,"Address 504, City 13"
ORD000595,CUST00220,2024-08-25,7,Shipped,"Address 626, City 6"
ORD000596,CUST00164,2023-12-11,10,Cancelled,"Address 104, City 3"
ORD000597,CUST00816,2023-03-26,1,Cancelled,"Address 95, City 5"
ORD000598,CUST00003,2023-02-22,8,Shipped,"Address 864, City 12"
ORD000599,CUST00703,2024-11-26,6,Completed,"Address 915, City 10"
ORD000600,CUST00103,2023-12-05,1,Completed,"Address 630, City 1"
ORD000601,CUST00809,2023-07-16,3,Cancelled,"Address 608, City 10"
ORD000602,CUST00857,2024-09-22,9,Returned,"Address 67, City 15"
ORD000603,CUST00873,2024-09-12,5,Pending,"Address 509, City 20"
ORD000604,CUST00706,2023-08-18,5,Delivered,"Address 712, City 16"
ORD000605,CUST00368,2024-04-08,9,Pending,"Address 411, City 14"
ORD000606,CUST00814,2023-08-29,5,Shipped,"Address 153, City 5"
ORD000607,CUST00082,2023-02-07,1,Completed,"Address 460, City 5"
ORD000608,CUST00741,2023-06-02,2,Delivered,"Address 594, City 8"
ORD000609,CUST00446,2024-05-08,7,Pending,"Address 688, City 18"
ORD000610,CUST00310,2024-08-24,4,Pending,"Address 161, City 13"
ORD000611,CUST00354,2023-07-16,2,Delivered,"Address 833, City 16"
ORD000612,CUST00675,2024-04-19,7,Delivered,"Address 836, City 11"
ORD000613,CUST00675,2024-03-08,6,Returned,"Address 189, City 1"
ORD000614,CUST00978,2023-06-18,5,Cancelled,"Address 343, City 5"
ORD000615,CUST00906,2023-02-13,3,Returned,"Address 285, City 7"
ORD000616,CUST00428,2023-07-04,1,Pending,"Address 352, City 20"
ORD000617,CUST00346,2024-01-17,1,Returned,"Address 152, City 11"
ORD000618,CUST00675,2024-11-27,9,Cancelled,"Address 605, City 20"
ORD000619,CUST00202,2024-09-18,7,Pending,"Address 466, City 19"
ORD000620,CUST00298,2024-07-14,9,Cancelled,"Address 341, City 1"
ORD000621,CUST00604,2024-02-22,2,Cancelled,"Address 937, City 20"
ORD000622,CUST00237,2024-08-08,6,Shipped,"Address 308, City 2"
ORD000623,CUST00685,2024-08-22,10,Delivered,"Address 235, City 2"
ORD000624,CUST00975,2023-08-16,8,Completed,"Address 982, City 3"
ORD000625,CUST00549,2023-10-08,9,Completed,"Address 976, City 10"
ORD000626,CUST00680,2024-09-06,1,Returned,"Address 678, City 18"
ORD000627,CUST00799,2023-10-22,2,Cancelled,"Address 337, City 6"
ORD000628,CUST00672,2024-07-12,4,,"Address 337, City 8"
ORD000629,CUST00022,2024-05-06,2,Pending,"Address 174, City 10"
ORD000630,CUST00264,2024-11-18,7,Cancelled,"Address 168, City 12"
ORD000631,CUST00784,2023-04-10,5,Returned,"Address 655, City 3"
ORD000632,CUST00160,2023-03-20,2,Completed,"Address 68, City 9"
ORD000633,CUST00117,2023-07-03,8,Returned,"Address 799, City 18"
ORD000634,CUST00524,2024-04-21,2,Returned,"Address 86, City 12"
ORD000635,CUST00362,2023-04-05,3,Shipped,"Address 257, City 1"
ORD000636,CUST00824,2024-09-27,2,Shipped,"Address 165, City 17"
ORD000637,CUST00199,2024-07-01,8,Pending,"Address 349, City 13"
ORD000638,CUST00107,2024-03-18,9,Cancelled,"Address 195, City 20"
ORD000639,CUST00496,2024-10-14,10,Completed,"Address 763, City 8"
ORD000640,CUST00957,2024-11-03,8,Cancelled,"Address 658, City 12"
ORD000641,CUST00922,2024-07-22,1,Shipped,"Address 364, City 1"
ORD000642,CUST00957,2024-11-11,6,Cancelled,"Address 8, City 11"
ORD000643,CUST00088,2024-04-19,3,Returned,"Address 785, City 4"
ORD000644,CUST00140,2024-08-30,8,Returned,"Address 349, City 4"
ORD000645,CUST00831,2024-10-01,1,Pending,"Address 320, City 18"
ORD000646,CUST00301,2024-03-11,1,Completed,"Address 681, City 5"
ORD000647,CUST00836,2023-09-22,7,Delivered,"Address 422, City 3"
ORD000648,CUST00373,2024-06-27,2,Pending,"Address 24, City 1"
ORD000649,CUST00336,2023-10-19,3,Shipped,"Address 618, City 20"
ORD000650,CUST00372,2023-04-13,2,Delivered,"Address 326, City 4"
ORD000651,CUST00591,2023-07-07,4,Completed,"Address 284, City 10"
ORD000652,CUST00773,2024-07-17,9,Completed,"Address 563, City 19"
ORD000653,CUST00305,2024-07-13,9,Completed,"Address 771, City 2"
ORD000654,CUST00941,2023-11-16,7,Delivered,"Address 54, City 5"
ORD000655,CUST00097,2023-03-12,10,,"Address 44, City 16"
ORD000656,CUST00416,2024-01-05,9,Shipped,"Address 575, City 8"
ORD000657,CUST00343,2023-03-25,3,Returned,"Address 107, City 1"
ORD000658,CUST00224,2024-04-26,3,Pending,"Address 418, City 1"
ORD000659,CUST00536,2024-11-28,5,Pending,"Address 193, City 16"
ORD000660,CUST00244,2024-07-14,1,Returned,"Address 198, City 17"
ORD000661,CUST00353,2023-10-27,3,Returned,"Address 593, City 10"
ORD000662,CUST00256,2023-10-03,10,Completed,"Address 262, City 20"
ORD000663,CUST00002,2024-05-24,2,Shipped,"Address 708, City 5"
ORD000664,CUST00189,2024-08-13,10,Pending,"Address 729, City 2"
ORD000665,CUST00256,2023-08-25,1,Pending,"Address 989, City 7"
ORD000666,CUST00983,2023-10-11,2,Pending,"Address 114, City 1"
ORD000667,CUST00110,2024-02-28,6,Shipped,"Address 664, City 4"
ORD000668,CUST00333,2024-01-13,7,Returned,"Address 455, City 7"
ORD000669,CUST00150,2024-10-12,4,Shipped,"Address 879, City 8"
ORD000670,CUST00501,2025-05-16,5,Delivered,"Address 475, City 6"
ORD000671,CUST00801,2023-03-04,1,Returned,"Address 424, City 4"
ORD000672,CUST00145,2023-10-22,5,Cancelled,"Address 485, City 17"
ORD000673,CUST00601,2023-03-08,8,Pending,"Address 206, City 9"
ORD000674,CUST00987,2024-05-03,7,Cancelled,"Address 927, City 5"
ORD000675,CUST00800,2023-01-18,4,Cancelled,"Address 972, City 18"
ORD000676,CUST00658,2024-06-05,3,Pending,"Address 261, City 4"
ORD000677,CUST00883,2023-10-06,9,Pending,"Address 65, City 19"
ORD000678,CUST00248,2023-04-20,5,Shipped,"Address 685, City 18"
ORD000679,CUST00589,2024-09-20,9,Pending,"Address 542, City 1"
ORD000680,CUST00982,2023-06-02,1,Pending,"Address 430, City 19"
ORD000681,CUST00002,2023-12-16,8,Completed,"Address 739, City 14"
ORD000682,CUST00713,2023-09-15,5,Pending,"Address 863, City 20"
ORD000683,CUST00578,2024-08-01,6,Cancelled,"Address 912, City 8"
ORD000684,CUST00047,2023-11-29,6,Shipped,"Address 505, City 8"
ORD000685,CUST00981,2024-03-17,9,,"Address 579, City 5"
ORD000686,CUST00421,2023-08-25,1,Cancelled,"Address 757, City 3"
ORD000687,CUST00698,2023-04-16,9,Shipped,"Address 220, City 7"
ORD000688,CUST00100,2024-01-15,1,Returned,"Address 288, City 19"
ORD000689,CUST00915,2024-04-05,4,Shipped,"Address 96, City 9"
ORD000690,CUST00550,2024-09-04,4,Pending,"Address 172, City 1"
ORD000691,CUST00837,2024-05-16,4,Delivered,"Address 516, City 19"
ORD000692,CUST00948,2023-08-23,10,Cancelled,"Address 958, City 12"
ORD000693,CUST00570,2024-04-08,3,Completed,"Address 586, City 1"
ORD000694,CUST00282,2024-11-14,4,Shipped,"Address 47, City 6"
ORD000695,CUST00848,2023-07-20,4,Delivered,"Address 678, City 15"
ORD000696,CUST00634,2023-08-20,3,Pending,"Address 210, City 12"
ORD000697,CUST00775,2024-10-04,5,Cancelled,"Address 65, City 6"
ORD000698,CUST00388,2024-04-30,1,Completed,"Address 701, City 14"
ORD000699,CUST00087,2023-04-22,3,Shipped,"Address 446, City 8"
ORD000700,CUST00273,2023-06-20,9,Pending,"Address 923, City 19"
ORD000701,CUST00338,2024-08-22,8,Returned,"Address 581, City 7"
ORD000702,CUST00436,2024-04-04,3,Cancelled,"Address 267, City 20"
ORD000703,CUST00949,2023-08-08,1,Delivered,"Address 549, City 15"
ORD000704,CUST00896,2023-04-04,10,Pending,"Address 56, City 8"
ORD000705,CUST00973,2024-06-30,2,Cancelled,"Address 595, City 5"
ORD000706,CUST00531,2023-02-24,3,Shipped,"Address 247, City 2"
ORD000707,CUST00879,2024-06-04,10,Completed,"Address 566, City 3"
ORD000708,CUST00538,2023-12-14,9,Delivered,"Address 140, City 6"
ORD000709,CUST00438,2023-02-15,8,Shipped,"Address 809, City 8"
ORD000710,CUST00092,2024-10-13,9,Cancelled,"Address 739, City 18"
ORD000711,CUST00756,2023-03-24,6,Pending,"Address 868, City 11"
ORD000712,CUST00034,2023-01-31,1,Pending,"Address 884, City 1"
ORD000713,CUST00331,2023-03-27,3,Pending,"Address 85, City 7"
ORD000714,CUST00976,2024-05-07,2,Returned,"Address 59, City 20"
ORD000715,CUST00737,2023-01-27,3,Delivered,"Address 118, City 17"
ORD000716,CUST00297,2024-10-23,5,Completed,"Address 152, City 20"
ORD000717,CUST00591,2024-11-15,9,Cancelled,"Address 787, City 3"
ORD000718,CUST00180,2023-06-04,5,Completed,"Address 481, City 2"
ORD000719,CUST00446,2024-06-03,8,Returned,"Address 678, City 9"
ORD000720,CUST00387,2023-09-09,6,Completed,"Address 529, City 9"
ORD000721,CUST00154,2024-06-26,7,Completed,"Address 153, City 9"
ORD000722,CUST00234,2024-06-07,6,Completed,"Address 842, City 6"
ORD000723,CUST00385,2024-08-13,1,Completed,"Address 55, City 14"
ORD000724,CUST00247,2023-08-01,7,Returned,"Address 633, City 12"
ORD000725,CUST00791,2023-01-18,10,Returned,"Address 67, City 2"
ORD000726,CUST00822,2023-10-02,1,Cancelled,"Address 542, City 4"
ORD000727,CUST00938,2024-07-23,9,Delivered,"Address 265, City 6"
ORD000728,CUST00972,2024-07-14,8,Shipped,"Address 388, City 7"
ORD000729,CUST00664,2024-06-25,2,Shipped,"Address 68, City 5"
ORD000730,CUST00634,2024-02-14,5,Returned,"Address 686, City 10"
ORD000731,CUST00305,2024-02-22,3,Cancelled,"Address 134, City 12"
ORD000732,CUST00442,2024-06-25,4,Delivered,"Address 895, City 2"
ORD000733,CUST00299,2024-02-04,7,Delivered,"Address 888, City 2"
ORD000734,CUST00413,2023-07-11,4,Delivered,"Address 700, City 6"
ORD000735,CUST00197,2023-10-28,1,Cancelled,"Address 422, City 9"
ORD000736,CUST00526,2023-10-25,10,Returned,"Address 941, City 1"
ORD000737,CUST00749,2023-08-20,2,Returned,"Address 532, City 6"
ORD000738,CUST00340,2023-10-10,3,Pending,"Address 705, City 11"
ORD000739,CUST00297,2023-02-08,1,Delivered,"Address 939, City 7"
ORD000740,CUST00994,2023-08-02,6,Returned,"Address 323, City 4"
ORD000741,CUST00746,2024-02-09,4,Completed,"Address 729, City 20"
ORD000742,CUST00539,2024-04-10,8,Completed,"Address 622, City 7"
ORD000743,CUST00608,2023-09-04,2,Shipped,"Address 138, City 13"
ORD000744,CUST00331,2024-10-21,4,Cancelled,"Address 741, City 3"
ORD000745,CUST00941,2023-03-27,10,Cancelled,"Address 336, City 13"
ORD000746,CUST00473,2023-04-08,9,Returned,"Address 538, City 1"
ORD000747,CUST00934,2023-01-11,3,Completed,"Address 31, City 19"
ORD000748,CUST00343,2023-04-20,7,Shipped,"Address 537, City 1"
ORD000749,CUST00705,2023-09-08,7,Pending,"Address 271, City 10"
ORD000750,CUST00123,2024-09-02,7,Returned,"Address 402, City 12"
ORD000751,CUST00812,2024-09-16,6,Completed,"Address 619, City 3"
ORD000752,CUST00892,2023-05-07,9,Returned,"Address 553, City 10"
ORD000753,CUST00237,2023-08-20,7,Delivered,"Address 601, City 5"
ORD000754,CUST00200,2024-02-22,3,Shipped,"Address 622, City 20"
ORD000755,CUST00152,2024-06-01,2,Delivered,"Address 429, City 3"
ORD000756,CUST00262,2023-04-05,1,Pending,"Address 533, City 18"
ORD000757,CUST00964,2024-02-22,1,Pending,"Address 812, City 11"
ORD000758,CUST00505,2023-09-01,7,Pending,"Address 711, City 4"
ORD000759,CUST00765,2023-04-30,3,Completed,"Address 967, City 7"
ORD000760,CUST00533,2023-02-26,4,Cancelled,"Address 91, City 1"
ORD000761,CUST00158,2024-01-31,8,Pending,"Address 976, City 6"
ORD000762,CUST00261,2023-08-12,6,Cancelled,"Address 188, City 14"
ORD000763,CUST00112,2024-08-08,8,Cancelled,"Address 575, City 5"
ORD000764,CUST00216,2024-09-28,9,Delivered,"Address 42, City 4"
ORD000765,CUST00312,2023-09-05,9,,"Address 459, City 7"
ORD000766,CUST00306,2023-12-17,4,Pending,"Address 755, City 17"
ORD000767,CUST00418,2023-05-20,1,Pending,"Address 742, City 4"
ORD000768,CUST00105,2023-02-24,6,Pending,"Address 842, City 2"
ORD000769,CUST00378,2024-06-03,10,Completed,"Address 293, City 19"
ORD000770,CUST00958,2023-07-06,1,Cancelled,"Address 597, City 6"
ORD000771,CUST00775,2024-02-17,10,Returned,"Address 431, City 20"
ORD000772,CUST00828,2024-08-09,7,Pending,"Address 566, City 20"
ORD000773,CUST00764,2024-09-06,8,Returned,"Address 549, City 12"
ORD000774,CUST00394,2024-08-16,10,Delivered,"Address 302, City 1"
ORD000775,CUST00909,2024-05-27,5,Shipped,"Address 912, City 7"
ORD000776,CUST00190,2023-04-21,4,Shipped,"Address 441, City 13"
ORD000777,CUST00574,2024-07-31,1,Pending,"Address 572, City 16"
ORD000778,CUST00408,2023-06-08,2,Cancelled,"Address 32, City 15"
ORD000779,CUST00768,2023-06-28,4,Pending,"Address 622, City 8"
ORD000780,CUST00687,2023-11-30,10,Pending,"Address 973, City 17"
ORD000781,CUST00674,2023-05-22,9,Delivered,"Address 919, City 12"
ORD000782,CUST00909,2024-02-22,2,Pending,"Address 445, City 11"
ORD000783,CUST00563,2023-01-31,3,Delivered,"Address 151, City 14"
ORD000784,CUST00273,2024-11-07,2,Cancelled,"Address 353, City 14"
ORD000785,CUST00075,2024-10-07,4,,"Address 437, City 4"
ORD000786,CUST00851,2024-11-19,3,Returned,"Address 345, City 4"
ORD000787,CUST00864,2023-09-15,4,Cancelled,"Address 247, City 19"
ORD000788,CUST00871,2023-11-15,9,Completed,"Address 853, City 6"
ORD000789,CUST00771,2024-05-04,4,,"Address 527, City 14"
ORD000790,CUST00401,2024-09-06,7,Completed,"Address 782, City 13"
ORD000791,CUST00207,2024-05-30,2,Shipped,"Address 343, City 1"
ORD000792,CUST00969,2023-02-19,2,Completed,"Address 286, City 3"
ORD000793,CUST00645,2023-10-28,10,Pending,"Address 465, City 14"
ORD000794,CUST00884,2023-07-01,9,Returned,"Address 658, City 14"
ORD000795,CUST00148,2024-10-04,1,Shipped,"Address 277, City 1"
ORD000796,CUST00452,2024-05-22,8,Cancelled,"Address 732, City 15"
ORD000797,CUST00744,2023-05-24,7,Cancelled,"Address 611, City 5"
ORD000798,CUST00020,2023-12-19,9,Pending,"Address 743, City 16"
ORD000799,CUST00946,2024-01-29,1,Returned,"Address 617, City 3"
ORD000800,CUST00024,2023-09-27,7,Pending,"Address 69, City 7"
ORD000801,CUST00208,2023-07-23,8,Shipped,"Address 322, City 12"
ORD000802,CUST00208,2023-06-25,6,Cancelled,"Address 558, City 3"
ORD000803,CUST00011,2024-04-20,4,Shipped,"Address 81, City 20"
ORD000804,CUST00001,2023-06-17,7,Cancelled,"Address 526, City 11"
ORD000805,CUST00479,2023-05-16,8,Delivered,"Address 195, City 7"
ORD000806,CUST00077,2024-04-03,9,Delivered,"Address 744, City 6"
ORD000807,CUST00331,2024-08-15,1,Cancelled,"Address 45, City 4"
ORD000808,CUST00283,2024-03-17,5,Shipped,"Address 699, City 9"
ORD000809,CUST00408,2023-04-15,8,Shipped,"Address 759, City 16"
ORD000810,CUST00526,2024-11-14,3,Completed,"Address 166, City 3"
ORD000811,CUST00916,2024-05-18,10,Shipped,"Address 199, City 9"
ORD000812,CUST00953,2024-06-15,7,Returned,"Address 850, City 16"
ORD000813,CUST00449,2024-09-13,4,Shipped,"Address 553, City 8"
ORD000814,CUST00869,2023-04-28,9,Pending,"Address 419, City 1"
ORD000815,CUST00235,2023-12-13,10,Pending,"Address 805, City 19"
ORD000816,CUST00737,2024-07-11,7,Completed,"Address 717, City 2"
ORD000817,CUST00882,2024-02-17,8,Cancelled,"Address 827, City 5"
ORD000818,CUST00374,2023-01-16,1,Shipped,"Address 861, City 6"
ORD000819,CUST00230,2023-07-04,6,Shipped,"Address 403, City 12"
ORD000820,CUST00796,2023-01-16,6,Cancelled,"Address 704, City 9"
ORD000821,CUST00584,2024-02-19,3,Returned,"Address 960, City 6"
ORD000822,CUST00585,2023-03-16,3,Cancelled,"Address 774, City 20"
ORD000823,CUST00571,2023-02-10,10,Pending,"Address 441, City 20"
ORD000824,CUST00555,2024-09-15,5,Completed,"Address 130, City 2"
ORD000825,CUST00818,2023-12-05,1,Pending,"Address 679, City 18"
ORD000826,CUST00999,2024-03-19,10,Delivered,"Address 299, City 5"
ORD000827,CUST00904,2023-11-02,10,Pending,"Address 567, City 3"
ORD000828,CUST00087,2024-10-24,5,Pending,"Address 469, City 2"
ORD000829,CUST00452,2024-11-01,2,Shipped,"Address 558, City 13"
ORD000830,CUST00400,2024-04-03,8,Pending,"Address 957, City 20"
ORD000831,CUST00282,2024-04-07,7,Returned,"Address 643, City 15"
ORD000832,CUST00626,2024-05-21,9,Returned,"Address 639, City 19"
ORD000833,CUST00518,2024-03-22,8,Shipped,"Address 133, City 11"
ORD000834,CUST00591,2024-06-12,4,Pending,"Address 659, City 18"
ORD000835,CUST00698,2023-11-22,9,,"Address 699, City 8"
ORD000836,CUST00054,2024-01-13,5,Pending,"Address 370, City 13"
ORD000837,CUST00746,2024-01-26,10,Cancelled,"Address 32, City 4"
ORD000838,CUST00287,2023-06-21,9,Pending,"Address 384, City 9"
ORD000839,CUST00187,2023-09-15,9,Returned,"Address 144, City 12"
ORD000840,CUST00302,2024-09-18,3,Pending,"Address 700, City 18"
ORD000841,CUST00868,2024-08-12,5,Shipped,"Address 200, City 18"
ORD000842,CUST00957,2024-08-09,2,Shipped,"Address 701, City 11"
ORD000843,CUST00546,2023-07-11,6,Cancelled,"Address 968, City 11"
ORD000844,CUST00172,2024-02-03,10,Returned,"Address 712, City 8"
ORD000845,CUST00543,2023-12-18,10,Delivered,"Address 882, City 17"
ORD000846,CUST00574,2023-04-19,7,Completed,"Address 502, City 17"
ORD000847,CUST00980,2023-09-27,7,Returned,"Address 625, City 11"
ORD000848,CUST00792,2025-05-14,5,Shipped,"Address 314, City 20"
ORD000849,CUST00899,2023-05-03,9,Completed,"Address 116, City 16"
ORD000850,CUST00496,2024-09-05,3,Returned,"Address 342, City 19"
ORD000851,CUST00276,2023-08-30,1,Delivered,"Address 315, City 3"
ORD000852,CUST00301,2023-11-30,8,Delivered,"Address 222, City 6"
ORD000853,CUST00635,2024-01-10,4,Cancelled,"Address 974, City 17"
ORD000854,CUST00244,2023-04-10,7,Delivered,"Address 983, City 20"
ORD000855,CUST00976,2023-09-30,3,Pending,"Address 291, City 3"
ORD000856,CUST00795,2023-02-06,6,Cancelled,"Address 971, City 4"
ORD000857,CUST00537,2024-08-28,8,Returned,"Address 135, City 16"
ORD000858,CUST00279,2023-01-07,6,Returned,"Address 878, City 12"
ORD000859,CUST00167,2024-02-16,3,Returned,"Address 829, City 14"
ORD000860,CUST00060,2024-03-02,6,Returned,"Address 812, City 15"
ORD000861,CUST00453,2024-07-05,5,Shipped,"Address 724, City 11"
ORD000862,CUST00346,2024-06-06,5,Delivered,"Address 433, City 12"
ORD000863,CUST00807,2023-11-21,10,Returned,"Address 981, City 20"
ORD000864,CUST00991,2023-05-02,2,Cancelled,"Address 27, City 5"
ORD000865,CUST00904,2023-01-07,1,Delivered,"Address 236, City 19"
ORD000866,CUST00900,2024-10-24,4,Shipped,"Address 899, City 4"
ORD000867,CUST00890,2023-11-30,6,Completed,"Address 493, City 2"
ORD000868,CUST00209,2024-06-18,7,Shipped,"Address 291, City 10"
ORD000869,CUST00872,2023-10-19,9,Cancelled,"Address 635, City 16"
ORD000870,CUST00512,2023-05-28,4,Pending,"Address 737, City 10"
ORD000871,CUST00424,2024-10-20,3,Shipped,"Address 528, City 6"
ORD000872,CUST00295,2024-01-13,4,Completed,"Address 825, City 6"
ORD000873,CUST00828,2024-07-10,2,Shipped,"Address 130, City 7"
ORD000874,CUST00147,2024-09-13,1,Returned,"Address 387, City 1"
ORD000875,CUST00533,2023-04-03,4,Cancelled,"Address 735, City 18"
ORD000876,CUST00354,2024-04-19,1,Cancelled,"Address 724, City 3"
ORD000877,CUST00467,2024-11-12,3,Delivered,"Address 329, City 9"
ORD000878,CUST00576,2024-01-07,5,Cancelled,"Address 585, City 2"
ORD000879,CUST00146,2023-11-30,10,Pending,"Address 392, City 18"
ORD000880,CUST00748,2023-09-04,2,Returned,"Address 736, City 15"
ORD000881,CUST00661,2023-05-04,8,Cancelled,"Address 204, City 15"
ORD000882,CUST00949,2023-08-11,10,Shipped,"Address 949, City 1"
ORD000883,CUST00187,2023-11-30,3,Returned,"Address 220, City 14"
ORD000884,CUST00979,2023-06-25,2,Delivered,"Address 600, City 3"
ORD000885,CUST00311,2024-10-17,4,Shipped,"Address 171, City 11"
ORD000886,CUST00373,2024-10-30,4,Returned,"Address 570, City 10"
ORD000887,CUST00428,2023-10-01,2,Pending,"Address 762, City 16"
ORD000888,CUST00166,2023-08-13,7,Completed,"Address 268, City 9"
ORD000889,CUST00831,2024-08-14,8,Pending,"Address 915, City 15"
ORD000890,CUST00845,2024-09-10,10,Shipped,"Address 451, City 3"
ORD000891,CUST00057,2023-06-15,6,Returned,"Address 540, City 16"
ORD000892,CUST00220,2023-04-26,8,Delivered,"Address 975, City 18"
ORD000893,CUST00249,2024-06-15,3,Pending,"Address 101, City 5"
ORD000894,CUST00407,2024-01-09,1,Shipped,"Address 46, City 9"
ORD000895,CUST00501,2024-07-21,10,Pending,"Address 532, City 17"
ORD000896,CUST00885,2024-06-02,10,Pending,"Address 758, City 12"
ORD000897,CUST00527,2024-11-14,6,Pending,"Address 947, City 2"
ORD000898,CUST00207,2023-02-11,1,Delivered,"Address 398, City 3"
ORD000899,CUST00876,2024-08-09,10,Cancelled,"Address 856, City 6"
ORD000900,CUST00893,2023-08-04,10,Completed,"Address 153, City 19"
ORD000901,CUST00798,2023-06-21,10,Pending,"Address 311, City 7"
ORD000902,CUST00284,2024-05-04,9,Returned,"Address 934, City 1"
ORD000903,CUST00426,2024-08-13,8,Pending,"Address 96, City 20"
ORD000904,CUST00149,2023-04-28,7,Shipped,"Address 119, City 7"
ORD000905,CUST00121,2023-06-11,8,Pending,"Address 118, City 20"
ORD000906,CUST00092,2024-11-20,2,Cancelled,"Address 936, City 6"
ORD000907,CUST00124,2023-02-12,10,Cancelled,"Address 352, City 17"
ORD000908,CUST00955,2024-03-24,4,Returned,"Address 220, City 2"
ORD000909,CUST00586,2023-10-28,4,Delivered,"Address 14, City 6"
ORD000910,CUST00667,2024-04-11,5,Completed,"Address 804, City 10"
ORD000911,CUST00103,2023-06-30,2,Returned,"Address 641, City 17"
ORD000912,CUST00945,2023-05-24,6,Returned,"Address 138, City 5"
ORD000913,CUST00294,2024-09-02,7,Returned,"Address 868, City 12"
ORD000914,CUST00739,2023-12-25,7,Completed,"Address 754, City 1"
ORD000915,CUST00733,2023-08-08,10,Shipped,"Address 598, City 16"
ORD000916,CUST00795,2023-01-18,2,Cancelled,"Address 283, City 7"
ORD000917,CUST00958,2024-03-10,6,Returned,"Address 315, City 5"
ORD000918,CUST00867,2023-08-06,1,Completed,"Address 798, City 5"
ORD000919,CUST00145,2023-01-27,8,Cancelled,"Address 629, City 6"
ORD000920,CUST00237,2024-05-05,9,Completed,"Address 635, City 2"
ORD000921,CUST00737,2024-03-29,2,Returned,"Address 234, City 5"
ORD000922,CUST00881,2023-05-10,5,Completed,"Address 268, City 6"
ORD000923,CUST00647,2024-12-01,1,Pending,"Address 34, City 8"
ORD000924,CUST00128,2023-03-02,1,Cancelled,"Address 578, City 15"
ORD000925,CUST00434,2024-01-13,5,Delivered,"Address 694, City 12"
ORD000926,CUST00292,2024-01-16,7,Shipped,"Address 862, City 4"
ORD000927,CUST00857,2023-05-21,5,Completed,"Address 569, City 2"
ORD000928,CUST00817,2023-05-02,9,Shipped,"Address 934, City 14"
ORD000929,CUST00236,2024-07-21,2,Delivered,"Address 93, City 16"
ORD000930,CUST00434,2023-06-15,9,Completed,"Address 832, City 12"
ORD000931,CUST00110,2024-04-03,3,Pending,"Address 351, City 2"
ORD000932,CUST00087,2024-04-19,4,Cancelled,"Address 253, City 2"
ORD000933,CUST00730,2024-04-18,4,Completed,"Address 295, City 12"
ORD000934,CUST00977,2024-06-27,5,Shipped,"Address 180, City 4"
ORD000935,CUST00026,2023-07-21,1,Shipped,"Address 881, City 17"
ORD000936,CUST00364,2024-11-23,8,Cancelled,"Address 509, City 1"
ORD000937,CUST00124,2023-07-29,9,,"Address 688, City 7"
ORD000938,CUST00413,2024-09-13,3,Cancelled,"Address 859, City 14"
ORD000939,CUST00448,2024-02-08,3,Returned,"Address 247, City 5"
ORD000940,CUST00020,2024-05-01,1,Delivered,"Address 436, City 4"
ORD000941,CUST00989,2023-11-15,6,Completed,"Address 815, City 4"
ORD000942,CUST00458,2023-02-21,10,Cancelled,"Address 259, City 2"
ORD000943,CUST00767,2023-01-21,5,Returned,"Address 566, City 3"
ORD000944,CUST00776,2024-07-30,5,Delivered,"Address 725, City 3"
ORD000945,CUST00804,2023-11-21,3,Returned,"Address 39, City 19"
ORD000946,CUST00663,2023-11-01,10,Cancelled,"Address 542, City 16"
ORD000947,CUST00230,2024-10-16,2,Returned,"Address 124, City 14"
ORD000948,CUST00618,2024-01-27,9,Completed,"Address 392, City 4"
ORD000949,CUST00222,2023-06-02,8,Completed,"Address 585, City 9"
ORD000950,CUST00239,2023-09-12,3,Cancelled,"Address 755, City 17"
ORD000951,CUST00606,2024-11-16,10,Returned,"Address 626, City 15"
ORD000952,CUST00069,2023-01-16,5,Cancelled,"Address 979, City 5"
ORD000953,CUST00220,2023-01-27,8,Cancelled,"Address 554, City 6"
ORD000954,CUST00092,2023-04-19,7,Shipped,"Address 676, City 1"
ORD000955,CUST00823,2024-10-07,5,Returned,"Address 819, City 3"
ORD000956,CUST00379,2023-08-29,10,Returned,"Address 799, City 19"
ORD000957,CUST00923,2024-04-04,3,Completed,"Address 986, City 1"
ORD000958,CUST00516,2024-07-04,10,Pending,"Address 835, City 3"
ORD000959,CUST00951,2024-07-13,7,Delivered,"Address 165, City 4"
ORD000960,CUST00970,2024-04-07,6,Pending,"Address 585, City 15"
ORD000961,CUST00383,2024-06-03,8,Returned,"Address 832, City 1"
ORD000962,CUST00554,2023-09-23,1,Delivered,"Address 96, City 6"
ORD000963,CUST00390,2023-07-13,10,Returned,"Address 783, City 3"
ORD000964,CUST00524,2023-06-11,8,Returned,"Address 170, City 20"
ORD000965,CUST00434,2024-11-17,9,Shipped,"Address 771, City 13"
ORD000966,CUST00966,2024-08-15,8,Completed,"Address 603, City 12"
ORD000967,CUST00731,2023-08-23,2,Completed,"Address 434, City 4"
ORD000968,CUST00438,2023-12-30,1,Returned,"Address 182, City 16"
ORD000969,CUST00691,2023-10-18,9,Delivered,"Address 363, City 4"
ORD000970,CUST00595,2024-04-16,7,Pending,"Address 620, City 14"
ORD000971,CUST00290,2024-10-17,10,Returned,"Address 272, City 20"
ORD000972,CUST00027,2024-03-15,5,Delivered,"Address 455, City 1"
ORD000973,CUST00575,2023-06-06,6,Shipped,"Address 956, City 12"
ORD000974,CUST00779,2024-08-16,4,Cancelled,"Address 560, City 5"
ORD000975,CUST00515,2023-01-01,10,Shipped,"Address 410, City 18"
ORD000976,CUST00234,2024-05-28,10,Cancelled,"Address 265, City 13"
ORD000977,CUST00155,2024-05-06,9,Returned,"Address 23, City 20"
ORD000978,CUST00092,2023-03-06,5,Completed,"Address 775, City 8"
ORD000979,CUST00678,2024-01-02,10,Shipped,"Address 895, City 7"
ORD000980,CUST00111,2024-02-22,4,Pending,"Address 1, City 11"
ORD000981,CUST00255,2023-07-11,1,Delivered,"Address 97, City 13"
ORD000982,CUST00799,2023-12-07,1,Delivered,"Address 286, City 10"
ORD000983,CUST00149,2024-05-22,5,Completed,"Address 666, City 2"
ORD000984,CUST00714,2023-07-17,5,Returned,"Address 866, City 3"
ORD000985,CUST00774,2024-04-26,8,Pending,"Address 529, City 5"
ORD000986,CUST00609,2023-09-22,9,Returned,"Address 560, City 18"
ORD000987,CUST00888,2023-01-03,7,Returned,"Address 279, City 3"
ORD000988,CUST00278,2024-03-29,7,Completed,"Address 860, City 11"
ORD000989,CUST00190,2024-09-29,7,Delivered,"Address 632, City 18"
ORD000990,CUST00825,2024-09-24,4,Returned,"Address 634, City 18"
ORD000991,CUST00320,2024-03-26,9,Delivered,"Address 888, City 3"
ORD000992,CUST00349,2023-12-02,10,Delivered,"Address 51, City 4"
ORD000993,CUST00629,2023-05-08,3,Pending,"Address 866, City 16"
ORD000994,CUST00253,2024-01-05,7,Completed,"Address 73, City 16"
ORD000995,CUST00433,2023-03-22,1,Returned,"Address 790, City 18"
ORD000996,CUST00213,2024-02-09,7,Cancelled,"Address 664, City 5"
ORD000997,CUST00528,2023-04-13,10,Delivered,"Address 389, City 16"
ORD000998,CUST00051,2023-01-08,1,Pending,"Address 827, City 5"
ORD000999,CUST00544,2023-11-02,10,Completed,"Address 386, City 13"
ORD001000,CUST00886,2024-11-29,5,Pending,"Address 629, City 14"
ORD001001,CUST00510,2024-03-17,7,Cancelled,"Address 15, City 10"
ORD001002,CUST00434,2023-11-19,6,Cancelled,"Address 914, City 1"
ORD001003,CUST00462,2024-08-07,5,Shipped,"Address 519, City 20"
ORD001004,CUST00436,2023-01-30,3,Delivered,"Address 415, City 13"
ORD001005,CUST00875,2023-05-14,3,Delivered,"Address 56, City 4"
ORD001006,CUST00648,2024-02-11,6,Delivered,"Address 55, City 1"
ORD001007,CUST00436,2024-11-22,3,Completed,"Address 302, City 6"
ORD001008,CUST00439,2024-04-07,8,Cancelled,"Address 138, City 11"
ORD001009,CUST00069,2024-09-19,7,Completed,"Address 727, City 4"
ORD001010,CUST00382,2023-04-05,9,Delivered,"Address 530, City 13"
ORD001011,CUST00007,2023-03-03,9,,"Address 529, City 13"
ORD001012,CUST00729,2024-05-07,8,Shipped,"Address 82, City 6"
ORD001013,CUST00610,2024-08-14,6,Completed,"Address 280, City 15"
ORD001014,CUST00736,2023-05-19,7,Shipped,"Address 436, City 3"
ORD001015,CUST00748,2023-05-31,2,Completed,"Address 258, City 8"
ORD001016,CUST00351,2024-05-05,4,Pending,"Address 396, City 18"
ORD001017,CUST00473,2023-02-19,9,Pending,"Address 272, City 17"
ORD001018,CUST00318,2023-06-29,3,Returned,"Address 239, City 17"
ORD001019,CUST00900,2023-11-29,5,Delivered,"Address 693, City 14"
ORD001020,CUST00313,2023-09-18,6,Cancelled,"Address 150, City 7"
ORD001021,CUST00115,2023-03-20,3,Shipped,"Address 459, City 10"
ORD001022,CUST00630,2024-07-04,8,Returned,"Address 87, City 15"
ORD001023,CUST00923,2024-03-24,7,Shipped,"Address 661, City 6"
ORD001024,CUST00174,2024-05-16,1,Returned,"Address 702, City 6"
ORD001025,CUST00920,2023-03-16,8,Completed,"Address 63, City 3"
ORD001026,CUST00803,2024-09-13,7,Completed,"Address 732, City 7"
ORD001027,CUST00396,2023-02-03,10,Shipped,"Address 559, City 17"
ORD001028,CUST00274,2023-05-29,10,Delivered,"Address 903, City 10"
ORD001029,CUST00037,2023-01-13,2,Pending,"Address 452, City 16"
ORD001030,CUST00294,2024-06-01,9,Cancelled,"Address 177, City 9"
ORD001031,CUST00261,2023-09-18,6,Cancelled,"Address 545, City 7"
ORD001032,CUST00901,2024-07-01,6,Cancelled,"Address 223, City 15"
ORD001033,CUST00110,2024-07-19,1,Pending,"Address 820, City 11"
ORD001034,CUST00660,2023-09-04,10,Returned,"Address 515, City 17"
ORD001035,CUST00262,2024-11-07,9,Returned,"Address 436, City 19"
ORD001036,CUST00527,2024-06-24,3,Pending,"Address 314, City 11"
ORD001037,CUST00593,2024-05-07,3,Completed,"Address 461, City 5"
ORD001038,CUST00386,2023-09-17,4,Completed,"Address 613, City 18"
ORD001039,CUST00728,2024-01-26,5,Shipped,"Address 852, City 18"
ORD001040,CUST00232,2024-10-26,10,Returned,"Address 582, City 4"
ORD001041,CUST01000,2023-06-04,2,Pending,"Address 31, City 13"
ORD001042,CUST00967,2023-06-10,10,Shipped,"Address 528, City 2"
ORD001043,CUST00571,2024-08-14,4,Completed,"Address 120, City 1"
ORD001044,CUST00236,2023-07-09,3,Completed,"Address 535, City 13"
ORD001045,CUST00445,2024-04-17,7,Completed,"Address 647, City 20"
ORD001046,CUST00889,2024-11-18,9,Pending,"Address 396, City 4"
ORD001047,CUST00561,2023-01-12,2,Shipped,"Address 816, City 3"
ORD001048,CUST00064,2023-10-23,4,Delivered,"Address 666, City 8"
ORD001049,CUST00967,2024-10-18,2,Completed,"Address 283, City 14"
ORD001050,CUST00657,2024-07-17,3,Delivered,"Address 603, City 11"
ORD001051,CUST00810,2024-11-23,2,Shipped,"Address 18, City 15"
ORD001052,CUST00938,2024-02-18,3,,"Address 286, City 11"
ORD001053,CUST00389,2024-08-25,8,Delivered,"Address 706, City 2"
ORD001054,CUST00444,2024-03-22,7,Completed,"Address 927, City 13"
ORD001055,CUST00307,2024-01-15,2,Pending,"Address 966, City 8"
ORD001056,CUST00002,2023-10-16,8,Completed,"Address 838, City 19"
ORD001057,CUST00791,2023-10-03,10,Returned,"Address 377, City 18"
ORD001058,CUST00441,2023-07-19,7,Delivered,"Address 387, City 18"
ORD001059,CUST00579,2024-08-04,10,Cancelled,"Address 804, City 1"
ORD001060,CUST00240,2024-06-24,9,Returned,"Address 651, City 19"
ORD001061,CUST00484,2023-05-02,9,Pending,"Address 801, City 20"
ORD001062,CUST00373,2023-03-16,1,Returned,"Address 372, City 15"
ORD001063,CUST00584,2023-03-21,8,Completed,"Address 243, City 5"
ORD001064,CUST00966,2023-01-23,2,Pending,"Address 368, City 15"
ORD001065,CUST00535,2024-10-08,10,Shipped,"Address 310, City 3"
ORD001066,CUST00876,2024-07-20,1,Returned,"Address 143, City 3"
ORD001067,CUST00370,2024-04-17,6,Completed,"Address 468, City 10"
ORD001068,CUST00688,2023-04-03,3,Cancelled,"Address 803, City 3"
ORD001069,CUST00555,2023-04-09,9,Completed,"Address 607, City 13"
ORD001070,CUST00447,2023-05-22,5,Shipped,"Address 489, City 11"
ORD001071,CUST00602,2024-06-08,2,Pending,"Address 936, City 9"
ORD001072,CUST00273,2024-01-11,3,Returned,"Address 301, City 12"
ORD001073,CUST00854,2024-05-12,1,Returned,"Address 866, City 19"
ORD001074,CUST00130,2023-05-25,6,Completed,"Address 19, City 2"
ORD001075,CUST00648,2023-03-06,7,Pending,"Address 420, City 9"
ORD001076,CUST00471,2023-02-24,3,Shipped,"Address 886, City 16"
ORD001077,CUST00516,2023-07-01,3,Returned,"Address 739, City 9"
ORD001078,CUST00060,2023-01-06,2,Pending,"Address 837, City 17"
ORD001079,CUST00165,2023-07-07,5,Shipped,"Address 430, City 3"
ORD001080,CUST00965,2025-02-02,9,Delivered,"Address 68, City 2"
ORD001081,CUST00966,2023-12-26,9,Completed,"Address 589, City 12"
ORD001082,CUST00626,2023-01-02,3,Completed,"Address 673, City 3"
ORD001083,CUST00191,2023-11-19,7,Completed,"Address 233, City 15"
ORD001084,CUST00841,2023-02-24,10,Completed,"Address 73, City 14"
ORD001085,CUST00322,2024-08-30,1,,"Address 928, City 3"
ORD001086,CUST00588,2024-05-31,5,Delivered,"Address 233, City 5"
ORD001087,CUST00535,2024-08-04,8,Returned,"Address 886, City 14"
ORD001088,CUST00135,2023-12-19,10,Cancelled,"Address 424, City 3"
ORD001089,CUST00813,2024-10-01,9,Cancelled,"Address 319, City 18"
ORD001090,CUST00219,2023-03-26,2,Delivered,"Address 361, City 18"
ORD001091,CUST00626,2024-11-10,7,Shipped,"Address 914, City 10"
ORD001092,CUST00995,2023-08-07,6,Returned,"Address 844, City 8"
ORD001093,CUST00893,2023-12-12,3,Completed,"Address 280, City 18"
ORD001094,CUST00040,2024-03-21,7,Returned,"Address 735, City 9"
ORD001095,CUST00954,2023-11-03,9,Returned,"Address 182, City 11"
ORD001096,CUST00392,2023-08-22,5,Shipped,"Address 339, City 11"
ORD001097,CUST00457,2023-02-24,8,Pending,"Address 369, City 15"
ORD001098,CUST00344,2024-09-26,6,Cancelled,"Address 579, City 6"
ORD001099,CUST00609,2023-01-10,1,Delivered,"Address 333, City 4"
ORD001100,CUST00506,2023-02-13,5,Pending,"Address 105, City 8"
ORD001101,CUST00974,2023-04-13,2,Cancelled,"Address 964, City 13"
ORD001102,CUST00616,2023-04-08,1,Delivered,"Address 456, City 13"
ORD001103,CUST00704,2023-02-25,3,Completed,"Address 636, City 12"
ORD001104,CUST00323,2023-08-28,5,Completed,"Address 1, City 3"
ORD001105,CUST00139,2024-11-13,3,Delivered,"Address 922, City 19"
ORD001106,CUST00893,2024-01-01,1,,"Address 778, City 2"
ORD001107,CUST00328,2023-03-22,2,Pending,"Address 929, City 12"
ORD001108,CUST00703,2024-11-01,10,Pending,"Address 348, City 2"
ORD001109,CUST00290,2024-03-24,1,Cancelled,"Address 454, City 7"
ORD001110,CUST00475,2023-05-13,10,Delivered,"Address 605, City 12"
ORD001111,CUST00029,2024-10-21,4,Completed,"Address 403, City 10"
ORD001112,CUST00637,2024-11-24,4,Pending,"Address 707, City 19"
ORD001113,CUST00004,2023-05-02,5,Completed,"Address 439, City 2"
ORD001114,CUST00627,2024-06-02,5,Returned,"Address 629, City 4"
ORD001115,CUST00670,2023-08-15,6,Returned,"Address 983, City 18"
ORD001116,CUST00355,2024-01-03,4,Pending,"Address 151, City 2"
ORD001117,CUST00398,2024-01-06,2,Cancelled,"Address 584, City 19"
ORD001118,CUST00660,2023-01-14,1,Cancelled,"Address 931, City 18"
ORD001119,CUST00076,2023-03-02,9,Cancelled,"Address 46, City 8"
ORD001120,CUST00513,2024-05-05,5,Shipped,"Address 980, City 7"
ORD001121,CUST00199,2024-11-09,10,Delivered,"Address 987, City 12"
ORD001122,CUST00022,2023-08-19,1,Cancelled,"Address 869, City 6"
ORD001123,CUST00336,2023-12-09,1,Pending,"Address 12, City 3"
ORD001124,CUST00218,2024-05-20,7,Shipped,"Address 189, City 10"
ORD001125,CUST00471,2023-04-19,9,Returned,"Address 192, City 19"
ORD001126,CUST00225,2023-06-03,4,Completed,"Address 755, City 2"
ORD001127,CUST00041,2024-08-08,7,Completed,"Address 6, City 18"
ORD001128,CUST00936,2024-07-23,7,Shipped,"Address 908, City 4"
ORD001129,CUST00394,2023-04-01,7,Shipped,"Address 7, City 10"
ORD001130,CUST00343,2024-11-25,8,Returned,"Address 557, City 15"
ORD001131,CUST00878,2023-11-28,10,Completed,"Address 755, City 19"
ORD001132,CUST00320,2024-03-09,3,Shipped,"Address 247, City 14"
ORD001133,CUST00824,2024-11-18,3,Pending,"Address 379, City 12"
ORD001134,CUST00192,2024-06-17,2,Cancelled,"Address 712, City 20"
ORD001135,CUST00002,2023-05-10,8,Delivered,"Address 232, City 18"
ORD001136,CUST00186,2023-01-07,4,Shipped,"Address 815, City 20"
ORD001137,CUST00176,2024-11-07,2,Returned,"Address 535, City 19"
ORD001138,CUST00741,2024-05-15,1,Returned,"Address 109, City 4"
ORD001139,CUST00448,2024-05-30,4,Delivered,"Address 84, City 19"
ORD001140,CUST00583,2023-11-17,8,Cancelled,"Address 708, City 4"
ORD001141,CUST00570,2024-01-26,9,Completed,"Address 792, City 11"
ORD001142,CUST00491,2023-08-31,9,Pending,"Address 222, City 3"
ORD001143,CUST00385,2024-07-14,10,Returned,"Address 492, City 6"
ORD001144,CUST00283,2024-06-05,6,Delivered,"Address 674, City 4"
ORD001145,CUST00142,2024-06-10,3,Cancelled,"Address 56, City 6"
ORD001146,CUST00219,2024-07-18,10,Shipped,"Address 859, City 8"
ORD001147,CUST00679,2023-05-19,3,Completed,"Address 499, City 9"
ORD001148,CUST00217,2024-11-01,3,Returned,"Address 68, City 14"
ORD001149,CUST00592,2024-01-04,10,Pending,"Address 130, City 1"
ORD001150,CUST00037,2023-05-11,4,Delivered,"Address 713, City 5"
ORD001151,CUST00873,2023-08-13,3,Cancelled,"Address 871, City 5"
ORD001152,CUST00250,2023-04-16,6,Completed,"Address 778, City 5"
ORD001153,CUST00096,2024-05-30,7,Completed,"Address 406, City 7"
ORD001154,CUST00699,2023-01-03,1,Returned,"Address 849, City 15"
ORD001155,CUST00471,2024-04-12,6,Returned,"Address 551, City 8"
ORD001156,CUST00787,2023-05-16,2,Pending,"Address 613, City 3"
ORD001157,CUST00700,2024-03-01,2,Cancelled,"Address 42, City 6"
ORD001158,CUST00768,2024-08-19,9,Completed,"Address 863, City 18"
ORD001159,CUST00069,2023-10-10,10,Shipped,"Address 84, City 7"
ORD001160,CUST00430,2023-05-02,8,,"Address 416, City 18"
ORD001161,CUST00993,2024-01-13,7,Cancelled,"Address 772, City 2"
ORD001162,CUST00240,2024-01-28,7,Completed,"Address 824, City 13"
ORD001163,CUST00371,2024-01-06,1,Delivered,"Address 803, City 9"
ORD001164,CUST00672,2023-11-04,1,Cancelled,"Address 202, City 10"
ORD001165,CUST00789,2024-09-11,4,Returned,"Address 9, City 10"
ORD001166,CUST00620,2024-10-24,7,Shipped,"Address 173, City 13"
ORD001167,CUST00445,2023-05-18,2,Shipped,"Address 805, City 14"
ORD001168,CUST00141,2024-11-12,6,Returned,"Address 273, City 5"
ORD001169,CUST00696,2023-04-14,9,Pending,"Address 41, City 18"
ORD001170,CUST00972,2024-05-19,10,Returned,"Address 638, City 14"
ORD001171,CUST00655,2023-06-01,4,Pending,"Address 616, City 19"
ORD001172,CUST00390,2024-11-30,5,Returned,"Address 246, City 5"
ORD001173,CUST00970,2023-10-16,8,Shipped,"Address 683, City 2"
ORD001174,CUST00545,2024-01-09,4,Delivered,"Address 973, City 2"
ORD001175,CUST00080,2023-09-04,2,Delivered,"Address 542, City 16"
ORD001176,CUST00029,2024-02-20,6,Delivered,"Address 479, City 13"
ORD001177,CUST00692,2024-07-31,5,Cancelled,"Address 730, City 9"
ORD001178,CUST00344,2024-10-12,4,Shipped,"Address 578, City 16"
ORD001179,CUST00403,2023-10-05,7,Returned,"Address 392, City 3"
ORD001180,CUST00214,2024-03-17,5,Shipped,"Address 379, City 1"
ORD001181,CUST00715,2024-07-02,1,Returned,"Address 314, City 17"
ORD001182,CUST00835,2023-03-31,6,Cancelled,"Address 331, City 12"
ORD001183,CUST00391,2024-08-12,7,Cancelled,"Address 874, City 8"
ORD001184,CUST00465,2023-01-14,5,Delivered,"Address 603, City 4"
ORD001185,CUST00186,2023-09-30,7,Delivered,"Address 684, City 9"
ORD001186,CUST00558,2024-10-28,10,Shipped,"Address 837, City 4"
ORD001187,CUST00796,2023-11-05,6,Shipped,"Address 58, City 15"
ORD001188,CUST00423,2024-08-03,4,Cancelled,"Address 985, City 1"
ORD001189,CUST00547,2023-01-31,2,Returned,"Address 942, City 6"
ORD001190,CUST00955,2023-05-26,2,Pending,"Address 95, City 18"
ORD001191,CUST00326,2023-10-15,3,Pending,"Address 918, City 6"
ORD001192,CUST00911,2024-03-19,9,Delivered,"Address 697, City 16"
ORD001193,CUST00116,2023-02-19,8,Shipped,"Address 957, City 1"
ORD001194,CUST00421,2024-06-25,6,Shipped,"Address 456, City 15"
ORD001195,CUST00136,2024-04-08,10,Pending,"Address 193, City 7"
ORD001196,CUST00004,2024-04-24,2,Completed,"Address 48, City 12"
ORD001197,CUST00834,2023-06-06,8,Completed,"Address 959, City 12"
ORD001198,CUST00665,2023-11-30,9,Completed,"Address 943, City 5"
ORD001199,CUST00877,2024-05-10,3,Completed,"Address 328, City 15"
ORD001200,CUST00868,2024-11-09,4,Completed,"Address 233, City 19"
ORD001201,CUST00788,2023-05-07,4,Returned,"Address 711, City 3"
ORD001202,CUST00169,2024-05-21,1,Shipped,"Address 355, City 12"
ORD001203,CUST00531,2023-06-07,7,Pending,"Address 661, City 6"
ORD001204,CUST00744,2024-08-12,8,Delivered,"Address 383, City 20"
ORD001205,CUST00848,2023-12-27,4,Shipped,"Address 656, City 15"
ORD001206,CUST00717,2023-08-21,10,Returned,"Address 179, City 1"
ORD001207,CUST00373,2023-10-22,8,Shipped,"Address 231, City 5"
ORD001208,CUST00434,2023-08-21,7,Delivered,"Address 481, City 13"
ORD001209,CUST00930,2023-04-04,1,Cancelled,"Address 192, City 13"
ORD001210,CUST00510,2024-09-13,2,Shipped,"Address 205, City 13"
ORD001211,CUST00102,2023-02-09,1,Shipped,"Address 363, City 18"
ORD001212,CUST00915,2023-08-16,9,Pending,"Address 724, City 3"
ORD001213,CUST00683,2024-05-19,7,Delivered,"Address 265, City 13"
ORD001214,CUST00206,2024-05-04,6,Delivered,"Address 215, City 7"
ORD001215,CUST00146,2023-06-06,3,Returned,"Address 109, City 20"
ORD001216,CUST00260,2023-10-27,3,Pending,"Address 580, City 5"
ORD001217,CUST00702,2024-11-11,3,Delivered,"Address 387, City 6"
ORD001218,CUST00346,2024-09-24,4,Completed,"Address 249, City 16"
ORD001219,CUST00069,2023-09-08,2,Delivered,"Address 813, City 16"
ORD001220,CUST00108,2023-10-10,4,,"Address 235, City 18"
ORD001221,CUST00791,2023-11-09,2,Delivered,"Address 910, City 3"
ORD001222,CUST00794,2023-08-14,7,Pending,"Address 804, City 10"
ORD001223,CUST00409,2024-11-10,4,Pending,"Address 375, City 13"
ORD001224,CUST00322,2023-03-06,5,Completed,"Address 258, City 19"
ORD001225,CUST00819,2023-03-16,3,Pending,"Address 89, City 14"
ORD001226,CUST00074,2023-10-02,2,Pending,"Address 439, City 9"
ORD001227,CUST00584,2023-01-18,2,Cancelled,"Address 217, City 19"
ORD001228,CUST00462,2023-11-25,9,Shipped,"Address 823, City 1"
ORD001229,CUST00019,2023-05-21,5,Shipped,"Address 73, City 20"
ORD001230,CUST00509,2024-10-29,2,Pending,"Address 315, City 3"
ORD001231,CUST00586,2023-07-26,4,Cancelled,"Address 636, City 13"
ORD001232,CUST00545,2024-04-18,10,Cancelled,"Address 978, City 17"
ORD001233,CUST00221,2024-04-30,2,Cancelled,"Address 237, City 3"
ORD001234,CUST00789,2024-09-08,3,Pending,"Address 783, City 1"
ORD001235,CUST00983,2024-04-16,6,Returned,"Address 487, City 18"
ORD001236,CUST00361,2024-03-06,4,Shipped,"Address 702, City 19"
ORD001237,CUST00208,2023-11-13,2,Pending,"Address 337, City 10"
ORD001238,CUST00032,2023-07-12,9,Returned,"Address 187, City 8"
ORD001239,CUST00149,2023-05-08,1,Returned,"Address 863, City 1"
ORD001240,CUST00498,2023-12-24,7,Delivered,"Address 468, City 10"
ORD001241,CUST00008,2024-05-06,1,,"Address 575, City 15"
ORD001242,CUST00314,2024-02-10,5,Cancelled,"Address 305, City 19"
ORD001243,CUST00608,2024-04-03,8,Completed,"Address 207, City 13"
ORD001244,CUST00437,2023-12-22,1,Delivered,"Address 417, City 8"
ORD001245,CUST00323,2023-12-28,4,Completed,"Address 396, City 9"
ORD001246,CUST00437,2024-08-01,10,Cancelled,"Address 113, City 19"
ORD001247,CUST00367,2024-10-27,3,Cancelled,"Address 211, City 2"
ORD001248,CUST00608,2024-01-15,8,Shipped,"Address 113, City 6"
ORD001249,CUST00165,2024-06-25,8,Shipped,"Address 241, City 3"
ORD001250,CUST00629,2023-11-18,5,Returned,"Address 861, City 19"
ORD001251,CUST00627,2023-12-10,7,Delivered,"Address 446, City 8"
ORD001252,CUST00996,2023-11-02,6,Delivered,"Address 315, City 9"
ORD001253,CUST00811,2023-03-16,5,Cancelled,"Address 618, City 19"
ORD001254,CUST00772,2023-09-08,10,Pending,"Address 265, City 9"
ORD001255,CUST00462,2024-08-15,5,Delivered,"Address 271, City 1"
ORD001256,CUST00778,2024-06-22,9,Shipped,"Address 337, City 17"
ORD001257,CUST00132,2024-03-06,10,Pending,"Address 590, City 18"
ORD001258,CUST00790,2024-10-19,9,Delivered,"Address 162, City 4"
ORD001259,CUST00916,2023-01-09,10,Completed,"Address 118, City 16"
ORD001260,CUST00491,2023-02-14,6,Returned,"Address 294, City 14"
ORD001261,CUST00345,2024-01-15,8,Shipped,"Address 129, City 2"
ORD001262,CUST00011,2023-09-08,1,Returned,"Address 312, City 13"
ORD001263,CUST00152,2023-03-07,10,Completed,"Address 145, City 12"
ORD001264,CUST00140,2023-04-20,2,Cancelled,"Address 403, City 12"
ORD001265,CUST00724,2024-06-25,10,Delivered,"Address 644, City 16"
ORD001266,CUST00569,2023-01-03,7,Completed,"Address 625, City 7"
ORD001267,CUST00268,2023-03-12,6,Shipped,"Address 336, City 13"
ORD001268,CUST00227,2024-02-02,2,Returned,"Address 50, City 7"
ORD001269,CUST00912,2023-10-31,3,Cancelled,"Address 687, City 5"
ORD001270,CUST00879,2023-02-04,4,Cancelled,"Address 272, City 14"
ORD001271,CUST00672,2023-08-01,2,,"Address 462, City 19"
ORD001272,CUST00517,2024-03-01,7,Returned,"Address 34, City 18"
ORD001273,CUST00322,2024-10-28,3,Delivered,"Address 597, City 2"
ORD001274,CUST00908,2023-06-06,2,Cancelled,"Address 293, City 3"
ORD001275,CUST00270,2024-04-21,4,Delivered,"Address 327, City 2"
ORD001276,CUST00234,2023-06-08,9,Delivered,"Address 168, City 6"
ORD001277,CUST00625,2024-07-26,5,Delivered,"Address 770, City 11"
ORD001278,CUST00204,2023-06-13,4,Shipped,"Address 240, City 1"
ORD001279,CUST00017,2023-05-20,3,Returned,"Address 221, City 7"
ORD001280,CUST00236,2023-01-11,1,Delivered,"Address 452, City 3"
ORD001281,CUST00687,2023-05-06,7,Delivered,"Address 11, City 15"
ORD001282,CUST00146,2024-03-13,8,Delivered,"Address 323, City 8"
ORD001283,CUST00178,2023-02-28,5,Shipped,"Address 965, City 6"
ORD001284,CUST00753,2023-08-25,10,Delivered,"Address 175, City 8"
ORD001285,CUST00222,2023-01-30,5,Shipped,"Address 554, City 10"
ORD001286,CUST00070,2024-04-14,10,Completed,"Address 735, City 6"
ORD001287,CUST00678,2023-06-17,3,Delivered,"Address 834, City 14"
ORD001288,CUST00677,2023-09-23,9,Completed,"Address 488, City 16"
ORD001289,CUST00845,2023-11-25,5,Returned,"Address 616, City 6"
ORD001290,CUST00052,2023-09-28,7,Returned,"Address 894, City 15"
ORD001291,CUST00808,2023-06-07,8,Delivered,"Address 954, City 3"
ORD001292,CUST00160,2023-07-04,6,Returned,"Address 352, City 13"
ORD001293,CUST00777,2024-02-08,9,Delivered,"Address 743, City 5"
ORD001294,CUST00498,2023-09-11,4,Cancelled,"Address 964, City 3"
ORD001295,CUST00103,2023-07-10,3,Completed,"Address 469, City 17"
ORD001296,CUST00242,2023-02-12,6,Returned,"Address 941, City 20"
ORD001297,CUST00686,2023-02-21,2,Completed,"Address 497, City 10"
ORD001298,CUST00818,2023-02-06,4,Delivered,"Address 995, City 20"
ORD001299,CUST00258,2024-09-24,6,Delivered,"Address 919, City 4"
ORD001300,CUST00105,2024-05-20,3,Cancelled,"Address 767, City 9"
ORD001301,CUST00226,2023-09-13,9,Shipped,"Address 878, City 10"
ORD001302,CUST00148,2023-06-03,2,Cancelled,"Address 702, City 9"
ORD001303,CUST00901,2024-08-28,7,Shipped,"Address 758, City 1"
ORD001304,CUST00837,2024-07-06,4,Delivered,"Address 454, City 1"
ORD001305,CUST00515,2023-11-09,9,Returned,"Address 339, City 1"
ORD001306,CUST00476,2023-10-05,1,Completed,"Address 629, City 13"
ORD001307,CUST00701,2024-06-03,6,Delivered,"Address 699, City 15"
ORD001308,CUST00264,2024-05-23,10,Shipped,"Address 650, City 7"
ORD001309,CUST00971,2023-06-13,10,Cancelled,"Address 190, City 15"
ORD001310,CUST00486,2024-05-24,6,Shipped,"Address 581, City 5"
ORD001311,CUST00429,2023-01-18,2,Delivered,"Address 146, City 20"
ORD001312,CUST00029,2023-05-18,6,Shipped,"Address 293, City 4"
ORD001313,CUST00331,2023-03-15,7,Shipped,"Address 324, City 19"
ORD001314,CUST00239,2024-02-16,7,Pending,"Address 158, City 14"
ORD001315,CUST00847,2023-06-26,10,Pending,"Address 185, City 2"
ORD001316,CUST00387,2024-03-17,2,Delivered,"Address 28, City 18"
ORD001317,CUST00100,2023-12-14,4,Completed,"Address 552, City 2"
ORD001318,CUST00280,2023-02-14,10,Shipped,"Address 161, City 3"
ORD001319,CUST00086,2024-10-19,3,Completed,"Address 178, City 3"
ORD001320,CUST00768,2024-01-17,5,Completed,"Address 552, City 5"
ORD001321,CUST00557,2024-03-21,7,Cancelled,"Address 9, City 4"
ORD001322,CUST00113,2024-08-19,9,Returned,"Address 399, City 10"
ORD001323,CUST00769,2024-11-08,3,Pending,"Address 814, City 13"
ORD001324,CUST00584,2023-07-01,9,Cancelled,"Address 538, City 16"
ORD001325,CUST00852,2023-09-08,6,Pending,"Address 654, City 13"
ORD001326,CUST00969,2023-10-16,7,Pending,"Address 446, City 5"
ORD001327,CUST00304,2023-08-11,3,Shipped,"Address 447, City 5"
ORD001328,CUST00077,2023-07-03,4,Delivered,"Address 47, City 10"
ORD001329,CUST00627,2023-06-17,5,Completed,"Address 498, City 17"
ORD001330,CUST00792,2024-08-04,2,Returned,"Address 846, City 14"
ORD001331,CUST00625,2024-08-25,10,Delivered,"Address 540, City 4"
ORD001332,CUST00165,2024-10-29,9,Completed,"Address 21, City 2"
ORD001333,CUST00897,2023-08-13,7,Completed,"Address 764, City 6"
ORD001334,CUST00064,2023-01-03,1,Shipped,"Address 553, City 11"
ORD001335,CUST00558,2024-07-17,7,Completed,"Address 647, City 2"
ORD001336,CUST00830,2023-12-01,3,Returned,"Address 564, City 1"
ORD001337,CUST00567,2023-12-30,3,Returned,"Address 798, City 19"
ORD001338,CUST00064,2024-09-18,1,Returned,"Address 168, City 15"
ORD001339,CUST00956,2024-03-22,4,Shipped,"Address 911, City 7"
ORD001340,CUST00625,2024-05-28,7,Shipped,"Address 496, City 14"
ORD001341,CUST00518,2023-03-27,6,Pending,"Address 935, City 13"
ORD001342,CUST00408,2023-07-01,8,Cancelled,"Address 989, City 4"
ORD001343,CUST00997,2023-01-01,2,Pending,"Address 161, City 7"
ORD001344,CUST00735,2023-08-20,10,Pending,"Address 521, City 8"
ORD001345,CUST00920,2023-12-24,3,Returned,"Address 65, City 17"
ORD001346,CUST00334,2024-05-03,1,Cancelled,"Address 98, City 2"
ORD001347,CUST00774,2025-03-08,6,Shipped,"Address 921, City 18"
ORD001348,CUST00103,2024-06-19,5,Completed,"Address 479, City 20"
ORD001349,CUST00980,2024-03-31,7,Returned,"Address 361, City 19"
ORD001350,CUST00594,2024-03-05,9,Returned,"Address 359, City 16"
ORD001351,CUST00753,2023-07-02,1,Pending,"Address 401, City 13"
ORD001352,CUST00713,2024-01-13,7,Shipped,"Address 363, City 19"
ORD001353,CUST00142,2023-04-07,6,Delivered,"Address 608, City 19"
ORD001354,CUST00352,2023-06-16,6,Delivered,"Address 644, City 1"
ORD001355,CUST00756,2024-03-31,5,Returned,"Address 24, City 15"
ORD001356,CUST00643,2023-10-02,8,Returned,"Address 605, City 10"
ORD001357,CUST00783,2023-03-06,8,Cancelled,"Address 576, City 1"
ORD001358,CUST00801,2024-07-20,10,Pending,"Address 262, City 18"
ORD001359,CUST00703,2023-12-27,10,Delivered,"Address 78, City 17"
ORD001360,CUST00822,2023-07-18,10,Delivered,"Address 474, City 8"
ORD001361,CUST00860,2023-10-23,8,Pending,"Address 409, City 19"
ORD001362,CUST00828,2024-07-03,9,Cancelled,"Address 599, City 18"
ORD001363,CUST00272,2023-01-29,5,Returned,"Address 656, City 17"
ORD001364,CUST00897,2024-02-08,1,Shipped,"Address 909, City 2"
ORD001365,CUST00409,2023-06-17,3,Completed,"Address 297, City 18"
ORD001366,CUST00924,2024-09-08,1,,"Address 278, City 18"
ORD001367,CUST00368,2024-09-15,9,Shipped,"Address 899, City 18"
ORD001368,CUST00569,2024-08-09,4,Completed,"Address 313, City 18"
ORD001369,CUST00243,2024-07-18,10,Cancelled,"Address 876, City 4"
ORD001370,CUST00356,2024-07-20,7,Shipped,"Address 948, City 15"
ORD001371,CUST00938,2024-01-15,1,Shipped,"Address 354, City 13"
ORD001372,CUST00413,2024-11-26,2,Returned,"Address 209, City 1"
ORD001373,CUST00397,2024-01-02,5,Delivered,"Address 197, City 15"
ORD001374,CUST00681,2024-07-08,5,Returned,"Address 780, City 16"
ORD001375,CUST00670,2023-01-20,2,Shipped,"Address 659, City 2"
ORD001376,CUST00116,2023-02-01,4,Pending,"Address 237, City 9"
ORD001377,CUST00311,2023-10-30,5,Returned,"Address 403, City 16"
ORD001378,CUST00682,2023-10-08,6,Returned,"Address 411, City 12"
ORD001379,CUST00309,2023-06-18,1,Shipped,"Address 933, City 12"
ORD001380,CUST00612,2024-09-17,7,Shipped,"Address 436, City 6"
ORD001381,CUST00962,2023-07-08,3,Completed,"Address 221, City 10"
ORD001382,CUST00813,2024-03-26,1,Delivered,"Address 399, City 10"
ORD001383,CUST00296,2024-07-08,6,Shipped,"Address 335, City 6"
ORD001384,CUST00869,2024-04-08,4,Delivered,"Address 851, City 3"
ORD001385,CUST00295,2023-05-21,6,Shipped,"Address 719, City 20"
ORD001386,CUST00004,2023-02-27,4,Pending,"Address 94, City 3"
ORD001387,CUST00243,2024-04-28,3,Cancelled,"Address 436, City 9"
ORD001388,CUST00658,2024-07-02,9,Returned,"Address 329, City 11"
ORD001389,CUST00333,2024-07-21,3,Pending,"Address 698, City 12"
ORD001390,CUST00730,2023-05-24,6,Completed,"Address 336, City 16"
ORD001391,CUST00630,2024-01-13,2,Completed,"Address 54, City 17"
ORD001392,CUST00049,2024-10-14,6,Completed,"Address 466, City 10"
ORD001393,CUST00483,2023-10-03,4,Pending,"Address 791, City 5"
ORD001394,CUST00449,2023-11-01,9,Pending,"Address 854, City 15"
ORD001395,CUST00365,2023-05-02,10,Returned,"Address 267, City 10"
ORD001396,CUST00209,2024-09-09,1,Cancelled,"Address 32, City 8"
ORD001397,CUST00128,2023-07-19,9,Completed,"Address 71, City 7"
ORD001398,CUST00846,2023-09-03,9,Shipped,"Address 39, City 17"
ORD001399,CUST00519,2024-04-30,9,Returned,"Address 814, City 6"
ORD001400,CUST00557,2024-05-06,8,Delivered,"Address 446, City 6"
ORD001401,CUST00701,2023-11-20,2,Completed,"Address 314, City 14"
ORD001402,CUST00852,2023-12-01,4,Pending,"Address 832, City 17"
ORD001403,CUST00104,2023-02-21,9,Completed,"Address 703, City 16"
ORD001404,CUST00300,2023-07-12,5,Cancelled,"Address 491, City 15"
ORD001405,CUST00956,2024-01-23,3,Cancelled,"Address 67, City 10"
ORD001406,CUST00215,2023-08-18,7,Returned,"Address 910, City 13"
ORD001407,CUST00813,2024-10-06,7,Delivered,"Address 602, City 19"
ORD001408,CUST00810,2024-08-22,1,Completed,"Address 610, City 18"
ORD001409,CUST00492,2023-12-15,4,Returned,"Address 853, City 11"
ORD001410,CUST00098,2023-06-17,2,Cancelled,"Address 298, City 10"
ORD001411,CUST00667,2023-06-24,5,Pending,"Address 796, City 17"
ORD001412,CUST00635,2023-11-01,10,Returned,"Address 175, City 18"
ORD001413,CUST00844,2024-01-15,8,Pending,"Address 773, City 17"
ORD001414,CUST00969,2023-05-10,9,Returned,"Address 147, City 3"
ORD001415,CUST00764,2024-03-27,10,Returned,"Address 919, City 3"
ORD001416,CUST00307,2023-05-21,9,Pending,"Address 881, City 15"
ORD001417,CUST00474,2023-03-25,1,Returned,"Address 938, City 9"
ORD001418,CUST00831,2023-12-03,2,Shipped,"Address 779, City 6"
ORD001419,CUST00401,2024-06-19,9,Shipped,"Address 654, City 1"
ORD001420,CUST00541,2023-08-03,9,Cancelled,"Address 117, City 3"
ORD001421,CUST00252,2024-08-14,10,Cancelled,"Address 82, City 9"
ORD001422,CUST00591,2023-12-11,1,Completed,"Address 633, City 19"
ORD001423,CUST00867,2024-10-07,3,Cancelled,"Address 49, City 12"
ORD001424,CUST00152,2023-11-20,9,Cancelled,"Address 227, City 12"
ORD001425,CUST00644,2023-04-02,6,Returned,"Address 773, City 15"
ORD001426,CUST00788,2023-01-13,6,Pending,"Address 765, City 4"
ORD001427,CUST00590,2023-05-05,4,Completed,"Address 982, City 18"
ORD001428,CUST00874,2023-05-09,10,Delivered,"Address 887, City 11"
ORD001429,CUST00125,2023-12-24,4,Completed,"Address 707, City 17"
ORD001430,CUST00847,2023-12-02,9,Returned,"Address 44, City 10"
ORD001431,CUST00063,2023-12-02,3,Pending,"Address 411, City 3"
ORD001432,CUST00956,2023-12-18,9,Cancelled,"Address 144, City 15"
ORD001433,CUST00223,2023-03-22,6,Returned,"Address 252, City 7"
ORD001434,CUST00248,2023-12-28,10,Completed,"Address 558, City 11"
ORD001435,CUST00093,2024-03-16,6,Delivered,"Address 253, City 3"
ORD001436,CUST00343,2024-10-28,7,Shipped,"Address 582, City 6"
ORD001437,CUST00356,2024-01-01,2,Delivered,"Address 980, City 20"
ORD001438,CUST00676,2023-02-13,3,Shipped,"Address 187, City 15"
ORD001439,CUST00876,2023-01-29,3,Cancelled,"Address 666, City 13"
ORD001440,CUST00005,2024-02-24,6,Delivered,"Address 85, City 13"
ORD001441,CUST00263,2023-09-19,2,Pending,"Address 36, City 4"
ORD001442,CUST00714,2024-09-30,8,Delivered,"Address 210, City 11"
ORD001443,CUST00894,2024-07-02,5,Delivered,"Address 383, City 4"
ORD001444,CUST00194,2023-02-08,9,Shipped,"Address 220, City 1"
ORD001445,CUST00147,2023-09-28,8,Cancelled,"Address 878, City 17"
ORD001446,CUST00270,2023-04-15,5,Cancelled,"Address 774, City 19"
ORD001447,CUST00607,2023-08-24,6,Completed,"Address 589, City 2"
ORD001448,CUST00508,2024-03-04,7,Pending,"Address 642, City 1"
ORD001449,CUST00178,2024-08-06,3,Delivered,"Address 522, City 15"
ORD001450,CUST00893,2023-10-04,6,Delivered,"Address 724, City 8"
ORD001451,CUST00551,2023-12-03,8,Cancelled,"Address 273, City 7"
ORD001452,CUST00658,2023-01-22,7,Returned,"Address 808, City 4"
ORD001453,CUST00860,2024-01-28,5,Completed,"Address 970, City 7"
ORD001454,CUST00516,2024-08-27,9,Returned,"Address 562, City 16"
ORD001455,CUST00668,2024-03-29,6,Shipped,"Address 220, City 13"
ORD001456,CUST00780,2023-10-18,8,Delivered,"Address 735, City 1"
ORD001457,CUST00013,2024-09-11,10,Delivered,"Address 846, City 14"
ORD001458,CUST00191,2023-01-24,9,Shipped,"Address 807, City 6"
ORD001459,CUST00947,2023-02-10,5,Shipped,"Address 239, City 3"
ORD001460,CUST00036,2025-09-17,6,Shipped,"Address 777, City 9"
ORD001461,CUST00021,2023-03-09,1,Cancelled,"Address 859, City 9"
ORD001462,CUST00579,2023-04-13,4,Delivered,"Address 246, City 18"
ORD001463,CUST00078,2024-10-20,1,Pending,"Address 102, City 5"
ORD001464,CUST00769,2023-05-28,5,Cancelled,"Address 748, City 18"
ORD001465,CUST00155,2024-05-01,7,Returned,"Address 188, City 6"
ORD001466,CUST00081,2024-01-18,8,Shipped,"Address 15, City 9"
ORD001467,CUST00690,2024-10-23,4,Completed,"Address 849, City 20"
ORD001468,CUST00037,2023-02-22,4,Returned,"Address 705, City 13"
ORD001469,CUST00052,2023-08-09,8,,"Address 460, City 6"
ORD001470,CUST00957,2023-02-27,3,Completed,"Address 799, City 8"
ORD001471,CUST00915,2024-02-05,7,Completed,"Address 202, City 14"
ORD001472,CUST00598,2024-07-10,1,,"Address 620, City 11"
ORD001473,CUST00062,2023-01-31,2,Shipped,"Address 818, City 19"
ORD001474,CUST00027,2023-01-13,8,Cancelled,"Address 771, City 2"
ORD001475,CUST00463,2024-11-01,3,Completed,"Address 833, City 13"
ORD001476,CUST00043,2024-08-02,9,Completed,"Address 508, City 5"
ORD001477,CUST00123,2023-07-10,1,Delivered,"Address 945, City 9"
ORD001478,CUST00812,2024-02-22,2,Completed,"Address 561, City 3"
ORD001479,CUST00855,2024-04-30,1,Delivered,"Address 56, City 5"
ORD001480,CUST00778,2023-08-19,5,Shipped,"Address 148, City 3"
ORD001481,CUST00407,2024-10-25,1,Shipped,"Address 602, City 9"
ORD001482,CUST00146,2023-03-26,1,Delivered,"Address 457, City 16"
ORD001483,CUST00385,2023-07-04,10,Pending,"Address 657, City 12"
ORD001484,CUST00097,2023-11-20,4,Cancelled,"Address 668, City 15"
ORD001485,CUST00838,2024-09-09,5,Completed,"Address 694, City 5"
ORD001486,CUST00971,2023-10-04,6,Delivered,"Address 360, City 4"
ORD001487,CUST00038,2024-01-27,3,Returned,"Address 328, City 18"
ORD001488,CUST00945,2024-08-18,2,Cancelled,"Address 415, City 10"
ORD001489,CUST00822,2024-09-13,9,Delivered,"Address 439, City 17"
ORD001490,CUST00432,2024-11-21,3,Cancelled,"Address 930, City 1"
ORD001491,CUST00539,2024-05-27,5,Delivered,"Address 768, City 8"
ORD001492,CUST00841,2024-03-24,9,Returned,"Address 34, City 16"
ORD001493,CUST00635,2023-10-26,10,Cancelled,"Address 52, City 13"
ORD001494,CUST00755,2024-08-07,9,Shipped,"Address 986, City 5"
ORD001495,CUST00805,2023-07-22,6,Delivered,"Address 523, City 14"
ORD001496,CUST00460,2023-10-04,1,Completed,"Address 989, City 17"
ORD001497,CUST00327,2024-02-25,5,Shipped,"Address 10, City 6"
ORD001498,CUST00171,2023-03-09,4,Cancelled,"Address 761, City 5"
ORD001499,CUST00368,2023-01-15,6,,"Address 224, City 1"
ORD001500,CUST00022,2023-03-04,1,Cancelled,"Address 299, City 13"
ORD001501,CUST00246,2025-04-09,10,Completed,"Address 534, City 19"
ORD001502,CUST00093,2024-08-04,2,Cancelled,"Address 24, City 19"
ORD001503,CUST00394,2023-04-05,10,Pending,"Address 241, City 5"
ORD001504,CUST00207,2024-05-21,8,Returned,"Address 968, City 19"
ORD001505,CUST00758,2024-04-15,10,Completed,"Address 751, City 11"
ORD001506,CUST00557,2023-11-04,2,Returned,"Address 265, City 13"
ORD001507,CUST00042,2023-09-08,1,Returned,"Address 996, City 19"
ORD001508,CUST00284,2024-06-11,4,Completed,"Address 741, City 8"
ORD001509,CUST00085,2024-04-01,2,Completed,"Address 679, City 20"
ORD001510,CUST00662,2024-07-22,6,Delivered,"Address 778, City 19"
ORD001511,CUST00154,2023-11-13,1,Delivered,"Address 681, City 1"
ORD001512,CUST00372,2023-03-12,4,Shipped,"Address 421, City 1"
ORD001513,CUST00330,2024-04-02,7,Returned,"Address 291, City 19"
ORD001514,CUST00884,2023-10-07,7,Shipped,"Address 98, City 2"
ORD001515,CUST00142,2024-07-17,5,Pending,"Address 143, City 18"
ORD001516,CUST00706,2023-04-04,9,Shipped,"Address 526, City 15"
ORD001517,CUST00945,2024-09-02,5,Shipped,"Address 401, City 5"
ORD001518,CUST00544,2023-02-04,6,Completed,"Address 706, City 11"
ORD001519,CUST00479,2023-05-20,4,Delivered,"Address 198, City 14"
ORD001520,CUST00164,2023-11-16,4,Cancelled,"Address 302, City 3"
ORD001521,CUST00635,2023-06-13,2,Returned,"Address 565, City 11"
ORD001522,CUST00563,2023-04-20,2,Completed,"Address 806, City 11"
ORD001523,CUST00579,2023-12-21,1,Cancelled,"Address 33, City 2"
ORD001524,CUST00617,2024-04-20,3,Delivered,"Address 25, City 2"
ORD001525,CUST00131,2023-03-29,9,Shipped,"Address 31, City 3"
ORD001526,CUST00206,2023-06-29,3,Pending,"Address 360, City 3"
ORD001527,CUST00031,2023-05-09,5,Pending,"Address 510, City 14"
ORD001528,CUST00770,2024-03-21,6,Pending,"Address 773, City 9"
ORD001529,CUST00391,2023-11-16,1,Delivered,"Address 916, City 5"
ORD001530,CUST00430,2024-03-26,4,Delivered,"Address 990, City 1"
ORD001531,CUST00637,2023-04-20,2,Completed,"Address 737, City 7"
ORD001532,CUST00504,2023-11-13,3,Delivered,"Address 432, City 3"
ORD001533,CUST00420,2024-05-17,9,Delivered,"Address 768, City 5"
ORD001534,CUST00685,2024-04-14,3,Completed,"Address 868, City 14"
ORD001535,CUST00958,2024-02-01,6,Cancelled,"Address 877, City 5"
ORD001536,CUST00079,2023-10-10,10,Cancelled,"Address 453, City 17"
ORD001537,CUST00810,2023-10-04,10,Cancelled,"Address 679, City 6"
ORD001538,CUST00062,2024-08-15,4,Completed,"Address 956, City 4"
ORD001539,CUST00311,2024-06-06,9,Delivered,"Address 129, City 8"
ORD001540,CUST00885,2023-11-17,5,Delivered,"Address 744, City 14"
ORD001541,CUST00561,2024-01-23,3,Shipped,"Address 810, City 14"
ORD001542,CUST00620,2023-09-16,6,Delivered,"Address 177, City 1"
ORD001543,CUST00676,2024-02-14,5,Pending,"Address 785, City 4"
ORD001544,CUST00687,2023-04-14,10,Shipped,"Address 83, City 17"
ORD001545,CUST00475,2023-05-31,4,,"Address 240, City 10"
ORD001546,CUST00346,2023-08-19,10,Returned,"Address 515, City 6"
ORD001547,CUST00541,2023-03-08,9,Cancelled,"Address 415, City 13"
ORD001548,CUST00887,2023-09-23,1,Completed,"Address 45, City 6"
ORD001549,CUST00165,2023-04-04,6,Pending,"Address 85, City 6"
ORD001550,CUST00884,2023-09-11,1,Cancelled,"Address 626, City 17"
ORD001551,CUST00005,2024-03-10,4,Completed,"Address 658, City 17"
ORD001552,CUST00055,2024-01-30,1,Completed,"Address 207, City 4"
ORD001553,CUST00458,2024-08-31,9,Returned,"Address 981, City 2"
ORD001554,CUST00092,2023-03-24,5,Completed,"Address 942, City 16"
ORD001555,CUST00247,2023-04-30,2,Cancelled,"Address 604, City 15"
ORD001556,CUST00569,2024-10-29,7,Pending,"Address 646, City 13"
ORD001557,CUST00779,2023-06-09,6,Returned,"Address 53, City 17"
ORD001558,CUST00101,2023-09-22,10,Pending,"Address 537, City 11"
ORD001559,CUST00944,2024-01-09,1,Completed,"Address 449, City 11"
ORD001560,CUST00346,2023-08-17,9,Completed,"Address 945, City 6"
ORD001561,CUST00542,2024-07-25,8,Completed,"Address 799, City 15"
ORD001562,CUST00779,2024-09-05,1,Cancelled,"Address 426, City 4"
ORD001563,CUST00029,2024-03-12,9,Completed,"Address 482, City 5"
ORD001564,CUST00916,2023-05-13,4,Returned,"Address 394, City 9"
ORD001565,CUST00503,2024-05-07,2,Cancelled,"Address 233, City 2"
ORD001566,CUST00900,2024-04-03,7,Completed,"Address 8, City 6"
ORD001567,CUST00561,2023-10-21,1,Pending,"Address 804, City 12"
ORD001568,CUST00888,2024-04-21,9,Shipped,"Address 686, City 10"
ORD001569,CUST00818,2023-07-18,3,Cancelled,"Address 167, City 4"
ORD001570,CUST00600,2024-02-05,1,Cancelled,"Address 782, City 13"
ORD001571,CUST00361,2024-07-18,8,Pending,"Address 399, City 15"
ORD001572,CUST00700,2024-11-29,6,Returned,"Address 252, City 19"
ORD001573,CUST00714,2024-01-09,3,Completed,"Address 859, City 14"
ORD001574,CUST00844,2023-11-02,3,Completed,"Address 10, City 7"
ORD001575,CUST00373,2023-07-22,1,Pending,"Address 265, City 6"
ORD001576,CUST00869,2023-10-16,4,Pending,"Address 552, City 8"
ORD001577,CUST00141,2024-08-14,5,Delivered,"Address 226, City 1"
ORD001578,CUST00309,2023-01-11,2,Returned,"Address 77, City 1"
ORD001579,CUST00879,2023-11-20,4,Completed,"Address 73, City 13"
ORD001580,CUST00737,2024-05-02,6,Pending,"Address 398, City 10"
ORD001581,CUST00731,2024-02-18,4,Returned,"Address 239, City 10"
ORD001582,CUST00093,2024-07-17,2,,"Address 122, City 9"
ORD001583,CUST00431,2024-05-25,5,Shipped,"Address 840, City 19"
ORD001584,CUST00877,2024-03-10,2,Shipped,"Address 329, City 4"
ORD001585,CUST00560,2023-05-21,2,Cancelled,"Address 101, City 5"
ORD001586,CUST00607,2023-08-28,6,Cancelled,"Address 350, City 12"
ORD001587,CUST00159,2023-09-23,7,Pending,"Address 688, City 20"
ORD001588,CUST00165,2024-04-17,4,Completed,"Address 806, City 10"
ORD001589,CUST00777,2024-03-21,6,Cancelled,"Address 480, City 5"
ORD001590,CUST00367,2023-02-07,2,Completed,"Address 63, City 17"
ORD001591,CUST00126,2024-04-19,6,Delivered,"Address 493, City 18"
ORD001592,CUST00771,2024-10-18,4,Pending,"Address 101, City 16"
ORD001593,CUST00315,2023-11-22,4,Shipped,"Address 304, City 3"
ORD001594,CUST00516,2023-11-05,6,Pending,"Address 52, City 6"
ORD001595,CUST00177,2024-07-30,6,Cancelled,"Address 413, City 5"
ORD001596,CUST00191,2024-04-06,9,Delivered,"Address 460, City 14"
ORD001597,CUST00257,2024-03-14,3,,"Address 387, City 7"
ORD001598,CUST00490,2023-05-28,2,Pending,"Address 347, City 7"
ORD001599,CUST00991,2024-07-15,7,Pending,"Address 619, City 5"
ORD001600,CUST00915,2023-08-12,9,Returned,"Address 622, City 2"
ORD001601,CUST00918,2024-02-21,1,Returned,"Address 536, City 13"
ORD001602,CUST00696,2024-08-28,4,Pending,"Address 380, City 8"
ORD001603,CUST00007,2023-09-23,6,Pending,"Address 855, City 20"
ORD001604,CUST00486,2023-05-29,4,Pending,"Address 927, City 11"
ORD001605,CUST00875,2024-09-02,8,Delivered,"Address 322, City 7"
ORD001606,CUST00672,2024-11-29,6,Completed,"Address 513, City 20"
ORD001607,CUST00512,2024-04-19,6,Shipped,"Address 79, City 19"
ORD001608,CUST00248,2023-01-29,9,Shipped,"Address 881, City 13"
ORD001609,CUST00467,2023-05-14,4,Pending,"Address 967, City 5"
ORD001610,CUST00106,2024-05-08,2,Cancelled,"Address 667, City 16"
ORD001611,CUST00622,2024-03-12,2,Completed,"Address 59, City 10"
ORD001612,CUST00632,2023-06-11,9,Delivered,"Address 566, City 13"
ORD001613,CUST00567,2024-08-13,4,Shipped,"Address 856, City 14"
ORD001614,CUST00009,2024-08-15,4,Shipped,"Address 921, City 6"
ORD001615,CUST00985,2024-02-28,10,Completed,"Address 912, City 9"
ORD001616,CUST00695,2023-07-08,7,Completed,"Address 560, City 1"
ORD001617,CUST00462,2023-03-15,8,Completed,"Address 826, City 3"
ORD001618,CUST00947,2024-02-14,4,Completed,"Address 702, City 1"
ORD001619,CUST00299,2023-02-03,10,Shipped,"Address 470, City 6"
ORD001620,CUST00939,2023-09-17,5,Shipped,"Address 884, City 15"
ORD001621,CUST00577,2023-06-13,5,Cancelled,"Address 938, City 18"
ORD001622,CUST00553,2023-01-06,4,Completed,"Address 775, City 11"
ORD001623,CUST00063,2023-09-24,3,Returned,"Address 838, City 18"
ORD001624,CUST00112,2023-11-29,10,Returned,"Address 474, City 6"
ORD001625,CUST00185,2024-05-20,9,Shipped,"Address 121, City 13"
ORD001626,CUST00357,2023-08-16,1,Returned,"Address 61, City 5"
ORD001627,CUST00736,2024-03-16,7,Pending,"Address 176, City 15"
ORD001628,CUST00567,2023-06-20,5,Shipped,"Address 272, City 20"
ORD001629,CUST00601,2025-10-03,6,Pending,"Address 880, City 18"
ORD001630,CUST00309,2024-03-21,1,Cancelled,"Address 772, City 14"
ORD001631,CUST00174,2023-01-23,1,Pending,"Address 106, City 19"
ORD001632,CUST00610,2023-06-25,1,Completed,"Address 796, City 10"
ORD001633,CUST00635,2023-09-01,1,Returned,"Address 36, City 19"
ORD001634,CUST00178,2023-08-19,3,Shipped,"Address 178, City 1"
ORD001635,CUST00251,2023-06-21,6,Shipped,"Address 928, City 11"
ORD001636,CUST00874,2023-12-19,1,Pending,"Address 346, City 10"
ORD001637,CUST00816,2023-12-03,1,Cancelled,"Address 833, City 18"
ORD001638,CUST00292,2024-07-27,4,Shipped,"Address 167, City 10"
ORD001639,CUST00404,2024-09-09,3,Shipped,"Address 551, City 1"
ORD001640,CUST00578,2023-12-22,9,Shipped,"Address 852, City 9"
ORD001641,CUST00093,2023-10-04,3,Completed,"Address 342, City 20"
ORD001642,CUST00321,2024-02-07,10,Shipped,"Address 121, City 5"
ORD001643,CUST00991,2023-09-06,8,Completed,"Address 317, City 19"
ORD001644,CUST00285,2024-01-16,3,Completed,"Address 610, City 9"
ORD001645,CUST00096,2024-10-18,10,Cancelled,"Address 816, City 4"
ORD001646,CUST00136,2024-08-23,3,Completed,"Address 103, City 16"
ORD001647,CUST00238,2024-01-17,7,Cancelled,"Address 281, City 16"
ORD001648,CUST00155,2023-11-23,9,Cancelled,"Address 106, City 5"
ORD001649,CUST00912,2023-01-27,10,Cancelled,"Address 235, City 1"
ORD001650,CUST00585,2023-01-05,10,Pending,"Address 925, City 9"
ORD001651,CUST00896,2023-11-19,3,Shipped,"Address 109, City 3"
ORD001652,CUST00708,2024-12-28,4,Delivered,"Address 97, City 9"
ORD001653,CUST00738,2023-08-03,3,Pending,"Address 244, City 2"
ORD001654,CUST00872,2024-06-13,8,Returned,"Address 144, City 9"
ORD001655,CUST00620,2024-04-22,3,Pending,"Address 135, City 5"
ORD001656,CUST00514,2023-04-06,9,Delivered,"Address 692, City 11"
ORD001657,CUST00811,2024-07-06,2,Pending,"Address 8, City 10"
ORD001658,CUST00495,2024-07-09,8,Cancelled,"Address 850, City 19"
ORD001659,CUST00985,2023-07-23,4,Shipped,"Address 572, City 14"
ORD001660,CUST00098,2023-12-29,6,Completed,"Address 479, City 18"
ORD001661,CUST00297,2024-11-12,7,Returned,"Address 516, City 12"
ORD001662,CUST00544,2024-06-23,4,Returned,"Address 794, City 11"
ORD001663,CUST00728,2024-03-23,8,Shipped,"Address 521, City 9"
ORD001664,CUST00494,2024-02-12,3,Shipped,"Address 947, City 7"
ORD001665,CUST00896,2024-10-14,6,Completed,"Address 402, City 6"
ORD001666,CUST00163,2025-07-22,3,Delivered,"Address 109, City 18"
ORD001667,CUST00362,2023-07-07,7,Delivered,"Address 566, City 14"
ORD001668,CUST00604,2023-07-13,5,Pending,"Address 872, City 6"
ORD001669,CUST00252,2023-06-16,5,Returned,"Address 609, City 1"
ORD001670,CUST00621,2023-01-14,7,Pending,"Address 138, City 14"
ORD001671,CUST00001,2024-02-13,5,Delivered,"Address 54, City 19"
ORD001672,CUST00441,2024-01-05,4,Cancelled,"Address 663, City 2"
ORD001673,CUST00735,2023-01-20,4,Completed,"Address 87, City 19"
ORD001674,CUST00252,2023-08-13,6,Returned,"Address 138, City 6"
ORD001675,CUST00857,2023-11-02,8,Returned,"Address 873, City 1"
ORD001676,CUST00430,2023-02-17,1,Shipped,"Address 675, City 2"
ORD001677,CUST00410,2023-11-25,5,Pending,"Address 851, City 2"
ORD001678,CUST01000,2024-04-30,7,Cancelled,"Address 726, City 17"
ORD001679,CUST00011,2023-12-29,1,Shipped,"Address 205, City 9"
ORD001680,CUST00093,2024-03-09,8,Pending,"Address 229, City 4"
ORD001681,CUST00889,2023-07-30,4,Completed,"Address 960, City 20"
ORD001682,CUST00290,2023-09-23,2,Delivered,"Address 205, City 4"
ORD001683,CUST00358,2024-02-03,5,Delivered,"Address 767, City 7"
ORD001684,CUST00183,2024-04-15,8,Cancelled,"Address 489, City 14"
ORD001685,CUST00433,2023-02-02,4,Returned,"Address 639, City 2"
ORD001686,CUST00902,2023-10-12,7,Cancelled,"Address 349, City 4"
ORD001687,CUST00564,2024-06-07,8,,"Address 867, City 16"
ORD001688,CUST00631,2024-09-26,10,Delivered,"Address 43, City 6"
ORD001689,CUST00574,2023-10-21,4,Delivered,"Address 80, City 16"
ORD001690,CUST00225,2023-06-22,5,Delivered,"Address 514, City 13"
ORD001691,CUST00262,2024-08-09,8,Completed,"Address 896, City 10"
ORD001692,CUST00379,2024-07-02,4,Shipped,"Address 582, City 2"
ORD001693,CUST00705,2023-10-15,8,Returned,"Address 724, City 9"
ORD001694,CUST00669,2023-03-06,1,Completed,"Address 233, City 17"
ORD001695,CUST00641,2023-12-12,6,Delivered,"Address 401, City 9"
ORD001696,CUST00329,2023-08-29,10,Completed,"Address 226, City 16"
ORD001697,CUST00080,2024-06-30,5,Completed,"Address 867, City 14"
ORD001698,CUST00301,2023-04-07,4,Returned,"Address 218, City 15"
ORD001699,CUST00406,2023-02-22,7,Cancelled,"Address 987, City 12"
ORD001700,CUST00263,2024-03-01,7,Shipped,"Address 398, City 8"
ORD001701,CUST00567,2024-02-18,2,Delivered,"Address 90, City 17"
ORD001702,CUST00837,2024-01-17,9,Returned,"Address 62, City 5"
ORD001703,CUST00487,2024-04-08,3,Completed,"Address 530, City 10"
ORD001704,CUST00042,2023-12-09,8,Returned,"Address 298, City 8"
ORD001705,CUST00422,2024-01-08,7,Completed,"Address 254, City 15"
ORD001706,CUST00937,2023-10-01,7,Shipped,"Address 406, City 16"
ORD001707,CUST00451,2024-10-22,4,Cancelled,"Address 811, City 4"
ORD001708,CUST00956,2024-07-15,3,Shipped,"Address 910, City 16"
ORD001709,CUST00658,2024-08-11,5,Returned,"Address 525, City 15"
ORD001710,CUST00663,2024-06-04,9,Shipped,"Address 338, City 20"
ORD001711,CUST00397,2023-02-17,8,Returned,"Address 312, City 6"
ORD001712,CUST00711,2024-06-11,10,Returned,"Address 410, City 1"
ORD001713,CUST00818,2023-11-19,6,Pending,"Address 585, City 5"
ORD001714,CUST00849,2023-05-23,2,Completed,"Address 878, City 18"
ORD001715,CUST00784,2024-03-08,2,Cancelled,"Address 454, City 1"
ORD001716,CUST00401,2024-02-21,4,Completed,"Address 412, City 6"
ORD001717,CUST00954,2024-08-14,1,Returned,"Address 786, City 17"
ORD001718,CUST00083,2024-09-22,10,Shipped,"Address 576, City 5"
ORD001719,CUST00720,2024-03-04,6,Shipped,"Address 239, City 15"
ORD001720,CUST00469,2023-04-03,1,Delivered,"Address 176, City 13"
ORD001721,CUST00299,2024-08-24,3,Pending,"Address 549, City 8"
ORD001722,CUST00691,2023-03-31,4,Delivered,"Address 656, City 20"
ORD001723,CUST00116,2023-01-20,5,Returned,"Address 429, City 15"
ORD001724,CUST00390,2023-01-28,10,Returned,"Address 552, City 15"
ORD001725,CUST00003,2023-07-14,6,Returned,"Address 982, City 9"
ORD001726,CUST00575,2023-08-26,9,Delivered,"Address 252, City 2"
ORD001727,CUST00802,2023-05-31,2,Returned,"Address 483, City 17"
ORD001728,CUST00396,2023-01-06,7,Delivered,"Address 695, City 4"
ORD001729,CUST00905,2023-12-18,9,Completed,"Address 667, City 9"
ORD001730,CUST00944,2024-08-17,3,Pending,"Address 337, City 1"
ORD001731,CUST00963,2023-07-24,8,Completed,"Address 960, City 20"
ORD001732,CUST00423,2023-06-09,5,Completed,"Address 526, City 18"
ORD001733,CUST00531,2023-02-02,2,Cancelled,"Address 170, City 20"
ORD001734,CUST00564,2024-02-29,3,Delivered,"Address 863, City 17"
ORD001735,CUST00771,2023-12-01,1,Completed,"Address 529, City 17"
ORD001736,CUST00594,2024-11-06,6,Shipped,"Address 479, City 9"
ORD001737,CUST00078,2023-04-01,7,Cancelled,"Address 702, City 4"
ORD001738,CUST00906,2024-09-06,7,Shipped,"Address 416, City 13"
ORD001739,CUST00016,2023-05-16,9,Shipped,"Address 246, City 20"
ORD001740,CUST00468,2023-05-03,1,Shipped,"Address 432, City 7"
ORD001741,CUST00923,2024-11-19,5,Shipped,"Address 610, City 13"
ORD001742,CUST00667,2024-10-07,3,Delivered,"Address 697, City 16"
ORD001743,CUST00084,2023-01-07,3,,"Address 830, City 5"
ORD001744,CUST00167,2023-11-02,6,Returned,"Address 93, City 5"
ORD001745,CUST00470,2023-08-17,6,Shipped,"Address 273, City 19"
ORD001746,CUST00415,2024-04-07,1,Cancelled,"Address 460, City 1"
ORD001747,CUST00941,2023-05-16,5,Delivered,"Address 784, City 10"
ORD001748,CUST00361,2023-02-13,6,Cancelled,"Address 772, City 3"
ORD001749,CUST00835,2024-06-29,8,Delivered,"Address 995, City 8"
ORD001750,CUST00847,2024-02-14,5,Returned,"Address 122, City 12"
ORD001751,CUST00463,2024-08-06,8,Delivered,"Address 730, City 13"
ORD001752,CUST00156,2024-02-25,4,Shipped,"Address 391, City 13"
ORD001753,CUST00619,2024-04-19,10,Cancelled,"Address 76, City 5"
ORD001754,CUST00596,2024-01-17,5,Cancelled,"Address 876, City 6"
ORD001755,CUST00767,2023-05-19,1,Shipped,"Address 397, City 6"
ORD001756,CUST00985,2023-06-19,7,Shipped,"Address 427, City 13"
ORD001757,CUST00990,2023-03-16,8,Returned,"Address 182, City 7"
ORD001758,CUST00387,2023-12-20,10,Returned,"Address 159, City 19"
ORD001759,CUST00811,2024-09-09,9,Delivered,"Address 753, City 16"
ORD001760,CUST00570,2024-02-14,9,Cancelled,"Address 192, City 12"
ORD001761,CUST00013,2024-03-20,5,Delivered,"Address 51, City 17"
ORD001762,CUST00917,2023-09-15,10,Completed,"Address 618, City 17"
ORD001763,CUST01000,2023-07-14,10,Shipped,"Address 31, City 1"
ORD001764,CUST00297,2023-03-10,5,Pending,"Address 953, City 13"
ORD001765,CUST00861,2023-05-31,10,Completed,"Address 313, City 8"
ORD001766,CUST00892,2023-02-04,5,Returned,"Address 308, City 4"
ORD001767,CUST00210,2023-01-18,9,Cancelled,"Address 923, City 18"
ORD001768,CUST00136,2024-04-26,1,Returned,"Address 336, City 13"
ORD001769,CUST00164,2023-11-01,3,Completed,"Address 993, City 5"
ORD001770,CUST00532,2023-02-26,3,Shipped,"Address 955, City 16"
ORD001771,CUST00439,2024-03-12,10,Completed,"Address 268, City 18"
ORD001772,CUST00411,2024-09-27,3,Returned,"Address 848, City 18"
ORD001773,CUST00665,2023-02-04,6,Shipped,"Address 88, City 16"
ORD001774,CUST00374,2024-11-05,4,Completed,"Address 419, City 14"
ORD001775,CUST00959,2023-04-13,9,Delivered,"Address 157, City 10"
ORD001776,CUST00318,2023-01-07,4,Delivered,"Address 124, City 6"
ORD001777,CUST00231,2023-11-22,2,Cancelled,"Address 324, City 13"
ORD001778,CUST00014,2023-04-10,1,Cancelled,"Address 174, City 3"
ORD001779,CUST00994,2024-05-23,6,Cancelled,"Address 590, City 6"
ORD001780,CUST00151,2023-02-16,6,Pending,"Address 612, City 3"
ORD001781,CUST00204,2024-08-27,9,Shipped,"Address 195, City 10"
ORD001782,CUST00830,2023-07-08,5,Delivered,"Address 460, City 10"
ORD001783,CUST00624,2024-07-17,1,Cancelled,"Address 455, City 18"
ORD001784,CUST00887,2024-03-01,3,Delivered,"Address 946, City 1"
ORD001785,CUST00424,2024-04-26,6,Returned,"Address 483, City 2"
ORD001786,CUST00874,2024-07-24,6,Pending,"Address 674, City 6"
ORD001787,CUST00608,2024-07-05,6,Delivered,"Address 995, City 9"
ORD001788,CUST00620,2023-02-07,2,Delivered,"Address 353, City 12"
ORD001789,CUST00760,2024-07-11,2,Completed,"Address 856, City 15"
ORD001790,CUST00278,2023-09-24,10,Delivered,"Address 683, City 4"
ORD001791,CUST00049,2024-02-12,8,Completed,"Address 12, City 19"
ORD001792,CUST00914,2023-09-09,1,Delivered,"Address 121, City 18"
ORD001793,CUST00019,2023-10-10,4,Pending,"Address 183, City 3"
ORD001794,CUST00025,2024-07-06,4,Cancelled,"Address 786, City 2"
ORD001795,CUST00527,2023-09-02,6,Returned,"Address 701, City 9"
ORD001796,CUST00996,2024-10-05,1,Returned,"Address 156, City 13"
ORD001797,CUST00162,2023-11-26,10,Completed,"Address 392, City 10"
ORD001798,CUST00727,2024-03-23,10,Shipped,"Address 351, City 14"
ORD001799,CUST00205,2023-05-16,1,Returned,"Address 308, City 9"
ORD001800,CUST00516,2023-01-22,9,Cancelled,"Address 518, City 20"
ORD001801,CUST00495,2024-07-25,1,Completed,"Address 733, City 4"
ORD001802,CUST00717,2024-09-05,10,Pending,"Address 645, City 10"
ORD001803,CUST00081,2023-08-16,2,Shipped,"Address 388, City 4"
ORD001804,CUST00344,2023-04-09,9,Delivered,"Address 352, City 6"
ORD001805,CUST00247,2024-02-13,3,Completed,"Address 413, City 2"
ORD001806,CUST00466,2023-10-30,3,Delivered,"Address 927, City 16"
ORD001807,CUST00008,2024-11-25,8,Delivered,"Address 286, City 10"
ORD001808,CUST00744,2024-05-06,1,Pending,"Address 792, City 5"
ORD001809,CUST00917,2024-10-17,4,Completed,"Address 764, City 3"
ORD001810,CUST00587,2024-09-24,6,Returned,"Address 898, City 16"
ORD001811,CUST00418,2024-02-01,3,Shipped,"Address 720, City 19"
ORD001812,CUST00945,2024-01-20,1,Completed,"Address 394, City 3"
ORD001813,CUST00309,2024-07-01,1,Cancelled,"Address 929, City 15"
ORD001814,CUST00222,2023-01-07,7,Completed,"Address 833, City 2"
ORD001815,CUST00243,2024-02-07,1,Shipped,"Address 9, City 12"
ORD001816,CUST00133,2023-02-15,9,Completed,"Address 440, City 9"
ORD001817,CUST00639,2023-01-09,9,Completed,"Address 601, City 2"
ORD001818,CUST00122,2024-08-29,3,Pending,"Address 30, City 5"
ORD001819,CUST00139,2024-01-09,1,Delivered,"Address 205, City 15"
ORD001820,CUST00583,2024-01-15,8,Delivered,"Address 115, City 19"
ORD001821,CUST00845,2024-10-26,3,Completed,"Address 734, City 18"
ORD001822,CUST00045,2024-03-16,3,Cancelled,"Address 835, City 16"
ORD001823,CUST00678,2023-10-30,6,Delivered,"Address 605, City 5"
ORD001824,CUST00327,2023-02-14,5,Returned,"Address 293, City 11"
ORD001825,CUST00527,2023-08-19,2,Completed,"Address 124, City 18"
ORD001826,CUST00399,2024-09-01,6,Returned,"Address 908, City 10"
ORD001827,CUST00408,2023-12-05,7,Shipped,"Address 703, City 12"
ORD001828,CUST00127,2023-06-02,8,Completed,"Address 418, City 13"
ORD001829,CUST00241,2023-01-13,7,Cancelled,"Address 318, City 18"
ORD001830,CUST00032,2024-03-09,8,,"Address 656, City 5"
ORD001831,CUST00924,2024-03-07,7,,"Address 819, City 3"
ORD001832,CUST00517,2024-01-10,6,Delivered,"Address 698, City 1"
ORD001833,CUST00452,2023-03-11,4,Pending,"Address 434, City 16"
ORD001834,CUST00324,2023-04-07,7,Returned,"Address 64, City 12"
ORD001835,CUST00184,2023-05-13,5,Shipped,"Address 335, City 10"
ORD001836,CUST00581,2024-03-28,5,Cancelled,"Address 750, City 12"
ORD001837,CUST00100,2023-08-07,6,Cancelled,"Address 327, City 15"
ORD001838,CUST00587,2023-05-07,2,Returned,"Address 545, City 13"
ORD001839,CUST00988,2024-03-21,5,Cancelled,"Address 440, City 11"
ORD001840,CUST00907,2024-02-02,2,Shipped,"Address 731, City 20"
ORD001841,CUST00271,2024-05-21,9,Returned,"Address 384, City 15"
ORD001842,CUST00791,2023-02-20,3,Pending,"Address 868, City 16"
ORD001843,CUST00556,2023-04-01,5,Completed,"Address 103, City 19"
ORD001844,CUST00168,2023-07-10,1,Cancelled,"Address 223, City 7"
ORD001845,CUST00707,2023-05-28,10,Shipped,"Address 137, City 7"
ORD001846,CUST00882,2024-08-02,7,Completed,"Address 575, City 5"
ORD001847,CUST00246,2023-11-26,3,Cancelled,"Address 881, City 19"
ORD001848,CUST00192,2024-10-30,5,Cancelled,"Address 637, City 6"
ORD001849,CUST00739,2023-08-18,9,Pending,"Address 140, City 8"
ORD001850,CUST00023,2023-07-06,10,Pending,"Address 67, City 14"
ORD001851,CUST00194,2024-09-23,4,Shipped,"Address 301, City 5"
ORD001852,CUST00985,2023-08-06,5,Completed,"Address 538, City 5"
ORD001853,CUST00010,2024-09-14,8,Delivered,"Address 337, City 9"
ORD001854,CUST00130,2023-12-17,7,Cancelled,"Address 583, City 20"
ORD001855,CUST00072,2024-09-29,4,Shipped,"Address 4, City 13"
ORD001856,CUST00252,2023-10-19,4,Shipped,"Address 443, City 5"
ORD001857,CUST00505,2023-05-12,8,Shipped,"Address 78, City 14"
ORD001858,CUST00717,2024-06-02,1,Cancelled,"Address 748, City 16"
ORD001859,CUST00948,2023-01-29,8,,"Address 54, City 8"
ORD001860,CUST00817,2024-01-23,1,Delivered,"Address 516, City 10"
ORD001861,CUST00646,2023-05-19,5,Completed,"Address 811, City 10"
ORD001862,CUST00136,2023-02-24,8,Pending,"Address 445, City 16"
ORD001863,CUST00519,2024-01-11,3,Cancelled,"Address 583, City 1"
ORD001864,CUST00851,2024-03-16,3,,"Address 724, City 13"
ORD001865,CUST00825,2023-07-15,9,Delivered,"Address 813, City 13"
ORD001866,CUST00969,2023-09-26,7,Delivered,"Address 274, City 11"
ORD001867,CUST00498,2024-09-01,10,Returned,"Address 602, City 19"
ORD001868,CUST00497,2024-11-26,10,Pending,"Address 613, City 3"
ORD001869,CUST00614,2023-09-21,9,Returned,"Address 911, City 11"
ORD001870,CUST00015,2023-11-18,5,Pending,"Address 844, City 14"
ORD001871,CUST00304,2024-03-22,4,Pending,"Address 605, City 9"
ORD001872,CUST00104,2024-01-26,3,Pending,"Address 721, City 18"
ORD001873,CUST00077,2024-10-28,2,Delivered,"Address 348, City 8"
ORD001874,CUST00017,2023-09-15,1,Shipped,"Address 448, City 6"
ORD001875,CUST00932,2023-05-21,4,Returned,"Address 312, City 16"
ORD001876,CUST00177,2023-11-04,3,Pending,"Address 517, City 16"
ORD001877,CUST00868,2023-03-07,9,Returned,"Address 989, City 5"
ORD001878,CUST00462,2023-07-29,9,Pending,"Address 338, City 18"
ORD001879,CUST00070,2023-10-25,7,Cancelled,"Address 749, City 7"
ORD001880,CUST00590,2023-09-19,6,Cancelled,"Address 589, City 20"
ORD001881,CUST00996,2024-07-03,5,Pending,"Address 439, City 15"
ORD001882,CUST00276,2024-09-30,10,Cancelled,"Address 695, City 18"
ORD001883,CUST00995,2023-09-05,1,Cancelled,"Address 405, City 4"
ORD001884,CUST00860,2023-02-21,9,Shipped,"Address 394, City 13"
ORD001885,CUST00008,2023-05-16,2,Delivered,"Address 751, City 15"
ORD001886,CUST00519,2024-12-01,7,Delivered,"Address 950, City 17"
ORD001887,CUST00331,2024-02-13,6,Delivered,"Address 361, City 4"
ORD001888,CUST00261,2024-06-25,8,Completed,"Address 396, City 17"
ORD001889,CUST00346,2024-04-02,9,Cancelled,"Address 877, City 5"
ORD001890,CUST00700,2023-10-26,1,Cancelled,"Address 262, City 11"
ORD001891,CUST00158,2023-04-20,3,Delivered,"Address 789, City 17"
ORD001892,CUST00627,2024-08-25,8,Completed,"Address 869, City 7"
ORD001893,CUST00542,2023-07-26,7,Cancelled,"Address 795, City 8"
ORD001894,CUST00841,2023-11-22,8,Pending,"Address 21, City 8"
ORD001895,CUST00199,2024-02-23,1,Delivered,"Address 275, City 5"
ORD001896,CUST00525,2023-08-06,7,Completed,"Address 341, City 2"
ORD001897,CUST00627,2024-07-07,9,Returned,"Address 285, City 3"
ORD001898,CUST00276,2023-08-06,10,,"Address 654, City 3"
ORD001899,CUST00488,2024-09-13,10,Returned,"Address 139, City 9"
ORD001900,CUST00157,2023-12-11,9,Shipped,"Address 625, City 9"
ORD001901,CUST00014,2024-06-23,5,Completed,"Address 363, City 13"
ORD001902,CUST00307,2024-05-18,9,Completed,"Address 511, City 8"
ORD001903,CUST00258,2024-08-09,1,Returned,"Address 780, City 18"
ORD001904,CUST00144,2023-02-16,7,,"Address 257, City 9"
ORD001905,CUST00667,2023-05-31,1,Completed,"Address 544, City 20"
ORD001906,CUST00341,2023-05-24,9,Completed,"Address 865, City 10"
ORD001907,CUST00042,2023-06-07,4,Pending,"Address 471, City 16"
ORD001908,CUST00546,2023-10-20,7,Returned,"Address 972, City 4"
ORD001909,CUST00317,2024-11-03,2,Cancelled,"Address 931, City 17"
ORD001910,CUST00207,2023-06-12,1,Pending,"Address 621, City 11"
ORD001911,CUST00533,2024-10-18,7,Delivered,"Address 431, City 6"
ORD001912,CUST00663,2023-09-08,4,Cancelled,"Address 659, City 12"
ORD001913,CUST00386,2024-07-15,10,Shipped,"Address 859, City 16"
ORD001914,CUST00951,2023-10-27,9,Cancelled,"Address 3, City 13"
ORD001915,CUST00187,2024-02-17,10,Pending,"Address 89, City 12"
ORD001916,CUST00832,2023-04-05,9,Completed,"Address 513, City 5"
ORD001917,CUST00798,2023-10-29,3,Delivered,"Address 577, City 10"
ORD001918,CUST00638,2024-02-29,9,Completed,"Address 951, City 5"
ORD001919,CUST00137,2023-08-30,8,Shipped,"Address 122, City 15"
ORD001920,CUST00515,2024-10-01,10,Shipped,"Address 234, City 16"
ORD001921,CUST00848,2024-11-26,10,Pending,"Address 782, City 14"
ORD001922,CUST00844,2023-11-20,5,Pending,"Address 654, City 15"
ORD001923,CUST00688,2023-02-26,9,Cancelled,"Address 595, City 11"
ORD001924,CUST00073,2023-09-23,8,Delivered,"Address 608, City 17"
ORD001925,CUST00839,2023-03-21,9,Pending,"Address 464, City 7"
ORD001926,CUST00527,2024-04-18,2,Completed,"Address 617, City 2"
ORD001927,CUST00595,2024-07-25,5,Returned,"Address 643, City 13"
ORD001928,CUST00415,2023-06-21,9,Delivered,"Address 454, City 14"
ORD001929,CUST00538,2023-07-30,1,Completed,"Address 409, City 3"
ORD001930,CUST00244,2023-06-04,10,Completed,"Address 959, City 20"
ORD001931,CUST00648,2023-01-29,6,Returned,"Address 560, City 4"
ORD001932,CUST00951,2023-06-08,10,Returned,"Address 397, City 4"
ORD001933,CUST00786,2024-06-07,3,Completed,"Address 501, City 1"
ORD001934,CUST00398,2024-02-16,10,Completed,"Address 601, City 5"
ORD001935,CUST00493,2023-08-13,3,Shipped,"Address 622, City 8"
ORD001936,CUST00282,2023-08-18,9,Cancelled,"Address 623, City 15"
ORD001937,CUST00249,2023-02-17,6,Cancelled,"Address 524, City 20"
ORD001938,CUST00883,2024-02-28,9,Shipped,"Address 196, City 11"
ORD001939,CUST00708,2023-12-29,8,,"Address 242, City 4"
ORD001940,CUST00861,2023-06-24,4,Delivered,"Address 44, City 11"
ORD001941,CUST00693,2024-03-26,1,Pending,"Address 490, City 20"
ORD001942,CUST00692,2024-09-09,4,Pending,"Address 270, City 2"
ORD001943,CUST00377,2023-11-15,9,Completed,"Address 319, City 3"
ORD001944,CUST00910,2023-11-12,8,Pending,"Address 105, City 5"
ORD001945,CUST00664,2023-08-21,6,Shipped,"Address 455, City 4"
ORD001946,CUST00643,2023-11-29,7,Returned,"Address 762, City 2"
ORD001947,CUST00655,2024-08-19,8,Cancelled,"Address 551, City 2"
ORD001948,CUST00238,2023-05-26,5,Pending,"Address 437, City 17"
ORD001949,CUST00270,2023-10-26,7,Returned,"Address 26, City 8"
ORD001950,CUST00744,2024-03-09,7,Completed,"Address 224, City 5"
ORD001951,CUST00327,2024-09-19,8,Cancelled,"Address 214, City 4"
ORD001952,CUST00597,2023-12-30,8,Pending,"Address 616, City 5"
ORD001953,CUST00450,2024-11-09,4,Cancelled,"Address 793, City 7"
ORD001954,CUST00140,2023-02-08,10,Delivered,"Address 944, City 10"
ORD001955,CUST00168,2024-10-19,4,Delivered,"Address 876, City 12"
ORD001956,CUST00564,2023-03-12,6,Delivered,"Address 598, City 14"
ORD001957,CUST00025,2024-02-03,8,Delivered,"Address 394, City 16"
ORD001958,CUST00399,2023-09-18,3,Delivered,"Address 587, City 12"
ORD001959,CUST00291,2024-07-11,2,Cancelled,"Address 955, City 20"
ORD001960,CUST00435,2023-04-28,2,Delivered,"Address 166, City 6"
ORD001961,CUST00526,2023-03-20,2,Returned,"Address 855, City 10"
ORD001962,CUST00234,2023-04-12,5,Pending,"Address 716, City 2"
ORD001963,CUST00262,2024-08-27,9,Cancelled,"Address 295, City 1"
ORD001964,CUST00606,2023-05-12,3,Delivered,"Address 248, City 7"
ORD001965,CUST00832,2023-01-30,3,Pending,"Address 956, City 1"
ORD001966,CUST00744,2024-08-11,10,Shipped,"Address 913, City 7"
ORD001967,CUST00387,2024-03-01,8,Returned,"Address 426, City 14"
ORD001968,CUST00976,2024-03-21,2,,"Address 765, City 13"
ORD001969,CUST00285,2023-09-04,3,Completed,"Address 870, City 5"
ORD001970,CUST00697,2023-05-17,4,Returned,"Address 75, City 7"
ORD001971,CUST00996,2024-03-24,7,Cancelled,"Address 633, City 1"
ORD001972,CUST00486,2023-04-07,8,Delivered,"Address 312, City 9"
ORD001973,CUST00124,2024-02-18,5,Returned,"Address 252, City 12"
ORD001974,CUST00469,2023-03-06,5,Delivered,"Address 315, City 5"
ORD001975,CUST00834,2024-01-21,1,Cancelled,"Address 770, City 5"
ORD001976,CUST00224,2024-01-24,2,Delivered,"Address 659, City 13"
ORD001977,CUST00649,2024-09-19,6,Shipped,"Address 498, City 15"
ORD001978,CUST00872,2024-01-20,5,Delivered,"Address 27, City 7"
ORD001979,CUST00332,2024-07-14,1,Pending,"Address 352, City 3"
ORD001980,CUST00852,2023-08-02,5,Pending,"Address 563, City 13"
ORD001981,CUST00145,2024-05-07,3,Returned,"Address 1, City 10"
ORD001982,CUST00774,2024-04-25,4,Completed,"Address 370, City 9"
ORD001983,CUST00749,2024-01-23,2,Cancelled,"Address 850, City 7"
ORD001984,CUST00367,2023-06-02,2,Pending,"Address 469, City 17"
ORD001985,CUST00478,2024-06-13,10,Shipped,"Address 896, City 1"
ORD001986,CUST00015,2023-10-24,10,Shipped,"Address 667, City 14"
ORD001987,CUST00098,2024-03-11,9,Pending,"Address 383, City 17"
ORD001988,CUST00062,2023-02-22,2,Returned,"Address 250, City 3"
ORD001989,CUST00212,2023-11-16,10,Completed,"Address 257, City 8"
ORD001990,CUST00493,2024-03-19,9,Pending,"Address 820, City 1"
ORD001991,CUST00818,2024-05-12,9,Cancelled,"Address 630, City 13"
ORD001992,CUST00538,2024-10-08,6,Shipped,"Address 466, City 2"
ORD001993,CUST00658,2024-02-21,9,Completed,"Address 439, City 19"
ORD001994,CUST00203,2024-11-03,4,Pending,"Address 965, City 9"
ORD001995,CUST00724,2023-07-03,4,,"Address 190, City 7"
ORD001996,CUST00190,2023-02-25,9,Delivered,"Address 708, City 11"
ORD001997,CUST00692,2023-01-20,6,Shipped,"Address 759, City 4"
ORD001998,CUST00297,2023-04-09,3,Cancelled,"Address 106, City 11"
ORD001999,CUST00263,2023-03-19,6,Returned,"Address 98, City 13"
ORD002000,CUST00915,2024-03-10,4,Pending,"Address 132, City 5"
ORD002001,CUST00285,2023-05-20,1,Delivered,"Address 602, City 5"
ORD002002,CUST00681,2023-07-08,3,Cancelled,"Address 29, City 4"
ORD002003,CUST00757,2024-11-10,10,Completed,"Address 213, City 9"
ORD002004,CUST00315,2024-07-01,4,Completed,"Address 658, City 6"
ORD002005,CUST00186,2024-01-08,9,Completed,"Address 163, City 8"
ORD002006,CUST00261,2024-09-04,6,Cancelled,"Address 342, City 5"
ORD002007,CUST00312,2023-08-10,3,Delivered,"Address 306, City 20"
ORD002008,CUST00439,2024-03-29,1,Returned,"Address 440, City 7"
ORD002009,CUST00179,2023-10-02,1,Returned,"Address 254, City 14"
ORD002010,CUST00652,2024-04-09,8,Shipped,"Address 587, City 18"
ORD002011,CUST00641,2024-10-14,6,Cancelled,"Address 365, City 13"
ORD002012,CUST00343,2023-04-05,3,Cancelled,"Address 341, City 19"
ORD002013,CUST00274,2023-03-09,8,Cancelled,"Address 379, City 8"
ORD002014,CUST00524,2024-10-16,1,Cancelled,"Address 108, City 9"
ORD002015,CUST00802,2024-04-29,6,Cancelled,"Address 715, City 12"
ORD002016,CUST00296,2023-06-13,8,Delivered,"Address 404, City 14"
ORD002017,CUST00683,2023-11-22,4,Returned,"Address 706, City 14"
ORD002018,CUST00781,2023-05-11,10,Delivered,"Address 158, City 10"
ORD002019,CUST00899,2023-07-27,7,Returned,"Address 106, City 11"
ORD002020,CUST00084,2024-05-01,3,Pending,"Address 429, City 7"
ORD002021,CUST00561,2024-10-02,4,Shipped,"Address 294, City 14"
ORD002022,CUST00337,2024-07-15,9,Shipped,"Address 27, City 14"
ORD002023,CUST00403,2023-04-14,9,Returned,"Address 655, City 8"
ORD002024,CUST00624,2024-09-22,9,Completed,"Address 363, City 8"
ORD002025,CUST00970,2024-11-20,9,Cancelled,"Address 528, City 7"
ORD002026,CUST00091,2024-04-17,1,Cancelled,"Address 486, City 5"
ORD002027,CUST00061,2024-01-24,8,Completed,"Address 281, City 18"
ORD002028,CUST00434,2024-09-20,8,Pending,"Address 918, City 5"
ORD002029,CUST00750,2024-01-31,5,Completed,"Address 126, City 10"
ORD002030,CUST00803,2024-02-12,4,Delivered,"Address 453, City 13"
ORD002031,CUST00332,2023-07-08,5,Pending,"Address 852, City 6"
ORD002032,CUST00863,2024-02-02,5,Cancelled,"Address 836, City 7"
ORD002033,CUST00112,2024-09-04,8,Returned,"Address 603, City 10"
ORD002034,CUST00221,2023-01-12,7,Delivered,"Address 681, City 3"
ORD002035,CUST00113,2024-11-14,3,Pending,"Address 736, City 10"
ORD002036,CUST00472,2024-08-03,2,Cancelled,"Address 27, City 14"
ORD002037,CUST00911,2024-11-29,9,Delivered,"Address 114, City 2"
ORD002038,CUST00979,2023-04-18,7,Delivered,"Address 585, City 1"
ORD002039,CUST00411,2023-04-27,4,Delivered,"Address 35, City 3"
ORD002040,CUST00232,2023-07-19,4,Delivered,"Address 940, City 14"
ORD002041,CUST00673,2024-05-08,4,Delivered,"Address 103, City 10"
ORD002042,CUST00846,2023-02-16,10,Pending,"Address 746, City 2"
ORD002043,CUST00886,2023-03-14,7,Shipped,"Address 258, City 18"
ORD002044,CUST00107,2023-04-04,7,,"Address 671, City 19"
ORD002045,CUST00674,2024-11-09,2,Completed,"Address 672, City 6"
ORD002046,CUST00155,2023-02-09,9,Cancelled,"Address 949, City 4"
ORD002047,CUST00938,2024-02-18,9,Pending,"Address 898, City 20"
ORD002048,CUST00041,2024-09-08,4,Completed,"Address 789, City 7"
ORD002049,CUST00514,2023-09-22,6,Delivered,"Address 62, City 7"
ORD002050,CUST00203,2023-11-23,2,Pending,"Address 688, City 4"
ORD002051,CUST00858,2024-05-12,10,Returned,"Address 82, City 11"
ORD002052,CUST00102,2024-05-07,2,Completed,"Address 139, City 4"
ORD002053,CUST00699,2024-08-19,5,Completed,"Address 311, City 15"
ORD002054,CUST00889,2024-11-16,1,Returned,"Address 671, City 3"
ORD002055,CUST00095,2023-10-24,2,Returned,"Address 648, City 10"
ORD002056,CUST00140,2023-11-21,8,Completed,"Address 623, City 7"
ORD002057,CUST00488,2024-03-22,9,Cancelled,"Address 439, City 7"
ORD002058,CUST00074,2024-09-11,4,Completed,"Address 653, City 16"
ORD002059,CUST00630,2023-11-05,2,Cancelled,"Address 592, City 10"
ORD002060,CUST00256,2023-06-23,3,Delivered,"Address 78, City 8"
ORD002061,CUST00943,2023-03-26,6,Completed,"Address 680, City 14"
ORD002062,CUST00190,2024-11-08,7,Returned,"Address 353, City 11"
ORD002063,CUST00331,2023-06-21,3,Cancelled,"Address 915, City 3"
ORD002064,CUST00143,2023-01-03,6,Pending,"Address 957, City 15"
ORD002065,CUST00556,2024-08-20,10,Delivered,"Address 937, City 12"
ORD002066,CUST00400,2024-03-12,10,Returned,"Address 613, City 8"
ORD002067,CUST00032,2023-03-01,6,Pending,"Address 349, City 14"
ORD002068,CUST00357,2024-04-07,7,Delivered,"Address 304, City 5"
ORD002069,CUST00460,2023-07-08,2,Cancelled,"Address 779, City 12"
ORD002070,CUST00376,2024-02-19,1,Completed,"Address 680, City 2"
ORD002071,CUST00302,2024-03-25,5,Shipped,"Address 839, City 13"
ORD002072,CUST00664,2024-06-05,7,Delivered,"Address 718, City 17"
ORD002073,CUST00797,2024-03-31,2,Completed,"Address 833, City 14"
ORD002074,CUST00555,2024-02-23,10,Delivered,"Address 824, City 4"
ORD002075,CUST00139,2024-05-12,9,Cancelled,"Address 197, City 17"
ORD002076,CUST00125,2023-04-24,6,Pending,"Address 235, City 5"
ORD002077,CUST00152,2024-07-19,3,Shipped,"Address 549, City 9"
ORD002078,CUST00335,2024-04-27,3,Delivered,"Address 606, City 20"
ORD002079,CUST00033,2023-11-01,1,Completed,"Address 568, City 9"
ORD002080,CUST00620,2024-04-08,2,Completed,"Address 959, City 8"
ORD002081,CUST00684,2023-12-22,1,Delivered,"Address 991, City 15"
ORD002082,CUST00169,2023-05-30,9,Completed,"Address 448, City 10"
ORD002083,CUST00655,2023-05-01,6,Returned,"Address 614, City 15"
ORD002084,CUST00247,2024-06-20,1,Returned,"Address 75, City 1"
ORD002085,CUST00105,2023-11-04,10,Pending,"Address 249, City 10"
ORD002086,CUST00628,2023-03-21,6,Shipped,"Address 523, City 4"
ORD002087,CUST00269,2024-11-02,5,Cancelled,"Address 295, City 5"
ORD002088,CUST00038,2024-07-17,3,Returned,"Address 949, City 20"
ORD002089,CUST00024,2023-08-17,7,Delivered,"Address 935, City 18"
ORD002090,CUST00728,2024-10-19,1,Shipped,"Address 600, City 4"
ORD002091,CUST00150,2024-11-14,2,Pending,"Address 927, City 15"
ORD002092,CUST00954,2023-09-14,4,Cancelled,"Address 15, City 11"
ORD002093,CUST00566,2023-12-06,6,Cancelled,"Address 607, City 19"
ORD002094,CUST00715,2023-11-10,1,Delivered,"Address 917, City 1"
ORD002095,CUST00618,2024-03-05,7,Completed,"Address 368, City 5"
ORD002096,CUST00623,2024-06-16,9,Cancelled,"Address 50, City 13"
ORD002097,CUST00431,2023-12-06,8,Cancelled,"Address 381, City 15"
ORD002098,CUST00085,2023-02-14,7,Cancelled,"Address 949, City 8"
ORD002099,CUST00680,2024-03-04,9,Returned,"Address 60, City 5"
ORD002100,CUST00226,2024-01-02,1,Shipped,"Address 409, City 20"
ORD002101,CUST00165,2024-09-20,10,Delivered,"Address 471, City 16"
ORD002102,CUST00331,2023-07-04,1,Pending,"Address 762, City 5"
ORD002103,CUST00179,2023-09-14,4,Completed,"Address 281, City 3"
ORD002104,CUST00727,2024-04-10,3,Pending,"Address 253, City 13"
ORD002105,CUST00111,2024-09-06,6,Delivered,"Address 867, City 19"
ORD002106,CUST00394,2023-01-30,3,Returned,"Address 16, City 6"
ORD002107,CUST00169,2023-10-12,6,Shipped,"Address 219, City 8"
ORD002108,CUST00148,2024-11-03,10,Pending,"Address 368, City 6"
ORD002109,CUST00869,2023-08-16,2,Returned,"Address 143, City 17"
ORD002110,CUST00232,2024-02-01,1,Shipped,"Address 402, City 6"
ORD002111,CUST00615,2024-09-24,2,Completed,"Address 975, City 6"
ORD002112,CUST00143,2024-09-06,3,Completed,"Address 555, City 6"
ORD002113,CUST00368,2023-05-03,4,Cancelled,"Address 215, City 16"
ORD002114,CUST00406,2023-01-06,4,Delivered,"Address 995, City 7"
ORD002115,CUST00860,2023-05-05,4,Returned,"Address 545, City 12"
ORD002116,CUST00190,2023-01-08,3,Completed,"Address 50, City 4"
ORD002117,CUST00246,2024-08-13,4,Returned,"Address 619, City 16"
ORD002118,CUST00619,2023-03-28,1,,"Address 189, City 19"
ORD002119,CUST00350,2024-10-25,7,Shipped,"Address 349, City 13"
ORD002120,CUST00288,2024-11-24,8,Pending,"Address 994, City 20"
ORD002121,CUST00003,2023-11-13,8,Returned,"Address 147, City 8"
ORD002122,CUST00293,2023-01-01,6,Shipped,"Address 240, City 3"
ORD002123,CUST00667,2024-01-30,8,Returned,"Address 292, City 11"
ORD002124,CUST00297,2024-01-21,8,Shipped,"Address 802, City 4"
ORD002125,CUST00303,2024-09-21,6,Returned,"Address 107, City 3"
ORD002126,CUST00463,2024-11-17,8,Cancelled,"Address 349, City 2"
ORD002127,CUST00182,2023-12-19,8,Cancelled,"Address 28, City 19"
ORD002128,CUST00568,2023-06-13,2,Pending,"Address 561, City 2"
ORD002129,CUST00679,2024-02-21,2,Returned,"Address 136, City 8"
ORD002130,CUST00692,2023-03-12,2,Pending,"Address 950, City 15"
ORD002131,CUST00396,2023-01-25,8,Shipped,"Address 139, City 5"
ORD002132,CUST00701,2023-07-23,8,Delivered,"Address 74, City 5"
ORD002133,CUST00839,2024-01-23,9,Pending,"Address 425, City 8"
ORD002134,CUST00086,2024-05-24,2,Shipped,"Address 198, City 1"
ORD002135,CUST00030,2023-02-11,4,Delivered,"Address 252, City 19"
ORD002136,CUST00579,2024-07-04,3,Pending,"Address 213, City 5"
ORD002137,CUST00448,2023-09-23,6,Pending,"Address 390, City 13"
ORD002138,CUST00214,2024-09-19,3,Returned,"Address 106, City 16"
ORD002139,CUST00568,2024-11-05,4,Cancelled,"Address 584, City 3"
ORD002140,CUST00918,2023-12-16,4,Shipped,"Address 101, City 9"
ORD002141,CUST00892,2024-11-14,1,Delivered,"Address 439, City 13"
ORD002142,CUST00189,2023-10-27,7,Shipped,"Address 378, City 3"
ORD002143,CUST00500,2023-05-28,3,Delivered,"Address 226, City 8"
ORD002144,CUST00973,2024-05-15,6,Delivered,"Address 396, City 20"
ORD002145,CUST00421,2024-04-25,5,Returned,"Address 437, City 6"
ORD002146,CUST00286,2023-06-18,10,Delivered,"Address 23, City 10"
ORD002147,CUST00641,2024-02-21,3,Cancelled,"Address 994, City 19"
ORD002148,CUST00335,2024-03-04,7,Delivered,"Address 147, City 2"
ORD002149,CUST00785,2024-03-07,3,Cancelled,"Address 184, City 20"
ORD002150,CUST00758,2023-08-25,6,Returned,"Address 797, City 7"
ORD002151,CUST00702,2023-09-21,5,Completed,"Address 113, City 10"
ORD002152,CUST00890,2024-03-23,6,Shipped,"Address 201, City 10"
ORD002153,CUST00473,2024-05-20,9,Pending,"Address 717, City 1"
ORD002154,CUST00933,2023-10-21,6,Pending,"Address 879, City 5"
ORD002155,CUST00120,2024-01-18,9,Pending,"Address 25, City 7"
ORD002156,CUST00666,2023-08-24,10,Completed,"Address 569, City 5"
ORD002157,CUST00198,2023-09-06,8,Shipped,"Address 949, City 19"
ORD002158,CUST00325,2023-10-04,2,Cancelled,"Address 785, City 15"
ORD002159,CUST00405,2023-01-13,4,Shipped,"Address 870, City 17"
ORD002160,CUST00206,2024-03-12,1,Shipped,"Address 846, City 5"
ORD002161,CUST00842,2023-01-28,1,Pending,"Address 300, City 17"
ORD002162,CUST00130,2023-10-02,7,Returned,"Address 771, City 7"
ORD002163,CUST00870,2024-03-09,8,Cancelled,"Address 809, City 17"
ORD002164,CUST00962,2023-06-20,9,Cancelled,"Address 654, City 3"
ORD002165,CUST00391,2023-07-31,1,Pending,"Address 622, City 10"
ORD002166,CUST00898,2024-03-21,10,Returned,"Address 940, City 14"
ORD002167,CUST00582,2023-10-14,1,Shipped,"Address 637, City 12"
ORD002168,CUST00930,2023-04-06,10,Delivered,"Address 669, City 1"
ORD002169,CUST00111,2023-03-21,6,Completed,"Address 806, City 17"
ORD002170,CUST00062,2024-10-19,9,Shipped,"Address 752, City 17"
ORD002171,CUST00655,2024-08-13,1,Pending,"Address 289, City 2"
ORD002172,CUST00248,2023-10-06,2,Cancelled,"Address 349, City 3"
ORD002173,CUST00854,2023-08-07,6,Pending,"Address 282, City 17"
ORD002174,CUST00223,2024-10-23,8,Delivered,"Address 52, City 7"
ORD002175,CUST00640,2023-02-13,1,Cancelled,"Address 326, City 13"
ORD002176,CUST00459,2023-10-16,2,Cancelled,"Address 37, City 3"
ORD002177,CUST00039,2024-09-14,3,Pending,"Address 919, City 20"
ORD002178,CUST00711,2024-06-23,9,Shipped,"Address 106, City 14"
ORD002179,CUST00110,2023-04-06,6,Cancelled,"Address 819, City 17"
ORD002180,CUST00116,2024-03-08,2,Cancelled,"Address 395, City 15"
ORD002181,CUST00594,2023-12-31,9,Shipped,"Address 68, City 16"
ORD002182,CUST00737,2023-02-12,6,Delivered,"Address 550, City 7"
ORD002183,CUST00195,2024-01-19,5,Returned,"Address 357, City 14"
ORD002184,CUST00451,2023-12-02,3,Shipped,"Address 246, City 8"
ORD002185,CUST00672,2024-08-15,10,Returned,"Address 164, City 13"
ORD002186,CUST00676,2024-02-14,3,Pending,"Address 573, City 2"
ORD002187,CUST00698,2023-03-10,6,Delivered,"Address 439, City 18"
ORD002188,CUST00620,2024-05-11,4,,"Address 208, City 1"
ORD002189,CUST00808,2023-06-05,9,Shipped,"Address 474, City 6"
ORD002190,CUST00773,2024-05-05,7,Returned,"Address 228, City 9"
ORD002191,CUST00072,2023-11-21,6,Pending,"Address 328, City 5"
ORD002192,CUST00380,2025-06-14,5,Shipped,"Address 558, City 15"
ORD002193,CUST00964,2023-07-15,1,Returned,"Address 129, City 1"
ORD002194,CUST00468,2024-10-16,4,Pending,"Address 973, City 16"
ORD002195,CUST00481,2024-05-01,8,Completed,"Address 779, City 17"
ORD002196,CUST00144,2023-10-27,6,Pending,"Address 517, City 13"
ORD002197,CUST00002,2023-07-23,10,Cancelled,"Address 150, City 3"
ORD002198,CUST00848,2023-02-19,3,Delivered,"Address 303, City 10"
ORD002199,CUST00222,2024-05-15,1,Pending,"Address 842, City 15"
ORD002200,CUST00097,2024-04-25,10,Pending,"Address 958, City 4"
ORD002201,CUST00594,2024-11-25,10,Completed,"Address 727, City 20"
ORD002202,CUST00359,2024-03-20,7,Cancelled,"Address 42, City 20"
ORD002203,CUST00741,2024-09-16,7,Shipped,"Address 798, City 9"
ORD002204,CUST00018,2023-01-17,10,Shipped,"Address 844, City 10"
ORD002205,CUST00691,2023-05-22,7,Delivered,"Address 470, City 20"
ORD002206,CUST00981,2023-07-25,3,Completed,"Address 779, City 9"
ORD002207,CUST00639,2023-09-07,1,Delivered,"Address 490, City 8"
ORD002208,CUST00052,2024-03-07,2,Pending,"Address 85, City 11"
ORD002209,CUST00764,2023-02-08,2,Cancelled,"Address 932, City 5"
ORD002210,CUST00010,2024-03-05,1,Shipped,"Address 574, City 19"
ORD002211,CUST00686,2023-08-02,5,Delivered,"Address 885, City 18"
ORD002212,CUST00226,2023-07-28,6,Returned,"Address 367, City 16"
ORD002213,CUST00615,2023-04-02,3,Returned,"Address 584, City 3"
ORD002214,CUST00394,2023-09-16,4,Pending,"Address 424, City 13"
ORD002215,CUST00696,2023-10-18,4,Completed,"Address 94, City 16"
ORD002216,CUST00837,2023-05-23,7,Shipped,"Address 146, City 10"
ORD002217,CUST00552,2024-02-07,6,Returned,"Address 738, City 16"
ORD002218,CUST00132,2024-11-16,5,,"Address 706, City 5"
ORD002219,CUST00560,2023-01-22,7,Completed,"Address 765, City 13"
ORD002220,CUST00328,2023-01-18,2,Returned,"Address 287, City 7"
ORD002221,CUST00508,2023-05-27,2,Pending,"Address 59, City 7"
ORD002222,CUST00328,2023-08-29,7,Shipped,"Address 730, City 7"
ORD002223,CUST00092,2023-01-14,1,Completed,"Address 539, City 20"
ORD002224,CUST00241,2024-08-25,2,Returned,"Address 4, City 10"
ORD002225,CUST00991,2024-06-28,1,Pending,"Address 237, City 11"
ORD002226,CUST00067,2023-10-13,6,Returned,"Address 640, City 2"
ORD002227,CUST00758,2024-09-28,4,Delivered,"Address 649, City 15"
ORD002228,CUST00435,2024-03-03,2,Cancelled,"Address 547, City 1"
ORD002229,CUST00808,2024-06-08,2,Shipped,"Address 440, City 17"
ORD002230,CUST00358,2023-03-10,10,Cancelled,"Address 263, City 15"
ORD002231,CUST00893,2023-01-04,6,Shipped,"Address 849, City 3"
ORD002232,CUST00358,2023-02-07,9,Pending,"Address 251, City 1"
ORD002233,CUST00444,2024-09-19,8,Returned,"Address 516, City 10"
ORD002234,CUST00097,2023-05-23,9,Completed,"Address 144, City 14"
ORD002235,CUST00239,2024-09-12,8,Pending,"Address 664, City 1"
ORD002236,CUST00416,2023-04-17,8,Pending,"Address 522, City 16"
ORD002237,CUST00408,2024-05-05,3,Returned,"Address 222, City 14"
ORD002238,CUST00443,2023-08-30,9,Pending,"Address 26, City 3"
ORD002239,CUST00407,2024-11-01,3,Cancelled,"Address 163, City 6"
ORD002240,CUST00443,2024-03-11,7,Pending,"Address 584, City 7"
ORD002241,CUST00660,2024-04-03,7,Cancelled,"Address 333, City 6"
ORD002242,CUST00564,2023-07-11,10,Pending,"Address 624, City 1"
ORD002243,CUST00299,2024-04-19,10,Delivered,"Address 109, City 5"
ORD002244,CUST00350,2023-11-28,10,Cancelled,"Address 331, City 20"
ORD002245,CUST00390,2024-05-22,5,Shipped,"Address 379, City 18"
ORD002246,CUST00325,2023-01-26,1,Pending,"Address 298, City 4"
ORD002247,CUST00112,2024-03-27,7,Returned,"Address 586, City 3"
ORD002248,CUST00605,2023-05-23,6,Delivered,"Address 548, City 18"
ORD002249,CUST00083,2024-03-27,2,Delivered,"Address 41, City 2"
ORD002250,CUST00370,2024-10-29,1,,"Address 269, City 9"
ORD002251,CUST00721,2024-08-31,3,Cancelled,"Address 911, City 16"
ORD002252,CUST00655,2023-12-24,8,Pending,"Address 18, City 5"
ORD002253,CUST00201,2024-08-26,1,Pending,"Address 349, City 1"
ORD002254,CUST00660,2023-03-07,9,Pending,"Address 282, City 6"
ORD002255,CUST00773,2024-08-08,1,Pending,"Address 153, City 6"
ORD002256,CUST00233,2023-06-15,4,Shipped,"Address 650, City 18"
ORD002257,CUST00394,2023-01-17,3,Completed,"Address 511, City 7"
ORD002258,CUST00963,2023-01-21,3,Shipped,"Address 667, City 14"
ORD002259,CUST00266,2023-05-23,10,Shipped,"Address 812, City 10"
ORD002260,CUST00715,2023-01-26,6,Pending,"Address 658, City 9"
ORD002261,CUST00401,2023-11-09,10,Cancelled,"Address 931, City 16"
ORD002262,CUST00051,2023-09-19,7,Cancelled,"Address 371, City 10"
ORD002263,CUST00963,2023-09-17,6,Delivered,"Address 288, City 13"
ORD002264,CUST00440,2024-11-02,9,Pending,"Address 363, City 17"
ORD002265,CUST00683,2023-07-23,5,Delivered,"Address 877, City 8"
ORD002266,CUST00963,2024-11-08,6,Cancelled,"Address 876, City 14"
ORD002267,CUST00222,2024-05-21,7,Delivered,"Address 247, City 5"
ORD002268,CUST00882,2023-01-31,8,Returned,"Address 947, City 17"
ORD002269,CUST00298,2024-09-15,4,Pending,"Address 824, City 20"
ORD002270,CUST00224,2024-07-28,5,Pending,"Address 612, City 11"
ORD002271,CUST00033,2024-07-02,6,Pending,"Address 327, City 2"
ORD002272,CUST00739,2024-01-05,1,Returned,"Address 475, City 6"
ORD002273,CUST00053,2023-01-09,8,Shipped,"Address 777, City 20"
ORD002274,CUST00581,2023-07-20,1,Cancelled,"Address 757, City 16"
ORD002275,CUST00865,2023-05-26,10,Pending,"Address 354, City 1"
ORD002276,CUST00576,2023-09-05,1,Shipped,"Address 360, City 4"
ORD002277,CUST00040,2024-12-28,3,Pending,"Address 352, City 1"
ORD002278,CUST00190,2024-11-04,9,Shipped,"Address 906, City 3"
ORD002279,CUST00931,2023-05-23,8,Pending,"Address 701, City 8"
ORD002280,CUST00769,2023-08-18,8,Delivered,"Address 817, City 4"
ORD002281,CUST00146,2023-04-25,4,Returned,"Address 890, City 6"
ORD002282,CUST00367,2024-02-15,3,Delivered,"Address 445, City 13"
ORD002283,CUST00826,2023-07-07,6,Completed,"Address 508, City 8"
ORD002284,CUST00198,2024-06-25,9,Delivered,"Address 351, City 3"
ORD002285,CUST00648,2023-09-23,7,Returned,"Address 641, City 3"
ORD002286,CUST00238,2024-08-21,6,Cancelled,"Address 946, City 10"
ORD002287,CUST00849,2023-12-19,6,Pending,"Address 465, City 2"
ORD002288,CUST00139,2024-03-03,8,Completed,"Address 205, City 8"
ORD002289,CUST00257,2024-03-28,7,Shipped,"Address 684, City 11"
ORD002290,CUST00384,2024-05-02,7,Pending,"Address 436, City 9"
ORD002291,CUST00178,2023-04-14,7,Delivered,"Address 524, City 15"
ORD002292,CUST00164,2024-02-06,1,Completed,"Address 240, City 3"
ORD002293,CUST00853,2024-09-09,7,Shipped,"Address 613, City 11"
ORD002294,CUST00447,2023-03-17,8,Delivered,"Address 730, City 11"
ORD002295,CUST00842,2024-09-22,10,Shipped,"Address 721, City 14"
ORD002296,CUST00234,2024-03-27,2,Shipped,"Address 235, City 17"
ORD002297,CUST00544,2024-07-23,1,Delivered,"Address 93, City 10"
ORD002298,CUST00156,2024-10-27,1,Returned,"Address 411, City 10"
ORD002299,CUST00048,2024-01-11,3,Pending,"Address 253, City 9"
ORD002300,CUST00483,2023-05-16,6,Cancelled,"Address 190, City 20"
ORD002301,CUST00066,2024-09-16,2,Delivered,"Address 767, City 10"
ORD002302,CUST00265,2024-10-05,4,Returned,"Address 208, City 10"
ORD002303,CUST00447,2023-09-12,10,Completed,"Address 703, City 6"
ORD002304,CUST00600,2024-11-11,8,Pending,"Address 329, City 1"
ORD002305,CUST00151,2024-02-22,10,Pending,"Address 620, City 5"
ORD002306,CUST00925,2024-02-04,6,Cancelled,"Address 166, City 17"
ORD002307,CUST00863,2023-04-25,7,Returned,"Address 55, City 17"
ORD002308,CUST00235,2024-05-15,10,Completed,"Address 253, City 13"
ORD002309,CUST00922,2024-08-03,2,Cancelled,"Address 472, City 14"
ORD002310,CUST00117,2024-05-10,1,Returned,"Address 463, City 16"
ORD002311,CUST00453,2023-01-02,5,Returned,"Address 861, City 3"
ORD002312,CUST00885,2024-01-18,4,Delivered,"Address 11, City 6"
ORD002313,CUST00135,2023-01-07,7,Returned,"Address 507, City 18"
ORD002314,CUST00036,2024-09-19,4,Delivered,"Address 902, City 2"
ORD002315,CUST00609,2023-06-24,6,Cancelled,"Address 49, City 8"
ORD002316,CUST00798,2024-10-26,1,Returned,"Address 808, City 7"
ORD002317,CUST00418,2023-10-07,8,Delivered,"Address 550, City 5"
ORD002318,CUST00808,2023-09-03,7,Completed,"Address 910, City 8"
ORD002319,CUST00681,2024-07-16,3,Completed,"Address 769, City 11"
ORD002320,CUST00250,2023-04-13,4,Completed,"Address 318, City 6"
ORD002321,CUST00003,2023-06-02,2,Pending,"Address 371, City 8"
ORD002322,CUST00033,2023-06-27,9,Pending,"Address 903, City 13"
ORD002323,CUST00125,2024-06-19,7,Completed,"Address 579, City 3"
ORD002324,CUST00961,2024-10-26,8,Pending,"Address 13, City 15"
ORD002325,CUST00607,2024-06-06,5,Cancelled,"Address 48, City 2"
ORD002326,CUST00363,2023-01-24,3,Pending,"Address 800, City 2"
ORD002327,CUST00936,2024-04-30,1,Cancelled,"Address 575, City 12"
ORD002328,CUST00814,2023-01-29,9,Delivered,"Address 222, City 15"
ORD002329,CUST00542,2023-01-07,6,Completed,"Address 599, City 3"
ORD002330,CUST00272,2024-09-29,5,Delivered,"Address 484, City 5"
ORD002331,CUST00405,2024-09-23,6,Completed,"Address 465, City 14"
ORD002332,CUST00081,2024-05-25,4,Pending,"Address 120, City 17"
ORD002333,CUST00426,2024-05-27,3,Shipped,"Address 411, City 4"
ORD002334,CUST00760,2023-05-18,7,Cancelled,"Address 452, City 18"
ORD002335,CUST00963,2023-08-13,1,Cancelled,"Address 101, City 7"
ORD002336,CUST00867,2024-07-11,9,Delivered,"Address 48, City 6"
ORD002337,CUST00223,2023-05-24,5,Completed,"Address 807, City 13"
ORD002338,CUST00181,2024-01-26,8,Pending,"Address 304, City 4"
ORD002339,CUST00825,2023-03-15,8,Completed,"Address 179, City 4"
ORD002340,CUST00191,2024-01-19,5,Completed,"Address 545, City 14"
ORD002341,CUST00909,2023-08-01,7,Completed,"Address 398, City 11"
ORD002342,CUST00552,2024-01-22,10,Returned,"Address 950, City 1"
ORD002343,CUST00387,2024-08-09,9,Shipped,"Address 285, City 18"
ORD002344,CUST00499,2023-08-14,10,Shipped,"Address 233, City 3"
ORD002345,CUST00591,2023-12-19,3,Shipped,"Address 724, City 20"
ORD002346,CUST00678,2023-04-27,3,Completed,"Address 613, City 8"
ORD002347,CUST00066,2023-10-14,1,Completed,"Address 960, City 5"
ORD002348,CUST00097,2024-08-15,2,Shipped,"Address 161, City 9"
ORD002349,CUST00128,2024-05-06,9,Completed,"Address 458, City 19"
ORD002350,CUST00668,2024-02-15,1,Cancelled,"Address 459, City 17"
ORD002351,CUST00747,2024-09-19,9,Returned,"Address 292, City 19"
ORD002352,CUST00460,2024-09-21,10,Delivered,"Address 890, City 5"
ORD002353,CUST00503,2023-04-20,2,Returned,"Address 810, City 11"
ORD002354,CUST00365,2024-03-03,9,Returned,"Address 679, City 4"
ORD002355,CUST00444,2023-01-10,2,Pending,"Address 875, City 11"
ORD002356,CUST00883,2024-02-21,4,Cancelled,"Address 97, City 6"
ORD002357,CUST00473,2024-09-02,6,Cancelled,"Address 763, City 14"
ORD002358,CUST00429,2023-04-16,10,Cancelled,"Address 936, City 18"
ORD002359,CUST00073,2024-06-03,2,Shipped,"Address 707, City 19"
ORD002360,CUST00595,2024-10-25,10,Returned,"Address 171, City 2"
ORD002361,CUST00782,2023-04-27,4,Completed,"Address 437, City 16"
ORD002362,CUST00194,2023-12-23,3,Shipped,"Address 708, City 7"
ORD002363,CUST00944,2024-03-07,2,Shipped,"Address 629, City 17"
ORD002364,CUST00275,2023-12-04,10,Completed,"Address 617, City 2"
ORD002365,CUST00488,2023-09-06,3,Pending,"Address 529, City 11"
ORD002366,CUST00231,2024-05-30,6,Shipped,"Address 940, City 19"
ORD002367,CUST00777,2024-07-15,2,Delivered,"Address 224, City 20"
ORD002368,CUST00158,2024-10-09,3,Delivered,"Address 829, City 9"
ORD002369,CUST00854,2023-03-13,10,Shipped,"Address 902, City 3"
ORD002370,CUST00757,2024-10-06,5,Cancelled,"Address 927, City 4"
ORD002371,CUST00724,2023-07-06,4,Completed,"Address 556, City 13"
ORD002372,CUST00586,2023-08-27,10,Delivered,"Address 213, City 18"
ORD002373,CUST00326,2023-09-15,4,Cancelled,"Address 54, City 20"
ORD002374,CUST00009,2023-09-06,8,Returned,"Address 346, City 20"
ORD002375,CUST00667,2023-02-17,10,Pending,"Address 904, City 19"
ORD002376,CUST00476,2024-07-05,3,Pending,"Address 768, City 20"
ORD002377,CUST00888,2024-09-11,3,Cancelled,"Address 796, City 7"
ORD002378,CUST00667,2023-12-03,2,Returned,"Address 899, City 7"
ORD002379,CUST00987,2023-08-09,10,Cancelled,"Address 490, City 5"
ORD002380,CUST00491,2023-05-04,4,Completed,"Address 185, City 10"
ORD002381,CUST00667,2023-05-16,3,Pending,"Address 277, City 4"
ORD002382,CUST00538,2024-09-23,4,Completed,"Address 935, City 8"
ORD002383,CUST00752,2023-07-09,4,Delivered,"Address 97, City 18"
ORD002384,CUST00665,2023-04-13,5,Shipped,"Address 996, City 18"
ORD002385,CUST00160,2023-10-05,1,Delivered,"Address 857, City 12"
ORD002386,CUST00715,2023-01-08,10,Cancelled,"Address 916, City 3"
ORD002387,CUST00685,2023-05-01,9,Completed,"Address 427, City 9"
ORD002388,CUST00628,2023-01-09,10,Delivered,"Address 198, City 20"
ORD002389,CUST00635,2024-07-06,2,Cancelled,"Address 319, City 5"
ORD002390,CUST00859,2023-11-04,6,Pending,"Address 58, City 17"
ORD002391,CUST00395,2023-07-03,2,Completed,"Address 205, City 11"
ORD002392,CUST00328,2024-01-28,10,Pending,"Address 180, City 2"
ORD002393,CUST00980,2024-10-11,3,Cancelled,"Address 444, City 19"
ORD002394,CUST00960,2024-11-10,7,Shipped,"Address 240, City 8"
ORD002395,CUST00393,2024-07-04,2,Completed,"Address 641, City 18"
ORD002396,CUST00624,2023-07-16,1,Shipped,"Address 313, City 5"
ORD002397,CUST00670,2023-10-15,3,Cancelled,"Address 182, City 17"
ORD002398,CUST00277,2023-07-12,7,Delivered,"Address 552, City 20"
ORD002399,CUST00976,2023-08-24,4,Cancelled,"Address 962, City 17"
ORD002400,CUST00447,2024-01-26,10,Completed,"Address 795, City 12"
ORD002401,CUST00180,2023-10-22,5,Returned,"Address 967, City 20"
ORD002402,CUST00568,2023-05-17,6,Cancelled,"Address 349, City 1"
ORD002403,CUST00883,2024-08-14,6,Returned,"Address 959, City 17"
ORD002404,CUST00383,2024-09-28,10,Cancelled,"Address 887, City 1"
ORD002405,CUST00583,2023-09-12,7,Returned,"Address 433, City 10"
ORD002406,CUST00215,2023-12-01,6,Cancelled,"Address 46, City 9"
ORD002407,CUST00128,2024-04-13,9,Completed,"Address 607, City 19"
ORD002408,CUST00281,2023-12-15,3,Cancelled,"Address 282, City 10"
ORD002409,CUST00661,2024-09-17,7,Returned,"Address 441, City 15"
ORD002410,CUST00552,2024-08-26,10,Cancelled,"Address 718, City 4"
ORD002411,CUST00718,2024-04-13,1,Cancelled,"Address 88, City 9"
ORD002412,CUST00451,2024-09-28,2,Shipped,"Address 267, City 15"
ORD002413,CUST00345,2023-04-16,7,Delivered,"Address 746, City 11"
ORD002414,CUST00669,2023-01-01,6,Pending,"Address 967, City 1"
ORD002415,CUST00394,2023-04-09,8,Delivered,"Address 741, City 6"
ORD002416,CUST00291,2023-07-29,4,Delivered,"Address 656, City 14"
ORD002417,CUST00530,2024-08-12,6,,"Address 949, City 9"
ORD002418,CUST00778,2023-11-28,1,Cancelled,"Address 725, City 19"
ORD002419,CUST00497,2023-08-23,6,Shipped,"Address 768, City 9"
ORD002420,CUST00815,2023-07-02,9,Cancelled,"Address 550, City 19"
ORD002421,CUST00922,2023-06-21,6,Completed,"Address 35, City 5"
ORD002422,CUST00058,2023-12-05,4,Pending,"Address 439, City 6"
ORD002423,CUST00896,2024-01-21,5,Completed,"Address 779, City 8"
ORD002424,CUST00663,2024-06-13,5,Pending,"Address 573, City 2"
ORD002425,CUST00395,2024-11-18,4,Delivered,"Address 738, City 3"
ORD002426,CUST00789,2023-01-23,2,Shipped,"Address 592, City 13"
ORD002427,CUST00342,2024-09-07,2,Returned,"Address 2, City 10"
ORD002428,CUST00943,2024-10-20,9,Shipped,"Address 926, City 16"
ORD002429,CUST00359,2024-04-15,9,Cancelled,"Address 222, City 13"
ORD002430,CUST00425,2023-12-02,3,Shipped,"Address 221, City 9"
ORD002431,CUST00697,2023-11-08,5,Returned,"Address 521, City 20"
ORD002432,CUST00766,2024-01-22,4,Returned,"Address 987, City 5"
ORD002433,CUST00228,2023-07-20,6,Cancelled,"Address 732, City 2"
ORD002434,CUST00904,2024-04-04,4,Cancelled,"Address 888, City 12"
ORD002435,CUST00473,2024-04-17,7,Cancelled,"Address 398, City 8"
ORD002436,CUST00456,2024-02-06,9,Completed,"Address 924, City 18"
ORD002437,CUST00501,2024-09-11,8,Cancelled,"Address 880, City 12"
ORD002438,CUST00280,2024-09-19,5,Delivered,"Address 730, City 11"
ORD002439,CUST00602,2023-05-22,6,Cancelled,"Address 807, City 9"
ORD002440,CUST00986,2023-01-29,4,Cancelled,"Address 487, City 10"
ORD002441,CUST00272,2023-01-26,3,Cancelled,"Address 364, City 3"
ORD002442,CUST00612,2023-11-12,8,Delivered,"Address 325, City 16"
ORD002443,CUST00668,2023-08-01,4,Returned,"Address 34, City 2"
ORD002444,CUST00872,2024-08-07,5,Cancelled,"Address 366, City 17"
ORD002445,CUST00248,2023-06-03,5,Delivered,"Address 982, City 11"
ORD002446,CUST00673,2024-11-01,7,Delivered,"Address 936, City 7"
ORD002447,CUST00134,2024-11-24,7,Completed,"Address 938, City 1"
ORD002448,CUST00267,2023-02-07,8,Returned,"Address 72, City 2"
ORD002449,CUST00835,2023-09-09,5,Pending,"Address 432, City 3"
ORD002450,CUST00615,2023-03-22,10,Returned,"Address 854, City 11"
ORD002451,CUST00089,2023-03-24,9,Delivered,"Address 767, City 15"
ORD002452,CUST00412,2023-10-11,7,Pending,"Address 460, City 14"
ORD002453,CUST00523,2024-04-05,7,Pending,"Address 738, City 15"
ORD002454,CUST00422,2024-08-20,7,Cancelled,"Address 151, City 20"
ORD002455,CUST00759,2023-01-17,6,Delivered,"Address 615, City 19"
ORD002456,CUST00018,2024-01-19,9,Completed,"Address 169, City 8"
ORD002457,CUST00004,2023-08-26,3,Shipped,"Address 931, City 10"
ORD002458,CUST00324,2023-01-18,5,Pending,"Address 548, City 14"
ORD002459,CUST00937,2023-06-28,3,Completed,"Address 222, City 3"
ORD002460,CUST00398,2024-06-28,7,Cancelled,"Address 889, City 8"
ORD002461,CUST00566,2023-08-07,10,Delivered,"Address 759, City 17"
ORD002462,CUST00172,2023-12-14,5,Delivered,"Address 3, City 7"
ORD002463,CUST00621,2023-12-02,5,Completed,"Address 765, City 6"
ORD002464,CUST00802,2023-08-20,9,Shipped,"Address 85, City 18"
ORD002465,CUST00717,2024-11-29,7,Cancelled,"Address 98, City 7"
ORD002466,CUST00993,2023-04-03,4,Completed,"Address 193, City 1"
ORD002467,CUST00364,2023-05-25,9,Delivered,"Address 994, City 14"
ORD002468,CUST00548,2023-11-22,2,Returned,"Address 795, City 18"
ORD002469,CUST00654,2024-01-09,3,Cancelled,"Address 336, City 11"
ORD002470,CUST00827,2024-09-29,10,Returned,"Address 723, City 3"
ORD002471,CUST00995,2023-06-24,9,Delivered,"Address 532, City 4"
ORD002472,CUST00472,2024-01-21,6,Shipped,"Address 211, City 4"
ORD002473,CUST00226,2024-08-24,5,Returned,"Address 913, City 2"
ORD002474,CUST00201,2023-02-26,9,Delivered,"Address 194, City 9"
ORD002475,CUST00721,2023-05-11,10,Shipped,"Address 161, City 4"
ORD002476,CUST00898,2024-09-14,6,Pending,"Address 782, City 2"
ORD002477,CUST00754,2024-08-24,2,Returned,"Address 484, City 7"
ORD002478,CUST00093,2023-10-30,2,Cancelled,"Address 256, City 3"
ORD002479,CUST00904,2023-12-07,6,Completed,"Address 329, City 8"
ORD002480,CUST00195,2023-02-09,1,Delivered,"Address 452, City 18"
ORD002481,CUST00688,2023-04-01,2,Returned,"Address 759, City 14"
ORD002482,CUST00629,2024-01-05,9,Delivered,"Address 417, City 14"
ORD002483,CUST00768,2023-09-01,5,Delivered,"Address 572, City 6"
ORD002484,CUST00606,2024-09-03,2,Returned,"Address 613, City 9"
ORD002485,CUST00157,2023-12-16,1,Pending,"Address 633, City 4"
ORD002486,CUST00430,2023-01-24,2,Pending,"Address 657, City 13"
ORD002487,CUST00096,2024-09-22,1,Pending,"Address 652, City 5"
ORD002488,CUST00681,2023-06-13,5,Pending,"Address 549, City 5"
ORD002489,CUST00845,2024-03-03,9,Shipped,"Address 649, City 16"
ORD002490,CUST00951,2023-12-31,7,Cancelled,"Address 583, City 13"
ORD002491,CUST00032,2023-05-30,9,Delivered,"Address 819, City 3"
ORD002492,CUST00012,2023-01-04,6,Shipped,"Address 650, City 12"
ORD002493,CUST00133,2024-05-19,3,Cancelled,"Address 207, City 6"
ORD002494,CUST00032,2023-05-30,1,Pending,"Address 866, City 9"
ORD002495,CUST00348,2024-07-26,10,Shipped,"Address 196, City 18"
ORD002496,CUST00962,2024-04-19,2,Delivered,"Address 343, City 6"
ORD002497,CUST00340,2023-02-15,9,Pending,"Address 953, City 5"
ORD002498,CUST00971,2024-10-08,9,Cancelled,"Address 566, City 1"
ORD002499,CUST00811,2023-06-27,3,Cancelled,"Address 868, City 10"
ORD002500,CUST00270,2024-05-03,8,Cancelled,"Address 622, City 11"
ORD002501,CUST00736,2023-02-12,10,Completed,"Address 996, City 19"
ORD002502,CUST00339,2024-06-01,7,Pending,"Address 37, City 4"
ORD002503,CUST00338,2024-02-03,6,Shipped,"Address 573, City 16"
ORD002504,CUST00521,2024-06-27,9,Cancelled,"Address 714, City 20"
ORD002505,CUST00850,2024-09-30,4,Cancelled,"Address 54, City 14"
ORD002506,CUST00132,2024-10-24,3,Completed,"Address 101, City 7"
ORD002507,CUST00392,2024-07-23,1,Cancelled,"Address 284, City 15"
ORD002508,CUST00772,2023-03-23,10,Shipped,"Address 213, City 11"
ORD002509,CUST00779,2023-05-05,5,Returned,"Address 784, City 11"
ORD002510,CUST00574,2023-09-09,3,Returned,"Address 76, City 19"
ORD002511,CUST00266,2023-05-05,8,Pending,"Address 371, City 8"
ORD002512,CUST00452,2023-11-12,3,Returned,"Address 96, City 14"
ORD002513,CUST00221,2024-04-30,1,Delivered,"Address 130, City 13"
ORD002514,CUST00009,2024-05-20,9,Returned,"Address 414, City 17"
ORD002515,CUST00855,2024-02-28,6,Pending,"Address 913, City 6"
ORD002516,CUST00793,2024-01-12,9,Shipped,"Address 169, City 18"
ORD002517,CUST00779,2023-01-02,2,Shipped,"Address 215, City 2"
ORD002518,CUST00920,2024-03-23,9,Cancelled,"Address 306, City 14"
ORD002519,CUST00929,2024-05-11,7,Returned,"Address 972, City 13"
ORD002520,CUST00332,2023-10-13,9,Delivered,"Address 589, City 11"
ORD002521,CUST00487,2024-08-11,6,Shipped,"Address 206, City 3"
ORD002522,CUST00331,2024-05-04,6,Pending,"Address 644, City 6"
ORD002523,CUST00717,2024-05-30,10,Returned,"Address 989, City 9"
ORD002524,CUST00991,2023-03-31,2,Delivered,"Address 396, City 6"
ORD002525,CUST00455,2024-03-14,6,Pending,"Address 809, City 20"
ORD002526,CUST00505,2024-09-25,7,Shipped,"Address 417, City 12"
ORD002527,CUST00074,2023-11-22,6,Cancelled,"Address 115, City 20"
ORD002528,CUST00452,2024-02-17,9,Shipped,"Address 9, City 2"
ORD002529,CUST00979,2024-08-02,4,Returned,"Address 63, City 4"
ORD002530,CUST00804,2024-02-10,4,Completed,"Address 336, City 19"
ORD002531,CUST00668,2024-05-01,3,Delivered,"Address 537, City 9"
ORD002532,CUST00811,2024-07-08,4,Pending,"Address 492, City 13"
ORD002533,CUST00567,2024-02-25,1,Returned,"Address 447, City 2"
ORD002534,CUST00824,2024-03-25,9,Delivered,"Address 209, City 7"
ORD002535,CUST00567,2023-11-04,1,Delivered,"Address 450, City 8"
ORD002536,CUST00814,2024-01-19,9,Pending,"Address 951, City 12"
ORD002537,CUST00268,2023-12-01,5,Completed,"Address 600, City 5"
ORD002538,CUST00042,2024-02-07,10,Cancelled,"Address 954, City 13"
ORD002539,CUST00718,2024-10-10,3,Completed,"Address 768, City 7"
ORD002540,CUST00948,2024-02-09,5,Completed,"Address 708, City 5"
ORD002541,CUST00841,2024-06-27,6,Pending,"Address 700, City 5"
ORD002542,CUST00374,2024-05-28,1,Completed,"Address 973, City 12"
ORD002543,CUST00740,2023-11-25,4,Completed,"Address 465, City 11"
ORD002544,CUST00563,2023-11-24,3,Shipped,"Address 427, City 9"
ORD002545,CUST00966,2023-08-11,10,Cancelled,"Address 274, City 10"
ORD002546,CUST00003,2024-02-09,8,Completed,"Address 851, City 11"
ORD002547,CUST00683,2023-03-26,10,Completed,"Address 67, City 15"
ORD002548,CUST00384,2024-05-09,6,Returned,"Address 284, City 10"
ORD002549,CUST00813,2023-04-09,5,Shipped,"Address 689, City 4"
ORD002550,CUST00940,2024-03-15,5,Shipped,"Address 690, City 8"
ORD002551,CUST00800,2024-06-13,6,Cancelled,"Address 456, City 14"
ORD002552,CUST00389,2023-12-25,6,Completed,"Address 371, City 11"
ORD002553,CUST00743,2023-11-07,10,Pending,"Address 856, City 10"
ORD002554,CUST00785,2023-08-16,7,Pending,"Address 345, City 14"
ORD002555,CUST00179,2024-07-31,3,Returned,"Address 628, City 2"
ORD002556,CUST00415,2024-05-13,4,Completed,"Address 369, City 19"
ORD002557,CUST00478,2024-04-19,2,Pending,"Address 127, City 11"
ORD002558,CUST00259,2024-10-20,8,Shipped,"Address 630, City 9"
ORD002559,CUST00680,2023-09-04,2,Pending,"Address 550, City 16"
ORD002560,CUST00178,2023-05-17,6,Cancelled,"Address 345, City 13"
ORD002561,CUST00107,2023-09-18,4,Pending,"Address 650, City 16"
ORD002562,CUST00098,2023-11-13,7,Pending,"Address 220, City 20"
ORD002563,CUST00322,2024-11-12,3,Shipped,"Address 990, City 12"
ORD002564,CUST00566,2023-12-24,1,Pending,"Address 805, City 12"
ORD002565,CUST00765,2024-05-12,10,Cancelled,"Address 514, City 4"
ORD002566,CUST00419,2024-10-31,7,Returned,"Address 269, City 4"
ORD002567,CUST00421,2023-07-18,3,Pending,"Address 806, City 10"
ORD002568,CUST00002,2024-03-30,5,,"Address 411, City 19"
ORD002569,CUST00649,2024-03-31,2,Cancelled,"Address 501, City 8"
ORD002570,CUST00128,2023-10-25,9,Delivered,"Address 43, City 17"
ORD002571,CUST00512,2023-08-10,5,Cancelled,"Address 473, City 1"
ORD002572,CUST00624,2023-07-15,7,Completed,"Address 631, City 1"
ORD002573,CUST00867,2024-11-05,1,Cancelled,"Address 963, City 13"
ORD002574,CUST00587,2024-04-16,5,Cancelled,"Address 718, City 20"
ORD002575,CUST00967,2023-07-02,9,Pending,"Address 926, City 5"
ORD002576,CUST00768,2023-04-23,6,Shipped,"Address 790, City 19"
ORD002577,CUST00456,2024-03-10,7,Delivered,"Address 810, City 14"
ORD002578,CUST00246,2024-05-13,6,Delivered,"Address 609, City 14"
ORD002579,CUST00501,2023-02-16,1,Shipped,"Address 220, City 9"
ORD002580,CUST00991,2023-03-29,4,Delivered,"Address 772, City 7"
ORD002581,CUST00008,2024-09-18,2,Completed,"Address 933, City 10"
ORD002582,CUST00505,2023-06-18,5,Shipped,"Address 872, City 8"
ORD002583,CUST00492,2023-11-18,10,Completed,"Address 275, City 17"
ORD002584,CUST00201,2023-01-23,1,Cancelled,"Address 234, City 12"
ORD002585,CUST00448,2024-10-05,6,Shipped,"Address 26, City 17"
ORD002586,CUST00998,2023-06-28,6,Pending,"Address 919, City 16"
ORD002587,CUST00969,2024-08-28,5,Completed,"Address 519, City 17"
ORD002588,CUST00440,2024-02-04,10,Shipped,"Address 980, City 7"
ORD002589,CUST00078,2023-06-20,5,Shipped,"Address 163, City 13"
ORD002590,CUST00946,2023-03-26,2,Pending,"Address 826, City 5"
ORD002591,CUST00830,2023-12-08,10,Cancelled,"Address 777, City 11"
ORD002592,CUST00987,2024-04-07,5,Delivered,"Address 382, City 7"
ORD002593,CUST00384,2023-07-05,6,Completed,"Address 100, City 18"
ORD002594,CUST00871,2024-11-12,6,Cancelled,"Address 193, City 17"
ORD002595,CUST00704,2023-01-19,6,Shipped,"Address 664, City 18"
ORD002596,CUST00707,2023-04-13,10,Pending,"Address 309, City 4"
ORD002597,CUST00798,2024-07-03,5,Completed,"Address 687, City 5"
ORD002598,CUST00029,2023-06-19,2,Returned,"Address 249, City 11"
ORD002599,CUST00999,2023-10-01,1,Completed,"Address 174, City 18"
ORD002600,CUST00934,2024-07-31,7,,"Address 494, City 13"
ORD002601,CUST00480,2023-10-26,8,Returned,"Address 432, City 16"
ORD002602,CUST00112,2024-03-21,9,Cancelled,"Address 759, City 20"
ORD002603,CUST00003,2024-01-18,8,Cancelled,"Address 68, City 14"
ORD002604,CUST00982,2023-07-09,2,Completed,"Address 537, City 17"
ORD002605,CUST00575,2024-02-09,1,Completed,"Address 834, City 19"
ORD002606,CUST00046,2023-08-16,4,Pending,"Address 866, City 10"
ORD002607,CUST00337,2024-11-01,7,Cancelled,"Address 112, City 19"
ORD002608,CUST00086,2024-09-19,7,Pending,"Address 771, City 8"
ORD002609,CUST00699,2024-09-15,1,Delivered,"Address 583, City 2"
ORD002610,CUST00737,2024-08-01,8,Shipped,"Address 345, City 4"
ORD002611,CUST00462,2024-09-02,1,Completed,"Address 383, City 18"
ORD002612,CUST00103,2024-08-10,4,Returned,"Address 401, City 15"
ORD002613,CUST00474,2023-01-12,5,Delivered,"Address 69, City 20"
ORD002614,CUST00653,2023-09-12,7,Delivered,"Address 412, City 1"
ORD002615,CUST00179,2023-05-24,2,Pending,"Address 26, City 18"
ORD002616,CUST00467,2024-06-06,6,Returned,"Address 886, City 20"
ORD002617,CUST00204,2023-08-26,6,Returned,"Address 197, City 20"
ORD002618,CUST00085,2024-10-16,1,Cancelled,"Address 823, City 11"
ORD002619,CUST00492,2023-03-28,5,Delivered,"Address 223, City 12"
ORD002620,CUST00027,2023-05-06,3,Delivered,"Address 828, City 3"
ORD002621,CUST00933,2023-06-04,9,Completed,"Address 377, City 17"
ORD002622,CUST00597,2024-10-12,8,Completed,"Address 348, City 20"
ORD002623,CUST00103,2024-04-09,8,Completed,"Address 717, City 1"
ORD002624,CUST00034,2023-07-16,6,Cancelled,"Address 915, City 19"
ORD002625,CUST00076,2023-11-07,3,Pending,"Address 338, City 3"
ORD002626,CUST00260,2024-02-06,9,Pending,"Address 605, City 11"
ORD002627,CUST00245,2023-08-02,8,Delivered,"Address 571, City 15"
ORD002628,CUST00469,2024-02-18,8,Cancelled,"Address 10, City 13"
ORD002629,CUST00230,2023-10-14,5,Pending,"Address 954, City 19"
ORD002630,CUST00693,2024-04-10,4,Pending,"Address 779, City 8"
ORD002631,CUST00234,2023-02-15,4,Returned,"Address 767, City 15"
ORD002632,CUST00935,2023-12-08,8,Delivered,"Address 349, City 4"
ORD002633,CUST00310,2023-01-01,9,Returned,"Address 601, City 10"
ORD002634,CUST00743,2024-03-25,4,Returned,"Address 353, City 13"
ORD002635,CUST00878,2023-01-21,6,Shipped,"Address 466, City 20"
ORD002636,CUST00913,2024-08-20,6,Pending,"Address 823, City 16"
ORD002637,CUST00852,2024-02-28,2,Completed,"Address 590, City 16"
ORD002638,CUST00315,2024-02-06,8,Pending,"Address 429, City 11"
ORD002639,CUST00154,2024-04-17,9,Cancelled,"Address 397, City 19"
ORD002640,CUST00304,2023-08-04,9,Pending,"Address 209, City 19"
ORD002641,CUST00624,2023-01-11,9,Pending,"Address 879, City 12"
ORD002642,CUST00012,2024-03-02,7,Returned,"Address 187, City 14"
ORD002643,CUST00224,2023-03-11,9,Cancelled,"Address 488, City 2"
ORD002644,CUST00786,2024-10-01,8,Cancelled,"Address 384, City 15"
ORD002645,CUST00776,2023-02-11,4,Cancelled,"Address 229, City 16"
ORD002646,CUST00604,2024-04-24,3,Cancelled,"Address 805, City 3"
ORD002647,CUST00970,2023-02-26,8,Delivered,"Address 568, City 20"
ORD002648,CUST00177,2024-03-05,3,Completed,"Address 991, City 6"
ORD002649,CUST00207,2023-10-22,3,Pending,"Address 248, City 2"
ORD002650,CUST00221,2023-05-27,10,Shipped,"Address 389, City 1"
ORD002651,CUST00834,2024-02-15,1,Cancelled,"Address 998, City 9"
ORD002652,CUST00697,2023-08-21,1,Delivered,"Address 196, City 11"
ORD002653,CUST00551,2024-03-24,7,Shipped,"Address 93, City 5"
ORD002654,CUST00352,2024-06-01,4,Completed,"Address 392, City 9"
ORD002655,CUST00544,2023-09-17,9,Returned,"Address 970, City 11"
ORD002656,CUST00110,2023-09-09,2,Pending,"Address 819, City 17"
ORD002657,CUST00263,2023-01-11,3,Delivered,"Address 543, City 1"
ORD002658,CUST00254,2023-11-28,8,Delivered,"Address 374, City 11"
ORD002659,CUST00492,2023-01-31,9,Cancelled,"Address 653, City 15"
ORD002660,CUST00407,2024-07-11,1,Completed,"Address 605, City 5"
ORD002661,CUST00126,2023-06-22,4,Cancelled,"Address 921, City 3"
ORD002662,CUST00993,2024-09-28,6,Cancelled,"Address 975, City 19"
ORD002663,CUST00678,2024-08-13,3,Cancelled,"Address 796, City 16"
ORD002664,CUST00942,2023-06-13,9,Pending,"Address 821, City 6"
ORD002665,CUST00582,2023-11-14,6,Shipped,"Address 116, City 16"
ORD002666,CUST00592,2024-11-13,7,Completed,"Address 241, City 7"
ORD002667,CUST00555,2024-07-06,9,Cancelled,"Address 332, City 3"
ORD002668,CUST00184,2023-02-12,9,Delivered,"Address 154, City 1"
ORD002669,CUST00698,2023-05-31,3,Pending,"Address 85, City 16"
ORD002670,CUST00305,2024-01-05,6,Completed,"Address 543, City 16"
ORD002671,CUST00141,2024-09-26,2,Delivered,"Address 135, City 15"
ORD002672,CUST00666,2023-11-24,1,Delivered,"Address 698, City 19"
ORD002673,CUST00259,2024-04-03,5,Completed,"Address 739, City 13"
ORD002674,CUST00493,2023-02-26,9,Delivered,"Address 556, City 7"
ORD002675,CUST00014,2023-07-26,10,Returned,"Address 146, City 8"
ORD002676,CUST00222,2024-07-22,7,Pending,"Address 51, City 3"
ORD002677,CUST00344,2023-09-23,8,Shipped,"Address 411, City 16"
ORD002678,CUST00275,2023-03-19,9,Pending,"Address 650, City 15"
ORD002679,CUST00098,2023-01-08,6,Completed,"Address 509, City 20"
ORD002680,CUST00686,2024-05-09,3,Shipped,"Address 586, City 5"
ORD002681,CUST00123,2023-02-17,9,Pending,"Address 130, City 8"
ORD002682,CUST00722,2023-08-21,3,Cancelled,"Address 852, City 9"
ORD002683,CUST00663,2024-08-12,4,Returned,"Address 166, City 19"
ORD002684,CUST00352,2023-04-16,9,Pending,"Address 937, City 11"
ORD002685,CUST00080,2023-05-08,7,Returned,"Address 86, City 10"
ORD002686,CUST00169,2024-09-07,1,Cancelled,"Address 959, City 15"
ORD002687,CUST00713,2023-11-06,2,Delivered,"Address 307, City 18"
ORD002688,CUST00847,2024-04-23,4,Shipped,"Address 355, City 20"
ORD002689,CUST00530,2023-03-23,9,Completed,"Address 669, City 19"
ORD002690,CUST00746,2024-04-26,8,Pending,"Address 809, City 15"
ORD002691,CUST00176,2024-05-06,5,Pending,"Address 645, City 11"
ORD002692,CUST00638,2023-11-08,8,Shipped,"Address 888, City 13"
ORD002693,CUST00488,2024-01-06,2,Cancelled,"Address 872, City 10"
ORD002694,CUST00916,2023-08-17,9,Pending,"Address 161, City 20"
ORD002695,CUST00049,2024-08-08,4,Returned,"Address 657, City 10"
ORD002696,CUST00301,2023-05-09,8,Cancelled,"Address 642, City 1"
ORD002697,CUST00582,2023-02-21,5,,"Address 716, City 12"
ORD002698,CUST00234,2024-05-09,8,Delivered,"Address 416, City 13"
ORD002699,CUST00129,2023-05-22,6,Shipped,"Address 227, City 14"
ORD002700,CUST00237,2024-09-05,1,Completed,"Address 275, City 2"
ORD002701,CUST00696,2023-04-13,6,Shipped,"Address 728, City 4"
ORD002702,CUST00189,2024-04-16,3,Completed,"Address 984, City 11"
ORD002703,CUST00586,2024-03-07,1,Pending,"Address 273, City 5"
ORD002704,CUST00817,2024-09-17,4,Delivered,"Address 755, City 9"
ORD002705,CUST00821,2024-04-04,5,Returned,"Address 249, City 11"
ORD002706,CUST00428,2024-09-23,7,Cancelled,"Address 817, City 3"
ORD002707,CUST00256,2023-12-28,10,,"Address 442, City 6"
ORD002708,CUST00477,2023-11-05,4,Completed,"Address 208, City 5"
ORD002709,CUST00577,2024-09-11,1,Pending,"Address 57, City 14"
ORD002710,CUST00863,2023-11-04,8,Pending,"Address 150, City 15"
ORD002711,CUST00501,2024-05-30,4,Pending,"Address 267, City 2"
ORD002712,CUST00181,2023-10-18,4,Returned,"Address 148, City 2"
ORD002713,CUST00454,2024-03-19,6,Delivered,"Address 231, City 20"
ORD002714,CUST00314,2023-07-21,4,Cancelled,"Address 284, City 11"
ORD002715,CUST00758,2023-08-06,10,Pending,"Address 526, City 16"
ORD002716,CUST00711,2024-07-25,4,Shipped,"Address 818, City 17"
ORD002717,CUST00914,2023-04-11,4,Cancelled,"Address 349, City 8"
ORD002718,CUST00920,2024-10-06,4,Shipped,"Address 104, City 6"
ORD002719,CUST00301,2023-06-06,8,Completed,"Address 552, City 12"
ORD002720,CUST00732,2023-07-15,8,Shipped,"Address 46, City 11"
ORD002721,CUST00410,2023-03-16,1,Shipped,"Address 839, City 1"
ORD002722,CUST00726,2024-05-14,2,Delivered,"Address 880, City 16"
ORD002723,CUST00824,2023-02-25,10,Delivered,"Address 716, City 2"
ORD002724,CUST00156,2023-10-07,3,Pending,"Address 970, City 11"
ORD002725,CUST00313,2024-02-07,2,Returned,"Address 833, City 12"
ORD002726,CUST00135,2023-03-31,6,Completed,"Address 790, City 17"
ORD002727,CUST00601,2023-03-19,2,Pending,"Address 354, City 1"
ORD002728,CUST00733,2023-12-24,4,Delivered,"Address 261, City 3"
ORD002729,CUST00731,2024-09-23,8,Pending,"Address 775, City 11"
ORD002730,CUST00509,2024-01-02,2,Cancelled,"Address 237, City 6"
ORD002731,CUST00647,2024-06-11,3,Cancelled,"Address 861, City 14"
ORD002732,CUST00763,2023-05-04,7,Completed,"Address 894, City 18"
ORD002733,CUST00374,2025-11-03,7,Shipped,"Address 798, City 1"
ORD002734,CUST00447,2024-04-14,2,Delivered,"Address 322, City 20"
ORD002735,CUST00676,2024-07-29,7,Delivered,"Address 431, City 20"
ORD002736,CUST00472,2024-04-01,2,Pending,"Address 988, City 14"
ORD002737,CUST00935,2023-01-25,9,Returned,"Address 46, City 3"
ORD002738,CUST00784,2023-10-19,7,Completed,"Address 615, City 5"
ORD002739,CUST00852,2024-05-12,9,Returned,"Address 609, City 7"
ORD002740,CUST00288,2023-02-09,7,Cancelled,"Address 569, City 17"
ORD002741,CUST00418,2023-04-27,9,Returned,"Address 91, City 17"
ORD002742,CUST00955,2023-12-28,7,Completed,"Address 643, City 2"
ORD002743,CUST00606,2024-11-07,7,Cancelled,"Address 550, City 6"
ORD002744,CUST00491,2024-01-25,3,Completed,"Address 160, City 16"
ORD002745,CUST00844,2023-06-10,1,Returned,"Address 685, City 10"
ORD002746,CUST00159,2024-04-03,4,Delivered,"Address 19, City 15"
ORD002747,CUST00229,2024-06-12,1,Shipped,"Address 410, City 20"
ORD002748,CUST00976,2024-03-30,9,Returned,"Address 584, City 12"
ORD002749,CUST00657,2023-04-16,5,Delivered,"Address 210, City 14"
ORD002750,CUST00914,2024-04-17,2,Cancelled,"Address 37, City 14"
ORD002751,CUST00540,2024-01-24,9,Cancelled,"Address 890, City 18"
ORD002752,CUST00782,2023-12-12,8,Completed,"Address 363, City 14"
ORD002753,CUST00360,2023-02-16,10,Cancelled,"Address 311, City 8"
ORD002754,CUST00516,2023-04-02,1,Pending,"Address 603, City 5"
ORD002755,CUST00738,2023-01-17,1,Returned,"Address 355, City 14"
ORD002756,CUST00777,2023-12-06,4,Cancelled,"Address 494, City 8"
ORD002757,CUST00694,2023-01-19,4,Cancelled,"Address 493, City 4"
ORD002758,CUST00802,2024-08-29,3,Completed,"Address 561, City 16"
ORD002759,CUST00158,2024-11-20,1,Shipped,"Address 59, City 5"
ORD002760,CUST00979,2024-01-19,5,Completed,"Address 351, City 10"
ORD002761,CUST00033,2024-08-27,9,Pending,"Address 578, City 19"
ORD002762,CUST00864,2024-07-17,4,Cancelled,"Address 470, City 8"
ORD002763,CUST00523,2024-06-16,8,Cancelled,"Address 220, City 1"
ORD002764,CUST00818,2023-07-27,5,Shipped,"Address 61, City 1"
ORD002765,CUST00595,2023-01-31,2,Delivered,"Address 315, City 20"
ORD002766,CUST00019,2023-08-20,8,Pending,"Address 449, City 19"
ORD002767,CUST00985,2024-08-02,7,Delivered,"Address 397, City 5"
ORD002768,CUST00635,2024-06-08,8,Delivered,"Address 621, City 13"
ORD002769,CUST00149,2023-06-10,6,Delivered,"Address 58, City 1"
ORD002770,CUST00131,2023-06-19,4,Shipped,"Address 294, City 2"
ORD002771,CUST00392,2024-01-17,8,Completed,"Address 81, City 12"
ORD002772,CUST00578,2024-06-15,1,Completed,"Address 872, City 6"
ORD002773,CUST00904,2024-06-03,1,Cancelled,"Address 45, City 18"
ORD002774,CUST00871,2023-04-28,3,Shipped,"Address 567, City 10"
ORD002775,CUST00498,2023-10-10,10,Returned,"Address 199, City 14"
ORD002776,CUST00335,2023-03-26,3,Returned,"Address 565, City 10"
ORD002777,CUST00311,2023-11-07,3,,"Address 266, City 18"
ORD002778,CUST00258,2023-06-02,9,Cancelled,"Address 73, City 8"
ORD002779,CUST00241,2024-04-17,8,Delivered,"Address 966, City 3"
ORD002780,CUST00936,2023-04-23,9,Shipped,"Address 390, City 19"
ORD002781,CUST00943,2023-05-05,5,Returned,"Address 686, City 19"
ORD002782,CUST00007,2024-02-23,7,Delivered,"Address 802, City 3"
ORD002783,CUST00582,2024-05-28,2,Returned,"Address 631, City 5"
ORD002784,CUST00868,2023-11-19,7,Pending,"Address 910, City 10"
ORD002785,CUST00420,2024-05-12,9,Shipped,"Address 993, City 2"
ORD002786,CUST00269,2023-08-14,2,Shipped,"Address 529, City 4"
ORD002787,CUST00967,2024-04-23,9,Delivered,"Address 351, City 3"
ORD002788,CUST00161,2023-08-26,6,Cancelled,"Address 685, City 1"
ORD002789,CUST00320,2023-11-14,8,Delivered,"Address 587, City 9"
ORD002790,CUST00827,2023-02-18,7,Delivered,"Address 516, City 15"
ORD002791,CUST00218,2024-06-23,2,Completed,"Address 827, City 12"
ORD002792,CUST00279,2024-02-04,6,Shipped,"Address 678, City 16"
ORD002793,CUST00276,2024-09-06,1,Delivered,"Address 220, City 15"
ORD002794,CUST00265,2023-09-29,10,Returned,"Address 538, City 15"
ORD002795,CUST00619,2023-01-04,4,Completed,"Address 403, City 20"
ORD002796,CUST00092,2023-10-23,3,Cancelled,"Address 73, City 1"
ORD002797,CUST00018,2024-01-30,4,Cancelled,"Address 963, City 3"
ORD002798,CUST00570,2024-10-23,1,Cancelled,"Address 702, City 2"
ORD002799,CUST00028,2023-03-25,9,Pending,"Address 417, City 4"
ORD002800,CUST00330,2023-06-19,4,Cancelled,"Address 22, City 2"
ORD002801,CUST00452,2023-10-15,5,Cancelled,"Address 308, City 18"
ORD002802,CUST00794,2024-01-23,10,Returned,"Address 259, City 17"
ORD002803,CUST00479,2023-03-13,1,Shipped,"Address 110, City 1"
ORD002804,CUST00944,2023-02-24,8,Completed,"Address 456, City 16"
ORD002805,CUST00670,2023-08-16,8,Delivered,"Address 829, City 7"
ORD002806,CUST00455,2023-02-07,9,Completed,"Address 588, City 14"
ORD002807,CUST00038,2023-02-23,5,Shipped,"Address 275, City 10"
ORD002808,CUST00089,2023-10-28,6,Returned,"Address 287, City 8"
ORD002809,CUST00239,2023-08-26,9,Returned,"Address 719, City 11"
ORD002810,CUST00963,2024-01-19,3,Completed,"Address 697, City 1"
ORD002811,CUST00745,2023-08-05,4,Completed,"Address 776, City 2"
ORD002812,CUST00633,2023-11-15,10,Cancelled,"Address 357, City 7"
ORD002813,CUST00735,2024-01-31,2,Returned,"Address 852, City 15"
ORD002814,CUST00107,2023-08-30,8,Returned,"Address 782, City 14"
ORD002815,CUST00280,2023-06-08,9,Pending,"Address 941, City 7"
ORD002816,CUST00843,2024-07-27,6,Cancelled,"Address 994, City 8"
ORD002817,CUST00158,2024-09-28,8,Cancelled,"Address 680, City 3"
ORD002818,CUST00719,2023-09-25,2,Shipped,"Address 206, City 4"
ORD002819,CUST00940,2024-05-08,10,Completed,"Address 375, City 12"
ORD002820,CUST00657,2024-07-26,2,Shipped,"Address 474, City 20"
ORD002821,CUST00122,2023-05-09,2,Delivered,"Address 715, City 19"
ORD002822,CUST00628,2024-07-24,4,Delivered,"Address 403, City 10"
ORD002823,CUST00214,2024-02-15,10,Returned,"Address 105, City 10"
ORD002824,CUST00644,2024-11-09,6,Completed,"Address 237, City 20"
ORD002825,CUST00257,2023-09-01,3,Completed,"Address 405, City 13"
ORD002826,CUST00989,2024-08-20,3,Shipped,"Address 873, City 2"
ORD002827,CUST00025,2023-12-04,10,Cancelled,"Address 8, City 2"
ORD002828,CUST00083,2024-11-13,2,Pending,"Address 838, City 11"
ORD002829,CUST00076,2024-03-10,7,Returned,"Address 576, City 9"
ORD002830,CUST00992,2023-09-16,10,Completed,"Address 90, City 8"
ORD002831,CUST00049,2023-01-02,9,Pending,"Address 544, City 10"
ORD002832,CUST00995,2024-11-12,7,Returned,"Address 697, City 18"
ORD002833,CUST00490,2024-02-19,3,Shipped,"Address 271, City 9"
ORD002834,CUST00128,2024-06-25,8,Cancelled,"Address 251, City 14"
ORD002835,CUST00993,2024-01-07,6,Completed,"Address 130, City 3"
ORD002836,CUST00561,2024-06-27,3,Completed,"Address 769, City 3"
ORD002837,CUST00745,2024-06-22,7,Completed,"Address 65, City 8"
ORD002838,CUST00160,2023-01-30,4,Completed,"Address 447, City 20"
ORD002839,CUST00434,2023-09-02,9,Pending,"Address 68, City 14"
ORD002840,CUST00445,2024-04-18,5,,"Address 231, City 19"
ORD002841,CUST00070,2024-11-13,10,Pending,"Address 352, City 5"
ORD002842,CUST00153,2024-06-30,7,Completed,"Address 910, City 20"
ORD002843,CUST00473,2023-09-04,10,Returned,"Address 866, City 6"
ORD002844,CUST00321,2023-07-10,3,Cancelled,"Address 265, City 10"
ORD002845,CUST00533,2024-12-01,5,Shipped,"Address 765, City 14"
ORD002846,CUST00446,2024-07-09,9,Completed,"Address 802, City 8"
ORD002847,CUST00048,2023-08-15,7,Returned,"Address 26, City 11"
ORD002848,CUST00512,2024-07-29,8,Delivered,"Address 357, City 20"
ORD002849,CUST00676,2024-11-22,1,Cancelled,"Address 171, City 16"
ORD002850,CUST00491,2024-06-27,10,Delivered,"Address 705, City 5"
ORD002851,CUST00731,2023-01-17,5,Shipped,"Address 120, City 14"
ORD002852,CUST00908,2023-07-02,7,Completed,"Address 195, City 11"
ORD002853,CUST00305,2024-06-04,2,Completed,"Address 328, City 12"
ORD002854,CUST00635,2024-11-04,10,Cancelled,"Address 233, City 15"
ORD002855,CUST00201,2024-08-07,10,Cancelled,"Address 324, City 12"
ORD002856,CUST00578,2023-03-11,3,Cancelled,"Address 88, City 3"
ORD002857,CUST00491,2023-03-07,4,Cancelled,"Address 728, City 17"
ORD002858,CUST00152,2024-03-11,6,Pending,"Address 442, City 4"
ORD002859,CUST00165,2023-04-16,6,Delivered,"Address 165, City 7"
ORD002860,CUST00032,2023-08-01,1,Delivered,"Address 256, City 2"
ORD002861,CUST00717,2024-06-04,3,Shipped,"Address 653, City 18"
ORD002862,CUST00524,2023-05-23,8,Shipped,"Address 41, City 16"
ORD002863,CUST00734,2024-11-30,9,Completed,"Address 452, City 8"
ORD002864,CUST00362,2024-03-13,5,Shipped,"Address 484, City 5"
ORD002865,CUST00066,2023-01-07,10,Completed,"Address 142, City 18"
ORD002866,CUST00260,2024-04-26,2,Pending,"Address 628, City 14"
ORD002867,CUST00645,2023-08-03,7,Shipped,"Address 749, City 11"
ORD002868,CUST00340,2023-12-28,2,Completed,"Address 373, City 3"
ORD002869,CUST00526,2023-02-03,2,Pending,"Address 263, City 5"
ORD002870,CUST00440,2023-05-12,3,Completed,"Address 429, City 1"
ORD002871,CUST00138,2024-04-07,3,Completed,"Address 670, City 17"
ORD002872,CUST00003,2023-08-25,4,Pending,"Address 839, City 9"
ORD002873,CUST00468,2023-07-22,6,Returned,"Address 446, City 19"
ORD002874,CUST00870,2023-05-25,9,Returned,"Address 426, City 13"
ORD002875,CUST00127,2023-08-15,7,Cancelled,"Address 857, City 18"
ORD002876,CUST00745,2024-04-27,5,,"Address 2, City 9"
ORD002877,CUST00286,2024-01-18,5,Completed,"Address 447, City 13"
ORD002878,CUST00595,2023-09-28,8,,"Address 295, City 10"
ORD002879,CUST00566,2023-12-06,1,Pending,"Address 502, City 14"
ORD002880,CUST00147,2023-11-03,10,Pending,"Address 4, City 19"
ORD002881,CUST00303,2023-05-13,2,Completed,"Address 19, City 20"
ORD002882,CUST00631,2024-02-22,10,Cancelled,"Address 737, City 7"
ORD002883,CUST00338,2023-05-06,3,Delivered,"Address 251, City 6"
ORD002884,CUST00677,2023-05-17,9,Delivered,"Address 562, City 7"
ORD002885,CUST00664,2024-04-11,8,Shipped,"Address 278, City 2"
ORD002886,CUST00509,2023-11-10,7,Delivered,"Address 693, City 7"
ORD002887,CUST00373,2024-09-02,1,Completed,"Address 338, City 6"
ORD002888,CUST00328,2023-11-29,9,Shipped,"Address 722, City 18"
ORD002889,CUST00552,2024-07-19,3,Shipped,"Address 456, City 9"
ORD002890,CUST00602,2024-06-28,1,Completed,"Address 987, City 12"
ORD002891,CUST00913,2024-06-30,9,,"Address 483, City 4"
ORD002892,CUST00443,2024-07-10,2,Delivered,"Address 135, City 6"
ORD002893,CUST00915,2024-09-15,4,Pending,"Address 709, City 10"
ORD002894,CUST00749,2024-11-07,6,Shipped,"Address 755, City 12"
ORD002895,CUST00417,2024-07-31,8,Cancelled,"Address 874, City 3"
ORD002896,CUST00697,2023-04-20,4,Returned,"Address 229, City 1"
ORD002897,CUST00777,2023-11-09,6,Shipped,"Address 257, City 11"
ORD002898,CUST00107,2024-11-30,2,Completed,"Address 914, City 12"
ORD002899,CUST00585,2024-06-27,8,Completed,"Address 112, City 12"
ORD002900,CUST00951,2024-11-06,3,Shipped,"Address 727, City 17"
ORD002901,CUST00796,2024-09-01,7,Returned,"Address 470, City 14"
ORD002902,CUST00767,2024-11-28,2,Returned,"Address 910, City 17"
ORD002903,CUST00633,2024-08-23,4,,"Address 508, City 9"
ORD002904,CUST00925,2024-02-04,2,Pending,"Address 858, City 19"
ORD002905,CUST00774,2024-09-10,8,Returned,"Address 108, City 11"
ORD002906,CUST00958,2024-02-08,1,Shipped,"Address 694, City 16"
ORD002907,CUST00904,2024-07-07,9,Shipped,"Address 752, City 18"
ORD002908,CUST00525,2024-09-21,7,Completed,"Address 786, City 9"
ORD002909,CUST00993,2023-08-29,10,Pending,"Address 729, City 19"
ORD002910,CUST00661,2023-01-09,1,Cancelled,"Address 631, City 19"
ORD002911,CUST00871,2024-09-18,5,Delivered,"Address 923, City 9"
ORD002912,CUST00284,2023-11-14,2,Completed,"Address 596, City 6"
ORD002913,CUST00139,2024-03-12,7,Delivered,"Address 238, City 10"
ORD002914,CUST00851,2024-04-07,6,Completed,"Address 32, City 9"
ORD002915,CUST00350,2023-09-13,10,Returned,"Address 626, City 17"
ORD002916,CUST00978,2023-12-04,10,Cancelled,"Address 721, City 19"
ORD002917,CUST00373,2024-03-15,9,Cancelled,"Address 229, City 16"
ORD002918,CUST00427,2023-12-04,9,Cancelled,"Address 844, City 7"
ORD002919,CUST00694,2023-11-10,1,Pending,"Address 454, City 4"
ORD002920,CUST00477,2024-04-22,7,Pending,"Address 198, City 11"
ORD002921,CUST00027,2024-11-04,1,Returned,"Address 598, City 6"
ORD002922,CUST00196,2023-06-02,4,Returned,"Address 14, City 8"
ORD002923,CUST00419,2023-07-13,10,Delivered,"Address 568, City 11"
ORD002924,CUST00785,2024-11-29,1,Shipped,"Address 986, City 5"
ORD002925,CUST00821,2024-11-30,7,Shipped,"Address 322, City 11"
ORD002926,CUST00292,2023-05-02,10,Delivered,"Address 55, City 7"
ORD002927,CUST00992,2023-05-24,3,Cancelled,"Address 300, City 14"
ORD002928,CUST00338,2024-09-19,1,Pending,"Address 377, City 12"
ORD002929,CUST00043,2024-04-07,3,Cancelled,"Address 258, City 3"
ORD002930,CUST00429,2023-07-19,5,Delivered,"Address 819, City 16"
ORD002931,CUST00114,2024-02-06,3,Returned,"Address 679, City 20"
ORD002932,CUST00980,2023-04-06,3,Pending,"Address 15, City 14"
ORD002933,CUST00031,2023-11-29,8,Completed,"Address 173, City 5"
ORD002934,CUST00665,2024-07-08,4,Pending,"Address 396, City 10"
ORD002935,CUST00430,2023-10-18,9,Shipped,"Address 960, City 9"
ORD002936,CUST00379,2024-01-15,6,Delivered,"Address 53, City 5"
ORD002937,CUST00218,2024-02-22,6,Cancelled,"Address 787, City 18"
ORD002938,CUST00822,2024-09-12,5,Shipped,"Address 141, City 16"
ORD002939,CUST00879,2024-02-24,4,Returned,"Address 695, City 14"
ORD002940,CUST00030,2023-02-06,9,Pending,"Address 410, City 19"
ORD002941,CUST00739,2024-01-22,3,Cancelled,"Address 577, City 1"
ORD002942,CUST00970,2023-07-08,3,Returned,"Address 972, City 11"
ORD002943,CUST00024,2024-11-23,7,Returned,"Address 659, City 15"
ORD002944,CUST00940,2023-01-25,2,Pending,"Address 40, City 2"
ORD002945,CUST00599,2023-08-01,4,Returned,"Address 447, City 20"
ORD002946,CUST00916,2024-05-02,3,Cancelled,"Address 76, City 18"
ORD002947,CUST00199,2024-10-26,4,Shipped,"Address 651, City 3"
ORD002948,CUST00162,2024-09-02,10,Pending,"Address 116, City 1"
ORD002949,CUST00230,2023-12-12,1,Shipped,"Address 428, City 2"
ORD002950,CUST00920,2023-02-26,9,Shipped,"Address 669, City 15"
ORD002951,CUST00767,2024-03-31,5,Completed,"Address 636, City 18"
ORD002952,CUST00503,2023-11-28,9,Cancelled,"Address 913, City 18"
ORD002953,CUST00064,2023-05-29,7,Shipped,"Address 531, City 1"
ORD002954,CUST00172,2023-03-23,7,Returned,"Address 299, City 9"
ORD002955,CUST00721,2024-03-01,7,Returned,"Address 759, City 9"
ORD002956,CUST00419,2024-05-17,1,Cancelled,"Address 842, City 1"
ORD002957,CUST00437,2024-10-24,5,Pending,"Address 939, City 11"
ORD002958,CUST00371,2023-07-01,8,Returned,"Address 257, City 16"
ORD002959,CUST00561,2025-05-21,9,Cancelled,"Address 714, City 20"
ORD002960,CUST00427,2023-10-07,6,Cancelled,"Address 55, City 14"
ORD002961,CUST00146,2023-03-30,10,Returned,"Address 944, City 5"
ORD002962,CUST00314,2024-07-12,3,Completed,"Address 140, City 17"
ORD002963,CUST00916,2023-05-31,7,Completed,"Address 775, City 13"
ORD002964,CUST00123,2023-09-21,8,Delivered,"Address 505, City 3"
ORD002965,CUST00529,2024-10-22,7,Cancelled,"Address 408, City 18"
ORD002966,CUST00011,2024-06-11,4,Pending,"Address 313, City 16"
ORD002967,CUST00859,2024-08-14,6,Shipped,"Address 537, City 7"
ORD002968,CUST00902,2023-05-07,3,Delivered,"Address 702, City 12"
ORD002969,CUST00383,2023-09-01,5,Cancelled,"Address 87, City 19"
ORD002970,CUST00088,2024-09-10,10,Delivered,"Address 535, City 15"
ORD002971,CUST00954,2023-01-03,2,Pending,"Address 742, City 13"
ORD002972,CUST00894,2024-05-12,2,Completed,"Address 665, City 4"
ORD002973,CUST00483,2023-02-26,5,Shipped,"Address 999, City 18"
ORD002974,CUST00382,2024-08-15,8,Cancelled,"Address 664, City 10"
ORD002975,CUST00086,2024-02-27,1,Completed,"Address 949, City 19"
ORD002976,CUST00053,2023-01-01,8,Completed,"Address 755, City 12"
ORD002977,CUST00744,2023-01-29,3,,"Address 357, City 10"
ORD002978,CUST00485,2024-08-01,3,Pending,"Address 700, City 20"
ORD002979,CUST00034,2023-06-29,2,,"Address 635, City 16"
ORD002980,CUST00927,2024-01-09,10,Cancelled,"Address 472, City 11"
ORD002981,CUST00236,2024-10-17,10,Returned,"Address 463, City 10"
ORD002982,CUST00852,2023-09-18,3,Cancelled,"Address 697, City 20"
ORD002983,CUST00686,2023-09-22,3,Completed,"Address 116, City 12"
ORD002984,CUST00452,2023-08-05,5,Pending,"Address 96, City 7"
ORD002985,CUST00470,2023-09-02,10,Cancelled,"Address 816, City 13"
ORD002986,CUST00790,2024-08-10,10,Returned,"Address 693, City 13"
ORD002987,CUST00858,2023-01-05,9,Cancelled,"Address 828, City 15"
ORD002988,CUST00614,2023-11-05,1,Returned,"Address 741, City 13"
ORD002989,CUST00522,2024-06-12,2,Returned,"Address 528, City 2"
ORD002990,CUST00979,2023-08-05,6,Shipped,"Address 47, City 12"
ORD002991,CUST00262,2024-03-30,5,Returned,"Address 572, City 14"
ORD002992,CUST00188,2023-08-03,5,Shipped,"Address 998, City 15"
ORD002993,CUST00112,2024-08-28,2,Completed,"Address 59, City 17"
ORD002994,CUST00820,2024-01-16,2,Delivered,"Address 435, City 17"
ORD002995,CUST00568,2024-09-16,6,Shipped,"Address 366, City 19"
ORD002996,CUST00121,2024-02-26,9,Completed,"Address 465, City 7"
ORD002997,CUST00282,2024-10-28,9,,"Address 906, City 5"
ORD002998,CUST00673,2023-06-01,7,Delivered,"Address 972, City 16"
ORD002999,CUST00955,2024-11-09,3,,"Address 304, City 18"
ORD003000,CUST00843,2023-06-17,10,Cancelled,"Address 562, City 4"
ORD003001,CUST00145,2024-09-16,2,Delivered,"Address 700, City 9"
ORD003002,CUST00747,2024-09-15,9,Delivered,"Address 302, City 6"
ORD003003,CUST00254,2024-08-20,8,Cancelled,"Address 941, City 9"
ORD003004,CUST00486,2024-11-29,3,Cancelled,"Address 188, City 16"
ORD003005,CUST00549,2023-12-11,1,Delivered,"Address 637, City 6"
ORD003006,CUST00457,2024-03-09,7,Returned,"Address 634, City 15"
ORD003007,CUST00555,2024-08-26,9,Cancelled,"Address 286, City 11"
ORD003008,CUST00265,2024-06-09,8,Completed,"Address 5, City 4"
ORD003009,CUST00949,2024-09-17,3,Returned,"Address 219, City 14"
ORD003010,CUST00708,2023-01-04,6,Cancelled,"Address 465, City 11"
ORD003011,CUST00066,2024-11-10,10,Cancelled,"Address 529, City 20"
ORD003012,CUST00114,2023-01-28,3,Returned,"Address 302, City 16"
ORD003013,CUST00249,2024-09-10,7,Pending,"Address 122, City 3"
ORD003014,CUST00420,2024-01-04,9,Shipped,"Address 719, City 8"
ORD003015,CUST00990,2023-03-05,8,Cancelled,"Address 259, City 17"
ORD003016,CUST00888,2023-01-31,6,Completed,"Address 135, City 5"
ORD003017,CUST00651,2024-04-05,5,Completed,"Address 451, City 6"
ORD003018,CUST00733,2024-10-28,8,Cancelled,"Address 166, City 10"
ORD003019,CUST00468,2023-11-02,6,Completed,"Address 108, City 5"
ORD003020,CUST00079,2024-10-02,4,Completed,"Address 868, City 6"
ORD003021,CUST00926,2024-07-24,8,Completed,"Address 427, City 3"
ORD003022,CUST00714,2023-11-23,5,Returned,"Address 411, City 13"
ORD003023,CUST00363,2023-08-26,7,Delivered,"Address 953, City 1"
ORD003024,CUST00644,2023-06-19,9,Shipped,"Address 78, City 6"
ORD003025,CUST00536,2024-11-09,9,Returned,"Address 948, City 11"
ORD003026,CUST00280,2024-09-20,7,Pending,"Address 780, City 10"
ORD003027,CUST00550,2023-06-29,9,Pending,"Address 294, City 15"
ORD003028,CUST00337,2023-02-06,3,Completed,"Address 860, City 6"
ORD003029,CUST00554,2024-09-23,9,Cancelled,"Address 752, City 6"
ORD003030,CUST00764,2023-08-03,3,Shipped,"Address 968, City 13"
ORD003031,CUST00447,2024-06-19,5,Cancelled,"Address 767, City 16"
ORD003032,CUST00399,2024-07-12,3,Returned,"Address 797, City 11"
ORD003033,CUST00483,2023-07-10,3,Pending,"Address 30, City 8"
ORD003034,CUST00007,2023-06-03,9,Cancelled,"Address 232, City 9"
ORD003035,CUST00994,2024-03-24,2,Completed,"Address 682, City 18"
ORD003036,CUST00844,2023-08-22,4,Pending,"Address 891, City 12"
ORD003037,CUST00249,2024-05-06,6,Shipped,"Address 666, City 5"
ORD003038,CUST00512,2024-04-08,1,Delivered,"Address 544, City 12"
ORD003039,CUST00482,2024-08-21,4,Shipped,"Address 226, City 5"
ORD003040,CUST00564,2023-06-24,6,Cancelled,"Address 24, City 10"
ORD003041,CUST00808,2023-06-17,5,Pending,"Address 340, City 11"
ORD003042,CUST00298,2023-12-12,7,Pending,"Address 701, City 8"
ORD003043,CUST00815,2024-08-15,8,Cancelled,"Address 301, City 4"
ORD003044,CUST00426,2023-04-17,8,Returned,"Address 71, City 12"
ORD003045,CUST00432,2024-08-20,5,Pending,"Address 541, City 13"
ORD003046,CUST00390,2023-12-18,10,,"Address 286, City 17"
ORD003047,CUST00950,2024-11-18,5,Cancelled,"Address 234, City 7"
ORD003048,CUST00729,2023-07-11,3,Completed,"Address 167, City 10"
ORD003049,CUST00617,2024-07-11,6,Cancelled,"Address 449, City 1"
ORD003050,CUST00676,2023-01-11,7,Shipped,"Address 269, City 11"
ORD003051,CUST00861,2024-08-19,10,Delivered,"Address 432, City 9"
ORD003052,CUST00500,2023-02-02,7,Returned,"Address 212, City 2"
ORD003053,CUST00132,2023-03-29,1,Shipped,"Address 30, City 4"
ORD003054,CUST00739,2023-09-05,9,Cancelled,"Address 230, City 8"
ORD003055,CUST00435,2023-12-31,9,Delivered,"Address 562, City 3"
ORD003056,CUST00554,2023-02-09,1,Delivered,"Address 212, City 15"
ORD003057,CUST00858,2023-10-14,4,Cancelled,"Address 652, City 15"
ORD003058,CUST00170,2024-05-17,9,Completed,"Address 949, City 13"
ORD003059,CUST00623,2024-01-10,7,Delivered,"Address 939, City 19"
ORD003060,CUST00920,2024-11-14,5,Cancelled,"Address 352, City 20"
ORD003061,CUST00380,2024-08-06,6,Delivered,"Address 665, City 8"
ORD003062,CUST00397,2024-10-06,3,Pending,"Address 118, City 10"
ORD003063,CUST00374,2024-06-10,5,Returned,"Address 354, City 6"
ORD003064,CUST00135,2023-11-17,6,Completed,"Address 916, City 17"
ORD003065,CUST01000,2024-10-22,9,Completed,"Address 321, City 4"
ORD003066,CUST00625,2023-03-10,3,Delivered,"Address 728, City 10"
ORD003067,CUST00153,2023-11-24,1,Completed,"Address 681, City 5"
ORD003068,CUST00646,2024-04-29,7,Delivered,"Address 27, City 17"
ORD003069,CUST00145,2024-07-14,5,Shipped,"Address 372, City 8"
ORD003070,CUST00741,2023-06-26,2,Pending,"Address 900, City 10"
ORD003071,CUST00755,2023-01-10,3,Cancelled,"Address 660, City 1"
ORD003072,CUST00257,2024-08-12,2,Pending,"Address 565, City 2"
ORD003073,CUST00736,2024-01-06,3,Returned,"Address 582, City 2"
ORD003074,CUST00290,2023-01-28,8,Delivered,"Address 820, City 8"
ORD003075,CUST00333,2023-06-07,5,Completed,"Address 609, City 3"
ORD003076,CUST00209,2023-04-27,5,Pending,"Address 269, City 17"
ORD003077,CUST00485,2024-01-11,2,Returned,"Address 639, City 14"
ORD003078,CUST00914,2023-06-30,8,Cancelled,"Address 506, City 8"
ORD003079,CUST00840,2023-10-25,3,Completed,"Address 792, City 6"
ORD003080,CUST00089,2024-09-26,4,Shipped,"Address 297, City 19"
ORD003081,CUST00574,2023-11-09,1,Returned,"Address 52, City 18"
ORD003082,CUST00661,2024-07-12,9,Returned,"Address 423, City 10"
ORD003083,CUST00162,2024-01-05,4,Returned,"Address 590, City 19"
ORD003084,CUST00526,2023-02-06,3,Shipped,"Address 402, City 18"
ORD003085,CUST00097,2023-07-31,8,Shipped,"Address 903, City 13"
ORD003086,CUST00056,2024-05-15,5,Pending,"Address 71, City 16"
ORD003087,CUST00012,2023-03-29,4,Returned,"Address 118, City 17"
ORD003088,CUST00298,2024-05-05,1,Completed,"Address 740, City 7"
ORD003089,CUST00024,2023-06-12,4,Delivered,"Address 441, City 1"
ORD003090,CUST00079,2024-05-19,5,Cancelled,"Address 354, City 2"
ORD003091,CUST00465,2024-05-22,6,Shipped,"Address 881, City 15"
ORD003092,CUST00232,2023-06-05,2,Pending,"Address 404, City 1"
ORD003093,CUST00679,2023-07-20,8,Returned,"Address 96, City 2"
ORD003094,CUST00790,2023-11-20,8,Completed,"Address 778, City 19"
ORD003095,CUST00389,2024-09-18,4,Cancelled,"Address 24, City 1"
ORD003096,CUST00609,2023-12-20,10,Returned,"Address 992, City 13"
ORD003097,CUST00703,2024-02-11,10,Pending,"Address 785, City 8"
ORD003098,CUST00707,2023-08-12,8,Cancelled,"Address 698, City 11"
ORD003099,CUST00839,2024-06-19,1,Returned,"Address 935, City 3"
ORD003100,CUST00672,2023-10-08,1,Shipped,"Address 222, City 10"
ORD003101,CUST00865,2023-08-09,1,Cancelled,"Address 548, City 16"
ORD003102,CUST00293,2023-10-28,9,Returned,"Address 897, City 6"
ORD003103,CUST00480,2023-09-07,6,Completed,"Address 505, City 6"
ORD003104,CUST00538,2023-05-26,6,Pending,"Address 383, City 18"
ORD003105,CUST00761,2023-12-12,5,Completed,"Address 788, City 4"
ORD003106,CUST00978,2024-08-12,7,Shipped,"Address 532, City 6"
ORD003107,CUST00439,2023-08-29,8,Shipped,"Address 501, City 7"
ORD003108,CUST00900,2024-02-10,10,Shipped,"Address 247, City 18"
ORD003109,CUST00034,2023-01-18,5,Cancelled,"Address 373, City 17"
ORD003110,CUST00424,2023-11-15,7,Delivered,"Address 756, City 16"
ORD003111,CUST00101,2023-09-30,7,Completed,"Address 410, City 8"
ORD003112,CUST00469,2023-04-19,6,Shipped,"Address 493, City 13"
ORD003113,CUST00125,2024-02-08,5,Delivered,"Address 106, City 4"
ORD003114,CUST00260,2023-10-03,2,Shipped,"Address 724, City 10"
ORD003115,CUST00720,2023-08-08,7,Completed,"Address 391, City 4"
ORD003116,CUST00315,2023-04-15,7,Shipped,"Address 78, City 3"
ORD003117,CUST00623,2024-06-12,3,Pending,"Address 341, City 11"
ORD003118,CUST00727,2023-12-14,5,Delivered,"Address 180, City 13"
ORD003119,CUST00994,2024-05-27,4,Delivered,"Address 966, City 8"
ORD003120,CUST00463,2024-05-26,2,Completed,"Address 899, City 9"
ORD003121,CUST00703,2024-10-09,6,Delivered,"Address 363, City 14"
ORD003122,CUST00030,2024-03-10,1,Completed,"Address 95, City 20"
ORD003123,CUST00659,2024-02-28,3,Shipped,"Address 992, City 17"
ORD003124,CUST00820,2024-01-21,10,Delivered,"Address 708, City 4"
ORD003125,CUST00878,2024-10-29,8,Shipped,"Address 544, City 8"
ORD003126,CUST00377,2024-07-01,1,Delivered,"Address 647, City 15"
ORD003127,CUST00809,2023-01-22,10,Completed,"Address 620, City 19"
ORD003128,CUST00417,2023-03-29,6,Completed,"Address 422, City 9"
ORD003129,CUST00247,2023-01-20,5,Pending,"Address 279, City 7"
ORD003130,CUST00833,2024-04-30,8,Pending,"Address 830, City 16"
ORD003131,CUST00339,2024-08-07,10,Pending,"Address 831, City 6"
ORD003132,CUST00978,2024-08-31,6,Returned,"Address 439, City 19"
ORD003133,CUST00301,2023-12-04,3,Pending,"Address 488, City 12"
ORD003134,CUST00134,2025-03-21,8,Returned,"Address 13, City 4"
ORD003135,CUST00991,2024-02-29,2,Cancelled,"Address 314, City 15"
ORD003136,CUST00679,2024-08-16,5,Delivered,"Address 240, City 11"
ORD003137,CUST00121,2024-11-21,7,Returned,"Address 167, City 14"
ORD003138,CUST00932,2023-10-13,9,Pending,"Address 979, City 2"
ORD003139,CUST00093,2023-02-24,8,,"Address 969, City 4"
ORD003140,CUST00700,2023-05-09,10,Pending,"Address 415, City 3"
ORD003141,CUST00042,2023-09-03,5,Returned,"Address 289, City 3"
ORD003142,CUST00178,2023-10-23,4,Delivered,"Address 807, City 18"
ORD003143,CUST00656,2023-07-26,4,Pending,"Address 484, City 12"
ORD003144,CUST00675,2024-02-20,8,Returned,"Address 214, City 2"
ORD003145,CUST00425,2023-05-22,6,Pending,"Address 729, City 16"
ORD003146,CUST00848,2023-04-09,2,Returned,"Address 747, City 3"
ORD003147,CUST00887,2024-06-21,8,Pending,"Address 810, City 20"
ORD003148,CUST00075,2023-10-12,1,Returned,"Address 427, City 4"
ORD003149,CUST00308,2023-03-19,7,Cancelled,"Address 84, City 4"
ORD003150,CUST00877,2024-08-19,9,Returned,"Address 820, City 10"
ORD003151,CUST00750,2023-06-26,5,Cancelled,"Address 750, City 17"
ORD003152,CUST00879,2024-07-13,6,Shipped,"Address 739, City 16"
ORD003153,CUST00573,2023-10-27,8,Completed,"Address 574, City 4"
ORD003154,CUST00151,2024-10-09,6,Delivered,"Address 161, City 3"
ORD003155,CUST00745,2024-10-27,9,Returned,"Address 774, City 6"
ORD003156,CUST00495,2024-02-20,10,Completed,"Address 682, City 13"
ORD003157,CUST00746,2024-02-26,1,Cancelled,"Address 737, City 7"
ORD003158,CUST00221,2024-07-16,10,Delivered,"Address 420, City 10"
ORD003159,CUST00777,2024-02-17,9,Completed,"Address 2, City 1"
ORD003160,CUST00700,2023-07-13,8,,"Address 608, City 1"
ORD003161,CUST00048,2024-04-02,4,Completed,"Address 525, City 14"
ORD003162,CUST00770,2024-03-21,10,Completed,"Address 861, City 2"
ORD003163,CUST00988,2024-08-07,9,Returned,"Address 159, City 14"
ORD003164,CUST00740,2024-05-18,5,Cancelled,"Address 181, City 20"
ORD003165,CUST00356,2024-02-24,1,Delivered,"Address 276, City 11"
ORD003166,CUST00325,2024-02-09,8,Cancelled,"Address 694, City 9"
ORD003167,CUST00792,2023-04-02,10,Returned,"Address 601, City 9"
ORD003168,CUST00489,2024-05-25,10,Completed,"Address 342, City 5"
ORD003169,CUST00063,2023-06-02,3,Shipped,"Address 232, City 2"
ORD003170,CUST00129,2023-08-10,7,Delivered,"Address 976, City 12"
ORD003171,CUST00229,2024-03-29,4,,"Address 778, City 2"
ORD003172,CUST00772,2024-04-17,5,Completed,"Address 233, City 11"
ORD003173,CUST00444,2023-03-30,9,Pending,"Address 477, City 13"
ORD003174,CUST00377,2024-05-05,2,Pending,"Address 494, City 19"
ORD003175,CUST00026,2024-08-30,1,Delivered,"Address 901, City 7"
ORD003176,CUST00741,2024-02-14,7,Shipped,"Address 505, City 14"
ORD003177,CUST00223,2023-08-25,5,Returned,"Address 714, City 13"
ORD003178,CUST00792,2023-06-13,9,Shipped,"Address 853, City 8"
ORD003179,CUST00691,2024-05-24,3,Returned,"Address 37, City 8"
ORD003180,CUST00735,2023-08-23,8,Pending,"Address 907, City 2"
ORD003181,CUST00557,2023-01-08,10,Pending,"Address 959, City 2"
ORD003182,CUST00761,2023-07-29,8,,"Address 239, City 7"
ORD003183,CUST00127,2024-11-30,9,Returned,"Address 288, City 12"
ORD003184,CUST00650,2024-02-13,2,Pending,"Address 561, City 1"
ORD003185,CUST00476,2023-10-03,4,Returned,"Address 728, City 12"
ORD003186,CUST00117,2024-11-24,8,Returned,"Address 554, City 1"
ORD003187,CUST00643,2024-10-30,7,Pending,"Address 310, City 5"
ORD003188,CUST00377,2023-04-09,8,Returned,"Address 475, City 20"
ORD003189,CUST00162,2024-11-15,7,Delivered,"Address 149, City 15"
ORD003190,CUST00664,2023-07-22,10,Returned,"Address 210, City 9"
ORD003191,CUST00539,2023-05-16,9,Returned,"Address 618, City 15"
ORD003192,CUST00933,2024-09-20,10,Pending,"Address 884, City 7"
ORD003193,CUST00217,2024-11-24,2,Completed,"Address 97, City 20"
ORD003194,CUST00384,2024-06-06,10,Cancelled,"Address 818, City 12"
ORD003195,CUST00698,2023-03-24,1,Completed,"Address 445, City 17"
ORD003196,CUST00654,2024-02-19,1,Cancelled,"Address 305, City 16"
ORD003197,CUST00483,2024-03-03,2,Returned,"Address 545, City 14"
ORD003198,CUST00146,2023-09-10,9,Pending,"Address 912, City 1"
ORD003199,CUST00541,2023-08-25,6,Shipped,"Address 391, City 6"
ORD003200,CUST00106,2023-06-06,6,Cancelled,"Address 694, City 15"
ORD003201,CUST00211,2023-10-30,10,Cancelled,"Address 619, City 9"
ORD003202,CUST00345,2024-09-21,10,Shipped,"Address 357, City 11"
ORD003203,CUST00425,2023-10-20,6,Pending,"Address 204, City 3"
ORD003204,CUST00060,2024-04-26,9,Completed,"Address 757, City 3"
ORD003205,CUST00679,2023-01-17,3,Cancelled,"Address 390, City 13"
ORD003206,CUST00700,2023-08-15,3,Cancelled,"Address 473, City 7"
ORD003207,CUST00175,2023-07-10,4,Returned,"Address 578, City 7"
ORD003208,CUST00067,2024-09-04,7,Completed,"Address 595, City 4"
ORD003209,CUST00618,2023-02-04,1,Returned,"Address 738, City 1"
ORD003210,CUST00213,2024-03-28,3,Delivered,"Address 459, City 18"
ORD003211,CUST00644,2024-08-07,4,Returned,"Address 372, City 9"
ORD003212,CUST00496,2023-04-04,7,Returned,"Address 614, City 7"
ORD003213,CUST00100,2024-05-22,7,Pending,"Address 375, City 18"
ORD003214,CUST00015,2023-04-21,5,Cancelled,"Address 733, City 9"
ORD003215,CUST00446,2024-03-04,10,Delivered,"Address 812, City 7"
ORD003216,CUST00553,2023-08-28,8,Completed,"Address 806, City 11"
ORD003217,CUST00514,2023-05-14,10,Delivered,"Address 354, City 3"
ORD003218,CUST00196,2024-07-20,8,Delivered,"Address 454, City 3"
ORD003219,CUST00542,2024-08-30,9,Cancelled,"Address 835, City 9"
ORD003220,CUST00045,2023-12-30,10,Returned,"Address 220, City 17"
ORD003221,CUST00405,2023-02-11,3,Completed,"Address 47, City 17"
ORD003222,CUST00661,2024-08-07,10,Cancelled,"Address 822, City 20"
ORD003223,CUST00170,2024-10-17,5,Delivered,"Address 238, City 12"
ORD003224,CUST00542,2023-09-15,7,Shipped,"Address 192, City 4"
ORD003225,CUST00399,2023-12-31,1,Returned,"Address 6, City 17"
ORD003226,CUST00047,2024-07-13,4,Delivered,"Address 298, City 13"
ORD003227,CUST00001,2024-03-13,5,Completed,"Address 413, City 9"
ORD003228,CUST00283,2024-03-27,8,Returned,"Address 760, City 3"
ORD003229,CUST00084,2024-03-12,3,Delivered,"Address 773, City 8"
ORD003230,CUST00836,2024-08-11,7,Delivered,"Address 419, City 17"
ORD003231,CUST00654,2023-03-13,10,Completed,"Address 849, City 10"
ORD003232,CUST00322,2023-05-06,9,Shipped,"Address 135, City 18"
ORD003233,CUST00732,2024-03-01,7,,"Address 528, City 11"
ORD003234,CUST00768,2023-11-20,1,Completed,"Address 347, City 16"
ORD003235,CUST00809,2023-07-17,9,,"Address 906, City 1"
ORD003236,CUST00189,2023-03-12,5,Cancelled,"Address 555, City 3"
ORD003237,CUST00573,2024-01-19,1,Pending,"Address 613, City 10"
ORD003238,CUST00582,2024-09-14,10,Cancelled,"Address 742, City 12"
ORD003239,CUST00899,2023-02-07,6,Returned,"Address 833, City 19"
ORD003240,CUST00854,2023-08-16,10,Cancelled,"Address 444, City 16"
ORD003241,CUST00495,2023-03-20,1,Pending,"Address 971, City 5"
ORD003242,CUST00872,2024-09-03,4,Returned,"Address 978, City 12"
ORD003243,CUST00503,2023-01-18,2,Completed,"Address 606, City 8"
ORD003244,CUST00833,2023-08-01,3,Shipped,"Address 362, City 6"
ORD003245,CUST00044,2023-05-19,10,Delivered,"Address 54, City 7"
ORD003246,CUST00894,2024-05-04,2,Cancelled,"Address 535, City 18"
ORD003247,CUST00395,2023-12-24,3,Delivered,"Address 398, City 13"
ORD003248,CUST00070,2023-04-19,3,Pending,"Address 34, City 8"
ORD003249,CUST00398,2023-03-02,10,Delivered,"Address 440, City 11"
ORD003250,CUST00690,2024-05-17,2,Completed,"Address 50, City 3"
ORD003251,CUST00084,2024-07-09,2,Shipped,"Address 728, City 8"
ORD003252,CUST00630,2024-11-26,10,Shipped,"Address 333, City 12"
ORD003253,CUST00896,2024-08-20,9,Returned,"Address 139, City 2"
ORD003254,CUST00807,2024-03-15,3,Delivered,"Address 350, City 20"
ORD003255,CUST00569,2024-03-16,9,Completed,"Address 903, City 19"
ORD003256,CUST00649,2024-02-01,2,Cancelled,"Address 50, City 10"
ORD003257,CUST00032,2024-01-03,6,Completed,"Address 51, City 7"
ORD003258,CUST00007,2024-03-08,9,Delivered,"Address 965, City 18"
ORD003259,CUST00260,2023-01-14,5,Cancelled,"Address 898, City 18"
ORD003260,CUST00709,2023-03-19,10,Completed,"Address 824, City 18"
ORD003261,CUST00280,2023-08-30,7,Delivered,"Address 897, City 12"
ORD003262,CUST00840,2023-01-31,7,,"Address 871, City 11"
ORD003263,CUST00036,2024-05-28,7,Pending,"Address 269, City 11"
ORD003264,CUST00443,2024-02-12,10,Pending,"Address 560, City 12"
ORD003265,CUST00670,2024-08-08,1,Shipped,"Address 281, City 3"
ORD003266,CUST00147,2023-11-09,10,Delivered,"Address 466, City 15"
ORD003267,CUST00184,2024-03-17,6,Pending,"Address 547, City 10"
ORD003268,CUST00416,2024-04-10,7,Returned,"Address 200, City 2"
ORD003269,CUST00401,2023-04-09,5,Returned,"Address 411, City 4"
ORD003270,CUST00301,2024-04-25,7,Delivered,"Address 15, City 5"
ORD003271,CUST00133,2024-02-01,10,Cancelled,"Address 777, City 13"
ORD003272,CUST00141,2024-02-01,9,Completed,"Address 316, City 20"
ORD003273,CUST00131,2024-06-18,5,Cancelled,"Address 609, City 14"
ORD003274,CUST00667,2024-05-09,1,Delivered,"Address 860, City 16"
ORD003275,CUST00842,2024-05-17,5,Completed,"Address 842, City 16"
ORD003276,CUST00212,2023-05-16,2,Shipped,"Address 281, City 6"
ORD003277,CUST00349,2023-07-27,3,Pending,"Address 35, City 1"
ORD003278,CUST00329,2024-06-17,9,Delivered,"Address 900, City 3"
ORD003279,CUST00185,2024-04-08,2,Completed,"Address 154, City 1"
ORD003280,CUST00369,2024-10-02,4,Completed,"Address 122, City 17"
ORD003281,CUST00381,2023-10-06,7,,"Address 850, City 20"
ORD003282,CUST00296,2023-08-24,3,Shipped,"Address 729, City 4"
ORD003283,CUST00620,2023-01-07,2,Returned,"Address 265, City 8"
ORD003284,CUST00812,2023-04-22,5,Pending,"Address 288, City 1"
ORD003285,CUST00949,2024-07-05,8,Delivered,"Address 820, City 7"
ORD003286,CUST00864,2024-11-28,8,Cancelled,"Address 558, City 5"
ORD003287,CUST00047,2023-11-08,3,Completed,"Address 544, City 5"
ORD003288,CUST00095,2023-08-22,4,Returned,"Address 923, City 17"
ORD003289,CUST00515,2023-03-24,2,Completed,"Address 581, City 13"
ORD003290,CUST00883,2023-06-04,5,Cancelled,"Address 475, City 17"
ORD003291,CUST00773,2024-09-23,7,Pending,"Address 517, City 16"
ORD003292,CUST00996,2024-04-07,5,Delivered,"Address 428, City 7"
ORD003293,CUST00515,2023-11-04,9,Shipped,"Address 776, City 16"
ORD003294,CUST00153,2024-10-03,6,Pending,"Address 655, City 11"
ORD003295,CUST00335,2023-07-27,2,Cancelled,"Address 696, City 18"
ORD003296,CUST00567,2023-07-11,1,Shipped,"Address 375, City 8"
ORD003297,CUST00754,2024-07-21,9,Cancelled,"Address 269, City 15"
ORD003298,CUST00485,2024-02-11,7,Cancelled,"Address 546, City 5"
ORD003299,CUST00560,2024-07-07,8,Pending,"Address 513, City 15"
ORD003300,CUST00741,2023-03-22,3,Cancelled,"Address 74, City 7"
ORD003301,CUST00569,2024-02-04,6,Completed,"Address 769, City 5"
ORD003302,CUST00132,2024-02-10,2,Completed,"Address 303, City 3"
ORD003303,CUST00810,2023-09-21,5,Pending,"Address 16, City 13"
ORD003304,CUST00285,2023-03-25,5,Returned,"Address 612, City 13"
ORD003305,CUST00361,2023-11-10,8,Shipped,"Address 610, City 20"
ORD003306,CUST00100,2024-05-05,2,Delivered,"Address 839, City 8"
ORD003307,CUST00805,2023-10-11,10,Shipped,"Address 863, City 20"
ORD003308,CUST00030,2024-04-23,2,Completed,"Address 811, City 10"
ORD003309,CUST00302,2023-08-20,5,Cancelled,"Address 729, City 18"
ORD003310,CUST00834,2023-12-31,9,Pending,"Address 544, City 17"
ORD003311,CUST00095,2024-06-02,8,Completed,"Address 953, City 5"
ORD003312,CUST00376,2023-04-29,10,Cancelled,"Address 223, City 15"
ORD003313,CUST00941,2024-03-23,4,Cancelled,"Address 598, City 2"
ORD003314,CUST00220,2023-08-04,2,Shipped,"Address 617, City 11"
ORD003315,CUST00571,2023-09-28,1,Cancelled,"Address 462, City 7"
ORD003316,CUST00320,2023-05-01,9,Cancelled,"Address 318, City 15"
ORD003317,CUST00741,2024-04-27,8,Cancelled,"Address 413, City 13"
ORD003318,CUST00881,2024-02-25,6,Completed,"Address 461, City 13"
ORD003319,CUST00166,2023-05-23,9,Completed,"Address 186, City 18"
ORD003320,CUST00124,2023-05-11,10,Shipped,"Address 516, City 14"
ORD003321,CUST00169,2024-07-04,8,Delivered,"Address 137, City 14"
ORD003322,CUST00726,2023-09-25,4,Shipped,"Address 929, City 10"
ORD003323,CUST00660,2024-01-04,10,Cancelled,"Address 679, City 2"
ORD003324,CUST00411,2024-02-16,7,Delivered,"Address 238, City 4"
ORD003325,CUST00208,2023-07-06,5,Delivered,"Address 349, City 17"
ORD003326,CUST00593,2023-10-11,9,Returned,"Address 881, City 14"
ORD003327,CUST00101,2023-12-26,3,Shipped,"Address 894, City 13"
ORD003328,CUST00479,2023-08-29,9,Cancelled,"Address 20, City 10"
ORD003329,CUST00728,2024-07-26,4,Delivered,"Address 542, City 4"
ORD003330,CUST00706,2023-03-27,7,Returned,"Address 371, City 18"
ORD003331,CUST00727,2024-10-02,6,Delivered,"Address 638, City 8"
ORD003332,CUST00588,2024-05-26,4,Shipped,"Address 420, City 7"
ORD003333,CUST00345,2024-02-08,10,Cancelled,"Address 438, City 17"
ORD003334,CUST00488,2024-05-19,8,Shipped,"Address 573, City 14"
ORD003335,CUST00214,2023-03-15,5,Delivered,"Address 75, City 19"
ORD003336,CUST00226,2023-12-21,9,Returned,"Address 819, City 10"
ORD003337,CUST00443,2023-07-03,8,Shipped,"Address 622, City 1"
ORD003338,CUST00831,2024-11-26,8,Completed,"Address 29, City 2"
ORD003339,CUST00077,2023-04-07,2,Completed,"Address 539, City 1"
ORD003340,CUST00290,2023-11-12,3,Cancelled,"Address 512, City 20"
ORD003341,CUST00777,2023-06-10,2,Returned,"Address 90, City 1"
ORD003342,CUST00974,2024-06-21,7,Cancelled,"Address 930, City 9"
ORD003343,CUST00721,2024-04-16,10,,"Address 820, City 20"
ORD003344,CUST00979,2024-08-07,2,Cancelled,"Address 678, City 1"
ORD003345,CUST00466,2024-01-26,10,Cancelled,"Address 237, City 13"
ORD003346,CUST00186,2024-04-07,1,Cancelled,"Address 821, City 6"
ORD003347,CUST00470,2023-07-18,3,Shipped,"Address 59, City 12"
ORD003348,CUST00818,2024-06-05,7,Cancelled,"Address 918, City 9"
ORD003349,CUST00636,2024-01-07,8,Pending,"Address 937, City 15"
ORD003350,CUST00201,2024-09-24,3,Cancelled,"Address 122, City 4"
ORD003351,CUST00344,2024-11-28,5,Completed,"Address 478, City 16"
ORD003352,CUST00641,2024-07-29,3,Cancelled,"Address 990, City 19"
ORD003353,CUST00521,2024-03-10,6,Returned,"Address 889, City 18"
ORD003354,CUST00773,2024-03-06,2,Returned,"Address 620, City 16"
ORD003355,CUST00965,2023-07-25,6,Cancelled,"Address 838, City 19"
ORD003356,CUST00850,2023-10-28,4,Shipped,"Address 421, City 9"
ORD003357,CUST00905,2023-10-06,8,Cancelled,"Address 502, City 13"
ORD003358,CUST00674,2024-05-19,7,Delivered,"Address 828, City 9"
ORD003359,CUST00531,2023-12-09,8,Cancelled,"Address 266, City 19"
ORD003360,CUST00272,2024-10-10,8,Delivered,"Address 644, City 8"
ORD003361,CUST00875,2023-10-09,8,Delivered,"Address 735, City 5"
ORD003362,CUST00025,2023-09-17,6,Cancelled,"Address 663, City 1"
ORD003363,CUST00743,2024-07-26,5,Pending,"Address 408, City 11"
ORD003364,CUST00658,2023-08-21,10,Completed,"Address 825, City 12"
ORD003365,CUST00568,2023-10-14,1,Cancelled,"Address 384, City 8"
ORD003366,CUST00222,2024-06-28,4,Delivered,"Address 595, City 7"
ORD003367,CUST00739,2023-07-11,10,Cancelled,"Address 311, City 17"
ORD003368,CUST00714,2023-02-13,5,Completed,"Address 470, City 7"
ORD003369,CUST00991,2023-02-26,5,Completed,"Address 396, City 7"
ORD003370,CUST00831,2023-06-30,5,Delivered,"Address 822, City 5"
ORD003371,CUST00370,2024-02-22,9,Returned,"Address 596, City 14"
ORD003372,CUST00207,2023-07-30,5,Cancelled,"Address 438, City 9"
ORD003373,CUST00885,2024-02-08,7,Shipped,"Address 878, City 5"
ORD003374,CUST00202,2024-05-12,10,Delivered,"Address 609, City 5"
ORD003375,CUST00726,2023-02-24,10,Completed,"Address 91, City 1"
ORD003376,CUST00644,2023-07-03,8,Cancelled,"Address 113, City 20"
ORD003377,CUST00118,2023-12-02,7,Returned,"Address 903, City 15"
ORD003378,CUST00580,2024-05-02,8,Shipped,"Address 884, City 1"
ORD003379,CUST00090,2024-03-13,5,Delivered,"Address 672, City 12"
ORD003380,CUST00723,2023-10-04,8,Shipped,"Address 24, City 12"
ORD003381,CUST00776,2024-11-15,3,Shipped,"Address 30, City 13"
ORD003382,CUST00482,2024-06-24,6,Cancelled,"Address 88, City 18"
ORD003383,CUST00965,2024-11-27,2,Returned,"Address 905, City 13"
ORD003384,CUST00884,2023-04-08,4,Shipped,"Address 473, City 9"
ORD003385,CUST00613,2024-01-08,10,Delivered,"Address 105, City 7"
ORD003386,CUST00511,2024-09-11,7,Cancelled,"Address 939, City 17"
ORD003387,CUST00502,2023-01-12,10,Completed,"Address 772, City 13"
ORD003388,CUST00373,2024-10-18,2,Cancelled,"Address 508, City 2"
ORD003389,CUST00541,2024-04-10,4,Pending,"Address 452, City 17"
ORD003390,CUST00525,2023-10-03,4,Shipped,"Address 862, City 12"
ORD003391,CUST00219,2024-04-18,7,Delivered,"Address 707, City 1"
ORD003392,CUST00899,2023-10-26,5,Cancelled,"Address 60, City 20"
ORD003393,CUST00194,2023-01-11,2,Returned,"Address 519, City 8"
ORD003394,CUST00805,2024-11-10,7,Delivered,"Address 971, City 3"
ORD003395,CUST00505,2024-03-14,9,Returned,"Address 274, City 9"
ORD003396,CUST00911,2023-10-01,1,Pending,"Address 324, City 19"
ORD003397,CUST00025,2023-08-09,4,Pending,"Address 642, City 12"
ORD003398,CUST00006,2024-03-22,6,Returned,"Address 56, City 4"
ORD003399,CUST00163,2024-01-06,4,Pending,"Address 134, City 20"
ORD003400,CUST00675,2024-09-04,10,Shipped,"Address 983, City 20"
ORD003401,CUST00933,2023-06-19,4,Cancelled,"Address 993, City 1"
ORD003402,CUST00031,2023-09-08,8,Returned,"Address 362, City 9"
ORD003403,CUST00824,2023-03-03,3,Shipped,"Address 27, City 4"
ORD003404,CUST00888,2023-05-30,10,Completed,"Address 944, City 11"
ORD003405,CUST00023,2023-01-05,5,Completed,"Address 545, City 5"
ORD003406,CUST00777,2023-02-09,7,Shipped,"Address 57, City 10"
ORD003407,CUST00896,2024-06-25,2,Completed,"Address 932, City 2"
ORD003408,CUST00305,2023-12-21,9,Cancelled,"Address 529, City 12"
ORD003409,CUST00775,2024-03-30,8,Shipped,"Address 539, City 5"
ORD003410,CUST00851,2023-10-05,6,Delivered,"Address 850, City 4"
ORD003411,CUST00879,2024-01-19,2,Cancelled,"Address 695, City 7"
ORD003412,CUST00892,2024-06-11,3,Delivered,"Address 601, City 12"
ORD003413,CUST00517,2023-04-11,6,Delivered,"Address 479, City 14"
ORD003414,CUST00803,2024-06-24,9,Completed,"Address 347, City 19"
ORD003415,CUST00250,2023-02-12,1,Completed,"Address 746, City 20"
ORD003416,CUST00866,2023-12-03,5,Returned,"Address 106, City 11"
ORD003417,CUST00845,2023-01-16,5,Delivered,"Address 118, City 11"
ORD003418,CUST00523,2023-02-01,10,Delivered,"Address 729, City 10"
ORD003419,CUST00244,2023-02-12,6,Cancelled,"Address 370, City 12"
ORD003420,CUST00616,2023-12-27,4,Delivered,"Address 80, City 2"
ORD003421,CUST00775,2024-06-03,3,Cancelled,"Address 338, City 10"
ORD003422,CUST00787,2024-04-02,8,Cancelled,"Address 589, City 6"
ORD003423,CUST00291,2024-01-14,2,Returned,"Address 872, City 10"
ORD003424,CUST00832,2024-08-23,4,Cancelled,"Address 18, City 16"
ORD003425,CUST00728,2023-03-05,5,Delivered,"Address 292, City 18"
ORD003426,CUST00583,2023-11-14,7,Delivered,"Address 866, City 4"
ORD003427,CUST00437,2024-03-22,3,Returned,"Address 432, City 16"
ORD003428,CUST00158,2023-05-01,6,Shipped,"Address 31, City 6"
ORD003429,CUST00442,2024-04-06,8,Pending,"Address 385, City 10"
ORD003430,CUST00802,2023-05-07,3,Shipped,"Address 696, City 16"
ORD003431,CUST00370,2024-02-11,4,Delivered,"Address 972, City 4"
ORD003432,CUST00207,2024-10-04,5,Pending,"Address 58, City 11"
ORD003433,CUST00984,2023-10-17,6,Shipped,"Address 362, City 12"
ORD003434,CUST00987,2024-09-29,6,Delivered,"Address 821, City 6"
ORD003435,CUST00435,2023-05-06,9,Pending,"Address 382, City 16"
ORD003436,CUST00425,2024-02-29,9,Returned,"Address 8, City 10"
ORD003437,CUST00094,2024-08-17,1,Pending,"Address 206, City 3"
ORD003438,CUST00091,2024-04-30,6,Pending,"Address 329, City 6"
ORD003439,CUST00641,2023-04-06,10,Shipped,"Address 570, City 13"
ORD003440,CUST00798,2023-02-17,10,Shipped,"Address 685, City 14"
ORD003441,CUST00537,2023-02-06,10,Returned,"Address 560, City 12"
ORD003442,CUST00696,2024-10-23,1,Completed,"Address 810, City 18"
ORD003443,CUST00612,2023-07-21,2,Delivered,"Address 178, City 2"
ORD003444,CUST00416,2023-06-15,5,Returned,"Address 703, City 8"
ORD003445,CUST00964,2023-08-11,10,Cancelled,"Address 190, City 1"
ORD003446,CUST00686,2024-11-12,4,Pending,"Address 174, City 3"
ORD003447,CUST00546,2024-07-27,10,Delivered,"Address 962, City 15"
ORD003448,CUST00102,2024-06-16,7,Cancelled,"Address 766, City 9"
ORD003449,CUST00757,2023-05-19,1,Delivered,"Address 95, City 6"
ORD003450,CUST00191,2023-10-29,7,Cancelled,"Address 746, City 14"
ORD003451,CUST00282,2023-11-11,1,Pending,"Address 785, City 6"
ORD003452,CUST00614,2024-05-21,7,Cancelled,"Address 667, City 11"
ORD003453,CUST00096,2024-06-14,9,Delivered,"Address 581, City 6"
ORD003454,CUST00398,2023-11-15,9,Completed,"Address 973, City 9"
ORD003455,CUST00836,2024-01-29,10,Returned,"Address 343, City 8"
ORD003456,CUST00830,2023-04-05,6,Cancelled,"Address 670, City 5"
ORD003457,CUST00630,2023-07-20,5,,"Address 388, City 19"
ORD003458,CUST00868,2023-01-12,9,Cancelled,"Address 979, City 19"
ORD003459,CUST00400,2024-02-02,7,Returned,"Address 919, City 4"
ORD003460,CUST00551,2024-11-08,3,Returned,"Address 150, City 8"
ORD003461,CUST00791,2024-11-11,3,Returned,"Address 191, City 2"
ORD003462,CUST00479,2023-08-20,4,Pending,"Address 277, City 2"
ORD003463,CUST00692,2024-02-01,2,Cancelled,"Address 309, City 17"
ORD003464,CUST00508,2023-12-01,9,Delivered,"Address 336, City 19"
ORD003465,CUST00703,2024-01-30,6,Cancelled,"Address 668, City 12"
ORD003466,CUST00515,2024-04-16,7,Completed,"Address 362, City 11"
ORD003467,CUST00871,2023-03-10,3,Pending,"Address 668, City 14"
ORD003468,CUST00655,2023-09-25,5,Delivered,"Address 425, City 8"
ORD003469,CUST00479,2023-06-19,1,Completed,"Address 445, City 12"
ORD003470,CUST00904,2023-07-17,5,Shipped,"Address 299, City 5"
ORD003471,CUST00702,2023-03-31,9,Delivered,"Address 103, City 12"
ORD003472,CUST00052,2023-05-21,4,Pending,"Address 586, City 17"
ORD003473,CUST00687,2023-12-22,1,Cancelled,"Address 104, City 8"
ORD003474,CUST00325,2023-08-18,9,Returned,"Address 270, City 7"
ORD003475,CUST00853,2023-07-10,3,Returned,"Address 488, City 14"
ORD003476,CUST00728,2024-02-25,4,Cancelled,"Address 709, City 2"
ORD003477,CUST00132,2024-10-12,4,Completed,"Address 42, City 17"
ORD003478,CUST00994,2024-09-22,2,Cancelled,"Address 373, City 5"
ORD003479,CUST00618,2023-05-10,2,Delivered,"Address 859, City 10"
ORD003480,CUST00852,2024-08-17,7,Returned,"Address 868, City 5"
ORD003481,CUST00020,2024-04-29,3,Returned,"Address 981, City 4"
ORD003482,CUST00221,2023-10-24,6,Returned,"Address 46, City 10"
ORD003483,CUST00643,2023-01-07,8,Pending,"Address 127, City 8"
ORD003484,CUST00439,2023-02-11,2,,"Address 919, City 5"
ORD003485,CUST00412,2023-04-22,9,Delivered,"Address 959, City 7"
ORD003486,CUST00113,2024-04-15,5,Shipped,"Address 159, City 2"
ORD003487,CUST00252,2023-10-18,2,Cancelled,"Address 820, City 3"
ORD003488,CUST00424,2023-07-03,7,Cancelled,"Address 180, City 8"
ORD003489,CUST00412,2023-07-26,2,Delivered,"Address 23, City 14"
ORD003490,CUST00257,2023-05-30,8,Delivered,"Address 468, City 5"
ORD003491,CUST00691,2023-02-25,4,Cancelled,"Address 148, City 15"
ORD003492,CUST00116,2023-11-18,1,,"Address 926, City 14"
ORD003493,CUST00500,2024-07-17,1,Completed,"Address 980, City 3"
ORD003494,CUST00995,2023-03-14,3,Returned,"Address 393, City 15"
ORD003495,CUST00208,2024-09-05,3,Delivered,"Address 193, City 19"
ORD003496,CUST00779,2023-08-24,4,,"Address 280, City 17"
ORD003497,CUST00752,2023-10-16,10,Completed,"Address 429, City 11"
ORD003498,CUST00838,2024-04-29,1,Returned,"Address 149, City 4"
ORD003499,CUST00233,2024-06-24,1,Shipped,"Address 272, City 14"
ORD003500,CUST00803,2024-06-25,6,Pending,"Address 114, City 19"
ORD003501,CUST00147,2023-01-26,1,Pending,"Address 331, City 10"
ORD003502,CUST00517,2024-07-11,1,Completed,"Address 227, City 7"
ORD003503,CUST00401,2023-10-19,6,Shipped,"Address 208, City 8"
ORD003504,CUST00324,2023-01-07,8,Delivered,"Address 199, City 15"
ORD003505,CUST00003,2023-02-24,10,Delivered,"Address 790, City 9"
ORD003506,CUST00462,2023-08-27,8,Pending,"Address 806, City 15"
ORD003507,CUST00849,2023-01-11,5,Completed,"Address 350, City 20"
ORD003508,CUST00566,2023-06-23,4,Pending,"Address 763, City 16"
ORD003509,CUST00460,2023-04-05,9,Returned,"Address 388, City 20"
ORD003510,CUST00384,2024-03-31,1,Completed,"Address 758, City 8"
ORD003511,CUST00245,2024-07-30,1,Completed,"Address 703, City 12"
ORD003512,CUST00914,2024-01-07,10,Cancelled,"Address 562, City 7"
ORD003513,CUST00735,2023-09-11,2,Shipped,"Address 385, City 10"
ORD003514,CUST00512,2024-10-21,1,Pending,"Address 741, City 10"
ORD003515,CUST00395,2023-02-14,6,Pending,"Address 891, City 12"
ORD003516,CUST00758,2023-06-02,6,Delivered,"Address 680, City 16"
ORD003517,CUST00886,2024-01-27,6,,"Address 185, City 1"
ORD003518,CUST00551,2024-04-25,6,Pending,"Address 187, City 15"
ORD003519,CUST00595,2023-04-24,3,Shipped,"Address 851, City 13"
ORD003520,CUST00125,2023-03-08,9,Completed,"Address 28, City 20"
ORD003521,CUST00447,2023-08-14,1,Completed,"Address 865, City 19"
ORD003522,CUST00835,2023-01-04,9,Cancelled,"Address 894, City 7"
ORD003523,CUST00512,2023-05-20,7,Returned,"Address 952, City 17"
ORD003524,CUST00477,2024-04-17,8,Completed,"Address 688, City 19"
ORD003525,CUST00138,2024-04-20,7,Completed,"Address 344, City 14"
ORD003526,CUST00672,2024-10-25,10,Delivered,"Address 988, City 16"
ORD003527,CUST00208,2024-04-05,6,Delivered,"Address 818, City 19"
ORD003528,CUST00608,2023-04-25,3,Delivered,"Address 924, City 4"
ORD003529,CUST00378,2023-07-29,7,Pending,"Address 957, City 15"
ORD003530,CUST00749,2023-10-17,9,Returned,"Address 46, City 2"
ORD003531,CUST00366,2024-05-22,2,Pending,"Address 830, City 17"
ORD003532,CUST00655,2024-03-02,8,Returned,"Address 134, City 4"
ORD003533,CUST00745,2024-05-16,8,Cancelled,"Address 289, City 16"
ORD003534,CUST00622,2024-04-06,4,Returned,"Address 683, City 11"
ORD003535,CUST00564,2024-11-01,5,Shipped,"Address 619, City 19"
ORD003536,CUST00481,2024-08-27,2,Shipped,"Address 863, City 3"
ORD003537,CUST00205,2024-09-18,1,Delivered,"Address 592, City 4"
ORD003538,CUST00391,2023-06-02,8,Completed,"Address 986, City 19"
ORD003539,CUST00194,2024-08-12,4,Pending,"Address 643, City 3"
ORD003540,CUST00784,2023-09-09,9,Shipped,"Address 657, City 13"
ORD003541,CUST00136,2024-06-27,9,Pending,"Address 383, City 8"
ORD003542,CUST00338,2023-08-30,6,Pending,"Address 140, City 20"
ORD003543,CUST00284,2024-11-22,9,Delivered,"Address 127, City 4"
ORD003544,CUST00572,2023-07-10,3,Pending,"Address 298, City 12"
ORD003545,CUST00463,2023-05-06,4,Shipped,"Address 141, City 19"
ORD003546,CUST00085,2023-08-15,8,Returned,"Address 928, City 1"
ORD003547,CUST00582,2023-09-08,5,Cancelled,"Address 777, City 2"
ORD003548,CUST00334,2023-11-20,8,Cancelled,"Address 800, City 19"
ORD003549,CUST00470,2023-03-22,5,Shipped,"Address 217, City 10"
ORD003550,CUST00327,2024-10-18,4,Returned,"Address 79, City 3"
ORD003551,CUST00507,2023-12-05,6,Returned,"Address 992, City 15"
ORD003552,CUST00052,2023-06-11,10,Completed,"Address 193, City 13"
ORD003553,CUST00719,2024-08-28,6,Delivered,"Address 191, City 20"
ORD003554,CUST00202,2023-09-20,4,Cancelled,"Address 912, City 15"
ORD003555,CUST00826,2023-01-05,9,Delivered,"Address 587, City 9"
ORD003556,CUST00793,2023-08-22,10,Delivered,"Address 109, City 2"
ORD003557,CUST00017,2023-03-11,5,Cancelled,"Address 608, City 16"
ORD003558,CUST00638,2023-09-24,4,Returned,"Address 943, City 1"
ORD003559,CUST00872,2023-04-20,9,Returned,"Address 656, City 20"
ORD003560,CUST00626,2024-03-01,10,Shipped,"Address 781, City 19"
ORD003561,CUST00379,2023-09-09,8,Delivered,"Address 315, City 17"
ORD003562,CUST00080,2024-10-11,2,Pending,"Address 876, City 7"
ORD003563,CUST00470,2023-11-03,6,Pending,"Address 858, City 14"
ORD003564,CUST00862,2023-10-21,3,Delivered,"Address 343, City 11"
ORD003565,CUST00427,2023-10-18,3,,"Address 127, City 8"
ORD003566,CUST00727,2023-12-16,5,Returned,"Address 174, City 5"
ORD003567,CUST00256,2024-11-10,10,Cancelled,"Address 86, City 15"
ORD003568,CUST00683,2023-09-10,5,Cancelled,"Address 64, City 20"
ORD003569,CUST00854,2023-12-15,5,Completed,"Address 52, City 14"
ORD003570,CUST00816,2023-02-21,4,Returned,"Address 79, City 2"
ORD003571,CUST00592,2024-03-28,6,Shipped,"Address 77, City 9"
ORD003572,CUST00781,2024-10-09,2,Completed,"Address 170, City 10"
ORD003573,CUST00110,2024-10-10,8,Completed,"Address 43, City 20"
ORD003574,CUST00447,2023-12-12,5,Completed,"Address 978, City 11"
ORD003575,CUST00125,2023-10-04,4,Shipped,"Address 369, City 1"
ORD003576,CUST00531,2023-05-24,6,Returned,"Address 69, City 11"
ORD003577,CUST00714,2024-03-17,6,Cancelled,"Address 102, City 12"
ORD003578,CUST00562,2024-04-29,3,Pending,"Address 756, City 10"
ORD003579,CUST00183,2024-08-29,3,Returned,"Address 659, City 4"
ORD003580,CUST00290,2024-10-28,3,Returned,"Address 116, City 10"
ORD003581,CUST00292,2023-04-23,1,Shipped,"Address 985, City 12"
ORD003582,CUST00923,2024-02-11,10,Returned,"Address 876, City 6"
ORD003583,CUST00330,2024-02-27,3,,"Address 167, City 1"
ORD003584,CUST00462,2023-04-21,5,Shipped,"Address 924, City 17"
ORD003585,CUST00310,2024-10-24,5,Returned,"Address 534, City 13"
ORD003586,CUST00373,2024-02-17,10,Completed,"Address 151, City 15"
ORD003587,CUST00963,2023-07-11,10,Pending,"Address 909, City 11"
ORD003588,CUST00975,2024-09-13,2,Delivered,"Address 711, City 19"
ORD003589,CUST00931,2023-05-07,6,Shipped,"Address 574, City 1"
ORD003590,CUST00101,2023-04-08,4,Delivered,"Address 223, City 4"
ORD003591,CUST00413,2024-01-03,9,Shipped,"Address 557, City 9"
ORD003592,CUST00745,2023-01-13,3,Pending,"Address 944, City 9"
ORD003593,CUST00179,2024-02-09,7,Completed,"Address 800, City 6"
ORD003594,CUST00143,2023-01-11,6,Delivered,"Address 550, City 14"
ORD003595,CUST00820,2024-03-27,1,Cancelled,"Address 319, City 5"
ORD003596,CUST00941,2024-09-25,4,Pending,"Address 677, City 19"
ORD003597,CUST00506,2024-07-02,7,Cancelled,"Address 995, City 18"
ORD003598,CUST00499,2024-05-26,3,Cancelled,"Address 183, City 10"
ORD003599,CUST00021,2023-02-23,4,Pending,"Address 811, City 12"
ORD003600,CUST00020,2023-03-16,10,Cancelled,"Address 149, City 10"
ORD003601,CUST00824,2024-04-18,3,Shipped,"Address 297, City 3"
ORD003602,CUST00763,2024-03-23,9,Shipped,"Address 498, City 14"
ORD003603,CUST00595,2023-08-28,9,Shipped,"Address 674, City 4"
ORD003604,CUST00174,2024-07-18,9,Cancelled,"Address 994, City 6"
ORD003605,CUST00563,2024-04-15,7,Cancelled,"Address 756, City 2"
ORD003606,CUST00185,2023-10-08,4,Cancelled,"Address 237, City 3"
ORD003607,CUST00629,2024-06-17,10,Shipped,"Address 83, City 14"
ORD003608,CUST00593,2024-11-29,10,Completed,"Address 327, City 8"
ORD003609,CUST00725,2024-11-15,8,Delivered,"Address 481, City 1"
ORD003610,CUST00491,2024-05-22,6,,"Address 941, City 10"
ORD003611,CUST00290,2024-08-02,10,Cancelled,"Address 355, City 15"
ORD003612,CUST00517,2024-01-22,7,Cancelled,"Address 73, City 8"
ORD003613,CUST00957,2024-07-13,1,Returned,"Address 626, City 9"
ORD003614,CUST00287,2024-07-19,6,Shipped,"Address 380, City 19"
ORD003615,CUST00345,2023-12-07,2,Shipped,"Address 761, City 11"
ORD003616,CUST00069,2024-09-19,6,Returned,"Address 676, City 12"
ORD003617,CUST00943,2023-04-23,2,Cancelled,"Address 351, City 4"
ORD003618,CUST00236,2024-11-19,7,Delivered,"Address 11, City 11"
ORD003619,CUST00258,2023-02-01,2,Cancelled,"Address 928, City 5"
ORD003620,CUST00243,2023-05-25,5,Pending,"Address 515, City 15"
ORD003621,CUST00727,2023-02-10,4,Pending,"Address 649, City 18"
ORD003622,CUST00144,2023-04-25,9,Completed,"Address 895, City 17"
ORD003623,CUST00670,2024-09-29,10,Delivered,"Address 315, City 15"
ORD003624,CUST00873,2024-11-29,6,Completed,"Address 166, City 15"
ORD003625,CUST00971,2023-11-21,10,Cancelled,"Address 223, City 3"
ORD003626,CUST00314,2023-03-31,10,Shipped,"Address 108, City 1"
ORD003627,CUST00516,2024-07-01,7,Shipped,"Address 443, City 11"
ORD003628,CUST00910,2024-08-18,5,Completed,"Address 834, City 18"
ORD003629,CUST00522,2023-04-08,1,Cancelled,"Address 975, City 12"
ORD003630,CUST00694,2023-04-05,1,Shipped,"Address 157, City 10"
ORD003631,CUST00724,2023-03-19,5,Completed,"Address 138, City 17"
ORD003632,CUST00996,2023-09-26,7,Pending,"Address 546, City 15"
ORD003633,CUST00812,2024-10-18,4,Completed,"Address 622, City 19"
ORD003634,CUST00883,2024-05-04,1,Shipped,"Address 287, City 7"
ORD003635,CUST00319,2024-10-21,8,Pending,"Address 313, City 5"
ORD003636,CUST00045,2023-04-17,7,Completed,"Address 302, City 13"
ORD003637,CUST00068,2023-01-02,1,Completed,"Address 241, City 11"
ORD003638,CUST00342,2024-01-11,8,Shipped,"Address 484, City 5"
ORD003639,CUST00131,2024-11-28,4,Delivered,"Address 882, City 15"
ORD003640,CUST00673,2023-05-14,2,Completed,"Address 820, City 20"
ORD003641,CUST00964,2024-07-26,10,Pending,"Address 870, City 15"
ORD003642,CUST00434,2024-05-17,8,Delivered,"Address 223, City 17"
ORD003643,CUST00476,2024-05-06,2,Shipped,"Address 87, City 18"
ORD003644,CUST00229,2024-08-10,10,Pending,"Address 43, City 9"
ORD003645,CUST00488,2024-06-02,4,Delivered,"Address 259, City 11"
ORD003646,CUST00758,2023-12-16,9,Returned,"Address 87, City 15"
ORD003647,CUST00288,2023-08-17,2,Pending,"Address 985, City 19"
ORD003648,CUST00413,2024-11-04,5,Completed,"Address 649, City 4"
ORD003649,CUST00898,2023-12-23,8,Returned,"Address 198, City 19"
ORD003650,CUST00786,2023-04-19,9,Shipped,"Address 738, City 5"
ORD003651,CUST00371,2023-02-03,5,Returned,"Address 242, City 19"
ORD003652,CUST00459,2023-07-07,2,Delivered,"Address 966, City 14"
ORD003653,CUST00529,2024-08-21,6,Cancelled,"Address 56, City 15"
ORD003654,CUST00077,2024-10-12,6,Returned,"Address 191, City 2"
ORD003655,CUST00368,2023-12-21,6,Shipped,"Address 274, City 10"
ORD003656,CUST00461,2023-02-06,9,Pending,"Address 480, City 17"
ORD003657,CUST00551,2024-06-22,10,Shipped,"Address 920, City 5"
ORD003658,CUST00781,2023-04-19,1,Cancelled,"Address 696, City 1"
ORD003659,CUST00023,2023-10-11,10,Completed,"Address 802, City 6"
ORD003660,CUST00413,2023-10-30,2,Delivered,"Address 551, City 1"
ORD003661,CUST00098,2023-10-14,1,Delivered,"Address 419, City 16"
ORD003662,CUST00535,2023-03-25,7,Delivered,"Address 444, City 5"
ORD003663,CUST00308,2023-10-27,8,Delivered,"Address 425, City 16"
ORD003664,CUST00118,2023-03-26,1,Returned,"Address 798, City 1"
ORD003665,CUST00249,2023-08-25,3,Completed,"Address 676, City 10"
ORD003666,CUST00805,2023-08-18,1,Shipped,"Address 386, City 14"
ORD003667,CUST00580,2024-06-26,10,Pending,"Address 616, City 2"
ORD003668,CUST00655,2023-08-07,1,Shipped,"Address 104, City 15"
ORD003669,CUST00640,2024-03-28,10,Returned,"Address 588, City 5"
ORD003670,CUST00414,2023-09-25,10,Cancelled,"Address 876, City 17"
ORD003671,CUST00108,2023-05-05,4,Returned,"Address 296, City 8"
ORD003672,CUST00254,2023-05-20,2,Delivered,"Address 836, City 12"
ORD003673,CUST00523,2023-04-10,2,Delivered,"Address 920, City 16"
ORD003674,CUST00023,2023-02-28,4,Cancelled,"Address 747, City 5"
ORD003675,CUST00910,2023-12-29,7,Cancelled,"Address 996, City 11"
ORD003676,CUST00390,2023-08-04,3,Pending,"Address 211, City 4"
ORD003677,CUST00842,2023-03-16,6,Pending,"Address 607, City 1"
ORD003678,CUST00141,2024-10-17,1,Cancelled,"Address 755, City 13"
ORD003679,CUST00598,2024-10-27,4,Completed,"Address 132, City 6"
ORD003680,CUST00692,2023-03-19,5,Pending,"Address 803, City 15"
ORD003681,CUST00969,2024-10-31,4,Delivered,"Address 574, City 9"
ORD003682,CUST00140,2024-11-16,6,Completed,"Address 420, City 4"
ORD003683,CUST00685,2023-11-17,10,Returned,"Address 753, City 5"
ORD003684,CUST00812,2024-02-28,2,Delivered,"Address 450, City 11"
ORD003685,CUST00995,2024-07-02,3,Shipped,"Address 640, City 12"
ORD003686,CUST00547,2023-03-03,2,Returned,"Address 873, City 10"
ORD003687,CUST00188,2023-02-02,4,Delivered,"Address 608, City 8"
ORD003688,CUST00524,2023-12-23,1,Pending,"Address 644, City 11"
ORD003689,CUST00176,2024-10-22,9,Delivered,"Address 826, City 16"
ORD003690,CUST00047,2023-11-20,8,Returned,"Address 703, City 15"
ORD003691,CUST00370,2023-08-05,5,Delivered,"Address 367, City 6"
ORD003692,CUST00721,2023-10-15,8,Cancelled,"Address 798, City 9"
ORD003693,CUST00400,2024-08-02,5,Shipped,"Address 438, City 10"
ORD003694,CUST00050,2023-02-24,7,,"Address 895, City 17"
ORD003695,CUST00400,2023-05-19,5,Shipped,"Address 688, City 15"
ORD003696,CUST00826,2024-01-08,6,Cancelled,"Address 234, City 18"
ORD003697,CUST00925,2023-12-27,5,Cancelled,"Address 104, City 5"
ORD003698,CUST00023,2023-05-05,5,Shipped,"Address 260, City 12"
ORD003699,CUST00618,2023-07-22,7,Cancelled,"Address 854, City 20"
ORD003700,CUST00145,2023-08-16,5,Cancelled,"Address 407, City 5"
ORD003701,CUST00685,2024-01-05,2,Delivered,"Address 703, City 13"
ORD003702,CUST00223,2023-02-28,3,Pending,"Address 768, City 19"
ORD003703,CUST00253,2023-11-01,10,Returned,"Address 274, City 5"
ORD003704,CUST00571,2024-04-15,10,Pending,"Address 438, City 3"
ORD003705,CUST00606,2024-05-26,5,Pending,"Address 949, City 10"
ORD003706,CUST00716,2024-09-11,6,Delivered,"Address 751, City 17"
ORD003707,CUST00178,2023-04-29,8,Pending,"Address 727, City 10"
ORD003708,CUST00746,2024-11-28,3,Completed,"Address 136, City 5"
ORD003709,CUST00287,2024-11-30,1,Returned,"Address 404, City 5"
ORD003710,CUST00397,2024-05-02,2,Delivered,"Address 785, City 9"
ORD003711,CUST00285,2023-02-11,7,Delivered,"Address 168, City 18"
ORD003712,CUST00237,2024-01-22,9,Completed,"Address 359, City 1"
ORD003713,CUST00725,2023-05-20,3,Returned,"Address 489, City 10"
ORD003714,CUST00652,2024-11-26,6,Shipped,"Address 955, City 17"
ORD003715,CUST00453,2023-05-19,7,Delivered,"Address 640, City 7"
ORD003716,CUST00716,2023-11-22,5,Shipped,"Address 902, City 15"
ORD003717,CUST00749,2023-07-18,3,Returned,"Address 623, City 14"
ORD003718,CUST00192,2024-08-15,2,Delivered,"Address 13, City 5"
ORD003719,CUST00002,2024-01-24,8,Shipped,"Address 199, City 9"
ORD003720,CUST00395,2024-06-18,10,Cancelled,"Address 949, City 11"
ORD003721,CUST00896,2023-08-10,8,Delivered,"Address 115, City 1"
ORD003722,CUST00186,2023-12-31,1,Returned,"Address 570, City 15"
ORD003723,CUST00032,2023-08-16,10,Completed,"Address 215, City 8"
ORD003724,CUST00461,2024-04-23,4,Shipped,"Address 198, City 9"
ORD003725,CUST00760,2023-03-29,5,Completed,"Address 786, City 6"
ORD003726,CUST00707,2024-12-01,8,Delivered,"Address 850, City 1"
ORD003727,CUST00153,2025-06-22,7,Completed,"Address 61, City 16"
ORD003728,CUST00177,2023-06-04,1,Pending,"Address 893, City 6"
ORD003729,CUST00535,2023-05-05,10,Delivered,"Address 252, City 20"
ORD003730,CUST00717,2024-10-20,6,Completed,"Address 215, City 3"
ORD003731,CUST00831,2023-12-02,10,Returned,"Address 476, City 12"
ORD003732,CUST00472,2023-04-28,6,Returned,"Address 172, City 7"
ORD003733,CUST00839,2023-01-15,9,Completed,"Address 885, City 1"
ORD003734,CUST00290,2024-09-11,2,Completed,"Address 815, City 9"
ORD003735,CUST00970,2023-05-05,4,Completed,"Address 641, City 18"
ORD003736,CUST00506,2024-03-09,6,Cancelled,"Address 700, City 18"
ORD003737,CUST00973,2023-12-13,1,Returned,"Address 311, City 11"
ORD003738,CUST00304,2023-02-14,10,Cancelled,"Address 255, City 13"
ORD003739,CUST00637,2024-02-27,5,Shipped,"Address 514, City 14"
ORD003740,CUST00107,2023-12-14,9,Delivered,"Address 138, City 2"
ORD003741,CUST00813,2023-11-12,4,Delivered,"Address 332, City 2"
ORD003742,CUST00978,2024-11-29,5,Shipped,"Address 898, City 13"
ORD003743,CUST00679,2023-09-25,4,Returned,"Address 879, City 19"
ORD003744,CUST00110,2023-10-21,7,Pending,"Address 387, City 15"
ORD003745,CUST00992,2023-09-20,1,Pending,"Address 899, City 14"
ORD003746,CUST00524,2024-07-31,6,Cancelled,"Address 78, City 3"
ORD003747,CUST00405,2023-02-25,7,Shipped,"Address 297, City 3"
ORD003748,CUST00459,2024-05-31,10,Returned,"Address 626, City 11"
ORD003749,CUST00466,2023-08-10,8,Shipped,"Address 218, City 4"
ORD003750,CUST00759,2024-03-17,5,Pending,"Address 151, City 9"
ORD003751,CUST00959,2023-09-10,8,Delivered,"Address 300, City 2"
ORD003752,CUST00644,2024-05-09,10,Delivered,"Address 522, City 15"
ORD003753,CUST00404,2024-01-18,10,Cancelled,"Address 925, City 19"
ORD003754,CUST00776,2023-05-23,1,Shipped,"Address 972, City 6"
ORD003755,CUST00976,2024-04-25,4,Cancelled,"Address 373, City 13"
ORD003756,CUST00190,2025-05-10,2,Shipped,"Address 566, City 11"
ORD003757,CUST00676,2024-04-13,9,Delivered,"Address 118, City 12"
ORD003758,CUST00146,2023-08-28,5,Cancelled,"Address 8, City 19"
ORD003759,CUST00804,2024-07-06,1,Delivered,"Address 831, City 18"
ORD003760,CUST00418,2023-08-06,10,Shipped,"Address 924, City 9"
ORD003761,CUST00841,2023-03-16,4,Cancelled,"Address 194, City 5"
ORD003762,CUST00528,2024-08-25,6,Returned,"Address 912, City 20"
ORD003763,CUST00887,2024-03-30,8,Completed,"Address 821, City 2"
ORD003764,CUST00046,2024-03-12,1,Cancelled,"Address 285, City 8"
ORD003765,CUST00893,2023-09-11,8,Completed,"Address 751, City 19"
ORD003766,CUST00748,2023-03-23,8,Delivered,"Address 574, City 15"
ORD003767,CUST00677,2023-03-26,7,Pending,"Address 191, City 3"
ORD003768,CUST00914,2024-01-02,8,Delivered,"Address 757, City 11"
ORD003769,CUST00996,2023-09-19,6,Cancelled,"Address 537, City 5"
ORD003770,CUST00779,2023-10-25,9,Delivered,"Address 175, City 16"
ORD003771,CUST00371,2024-06-02,4,Delivered,"Address 752, City 20"
ORD003772,CUST00513,2024-05-30,8,Shipped,"Address 703, City 19"
ORD003773,CUST00085,2023-06-26,3,Pending,"Address 891, City 19"
ORD003774,CUST00919,2024-06-20,3,Returned,"Address 15, City 15"
ORD003775,CUST00217,2023-05-06,3,Completed,"Address 280, City 17"
ORD003776,CUST00946,2023-09-22,6,Cancelled,"Address 850, City 9"
ORD003777,CUST00752,2023-04-24,8,Cancelled,"Address 304, City 11"
ORD003778,CUST00562,2024-03-03,10,Returned,"Address 102, City 13"
ORD003779,CUST00380,2023-11-14,8,Cancelled,"Address 839, City 15"
ORD003780,CUST00955,2024-02-14,6,Pending,"Address 411, City 9"
ORD003781,CUST00997,2024-05-07,7,Delivered,"Address 513, City 11"
ORD003782,CUST00144,2024-10-18,10,Delivered,"Address 949, City 6"
ORD003783,CUST00503,2023-03-14,6,Returned,"Address 532, City 16"
ORD003784,CUST00138,2024-06-25,10,Cancelled,"Address 480, City 12"
ORD003785,CUST00759,2023-11-03,5,Completed,"Address 704, City 18"
ORD003786,CUST00709,2024-01-06,1,Returned,"Address 847, City 18"
ORD003787,CUST00803,2024-04-23,4,Cancelled,"Address 283, City 2"
ORD003788,CUST00390,2023-03-05,8,Cancelled,"Address 443, City 7"
ORD003789,CUST00039,2024-08-21,4,Completed,"Address 57, City 7"
ORD003790,CUST00558,2023-04-02,4,Shipped,"Address 21, City 3"
ORD003791,CUST00944,2023-04-22,2,Returned,"Address 22, City 13"
ORD003792,CUST00258,2023-12-29,9,Delivered,"Address 328, City 12"
ORD003793,CUST00714,2023-05-17,5,Returned,"Address 352, City 3"
ORD003794,CUST00198,2023-10-11,7,Delivered,"Address 725, City 17"
ORD003795,CUST00325,2023-08-05,2,Returned,"Address 205, City 17"
ORD003796,CUST00730,2024-04-12,2,Delivered,"Address 407, City 14"
ORD003797,CUST00443,2024-09-24,4,Shipped,"Address 556, City 19"
ORD003798,CUST00728,2023-12-30,9,Delivered,"Address 670, City 18"
ORD003799,CUST00335,2023-05-25,7,Pending,"Address 630, City 19"
ORD003800,CUST00794,2023-04-24,7,Cancelled,"Address 314, City 16"
ORD003801,CUST00721,2024-03-07,3,Cancelled,"Address 701, City 18"
ORD003802,CUST00141,2023-10-18,7,Delivered,"Address 497, City 19"
ORD003803,CUST00196,2024-04-13,7,Pending,"Address 908, City 2"
ORD003804,CUST00833,2023-04-03,1,Cancelled,"Address 622, City 2"
ORD003805,CUST00806,2024-11-26,10,Pending,"Address 885, City 5"
ORD003806,CUST00193,2023-01-10,9,Cancelled,"Address 938, City 5"
ORD003807,CUST00795,2023-05-08,6,Returned,"Address 281, City 12"
ORD003808,CUST00176,2024-01-27,5,Pending,"Address 706, City 6"
ORD003809,CUST00037,2023-06-04,2,Cancelled,"Address 648, City 8"
ORD003810,CUST00218,2024-09-08,6,Shipped,"Address 750, City 5"
ORD003811,CUST00132,2024-01-28,6,Returned,"Address 284, City 1"
ORD003812,CUST00055,2023-08-29,8,Returned,"Address 859, City 10"
ORD003813,CUST00689,2023-03-09,5,Completed,"Address 290, City 17"
ORD003814,CUST00195,2023-11-01,6,Delivered,"Address 779, City 20"
ORD003815,CUST00756,2023-08-06,4,Returned,"Address 599, City 19"
ORD003816,CUST00811,2024-09-14,8,Delivered,"Address 310, City 7"
ORD003817,CUST00025,2023-03-30,10,,"Address 686, City 18"
ORD003818,CUST00242,2023-06-28,6,Shipped,"Address 133, City 16"
ORD003819,CUST00645,2024-05-01,4,Delivered,"Address 452, City 13"
ORD003820,CUST00449,2023-03-08,3,Cancelled,"Address 346, City 11"
ORD003821,CUST00571,2023-11-14,2,Completed,"Address 399, City 14"
ORD003822,CUST00109,2024-03-14,6,Shipped,"Address 818, City 19"
ORD003823,CUST00622,2023-05-11,5,Pending,"Address 143, City 3"
ORD003824,CUST00061,2023-12-21,2,Delivered,"Address 228, City 8"
ORD003825,CUST00052,2024-08-06,7,Returned,"Address 553, City 20"
ORD003826,CUST00907,2024-10-21,6,Delivered,"Address 485, City 7"
ORD003827,CUST00722,2023-08-09,10,Shipped,"Address 619, City 2"
ORD003828,CUST00461,2023-08-15,2,Completed,"Address 453, City 12"
ORD003829,CUST00249,2024-09-05,10,Delivered,"Address 684, City 3"
ORD003830,CUST00822,2023-10-22,3,Pending,"Address 963, City 6"
ORD003831,CUST00035,2023-07-01,7,Pending,"Address 613, City 3"
ORD003832,CUST00004,2023-02-16,5,Shipped,"Address 898, City 7"
ORD003833,CUST00274,2024-02-06,5,Shipped,"Address 577, City 14"
ORD003834,CUST00096,2024-08-25,5,Pending,"Address 946, City 1"
ORD003835,CUST00058,2024-10-08,8,Shipped,"Address 981, City 15"
ORD003836,CUST00736,2024-02-12,9,Shipped,"Address 49, City 17"
ORD003837,CUST00944,2024-04-01,9,Cancelled,"Address 617, City 7"
ORD003838,CUST00554,2023-07-12,6,Completed,"Address 45, City 2"
ORD003839,CUST00434,2024-11-12,4,Shipped,"Address 749, City 14"
ORD003840,CUST00981,2024-10-22,8,Delivered,"Address 379, City 18"
ORD003841,CUST00124,2024-02-28,8,Pending,"Address 474, City 1"
ORD003842,CUST00297,2023-09-05,5,Pending,"Address 189, City 10"
ORD003843,CUST00363,2024-01-23,7,Returned,"Address 843, City 3"
ORD003844,CUST00304,2023-12-09,7,Delivered,"Address 321, City 16"
ORD003845,CUST00322,2023-07-28,2,Returned,"Address 807, City 16"
ORD003846,CUST00583,2024-02-10,7,Returned,"Address 594, City 14"
ORD003847,CUST00809,2023-12-02,7,,"Address 656, City 8"
ORD003848,CUST00459,2023-08-13,6,Returned,"Address 755, City 9"
ORD003849,CUST00263,2024-06-12,3,Returned,"Address 995, City 5"
ORD003850,CUST00095,2023-11-30,5,Cancelled,"Address 650, City 12"
ORD003851,CUST00465,2023-07-22,3,Cancelled,"Address 280, City 3"
ORD003852,CUST00148,2023-10-19,7,Completed,"Address 867, City 16"
ORD003853,CUST00559,2023-02-17,2,Cancelled,"Address 605, City 18"
ORD003854,CUST00125,2023-05-27,1,Shipped,"Address 776, City 5"
ORD003855,CUST00914,2023-11-15,4,Shipped,"Address 379, City 2"
ORD003856,CUST00734,2023-03-31,5,Shipped,"Address 27, City 15"
ORD003857,CUST00694,2024-03-18,10,Shipped,"Address 944, City 18"
ORD003858,CUST00552,2024-04-24,4,Pending,"Address 511, City 13"
ORD003859,CUST00704,2024-04-13,10,Cancelled,"Address 319, City 10"
ORD003860,CUST00442,2024-02-13,7,Delivered,"Address 228, City 14"
ORD003861,CUST00840,2024-12-01,1,Returned,"Address 216, City 17"
ORD003862,CUST00518,2024-02-23,3,Pending,"Address 747, City 1"
ORD003863,CUST00335,2024-06-26,6,Delivered,"Address 438, City 6"
ORD003864,CUST00489,2024-08-07,3,Returned,"Address 150, City 7"
ORD003865,CUST00336,2023-05-27,8,Shipped,"Address 648, City 10"
ORD003866,CUST00944,2024-02-27,9,Returned,"Address 485, City 2"
ORD003867,CUST00277,2024-11-29,8,Pending,"Address 260, City 9"
ORD003868,CUST00427,2024-03-16,7,Delivered,"Address 980, City 10"
ORD003869,CUST00747,2024-09-05,7,Completed,"Address 891, City 17"
ORD003870,CUST00173,2024-02-10,9,Cancelled,"Address 765, City 17"
ORD003871,CUST00979,2024-06-18,8,Returned,"Address 279, City 9"
ORD003872,CUST00916,2024-09-10,5,Shipped,"Address 816, City 20"
ORD003873,CUST00086,2024-01-04,9,Returned,"Address 428, City 3"
ORD003874,CUST00684,2023-08-24,5,Returned,"Address 234, City 8"
ORD003875,CUST00558,2023-04-14,4,Completed,"Address 759, City 7"
ORD003876,CUST00481,2023-10-02,7,Shipped,"Address 809, City 7"
ORD003877,CUST00989,2024-05-20,8,Shipped,"Address 625, City 18"
ORD003878,CUST00094,2023-01-03,3,Completed,"Address 221, City 4"
ORD003879,CUST00783,2024-05-28,6,Completed,"Address 247, City 19"
ORD003880,CUST00373,2023-04-12,3,Shipped,"Address 846, City 13"
ORD003881,CUST00779,2024-10-14,4,Delivered,"Address 608, City 18"
ORD003882,CUST00082,2023-07-01,3,Shipped,"Address 563, City 20"
ORD003883,CUST00496,2024-03-12,3,Completed,"Address 357, City 20"
ORD003884,CUST00920,2023-01-19,4,Cancelled,"Address 328, City 13"
ORD003885,CUST00715,2025-08-12,1,,"Address 108, City 19"
ORD003886,CUST00770,2024-10-16,2,Cancelled,"Address 864, City 7"
ORD003887,CUST00962,2023-06-28,5,Returned,"Address 224, City 17"
ORD003888,CUST00117,2024-05-07,6,Delivered,"Address 505, City 10"
ORD003889,CUST00634,2024-03-21,2,Pending,"Address 733, City 18"
ORD003890,CUST00012,2024-04-08,3,Returned,"Address 928, City 2"
ORD003891,CUST00055,2023-09-18,1,Pending,"Address 737, City 17"
ORD003892,CUST00882,2023-01-10,9,Shipped,"Address 731, City 19"
ORD003893,CUST00117,2024-10-18,3,Shipped,"Address 683, City 1"
ORD003894,CUST00384,2023-01-26,10,Shipped,"Address 715, City 3"
ORD003895,CUST00240,2024-07-13,3,Delivered,"Address 462, City 13"
ORD003896,CUST00370,2023-06-14,3,Completed,"Address 91, City 8"
ORD003897,CUST00102,2023-04-25,7,Delivered,"Address 170, City 17"
ORD003898,CUST00172,2023-08-09,7,Completed,"Address 776, City 3"
ORD003899,CUST00457,2024-02-15,9,Cancelled,"Address 480, City 18"
ORD003900,CUST00755,2024-02-26,3,Completed,"Address 99, City 11"
ORD003901,CUST00520,2023-07-13,7,Shipped,"Address 240, City 1"
ORD003902,CUST00176,2023-06-24,1,Delivered,"Address 703, City 11"
ORD003903,CUST00657,2023-08-02,1,Pending,"Address 811, City 7"
ORD003904,CUST00623,2023-03-21,9,Completed,"Address 351, City 1"
ORD003905,CUST00331,2024-04-03,6,,"Address 328, City 6"
ORD003906,CUST00299,2024-07-14,7,Cancelled,"Address 801, City 16"
ORD003907,CUST00257,2024-05-31,7,Cancelled,"Address 8, City 18"
ORD003908,CUST00744,2024-11-01,4,Pending,"Address 280, City 10"
ORD003909,CUST00348,2023-02-11,9,Delivered,"Address 8, City 3"
ORD003910,CUST00925,2024-05-24,3,Cancelled,"Address 454, City 8"
ORD003911,CUST00562,2023-05-21,3,Completed,"Address 561, City 8"
ORD003912,CUST00012,2023-05-14,6,Shipped,"Address 198, City 9"
ORD003913,CUST00438,2023-01-29,4,Returned,"Address 908, City 20"
ORD003914,CUST00041,2024-09-02,6,Delivered,"Address 323, City 3"
ORD003915,CUST00691,2023-03-09,8,Delivered,"Address 487, City 3"
ORD003916,CUST00472,2023-04-01,1,Delivered,"Address 962, City 15"
ORD003917,CUST00447,2024-08-03,9,Shipped,"Address 92, City 6"
ORD003918,CUST00850,2023-09-18,1,Pending,"Address 316, City 10"
ORD003919,CUST00702,2024-07-10,2,Returned,"Address 534, City 4"
ORD003920,CUST00064,2024-08-14,2,Delivered,"Address 344, City 14"
ORD003921,CUST00815,2024-05-26,7,Cancelled,"Address 599, City 11"
ORD003922,CUST00275,2023-05-13,10,Completed,"Address 40, City 19"
ORD003923,CUST00810,2023-06-06,2,Delivered,"Address 955, City 16"
ORD003924,CUST00777,2024-04-22,1,Shipped,"Address 569, City 1"
ORD003925,CUST00721,2023-09-15,6,Delivered,"Address 895, City 6"
ORD003926,CUST00472,2024-03-26,3,Shipped,"Address 61, City 20"
ORD003927,CUST00652,2023-12-28,10,Shipped,"Address 537, City 19"
ORD003928,CUST00486,2024-07-22,4,Returned,"Address 470, City 6"
ORD003929,CUST00623,2024-09-26,4,Pending,"Address 484, City 1"
ORD003930,CUST00717,2023-06-17,5,Returned,"Address 516, City 13"
ORD003931,CUST00434,2024-11-12,4,Returned,"Address 394, City 10"
ORD003932,CUST00293,2024-06-30,5,Cancelled,"Address 571, City 8"
ORD003933,CUST00741,2023-11-23,7,Delivered,"Address 246, City 20"
ORD003934,CUST00567,2023-03-21,9,Cancelled,"Address 808, City 5"
ORD003935,CUST00255,2024-04-29,6,Shipped,"Address 878, City 10"
ORD003936,CUST00962,2023-01-04,7,Completed,"Address 421, City 14"
ORD003937,CUST00252,2023-07-19,5,Completed,"Address 899, City 5"
ORD003938,CUST00384,2023-04-05,7,Delivered,"Address 352, City 6"
ORD003939,CUST00217,2024-03-01,7,Returned,"Address 187, City 7"
ORD003940,CUST00374,2023-07-19,8,Delivered,"Address 372, City 4"
ORD003941,CUST00966,2024-10-30,5,Delivered,"Address 87, City 3"
ORD003942,CUST00479,2023-04-18,6,Returned,"Address 582, City 11"
ORD003943,CUST00657,2024-05-04,5,Completed,"Address 545, City 10"
ORD003944,CUST00877,2023-07-03,5,Returned,"Address 376, City 3"
ORD003945,CUST00640,2023-06-15,2,Cancelled,"Address 503, City 20"
ORD003946,CUST00924,2023-06-27,5,Delivered,"Address 611, City 17"
ORD003947,CUST00178,2024-03-28,5,Shipped,"Address 668, City 20"
ORD003948,CUST00541,2024-09-25,8,Pending,"Address 122, City 12"
ORD003949,CUST00875,2023-09-03,1,Delivered,"Address 268, City 12"
ORD003950,CUST00078,2024-10-28,9,Delivered,"Address 583, City 6"
ORD003951,CUST00050,2023-08-29,6,Returned,"Address 333, City 7"
ORD003952,CUST00027,2023-03-20,9,Delivered,"Address 308, City 8"
ORD003953,CUST00548,2024-05-04,7,Delivered,"Address 49, City 3"
ORD003954,CUST00648,2023-10-03,7,,"Address 762, City 19"
ORD003955,CUST00117,2024-02-03,1,Returned,"Address 249, City 15"
ORD003956,CUST00622,2023-11-13,2,Shipped,"Address 815, City 3"
ORD003957,CUST00935,2024-06-15,8,Pending,"Address 396, City 11"
ORD003958,CUST00435,2023-01-10,2,Delivered,"Address 359, City 19"
ORD003959,CUST00105,2024-01-10,2,Delivered,"Address 745, City 7"
ORD003960,CUST00426,2023-03-25,1,,"Address 54, City 6"
ORD003961,CUST00170,2024-05-07,9,Returned,"Address 809, City 17"
ORD003962,CUST00655,2023-08-21,3,Shipped,"Address 401, City 3"
ORD003963,CUST00766,2023-09-28,10,Shipped,"Address 871, City 15"
ORD003964,CUST00405,2024-09-25,7,Pending,"Address 464, City 17"
ORD003965,CUST00168,2023-09-25,1,Pending,"Address 87, City 9"
ORD003966,CUST00140,2023-10-04,5,Pending,"Address 863, City 16"
ORD003967,CUST00253,2023-06-23,9,Completed,"Address 363, City 19"
ORD003968,CUST00174,2024-01-13,9,Delivered,"Address 726, City 20"
ORD003969,CUST00468,2023-10-07,6,Pending,"Address 917, City 16"
ORD003970,CUST00516,2024-09-15,3,Completed,"Address 511, City 16"
ORD003971,CUST00481,2024-08-11,10,Shipped,"Address 445, City 1"
ORD003972,CUST00320,2024-04-25,2,Returned,"Address 280, City 18"
ORD003973,CUST00325,2023-04-16,1,Shipped,"Address 999, City 8"
ORD003974,CUST00997,2023-12-16,7,Shipped,"Address 786, City 18"
ORD003975,CUST00420,2024-10-09,10,Cancelled,"Address 16, City 20"
ORD003976,CUST00217,2024-03-05,6,Cancelled,"Address 403, City 1"
ORD003977,CUST00335,2024-05-12,2,Completed,"Address 513, City 10"
ORD003978,CUST00399,2023-05-13,3,Cancelled,"Address 672, City 10"
ORD003979,CUST00540,2023-04-17,1,Shipped,"Address 354, City 19"
ORD003980,CUST00063,2023-10-28,9,Returned,"Address 330, City 13"
ORD003981,CUST00247,2024-01-18,6,Delivered,"Address 482, City 15"
ORD003982,CUST00339,2024-08-27,1,Pending,"Address 944, City 12"
ORD003983,CUST00470,2023-11-27,4,Delivered,"Address 768, City 12"
ORD003984,CUST00339,2023-06-08,2,Delivered,"Address 763, City 18"
ORD003985,CUST00430,2023-10-25,8,Pending,"Address 676, City 16"
ORD003986,CUST00792,2023-11-29,3,Cancelled,"Address 650, City 6"
ORD003987,CUST00281,2024-09-28,10,Cancelled,"Address 166, City 7"
ORD003988,CUST00407,2024-10-01,8,Returned,"Address 578, City 20"
ORD003989,CUST00146,2023-02-24,1,Pending,"Address 276, City 2"
ORD003990,CUST00001,2024-03-24,1,Completed,"Address 732, City 3"
ORD003991,CUST00290,2023-05-12,3,Pending,"Address 911, City 11"
ORD003992,CUST00858,2023-08-15,9,Pending,"Address 692, City 20"
ORD003993,CUST00385,2024-05-08,4,Returned,"Address 73, City 10"
ORD003994,CUST00741,2023-05-14,7,Completed,"Address 524, City 12"
ORD003995,CUST00023,2023-05-25,7,Shipped,"Address 418, City 3"
ORD003996,CUST00540,2023-03-12,10,Cancelled,"Address 148, City 17"
ORD003997,CUST00667,2023-07-03,7,Returned,"Address 194, City 7"
ORD003998,CUST00043,2024-06-03,5,Returned,"Address 88, City 13"
ORD003999,CUST00252,2023-02-19,4,Pending,"Address 237, City 2"
ORD004000,CUST00835,2024-05-31,6,Completed,"Address 309, City 8"
ORD004001,CUST00669,2024-03-05,7,Shipped,"Address 646, City 20"
ORD004002,CUST00090,2023-07-23,4,Returned,"Address 749, City 6"
ORD004003,CUST00931,2024-12-01,2,Shipped,"Address 498, City 14"
ORD004004,CUST00963,2024-05-25,8,Cancelled,"Address 427, City 11"
ORD004005,CUST00387,2024-04-12,5,Delivered,"Address 907, City 2"
ORD004006,CUST00257,2023-08-02,9,Delivered,"Address 713, City 9"
ORD004007,CUST00367,2023-07-26,2,Completed,"Address 640, City 7"
ORD004008,CUST00323,2024-08-10,6,Completed,"Address 750, City 5"
ORD004009,CUST00708,2023-07-16,4,Completed,"Address 696, City 3"
ORD004010,CUST00998,2023-11-15,9,Pending,"Address 476, City 1"
ORD004011,CUST00386,2023-05-27,5,,"Address 815, City 14"
ORD004012,CUST00395,2023-01-15,8,Completed,"Address 127, City 10"
ORD004013,CUST00835,2023-11-10,9,Shipped,"Address 959, City 14"
ORD004014,CUST00576,2023-10-20,4,Delivered,"Address 465, City 19"
ORD004015,CUST00256,2024-04-09,1,Delivered,"Address 581, City 11"
ORD004016,CUST00941,2024-05-04,3,Pending,"Address 235, City 12"
ORD004017,CUST00635,2024-06-03,4,Completed,"Address 560, City 6"
ORD004018,CUST00271,2024-07-03,9,Returned,"Address 87, City 19"
ORD004019,CUST00912,2024-11-16,10,Delivered,"Address 367, City 3"
ORD004020,CUST00695,2024-01-29,6,Completed,"Address 718, City 19"
ORD004021,CUST00322,2023-10-10,7,Delivered,"Address 443, City 9"
ORD004022,CUST00148,2023-11-26,4,Completed,"Address 75, City 12"
ORD004023,CUST00311,2023-06-23,3,Pending,"Address 508, City 18"
ORD004024,CUST00339,2024-01-10,5,Completed,"Address 515, City 19"
ORD004025,CUST00781,2024-04-26,8,Delivered,"Address 128, City 10"
ORD004026,CUST00463,2024-01-20,1,Returned,"Address 234, City 14"
ORD004027,CUST00147,2024-05-16,6,Pending,"Address 516, City 1"
ORD004028,CUST00817,2023-02-28,5,Cancelled,"Address 729, City 2"
ORD004029,CUST00508,2024-10-12,4,Cancelled,"Address 255, City 4"
ORD004030,CUST00101,2024-02-28,4,Completed,"Address 602, City 20"
ORD004031,CUST00822,2023-05-11,2,Delivered,"Address 332, City 6"
ORD004032,CUST00354,2024-05-14,5,Pending,"Address 944, City 7"
ORD004033,CUST00779,2023-05-09,9,Cancelled,"Address 515, City 11"
ORD004034,CUST00983,2023-04-03,6,Cancelled,"Address 401, City 17"
ORD004035,CUST00072,2024-06-04,6,Cancelled,"Address 333, City 12"
ORD004036,CUST00694,2024-03-01,7,Cancelled,"Address 597, City 10"
ORD004037,CUST00580,2023-02-14,4,Pending,"Address 257, City 14"
ORD004038,CUST00015,2024-10-16,6,Delivered,"Address 713, City 14"
ORD004039,CUST00885,2023-04-30,2,Returned,"Address 193, City 6"
ORD004040,CUST00268,2023-05-15,6,Returned,"Address 405, City 20"
ORD004041,CUST00069,2024-02-18,10,Shipped,"Address 440, City 19"
ORD004042,CUST00866,2024-04-06,5,Pending,"Address 594, City 16"
ORD004043,CUST00312,2024-07-20,9,Returned,"Address 419, City 7"
ORD004044,CUST00586,2023-03-29,7,Completed,"Address 507, City 2"
ORD004045,CUST00726,2023-09-24,4,Shipped,"Address 356, City 19"
ORD004046,CUST00433,2023-03-22,5,Completed,"Address 138, City 16"
ORD004047,CUST00416,2023-10-16,10,Completed,"Address 400, City 7"
ORD004048,CUST00772,2023-04-21,10,Returned,"Address 250, City 15"
ORD004049,CUST00668,2024-11-29,1,Delivered,"Address 232, City 13"
ORD004050,CUST00431,2023-01-05,3,Completed,"Address 357, City 14"
ORD004051,CUST00212,2024-04-26,6,Delivered,"Address 749, City 10"
ORD004052,CUST00785,2024-06-19,10,Completed,"Address 306, City 1"
ORD004053,CUST00223,2023-02-06,3,Completed,"Address 131, City 10"
ORD004054,CUST00179,2024-06-20,8,Pending,"Address 212, City 11"
ORD004055,CUST00700,2023-05-11,4,Cancelled,"Address 571, City 17"
ORD004056,CUST00014,2024-06-03,4,Returned,"Address 864, City 14"
ORD004057,CUST00721,2024-11-19,10,Pending,"Address 990, City 5"
ORD004058,CUST00069,2024-11-08,9,Pending,"Address 896, City 3"
ORD004059,CUST00097,2023-04-16,3,Completed,"Address 815, City 20"
ORD004060,CUST00829,2023-01-31,4,Cancelled,"Address 235, City 13"
ORD004061,CUST00738,2024-10-28,10,Shipped,"Address 666, City 8"
ORD004062,CUST00425,2023-06-12,6,Delivered,"Address 198, City 7"
ORD004063,CUST00504,2024-12-01,10,Shipped,"Address 616, City 9"
ORD004064,CUST00853,2023-02-01,4,Shipped,"Address 706, City 7"
ORD004065,CUST00761,2024-11-13,2,Shipped,"Address 758, City 11"
ORD004066,CUST00866,2023-05-10,8,Delivered,"Address 851, City 4"
ORD004067,CUST00647,2024-08-19,6,Pending,"Address 379, City 13"
ORD004068,CUST00466,2024-05-28,9,Completed,"Address 879, City 13"
ORD004069,CUST00156,2023-12-04,5,Returned,"Address 555, City 20"
ORD004070,CUST00513,2023-03-15,6,Pending,"Address 518, City 8"
ORD004071,CUST00515,2024-06-03,3,Pending,"Address 124, City 9"
ORD004072,CUST00479,2024-08-24,8,Delivered,"Address 252, City 13"
ORD004073,CUST00419,2023-03-28,6,Delivered,"Address 924, City 6"
ORD004074,CUST00721,2023-05-18,7,Returned,"Address 673, City 9"
ORD004075,CUST00683,2024-07-31,1,Shipped,"Address 576, City 9"
ORD004076,CUST00798,2024-08-17,5,Pending,"Address 759, City 11"
ORD004077,CUST00492,2024-04-14,7,Completed,"Address 244, City 18"
ORD004078,CUST00865,2024-07-02,7,Delivered,"Address 755, City 2"
ORD004079,CUST00872,2024-08-19,2,Returned,"Address 410, City 15"
ORD004080,CUST00193,2024-06-11,3,Returned,"Address 997, City 12"
ORD004081,CUST00775,2024-08-28,4,Completed,"Address 594, City 10"
ORD004082,CUST00158,2023-03-31,8,Cancelled,"Address 794, City 11"
ORD004083,CUST00236,2024-11-18,7,Returned,"Address 43, City 15"
ORD004084,CUST00001,2023-05-20,3,Shipped,"Address 730, City 7"
ORD004085,CUST00963,2024-07-17,9,Completed,"Address 777, City 19"
ORD004086,CUST00438,2024-09-24,7,Cancelled,"Address 454, City 6"
ORD004087,CUST00205,2023-01-18,8,Delivered,"Address 918, City 13"
ORD004088,CUST00431,2024-01-06,8,,"Address 594, City 1"
ORD004089,CUST00416,2023-12-22,6,Delivered,"Address 867, City 7"
ORD004090,CUST00418,2024-08-26,8,Delivered,"Address 839, City 15"
ORD004091,CUST00616,2023-07-26,4,Delivered,"Address 6, City 19"
ORD004092,CUST00278,2023-12-16,7,Pending,"Address 765, City 8"
ORD004093,CUST00052,2024-11-07,6,Returned,"Address 128, City 2"
ORD004094,CUST00339,2023-06-14,4,Shipped,"Address 821, City 6"
ORD004095,CUST00860,2024-03-08,7,Delivered,"Address 797, City 17"
ORD004096,CUST00703,2023-02-19,1,Returned,"Address 15, City 3"
ORD004097,CUST00396,2023-10-28,2,Returned,"Address 788, City 1"
ORD004098,CUST00027,2023-02-11,2,Pending,"Address 911, City 2"
ORD004099,CUST00215,2024-04-06,9,Delivered,"Address 452, City 8"
ORD004100,CUST00317,2024-10-07,8,Cancelled,"Address 238, City 19"
ORD004101,CUST00993,2024-10-13,1,Delivered,"Address 110, City 19"
ORD004102,CUST00326,2024-06-27,10,Completed,"Address 147, City 4"
ORD004103,CUST00983,2023-07-25,1,Shipped,"Address 555, City 9"
ORD004104,CUST00812,2024-11-01,3,Completed,"Address 990, City 19"
ORD004105,CUST00043,2024-11-02,4,Returned,"Address 766, City 1"
ORD004106,CUST00301,2024-08-14,3,Delivered,"Address 186, City 11"
ORD004107,CUST00460,2024-08-01,10,Returned,"Address 700, City 8"
ORD004108,CUST00253,2023-05-23,9,Cancelled,"Address 480, City 13"
ORD004109,CUST00038,2024-03-16,7,Pending,"Address 961, City 11"
ORD004110,CUST00916,2023-03-14,4,Delivered,"Address 218, City 19"
ORD004111,CUST00838,2024-09-18,8,Returned,"Address 298, City 7"
ORD004112,CUST00541,2023-01-22,2,Cancelled,"Address 708, City 19"
ORD004113,CUST00210,2024-11-11,10,Cancelled,"Address 185, City 13"
ORD004114,CUST00249,2024-01-27,9,Completed,"Address 357, City 10"
ORD004115,CUST00082,2024-07-26,9,Shipped,"Address 888, City 4"
ORD004116,CUST00833,2023-03-21,8,Completed,"Address 850, City 15"
ORD004117,CUST00863,2024-02-20,8,Returned,"Address 722, City 18"
ORD004118,CUST00622,2024-07-19,3,Shipped,"Address 160, City 17"
ORD004119,CUST00328,2024-03-30,8,Delivered,"Address 771, City 6"
ORD004120,CUST00696,2023-09-01,1,Completed,"Address 501, City 17"
ORD004121,CUST00114,2024-05-08,10,Shipped,"Address 612, City 16"
ORD004122,CUST00952,2024-11-09,3,Delivered,"Address 477, City 3"
ORD004123,CUST00946,2023-07-13,7,Cancelled,"Address 265, City 12"
ORD004124,CUST00712,2023-04-08,5,Cancelled,"Address 182, City 12"
ORD004125,CUST00737,2024-03-30,5,Delivered,"Address 972, City 17"
ORD004126,CUST00150,2024-06-28,6,Cancelled,"Address 971, City 20"
ORD004127,CUST00991,2024-08-10,1,Returned,"Address 107, City 4"
ORD004128,CUST00323,2023-04-25,7,Shipped,"Address 557, City 12"
ORD004129,CUST00328,2023-03-18,8,Pending,"Address 38, City 12"
ORD004130,CUST00677,2024-03-02,7,Returned,"Address 624, City 18"
ORD004131,CUST00517,2023-07-27,4,Returned,"Address 445, City 11"
ORD004132,CUST00182,2023-03-03,8,Cancelled,"Address 944, City 10"
ORD004133,CUST00386,2023-12-19,4,Shipped,"Address 592, City 5"
ORD004134,CUST00308,2023-09-08,10,Delivered,"Address 788, City 11"
ORD004135,CUST00055,2024-04-07,6,Delivered,"Address 874, City 17"
ORD004136,CUST00137,2025-10-15,7,Returned,"Address 656, City 7"
ORD004137,CUST00985,2023-06-20,5,Pending,"Address 149, City 15"
ORD004138,CUST00387,2023-04-01,2,Pending,"Address 792, City 6"
ORD004139,CUST00932,2024-06-07,7,Cancelled,"Address 257, City 16"
ORD004140,CUST00741,2024-03-03,3,Shipped,"Address 26, City 7"
ORD004141,CUST00570,2024-12-01,6,Delivered,"Address 776, City 15"
ORD004142,CUST00424,2023-07-09,9,Shipped,"Address 816, City 20"
ORD004143,CUST00184,2023-06-08,10,Completed,"Address 730, City 6"
ORD004144,CUST00143,2023-08-17,9,Completed,"Address 783, City 13"
ORD004145,CUST00357,2023-07-09,4,Delivered,"Address 98, City 17"
ORD004146,CUST00282,2024-01-05,6,Completed,"Address 628, City 6"
ORD004147,CUST00552,2023-11-22,9,Shipped,"Address 785, City 1"
ORD004148,CUST00912,2023-02-22,4,Shipped,"Address 927, City 6"
ORD004149,CUST00155,2024-06-01,7,Delivered,"Address 892, City 20"
ORD004150,CUST00316,2023-01-10,8,Returned,"Address 369, City 15"
ORD004151,CUST00437,2023-04-13,9,Cancelled,"Address 95, City 7"
ORD004152,CUST00799,2023-06-01,6,Cancelled,"Address 553, City 14"
ORD004153,CUST00322,2024-07-03,7,Pending,"Address 449, City 13"
ORD004154,CUST00702,2023-02-21,9,Returned,"Address 21, City 19"
ORD004155,CUST00872,2023-06-24,6,Shipped,"Address 811, City 10"
ORD004156,CUST00479,2024-02-09,4,Completed,"Address 250, City 1"
ORD004157,CUST00301,2024-07-21,7,Cancelled,"Address 404, City 5"
ORD004158,CUST00788,2024-06-10,1,Shipped,"Address 415, City 10"
ORD004159,CUST00051,2024-09-15,9,Delivered,"Address 684, City 16"
ORD004160,CUST00585,2023-10-16,2,Cancelled,"Address 246, City 9"
ORD004161,CUST00725,2024-10-29,4,Pending,"Address 966, City 4"
ORD004162,CUST00731,2023-03-04,2,Shipped,"Address 442, City 6"
ORD004163,CUST00537,2023-05-28,5,Delivered,"Address 298, City 1"
ORD004164,CUST00651,2024-06-30,6,Cancelled,"Address 917, City 19"
ORD004165,CUST00078,2023-12-27,2,Returned,"Address 438, City 3"
ORD004166,CUST00392,2023-02-07,7,Pending,"Address 62, City 6"
ORD004167,CUST00913,2024-02-03,1,Returned,"Address 107, City 15"
ORD004168,CUST00628,2023-09-26,6,Pending,"Address 931, City 13"
ORD004169,CUST00924,2023-05-18,5,Completed,"Address 642, City 16"
ORD004170,CUST00558,2024-07-12,5,Cancelled,"Address 227, City 5"
ORD004171,CUST00441,2023-03-19,6,Shipped,"Address 281, City 5"
ORD004172,CUST00793,2023-08-05,9,Delivered,"Address 261, City 1"
ORD004173,CUST00079,2024-04-16,2,Completed,"Address 775, City 6"
ORD004174,CUST00529,2024-09-23,6,Shipped,"Address 27, City 12"
ORD004175,CUST00953,2024-10-16,1,Cancelled,"Address 259, City 18"
ORD004176,CUST00240,2023-12-14,4,Completed,"Address 83, City 9"
ORD004177,CUST00589,2024-04-11,6,Pending,"Address 175, City 19"
ORD004178,CUST00712,2024-07-19,3,Returned,"Address 6, City 6"
ORD004179,CUST00982,2024-06-03,9,Pending,"Address 522, City 19"
ORD004180,CUST00363,2024-11-27,3,Cancelled,"Address 561, City 1"
ORD004181,CUST00996,2023-05-04,3,Cancelled,"Address 989, City 2"
ORD004182,CUST00778,2023-12-02,1,Shipped,"Address 140, City 9"
ORD004183,CUST00065,2024-09-06,4,Delivered,"Address 253, City 6"
ORD004184,CUST00047,2024-01-10,3,Returned,"Address 156, City 8"
ORD004185,CUST00236,2024-07-28,9,Delivered,"Address 935, City 8"
ORD004186,CUST00658,2024-05-08,7,Shipped,"Address 607, City 9"
ORD004187,CUST00864,2023-06-08,9,Pending,"Address 196, City 8"
ORD004188,CUST00536,2023-01-27,7,Completed,"Address 422, City 8"
ORD004189,CUST00605,2023-05-12,1,Completed,"Address 59, City 9"
ORD004190,CUST00524,2024-11-18,8,Delivered,"Address 857, City 11"
ORD004191,CUST00571,2023-05-01,3,Cancelled,"Address 108, City 2"
ORD004192,CUST00054,2024-09-21,8,Delivered,"Address 708, City 8"
ORD004193,CUST00110,2024-08-04,2,Cancelled,"Address 875, City 1"
ORD004194,CUST00206,2023-01-31,5,Returned,"Address 517, City 9"
ORD004195,CUST00406,2024-06-26,6,Cancelled,"Address 491, City 10"
ORD004196,CUST00614,2023-10-12,7,Completed,"Address 225, City 13"
ORD004197,CUST00748,2024-01-23,1,Cancelled,"Address 152, City 1"
ORD004198,CUST00109,2024-07-25,9,,"Address 609, City 7"
ORD004199,CUST00655,2024-05-28,3,Shipped,"Address 695, City 19"
ORD004200,CUST00289,2024-10-02,1,Returned,"Address 374, City 4"
ORD004201,CUST00019,2024-02-16,3,Pending,"Address 998, City 15"
ORD004202,CUST00136,2024-01-18,7,Delivered,"Address 958, City 2"
ORD004203,CUST00683,2023-08-11,2,Cancelled,"Address 72, City 15"
ORD004204,CUST00154,2023-11-19,5,Returned,"Address 347, City 8"
ORD004205,CUST00395,2024-05-14,5,Returned,"Address 628, City 8"
ORD004206,CUST00215,2023-01-12,10,Delivered,"Address 376, City 5"
ORD004207,CUST00043,2024-02-11,9,Delivered,"Address 615, City 18"
ORD004208,CUST00901,2024-04-24,4,Completed,"Address 261, City 20"
ORD004209,CUST00501,2024-09-08,5,Delivered,"Address 502, City 7"
ORD004210,CUST00891,2024-11-19,8,Completed,"Address 603, City 20"
ORD004211,CUST00590,2023-02-10,7,Completed,"Address 374, City 13"
ORD004212,CUST00589,2023-12-11,8,Shipped,"Address 97, City 2"
ORD004213,CUST00206,2024-11-10,5,Cancelled,"Address 919, City 13"
ORD004214,CUST00926,2024-07-08,10,Completed,"Address 764, City 1"
ORD004215,CUST00830,2023-10-28,2,Cancelled,"Address 322, City 14"
ORD004216,CUST00655,2024-10-01,5,Completed,"Address 731, City 6"
ORD004217,CUST00920,2023-04-17,9,Returned,"Address 465, City 3"
ORD004218,CUST00737,2024-11-24,7,Returned,"Address 397, City 11"
ORD004219,CUST00474,2024-06-02,3,Shipped,"Address 72, City 4"
ORD004220,CUST00271,2023-02-02,9,Cancelled,"Address 940, City 14"
ORD004221,CUST00956,2024-04-05,2,Cancelled,"Address 489, City 6"
ORD004222,CUST00852,2024-07-16,2,Shipped,"Address 601, City 4"
ORD004223,CUST00870,2023-06-20,8,Returned,"Address 547, City 17"
ORD004224,CUST00934,2024-01-11,3,Pending,"Address 640, City 13"
ORD004225,CUST00654,2023-01-27,9,Pending,"Address 694, City 18"
ORD004226,CUST00897,2023-12-09,6,Pending,"Address 724, City 9"
ORD004227,CUST00467,2023-08-08,7,Returned,"Address 580, City 13"
ORD004228,CUST00023,2024-05-20,8,Cancelled,"Address 855, City 9"
ORD004229,CUST00561,2024-09-18,2,Delivered,"Address 61, City 9"
ORD004230,CUST00804,2023-02-07,8,Completed,"Address 793, City 4"
ORD004231,CUST00745,2023-02-22,7,Completed,"Address 622, City 16"
ORD004232,CUST00599,2023-06-12,7,Shipped,"Address 576, City 17"
ORD004233,CUST00920,2024-11-08,6,Delivered,"Address 947, City 7"
ORD004234,CUST00265,2023-10-01,10,Returned,"Address 614, City 5"
ORD004235,CUST00118,2024-01-19,10,Shipped,"Address 418, City 11"
ORD004236,CUST00457,2023-10-10,6,Cancelled,"Address 720, City 8"
ORD004237,CUST00496,2024-11-13,2,Pending,"Address 998, City 19"
ORD004238,CUST00364,2023-05-27,10,Cancelled,"Address 508, City 15"
ORD004239,CUST00572,2024-05-03,6,Cancelled,"Address 651, City 4"
ORD004240,CUST00297,2024-05-01,4,Delivered,"Address 947, City 6"
ORD004241,CUST00387,2023-12-25,1,Completed,"Address 102, City 14"
ORD004242,CUST00407,2024-11-29,8,Shipped,"Address 1, City 15"
ORD004243,CUST00160,2023-04-24,8,Pending,"Address 480, City 4"
ORD004244,CUST00441,2025-03-25,4,Delivered,"Address 895, City 10"
ORD004245,CUST00714,2023-07-02,8,Pending,"Address 25, City 10"
ORD004246,CUST00525,2023-08-04,9,Cancelled,"Address 417, City 15"
ORD004247,CUST00139,2024-02-12,3,Cancelled,"Address 756, City 12"
ORD004248,CUST00253,2023-11-16,2,Shipped,"Address 327, City 17"
ORD004249,CUST00432,2023-11-13,5,Shipped,"Address 56, City 10"
ORD004250,CUST00827,2024-01-29,8,Returned,"Address 670, City 2"
ORD004251,CUST00210,2024-11-29,7,Cancelled,"Address 111, City 11"
ORD004252,CUST00034,2023-12-26,3,Completed,"Address 31, City 20"
ORD004253,CUST00232,2024-04-27,2,Shipped,"Address 689, City 2"
ORD004254,CUST00394,2024-03-18,8,Delivered,"Address 5, City 11"
ORD004255,CUST00754,2023-08-28,3,Pending,"Address 117, City 14"
ORD004256,CUST00285,2024-08-01,4,Pending,"Address 990, City 17"
ORD004257,CUST00936,2024-03-20,2,Pending,"Address 568, City 3"
ORD004258,CUST01000,2023-09-03,9,Delivered,"Address 192, City 4"
ORD004259,CUST00388,2023-08-17,8,Pending,"Address 304, City 12"
ORD004260,CUST00853,2023-12-07,6,Completed,"Address 31, City 15"
ORD004261,CUST00753,2024-01-12,6,Cancelled,"Address 988, City 6"
ORD004262,CUST00969,2024-09-29,6,Cancelled,"Address 911, City 9"
ORD004263,CUST00095,2023-10-24,3,Delivered,"Address 601, City 19"
ORD004264,CUST00604,2024-07-13,7,Delivered,"Address 612, City 5"
ORD004265,CUST00253,2024-02-13,6,Completed,"Address 192, City 11"
ORD004266,CUST00355,2024-11-12,2,Cancelled,"Address 975, City 19"
ORD004267,CUST00712,2024-04-02,6,Returned,"Address 899, City 17"
ORD004268,CUST00603,2023-09-14,6,Shipped,"Address 203, City 9"
ORD004269,CUST00827,2023-09-15,6,Completed,"Address 640, City 16"
ORD004270,CUST00705,2024-03-09,3,Delivered,"Address 92, City 13"
ORD004271,CUST00700,2023-10-11,7,Shipped,"Address 824, City 14"
ORD004272,CUST00255,2023-12-10,3,Shipped,"Address 810, City 9"
ORD004273,CUST00041,2024-04-05,9,Completed,"Address 541, City 4"
ORD004274,CUST00597,2023-06-21,8,Returned,"Address 45, City 18"
ORD004275,CUST00901,2024-09-07,5,Delivered,"Address 783, City 4"
ORD004276,CUST00916,2023-05-20,7,Cancelled,"Address 616, City 8"
ORD004277,CUST00746,2023-01-09,1,Completed,"Address 555, City 19"
ORD004278,CUST00894,2024-09-14,1,Pending,"Address 521, City 2"
ORD004279,CUST00124,2024-07-13,5,,"Address 730, City 1"
ORD004280,CUST00035,2023-12-15,9,Completed,"Address 915, City 2"
ORD004281,CUST00386,2023-12-14,4,Pending,"Address 844, City 14"
ORD004282,CUST00605,2024-08-28,1,Completed,"Address 71, City 4"
ORD004283,CUST00719,2024-02-25,7,Cancelled,"Address 141, City 3"
ORD004284,CUST00935,2023-06-14,5,Cancelled,"Address 795, City 9"
ORD004285,CUST00518,2023-05-28,2,Pending,"Address 356, City 19"
ORD004286,CUST00885,2024-06-20,4,Shipped,"Address 838, City 9"
ORD004287,CUST00522,2024-09-28,9,Delivered,"Address 707, City 11"
ORD004288,CUST00077,2024-09-05,3,Returned,"Address 251, City 8"
ORD004289,CUST00742,2023-03-22,5,Delivered,"Address 704, City 12"
ORD004290,CUST00733,2024-05-22,2,Cancelled,"Address 872, City 17"
ORD004291,CUST00099,2024-10-08,4,Returned,"Address 870, City 2"
ORD004292,CUST00241,2023-11-07,9,Cancelled,"Address 103, City 13"
ORD004293,CUST00361,2023-10-05,1,Shipped,"Address 724, City 19"
ORD004294,CUST00195,2023-11-27,3,Shipped,"Address 152, City 9"
ORD004295,CUST00940,2024-07-19,8,Completed,"Address 424, City 4"
ORD004296,CUST00686,2023-08-11,10,Delivered,"Address 329, City 18"
ORD004297,CUST00122,2024-02-11,9,Pending,"Address 517, City 7"
ORD004298,CUST00252,2024-08-13,5,Completed,"Address 378, City 9"
ORD004299,CUST00836,2024-10-10,5,Pending,"Address 528, City 17"
ORD004300,CUST00579,2023-12-28,9,Completed,"Address 16, City 14"
ORD004301,CUST00393,2024-09-18,6,Shipped,"Address 681, City 20"
ORD004302,CUST00830,2024-02-29,3,Cancelled,"Address 143, City 8"
ORD004303,CUST00552,2024-02-29,4,Shipped,"Address 237, City 9"
ORD004304,CUST00546,2023-05-06,4,Returned,"Address 353, City 11"
ORD004305,CUST00482,2024-10-12,9,Completed,"Address 985, City 5"
ORD004306,CUST00019,2024-06-10,2,Cancelled,"Address 997, City 1"
ORD004307,CUST00134,2024-03-06,10,Completed,"Address 396, City 19"
ORD004308,CUST00274,2023-10-21,8,Delivered,"Address 285, City 4"
ORD004309,CUST00289,2024-10-19,4,Completed,"Address 191, City 8"
ORD004310,CUST00847,2023-05-07,9,Pending,"Address 990, City 15"
ORD004311,CUST00653,2024-08-09,1,Cancelled,"Address 983, City 9"
ORD004312,CUST00494,2024-04-26,3,Pending,"Address 82, City 2"
ORD004313,CUST00002,2023-10-30,9,Delivered,"Address 480, City 18"
ORD004314,CUST00404,2023-06-27,1,Pending,"Address 481, City 16"
ORD004315,CUST00772,2024-09-27,6,Shipped,"Address 765, City 10"
ORD004316,CUST00137,2023-05-26,6,Shipped,"Address 133, City 5"
ORD004317,CUST00132,2023-09-28,6,Cancelled,"Address 789, City 6"
ORD004318,CUST00468,2024-04-11,5,Pending,"Address 169, City 4"
ORD004319,CUST00824,2024-11-05,9,Delivered,"Address 103, City 10"
ORD004320,CUST00317,2024-06-22,7,Shipped,"Address 195, City 17"
ORD004321,CUST00597,2023-08-24,7,Returned,"Address 853, City 17"
ORD004322,CUST00181,2023-11-01,1,Pending,"Address 340, City 19"
ORD004323,CUST00253,2024-07-27,6,Returned,"Address 771, City 16"
ORD004324,CUST00902,2023-02-27,7,Pending,"Address 699, City 19"
ORD004325,CUST00539,2023-07-01,6,Pending,"Address 154, City 11"
ORD004326,CUST00418,2023-11-14,2,Pending,"Address 661, City 16"
ORD004327,CUST00974,2024-08-29,5,Cancelled,"Address 538, City 3"
ORD004328,CUST00780,2024-06-16,10,Cancelled,"Address 425, City 3"
ORD004329,CUST00891,2023-08-19,10,Pending,"Address 653, City 11"
ORD004330,CUST00139,2024-08-22,2,Returned,"Address 449, City 6"
ORD004331,CUST00976,2023-08-24,6,Completed,"Address 288, City 15"
ORD004332,CUST00507,2023-08-07,8,Shipped,"Address 202, City 17"
ORD004333,CUST00389,2024-08-20,6,Returned,"Address 899, City 16"
ORD004334,CUST00476,2024-11-26,10,Cancelled,"Address 647, City 5"
ORD004335,CUST00021,2023-05-19,1,Pending,"Address 808, City 1"
ORD004336,CUST00761,2023-04-10,5,Cancelled,"Address 611, City 2"
ORD004337,CUST00187,2024-02-09,6,Cancelled,"Address 349, City 4"
ORD004338,CUST00888,2023-09-17,10,Completed,"Address 408, City 15"
ORD004339,CUST00648,2024-04-10,1,Completed,"Address 272, City 12"
ORD004340,CUST00712,2024-06-11,8,Delivered,"Address 179, City 16"
ORD004341,CUST00922,2024-11-20,5,Pending,"Address 982, City 13"
ORD004342,CUST00358,2024-03-09,3,Returned,"Address 46, City 12"
ORD004343,CUST00468,2023-04-28,2,Shipped,"Address 66, City 6"
ORD004344,CUST00223,2024-10-30,5,Shipped,"Address 968, City 14"
ORD004345,CUST00383,2024-04-19,8,Cancelled,"Address 257, City 5"
ORD004346,CUST00819,2024-02-02,6,Cancelled,"Address 212, City 3"
ORD004347,CUST00307,2023-01-10,10,Completed,"Address 482, City 16"
ORD004348,CUST00645,2023-03-18,3,Completed,"Address 423, City 3"
ORD004349,CUST00591,2024-11-07,10,Delivered,"Address 403, City 14"
ORD004350,CUST00782,2024-09-10,8,Delivered,"Address 813, City 3"
ORD004351,CUST00123,2024-04-15,3,Shipped,"Address 434, City 17"
ORD004352,CUST00830,2024-11-03,4,Pending,"Address 158, City 12"
ORD004353,CUST00397,2023-07-21,10,Shipped,"Address 334, City 18"
ORD004354,CUST00746,2024-04-01,7,Delivered,"Address 486, City 18"
ORD004355,CUST00765,2023-04-06,1,Shipped,"Address 230, City 20"
ORD004356,CUST00832,2023-11-01,8,Delivered,"Address 426, City 3"
ORD004357,CUST00697,2023-07-07,7,Returned,"Address 808, City 20"
ORD004358,CUST00673,2023-07-29,7,Shipped,"Address 587, City 13"
ORD004359,CUST00882,2023-06-30,8,Pending,"Address 229, City 19"
ORD004360,CUST00598,2023-02-09,6,Returned,"Address 403, City 13"
ORD004361,CUST00017,2023-08-11,1,Shipped,"Address 729, City 4"
ORD004362,CUST00368,2023-02-25,2,Completed,"Address 474, City 2"
ORD004363,CUST00860,2023-11-04,9,Shipped,"Address 373, City 7"
ORD004364,CUST00767,2024-05-02,4,Delivered,"Address 495, City 6"
ORD004365,CUST00325,2024-09-01,10,Cancelled,"Address 481, City 2"
ORD004366,CUST00370,2023-12-09,5,Returned,"Address 38, City 16"
ORD004367,CUST00187,2023-04-02,10,Cancelled,"Address 616, City 4"
ORD004368,CUST00300,2024-11-29,9,Cancelled,"Address 673, City 5"
ORD004369,CUST00254,2024-08-10,4,Completed,"Address 132, City 13"
ORD004370,CUST00586,2024-06-05,4,Delivered,"Address 161, City 3"
ORD004371,CUST00445,2023-09-13,9,Delivered,"Address 512, City 16"
ORD004372,CUST00710,2023-03-27,3,Completed,"Address 177, City 12"
ORD004373,CUST00740,2023-03-06,10,Cancelled,"Address 485, City 14"
ORD004374,CUST00929,2024-11-13,6,Returned,"Address 226, City 12"
ORD004375,CUST00905,2024-01-06,3,Delivered,"Address 685, City 1"
ORD004376,CUST00200,2024-03-23,1,Shipped,"Address 561, City 6"
ORD004377,CUST00951,2024-09-14,4,Delivered,"Address 557, City 15"
ORD004378,CUST00628,2024-06-23,8,Pending,"Address 360, City 20"
ORD004379,CUST00420,2024-10-26,5,Shipped,"Address 681, City 10"
ORD004380,CUST00273,2024-05-25,7,Delivered,"Address 466, City 5"
ORD004381,CUST00252,2024-06-16,2,Completed,"Address 972, City 12"
ORD004382,CUST00051,2024-12-01,9,Returned,"Address 413, City 10"
ORD004383,CUST00769,2023-12-26,1,Delivered,"Address 667, City 1"
ORD004384,CUST00543,2023-11-24,1,Returned,"Address 570, City 14"
ORD004385,CUST00609,2024-05-13,8,Delivered,"Address 446, City 3"
ORD004386,CUST00218,2024-08-25,8,Pending,"Address 438, City 13"
ORD004387,CUST00850,2023-07-18,7,Delivered,"Address 339, City 8"
ORD004388,CUST00240,2023-08-13,5,Cancelled,"Address 588, City 14"
ORD004389,CUST00204,2023-08-23,8,Shipped,"Address 887, City 14"
ORD004390,CUST00515,2023-06-24,2,Completed,"Address 186, City 7"
ORD004391,CUST00298,2024-05-11,4,Pending,"Address 296, City 11"
ORD004392,CUST00331,2024-02-21,3,Delivered,"Address 931, City 1"
ORD004393,CUST00485,2023-09-16,3,Completed,"Address 886, City 19"
ORD004394,CUST00168,2024-03-13,10,Delivered,"Address 499, City 15"
ORD004395,CUST01000,2023-08-30,7,Returned,"Address 760, City 11"
ORD004396,CUST00118,2024-08-17,10,Cancelled,"Address 497, City 8"
ORD004397,CUST00447,2024-02-03,6,Cancelled,"Address 540, City 12"
ORD004398,CUST00462,2024-06-20,5,Returned,"Address 355, City 12"
ORD004399,CUST00120,2024-04-08,4,Pending,"Address 260, City 9"
ORD004400,CUST00982,2023-09-28,10,Completed,"Address 249, City 19"
ORD004401,CUST00186,2023-11-24,6,Cancelled,"Address 285, City 8"
ORD004402,CUST00656,2024-03-25,3,Shipped,"Address 528, City 15"
ORD004403,CUST00379,2024-03-31,7,Completed,"Address 940, City 20"
ORD004404,CUST00951,2023-03-25,9,Returned,"Address 383, City 16"
ORD004405,CUST00892,2024-08-29,9,Shipped,"Address 192, City 20"
ORD004406,CUST00655,2023-02-11,1,Delivered,"Address 328, City 10"
ORD004407,CUST00758,2023-12-26,2,Cancelled,"Address 374, City 10"
ORD004408,CUST00331,2023-02-03,10,Shipped,"Address 948, City 6"
ORD004409,CUST00419,2023-10-25,3,Pending,"Address 106, City 5"
ORD004410,CUST00625,2023-07-12,4,Completed,"Address 782, City 14"
ORD004411,CUST00243,2023-12-11,4,Shipped,"Address 378, City 20"
ORD004412,CUST00322,2024-04-28,10,Completed,"Address 831, City 6"
ORD004413,CUST00191,2024-05-30,2,Completed,"Address 574, City 16"
ORD004414,CUST00334,2024-10-06,8,Returned,"Address 719, City 16"
ORD004415,CUST00477,2023-07-14,7,Returned,"Address 467, City 8"
ORD004416,CUST00657,2024-08-17,9,Cancelled,"Address 422, City 1"
ORD004417,CUST00512,2024-08-05,10,Returned,"Address 953, City 11"
ORD004418,CUST00810,2023-01-12,1,Delivered,"Address 373, City 2"
ORD004419,CUST00722,2024-03-30,3,Shipped,"Address 917, City 1"
ORD004420,CUST00018,2023-03-25,8,Pending,"Address 973, City 5"
ORD004421,CUST00365,2024-02-19,3,Shipped,"Address 396, City 8"
ORD004422,CUST00341,2023-01-17,10,Completed,"Address 436, City 16"
ORD004423,CUST00070,2023-05-04,8,Shipped,"Address 861, City 15"
ORD004424,CUST00285,2023-06-18,6,Pending,"Address 806, City 18"
ORD004425,CUST00687,2024-04-16,1,Pending,"Address 8, City 16"
ORD004426,CUST00729,2023-12-04,6,Pending,"Address 3, City 12"
ORD004427,CUST00760,2023-07-20,7,Pending,"Address 448, City 17"
ORD004428,CUST00892,2023-08-11,10,Completed,"Address 759, City 1"
ORD004429,CUST00085,2023-12-24,4,Cancelled,"Address 460, City 6"
ORD004430,CUST00799,2023-03-08,3,Delivered,"Address 249, City 18"
ORD004431,CUST00801,2024-04-05,1,Shipped,"Address 968, City 17"
ORD004432,CUST00230,2023-12-08,8,Returned,"Address 115, City 10"
ORD004433,CUST00175,2024-08-10,5,Cancelled,"Address 248, City 1"
ORD004434,CUST00706,2024-03-12,4,Returned,"Address 221, City 2"
ORD004435,CUST00573,2024-02-22,5,Returned,"Address 882, City 14"
ORD004436,CUST00952,2024-06-12,2,Shipped,"Address 405, City 14"
ORD004437,CUST00683,2023-12-11,7,Cancelled,"Address 381, City 12"
ORD004438,CUST00365,2024-07-31,8,Pending,"Address 810, City 11"
ORD004439,CUST00103,2023-10-25,1,Pending,"Address 686, City 15"
ORD004440,CUST00922,2024-05-07,3,Completed,"Address 184, City 11"
ORD004441,CUST00667,2024-06-29,10,Returned,"Address 644, City 18"
ORD004442,CUST00826,2023-11-24,6,Shipped,"Address 497, City 17"
ORD004443,CUST00775,2023-10-26,6,Pending,"Address 540, City 1"
ORD004444,CUST00296,2023-06-06,2,,"Address 379, City 2"
ORD004445,CUST00753,2024-04-23,5,Completed,"Address 15, City 17"
ORD004446,CUST00122,2024-11-18,7,Completed,"Address 651, City 12"
ORD004447,CUST00392,2024-10-06,7,Pending,"Address 722, City 9"
ORD004448,CUST00680,2024-03-27,6,Completed,"Address 320, City 11"
ORD004449,CUST00309,2024-07-19,1,Returned,"Address 134, City 16"
ORD004450,CUST00416,2023-01-24,10,Completed,"Address 394, City 10"
ORD004451,CUST00809,2024-09-13,5,Delivered,"Address 357, City 17"
ORD004452,CUST00943,2023-02-11,4,Cancelled,"Address 223, City 13"
ORD004453,CUST00499,2023-10-27,3,Delivered,"Address 790, City 17"
ORD004454,CUST00497,2023-04-10,1,Shipped,"Address 67, City 10"
ORD004455,CUST00684,2024-10-20,3,Pending,"Address 803, City 20"
ORD004456,CUST00850,2024-10-07,7,Shipped,"Address 37, City 2"
ORD004457,CUST00267,2023-02-05,6,Pending,"Address 280, City 18"
ORD004458,CUST00819,2024-07-10,7,Shipped,"Address 107, City 10"
ORD004459,CUST00704,2023-01-11,10,Pending,"Address 579, City 19"
ORD004460,CUST00968,2024-05-29,8,Cancelled,"Address 976, City 19"
ORD004461,CUST00992,2024-05-28,2,Cancelled,"Address 933, City 18"
ORD004462,CUST00229,2023-04-16,1,Pending,"Address 389, City 20"
ORD004463,CUST00696,2023-04-22,3,Delivered,"Address 391, City 9"
ORD004464,CUST00268,2023-11-30,7,Shipped,"Address 238, City 4"
ORD004465,CUST00887,2023-06-08,6,Completed,"Address 413, City 19"
ORD004466,CUST00464,2024-05-27,7,Shipped,"Address 967, City 19"
ORD004467,CUST00951,2023-12-30,8,Pending,"Address 317, City 16"
ORD004468,CUST00373,2023-10-14,1,Pending,"Address 518, City 20"
ORD004469,CUST00123,2024-04-07,8,Pending,"Address 777, City 11"
ORD004470,CUST00097,2024-05-22,7,Delivered,"Address 961, City 3"
ORD004471,CUST00855,2023-09-29,5,Cancelled,"Address 869, City 9"
ORD004472,CUST00785,2023-09-26,2,Cancelled,"Address 992, City 12"
ORD004473,CUST00676,2024-11-29,9,Shipped,"Address 811, City 14"
ORD004474,CUST00293,2024-09-02,6,Pending,"Address 588, City 4"
ORD004475,CUST00955,2023-08-13,8,Delivered,"Address 497, City 14"
ORD004476,CUST00022,2023-05-19,10,Returned,"Address 455, City 8"
ORD004477,CUST00402,2024-08-31,6,Delivered,"Address 837, City 16"
ORD004478,CUST00427,2024-11-17,1,Cancelled,"Address 693, City 4"
ORD004479,CUST00448,2024-11-14,5,Delivered,"Address 175, City 14"
ORD004480,CUST00195,2023-05-07,6,Shipped,"Address 350, City 13"
ORD004481,CUST00571,2023-03-30,4,Cancelled,"Address 852, City 3"
ORD004482,CUST00547,2023-08-01,5,Pending,"Address 75, City 1"
ORD004483,CUST00684,2024-08-12,6,Shipped,"Address 644, City 12"
ORD004484,CUST00888,2023-05-25,8,Delivered,"Address 555, City 17"
ORD004485,CUST00064,2024-10-15,9,Pending,"Address 945, City 6"
ORD004486,CUST00450,2023-01-14,3,Shipped,"Address 211, City 10"
ORD004487,CUST00709,2023-02-03,3,Shipped,"Address 959, City 4"
ORD004488,CUST00156,2023-09-12,7,Cancelled,"Address 159, City 14"
ORD004489,CUST00460,2023-05-09,8,Cancelled,"Address 445, City 20"
ORD004490,CUST00934,2023-12-10,9,Completed,"Address 865, City 10"
ORD004491,CUST00551,2024-01-30,8,Cancelled,"Address 598, City 5"
ORD004492,CUST00297,2024-08-11,5,Shipped,"Address 207, City 14"
ORD004493,CUST00355,2024-05-15,8,Pending,"Address 413, City 14"
ORD004494,CUST00267,2024-05-31,10,Completed,"Address 339, City 8"
ORD004495,CUST00665,2024-02-19,7,Pending,"Address 782, City 6"
ORD004496,CUST00196,2023-02-02,2,Pending,"Address 212, City 4"
ORD004497,CUST00461,2024-05-10,10,,"Address 43, City 7"
ORD004498,CUST00697,2024-07-21,9,Shipped,"Address 327, City 4"
ORD004499,CUST00017,2024-06-08,2,Delivered,"Address 12, City 6"
ORD004500,CUST00434,2023-09-13,3,Completed,"Address 228, City 17"
ORD004501,CUST00857,2024-06-25,10,Delivered,"Address 74, City 4"
ORD004502,CUST00283,2023-12-29,4,Returned,"Address 369, City 16"
ORD004503,CUST00267,2023-09-09,2,Returned,"Address 23, City 13"
ORD004504,CUST00013,2024-03-12,9,Shipped,"Address 390, City 12"
ORD004505,CUST00297,2023-03-03,7,Shipped,"Address 669, City 6"
ORD004506,CUST00319,2023-05-27,8,Returned,"Address 956, City 11"
ORD004507,CUST00654,2023-04-18,9,Shipped,"Address 916, City 14"
ORD004508,CUST00102,2024-10-18,4,Cancelled,"Address 62, City 17"
ORD004509,CUST00034,2023-10-24,2,Cancelled,"Address 912, City 19"
ORD004510,CUST00946,2024-05-23,1,Pending,"Address 537, City 3"
ORD004511,CUST00578,2023-02-08,10,Delivered,"Address 979, City 14"
ORD004512,CUST00406,2024-06-27,7,Completed,"Address 220, City 14"
ORD004513,CUST00096,2024-07-19,7,Pending,"Address 117, City 10"
ORD004514,CUST00454,2023-02-12,4,Shipped,"Address 703, City 15"
ORD004515,CUST00946,2023-03-26,5,Returned,"Address 634, City 1"
ORD004516,CUST00916,2024-09-09,3,Completed,"Address 810, City 13"
ORD004517,CUST00408,2023-07-01,1,Pending,"Address 668, City 10"
ORD004518,CUST00293,2024-05-19,9,Pending,"Address 536, City 18"
ORD004519,CUST00631,2024-06-26,3,Shipped,"Address 546, City 4"
ORD004520,CUST00962,2023-12-05,3,Shipped,"Address 589, City 15"
ORD004521,CUST00696,2024-11-17,3,Delivered,"Address 115, City 10"
ORD004522,CUST00687,2024-08-29,4,Delivered,"Address 905, City 12"
ORD004523,CUST00241,2023-10-26,2,Cancelled,"Address 370, City 20"
ORD004524,CUST00466,2023-10-02,9,Cancelled,"Address 852, City 19"
ORD004525,CUST00755,2023-06-27,5,Shipped,"Address 614, City 17"
ORD004526,CUST00490,2023-09-05,6,Pending,"Address 664, City 1"
ORD004527,CUST00852,2023-10-14,6,Returned,"Address 40, City 1"
ORD004528,CUST00766,2024-05-26,8,Returned,"Address 750, City 7"
ORD004529,CUST00455,2023-04-29,3,Completed,"Address 785, City 12"
ORD004530,CUST00724,2024-08-24,9,,"Address 243, City 4"
ORD004531,CUST00690,2024-01-19,7,Delivered,"Address 50, City 3"
ORD004532,CUST00416,2023-11-16,1,Returned,"Address 944, City 7"
ORD004533,CUST00191,2023-12-01,1,Cancelled,"Address 179, City 13"
ORD004534,CUST00704,2023-02-25,10,Cancelled,"Address 134, City 13"
ORD004535,CUST00858,2024-02-13,4,Cancelled,"Address 54, City 18"
ORD004536,CUST00195,2023-06-09,2,,"Address 708, City 15"
ORD004537,CUST00617,2023-05-04,10,Cancelled,"Address 257, City 2"
ORD004538,CUST00781,2023-12-09,2,Pending,"Address 30, City 18"
ORD004539,CUST00613,2023-03-17,1,,"Address 834, City 11"
ORD004540,CUST00790,2024-02-27,8,Shipped,"Address 162, City 14"
ORD004541,CUST00374,2023-08-20,10,Cancelled,"Address 245, City 12"
ORD004542,CUST00271,2023-07-06,2,Completed,"Address 191, City 17"
ORD004543,CUST00491,2024-01-21,2,Cancelled,"Address 434, City 1"
ORD004544,CUST00302,2023-06-22,10,Shipped,"Address 457, City 15"
ORD004545,CUST00295,2024-03-30,2,Returned,"Address 483, City 3"
ORD004546,CUST00346,2024-05-25,4,Pending,"Address 699, City 20"
ORD004547,CUST00868,2024-09-24,8,Pending,"Address 168, City 13"
ORD004548,CUST00324,2023-05-05,9,Returned,"Address 932, City 17"
ORD004549,CUST00827,2024-09-01,2,Pending,"Address 256, City 4"
ORD004550,CUST00995,2024-05-03,2,Completed,"Address 265, City 6"
ORD004551,CUST00119,2023-09-27,3,Returned,"Address 374, City 10"
ORD004552,CUST00451,2024-03-02,4,Pending,"Address 455, City 3"
ORD004553,CUST00918,2024-04-26,5,Completed,"Address 412, City 20"
ORD004554,CUST00318,2023-11-25,6,Returned,"Address 759, City 1"
ORD004555,CUST00261,2023-07-16,1,Pending,"Address 93, City 16"
ORD004556,CUST00905,2024-02-17,2,Cancelled,"Address 666, City 2"
ORD004557,CUST00107,2023-04-27,3,Returned,"Address 93, City 17"
ORD004558,CUST00849,2024-10-08,2,Completed,"Address 988, City 11"
ORD004559,CUST00602,2024-04-26,7,Cancelled,"Address 32, City 3"
ORD004560,CUST00066,2024-08-06,6,Shipped,"Address 741, City 2"
ORD004561,CUST00567,2024-03-24,3,Completed,"Address 891, City 9"
ORD004562,CUST00278,2023-07-30,3,Pending,"Address 863, City 3"
ORD004563,CUST00260,2023-05-06,8,Delivered,"Address 966, City 14"
ORD004564,CUST00282,2023-05-28,9,Shipped,"Address 64, City 14"
ORD004565,CUST00130,2023-10-28,2,Cancelled,"Address 268, City 13"
ORD004566,CUST00230,2023-02-26,9,Returned,"Address 101, City 11"
ORD004567,CUST00153,2024-09-20,4,Pending,"Address 327, City 5"
ORD004568,CUST00866,2023-03-08,8,Delivered,"Address 780, City 8"
ORD004569,CUST00970,2023-04-11,7,Delivered,"Address 323, City 1"
ORD004570,CUST00035,2024-03-16,6,Delivered,"Address 708, City 7"
ORD004571,CUST00951,2024-05-02,2,Pending,"Address 657, City 14"
ORD004572,CUST00648,2023-09-05,2,Completed,"Address 557, City 20"
ORD004573,CUST00047,2024-12-01,8,Returned,"Address 768, City 11"
ORD004574,CUST00766,2024-04-08,7,Returned,"Address 540, City 8"
ORD004575,CUST00281,2023-01-15,2,Delivered,"Address 991, City 9"
ORD004576,CUST00291,2024-10-16,8,Cancelled,"Address 274, City 8"
ORD004577,CUST00671,2024-01-16,10,Cancelled,"Address 490, City 2"
ORD004578,CUST00681,2023-04-07,7,Delivered,"Address 974, City 12"
ORD004579,CUST00079,2023-09-05,8,Delivered,"Address 5, City 19"
ORD004580,CUST00486,2023-08-08,1,Pending,"Address 336, City 20"
ORD004581,CUST00571,2024-02-12,10,Delivered,"Address 756, City 20"
ORD004582,CUST00174,2024-01-03,10,Pending,"Address 961, City 12"
ORD004583,CUST00614,2023-02-03,6,Returned,"Address 70, City 17"
ORD004584,CUST00458,2023-10-01,3,Returned,"Address 970, City 7"
ORD004585,CUST00621,2024-09-12,3,Cancelled,"Address 98, City 3"
ORD004586,CUST00355,2024-09-03,5,Pending,"Address 945, City 13"
ORD004587,CUST00758,2023-07-01,8,Returned,"Address 546, City 2"
ORD004588,CUST00515,2024-02-08,4,Completed,"Address 684, City 4"
ORD004589,CUST00960,2024-04-16,10,Shipped,"Address 153, City 6"
ORD004590,CUST00248,2023-08-03,2,Cancelled,"Address 141, City 12"
ORD004591,CUST00845,2023-01-03,4,Delivered,"Address 914, City 14"
ORD004592,CUST00435,2023-05-07,3,Pending,"Address 989, City 9"
ORD004593,CUST00195,2023-04-05,5,Cancelled,"Address 507, City 7"
ORD004594,CUST00207,2023-05-28,6,Shipped,"Address 884, City 9"
ORD004595,CUST00930,2023-07-04,2,Delivered,"Address 13, City 20"
ORD004596,CUST00190,2023-09-16,1,Shipped,"Address 268, City 4"
ORD004597,CUST00666,2024-01-14,9,Returned,"Address 295, City 5"
ORD004598,CUST00052,2023-12-17,6,Shipped,"Address 868, City 11"
ORD004599,CUST00976,2023-08-20,1,Returned,"Address 706, City 18"
ORD004600,CUST00507,2024-05-18,10,Pending,"Address 405, City 10"
ORD004601,CUST00803,2024-11-18,3,Cancelled,"Address 465, City 5"
ORD004602,CUST00534,2023-08-16,2,Pending,"Address 74, City 5"
ORD004603,CUST00153,2024-08-19,2,Completed,"Address 910, City 3"
ORD004604,CUST00672,2023-09-03,4,Completed,"Address 193, City 12"
ORD004605,CUST00046,2024-11-23,3,Cancelled,"Address 286, City 17"
ORD004606,CUST00729,2023-10-23,2,Shipped,"Address 130, City 6"
ORD004607,CUST00877,2023-08-22,3,Returned,"Address 256, City 17"
ORD004608,CUST00908,2023-11-26,8,Pending,"Address 213, City 19"
ORD004609,CUST00255,2023-04-18,8,,"Address 362, City 18"
ORD004610,CUST00982,2024-03-26,9,Returned,"Address 231, City 4"
ORD004611,CUST00836,2024-03-10,9,Cancelled,"Address 529, City 1"
ORD004612,CUST00830,2024-09-24,10,Completed,"Address 640, City 8"
ORD004613,CUST00948,2023-03-18,8,Delivered,"Address 613, City 18"
ORD004614,CUST00806,2024-07-26,4,Shipped,"Address 285, City 15"
ORD004615,CUST00557,2023-08-25,2,Shipped,"Address 688, City 9"
ORD004616,CUST00273,2024-08-11,7,Delivered,"Address 32, City 15"
ORD004617,CUST00904,2024-05-14,1,,"Address 941, City 12"
ORD004618,CUST00666,2023-11-26,9,Shipped,"Address 566, City 4"
ORD004619,CUST00128,2024-11-14,9,Returned,"Address 579, City 8"
ORD004620,CUST00330,2024-06-13,1,Shipped,"Address 548, City 9"
ORD004621,CUST00493,2024-05-18,10,Shipped,"Address 528, City 16"
ORD004622,CUST00225,2023-12-29,8,Delivered,"Address 302, City 4"
ORD004623,CUST00906,2023-11-25,4,Completed,"Address 17, City 13"
ORD004624,CUST00427,2024-02-25,8,Pending,"Address 219, City 8"
ORD004625,CUST00103,2023-04-03,10,Completed,"Address 714, City 3"
ORD004626,CUST00987,2023-04-17,10,Pending,"Address 610, City 8"
ORD004627,CUST00211,2024-05-16,2,Delivered,"Address 236, City 16"
ORD004628,CUST00638,2024-05-19,2,Completed,"Address 221, City 16"
ORD004629,CUST00647,2024-08-08,4,Completed,"Address 595, City 5"
ORD004630,CUST00918,2023-02-22,1,Delivered,"Address 47, City 16"
ORD004631,CUST00826,2023-05-28,2,Delivered,"Address 710, City 10"
ORD004632,CUST00306,2023-05-11,7,Cancelled,"Address 369, City 11"
ORD004633,CUST00787,2023-03-04,7,Shipped,"Address 621, City 1"
ORD004634,CUST00734,2023-12-10,4,Cancelled,"Address 123, City 5"
ORD004635,CUST00834,2023-01-25,8,Pending,"Address 637, City 12"
ORD004636,CUST00562,2024-05-03,10,Shipped,"Address 999, City 11"
ORD004637,CUST00943,2023-01-12,9,Returned,"Address 809, City 14"
ORD004638,CUST00881,2024-07-06,5,Cancelled,"Address 721, City 15"
ORD004639,CUST00799,2024-07-05,2,Cancelled,"Address 190, City 2"
ORD004640,CUST00267,2023-11-19,1,Pending,"Address 87, City 12"
ORD004641,CUST00334,2025-11-12,7,Delivered,"Address 806, City 6"
ORD004642,CUST00120,2023-02-19,7,Delivered,"Address 612, City 8"
ORD004643,CUST00947,2023-02-06,1,Delivered,"Address 81, City 10"
ORD004644,CUST00358,2023-02-04,9,Pending,"Address 585, City 3"
ORD004645,CUST00803,2023-09-18,5,Delivered,"Address 264, City 1"
ORD004646,CUST00014,2023-02-20,1,Completed,"Address 731, City 14"
ORD004647,CUST00870,2023-09-18,6,Cancelled,"Address 811, City 7"
ORD004648,CUST00750,2023-10-30,9,Delivered,"Address 417, City 1"
ORD004649,CUST00917,2023-10-16,9,Shipped,"Address 406, City 14"
ORD004650,CUST00324,2023-05-18,8,Completed,"Address 544, City 2"
ORD004651,CUST00617,2024-04-26,6,Completed,"Address 115, City 6"
ORD004652,CUST00914,2024-11-14,2,Cancelled,"Address 698, City 12"
ORD004653,CUST00571,2023-03-03,2,Delivered,"Address 316, City 8"
ORD004654,CUST00347,2023-04-22,1,Completed,"Address 263, City 3"
ORD004655,CUST00444,2024-10-09,5,Cancelled,"Address 994, City 13"
ORD004656,CUST00839,2023-07-13,2,Pending,"Address 235, City 6"
ORD004657,CUST00125,2023-09-11,10,Cancelled,"Address 371, City 10"
ORD004658,CUST00103,2024-01-20,7,Delivered,"Address 608, City 14"
ORD004659,CUST00375,2023-10-17,9,Shipped,"Address 316, City 3"
ORD004660,CUST00556,2024-11-11,4,Completed,"Address 877, City 8"
ORD004661,CUST00648,2024-03-30,3,Pending,"Address 286, City 16"
ORD004662,CUST00837,2024-09-01,3,Cancelled,"Address 333, City 19"
ORD004663,CUST00735,2023-04-05,5,Delivered,"Address 932, City 19"
ORD004664,CUST00021,2023-11-10,1,Delivered,"Address 872, City 18"
ORD004665,CUST00919,2023-09-19,7,Returned,"Address 767, City 10"
ORD004666,CUST00760,2024-07-27,9,Completed,"Address 489, City 8"
ORD004667,CUST00407,2024-05-04,8,Delivered,"Address 482, City 7"
ORD004668,CUST00544,2024-04-08,1,Delivered,"Address 360, City 4"
ORD004669,CUST00103,2024-07-30,9,Cancelled,"Address 552, City 19"
ORD004670,CUST00314,2024-04-02,8,Cancelled,"Address 711, City 13"
ORD004671,CUST00709,2023-02-28,10,Completed,"Address 916, City 12"
ORD004672,CUST00390,2023-06-17,5,Returned,"Address 626, City 7"
ORD004673,CUST00460,2023-04-26,7,Cancelled,"Address 868, City 1"
ORD004674,CUST00813,2024-06-27,6,Cancelled,"Address 120, City 1"
ORD004675,CUST00384,2024-10-05,7,Shipped,"Address 752, City 19"
ORD004676,CUST00688,2024-10-29,7,Pending,"Address 285, City 15"
ORD004677,CUST00990,2024-05-03,8,Completed,"Address 364, City 15"
ORD004678,CUST00968,2024-04-24,1,Delivered,"Address 768, City 1"
ORD004679,CUST00369,2023-03-29,6,Delivered,"Address 37, City 20"
ORD004680,CUST00900,2024-09-29,9,Delivered,"Address 399, City 7"
ORD004681,CUST00265,2024-05-17,5,Returned,"Address 345, City 11"
ORD004682,CUST00671,2024-11-16,8,Pending,"Address 248, City 11"
ORD004683,CUST00995,2023-10-06,3,,"Address 342, City 1"
ORD004684,CUST00921,2024-08-01,6,Completed,"Address 165, City 16"
ORD004685,CUST00134,2024-04-26,9,Pending,"Address 487, City 13"
ORD004686,CUST00335,2024-08-08,9,Cancelled,"Address 735, City 18"
ORD004687,CUST00280,2024-08-18,3,Pending,"Address 837, City 13"
ORD004688,CUST00241,2023-01-24,7,Returned,"Address 807, City 6"
ORD004689,CUST00446,2024-04-20,5,Shipped,"Address 789, City 20"
ORD004690,CUST00202,2023-10-20,6,Cancelled,"Address 408, City 4"
ORD004691,CUST00364,2024-03-18,4,Cancelled,"Address 263, City 5"
ORD004692,CUST00503,2023-10-12,2,Delivered,"Address 67, City 19"
ORD004693,CUST00399,2023-04-25,4,Cancelled,"Address 23, City 16"
ORD004694,CUST00352,2023-06-27,10,Completed,"Address 621, City 3"
ORD004695,CUST00438,2023-12-24,10,Completed,"Address 522, City 5"
ORD004696,CUST00055,2023-08-02,8,Completed,"Address 202, City 7"
ORD004697,CUST00845,2023-11-12,10,,"Address 790, City 16"
ORD004698,CUST00238,2023-11-03,3,Cancelled,"Address 734, City 6"
ORD004699,CUST00639,2023-10-13,5,Completed,"Address 389, City 19"
ORD004700,CUST00361,2024-10-16,10,Completed,"Address 179, City 19"
ORD004701,CUST00431,2023-11-04,5,Completed,"Address 556, City 5"
ORD004702,CUST00474,2024-07-20,10,Delivered,"Address 366, City 19"
ORD004703,CUST00099,2023-12-24,2,Completed,"Address 847, City 8"
ORD004704,CUST00834,2024-07-30,1,Returned,"Address 443, City 14"
ORD004705,CUST00594,2024-10-23,5,Returned,"Address 298, City 7"
ORD004706,CUST00692,2024-07-25,4,Delivered,"Address 693, City 10"
ORD004707,CUST00543,2023-06-12,9,Shipped,"Address 491, City 8"
ORD004708,CUST00643,2023-11-10,9,Delivered,"Address 250, City 1"
ORD004709,CUST00896,2023-07-03,8,Shipped,"Address 82, City 15"
ORD004710,CUST00210,2024-08-12,2,Delivered,"Address 862, City 11"
ORD004711,CUST00203,2023-12-27,3,Returned,"Address 285, City 10"
ORD004712,CUST00793,2024-11-22,9,Cancelled,"Address 978, City 18"
ORD004713,CUST00781,2024-04-17,8,Shipped,"Address 901, City 17"
ORD004714,CUST00853,2024-08-06,5,Completed,"Address 876, City 17"
ORD004715,CUST00454,2024-03-22,3,Cancelled,"Address 808, City 18"
ORD004716,CUST00942,2024-01-28,10,Delivered,"Address 389, City 6"
ORD004717,CUST00387,2024-09-03,10,Cancelled,"Address 855, City 10"
ORD004718,CUST00762,2023-04-13,6,Completed,"Address 52, City 5"
ORD004719,CUST00293,2023-01-19,1,Pending,"Address 472, City 4"
ORD004720,CUST00071,2024-08-03,3,Delivered,"Address 705, City 8"
ORD004721,CUST00058,2024-04-12,3,Cancelled,"Address 103, City 10"
ORD004722,CUST00406,2024-09-27,4,Delivered,"Address 597, City 7"
ORD004723,CUST00215,2024-01-14,2,Completed,"Address 737, City 11"
ORD004724,CUST00310,2024-06-07,6,Shipped,"Address 94, City 8"
ORD004725,CUST00059,2024-05-03,1,Pending,"Address 681, City 15"
ORD004726,CUST00581,2023-10-09,4,Cancelled,"Address 975, City 1"
ORD004727,CUST00239,2024-05-26,1,Completed,"Address 718, City 15"
ORD004728,CUST00465,2023-08-07,4,Returned,"Address 649, City 2"
ORD004729,CUST00862,2023-03-27,1,Delivered,"Address 424, City 6"
ORD004730,CUST00847,2023-03-20,9,Shipped,"Address 164, City 9"
ORD004731,CUST00001,2023-01-16,7,Returned,"Address 277, City 19"
ORD004732,CUST00949,2024-03-12,7,Pending,"Address 88, City 9"
ORD004733,CUST00350,2023-09-13,9,Delivered,"Address 86, City 3"
ORD004734,CUST00729,2024-07-24,1,Completed,"Address 348, City 2"
ORD004735,CUST00916,2023-03-26,6,Completed,"Address 586, City 11"
ORD004736,CUST00991,2024-09-17,7,Shipped,"Address 615, City 7"
ORD004737,CUST00816,2023-10-08,8,Returned,"Address 51, City 11"
ORD004738,CUST00935,2023-09-20,9,Delivered,"Address 325, City 16"
ORD004739,CUST00009,2023-12-25,5,Delivered,"Address 268, City 2"
ORD004740,CUST00605,2024-02-01,5,Pending,"Address 776, City 4"
ORD004741,CUST00346,2024-05-18,5,Pending,"Address 511, City 16"
ORD004742,CUST00813,2023-04-22,2,Returned,"Address 100, City 13"
ORD004743,CUST00378,2023-02-26,9,Completed,"Address 688, City 11"
ORD004744,CUST00933,2023-12-29,8,Shipped,"Address 756, City 18"
ORD004745,CUST00871,2024-01-26,6,Delivered,"Address 297, City 3"
ORD004746,CUST00928,2023-11-03,5,Returned,"Address 267, City 5"
ORD004747,CUST00506,2024-02-19,1,Completed,"Address 869, City 2"
ORD004748,CUST00337,2023-03-08,2,Pending,"Address 426, City 6"
ORD004749,CUST00523,2024-02-25,5,Cancelled,"Address 147, City 9"
ORD004750,CUST00421,2023-03-06,10,Completed,"Address 896, City 1"
ORD004751,CUST01000,2024-03-31,7,Completed,"Address 11, City 2"
ORD004752,CUST00548,2024-03-15,2,Shipped,"Address 591, City 16"
ORD004753,CUST00688,2023-06-07,4,Pending,"Address 401, City 14"
ORD004754,CUST00700,2023-04-18,1,Completed,"Address 803, City 3"
ORD004755,CUST00039,2023-11-27,1,Cancelled,"Address 705, City 15"
ORD004756,CUST00776,2023-12-23,2,Returned,"Address 6, City 15"
ORD004757,CUST00567,2024-04-29,5,Delivered,"Address 372, City 15"
ORD004758,CUST00106,2024-03-23,9,Cancelled,"Address 47, City 14"
ORD004759,CUST00500,2024-03-14,3,Returned,"Address 818, City 6"
ORD004760,CUST00778,2024-07-20,4,Completed,"Address 11, City 19"
ORD004761,CUST00114,2023-06-04,6,Shipped,"Address 638, City 16"
ORD004762,CUST00228,2024-07-01,4,Cancelled,"Address 288, City 2"
ORD004763,CUST00695,2024-06-20,10,Pending,"Address 354, City 19"
ORD004764,CUST00828,2024-08-21,5,Pending,"Address 900, City 13"
ORD004765,CUST00753,2024-08-28,9,Returned,"Address 181, City 6"
ORD004766,CUST00774,2023-12-17,7,Completed,"Address 425, City 4"
ORD004767,CUST00881,2023-01-15,9,Shipped,"Address 844, City 2"
ORD004768,CUST00871,2023-03-13,7,Shipped,"Address 753, City 13"
ORD004769,CUST00469,2023-09-04,1,Delivered,"Address 634, City 12"
ORD004770,CUST00109,2024-09-29,6,Cancelled,"Address 772, City 3"
ORD004771,CUST00723,2024-03-22,7,Returned,"Address 825, City 12"
ORD004772,CUST00881,2024-07-08,7,Pending,"Address 877, City 2"
ORD004773,CUST00800,2023-05-16,6,Cancelled,"Address 193, City 5"
ORD004774,CUST00634,2023-03-04,3,Delivered,"Address 825, City 18"
ORD004775,CUST00397,2023-01-21,10,Returned,"Address 820, City 15"
ORD004776,CUST00843,2023-07-29,9,Completed,"Address 549, City 7"
ORD004777,CUST00911,2024-10-13,5,Completed,"Address 656, City 1"
ORD004778,CUST00399,2024-03-23,6,Returned,"Address 984, City 8"
ORD004779,CUST00237,2024-07-31,1,Delivered,"Address 231, City 11"
ORD004780,CUST00732,2024-10-27,7,,"Address 714, City 16"
ORD004781,CUST00394,2023-02-09,5,Pending,"Address 382, City 20"
ORD004782,CUST00292,2023-01-06,5,Returned,"Address 651, City 11"
ORD004783,CUST00842,2024-07-21,4,Cancelled,"Address 501, City 17"
ORD004784,CUST00025,2024-08-13,3,Cancelled,"Address 117, City 7"
ORD004785,CUST00703,2023-01-05,1,Pending,"Address 919, City 4"
ORD004786,CUST00559,2024-09-30,6,Delivered,"Address 215, City 18"
ORD004787,CUST00794,2024-06-04,1,Shipped,"Address 25, City 13"
ORD004788,CUST00523,2023-06-13,3,Completed,"Address 353, City 11"
ORD004789,CUST00189,2023-08-18,1,Shipped,"Address 370, City 3"
ORD004790,CUST00863,2023-11-24,6,Completed,"Address 161, City 9"
ORD004791,CUST00083,2024-04-24,2,Returned,"Address 689, City 12"
ORD004792,CUST00737,2023-01-14,6,Returned,"Address 124, City 17"
ORD004793,CUST00274,2024-10-12,2,Delivered,"Address 842, City 10"
ORD004794,CUST00131,2023-04-15,1,Completed,"Address 648, City 2"
ORD004795,CUST00753,2023-10-09,6,Cancelled,"Address 937, City 7"
ORD004796,CUST00822,2023-08-10,3,Pending,"Address 804, City 13"
ORD004797,CUST00586,2024-07-29,10,Shipped,"Address 858, City 20"
ORD004798,CUST00044,2023-07-27,10,Pending,"Address 872, City 7"
ORD004799,CUST00050,2024-09-09,7,Delivered,"Address 422, City 2"
ORD004800,CUST00083,2024-03-25,3,Completed,"Address 211, City 20"
ORD004801,CUST00631,2023-11-01,2,Delivered,"Address 834, City 3"
ORD004802,CUST00228,2024-08-04,7,Delivered,"Address 442, City 10"
ORD004803,CUST00992,2023-08-01,7,Pending,"Address 674, City 10"
ORD004804,CUST00710,2023-11-19,10,Delivered,"Address 431, City 18"
ORD004805,CUST00377,2023-05-01,1,Returned,"Address 112, City 10"
ORD004806,CUST00719,2024-01-26,4,Completed,"Address 633, City 18"
ORD004807,CUST00491,2024-08-15,7,Shipped,"Address 778, City 2"
ORD004808,CUST00204,2023-05-12,1,Shipped,"Address 228, City 17"
ORD004809,CUST00647,2024-06-21,4,Returned,"Address 787, City 5"
ORD004810,CUST00028,2023-11-29,10,Pending,"Address 17, City 9"
ORD004811,CUST00025,2023-01-06,5,Returned,"Address 952, City 13"
ORD004812,CUST00528,2024-03-15,5,Cancelled,"Address 399, City 2"
ORD004813,CUST00476,2023-06-14,6,Returned,"Address 976, City 14"
ORD004814,CUST00424,2023-07-27,9,Shipped,"Address 498, City 7"
ORD004815,CUST00060,2024-06-26,9,Shipped,"Address 905, City 2"
ORD004816,CUST00472,2024-07-31,1,Returned,"Address 302, City 15"
ORD004817,CUST00052,2024-05-26,8,Returned,"Address 406, City 5"
ORD004818,CUST00004,2023-04-17,10,Pending,"Address 672, City 14"
ORD004819,CUST00414,2023-07-12,8,Pending,"Address 665, City 3"
ORD004820,CUST00558,2024-03-09,10,Completed,"Address 906, City 13"
ORD004821,CUST00698,2024-05-31,9,Shipped,"Address 49, City 10"
ORD004822,CUST00379,2023-06-17,3,Delivered,"Address 516, City 1"
ORD004823,CUST00560,2024-03-08,2,Returned,"Address 647, City 10"
ORD004824,CUST00682,2023-04-14,10,Cancelled,"Address 454, City 1"
ORD004825,CUST00127,2023-08-11,1,Returned,"Address 573, City 1"
ORD004826,CUST00560,2024-09-24,6,Delivered,"Address 544, City 15"
ORD004827,CUST00588,2024-07-18,1,Delivered,"Address 547, City 8"
ORD004828,CUST00262,2023-07-17,7,Delivered,"Address 940, City 15"
ORD004829,CUST00139,2024-10-11,7,Completed,"Address 687, City 17"
ORD004830,CUST00433,2023-01-31,7,Cancelled,"Address 328, City 20"
ORD004831,CUST00488,2024-08-14,5,Completed,"Address 743, City 18"
ORD004832,CUST00863,2023-01-09,4,Shipped,"Address 658, City 11"
ORD004833,CUST00450,2023-09-04,2,Pending,"Address 539, City 17"
ORD004834,CUST00024,2024-05-23,5,Completed,"Address 978, City 11"
ORD004835,CUST00554,2024-05-13,2,Pending,"Address 732, City 3"
ORD004836,CUST00839,2023-10-18,3,Completed,"Address 685, City 11"
ORD004837,CUST00141,2024-02-02,5,Returned,"Address 740, City 9"
ORD004838,CUST00202,2023-09-10,2,Returned,"Address 232, City 2"
ORD004839,CUST00665,2023-12-27,10,Cancelled,"Address 541, City 10"
ORD004840,CUST00944,2023-01-15,8,Pending,"Address 260, City 1"
ORD004841,CUST00341,2023-04-28,8,Cancelled,"Address 143, City 4"
ORD004842,CUST00630,2024-09-06,8,Delivered,"Address 352, City 5"
ORD004843,CUST00925,2023-11-20,6,Delivered,"Address 343, City 18"
ORD004844,CUST00412,2024-03-08,8,Shipped,"Address 57, City 15"
ORD004845,CUST00139,2023-06-15,7,Delivered,"Address 683, City 1"
ORD004846,CUST00322,2023-04-12,5,Returned,"Address 735, City 8"
ORD004847,CUST00417,2024-07-24,9,Shipped,"Address 823, City 7"
ORD004848,CUST00683,2024-07-03,10,Shipped,"Address 663, City 9"
ORD004849,CUST00665,2024-03-09,9,Shipped,"Address 915, City 14"
ORD004850,CUST00062,2023-03-30,4,Delivered,"Address 657, City 18"
ORD004851,CUST00573,2023-02-23,5,Pending,"Address 723, City 10"
ORD004852,CUST00165,2024-08-16,7,Shipped,"Address 5, City 13"
ORD004853,CUST00054,2023-02-02,2,Cancelled,"Address 293, City 13"
ORD004854,CUST00848,2024-10-13,1,Cancelled,"Address 620, City 2"
ORD004855,CUST00929,2024-08-03,2,,"Address 441, City 13"
ORD004856,CUST00855,2023-12-31,10,Delivered,"Address 319, City 8"
ORD004857,CUST00056,2023-02-09,2,Returned,"Address 875, City 13"
ORD004858,CUST00671,2023-05-14,8,Pending,"Address 824, City 1"
ORD004859,CUST00323,2024-10-24,3,Shipped,"Address 691, City 18"
ORD004860,CUST00519,2024-08-07,8,Shipped,"Address 793, City 7"
ORD004861,CUST00112,2023-06-11,7,Delivered,"Address 923, City 13"
ORD004862,CUST00908,2024-08-06,2,Cancelled,"Address 545, City 13"
ORD004863,CUST00886,2023-03-09,2,Completed,"Address 935, City 9"
ORD004864,CUST00655,2023-01-01,3,Completed,"Address 181, City 5"
ORD004865,CUST00431,2024-04-14,5,Returned,"Address 782, City 14"
ORD004866,CUST00144,2023-12-13,7,Delivered,"Address 328, City 7"
ORD004867,CUST00512,2023-10-19,8,Delivered,"Address 422, City 1"
ORD004868,CUST00521,2023-06-10,6,Delivered,"Address 859, City 18"
ORD004869,CUST00739,2024-07-04,8,Returned,"Address 575, City 16"
ORD004870,CUST00578,2023-11-21,3,Pending,"Address 353, City 11"
ORD004871,CUST00986,2023-06-17,9,Shipped,"Address 51, City 4"
ORD004872,CUST00946,2024-02-13,5,Completed,"Address 253, City 5"
ORD004873,CUST00983,2024-09-09,8,Delivered,"Address 794, City 10"
ORD004874,CUST00234,2023-08-21,3,Delivered,"Address 468, City 17"
ORD004875,CUST00972,2024-03-14,8,Pending,"Address 725, City 2"
ORD004876,CUST00878,2023-10-30,8,Shipped,"Address 652, City 13"
ORD004877,CUST00936,2023-10-08,10,Pending,"Address 217, City 10"
ORD004878,CUST00577,2023-04-16,1,Pending,"Address 675, City 3"
ORD004879,CUST00033,2023-01-23,10,Returned,"Address 178, City 20"
ORD004880,CUST00170,2024-06-04,10,Completed,"Address 266, City 5"
ORD004881,CUST00132,2023-05-05,9,Delivered,"Address 984, City 20"
ORD004882,CUST00993,2024-04-26,1,Shipped,"Address 607, City 3"
ORD004883,CUST00351,2023-01-02,6,Returned,"Address 371, City 17"
ORD004884,CUST00235,2023-09-25,5,Delivered,"Address 359, City 4"
ORD004885,CUST00151,2024-10-28,4,Delivered,"Address 734, City 15"
ORD004886,CUST00527,2023-01-28,1,Pending,"Address 963, City 8"
ORD004887,CUST00337,2024-08-28,10,Shipped,"Address 461, City 18"
ORD004888,CUST00939,2024-11-02,5,Returned,"Address 484, City 7"
ORD004889,CUST00160,2023-05-07,9,Pending,"Address 74, City 6"
ORD004890,CUST00316,2024-02-07,3,Pending,"Address 328, City 9"
ORD004891,CUST00787,2023-09-26,8,Returned,"Address 786, City 15"
ORD004892,CUST00995,2024-10-12,8,Completed,"Address 29, City 15"
ORD004893,CUST00637,2023-01-26,6,Pending,"Address 412, City 5"
ORD004894,CUST00685,2024-01-30,4,Cancelled,"Address 262, City 7"
ORD004895,CUST00438,2023-05-14,6,Completed,"Address 508, City 20"
ORD004896,CUST00054,2024-06-21,5,Completed,"Address 637, City 8"
ORD004897,CUST00619,2024-03-27,9,Pending,"Address 718, City 7"
ORD004898,CUST00604,2024-09-27,10,Shipped,"Address 825, City 4"
ORD004899,CUST00308,2024-06-15,6,Completed,"Address 826, City 19"
ORD004900,CUST00690,2024-07-12,4,Delivered,"Address 736, City 19"
ORD004901,CUST00540,2023-06-07,3,Shipped,"Address 19, City 4"
ORD004902,CUST00823,2024-03-05,6,Returned,"Address 322, City 6"
ORD004903,CUST00951,2024-05-08,5,Returned,"Address 506, City 4"
ORD004904,CUST00659,2024-01-05,6,Shipped,"Address 73, City 15"
ORD004905,CUST00964,2024-08-10,4,Pending,"Address 306, City 16"
ORD004906,CUST00919,2023-12-04,7,Returned,"Address 768, City 4"
ORD004907,CUST00389,2024-04-20,6,Shipped,"Address 21, City 1"
ORD004908,CUST00176,2023-02-14,8,Delivered,"Address 790, City 19"
ORD004909,CUST00910,2024-01-01,9,Cancelled,"Address 6, City 12"
ORD004910,CUST00652,2023-05-04,3,Shipped,"Address 668, City 2"
ORD004911,CUST00805,2024-10-27,7,Returned,"Address 339, City 7"
ORD004912,CUST00855,2024-05-22,7,Shipped,"Address 570, City 15"
ORD004913,CUST00590,2024-10-10,3,Cancelled,"Address 863, City 13"
ORD004914,CUST00184,2023-07-11,7,Pending,"Address 325, City 7"
ORD004915,CUST00079,2023-04-01,6,Delivered,"Address 212, City 18"
ORD004916,CUST00138,2024-05-18,1,Cancelled,"Address 751, City 4"
ORD004917,CUST00882,2023-11-14,5,Returned,"Address 802, City 4"
ORD004918,CUST00724,2024-08-30,10,Delivered,"Address 695, City 19"
ORD004919,CUST00394,2024-10-29,3,Pending,"Address 285, City 1"
ORD004920,CUST00971,2024-08-11,3,Cancelled,"Address 77, City 12"
ORD004921,CUST00875,2024-04-06,4,Cancelled,"Address 6, City 15"
ORD004922,CUST00329,2023-03-02,2,Shipped,"Address 662, City 4"
ORD004923,CUST00961,2023-02-01,4,Returned,"Address 134, City 1"
ORD004924,CUST00364,2024-05-03,10,Delivered,"Address 383, City 14"
ORD004925,CUST00975,2024-03-15,2,Cancelled,"Address 703, City 13"
ORD004926,CUST00992,2023-01-10,2,Completed,"Address 241, City 9"
ORD004927,CUST00788,2023-01-02,2,,"Address 670, City 12"
ORD004928,CUST00465,2023-12-17,7,Cancelled,"Address 865, City 13"
ORD004929,CUST00764,2024-01-07,8,Pending,"Address 659, City 16"
ORD004930,CUST00998,2024-05-06,5,Completed,"Address 444, City 17"
ORD004931,CUST00630,2023-11-29,1,Pending,"Address 250, City 2"
ORD004932,CUST00803,2024-09-18,5,Cancelled,"Address 191, City 4"
ORD004933,CUST00720,2023-11-15,8,Cancelled,"Address 858, City 13"
ORD004934,CUST00226,2023-12-09,8,Completed,"Address 795, City 10"
ORD004935,CUST00557,2023-06-18,10,,"Address 541, City 3"
ORD004936,CUST00913,2024-10-12,7,Shipped,"Address 590, City 13"
ORD004937,CUST00361,2023-04-25,1,Completed,"Address 125, City 13"
ORD004938,CUST00056,2024-09-10,4,Cancelled,"Address 591, City 2"
ORD004939,CUST00122,2023-10-03,2,Returned,"Address 698, City 16"
ORD004940,CUST00624,2024-03-29,7,Completed,"Address 292, City 14"
ORD004941,CUST00034,2024-03-29,10,Cancelled,"Address 563, City 15"
ORD004942,CUST00631,2023-10-05,7,Shipped,"Address 884, City 17"
ORD004943,CUST00019,2023-08-13,9,Cancelled,"Address 319, City 16"
ORD004944,CUST00870,2024-04-08,10,Returned,"Address 797, City 7"
ORD004945,CUST00357,2024-04-11,10,Returned,"Address 551, City 14"
ORD004946,CUST00458,2023-07-01,5,Shipped,"Address 240, City 1"
ORD004947,CUST00584,2023-02-06,8,Delivered,"Address 834, City 11"
ORD004948,CUST00364,2024-08-27,1,Shipped,"Address 822, City 7"
ORD004949,CUST00464,2024-01-29,3,Completed,"Address 336, City 13"
ORD004950,CUST00784,2024-04-01,9,Delivered,"Address 164, City 18"
ORD004951,CUST00971,2023-07-06,5,Cancelled,"Address 624, City 4"
ORD004952,CUST00246,2024-10-18,8,Delivered,"Address 286, City 6"
ORD004953,CUST00830,2024-11-10,4,Delivered,"Address 419, City 8"
ORD004954,CUST00552,2024-04-25,2,Completed,"Address 850, City 20"
ORD004955,CUST00374,2023-03-06,2,Completed,"Address 391, City 19"
ORD004956,CUST00027,2023-01-24,5,Returned,"Address 443, City 10"
ORD004957,CUST00613,2023-10-16,5,Delivered,"Address 560, City 3"
ORD004958,CUST00101,2023-12-03,10,Returned,"Address 160, City 16"
ORD004959,CUST00579,2024-07-27,2,Pending,"Address 75, City 20"
ORD004960,CUST00445,2023-06-14,9,Completed,"Address 865, City 14"
ORD004961,CUST00052,2024-11-25,7,Returned,"Address 985, City 10"
ORD004962,CUST00881,2023-11-12,2,Pending,"Address 740, City 13"
ORD004963,CUST00106,2023-04-09,8,Pending,"Address 624, City 9"
ORD004964,CUST00994,2023-06-17,1,Cancelled,"Address 993, City 1"
ORD004965,CUST00759,2023-12-17,9,Delivered,"Address 287, City 1"
ORD004966,CUST00639,2023-09-19,8,Pending,"Address 720, City 11"
ORD004967,CUST00181,2024-05-10,5,Completed,"Address 203, City 3"
ORD004968,CUST00067,2024-01-10,9,Completed,"Address 604, City 18"
ORD004969,CUST00446,2024-09-15,3,Pending,"Address 312, City 15"
ORD004970,CUST00271,2024-03-05,2,Returned,"Address 355, City 17"
ORD004971,CUST00186,2023-08-05,6,Returned,"Address 11, City 5"
ORD004972,CUST00238,2024-02-18,4,Returned,"Address 149, City 15"
ORD004973,CUST00715,2024-05-12,8,Delivered,"Address 871, City 6"
ORD004974,CUST00519,2024-03-08,3,Pending,"Address 760, City 12"
ORD004975,CUST00204,2023-09-28,5,Shipped,"Address 536, City 1"
ORD004976,CUST00124,2023-05-01,6,Delivered,"Address 617, City 9"
ORD004977,CUST00689,2023-04-13,6,Completed,"Address 559, City 12"
ORD004978,CUST00826,2024-01-13,4,Shipped,"Address 15, City 17"
ORD004979,CUST00625,2023-08-09,8,Cancelled,"Address 171, City 11"
ORD004980,CUST00698,2023-06-03,4,Shipped,"Address 149, City 4"
ORD004981,CUST00583,2023-07-29,6,Cancelled,"Address 908, City 14"
ORD004982,CUST00966,2023-11-30,7,Completed,"Address 908, City 8"
ORD004983,CUST00020,2024-01-18,1,Delivered,"Address 334, City 11"
ORD004984,CUST00046,2024-06-19,5,Shipped,"Address 300, City 2"
ORD004985,CUST00879,2024-05-02,9,Cancelled,"Address 753, City 12"
ORD004986,CUST00452,2024-06-18,3,Pending,"Address 24, City 14"
ORD004987,CUST00646,2023-06-11,6,Cancelled,"Address 390, City 1"
ORD004988,CUST00062,2024-06-20,6,Shipped,"Address 140, City 14"
ORD004989,CUST00774,2023-05-28,4,Pending,"Address 419, City 15"
ORD004990,CUST00870,2024-01-18,1,Delivered,"Address 139, City 15"
ORD004991,CUST00795,2023-01-26,4,Completed,"Address 896, City 10"
ORD004992,CUST00489,2024-03-30,6,Pending,"Address 714, City 14"
ORD004993,CUST00754,2023-08-05,8,Cancelled,"Address 602, City 18"
ORD004994,CUST00009,2024-04-28,9,Pending,"Address 341, City 8"
ORD004995,CUST00189,2024-06-02,9,Returned,"Address 78, City 6"
ORD004996,CUST00671,2023-06-03,4,Returned,"Address 848, City 11"
ORD004997,CUST00705,2024-04-08,6,Pending,"Address 778, City 13"
ORD004998,CUST00826,2023-10-04,5,Shipped,"Address 950, City 13"
ORD004999,CUST00962,2023-06-08,3,Returned,"Address 673, City 7"
ORD005000,CUST00791,2023-10-15,7,Pending,"Address 135, City 19"
ORD004635,CUST00834,2023-01-25,8,Pending,"Address 637, City 12"
ORD003168,CUST00489,2024-05-25,10,Completed,"Address 342, City 5"
ORD001000,CUST00886,2024-11-29,5,Pending,"Address 629, City 14"
ORD001718,CUST00083,2024-09-22,10,Shipped,"Address 576, City 5"
ORD004242,CUST00407,2024-11-29,8,Shipped,"Address 1, City 15"
ORD000466,CUST00067,2023-08-09,7,Completed,"Address 443, City 15"
ORD003667,CUST00580,2024-06-26,10,Pending,"Address 616, City 2"
ORD000616,CUST00428,2023-07-04,1,Pending,"Address 352, City 20"
ORD004580,CUST00486,2023-08-08,1,Pending,"Address 336, City 20"
ORD003081,CUST00574,2023-11-09,1,Returned,"Address 52, City 18"
ORD000364,CUST00362,2024-10-03,4,Cancelled,"Address 472, City 15"
ORD003544,CUST00572,2023-07-10,3,Pending,"Address 298, City 12"
ORD004672,CUST00390,2023-06-17,5,Returned,"Address 626, City 7"
ORD004855,CUST00929,2024-08-03,2,,"Address 441, City 13"
ORD001659,CUST00985,2023-07-23,4,Shipped,"Address 572, City 14"
ORD004958,CUST00101,2023-12-03,10,Returned,"Address 160, City 16"
ORD004906,CUST00919,2023-12-04,7,Returned,"Address 768, City 4"
ORD002155,CUST00120,2024-01-18,9,Pending,"Address 25, City 7"
ORD002785,CUST00420,2024-05-12,9,Shipped,"Address 993, City 2"
ORD000609,CUST00446,2024-05-08,7,Pending,"Address 688, City 18"
ORD000303,CUST00477,2023-08-18,5,Completed,"Address 449, City 16"
ORD003149,CUST00308,2023-03-19,7,Cancelled,"Address 84, City 4"
ORD004336,CUST00761,2023-04-10,5,Cancelled,"Address 611, City 2"
ORD001636,CUST00874,2023-12-19,1,Pending,"Address 346, City 10"
ORD004250,CUST00827,2024-01-29,8,Returned,"Address 670, City 2"
ORD001245,CUST00323,2023-12-28,4,Completed,"Address 396, City 9"
ORD001155,CUST00471,2024-04-12,6,Returned,"Address 551, City 8"
ORD000579,CUST00683,2023-02-07,9,Returned,"Address 992, City 5"
ORD003123,CUST00659,2024-02-28,3,Shipped,"Address 992, City 17"
ORD001194,CUST00421,2024-06-25,6,Shipped,"Address 456, City 15"
ORD004770,CUST00109,2024-09-29,6,Cancelled,"Address 772, City 3"
ORD004230,CUST00804,2023-02-07,8,Completed,"Address 793, City 4"
ORD003095,CUST00389,2024-09-18,4,Cancelled,"Address 24, City 1"
ORD000121,CUST00515,2024-04-06,6,Pending,"Address 548, City 12"
ORD002508,CUST00772,2023-03-23,10,Shipped,"Address 213, City 11"
ORD001520,CUST00164,2023-11-16,4,Cancelled,"Address 302, City 3"
ORD003972,CUST00320,2024-04-25,2,Returned,"Address 280, City 18"
ORD004153,CUST00322,2024-07-03,7,Pending,"Address 449, City 13"
ORD003058,CUST00170,2024-05-17,9,Completed,"Address 949, City 13"
ORD004059,CUST00097,2023-04-16,3,Completed,"Address 815, City 20"
ORD000867,CUST00890,2023-11-30,6,Completed,"Address 493, City 2"
ORD000469,CUST00707,2023-08-29,8,Pending,"Address 577, City 14"
ORD002011,CUST00641,2024-10-14,6,Cancelled,"Address 365, City 13"
ORD003454,CUST00398,2023-11-15,9,Completed,"Address 973, City 9"
ORD001562,CUST00779,2024-09-05,1,Cancelled,"Address 426, City 4"
ORD000103,CUST00042,2023-11-04,4,Returned,"Address 437, City 9"
ORD002952,CUST00503,2023-11-28,9,Cancelled,"Address 913, City 18"
ORD003086,CUST00056,2024-05-15,5,Pending,"Address 71, City 16"
ORD004903,CUST00951,2024-05-08,5,Returned,"Address 506, City 4"
ORD002729,CUST00731,2024-09-23,8,Pending,"Address 775, City 11"
ORD003402,CUST00031,2023-09-08,8,Returned,"Address 362, City 9"
ORD001444,CUST00194,2023-02-08,9,Shipped,"Address 220, City 1"
ORD002589,CUST00078,2023-06-20,5,Shipped,"Address 163, City 13"
ORD000284,CUST00368,2023-09-17,6,Shipped,"Address 803, City 2"
ORD004762,CUST00228,2024-07-01,4,Cancelled,"Address 288, City 2"
ORD003141,CUST00042,2023-09-03,5,Returned,"Address 289, City 3"
ORD002459,CUST00937,2023-06-28,3,Completed,"Address 222, City 3"
ORD000601,CUST00809,2023-07-16,3,Cancelled,"Address 608, City 10"
ORD001149,CUST00592,2024-01-04,10,Pending,"Address 130, City 1"
ORD001756,CUST00985,2023-06-19,7,Shipped,"Address 427, City 13"
ORD002615,CUST00179,2023-05-24,2,Pending,"Address 26, City 18"
ORD001378,CUST00682,2023-10-08,6,Returned,"Address 411, City 12"
ORD004482,CUST00547,2023-08-01,5,Pending,"Address 75, City 1"
ORD004332,CUST00507,2023-08-07,8,Shipped,"Address 202, City 17"
ORD004476,CUST00022,2023-05-19,10,Returned,"Address 455, City 8"
ORD004772,CUST00881,2024-07-08,7,Pending,"Address 877, City 2"
ORD000014,CUST00911,2024-03-31,7,Completed,"Address 286, City 4"
ORD004493,CUST00355,2024-05-15,8,Pending,"Address 413, City 14"
ORD004215,CUST00830,2023-10-28,2,Cancelled,"Address 322, City 14"
ORD004252,CUST00034,2023-12-26,3,Completed,"Address 31, City 20"
ORD003143,CUST00656,2023-07-26,4,Pending,"Address 484, City 12"
ORD000255,CUST00270,2024-06-15,2,Cancelled,"Address 988, City 18"
ORD004304,CUST00546,2023-05-06,4,Returned,"Address 353, City 11"
ORD000562,CUST00252,2024-04-18,8,Completed,"Address 166, City 20"
ORD000752,CUST00892,2023-05-07,9,Returned,"Address 553, City 10"
ORD000030,CUST00498,2023-10-02,4,Completed,"Address 420, City 8"
ORD003772,CUST00513,2024-05-30,8,Shipped,"Address 703, City 19"
ORD000815,CUST00235,2023-12-13,10,Pending,"Address 805, City 19"
ORD002313,CUST00135,2023-01-07,7,Returned,"Address 507, City 18"
ORD004882,CUST00993,2024-04-26,1,Shipped,"Address 607, City 3"
ORD001429,CUST00125,2023-12-24,4,Completed,"Address 707, City 17"
ORD001674,CUST00252,2023-08-13,6,Returned,"Address 138, City 6"
ORD003279,CUST00185,2024-04-08,2,Completed,"Address 154, City 1"
ORD000211,CUST00981,2023-11-18,6,Cancelled,"Address 220, City 6"
ORD002003,CUST00757,2024-11-10,10,Completed,"Address 213, City 9"
ORD003392,CUST00899,2023-10-26,5,Cancelled,"Address 60, City 20"
ORD004189,CUST00605,2023-05-12,1,Completed,"Address 59, City 9"
ORD000241,CUST00781,2024-01-22,10,Shipped,"Address 16, City 12"
ORD004159,CUST00051,2024-09-15,9,Delivered,"Address 684, City 16"
ORD002734,CUST00447,2024-04-14,2,Delivered,"Address 322, City 20"
ORD004575,CUST00281,2023-01-15,2,Delivered,"Address 991, City 9"
ORD004142,CUST00424,2023-07-09,9,Shipped,"Address 816, City 20"
ORD002345,CUST00591,2023-12-19,3,Shipped,"Address 724, City 20"
ORD002139,CUST00568,2024-11-05,4,Cancelled,"Address 584, City 3"
ORD002229,CUST00808,2024-06-08,2,Shipped,"Address 440, City 17"
ORD001716,CUST00401,2024-02-21,4,Completed,"Address 412, City 6"
ORD003998,CUST00043,2024-06-03,5,Returned,"Address 88, City 13"
ORD001101,CUST00974,2023-04-13,2,Cancelled,"Address 964, City 13"
ORD000926,CUST00292,2024-01-16,7,Shipped,"Address 862, City 4"
ORD001626,CUST00357,2023-08-16,1,Returned,"Address 61, City 5"
ORD001424,CUST00152,2023-11-20,9,Cancelled,"Address 227, City 12"
ORD003536,CUST00481,2024-08-27,2,Shipped,"Address 863, City 3"
ORD004050,CUST00431,2023-01-05,3,Completed,"Address 357, City 14"
ORD004062,CUST00425,2023-06-12,6,Delivered,"Address 198, City 7"
ORD003414,CUST00803,2024-06-24,9,Completed,"Address 347, City 19"
ORD001741,CUST00923,2024-11-19,5,Shipped,"Address 610, City 13"
ORD001833,CUST00452,2023-03-11,4,Pending,"Address 434, City 16"
ORD000596,CUST00164,2023-12-11,10,Cancelled,"Address 104, City 3"
ORD004812,CUST00528,2024-03-15,5,Cancelled,"Address 399, City 2"
ORD000622,CUST00237,2024-08-08,6,Shipped,"Address 308, City 2"
ORD004132,CUST00182,2023-03-03,8,Cancelled,"Address 944, City 10"
ORD000450,CUST00938,2023-01-08,10,Returned,"Address 398, City 6"
ORD002494,CUST00032,2023-05-30,1,Pending,"Address 866, City 9"
ORD001909,CUST00317,2024-11-03,2,Cancelled,"Address 931, City 17"
ORD004199,CUST00655,2024-05-28,3,Shipped,"Address 695, City 19"
ORD002434,CUST00904,2024-04-04,4,Cancelled,"Address 888, City 12"
ORD001972,CUST00486,2023-04-07,8,Delivered,"Address 312, City 9"
ORD000383,CUST00182,2023-03-12,3,Pending,"Address 154, City 4"
ORD004844,CUST00412,2024-03-08,8,Shipped,"Address 57, City 15"
ORD003842,CUST00297,2023-09-05,5,Pending,"Address 189, City 10"
ORD004670,CUST00314,2024-04-02,8,Cancelled,"Address 711, City 13"
ORD004000,CUST00835,2024-05-31,6,Completed,"Address 309, City 8"
ORD002699,CUST00129,2023-05-22,6,Shipped,"Address 227, City 14"
ORD003079,CUST00840,2023-10-25,3,Completed,"Address 792, City 6"
ORD004200,CUST00289,2024-10-02,1,Returned,"Address 374, City 4"
ORD002142,CUST00189,2023-10-27,7,Shipped,"Address 378, City 3"
ORD001447,CUST00607,2023-08-24,6,Completed,"Address 589, City 2"
ORD000961,CUST00383,2024-06-03,8,Returned,"Address 832, City 1"
ORD004550,CUST00995,2024-05-03,2,Completed,"Address 265, City 6"
ORD000996,CUST00213,2024-02-09,7,Cancelled,"Address 664, City 5"
ORD004556,CUST00905,2024-02-17,2,Cancelled,"Address 666, City 2"
ORD000270,CUST00677,2023-08-26,8,Completed,"Address 625, City 15"
ORD000539,CUST00759,2024-08-07,10,Delivered,"Address 128, City 4"
ORD004306,CUST00019,2024-06-10,2,Cancelled,"Address 997, City 1"
ORD003871,CUST00979,2024-06-18,8,Returned,"Address 279, City 9"
ORD002288,CUST00139,2024-03-03,8,Completed,"Address 205, City 8"
ORD003791,CUST00944,2023-04-22,2,Returned,"Address 22, City 13"
ORD001361,CUST00860,2023-10-23,8,Pending,"Address 409, City 19"
ORD004902,CUST00823,2024-03-05,6,Returned,"Address 322, City 6"
ORD000750,CUST00123,2024-09-02,7,Returned,"Address 402, City 12"
ORD001872,CUST00104,2024-01-26,3,Pending,"Address 721, City 18"
ORD000859,CUST00167,2024-02-16,3,Returned,"Address 829, City 14"
ORD001008,CUST00439,2024-04-07,8,Cancelled,"Address 138, City 11"
ORD001307,CUST00701,2024-06-03,6,Delivered,"Address 699, City 15"
ORD003166,CUST00325,2024-02-09,8,Cancelled,"Address 694, City 9"
ORD002923,CUST00419,2023-07-13,10,Delivered,"Address 568, City 11"
ORD003611,CUST00290,2024-08-02,10,Cancelled,"Address 355, City 15"
ORD002533,CUST00567,2024-02-25,1,Returned,"Address 447, City 2"
ORD003176,CUST00741,2024-02-14,7,Shipped,"Address 505, City 14"
ORD000061,CUST00097,2023-12-05,1,Returned,"Address 359, City 18"
