customer_id,total_orders,total_items,total_revenue,avg_order_value,first_order_date,last_order_date,customer_lifetime_days,recency_days,frequency,name,membership_tier,city,recency_score,frequency_score,monetary_score,rfm_score,customer_segment
CUST00001,6,13,69020.47,5309.266923076923,2023-01-16,2024-03-24,433,598,0.4157043879907621,Rekha Gupta,Basic,Delhi,1,4,3,8,Potential Loyalists
CUST00002,8,16,128614.31,8038.394375,2023-05-10,2024-05-24,380,537,0.6315789473684211,Priya Das,Platinum,Jaipur,2,5,5,12,Champions
CUST00003,8,19,121870.77,6414.251052631579,2023-02-22,2024-02-09,352,642,0.6818181818181819,Riya Kumar,Basic,Hyderabad,1,5,5,11,Loyal Customers
CUST00004,8,19,117042.02,6160.106315789474,2023-02-16,2024-04-24,433,567,0.5542725173210161,Sunil Das,Basic,Mumbai,1,5,5,11,Loyal Customers
CUST00005,3,6,39910.72,6651.786666666667,2024-02-24,2024-08-12,170,457,0.5294117647058824,Aditya Nair,Silver,Delhi,3,1,2,6,At Risk
CUST00006,3,4,53676.6,13419.15,2023-03-10,2024-03-22,378,600,0.2380952380952381,Neha Iyer,Silver,Hyderabad,1,1,3,5,At Risk
CUST00007,6,10,61447.03,6144.7029999999995,2023-03-03,2024-05-14,438,547,0.4109589041095891,Anjali Joshi,Basic,Jaipur,2,4,3,9,Potential Loyalists
CUST00008,6,15,141229.12,9415.274666666666,2023-05-16,2024-11-25,559,352,0.3220035778175313,Rahul Reddy,Platinum,Lucknow,5,4,5,14,Champions
CUST00009,6,14,58523.67,4180.262142857143,2023-01-20,2024-08-15,573,454,0.31413612565445026,Rekha Iyer,Platinum,Jaipur,3,4,3,10,Loyal Customers
CUST00010,3,6,22830.34,3805.056666666667,2023-03-19,2024-09-14,545,424,0.16513761467889906,Krishna Kumar,Platinum,Mumbai,3,1,1,5,At Risk
CUST00011,4,5,29825.149999999998,5965.03,2023-09-08,2024-06-11,277,519,0.43321299638989175,Aisha Das,Gold,Jaipur,2,2,1,5,At Risk
CUST00012,5,9,41253.19,4583.687777777778,2023-01-04,2024-04-08,460,583,0.32608695652173914,Aisha Menon,Basic,Mumbai,1,3,2,6,At Risk
CUST00013,3,8,54201.01,6775.12625,2024-03-12,2024-09-11,183,427,0.49180327868852464,Ananya Das,Gold,Hyderabad,3,1,3,7,Potential Loyalists
CUST00014,5,9,47430.46,5270.051111111111,2023-02-20,2024-06-23,489,507,0.3067484662576687,Kavya Verma,Basic,Kolkata,2,3,2,7,Potential Loyalists
CUST00015,5,15,108176.70999999999,7211.780666666667,2023-04-21,2024-10-16,544,392,0.2757352941176471,Meera Das,Platinum,Bangalore,4,3,5,12,Champions
CUST00016,1,1,934.66,934.66,2023-05-16,2023-05-16,0,911,1.0,Deepak Menon,Silver,Hyderabad,1,1,1,3,Lost Customers
CUST00017,6,10,49090.42,4909.0419999999995,2023-03-11,2024-06-08,455,522,0.39560439560439564,Anjali Sharma,Silver,Lucknow,2,4,2,8,Potential Loyalists
CUST00018,4,9,25022.62,2780.291111111111,2023-01-17,2024-01-30,378,652,0.31746031746031744,Nisha Reddy,Platinum,Kolkata,1,2,1,4,Lost Customers
CUST00019,6,19,77558.02,4082.001052631579,2023-05-21,2024-06-10,386,520,0.46632124352331605,Amit Tiwari,Basic,Pune,2,4,4,10,Loyal Customers
CUST00020,5,11,68778.56,6252.596363636363,2023-03-16,2024-05-01,412,560,0.3640776699029126,Reyansh Nair,Platinum,Hyderabad,2,3,3,8,Potential Loyalists
CUST00021,5,14,63287.93,4520.566428571428,2023-02-23,2024-01-26,337,656,0.4451038575667656,Deepak Das,Basic,Delhi,1,3,3,7,Potential Loyalists
CUST00022,4,9,51017.46,5668.606666666667,2023-03-04,2024-05-06,429,555,0.2797202797202797,Neha Pandey,Platinum,Ahmedabad,2,2,2,6,At Risk
CUST00023,8,20,171956.35,8597.817500000001,2023-01-05,2024-05-20,501,541,0.47904191616766467,Nisha Kumar,Silver,Jaipur,2,5,5,12,Champions
CUST00024,5,9,58442.259999999995,6493.584444444444,2023-06-12,2024-11-23,530,354,0.2830188679245283,Vihaan Banerjee,Silver,Mumbai,5,3,3,11,Loyal Customers
CUST00025,8,20,114560.56,5728.028,2023-01-06,2024-08-13,585,456,0.41025641025641024,Kavya Pandey,Silver,Delhi,3,5,5,13,Champions
CUST00026,3,4,44889.240000000005,11222.310000000001,2023-07-21,2024-08-30,406,439,0.22167487684729065,Sita Menon,Silver,Lucknow,3,1,2,6,At Risk
CUST00027,7,18,89562.6,4975.700000000001,2023-01-13,2024-11-04,661,373,0.3177004538577912,Sunil Joshi,Platinum,Kolkata,5,4,4,13,Champions
CUST00028,2,2,4399.42,2199.71,2023-03-25,2023-11-29,249,714,0.24096385542168672,Aisha Kumar,Silver,Jaipur,1,1,1,3,Lost Customers
CUST00029,6,10,70072.76000000001,7007.276000000001,2023-05-18,2024-10-21,522,387,0.3448275862068966,Sunita Sharma,Gold,Lucknow,4,4,3,11,Loyal Customers
CUST00030,5,14,93144.24,6653.160000000001,2023-02-06,2024-04-23,442,568,0.3393665158371041,Geeta Kumar,Silver,Delhi,1,3,4,8,Potential Loyalists
CUST00031,3,9,50350.270000000004,5594.474444444445,2023-05-09,2023-11-29,204,714,0.4411764705882353,Sai Tiwari,Basic,Mumbai,1,1,2,4,Lost Customers
CUST00032,9,18,184418.47999999998,10245.47111111111,2023-01-17,2024-03-09,417,613,0.6474820143884892,Manoj Das,Basic,Jaipur,1,5,5,11,Loyal Customers
CUST00033,5,13,82633.6,6356.430769230769,2023-01-23,2024-08-27,582,442,0.2577319587628866,Ishaan Verma,Basic,Pune,3,3,4,10,Loyal Customers
CUST00034,7,13,73833.53,5679.502307692308,2023-01-18,2024-03-29,436,593,0.481651376146789,Rajesh Mukherjee,Silver,Jaipur,1,4,4,9,Potential Loyalists
CUST00035,3,6,52605.81,8767.635,2023-07-01,2024-03-16,259,606,0.3474903474903475,Rajesh Nair,Basic,Hyderabad,1,1,2,4,Lost Customers
CUST00036,3,7,63327.04,9046.72,2024-05-28,2025-09-17,477,56,0.18867924528301885,Amit Mishra,Basic,Ahmedabad,5,1,3,9,Potential Loyalists
CUST00037,5,5,29533.67,5906.7339999999995,2023-01-13,2023-06-04,142,892,1.056338028169014,Amit Menon,Gold,Kolkata,1,3,1,5,At Risk
CUST00038,4,7,46854.89,6693.555714285714,2023-02-23,2024-07-17,510,483,0.23529411764705882,Aditya Singh,Gold,Kolkata,2,2,2,6,At Risk
CUST00039,3,8,40659.18,5082.3975,2023-11-27,2024-09-14,292,424,0.3082191780821918,Priya Iyer,Basic,Lucknow,3,1,2,6,At Risk
CUST00040,4,6,82601.06,13766.843333333332,2023-04-17,2024-12-28,621,319,0.1932367149758454,Rohit Mukherjee,Gold,Delhi,5,2,4,11,Loyal Customers
CUST00041,6,10,53275.04,5327.504,2023-07-29,2024-09-08,407,430,0.44226044226044225,Geeta Kumar,Platinum,Kolkata,3,4,2,9,Potential Loyalists
CUST00042,6,13,123394.25,9491.865384615385,2023-06-07,2024-02-07,245,644,0.7346938775510204,Geeta Sharma,Silver,Pune,1,4,5,10,Loyal Customers
CUST00043,5,8,73363.4,9170.425,2024-02-11,2024-11-02,265,375,0.5660377358490566,Neha Menon,Basic,Ahmedabad,4,3,3,10,Loyal Customers
CUST00044,3,4,21924.73,5481.1825,2023-05-19,2024-05-05,352,556,0.2556818181818182,Pooja Nair,Basic,Chennai,2,1,1,4,Lost Customers
CUST00045,5,16,136764.0,8547.75,2023-04-17,2024-03-16,334,606,0.44910179640718567,Sunil Tiwari,Silver,Delhi,1,3,5,9,Potential Loyalists
CUST00046,5,12,66045.18000000001,5503.765,2023-07-12,2024-11-23,500,354,0.3,Reyansh Tiwari,Platinum,Mumbai,5,3,3,11,Loyal Customers
CUST00047,6,6,18919.82,3153.3033333333333,2023-11-08,2024-12-01,389,346,0.46272493573264784,Sunita Das,Platinum,Ahmedabad,5,4,1,10,Loyal Customers
CUST00048,3,8,50581.420000000006,6322.677500000001,2023-08-15,2024-04-02,231,589,0.38961038961038963,Deepak Patel,Gold,Jaipur,1,1,2,4,Lost Customers
CUST00049,4,9,76264.42,8473.824444444444,2023-01-02,2024-10-14,651,394,0.18433179723502305,Riya Chauhan,Silver,Chennai,4,2,4,10,Loyal Customers
CUST00050,4,7,42069.75,6009.964285714285,2023-02-24,2024-10-09,593,399,0.20236087689713322,Vikram Kumar,Platinum,Chennai,4,2,2,8,Potential Loyalists
CUST00051,4,8,37291.19,4661.39875,2023-01-08,2024-12-01,693,346,0.17316017316017315,Vikram Banerjee,Platinum,Pune,5,2,2,9,Potential Loyalists
CUST00052,10,21,160772.39,7655.828095238096,2023-05-21,2024-11-25,554,352,0.5415162454873647,Rajesh Das,Silver,Pune,5,5,5,15,Champions
CUST00053,4,8,38290.64,4786.33,2023-01-01,2024-02-27,422,624,0.2843601895734597,Rohit Pandey,Silver,Unknown,1,2,2,5,At Risk
CUST00054,4,10,47586.56,4758.656,2023-02-02,2024-09-21,597,417,0.20100502512562815,Sai Tiwari,Silver,Mumbai,4,2,2,8,Potential Loyalists
CUST00055,5,8,72789.43,9098.67875,2023-08-02,2024-04-07,249,584,0.6024096385542168,Vikram Iyer,Basic,Hyderabad,1,3,3,7,Potential Loyalists
CUST00056,3,9,33712.049999999996,3745.783333333333,2023-02-09,2024-09-10,579,428,0.15544041450777202,Anjali Gupta,Basic,Hyderabad,3,1,1,5,At Risk
CUST00057,1,2,38581.270000000004,19290.635000000002,2023-06-15,2023-06-15,0,881,1.0,Meera Singh,Platinum,Bangalore,1,1,2,4,Lost Customers
CUST00058,4,8,52970.97,6621.37125,2023-05-05,2024-10-08,522,400,0.2298850574712644,Ananya Mishra,Basic,Delhi,4,2,2,8,Potential Loyalists
CUST00059,2,6,40522.98,6753.830000000001,2024-05-03,2024-10-27,177,381,0.3389830508474576,Arjun Banerjee,Basic,Chennai,4,1,2,7,Potential Loyalists
CUST00060,5,7,13573.99,1939.1414285714286,2023-01-06,2024-07-30,571,470,0.2626970227670753,Aditya Desai,Gold,Lucknow,2,3,1,6,At Risk
CUST00061,3,9,78883.47,8764.83,2023-12-21,2024-01-24,34,658,2.6470588235294117,Reyansh Tiwari,Silver,Ahmedabad,1,1,4,6,At Risk
CUST00062,6,13,91043.92,7003.378461538461,2023-01-31,2024-10-19,627,389,0.28708133971291866,Meera Chauhan,Gold,Jaipur,4,4,4,12,Champions
CUST00063,4,5,19909.800000000003,3981.9600000000005,2023-06-02,2023-12-02,183,711,0.6557377049180328,Sunil Banerjee,Gold,Chennai,1,2,1,4,Lost Customers
CUST00064,6,10,94441.32,9444.132000000001,2023-01-03,2024-10-15,651,393,0.2764976958525346,Aisha Joshi,Gold,Hyderabad,4,4,4,12,Champions
CUST00065,1,3,7389.78,2463.2599999999998,2024-09-06,2024-09-06,0,432,1.0,Kavya Tiwari,Silver,Delhi,3,1,1,5,At Risk
CUST00066,5,8,57189.86,7148.7325,2023-01-07,2024-11-10,673,367,0.22288261515601782,Shreya Nair,Gold,Delhi,5,3,3,11,Loyal Customers
CUST00067,4,6,20016.64,3336.1066666666666,2023-08-09,2024-09-04,392,434,0.30612244897959184,Geeta Joshi,Gold,Pune,3,2,1,6,At Risk
CUST00068,1,2,8521.52,4260.76,2023-01-02,2023-01-02,0,1045,1.0,Diya Reddy,Gold,Jaipur,1,1,1,3,Lost Customers
CUST00069,9,24,198602.77,8275.115416666666,2023-01-16,2024-11-08,662,369,0.4078549848942598,Priya Mishra,Silver,Delhi,5,5,5,15,Champions
CUST00070,5,12,130004.9,10833.741666666667,2023-04-19,2024-11-13,574,364,0.2613240418118467,Aditya Verma,Silver,Kolkata,5,3,5,13,Champions
CUST00071,1,3,34493.990000000005,11497.996666666668,2024-08-03,2024-08-03,0,466,1.0,Shreya Rao,Gold,Lucknow,3,1,2,6,At Risk
CUST00072,3,6,31575.77,5262.628333333333,2023-11-21,2024-09-29,313,409,0.28753993610223644,Suresh Rao,Basic,Delhi,4,1,1,6,At Risk
CUST00073,3,8,50170.29,6271.28625,2023-06-07,2024-06-03,362,527,0.24861878453038674,Krishna Das,Silver,Chennai,2,1,2,5,At Risk
CUST00074,3,4,39000.34,9750.085,2023-10-02,2024-09-11,345,427,0.2608695652173913,Pooja Banerjee,Basic,Pune,3,1,2,6,At Risk
CUST00075,3,5,49958.61,9991.722,2023-10-12,2024-10-07,361,401,0.24930747922437674,Geeta Gupta,Platinum,Bangalore,4,1,2,7,Potential Loyalists
CUST00076,3,7,42527.4,6075.342857142858,2023-03-02,2024-03-10,374,612,0.24064171122994651,Shreya Chauhan,Gold,Kolkata,1,1,2,4,Lost Customers
CUST00077,8,19,199742.09,10512.741578947369,2023-01-01,2024-10-28,666,380,0.3603603603603604,Shaurya Iyer,Basic,Chennai,4,5,5,14,Champions
CUST00078,5,9,115186.11,12798.456666666667,2023-04-01,2024-10-28,576,380,0.2604166666666667,Krishna Chauhan,Platinum,Ahmedabad,4,3,5,12,Champions
CUST00079,7,15,135912.04,9060.802666666666,2023-03-28,2024-10-02,554,406,0.3790613718411553,Manoj Joshi,Basic,Mumbai,4,4,5,13,Champions
CUST00080,4,9,48313.93,5368.214444444445,2023-05-08,2024-10-11,522,397,0.2298850574712644,Sita Verma,Platinum,Kolkata,4,2,2,8,Potential Loyalists
CUST00081,3,5,27758.67,5551.7339999999995,2023-08-16,2024-05-25,283,536,0.31802120141342755,Sai Rao,Gold,Ahmedabad,2,1,1,4,Lost Customers
CUST00082,4,9,45443.07,5049.23,2023-02-07,2024-07-26,535,474,0.22429906542056077,Shreya Pandey,Platinum,Ahmedabad,2,2,2,6,At Risk
CUST00083,5,11,94877.04000000001,8625.185454545455,2024-03-25,2024-11-13,233,364,0.6437768240343348,Kavita Sharma,Platinum,Pune,5,3,4,12,Champions
CUST00084,5,12,96046.84,8003.903333333333,2023-01-07,2024-07-09,549,491,0.27322404371584696,Deepak Verma,Silver,Ahmedabad,2,3,4,9,Potential Loyalists
CUST00085,7,16,128808.75,8050.546875,2023-02-14,2024-10-16,610,392,0.3442622950819672,Gita Nair,Basic,Unknown,4,4,5,13,Champions
CUST00086,6,12,103167.09,8597.2575,2024-01-01,2024-10-19,292,389,0.6164383561643836,Shaurya Rao,Gold,Delhi,4,4,5,13,Champions
CUST00087,3,7,12324.11,1760.587142857143,2023-04-22,2024-10-24,551,384,0.16333938294010888,Vikram Reddy,Silver,Bangalore,4,1,1,6,At Risk
CUST00088,2,7,72637.52,10376.788571428571,2024-04-19,2024-09-10,144,428,0.4166666666666667,Riya Sharma,Platinum,Jaipur,3,1,3,7,Potential Loyalists
CUST00089,3,6,43935.29,7322.548333333333,2023-03-24,2024-09-26,552,412,0.16304347826086957,Vikram Chauhan,Silver,Jaipur,4,1,2,7,Potential Loyalists
CUST00090,2,3,14576.36,4858.786666666667,2023-07-23,2024-03-13,234,609,0.25641025641025644,Vikram Pandey,Platinum,Ahmedabad,1,1,1,3,Lost Customers
CUST00091,3,10,51504.97,5150.497,2024-01-08,2024-04-30,113,561,0.7964601769911505,Reyansh Menon,Silver,Ahmedabad,2,1,2,5,At Risk
CUST00092,8,17,86709.84,5100.578823529411,2023-01-14,2024-11-20,676,357,0.35502958579881655,Rohit Mukherjee,Basic,Kolkata,5,5,4,14,Champions
CUST00093,8,22,108917.48,4950.794545454545,2023-02-24,2024-08-04,527,465,0.4554079696394687,Rekha Verma,Silver,Ahmedabad,3,5,5,13,Champions
CUST00094,2,4,26943.07,6735.7675,2023-01-03,2024-08-17,592,452,0.10135135135135134,Reyansh Singh,Gold,Pune,3,1,1,5,At Risk
CUST00095,6,11,51254.85,4659.531818181818,2023-08-17,2024-06-02,290,528,0.6206896551724138,Amit Desai,Silver,Kolkata,2,4,2,8,Potential Loyalists
CUST00096,6,12,139362.35,11613.529166666667,2024-05-30,2024-10-18,141,390,1.276595744680851,Vikram Mukherjee,Platinum,Lucknow,4,4,5,13,Champions
CUST00097,10,24,193834.94999999998,8076.456249999999,2023-03-12,2024-08-15,522,454,0.574712643678161,Sunil Mishra,Silver,Mumbai,3,5,5,13,Champions
CUST00098,7,15,83663.39,5577.559333333334,2023-01-08,2024-03-11,428,611,0.49065420560747663,Aisha Chauhan,Platinum,Pune,1,4,4,9,Potential Loyalists
CUST00099,3,9,80278.69,8919.854444444445,2023-05-25,2024-10-08,502,400,0.1792828685258964,Shreya Sharma,Gold,Kolkata,4,1,4,9,Potential Loyalists
CUST00100,8,23,112386.05,4886.35,2023-08-07,2024-11-23,474,354,0.5063291139240506,Anjali Mukherjee,Silver,Kolkata,5,5,5,15,Champions
CUST00101,6,15,125525.36,8368.357333333333,2023-04-08,2024-02-28,326,623,0.5521472392638036,Pooja Chauhan,Gold,Mumbai,1,4,5,10,Loyal Customers
CUST00102,5,12,73710.44,6142.536666666667,2023-02-09,2024-10-18,617,390,0.24311183144246354,Priya Kumar,Gold,Bangalore,4,3,4,11,Loyal Customers
CUST00103,10,25,163803.76,6552.1504,2023-04-03,2024-08-10,495,459,0.6060606060606061,Krishna Chauhan,Silver,Hyderabad,3,5,5,13,Champions
CUST00104,2,2,4712.47,2356.235,2023-02-21,2024-01-26,339,656,0.17699115044247787,Aarav Iyer,Platinum,Pune,1,1,1,3,Lost Customers
CUST00105,4,10,51779.479999999996,5177.947999999999,2023-02-24,2024-05-20,451,541,0.2660753880266075,Reyansh Nair,Gold,Hyderabad,2,2,2,6,At Risk
CUST00106,4,8,62194.29,7774.28625,2023-04-09,2024-05-08,395,553,0.3037974683544304,Rajesh Singh,Basic,Kolkata,2,2,3,7,Potential Loyalists
CUST00107,7,13,90267.45999999999,6943.650769230769,2023-04-04,2024-11-30,606,347,0.34653465346534656,Ishaan Pandey,Platinum,Jaipur,5,4,4,13,Champions
CUST00108,2,3,30768.480000000003,10256.160000000002,2023-05-05,2023-10-10,158,764,0.379746835443038,Lata Tiwari,Gold,Ahmedabad,1,1,1,3,Lost Customers
CUST00109,4,7,39673.36,5667.622857142857,2024-03-14,2024-10-07,207,401,0.5797101449275363,Rekha Desai,Gold,Hyderabad,4,2,2,8,Potential Loyalists
CUST00110,9,25,145543.37,5821.7348,2023-04-06,2024-10-10,553,398,0.488245931283906,Vivaan Verma,Silver,Lucknow,4,5,5,14,Champions
CUST00111,3,5,44985.35,8997.07,2023-03-21,2024-09-06,535,432,0.16822429906542058,Rohit Kumar,Gold,Chennai,3,1,2,6,At Risk
CUST00112,7,15,92380.35,6158.6900000000005,2023-06-11,2024-09-04,451,434,0.4656319290465632,Vivaan Kumar,Silver,Delhi,3,4,4,11,Loyal Customers
CUST00113,3,9,48361.83,5373.536666666667,2024-04-15,2024-11-14,213,363,0.4225352112676057,Sunita Singh,Platinum,Pune,5,1,2,8,Potential Loyalists
CUST00114,4,8,45786.86,5723.3575,2023-01-28,2024-05-08,466,553,0.2575107296137339,Aditya Menon,Basic,Lucknow,2,2,2,6,At Risk
CUST00115,1,1,5900.46,5900.46,2023-03-20,2023-03-20,0,968,1.0,Deepak Gupta,Silver,Ahmedabad,1,1,1,3,Lost Customers
CUST00116,6,10,87709.33,8770.933,2023-01-13,2024-03-08,420,614,0.42857142857142855,Vikram Mukherjee,Platinum,Hyderabad,1,4,4,9,Potential Loyalists
CUST00117,6,13,96222.91,7401.762307692308,2023-07-03,2024-11-24,510,353,0.35294117647058826,Neha Tiwari,Platinum,Jaipur,5,4,4,13,Champions
CUST00118,4,14,69045.09,4931.792142857143,2023-03-26,2024-08-17,510,452,0.23529411764705882,Manoj Joshi,Gold,Hyderabad,3,2,3,8,Potential Loyalists
CUST00119,1,1,5066.02,5066.02,2023-09-27,2023-09-27,0,777,1.0,Sai Tiwari,Silver,Delhi,1,1,1,3,Lost Customers
CUST00120,4,8,23947.43,2993.42875,2023-02-19,2024-04-08,414,583,0.2898550724637681,Rajesh Desai,Basic,Delhi,1,2,1,4,Lost Customers
CUST00121,5,13,82945.04000000001,6380.387692307693,2023-06-11,2024-11-21,529,356,0.2835538752362949,Shaurya Rao,Gold,Chennai,5,3,4,12,Champions
CUST00122,5,17,101073.68,5945.510588235294,2023-05-09,2024-11-18,559,359,0.26833631484794274,Geeta Mukherjee,Basic,Pune,5,3,4,12,Champions
CUST00123,7,11,53047.869999999995,4822.533636363636,2023-02-17,2024-09-02,563,436,0.3730017761989343,Rohit Desai,Silver,Kolkata,3,4,2,9,Potential Loyalists
CUST00124,9,20,122781.54000000001,6139.077,2023-02-12,2024-09-11,577,427,0.4679376083188908,Sai Menon,Platinum,Mumbai,3,5,5,13,Champions
CUST00125,8,18,106090.84,5893.935555555556,2023-03-08,2024-06-19,469,511,0.511727078891258,Gita Gupta,Silver,Lucknow,2,5,5,12,Champions
CUST00126,3,5,44048.92999999999,8809.785999999998,2023-06-22,2024-04-19,302,572,0.2980132450331126,Manoj Rao,Platinum,Ahmedabad,1,1,2,4,Lost Customers
CUST00127,5,16,83359.8,5209.9875,2023-06-02,2024-11-30,547,347,0.2742230347349177,Shreya Banerjee,Gold,Delhi,5,3,4,12,Champions
CUST00128,7,18,174319.46,9684.414444444445,2023-03-02,2024-11-14,623,363,0.33707865168539325,Pooja Reddy,Gold,Unknown,5,4,5,14,Champions
CUST00129,2,2,18182.29,9091.145,2023-05-22,2023-08-10,80,825,0.75,Rekha Nair,Gold,Pune,1,1,1,3,Lost Customers
CUST00130,4,6,43571.53,7261.921666666666,2023-05-25,2023-12-17,206,696,0.5825242718446603,Arjun Joshi,Platinum,Unknown,1,2,2,5,At Risk
CUST00131,6,18,81850.64,4547.257777777778,2023-03-29,2024-11-28,610,349,0.29508196721311475,Rahul Patel,Gold,Unknown,5,4,4,13,Champions
CUST00132,12,28,201253.32,7187.618571428572,2023-03-29,2024-11-16,598,361,0.6020066889632107,Sunita Gupta,Gold,Pune,5,5,5,15,Champions
CUST00133,4,9,52439.14,5826.571111111111,2023-02-15,2024-11-03,627,374,0.19138755980861244,Sunita Menon,Gold,Delhi,4,2,2,8,Potential Loyalists
CUST00134,4,6,114786.81,19131.135,2024-03-06,2025-03-21,380,236,0.31578947368421056,Diya Mukherjee,Silver,Chennai,5,2,5,12,Champions
CUST00135,4,4,25593.31,6398.3275,2023-01-07,2023-12-19,346,694,0.3468208092485549,Lata Joshi,Silver,Lucknow,1,2,1,4,Lost Customers
CUST00136,6,13,95100.97,7315.459230769231,2023-02-24,2024-08-23,546,446,0.32967032967032966,Vihaan Desai,Gold,Lucknow,3,4,4,11,Loyal Customers
CUST00137,3,6,47872.32,7978.72,2023-05-26,2025-10-15,873,28,0.10309278350515463,Sai Mukherjee,Platinum,Delhi,5,1,2,8,Potential Loyalists
CUST00138,5,13,93761.11,7212.393076923077,2024-04-07,2024-06-25,79,505,1.89873417721519,Priya Joshi,Silver,Lucknow,2,3,4,9,Potential Loyalists
CUST00139,9,19,147020.96,7737.945263157894,2023-06-15,2024-11-13,517,364,0.5222437137330754,Aditya Nair,Silver,Bangalore,5,5,5,15,Champions
CUST00140,6,12,78475.45,6539.620833333333,2023-02-08,2024-11-16,647,361,0.2782071097372488,Gita Verma,Basic,Hyderabad,5,4,4,13,Champions
CUST00141,7,12,41563.9,3463.6583333333333,2023-10-18,2024-11-12,391,365,0.5370843989769821,Shaurya Joshi,Silver,Lucknow,5,4,2,11,Loyal Customers
CUST00142,3,7,44422.68,6346.097142857143,2023-04-07,2024-07-17,467,483,0.19271948608137046,Pooja Das,Silver,Delhi,2,1,2,5,At Risk
CUST00143,4,10,55863.6,5586.36,2023-01-03,2024-09-06,612,432,0.19607843137254904,Kavita Desai,Gold,Pune,3,2,3,8,Potential Loyalists
CUST00144,6,9,20043.02,2227.0022222222224,2023-02-16,2024-10-18,610,390,0.29508196721311475,Shaurya Gupta,Basic,Bangalore,4,4,1,9,Potential Loyalists
CUST00145,7,16,137036.18,8564.76125,2023-01-27,2024-09-16,598,422,0.3511705685618729,Ananya Patel,Silver,Bangalore,3,4,5,12,Champions
CUST00146,9,13,74304.06,5715.696923076923,2023-02-24,2024-03-13,383,609,0.7049608355091384,Deepak Mukherjee,Silver,Chennai,1,5,4,10,Loyal Customers
CUST00147,7,18,108363.93,6020.218333333333,2023-01-26,2024-09-13,596,425,0.3523489932885906,Deepak Chauhan,Platinum,Lucknow,3,4,5,12,Champions
CUST00148,5,10,54347.33,5434.733,2023-06-03,2024-11-03,519,374,0.2890173410404624,Meera Desai,Basic,Mumbai,4,3,3,10,Loyal Customers
CUST00149,4,12,82535.52,6877.96,2023-04-28,2024-05-22,390,539,0.3076923076923077,Shaurya Tiwari,Platinum,Jaipur,2,2,4,8,Potential Loyalists
CUST00150,4,10,68451.46,6845.146000000001,2023-12-16,2024-11-14,334,363,0.3592814371257485,Kavya Pandey,Silver,Hyderabad,5,2,3,10,Loyal Customers
CUST00151,4,13,60429.14,4648.3953846153845,2023-02-16,2024-10-28,620,380,0.1935483870967742,Aditya Mishra,Platinum,Bangalore,4,2,3,9,Potential Loyalists
CUST00152,7,20,116843.9,5842.195,2023-03-07,2024-11-05,609,372,0.3448275862068965,Geeta Mukherjee,Basic,Bangalore,5,4,5,14,Champions
CUST00153,7,11,55986.77,5089.706363636364,2023-11-24,2025-06-22,576,143,0.36458333333333337,Sunil Gupta,Basic,Lucknow,5,4,3,12,Champions
CUST00154,4,8,67028.06,8378.5075,2023-11-13,2024-06-26,226,504,0.5309734513274337,Lata Desai,Platinum,Mumbai,2,2,3,7,Potential Loyalists
CUST00155,6,13,93536.01,7195.077692307692,2023-02-09,2024-06-01,478,529,0.37656903765690375,Sunita Das,Basic,Delhi,2,4,4,10,Loyal Customers
CUST00156,8,14,88507.73,6321.980714285714,2023-03-27,2024-11-19,603,358,0.3980099502487562,Vivaan Desai,Silver,Kolkata,5,5,4,14,Champions
CUST00157,2,3,45300.84,15100.279999999999,2023-12-11,2023-12-16,5,697,2.0,Rekha Joshi,Platinum,Hyderabad,1,1,2,4,Lost Customers
CUST00158,7,10,73883.97,7388.397,2023-03-31,2024-11-20,600,357,0.35,Aditya Mishra,Silver,Ahmedabad,5,4,4,13,Champions
CUST00159,3,6,33677.26,5612.876666666667,2023-09-23,2024-07-15,296,485,0.30405405405405406,Meera Iyer,Gold,Jaipur,2,1,1,4,Lost Customers
CUST00160,10,25,225537.5,9021.5,2023-01-30,2024-10-21,630,387,0.47619047619047616,Manoj Pandey,Gold,Hyderabad,4,5,5,14,Champions
CUST00161,2,5,21788.989999999998,4357.798,2023-02-13,2023-08-26,194,809,0.30927835051546393,Riya Gupta,Platinum,Jaipur,1,1,1,3,Lost Customers
CUST00162,4,7,34981.13,4997.3042857142855,2023-11-26,2024-11-15,355,362,0.3380281690140845,Sai Joshi,Gold,Delhi,5,2,2,9,Potential Loyalists
CUST00163,5,10,75402.66,7540.2660000000005,2023-04-29,2025-07-22,815,113,0.18404907975460122,Deepak Verma,Platinum,Hyderabad,5,3,4,12,Champions
CUST00164,4,7,75608.53,10801.218571428572,2023-11-01,2024-02-06,97,645,1.2371134020618557,Sanjay Menon,Basic,Pune,1,2,4,7,Potential Loyalists
CUST00165,8,16,112548.92,7034.3075,2023-04-04,2024-10-29,574,379,0.4181184668989547,Sanjay Desai,Basic,Chennai,4,5,5,14,Champions
CUST00166,3,4,35114.18,8778.545,2023-01-14,2023-08-13,211,822,0.4265402843601896,Sita Kumar,Platinum,Delhi,1,1,2,4,Lost Customers
CUST00167,2,8,56633.05,7079.13125,2023-11-02,2024-02-16,106,635,0.5660377358490566,Diya Rao,Basic,Unknown,1,1,3,5,At Risk
CUST00168,4,6,28764.8,4794.133333333333,2023-07-10,2024-10-19,467,389,0.2569593147751606,Nisha Reddy,Basic,Kolkata,4,2,1,7,Potential Loyalists
CUST00169,5,13,69367.39,5335.953076923077,2023-05-30,2024-09-07,466,431,0.3218884120171674,Amit Gupta,Gold,Hyderabad,3,3,3,9,Potential Loyalists
CUST00170,4,9,55365.52,6151.724444444444,2024-05-07,2024-10-17,163,391,0.7361963190184049,Priya Kumar,Basic,Delhi,4,2,3,9,Potential Loyalists
CUST00171,1,1,945.94,945.94,2023-03-09,2023-03-09,0,979,1.0,Ishaan Mukherjee,Gold,Jaipur,1,1,1,3,Lost Customers
CUST00172,4,11,85790.1,7799.1,2023-03-23,2024-02-03,317,648,0.37854889589905366,Sita Gupta,Basic,Pune,1,2,4,7,Potential Loyalists
CUST00173,3,7,92922.77,13274.68142857143,2023-04-08,2024-02-10,308,641,0.2922077922077922,Radha Patel,Basic,Jaipur,1,1,4,6,At Risk
CUST00174,6,11,77961.45999999999,7087.405454545454,2023-01-23,2024-10-25,641,383,0.28081123244929795,Amit Menon,Gold,Chennai,4,4,4,12,Champions
CUST00175,2,6,32244.55,5374.091666666666,2023-07-10,2024-08-10,397,459,0.15113350125944586,Lata Das,Silver,Kolkata,3,1,1,5,At Risk
CUST00176,6,10,46628.62,4662.862,2023-02-14,2024-11-07,632,370,0.2848101265822785,Rohit Banerjee,Basic,Lucknow,5,4,2,11,Loyal Customers
CUST00177,5,10,56890.06,5689.005999999999,2023-06-04,2024-11-14,529,363,0.2835538752362949,Rajesh Mukherjee,Platinum,Lucknow,5,3,3,11,Loyal Customers
CUST00178,8,18,114867.26,6381.514444444444,2023-02-28,2024-08-06,525,463,0.45714285714285713,Pooja Chauhan,Silver,Pune,3,5,5,13,Champions
CUST00179,7,15,71806.1,4787.073333333334,2023-05-24,2024-07-31,434,469,0.4838709677419355,Rahul Joshi,Silver,Bangalore,2,4,3,9,Potential Loyalists
CUST00180,3,6,18701.95,3116.991666666667,2023-06-04,2024-02-27,268,624,0.33582089552238803,Riya Chauhan,Basic,Delhi,1,1,1,3,Lost Customers
CUST00181,5,12,69016.07,5751.339166666668,2023-04-29,2024-05-10,377,551,0.3978779840848806,Rahul Banerjee,Silver,Bangalore,2,3,3,8,Potential Loyalists
CUST00182,3,6,29707.300000000003,4951.216666666667,2023-03-03,2023-12-19,291,694,0.30927835051546393,Vivaan Gupta,Platinum,Ahmedabad,1,1,1,3,Lost Customers
CUST00183,4,10,41905.57,4190.557,2023-10-21,2024-08-29,313,440,0.38338658146964855,Gita Rao,Basic,Ahmedabad,3,2,2,7,Potential Loyalists
CUST00184,6,14,109216.45999999999,7801.175714285714,2023-02-12,2024-03-17,399,605,0.45112781954887216,Aditya Pandey,Silver,Hyderabad,1,4,5,10,Loyal Customers
CUST00185,3,3,15304.33,5101.443333333334,2023-10-08,2024-05-20,225,541,0.4,Riya Mukherjee,Basic,Jaipur,2,1,1,4,Lost Customers
CUST00186,7,14,100140.96,7152.925714285715,2023-01-07,2024-04-07,456,584,0.46052631578947373,Geeta Desai,Platinum,Hyderabad,1,4,4,9,Potential Loyalists
CUST00187,7,14,87989.66,6284.975714285714,2023-04-02,2024-05-31,425,530,0.49411764705882355,Meera Menon,Silver,Hyderabad,2,4,4,10,Loyal Customers
CUST00188,2,4,6155.01,1538.7525,2023-02-02,2023-08-03,182,832,0.32967032967032966,Pooja Banerjee,Platinum,Lucknow,1,1,1,3,Lost Customers
CUST00189,6,14,79305.09,5664.649285714286,2023-03-12,2024-08-13,520,456,0.3461538461538462,Rajesh Banerjee,Platinum,Delhi,3,4,4,11,Loyal Customers
CUST00190,8,22,144159.38,6552.699090909091,2023-01-08,2025-05-10,853,186,0.2813599062133646,Radha Rao,Platinum,Mumbai,5,5,5,15,Champions
CUST00191,7,14,85465.81,6104.700714285714,2023-01-24,2024-05-30,492,531,0.426829268292683,Priya Sharma,Platinum,Delhi,2,4,4,10,Loyal Customers
CUST00192,4,9,47201.68,5244.631111111111,2024-06-17,2024-10-30,135,378,0.8888888888888888,Meera Verma,Silver,Lucknow,4,2,2,8,Potential Loyalists
CUST00193,3,8,38629.58,4828.6975,2023-01-10,2024-06-11,518,519,0.17374517374517376,Sunil Das,Gold,Bangalore,2,1,2,5,At Risk
CUST00194,5,18,110348.56,6130.475555555556,2023-01-11,2024-09-23,621,415,0.24154589371980678,Riya Das,Gold,Chennai,4,3,5,12,Champions
CUST00195,7,9,73294.85,8143.872222222223,2023-02-09,2024-01-19,344,663,0.6104651162790697,Riya Mishra,Platinum,Jaipur,1,4,3,8,Potential Loyalists
CUST00196,5,9,37139.33,4126.5922222222225,2023-02-02,2024-10-27,633,381,0.23696682464454974,Amit Chauhan,Platinum,Delhi,4,3,2,9,Potential Loyalists
CUST00197,1,1,1153.83,1153.83,2023-10-28,2023-10-28,0,746,1.0,Ishaan Singh,Silver,Kolkata,1,1,1,3,Lost Customers
CUST00198,5,11,76901.06,6991.005454545454,2023-01-29,2024-07-19,537,481,0.2793296089385475,Reyansh Tiwari,Basic,Mumbai,2,3,4,9,Potential Loyalists
CUST00199,4,11,96430.14,8766.376363636364,2024-02-23,2024-11-09,260,368,0.46153846153846156,Rajesh Rao,Gold,Bangalore,5,2,4,11,Loyal Customers
CUST00200,3,6,22223.489999999998,3703.9149999999995,2023-05-17,2024-03-23,311,599,0.28938906752411575,Rekha Verma,Silver,Chennai,1,1,1,3,Lost Customers
CUST00201,5,12,52122.93,4343.5775,2023-01-23,2024-09-24,610,414,0.24590163934426232,Aditya Sharma,Basic,Kolkata,4,3,2,9,Potential Loyalists
CUST00202,7,18,115932.26,6440.681111111111,2023-09-10,2024-11-15,432,362,0.4861111111111111,Kavita Chauhan,Basic,Bangalore,5,4,5,14,Champions
CUST00203,3,7,56707.579999999994,8101.0828571428565,2023-11-23,2024-11-03,346,374,0.26011560693641617,Rohit Mishra,Silver,Mumbai,4,1,3,8,Potential Loyalists
CUST00204,9,16,85858.19,5366.136875,2023-01-18,2024-08-27,587,442,0.4599659284497445,Suresh Singh,Platinum,Delhi,3,5,4,12,Champions
CUST00205,3,5,22280.19,4456.038,2023-01-18,2024-09-18,609,420,0.14778325123152708,Riya Joshi,Basic,Ahmedabad,3,1,1,5,At Risk
CUST00206,5,8,36621.08,4577.635,2023-01-31,2024-11-10,649,367,0.23112480739599384,Pooja Patel,Gold,Ahmedabad,5,3,2,10,Loyal Customers
CUST00207,8,19,227935.71,11996.616315789473,2023-02-11,2024-10-04,601,404,0.39933444259567386,Ishaan Rao,Gold,Chennai,4,5,5,14,Champions
CUST00208,6,11,51967.26,4724.296363636364,2023-06-25,2024-09-05,438,433,0.4109589041095891,Kavya Mukherjee,Platinum,Chennai,3,4,2,9,Potential Loyalists
CUST00209,4,5,30360.82,6072.164,2023-04-27,2024-09-09,501,429,0.23952095808383234,Kavita Reddy,Silver,Jaipur,3,2,1,6,At Risk
CUST00210,6,16,66206.62,4137.91375,2023-01-18,2024-11-29,681,348,0.2643171806167401,Radha Rao,Platinum,Chennai,5,4,3,12,Champions
CUST00211,3,5,71533.54999999999,14306.709999999997,2023-10-30,2024-06-26,240,504,0.375,Geeta Chauhan,Basic,Mumbai,2,1,3,6,At Risk
CUST00212,4,6,25525.49,4254.248333333334,2023-05-16,2024-05-22,372,539,0.3225806451612903,Manoj Desai,Basic,Mumbai,2,2,1,5,At Risk
CUST00213,2,3,16164.16,5388.053333333333,2024-02-09,2024-03-28,48,594,1.25,Ishaan Tiwari,Platinum,Bangalore,1,1,1,3,Lost Customers
CUST00214,4,6,37984.329999999994,6330.721666666665,2023-03-15,2024-09-19,554,419,0.21660649819494587,Krishna Patel,Silver,Hyderabad,3,2,2,7,Potential Loyalists
CUST00215,6,9,32940.990000000005,3660.1100000000006,2023-01-12,2024-04-06,450,585,0.4,Manoj Das,Silver,Jaipur,1,4,1,6,At Risk
CUST00216,3,3,23508.32,7836.106666666667,2023-07-15,2024-09-28,441,410,0.20408163265306123,Aditya Tiwari,Silver,Delhi,4,1,1,6,At Risk
CUST00217,5,8,69634.34,8704.2925,2023-05-06,2024-11-24,568,353,0.2640845070422535,Kavya Verma,Silver,Mumbai,5,3,3,11,Loyal Customers
CUST00218,5,12,77686.59,6473.8825,2024-02-22,2024-09-08,199,430,0.7537688442211055,Anjali Banerjee,Gold,Kolkata,3,3,4,10,Loyal Customers
CUST00219,3,8,57683.47,7210.43375,2023-03-26,2024-07-18,480,482,0.1875,Riya Verma,Silver,Kolkata,2,1,3,6,At Risk
CUST00220,5,13,56326.340000000004,4332.795384615385,2023-01-27,2024-08-25,576,444,0.2604166666666667,Vikram Menon,Platinum,Hyderabad,3,3,3,9,Potential Loyalists
CUST00221,7,16,112720.31,7045.019375,2023-01-12,2024-07-16,551,484,0.3811252268602541,Pooja Kumar,Platinum,Chennai,2,4,5,11,Loyal Customers
CUST00222,7,16,82759.62,5172.47625,2023-01-07,2024-07-22,562,478,0.3736654804270462,Rohit Gupta,Basic,Chennai,2,4,4,10,Loyal Customers
CUST00223,9,11,112787.91,10253.446363636363,2023-02-06,2024-10-30,632,378,0.4272151898734177,Gita Verma,Silver,Lucknow,4,5,5,14,Champions
CUST00224,4,10,69178.67,6917.867,2023-03-11,2024-07-28,505,472,0.23762376237623764,Neha Reddy,Silver,Mumbai,2,2,3,7,Potential Loyalists
CUST00225,3,5,23737.69,4747.538,2023-06-03,2023-12-29,209,684,0.43062200956937796,Vikram Chauhan,Gold,Kolkata,1,1,1,3,Lost Customers
CUST00226,6,12,90426.26,7535.5216666666665,2023-07-28,2024-08-24,393,445,0.4580152671755725,Rahul Reddy,Platinum,Ahmedabad,3,4,4,11,Loyal Customers
CUST00227,2,8,57161.0,7145.125,2023-04-10,2024-02-02,298,649,0.20134228187919462,Geeta Banerjee,Gold,Unknown,1,1,3,5,At Risk
CUST00228,4,5,38012.24,7602.447999999999,2023-01-28,2024-08-04,554,465,0.21660649819494587,Nisha Das,Gold,Chennai,3,2,2,7,Potential Loyalists
CUST00229,4,8,105444.61,13180.57625,2023-04-16,2024-08-10,482,459,0.24896265560165975,Ananya Kumar,Silver,Hyderabad,3,2,5,10,Loyal Customers
CUST00230,6,16,96897.84999999999,6056.115624999999,2023-02-26,2024-10-16,598,392,0.3010033444816054,Vihaan Sharma,Silver,Delhi,4,4,4,12,Champions
CUST00231,4,9,50708.94,5634.326666666667,2023-10-26,2024-05-30,217,531,0.5529953917050692,Vihaan Mukherjee,Platinum,Hyderabad,2,2,2,6,At Risk
CUST00232,7,19,85377.35,4493.5447368421055,2023-03-14,2024-10-26,592,382,0.3547297297297297,Vivaan Menon,Gold,Mumbai,4,5,4,13,Champions
CUST00233,3,7,52784.68,7540.668571428571,2023-06-15,2024-06-24,375,506,0.24,Sunita Kumar,Gold,Delhi,2,1,2,5,At Risk
CUST00234,9,21,200034.7,9525.461904761905,2023-02-15,2024-06-07,478,523,0.5648535564853556,Sunil Banerjee,Gold,Pune,2,5,5,12,Champions
CUST00235,3,6,71329.34999999999,11888.224999999999,2023-09-25,2024-05-15,233,546,0.38626609442060084,Vikram Das,Basic,Pune,2,1,3,6,At Risk
CUST00236,7,18,105222.13,5845.673888888889,2023-01-11,2024-11-19,678,358,0.30973451327433627,Sunita Verma,Platinum,Delhi,5,5,5,15,Champions
CUST00237,6,12,58585.72,4882.143333333333,2023-08-20,2024-09-05,382,433,0.47120418848167545,Rekha Banerjee,Silver,Kolkata,3,4,3,10,Loyal Customers
CUST00238,5,14,88847.51000000001,6346.250714285715,2023-05-26,2024-08-21,453,448,0.33112582781456956,Suresh Gupta,Silver,Bangalore,3,3,4,10,Loyal Customers
CUST00239,5,6,57213.29,9535.548333333334,2023-08-26,2024-09-12,383,426,0.39164490861618795,Sai Menon,Basic,Bangalore,3,3,3,9,Potential Loyalists
CUST00240,5,8,44133.3,5516.6625,2023-08-13,2024-07-13,335,487,0.44776119402985076,Gita Pandey,Gold,Lucknow,2,3,2,7,Potential Loyalists
CUST00241,6,13,102303.45,7869.496153846154,2023-01-13,2024-08-25,590,444,0.30508474576271183,Diya Banerjee,Basic,Pune,3,4,4,11,Loyal Customers
CUST00242,2,6,42288.76,7048.126666666667,2023-02-12,2023-06-28,136,868,0.4411764705882353,Vikram Kumar,Gold,Bangalore,1,1,2,4,Lost Customers
CUST00243,5,8,49615.44,6201.93,2023-05-25,2024-07-18,420,482,0.35714285714285715,Reyansh Kumar,Platinum,Kolkata,2,3,2,7,Potential Loyalists
CUST00244,4,9,71932.8,7992.533333333334,2023-02-12,2024-07-14,518,486,0.23166023166023167,Amit Das,Gold,Delhi,2,2,3,7,Potential Loyalists
CUST00245,2,3,26529.48,8843.16,2023-08-02,2024-07-30,363,470,0.1652892561983471,Geeta Nair,Silver,Delhi,2,1,1,4,Lost Customers
CUST00246,6,8,60684.97,7585.62125,2023-08-21,2025-04-09,597,217,0.30150753768844224,Arjun Patel,Platinum,Bangalore,5,4,3,12,Champions
CUST00247,6,8,50191.119999999995,6273.889999999999,2023-01-20,2024-06-20,517,510,0.3481624758220503,Nisha Mukherjee,Platinum,Chennai,2,4,2,8,Potential Loyalists
CUST00248,6,17,129638.23,7625.778235294118,2023-01-29,2023-12-28,333,685,0.5405405405405406,Vikram Joshi,Platinum,Lucknow,1,4,5,10,Loyal Customers
CUST00249,7,16,109496.95999999999,6843.5599999999995,2023-02-17,2024-09-10,571,428,0.3677758318739054,Meera Joshi,Gold,Chennai,3,5,5,13,Champions
CUST00250,3,7,35752.950000000004,5107.564285714287,2023-02-12,2023-04-16,63,941,1.4285714285714286,Vikram Iyer,Basic,Hyderabad,1,1,2,4,Lost Customers
CUST00251,1,3,7249.6,2416.5333333333333,2023-06-21,2023-06-21,0,875,1.0,Vivaan Chauhan,Gold,Jaipur,1,1,1,3,Lost Customers
CUST00252,12,21,170439.64,8116.173333333334,2023-02-19,2024-08-14,542,455,0.6642066420664207,Kavya Iyer,Platinum,Kolkata,3,5,5,13,Champions
CUST00253,8,16,97361.68000000001,6085.1050000000005,2023-05-23,2024-10-15,511,393,0.46966731898238745,Kavita Tiwari,Gold,Jaipur,4,5,4,13,Champions
CUST00254,4,11,114144.20999999999,10376.746363636363,2023-05-20,2024-08-20,458,449,0.26200873362445415,Ananya Mukherjee,Platinum,Hyderabad,3,2,5,10,Loyal Customers
CUST00255,5,9,64065.77,7118.418888888888,2023-04-18,2024-04-29,377,562,0.3978779840848806,Aisha Nair,Silver,Unknown,2,3,3,8,Potential Loyalists
CUST00256,7,13,83160.84,6396.987692307692,2023-04-18,2024-11-10,572,367,0.36713286713286714,Amit Sharma,Gold,Bangalore,5,5,4,14,Champions
CUST00257,8,13,88609.16,6816.089230769231,2023-02-21,2024-08-12,538,457,0.44609665427509293,Amit Mishra,Silver,Bangalore,3,5,4,12,Champions
CUST00258,5,12,51811.91,4317.659166666667,2023-02-01,2024-09-24,601,414,0.24958402662229615,Rahul Gupta,Basic,Ahmedabad,4,3,2,9,Potential Loyalists
CUST00259,2,2,8192.119999999999,4096.0599999999995,2024-04-03,2024-10-20,200,388,0.3,Sunita Patel,Gold,Chennai,4,1,1,6,At Risk
CUST00260,7,18,123647.78,6869.321111111111,2023-01-14,2024-04-26,468,565,0.44871794871794873,Diya Tiwari,Silver,Bangalore,1,5,5,11,Loyal Customers
CUST00261,5,9,45263.89,5029.321111111111,2023-07-16,2024-09-04,416,434,0.3605769230769231,Riya Gupta,Silver,Chennai,3,3,2,8,Potential Loyalists
CUST00262,6,11,84411.69,7673.79,2023-04-05,2024-11-07,582,370,0.30927835051546393,Sunita Joshi,Platinum,Ahmedabad,5,4,4,13,Champions
CUST00263,5,9,56036.329999999994,6226.258888888889,2023-01-11,2024-06-12,518,518,0.2895752895752896,Lata Banerjee,Gold,Kolkata,2,3,3,8,Potential Loyalists
CUST00264,3,3,14703.92,4901.306666666666,2024-05-23,2024-11-18,179,359,0.5027932960893855,Kavita Pandey,Silver,Bangalore,5,1,1,7,Potential Loyalists
CUST00265,5,14,72905.72,5207.551428571429,2023-09-29,2024-10-05,372,403,0.4032258064516129,Geeta Patel,Silver,Bangalore,4,3,3,10,Loyal Customers
CUST00266,2,2,2958.99,1479.495,2023-05-05,2023-05-23,18,904,2.0,Aarav Rao,Platinum,Hyderabad,1,1,1,3,Lost Customers
CUST00267,5,7,65450.75,9350.107142857143,2023-02-05,2024-05-31,481,530,0.3118503118503118,Deepak Rao,Basic,Pune,2,3,3,8,Potential Loyalists
CUST00268,4,8,86872.0,10859.0,2023-03-12,2023-12-01,264,712,0.45454545454545453,Sunil Banerjee,Basic,Bangalore,1,2,4,7,Potential Loyalists
CUST00269,3,9,55625.3,6180.588888888889,2023-08-14,2024-11-02,446,375,0.20179372197309417,Deepak Das,Basic,Mumbai,4,1,3,8,Potential Loyalists
CUST00270,6,16,95776.92,5986.0575,2023-04-15,2024-06-15,427,515,0.4215456674473068,Sai Chauhan,Silver,Hyderabad,2,4,4,10,Loyal Customers
CUST00271,5,13,89242.93000000001,6864.84076923077,2023-02-02,2024-07-03,517,497,0.2901353965183752,Neha Reddy,Gold,Bangalore,2,3,4,9,Potential Loyalists
CUST00272,6,15,91579.48999999999,6105.2993333333325,2023-01-26,2024-10-10,623,398,0.28892455858747995,Shreya Banerjee,Basic,Kolkata,4,4,4,12,Champions
CUST00273,5,12,52637.41,4386.450833333333,2023-06-20,2024-11-07,506,370,0.2964426877470356,Ishaan Nair,Silver,Bangalore,5,3,2,10,Loyal Customers
CUST00274,5,11,91739.71,8339.973636363637,2023-03-09,2024-10-12,583,396,0.25728987993138935,Vikram Chauhan,Platinum,Pune,4,3,4,11,Loyal Customers
CUST00275,3,4,13675.869999999999,3418.9674999999997,2023-03-19,2023-12-04,260,709,0.3461538461538462,Radha Sharma,Gold,Hyderabad,1,1,1,3,Lost Customers
CUST00276,5,7,44645.850000000006,6377.978571428573,2023-04-14,2024-09-30,535,408,0.28037383177570097,Nisha Iyer,Gold,Chennai,4,3,2,9,Potential Loyalists
CUST00277,3,4,28855.3,7213.825,2023-07-12,2024-11-29,506,348,0.17786561264822134,Aditya Singh,Basic,Mumbai,5,1,1,7,Potential Loyalists
CUST00278,5,9,70219.67,7802.185555555556,2023-07-30,2024-03-29,243,593,0.617283950617284,Priya Kumar,Silver,Pune,1,3,3,7,Potential Loyalists
CUST00279,3,7,28920.3,4131.471428571428,2023-01-07,2024-02-04,393,647,0.22900763358778625,Vihaan Pandey,Silver,Bangalore,1,1,1,3,Lost Customers
CUST00280,8,19,149016.03,7842.948947368421,2023-02-11,2024-09-20,587,418,0.4088586030664395,Ishaan Banerjee,Platinum,Delhi,3,5,5,13,Champions
CUST00281,4,7,58383.28,8340.468571428572,2023-01-15,2024-09-28,622,410,0.19292604501607716,Manoj Kumar,Silver,Delhi,4,2,3,9,Potential Loyalists
CUST00282,9,17,113092.88,6652.522352941177,2023-05-28,2024-11-14,536,363,0.503731343283582,Ishaan Pandey,Basic,Kolkata,5,5,5,15,Champions
CUST00283,4,7,36957.03,5279.575714285714,2023-12-29,2024-06-05,159,525,0.7547169811320755,Shaurya Tiwari,Silver,Chennai,2,2,2,6,At Risk
CUST00284,4,4,33260.0,8315.0,2023-11-14,2024-11-22,374,355,0.32085561497326204,Amit Tiwari,Silver,Pune,5,2,1,8,Potential Loyalists
CUST00285,7,22,217277.84,9876.265454545455,2023-02-11,2024-08-01,537,468,0.3910614525139665,Shreya Sharma,Silver,Lucknow,3,5,5,13,Champions
CUST00286,3,5,33177.82,6635.564,2023-06-18,2024-03-22,278,600,0.3237410071942446,Kavya Rao,Silver,Mumbai,1,1,1,3,Lost Customers
CUST00287,5,8,39061.35,4882.66875,2023-06-21,2024-11-30,528,347,0.28409090909090906,Sanjay Joshi,Platinum,Mumbai,5,3,2,10,Loyal Customers
CUST00288,3,4,13773.54,3443.385,2023-02-09,2024-11-24,654,353,0.13761467889908258,Vivaan Banerjee,Gold,Delhi,5,1,1,7,Potential Loyalists
CUST00289,2,6,53319.200000000004,8886.533333333335,2024-10-02,2024-10-19,17,389,2.0,Kavita Mishra,Platinum,Pune,4,1,2,7,Potential Loyalists
CUST00290,10,23,217178.27,9442.53347826087,2023-01-28,2024-10-28,639,380,0.4694835680751174,Riya Gupta,Silver,Bangalore,4,5,5,14,Champions
CUST00291,4,5,17574.85,3514.97,2023-07-29,2024-10-16,445,392,0.2696629213483146,Pooja Tiwari,Silver,Delhi,4,2,1,7,Potential Loyalists
CUST00292,6,13,91349.76,7026.904615384615,2023-01-06,2024-11-25,689,352,0.2612481857764877,Pooja Patel,Silver,Mumbai,5,4,4,13,Champions
CUST00293,6,15,134186.27000000002,8945.751333333335,2023-01-01,2024-09-02,610,436,0.29508196721311475,Ananya Desai,Basic,Kolkata,3,4,5,12,Champions
CUST00294,2,3,22283.760000000002,7427.920000000001,2024-06-01,2024-09-02,93,436,0.6451612903225806,Sita Gupta,Gold,Kolkata,3,1,1,5,At Risk
CUST00295,4,7,39485.5,5640.785714285715,2023-05-21,2024-06-25,401,505,0.29925187032418954,Reyansh Banerjee,Silver,Kolkata,2,2,2,6,At Risk
CUST00296,6,15,107763.38,7184.225333333334,2023-06-06,2024-07-08,398,492,0.4522613065326633,Kavya Verma,Platinum,Mumbai,2,4,5,11,Loyal Customers
CUST00297,11,18,108776.42,6043.134444444444,2023-02-08,2024-11-12,643,365,0.5132192846034215,Anjali Joshi,Gold,Pune,5,5,5,15,Champions
CUST00298,6,7,47631.17,6804.452857142857,2023-01-30,2024-09-15,594,423,0.30303030303030304,Diya Nair,Platinum,Mumbai,3,4,2,9,Potential Loyalists
CUST00299,7,14,135604.3,9686.021428571428,2023-02-03,2024-08-24,568,445,0.36971830985915494,Sunil Sharma,Gold,Jaipur,3,5,5,13,Champions
CUST00300,3,6,29240.6,4873.433333333333,2023-03-03,2024-11-29,637,348,0.14128728414442698,Nisha Reddy,Silver,Lucknow,5,1,1,7,Potential Loyalists
CUST00301,11,18,144175.42,8009.745555555556,2023-04-07,2024-11-07,580,370,0.5689655172413793,Rohit Sharma,Gold,Mumbai,5,5,5,15,Champions
CUST00302,4,13,112756.42,8673.57076923077,2023-06-22,2024-09-18,454,420,0.2643171806167401,Shaurya Iyer,Silver,Mumbai,3,2,5,10,Loyal Customers
CUST00303,2,2,4097.84,2048.92,2023-05-13,2024-09-21,497,417,0.12072434607645875,Radha Singh,Platinum,Delhi,4,1,1,6,At Risk
CUST00304,6,16,107630.71,6726.919375,2023-02-14,2024-11-22,647,355,0.2782071097372488,Kavya Mishra,Platinum,Bangalore,5,4,5,14,Champions
CUST00305,6,14,168148.59,12010.613571428572,2023-08-26,2024-07-13,322,487,0.5590062111801243,Ishaan Banerjee,Basic,Chennai,2,4,5,11,Loyal Customers
CUST00306,2,5,42825.74,8565.148,2023-05-11,2023-12-17,220,696,0.27272727272727276,Neha Chauhan,Gold,Hyderabad,1,1,2,4,Lost Customers
CUST00307,6,9,89096.67,9899.63,2023-01-10,2024-08-26,594,443,0.30303030303030304,Shaurya Gupta,Platinum,Hyderabad,3,4,4,11,Loyal Customers
CUST00308,5,10,66627.52,6662.752,2023-03-19,2024-06-15,454,515,0.3303964757709251,Vivaan Pandey,Silver,Bangalore,2,3,3,8,Potential Loyalists
CUST00309,5,7,12285.880000000001,1755.1257142857144,2023-01-11,2024-07-19,555,481,0.2702702702702703,Anjali Kumar,Gold,Unknown,2,3,1,6,At Risk
CUST00310,4,8,27605.69,3450.71125,2023-01-01,2024-10-24,662,384,0.18126888217522658,Vivaan Gupta,Silver,Delhi,4,2,1,7,Potential Loyalists
CUST00311,7,20,107012.27,5350.6135,2023-01-01,2024-10-17,655,391,0.3206106870229008,Vihaan Patel,Platinum,Ahmedabad,4,5,5,14,Champions
CUST00312,4,9,53513.2,5945.911111111111,2023-08-10,2024-11-21,469,356,0.255863539445629,Amit Reddy,Gold,Bangalore,5,2,3,10,Loyal Customers
CUST00313,2,3,3929.58,1309.86,2023-09-18,2024-02-07,142,644,0.4225352112676056,Shreya Rao,Platinum,Chennai,1,1,1,3,Lost Customers
CUST00314,6,12,74245.18,6187.098333333332,2023-03-31,2024-07-12,469,488,0.3837953091684435,Kavya Das,Gold,Jaipur,2,4,4,10,Loyal Customers
CUST00315,5,13,68651.79,5280.906923076923,2023-04-15,2024-07-01,443,499,0.3386004514672686,Rahul Pandey,Basic,Jaipur,2,3,3,8,Potential Loyalists
CUST00316,3,6,53166.43,8861.071666666667,2023-01-10,2025-04-05,816,221,0.11029411764705882,Sunita Desai,Silver,Ahmedabad,5,1,2,8,Potential Loyalists
CUST00317,4,5,19989.61,3997.922,2023-04-03,2024-11-03,580,374,0.20689655172413796,Anjali Banerjee,Silver,Mumbai,4,2,1,7,Potential Loyalists
CUST00318,3,8,24088.54,3011.0675,2023-01-07,2023-11-25,322,718,0.27950310559006214,Amit Banerjee,Silver,Mumbai,1,1,1,3,Lost Customers
CUST00319,2,4,31827.68,7956.92,2023-05-27,2024-10-21,513,387,0.11695906432748537,Anjali Mukherjee,Platinum,Mumbai,4,1,1,6,At Risk
CUST00320,5,16,100580.31,6286.269375,2023-05-01,2024-04-25,360,566,0.4166666666666667,Diya Joshi,Silver,Hyderabad,1,3,4,8,Potential Loyalists
CUST00321,2,6,22458.0,3743.0,2023-07-10,2024-02-07,212,644,0.2830188679245283,Arjun Desai,Basic,Hyderabad,1,1,1,3,Lost Customers
CUST00322,10,25,206776.18,8271.047199999999,2023-03-06,2024-11-12,617,365,0.4862236628849271,Nisha Joshi,Gold,Pune,5,5,5,15,Champions
CUST00323,5,11,61372.53,5579.320909090909,2023-04-25,2024-10-24,548,384,0.2737226277372263,Ishaan Patel,Platinum,Kolkata,4,3,3,10,Loyal Customers
CUST00324,6,14,119337.88,8524.134285714286,2023-01-07,2024-05-13,492,548,0.3658536585365854,Anjali Banerjee,Silver,Lucknow,2,4,5,11,Loyal Customers
CUST00325,8,14,139091.91,9935.136428571428,2023-01-26,2024-09-01,584,437,0.4109589041095891,Sai Joshi,Gold,Bangalore,3,5,5,13,Champions
CUST00326,3,5,47805.62,9561.124,2023-09-15,2024-06-27,286,503,0.3146853146853147,Aarav Verma,Platinum,Delhi,2,1,2,5,At Risk
CUST00327,4,7,42985.799999999996,6140.828571428571,2023-02-14,2024-10-18,612,390,0.19607843137254904,Reyansh Rao,Silver,Pune,4,2,2,8,Potential Loyalists
CUST00328,9,18,139220.92,7734.495555555556,2023-01-18,2024-05-27,495,534,0.5454545454545454,Aisha Singh,Silver,Unknown,2,5,5,12,Champions
CUST00329,4,8,61550.36,7693.795,2023-03-02,2024-06-17,473,513,0.2536997885835095,Rohit Mukherjee,Basic,Delhi,2,2,3,7,Potential Loyalists
CUST00330,7,18,102753.56999999999,5708.531666666666,2023-01-25,2024-10-25,639,383,0.32863849765258213,Vihaan Singh,Silver,Bangalore,4,5,4,13,Champions
CUST00331,16,35,238678.43,6819.383714285714,2023-02-03,2024-10-21,626,387,0.7667731629392971,Kavya Singh,Platinum,Kolkata,4,5,5,14,Champions
CUST00332,3,10,32239.260000000002,3223.9260000000004,2023-07-08,2024-07-14,372,486,0.24193548387096772,Meera Reddy,Silver,Lucknow,2,1,1,4,Lost Customers
CUST00333,4,9,52098.97,5788.774444444444,2023-06-07,2024-07-21,410,479,0.29268292682926833,Suresh Rao,Basic,Kolkata,2,2,2,6,At Risk
CUST00334,4,11,71248.42,6477.12909090909,2023-11-20,2025-11-12,723,0,0.16597510373443983,Diya Chauhan,Platinum,Hyderabad,5,2,3,10,Loyal Customers
CUST00335,9,17,102306.85,6018.05,2023-03-26,2024-08-08,501,461,0.5389221556886228,Sai Desai,Silver,Delhi,3,5,4,12,Champions
CUST00336,4,7,4988.839999999997,712.6914285714282,2023-03-12,2023-12-09,272,704,0.4411764705882353,Meera Banerjee,Gold,Jaipur,1,2,1,4,Lost Customers
CUST00337,5,15,127348.76,8489.917333333333,2023-02-06,2024-11-01,634,376,0.23659305993690852,Sita Mukherjee,Platinum,Jaipur,4,3,5,12,Champions
CUST00338,6,11,64589.560000000005,5871.778181818182,2023-05-06,2024-09-19,502,419,0.3585657370517928,Aditya Tiwari,Silver,Bangalore,3,4,3,10,Loyal Customers
CUST00339,7,14,97219.95999999999,6944.282857142856,2023-06-08,2024-08-27,446,442,0.4708520179372197,Sai Pandey,Gold,Delhi,3,5,4,12,Champions
CUST00340,3,5,17476.39,3495.278,2023-02-15,2023-12-28,316,685,0.2848101265822785,Krishna Tiwari,Basic,Pune,1,1,1,3,Lost Customers
CUST00341,3,3,29389.440000000002,9796.480000000001,2023-01-17,2023-05-24,127,903,0.7086614173228346,Rajesh Iyer,Platinum,Hyderabad,1,1,1,3,Lost Customers
CUST00342,3,5,34396.68,6879.336,2024-01-11,2024-09-07,240,431,0.375,Aditya Pandey,Basic,Pune,3,1,1,5,At Risk
CUST00343,5,8,61339.93,7667.49125,2023-03-25,2024-11-25,611,352,0.24549918166939444,Pooja Iyer,Silver,Kolkata,5,3,3,11,Loyal Customers
CUST00344,6,8,58375.49,7296.93625,2023-04-09,2024-11-28,599,349,0.3005008347245409,Gita Gupta,Silver,Pune,5,4,3,12,Champions
CUST00345,5,14,177033.08000000002,12645.220000000001,2023-04-16,2024-09-21,524,417,0.28625954198473286,Ananya Gupta,Platinum,Jaipur,4,3,5,12,Champions
CUST00346,8,20,143498.93,7174.9465,2023-08-17,2024-09-24,404,414,0.594059405940594,Priya Reddy,Basic,Unknown,4,5,5,14,Champions
CUST00347,2,4,32373.72,8093.43,2023-04-22,2024-05-01,375,560,0.16,Kavita Pandey,Basic,Ahmedabad,2,1,1,4,Lost Customers
CUST00348,2,4,43134.71,10783.6775,2023-02-11,2024-07-26,531,474,0.11299435028248588,Radha Das,Silver,Ahmedabad,2,1,2,5,At Risk
CUST00349,2,5,41204.159999999996,8240.831999999999,2023-07-27,2023-12-02,128,711,0.46875,Vihaan Patel,Silver,Unknown,1,1,2,4,Lost Customers
CUST00350,6,10,52298.76,5229.876,2023-05-01,2024-10-25,543,383,0.3314917127071823,Vivaan Sharma,Silver,Jaipur,4,4,2,10,Loyal Customers
CUST00351,2,6,40962.36,6827.06,2023-01-02,2024-05-05,489,556,0.12269938650306748,Riya Tiwari,Platinum,Kolkata,2,1,2,5,At Risk
CUST00352,5,7,61758.33,8822.618571428571,2023-02-13,2024-06-01,474,529,0.3164556962025316,Radha Singh,Gold,Pune,2,3,3,8,Potential Loyalists
CUST00353,1,3,17721.95,5907.316666666667,2023-10-27,2023-10-27,0,747,1.0,Meera Gupta,Gold,Delhi,1,1,1,3,Lost Customers
CUST00354,4,11,39510.119999999995,3591.8290909090906,2023-07-16,2024-05-14,303,547,0.39603960396039606,Vihaan Mukherjee,Silver,Chennai,2,2,2,6,At Risk
CUST00355,5,12,32168.729999999996,2680.7274999999995,2024-01-03,2024-11-17,319,360,0.4702194357366771,Vikram Verma,Silver,Pune,5,3,1,9,Potential Loyalists
CUST00356,4,7,77625.05,11089.292857142858,2023-04-12,2024-07-20,465,480,0.25806451612903225,Amit Menon,Silver,Ahmedabad,2,2,4,8,Potential Loyalists
CUST00357,5,13,88903.87,6838.75923076923,2023-07-09,2024-04-11,277,580,0.5415162454873647,Diya Joshi,Silver,Jaipur,1,3,4,8,Potential Loyalists
CUST00358,5,8,19275.56,2409.445,2023-02-04,2024-03-09,399,613,0.37593984962406013,Sanjay Iyer,Platinum,Hyderabad,1,3,1,5,At Risk
CUST00359,2,3,19798.440000000002,6599.4800000000005,2024-03-20,2024-04-15,26,576,2.0,Meera Reddy,Platinum,Delhi,1,1,1,3,Lost Customers
CUST00360,1,2,33609.03,16804.515,2023-02-16,2023-02-16,0,1000,1.0,Rohit Tiwari,Silver,Chennai,1,1,1,3,Lost Customers
CUST00361,9,17,87318.83,5136.401764705883,2023-02-13,2024-10-16,611,392,0.44189852700490995,Rahul Verma,Gold,Bangalore,4,5,4,13,Champions
CUST00362,4,6,38715.03,6452.505,2023-04-05,2024-10-03,547,405,0.21937842778793418,Sai Kumar,Platinum,Ahmedabad,4,2,2,8,Potential Loyalists
CUST00363,5,14,128757.53,9196.966428571428,2023-01-24,2024-11-27,673,350,0.22288261515601782,Rekha Reddy,Gold,Unknown,5,3,5,13,Champions
CUST00364,6,13,69339.68,5333.821538461538,2023-05-25,2024-11-23,548,354,0.3284671532846716,Pooja Kumar,Gold,Hyderabad,5,4,3,12,Champions
CUST00365,4,7,30018.38,4288.34,2023-05-02,2024-07-31,456,469,0.2631578947368421,Sunita Mukherjee,Platinum,Ahmedabad,2,2,1,5,At Risk
CUST00366,1,3,39460.990000000005,13153.663333333336,2024-05-22,2024-05-22,0,539,1.0,Suresh Sharma,Silver,Bangalore,2,1,2,5,At Risk
CUST00367,5,12,63180.98,5265.081666666667,2023-02-07,2024-10-27,628,381,0.23885350318471338,Aditya Pandey,Basic,Hyderabad,4,3,3,10,Loyal Customers
CUST00368,7,10,56020.6,5602.0599999999995,2023-01-15,2024-09-15,609,423,0.3448275862068965,Rajesh Chauhan,Gold,Delhi,3,5,3,11,Loyal Customers
CUST00369,2,6,51991.46,8665.243333333334,2023-03-29,2024-10-02,553,406,0.10849909584086799,Sunita Iyer,Silver,Delhi,4,1,2,7,Potential Loyalists
CUST00370,8,15,90748.18000000001,6049.878666666667,2023-06-14,2024-10-29,503,379,0.4771371769383698,Shreya Singh,Silver,Delhi,4,5,4,13,Champions
CUST00371,5,6,19747.739999999998,3291.2899999999995,2023-02-03,2024-06-02,485,528,0.3092783505154639,Rajesh Mishra,Platinum,Hyderabad,2,3,1,6,At Risk
CUST00372,2,2,2641.84,1320.92,2023-03-12,2023-04-13,32,944,1.875,Sai Singh,Silver,Mumbai,1,1,1,3,Lost Customers
CUST00373,11,17,112682.22,6628.365882352941,2023-03-16,2024-10-30,594,378,0.5555555555555556,Sunil Mishra,Basic,Chennai,4,5,5,14,Champions
CUST00374,8,15,84068.27,5604.551333333334,2023-01-16,2025-11-03,1022,9,0.23483365949119372,Manoj Singh,Basic,Hyderabad,5,5,4,14,Champions
CUST00375,3,4,18172.31,4543.0775,2023-09-10,2024-02-14,157,637,0.5732484076433121,Lata Iyer,Gold,Ahmedabad,1,1,1,3,Lost Customers
CUST00376,3,6,42428.67,7071.445,2023-04-29,2024-04-16,353,575,0.254957507082153,Meera Tiwari,Basic,Pune,1,1,2,4,Lost Customers
CUST00377,5,5,43350.64,8670.128,2023-04-09,2024-07-01,449,499,0.33407572383073497,Meera Banerjee,Silver,Lucknow,2,3,2,7,Potential Loyalists
CUST00378,3,6,25806.02,4301.003333333333,2023-02-26,2024-06-03,463,527,0.19438444924406048,Ishaan Rao,Platinum,Unknown,2,1,1,4,Lost Customers
CUST00379,8,16,85347.79,5334.236875,2023-05-12,2024-07-02,417,498,0.5755395683453237,Aarav Menon,Silver,Hyderabad,2,5,4,11,Loyal Customers
CUST00380,5,10,61996.43,6199.643,2023-11-07,2025-06-14,585,151,0.2564102564102564,Reyansh Tiwari,Platinum,Lucknow,5,3,3,11,Loyal Customers
CUST00381,1,4,24321.46,6080.365,2023-10-06,2023-10-06,0,768,1.0,Lata Verma,Platinum,Jaipur,1,1,1,3,Lost Customers
CUST00382,4,8,45424.55,5678.06875,2023-04-05,2024-08-15,498,454,0.24096385542168672,Riya Verma,Platinum,Hyderabad,3,2,2,7,Potential Loyalists
CUST00383,4,10,47686.47,4768.647,2023-09-01,2024-09-28,393,410,0.3053435114503817,Deepak Gupta,Gold,Lucknow,4,2,2,8,Potential Loyalists
CUST00384,12,30,222076.42,7402.547333333334,2023-01-26,2024-10-05,618,403,0.5825242718446602,Geeta Das,Gold,Mumbai,4,5,5,14,Champions
CUST00385,4,11,38248.3,3477.118181818182,2023-07-04,2024-08-13,406,456,0.2955665024630542,Anjali Chauhan,Platinum,Mumbai,3,2,2,7,Potential Loyalists
CUST00386,5,8,25862.850000000002,3232.8562500000003,2023-05-27,2024-07-15,415,485,0.3614457831325301,Aarav Joshi,Gold,Chennai,2,3,1,6,At Risk
CUST00387,9,13,115043.26000000001,8849.48153846154,2023-04-01,2024-09-03,521,435,0.5182341650671785,Rajesh Singh,Silver,Bangalore,3,5,5,13,Champions
CUST00388,2,3,20564.82,6854.94,2023-08-17,2024-04-30,257,561,0.23346303501945526,Rohit Singh,Basic,Chennai,2,1,1,4,Lost Customers
CUST00389,5,8,35821.1,4477.6375,2023-12-25,2024-09-18,268,420,0.5597014925373134,Aarav Menon,Platinum,Ahmedabad,3,3,2,8,Potential Loyalists
CUST00390,10,23,157232.01,6836.174347826088,2023-01-28,2024-11-30,672,347,0.44642857142857145,Ishaan Singh,Gold,Bangalore,5,5,5,15,Champions
CUST00391,5,13,87498.5,6730.653846153846,2023-06-02,2024-08-12,437,457,0.34324942791762014,Riya Pandey,Platinum,Chennai,3,3,4,10,Loyal Customers
CUST00392,5,15,101856.94,6790.462666666667,2023-02-07,2024-10-06,607,402,0.2471169686985173,Rahul Das,Silver,Jaipur,4,3,4,11,Loyal Customers
CUST00393,2,6,35107.67,5851.278333333333,2024-07-04,2024-09-18,76,420,0.7894736842105263,Diya Menon,Basic,Bangalore,3,1,2,6,At Risk
CUST00394,10,24,130844.88,5451.87,2023-01-17,2024-10-29,651,379,0.4608294930875576,Rekha Mishra,Basic,Pune,4,5,5,14,Champions
CUST00395,7,18,127733.07,7096.281666666667,2023-01-15,2024-11-18,673,359,0.31203566121842496,Shreya Iyer,Gold,Bangalore,5,5,5,15,Champions
CUST00396,5,14,157303.69,11235.977857142858,2023-01-06,2024-10-22,655,386,0.22900763358778628,Lata Das,Platinum,Delhi,4,3,5,12,Champions
CUST00397,6,14,109247.25,7803.375,2023-01-21,2024-10-06,624,402,0.28846153846153844,Rajesh Joshi,Basic,Pune,4,4,5,13,Champions
CUST00398,6,9,48350.47,5372.274444444444,2023-03-02,2024-06-28,484,502,0.37190082644628103,Radha Das,Silver,Hyderabad,2,4,2,8,Potential Loyalists
CUST00399,8,20,144433.77,7221.688499999999,2023-04-25,2024-09-01,495,437,0.48484848484848486,Krishna Pandey,Gold,Jaipur,3,5,5,13,Champions
CUST00400,9,15,72972.07,4864.804666666667,2023-05-19,2024-11-20,551,357,0.4900181488203267,Rohit Chauhan,Silver,Mumbai,5,5,3,13,Champions
CUST00401,7,10,55700.93,5570.093,2023-04-09,2024-09-06,516,432,0.4069767441860465,Geeta Desai,Silver,Lucknow,3,5,3,11,Loyal Customers
CUST00402,1,1,2086.2,2086.2,2024-08-31,2024-08-31,0,438,1.0,Suresh Gupta,Silver,Jaipur,3,1,1,5,At Risk
CUST00403,3,7,71234.98,10176.425714285713,2023-04-14,2023-10-12,181,762,0.4972375690607735,Sunita Rao,Basic,Lucknow,1,1,3,5,At Risk
CUST00404,3,9,8583.119999999999,953.6799999999998,2023-06-27,2024-09-09,440,429,0.20454545454545456,Aditya Joshi,Platinum,Chennai,3,1,1,5,At Risk
CUST00405,5,12,77540.63,6461.719166666667,2023-01-13,2024-09-25,621,413,0.24154589371980678,Kavita Menon,Basic,Hyderabad,4,3,4,11,Loyal Customers
CUST00406,5,8,41148.270000000004,5143.5337500000005,2023-01-06,2024-09-27,630,411,0.23809523809523808,Ananya Das,Basic,Delhi,4,3,2,9,Potential Loyalists
CUST00407,8,15,116380.01,7758.667333333333,2023-06-15,2024-11-29,533,348,0.45028142589118203,Rekha Tiwari,Silver,Chennai,5,5,5,15,Champions
CUST00408,6,15,83035.02,5535.668000000001,2023-04-15,2024-05-05,386,556,0.46632124352331605,Diya Iyer,Silver,Mumbai,2,4,4,10,Loyal Customers
CUST00409,2,5,68379.77,13675.954000000002,2023-06-17,2024-11-10,512,367,0.1171875,Vikram Singh,Basic,Mumbai,5,1,3,9,Potential Loyalists
CUST00410,2,4,11481.38,2870.345,2023-03-16,2023-11-25,254,718,0.23622047244094488,Kavita Singh,Basic,Hyderabad,1,1,1,3,Lost Customers
CUST00411,6,10,74100.20000000001,7410.020000000001,2023-04-27,2024-09-27,519,411,0.3468208092485549,Meera Patel,Silver,Mumbai,4,4,4,12,Champions
CUST00412,4,6,23204.25,3867.375,2023-04-22,2024-03-08,321,614,0.3738317757009346,Pooja Desai,Silver,Bangalore,1,2,1,4,Lost Customers
CUST00413,6,15,91683.15,6112.21,2023-07-11,2024-11-26,504,351,0.35714285714285715,Rekha Das,Silver,Pune,5,4,4,13,Champions
CUST00414,3,8,77233.79999999999,9654.224999999999,2023-07-12,2024-04-04,267,587,0.33707865168539325,Lata Iyer,Silver,Chennai,1,1,4,6,At Risk
CUST00415,3,9,59827.96,6647.551111111111,2023-06-21,2024-05-13,327,548,0.27522935779816515,Arjun Mishra,Gold,Jaipur,2,1,3,6,At Risk
CUST00416,8,10,65688.22,6568.822,2023-01-24,2024-04-10,442,581,0.5429864253393666,Ishaan Nair,Basic,Hyderabad,1,5,3,9,Potential Loyalists
CUST00417,4,7,43000.67,6142.952857142857,2023-03-29,2024-09-05,526,433,0.22813688212927755,Radha Kumar,Gold,Kolkata,3,2,2,7,Potential Loyalists
CUST00418,7,14,73634.73,5259.623571428571,2023-04-27,2024-08-26,487,443,0.4312114989733059,Manoj Iyer,Gold,Chennai,3,5,3,11,Loyal Customers
CUST00419,5,7,67520.44,9645.777142857143,2023-03-28,2024-10-31,583,377,0.25728987993138935,Diya Mukherjee,Silver,Delhi,4,3,3,10,Loyal Customers
CUST00420,7,13,123185.92,9475.84,2023-03-08,2024-10-26,598,382,0.3511705685618729,Vivaan Banerjee,Silver,Jaipur,4,5,5,14,Champions
CUST00421,5,9,67912.56999999999,7545.84111111111,2023-03-06,2024-06-25,477,505,0.31446540880503143,Sanjay Pandey,Gold,Bangalore,2,3,3,8,Potential Loyalists
CUST00422,4,7,61068.83,8724.118571428571,2023-09-16,2024-11-23,434,354,0.2764976958525346,Aarav Nair,Silver,Jaipur,5,2,3,10,Loyal Customers
CUST00423,2,4,29252.93,7313.2325,2023-06-09,2024-08-03,421,466,0.14251781472684086,Meera Desai,Platinum,Bangalore,3,1,1,5,At Risk
CUST00424,6,11,114260.45,10387.313636363637,2023-07-03,2024-10-20,475,388,0.37894736842105264,Sunita Desai,Platinum,Chennai,4,4,5,13,Champions
CUST00425,5,13,79538.68000000001,6118.360000000001,2023-05-22,2024-02-29,283,622,0.5300353356890459,Sunita Iyer,Silver,Delhi,1,3,4,8,Potential Loyalists
CUST00426,6,12,89981.01,7498.4175,2023-03-25,2024-08-13,507,456,0.3550295857988166,Sunita Iyer,Platinum,Delhi,3,4,4,11,Loyal Customers
CUST00427,6,7,34409.19,4915.598571428572,2023-10-07,2024-11-17,407,360,0.44226044226044225,Aarav Menon,Silver,Lucknow,5,4,2,11,Loyal Customers
CUST00428,3,4,45181.08,11295.27,2023-07-04,2024-09-23,447,415,0.20134228187919462,Sanjay Mukherjee,Platinum,Bangalore,4,1,2,7,Potential Loyalists
CUST00429,4,8,42940.740000000005,5367.592500000001,2023-01-18,2024-07-14,543,486,0.22099447513812154,Ananya Tiwari,Basic,Lucknow,2,2,2,6,At Risk
CUST00430,6,11,117505.77,10682.342727272728,2023-01-24,2024-03-26,427,596,0.4215456674473068,Sita Kumar,Gold,Mumbai,1,4,5,10,Loyal Customers
CUST00431,6,12,117602.4,9800.199999999999,2023-01-05,2024-05-25,506,536,0.3557312252964427,Shreya Gupta,Platinum,Mumbai,2,4,5,11,Loyal Customers
CUST00432,3,5,60384.75,12076.95,2023-11-13,2024-11-21,374,356,0.24064171122994651,Diya Mukherjee,Gold,Lucknow,5,1,3,9,Potential Loyalists
CUST00433,4,11,101105.83,9191.43909090909,2023-01-31,2023-03-22,50,966,2.4,Anjali Pandey,Basic,Delhi,1,2,4,7,Potential Loyalists
CUST00434,11,21,146532.18,6977.722857142857,2023-06-15,2024-11-17,521,360,0.6333973128598848,Reyansh Patel,Basic,Lucknow,5,5,5,15,Champions
CUST00435,6,7,67146.06,9592.294285714286,2023-01-10,2024-03-03,418,619,0.43062200956937796,Gita Das,Platinum,Bangalore,1,4,3,8,Potential Loyalists
CUST00436,3,6,7548.87,1258.145,2023-01-30,2024-11-22,662,355,0.13595166163141995,Vikram Desai,Basic,Ahmedabad,5,1,1,7,Potential Loyalists
CUST00437,5,11,38850.82,3531.8927272727274,2023-04-13,2024-10-24,560,384,0.26785714285714285,Shreya Mukherjee,Gold,Delhi,4,3,2,9,Potential Loyalists
CUST00438,6,10,67275.02,6727.502,2023-01-29,2024-09-24,604,414,0.2980132450331126,Sita Menon,Basic,Mumbai,4,4,3,11,Loyal Customers
CUST00439,5,13,47517.659999999996,3655.204615384615,2023-02-11,2024-04-07,421,584,0.35629453681710216,Manoj Banerjee,Platinum,Bangalore,1,3,2,6,At Risk
CUST00440,3,6,30560.69,5093.448333333333,2023-05-12,2024-11-02,540,375,0.16666666666666666,Geeta Das,Gold,Pune,4,1,1,6,At Risk
CUST00441,5,8,88189.11,11023.63875,2023-03-19,2025-03-25,737,232,0.20352781546811397,Ishaan Singh,Silver,Pune,5,3,4,12,Champions
CUST00442,3,8,63862.979999999996,7982.8724999999995,2024-02-13,2024-06-25,133,505,0.6766917293233082,Vihaan Patel,Basic,Lucknow,2,1,3,6,At Risk
CUST00443,7,10,106409.63,10640.963,2023-07-03,2024-09-24,449,414,0.46770601336302897,Anjali Desai,Basic,Kolkata,4,5,5,14,Champions
CUST00444,5,10,29349.54,2934.954,2023-01-10,2024-10-09,638,399,0.23510971786833856,Gita Verma,Platinum,Kolkata,4,3,1,8,Potential Loyalists
CUST00445,7,15,137182.86,9145.524,2023-01-04,2024-08-28,602,441,0.3488372093023256,Kavita Menon,Silver,Lucknow,3,5,5,13,Champions
CUST00446,6,15,147568.94,9837.929333333333,2024-03-04,2024-09-15,195,423,0.9230769230769231,Ananya Gupta,Gold,Mumbai,3,4,5,12,Champions
CUST00447,11,23,132848.24,5776.010434782608,2023-03-17,2024-08-28,530,441,0.6226415094339622,Sai Das,Gold,Delhi,3,5,5,13,Champions
CUST00448,6,10,50536.48,5053.648,2023-07-28,2024-11-14,475,363,0.37894736842105264,Sunil Pandey,Gold,Chennai,5,4,2,11,Loyal Customers
CUST00449,3,3,19603.309999999998,6534.436666666666,2023-03-08,2024-09-13,555,425,0.16216216216216217,Rohit Singh,Gold,Kolkata,3,1,1,5,At Risk
CUST00450,4,10,76326.25,7632.625,2023-01-14,2024-11-09,665,368,0.18045112781954886,Sunil Chauhan,Platinum,Hyderabad,5,2,4,11,Loyal Customers
CUST00451,6,10,79232.89,7923.289,2023-08-20,2025-07-03,683,132,0.2635431918008785,Rahul Tiwari,Basic,Chennai,5,4,4,13,Champions
CUST00452,8,19,158509.47,8342.603684210526,2023-03-11,2024-11-01,601,376,0.39933444259567386,Arjun Das,Gold,Hyderabad,4,5,5,14,Champions
CUST00453,3,6,25462.3,4243.716666666666,2023-01-02,2024-07-05,550,495,0.16363636363636364,Nisha Reddy,Gold,Chennai,2,1,1,4,Lost Customers
CUST00454,4,7,5471.95,781.7071428571428,2023-02-12,2024-03-30,412,592,0.29126213592233013,Krishna Gupta,Basic,Delhi,1,2,1,4,Lost Customers
CUST00455,3,6,40127.89,6687.981666666667,2023-02-07,2024-03-14,401,608,0.22443890274314213,Sita Iyer,Gold,Ahmedabad,1,1,2,4,Lost Customers
CUST00456,3,8,73331.32,9166.415,2024-02-06,2024-06-02,117,528,0.7692307692307693,Meera Das,Gold,Pune,2,1,3,6,At Risk
CUST00457,4,9,74760.33,8306.703333333333,2023-02-24,2024-03-09,379,613,0.316622691292876,Sunil Joshi,Basic,Jaipur,1,2,4,7,Potential Loyalists
CUST00458,6,13,85021.2,6540.092307692307,2023-02-20,2024-08-31,558,438,0.3225806451612903,Aisha Patel,Silver,Lucknow,3,4,4,11,Loyal Customers
CUST00459,5,16,58178.98,3636.18625,2023-05-19,2024-05-31,378,530,0.39682539682539686,Manoj Reddy,Gold,Ahmedabad,2,3,3,8,Potential Loyalists
CUST00460,7,12,69014.08,5751.173333333333,2023-04-05,2024-09-21,535,417,0.39252336448598135,Anjali Singh,Platinum,Lucknow,4,5,3,12,Champions
CUST00461,4,5,45380.66,9076.132000000001,2023-02-06,2024-05-10,459,551,0.26143790849673204,Rajesh Rao,Gold,Bangalore,2,2,2,6,At Risk
CUST00462,9,17,100459.09999999999,5909.358823529411,2023-03-15,2024-09-02,537,436,0.5027932960893855,Ananya Verma,Platinum,Delhi,3,5,4,12,Champions
CUST00463,6,11,98250.33,8931.848181818183,2023-05-06,2024-11-17,561,360,0.32085561497326204,Geeta Iyer,Platinum,Jaipur,5,4,4,13,Champions
CUST00464,2,4,5862.21,1465.5525,2024-01-29,2024-05-27,119,534,0.5042016806722689,Diya Mishra,Platinum,Jaipur,2,1,1,4,Lost Customers
CUST00465,5,10,53702.41,5370.241,2023-01-14,2024-05-22,494,539,0.3036437246963563,Ananya Joshi,Platinum,Bangalore,2,3,3,8,Potential Loyalists
CUST00466,5,9,38232.15,4248.016666666666,2023-08-10,2024-05-28,292,533,0.5136986301369864,Riya Mukherjee,Gold,Kolkata,2,3,2,7,Potential Loyalists
CUST00467,5,9,69633.38,7737.042222222222,2023-05-14,2024-11-12,548,365,0.2737226277372263,Rajesh Patel,Silver,Ahmedabad,5,3,3,11,Loyal Customers
CUST00468,8,18,128780.97,7154.498333333333,2023-04-28,2024-10-16,537,392,0.446927374301676,Reyansh Gupta,Basic,Delhi,4,5,5,14,Champions
CUST00469,6,13,47492.78,3653.290769230769,2023-03-06,2024-02-18,349,633,0.5157593123209169,Shaurya Gupta,Gold,Lucknow,1,4,2,7,Potential Loyalists
CUST00470,7,14,89960.48,6425.748571428571,2023-03-22,2023-11-29,252,714,0.8333333333333333,Sunita Patel,Gold,Bangalore,1,5,4,10,Loyal Customers
CUST00471,4,5,24337.88,4867.576,2023-02-13,2024-04-12,424,579,0.2830188679245283,Deepak Kumar,Silver,Jaipur,1,2,1,4,Lost Customers
CUST00472,7,22,116587.55,5299.434090909091,2023-04-01,2024-08-03,490,466,0.4285714285714286,Pooja Desai,Silver,Jaipur,3,5,5,13,Champions
CUST00473,7,16,158681.8,9917.6125,2023-02-19,2024-09-02,561,436,0.37433155080213903,Aarav Sharma,Gold,Kolkata,3,5,5,13,Champions
CUST00474,6,15,147349.19,9823.279333333334,2023-01-12,2024-07-20,555,480,0.32432432432432434,Pooja Sharma,Silver,Ahmedabad,2,4,5,11,Loyal Customers
CUST00475,2,6,52211.4,8701.9,2023-05-13,2023-05-31,18,896,2.0,Suresh Nair,Platinum,Pune,1,1,2,4,Lost Customers
CUST00476,7,16,115332.39,7208.274375,2023-06-14,2024-11-26,531,351,0.3954802259887006,Riya Mishra,Gold,Lucknow,5,5,5,15,Champions
CUST00477,5,9,60096.08,6677.3422222222225,2023-07-14,2024-04-22,283,569,0.5300353356890459,Sunil Mukherjee,Platinum,Delhi,1,3,3,7,Potential Loyalists
CUST00478,2,5,43293.0,8658.6,2024-04-19,2024-06-13,55,517,1.090909090909091,Diya Singh,Silver,Mumbai,2,1,2,5,At Risk
CUST00479,9,20,104844.84,5242.242,2023-03-13,2024-08-24,530,445,0.5094339622641509,Neha Joshi,Platinum,Ahmedabad,3,5,5,13,Champions
CUST00480,3,4,33205.86,8301.465,2023-09-07,2023-11-25,79,718,1.139240506329114,Vihaan Iyer,Platinum,Bangalore,1,1,1,3,Lost Customers
CUST00481,6,10,64373.19,6437.319,2023-07-10,2024-10-05,453,403,0.3973509933774835,Kavya Pandey,Basic,Delhi,4,4,3,11,Loyal Customers
CUST00482,4,11,100646.96,9149.723636363637,2024-06-16,2024-10-12,118,396,1.0169491525423728,Meera Pandey,Gold,Chennai,4,2,4,10,Loyal Customers
CUST00483,5,8,31633.059999999998,3954.1324999999997,2023-02-26,2024-03-03,371,619,0.40431266846361186,Meera Mishra,Basic,Kolkata,1,3,1,5,At Risk
CUST00484,3,8,56132.21,7016.52625,2023-05-02,2024-10-02,519,406,0.17341040462427745,Aarav Patel,Basic,Hyderabad,4,1,3,8,Potential Loyalists
CUST00485,5,8,54918.1,6864.7625,2023-09-16,2024-08-01,320,468,0.46875,Gita Kumar,Silver,Ahmedabad,3,3,3,9,Potential Loyalists
CUST00486,6,14,65572.45,4683.746428571429,2023-04-07,2024-11-29,602,348,0.29900332225913623,Vihaan Desai,Basic,Mumbai,5,4,3,12,Champions
CUST00487,2,7,45348.95,6478.421428571428,2024-04-08,2024-08-11,125,458,0.48,Deepak Reddy,Gold,Hyderabad,3,1,2,6,At Risk
CUST00488,7,15,87364.13,5824.275333333334,2023-09-06,2024-09-13,373,425,0.5630026809651475,Shreya Das,Silver,Jaipur,3,5,4,12,Champions
CUST00489,4,9,55175.44,6130.604444444445,2023-01-06,2024-08-07,579,462,0.20725388601036268,Gita Das,Silver,Kolkata,3,2,3,8,Potential Loyalists
CUST00490,4,11,62889.55,5717.231818181818,2023-05-28,2024-02-19,267,632,0.449438202247191,Kavita Pandey,Gold,Mumbai,1,2,3,6,At Risk
CUST00491,9,16,125615.87,7850.991875,2023-02-14,2024-08-15,548,454,0.4927007299270073,Sunita Rao,Gold,Chennai,3,5,5,13,Champions
CUST00492,6,10,57883.21000000001,5788.321000000001,2023-01-31,2024-05-18,473,543,0.38054968287526425,Aditya Kumar,Silver,Delhi,2,4,3,9,Potential Loyalists
CUST00493,4,13,67781.39,5213.953076923077,2023-02-26,2024-05-18,447,543,0.2684563758389262,Nisha Menon,Gold,Pune,2,2,3,7,Potential Loyalists
CUST00494,2,5,41958.99,8391.797999999999,2024-02-12,2024-04-26,74,565,0.8108108108108107,Neha Rao,Basic,Unknown,1,1,2,4,Lost Customers
CUST00495,5,8,83117.29,10389.66125,2023-03-20,2024-09-27,557,411,0.26929982046678635,Lata Iyer,Basic,Mumbai,4,3,4,11,Loyal Customers
CUST00496,5,14,77254.49,5518.177857142858,2023-04-04,2024-11-13,589,364,0.2546689303904924,Rekha Pandey,Silver,Chennai,5,3,4,12,Champions
CUST00497,3,4,16360.66,4090.165,2023-04-10,2024-11-26,596,351,0.15100671140939598,Reyansh Banerjee,Platinum,Pune,5,1,1,7,Potential Loyalists
CUST00498,5,16,82367.31,5147.956875,2023-09-11,2024-09-01,356,437,0.42134831460674155,Ananya Das,Gold,Hyderabad,3,3,4,10,Loyal Customers
CUST00499,5,9,66502.48999999999,7389.165555555554,2023-08-14,2024-10-08,421,400,0.35629453681710216,Rahul Mukherjee,Silver,Pune,4,3,3,10,Loyal Customers
CUST00500,4,9,55759.88,6195.542222222222,2023-02-02,2024-07-17,531,483,0.22598870056497175,Suresh Sharma,Basic,Ahmedabad,2,2,3,7,Potential Loyalists
CUST00501,7,12,84695.5,7057.958333333333,2023-02-16,2025-05-16,820,180,0.25609756097560976,Neha Joshi,Silver,Chennai,5,5,4,14,Champions
CUST00502,3,6,26971.550000000003,4495.258333333334,2023-01-12,2024-10-05,632,403,0.14240506329113925,Aisha Desai,Silver,Bangalore,4,1,1,6,At Risk
CUST00503,8,21,102791.78,4894.846666666666,2023-01-18,2024-11-30,682,347,0.3519061583577712,Arjun Joshi,Platinum,Chennai,5,5,5,15,Champions
CUST00504,2,4,35579.37,8894.8425,2023-11-13,2024-12-01,384,346,0.15625,Sita Pandey,Gold,Mumbai,5,1,2,8,Potential Loyalists
CUST00505,7,18,101353.42,5630.745555555555,2023-05-12,2024-09-25,502,413,0.4183266932270916,Anjali Mukherjee,Basic,Delhi,4,5,4,13,Champions
CUST00506,5,11,60044.92,5458.62909090909,2023-02-13,2024-10-10,605,398,0.24793388429752064,Kavita Nair,Platinum,Hyderabad,4,3,3,10,Loyal Customers
CUST00507,3,6,29443.399999999998,4907.233333333333,2023-08-07,2024-05-18,285,543,0.3157894736842105,Shreya Pandey,Gold,Pune,2,1,1,4,Lost Customers
CUST00508,4,9,70101.91,7789.101111111111,2023-05-27,2024-10-12,504,396,0.23809523809523808,Suresh Menon,Silver,Delhi,4,2,3,9,Potential Loyalists
CUST00509,3,7,96572.78,13796.111428571428,2023-11-10,2024-10-29,354,379,0.2542372881355932,Geeta Mukherjee,Silver,Chennai,4,1,4,9,Potential Loyalists
CUST00510,4,8,53612.73,6701.59125,2023-04-13,2024-09-13,519,425,0.23121387283236994,Sai Singh,Platinum,Lucknow,3,2,3,8,Potential Loyalists
CUST00511,1,2,11268.09,5634.045,2024-09-11,2024-09-11,0,427,1.0,Pooja Patel,Platinum,Mumbai,3,1,1,5,At Risk
CUST00512,11,22,161331.1,7333.231818181818,2023-05-20,2024-10-21,520,387,0.6346153846153847,Shaurya Gupta,Silver,Hyderabad,4,5,5,14,Champions
CUST00513,4,10,72350.23,7235.022999999999,2023-03-15,2024-05-30,442,531,0.2714932126696833,Pooja Chauhan,Gold,Delhi,2,2,3,7,Potential Loyalists
CUST00514,3,4,59397.17,14849.2925,2023-04-06,2023-09-22,169,782,0.5325443786982248,Geeta Rao,Basic,Kolkata,1,1,3,5,At Risk
CUST00515,10,20,128648.45,6432.4225,2023-01-01,2024-10-01,639,407,0.4694835680751174,Shreya Reddy,Gold,Mumbai,4,5,5,14,Champions
CUST00516,8,15,122253.09,8150.206,2023-01-22,2024-09-15,602,423,0.39867109634551495,Sanjay Singh,Platinum,Kolkata,3,5,5,13,Champions
CUST00517,6,12,80319.92,6693.326666666667,2023-04-11,2024-07-11,457,489,0.39387308533916854,Gita Das,Silver,Ahmedabad,2,4,4,10,Loyal Customers
CUST00518,4,8,66698.93,8337.36625,2023-03-27,2024-03-22,361,600,0.33240997229916897,Pooja Joshi,Silver,Jaipur,1,2,3,6,At Risk
CUST00519,7,17,131732.39,7748.9641176470595,2024-01-11,2024-12-01,325,346,0.6461538461538461,Kavita Iyer,Platinum,Chennai,5,5,5,15,Champions
CUST00520,3,7,35081.08,5011.582857142857,2023-07-09,2023-12-04,148,709,0.6081081081081081,Ishaan Gupta,Silver,Pune,1,1,2,4,Lost Customers
CUST00521,3,5,24979.35,4995.87,2023-06-10,2024-06-27,383,503,0.23498694516971277,Rohit Chauhan,Silver,Lucknow,2,1,1,4,Lost Customers
CUST00522,3,3,14937.8,4979.266666666666,2023-04-08,2024-09-28,539,410,0.16697588126159557,Sunita Kumar,Silver,Kolkata,4,1,1,6,At Risk
CUST00523,6,9,66315.71,7368.412222222223,2023-02-01,2024-06-16,501,514,0.3592814371257485,Vivaan Joshi,Gold,Bangalore,2,4,3,9,Potential Loyalists
CUST00524,9,14,80912.88,5779.4914285714285,2023-05-21,2024-11-18,547,359,0.4936014625228519,Ishaan Patel,Gold,Delhi,5,5,4,14,Champions
CUST00525,4,5,41146.159999999996,8229.232,2023-08-04,2024-09-21,414,417,0.2898550724637681,Amit Gupta,Silver,Mumbai,4,2,2,8,Potential Loyalists
CUST00526,5,6,37477.08,6246.18,2023-02-03,2024-11-14,650,363,0.23076923076923075,Nisha Rao,Silver,Pune,5,3,2,10,Loyal Customers
CUST00527,7,15,60668.32,4044.5546666666664,2023-01-28,2024-11-14,656,363,0.3201219512195122,Riya Tiwari,Silver,Mumbai,5,5,3,13,Champions
CUST00528,3,7,29630.28,4232.897142857143,2023-04-13,2024-08-25,500,444,0.18,Sunil Nair,Basic,Hyderabad,3,1,1,5,At Risk
CUST00529,3,10,59139.18,5913.918,2024-08-21,2024-10-22,62,386,1.4516129032258063,Gita Das,Basic,Lucknow,4,1,3,8,Potential Loyalists
CUST00530,2,4,42381.54,10595.385,2023-03-23,2024-08-12,508,457,0.11811023622047244,Aditya Das,Basic,Pune,3,1,2,6,At Risk
CUST00531,5,9,81875.70000000001,9097.300000000001,2023-02-02,2023-12-09,310,704,0.48387096774193544,Sunil Patel,Basic,Kolkata,1,3,4,8,Potential Loyalists
CUST00532,1,2,4244.48,2122.24,2023-02-26,2023-02-26,0,990,1.0,Krishna Patel,Silver,Jaipur,1,1,1,3,Lost Customers
CUST00533,4,14,78683.43,5620.245,2023-02-26,2024-12-01,644,346,0.1863354037267081,Priya Chauhan,Gold,Lucknow,5,2,4,11,Loyal Customers
CUST00534,1,1,9552.76,9552.76,2023-08-16,2023-08-16,0,819,1.0,Sanjay Gupta,Silver,Ahmedabad,1,1,1,3,Lost Customers
CUST00535,5,11,45374.58,4124.961818181819,2023-03-25,2024-10-08,563,400,0.2664298401420959,Shaurya Patel,Basic,Lucknow,4,3,2,9,Potential Loyalists
CUST00536,4,12,54770.21,4564.184166666667,2023-01-27,2024-11-28,671,349,0.17883755588673622,Ishaan Reddy,Gold,Delhi,5,2,3,10,Loyal Customers
CUST00537,6,14,109432.9,7816.635714285714,2023-02-06,2024-08-28,569,441,0.31634446397188054,Nisha Nair,Platinum,Lucknow,3,4,5,12,Champions
CUST00538,5,11,140340.30000000002,12758.209090909093,2023-05-26,2024-10-08,501,400,0.29940119760479045,Geeta Iyer,Silver,Chennai,4,3,5,12,Champions
CUST00539,4,7,53471.96,7638.851428571428,2023-05-16,2024-05-27,377,534,0.3183023872679045,Sita Mukherjee,Basic,Mumbai,2,2,2,6,At Risk
CUST00540,4,6,52094.11,8682.351666666667,2023-03-12,2024-01-24,318,658,0.37735849056603776,Gita Banerjee,Platinum,Lucknow,1,2,2,5,At Risk
CUST00541,6,14,103882.08,7420.148571428572,2023-01-22,2024-09-25,612,413,0.29411764705882354,Sanjay Pandey,Basic,Hyderabad,4,4,5,13,Champions
CUST00542,5,6,36605.17,6100.861666666667,2023-01-07,2024-08-30,601,439,0.24958402662229615,Sunita Reddy,Basic,Pune,3,3,2,8,Potential Loyalists
CUST00543,3,4,10607.13,2651.7825,2023-06-12,2023-12-18,189,695,0.4761904761904762,Shreya Tiwari,Gold,Lucknow,1,1,1,3,Lost Customers
CUST00544,7,15,97808.16,6520.544,2023-02-04,2024-07-23,535,477,0.39252336448598135,Sita Rao,Platinum,Lucknow,2,5,4,11,Loyal Customers
CUST00545,2,7,44439.479999999996,6348.4971428571425,2024-01-09,2024-04-18,100,573,0.6,Krishna Sharma,Silver,Mumbai,1,1,2,4,Lost Customers
CUST00546,5,10,59457.2,5945.719999999999,2023-05-06,2024-07-27,448,473,0.33482142857142855,Neha Sharma,Gold,Jaipur,2,3,3,8,Potential Loyalists
CUST00547,5,10,61079.68,6107.968,2023-01-27,2023-08-01,186,834,0.8064516129032258,Aarav Singh,Gold,Hyderabad,1,3,3,7,Potential Loyalists
CUST00548,3,6,23769.77,3961.6283333333336,2023-11-22,2024-05-04,164,557,0.5487804878048781,Rohit Joshi,Platinum,Chennai,2,1,1,4,Lost Customers
CUST00549,2,3,34698.53,11566.176666666666,2023-10-08,2023-12-11,64,702,0.9375,Rohit Chauhan,Gold,Jaipur,1,1,2,4,Lost Customers
CUST00550,3,6,22154.34,3692.39,2023-06-29,2024-09-04,433,434,0.20785219399538105,Sita Joshi,Silver,Chennai,3,1,1,5,At Risk
CUST00551,6,14,89878.34,6419.881428571428,2023-12-03,2024-11-08,341,369,0.5278592375366569,Sita Mukherjee,Basic,Bangalore,5,4,4,13,Champions
CUST00552,8,22,113692.2,5167.827272727272,2023-11-22,2024-08-26,278,443,0.8633093525179856,Nisha Nair,Gold,Delhi,3,5,5,13,Champions
CUST00553,3,6,27930.04,4655.006666666667,2023-01-06,2024-06-10,521,520,0.1727447216890595,Priya Gupta,Basic,Mumbai,2,1,1,4,Lost Customers
CUST00554,8,12,79806.81,6650.5675,2023-02-09,2024-09-23,592,415,0.4054054054054054,Sunita Mishra,Basic,Ahmedabad,4,5,4,13,Champions
CUST00555,6,7,40564.36,5794.908571428571,2023-01-24,2024-09-15,600,423,0.3,Vikram Menon,Gold,Ahmedabad,3,4,2,9,Potential Loyalists
CUST00556,4,6,37086.62,6181.1033333333335,2023-04-01,2024-11-22,601,355,0.19966722129783693,Reyansh Menon,Basic,Mumbai,5,2,2,9,Potential Loyalists
CUST00557,6,12,90909.73000000001,7575.810833333334,2023-01-08,2024-05-06,484,555,0.37190082644628103,Riya Das,Basic,Kolkata,2,4,4,10,Loyal Customers
CUST00558,6,15,89813.59,5987.572666666666,2023-04-02,2024-10-28,575,380,0.31304347826086953,Lata Das,Silver,Unknown,4,4,4,12,Champions
CUST00559,4,6,20252.29,3375.3816666666667,2023-02-17,2024-09-30,591,408,0.20304568527918782,Sita Nair,Gold,Kolkata,4,2,1,7,Potential Loyalists
CUST00560,5,13,76314.69,5870.36076923077,2023-01-22,2024-09-24,611,414,0.24549918166939444,Meera Verma,Basic,Mumbai,4,3,4,11,Loyal Customers
CUST00561,8,11,31877.079999999998,2897.9163636363633,2023-01-12,2025-05-21,860,175,0.27906976744186046,Lata Desai,Silver,Ahmedabad,5,5,1,11,Loyal Customers
CUST00562,6,15,85296.03,5686.402,2023-04-21,2024-11-05,564,372,0.3191489361702127,Sunil Singh,Platinum,Delhi,5,4,4,13,Champions
CUST00563,4,6,32645.120000000003,5440.8533333333335,2023-01-31,2024-04-15,440,576,0.27272727272727276,Aisha Desai,Gold,Lucknow,1,2,1,4,Lost Customers
CUST00564,6,13,64296.44,4945.88,2023-03-12,2024-11-01,600,376,0.3,Meera Chauhan,Gold,Hyderabad,4,4,3,11,Loyal Customers
CUST00565,1,1,6883.09,6883.09,2024-05-30,2024-05-30,0,531,1.0,Rahul Das,Gold,Delhi,2,1,1,4,Lost Customers
CUST00566,6,9,57232.62,6359.18,2023-06-23,2023-12-24,184,689,0.9782608695652173,Geeta Patel,Basic,Chennai,1,4,3,8,Potential Loyalists
CUST00567,10,23,157219.02,6835.609565217391,2023-03-21,2024-08-13,511,456,0.5870841487279843,Sita Joshi,Silver,Pune,3,5,5,13,Champions
CUST00568,5,9,82463.37,9162.596666666666,2023-05-17,2024-11-05,538,372,0.2788104089219331,Sunil Joshi,Platinum,Lucknow,5,3,4,12,Champions
CUST00569,7,11,59284.44,5389.494545454546,2023-01-03,2024-10-29,665,379,0.3157894736842105,Vikram Joshi,Basic,Lucknow,4,5,3,12,Champions
CUST00570,5,14,113873.07,8133.790714285715,2024-01-26,2024-12-01,310,346,0.48387096774193544,Deepak Das,Platinum,Bangalore,5,3,5,13,Champions
CUST00571,10,25,149439.56,5977.5824,2023-02-10,2024-08-14,551,455,0.5444646098003629,Manoj Desai,Basic,Kolkata,3,5,5,13,Champions
CUST00572,3,11,53481.76,4861.978181818182,2023-05-04,2024-05-03,365,558,0.24657534246575344,Sanjay Das,Gold,Mumbai,2,1,2,5,At Risk
CUST00573,4,6,52749.97,8791.661666666667,2023-02-23,2024-02-22,364,629,0.32967032967032966,Suresh Joshi,Platinum,Lucknow,1,2,2,5,At Risk
CUST00574,6,16,80046.77,5002.923125,2023-04-19,2024-07-31,469,469,0.3837953091684435,Vikram Desai,Gold,Jaipur,2,4,4,10,Loyal Customers
CUST00575,4,6,39064.72,6510.786666666667,2023-04-08,2024-02-09,307,642,0.39087947882736157,Nisha Tiwari,Silver,Bangalore,1,2,2,5,At Risk
CUST00576,4,8,58957.03,7369.62875,2023-03-09,2024-01-07,304,675,0.39473684210526316,Diya Chauhan,Platinum,Lucknow,1,2,3,6,At Risk
CUST00577,4,9,76303.54,8478.17111111111,2023-04-16,2024-09-11,514,427,0.23346303501945526,Nisha Nair,Platinum,Lucknow,3,2,4,9,Potential Loyalists
CUST00578,6,9,65009.32,7223.257777777778,2023-02-08,2024-08-01,540,468,0.3333333333333333,Krishna Banerjee,Silver,Hyderabad,3,4,3,10,Loyal Customers
CUST00579,6,16,97436.37,6089.773125,2023-04-13,2024-08-04,479,465,0.3757828810020877,Lata Gupta,Basic,Jaipur,3,4,4,11,Loyal Customers
CUST00580,4,11,55478.4,5043.49090909091,2023-02-14,2024-06-26,498,504,0.24096385542168672,Rekha Sharma,Platinum,Hyderabad,2,2,3,7,Potential Loyalists
CUST00581,4,9,91392.77,10154.752222222223,2023-07-20,2024-03-28,252,594,0.47619047619047616,Shreya Patel,Gold,Kolkata,1,2,4,7,Potential Loyalists
CUST00582,6,12,91515.42,7626.285,2023-02-21,2024-09-14,571,424,0.31523642732049034,Shreya Mukherjee,Platinum,Mumbai,3,4,4,11,Loyal Customers
CUST00583,6,15,56386.67,3759.1113333333333,2023-07-29,2024-02-10,196,641,0.9183673469387755,Riya Iyer,Basic,Lucknow,1,4,3,8,Potential Loyalists
CUST00584,6,7,48345.92,6906.5599999999995,2023-01-18,2024-09-20,611,418,0.2945990180032733,Diya Iyer,Silver,Hyderabad,3,4,2,9,Potential Loyalists
CUST00585,5,11,51456.05,4677.822727272727,2023-01-05,2024-09-05,609,433,0.24630541871921183,Shaurya Rao,Silver,Lucknow,3,3,2,8,Potential Loyalists
CUST00586,7,16,126278.08,7892.38,2023-03-29,2024-07-29,488,471,0.43032786885245905,Vihaan Iyer,Silver,Hyderabad,2,5,5,12,Champions
CUST00587,3,5,38330.42,7666.084,2023-05-07,2024-09-24,506,414,0.17786561264822134,Anjali Pandey,Platinum,Jaipur,4,1,2,7,Potential Loyalists
CUST00588,3,5,46421.229999999996,9284.246,2024-05-26,2024-07-18,53,482,1.6981132075471699,Vikram Joshi,Basic,Ahmedabad,2,2,2,6,At Risk
CUST00589,3,8,43376.02,5422.0025,2023-12-11,2024-09-20,284,418,0.31690140845070425,Rohit Iyer,Gold,Kolkata,3,2,2,7,Potential Loyalists
CUST00590,5,13,52105.060000000005,4008.081538461539,2023-02-10,2024-10-10,608,398,0.2467105263157895,Priya Menon,Gold,Lucknow,4,3,2,9,Potential Loyalists
CUST00591,7,14,91494.76,6535.339999999999,2023-07-07,2024-11-15,497,362,0.4225352112676056,Arjun Sharma,Basic,Unknown,5,5,4,14,Champions
CUST00592,3,4,13175.22,3293.805,2024-01-04,2024-11-13,314,364,0.28662420382165604,Lata Gupta,Silver,Mumbai,5,2,1,8,Potential Loyalists
CUST00593,4,7,27362.86,3908.98,2023-10-11,2024-11-29,415,348,0.2891566265060241,Vikram Banerjee,Silver,Bangalore,5,2,1,8,Potential Loyalists
CUST00594,5,9,69526.42,7725.1577777777775,2023-12-31,2024-11-25,330,352,0.45454545454545453,Manoj Joshi,Basic,Kolkata,5,3,3,11,Loyal Customers
CUST00595,7,19,86092.86,4531.203157894737,2023-01-31,2024-10-25,633,383,0.33175355450236965,Aisha Iyer,Basic,Mumbai,4,5,4,13,Champions
CUST00596,1,1,960.0,960.0,2024-01-17,2024-01-17,0,665,1.0,Reyansh Kumar,Silver,Ahmedabad,1,1,1,3,Lost Customers
CUST00597,5,12,90036.01,7503.000833333333,2023-06-09,2024-10-12,491,396,0.30549898167006106,Arjun Banerjee,Basic,Delhi,4,3,4,11,Loyal Customers
CUST00598,3,6,105899.18,17649.86333333333,2023-02-09,2024-10-27,626,381,0.14376996805111822,Shaurya Joshi,Basic,Kolkata,4,2,5,11,Loyal Customers
CUST00599,2,6,67556.89,11259.481666666667,2023-06-12,2023-08-01,50,834,1.2,Rekha Nair,Platinum,Delhi,1,1,3,5,At Risk
CUST00600,2,3,34951.83,11650.61,2024-02-05,2024-11-11,280,366,0.21428571428571427,Vihaan Gupta,Gold,Pune,5,1,2,8,Potential Loyalists
CUST00601,5,9,72225.97,8025.107777777778,2023-01-21,2025-10-03,986,40,0.15212981744421905,Vikram Reddy,Basic,Mumbai,5,3,3,11,Loyal Customers
CUST00602,4,12,91560.45,7630.037499999999,2023-05-22,2024-06-28,403,502,0.2977667493796526,Priya Kumar,Basic,Ahmedabad,2,2,4,8,Potential Loyalists
CUST00603,1,2,2640.6600000000003,1320.3300000000002,2023-09-14,2023-09-14,0,790,1.0,Nisha Das,Basic,Kolkata,1,1,1,3,Lost Customers
CUST00604,7,17,147677.96000000002,8686.938823529414,2023-07-13,2024-09-27,442,411,0.47511312217194573,Sunil Das,Silver,Jaipur,4,5,5,14,Champions
CUST00605,5,10,63519.310000000005,6351.9310000000005,2023-05-12,2024-11-15,553,362,0.27124773960216997,Meera Mukherjee,Silver,Mumbai,5,3,3,11,Loyal Customers
CUST00606,5,6,49153.64,8192.273333333333,2023-05-12,2024-11-16,554,361,0.27075812274368233,Sunil Mukherjee,Basic,Delhi,5,3,2,10,Loyal Customers
CUST00607,3,8,42549.74,5318.7175,2023-08-24,2024-06-06,287,524,0.31358885017421606,Manoj Joshi,Gold,Chennai,2,2,2,6,At Risk
CUST00608,5,13,86284.17,6637.243846153846,2023-04-25,2024-07-05,437,495,0.34324942791762014,Aditya Banerjee,Basic,Chennai,2,3,4,9,Potential Loyalists
CUST00609,5,7,45739.81,6534.2585714285715,2023-01-10,2024-05-13,489,548,0.3067484662576687,Ananya Chauhan,Basic,Jaipur,2,3,2,7,Potential Loyalists
CUST00610,3,7,63878.240000000005,9125.462857142858,2023-06-25,2024-10-31,494,377,0.1821862348178138,Nisha Gupta,Silver,Mumbai,4,2,3,9,Potential Loyalists
CUST00612,3,5,12757.96,2551.5919999999996,2023-07-21,2024-09-17,424,421,0.21226415094339623,Diya Rao,Gold,Lucknow,3,2,1,6,At Risk
CUST00613,5,15,103716.57,6914.438,2023-03-17,2024-01-08,297,674,0.5050505050505051,Reyansh Mukherjee,Silver,Jaipur,1,3,5,9,Potential Loyalists
CUST00614,6,11,33552.869999999995,3050.2609090909086,2023-02-03,2024-05-21,473,540,0.38054968287526425,Shaurya Rao,Silver,Delhi,2,4,1,7,Potential Loyalists
CUST00615,4,14,58526.18,4180.441428571428,2023-03-17,2024-09-24,557,414,0.21543985637342908,Aisha Joshi,Basic,Pune,4,2,3,9,Potential Loyalists
CUST00616,4,8,28783.73,3597.96625,2023-04-08,2023-12-27,263,686,0.4562737642585551,Nisha Menon,Silver,Mumbai,1,2,1,4,Lost Customers
CUST00617,4,5,25372.77,5074.554,2023-05-04,2024-07-11,434,489,0.2764976958525346,Anjali Singh,Basic,Hyderabad,2,2,1,5,At Risk
CUST00618,5,12,83252.2,6937.683333333333,2023-02-04,2024-03-05,395,617,0.379746835443038,Meera Banerjee,Platinum,Delhi,1,3,4,8,Potential Loyalists
CUST00619,5,7,44020.56,6288.651428571428,2023-01-04,2024-04-19,471,572,0.3184713375796179,Ishaan Chauhan,Gold,Hyderabad,1,3,2,6,At Risk
CUST00620,7,11,70658.53,6423.5027272727275,2023-01-07,2024-10-24,656,384,0.3201219512195122,Krishna Chauhan,Silver,Bangalore,4,5,3,12,Champions
CUST00621,3,6,36380.28,6063.38,2023-01-14,2024-09-12,607,426,0.14827018121911037,Ananya Banerjee,Basic,Lucknow,3,2,2,7,Potential Loyalists
CUST00622,6,10,105927.81,10592.780999999999,2023-05-11,2024-07-19,435,481,0.41379310344827586,Riya Sharma,Silver,Ahmedabad,2,4,5,11,Loyal Customers
CUST00623,6,16,104377.48,6523.5925,2023-03-21,2024-09-26,555,412,0.32432432432432434,Aarav Tiwari,Platinum,Lucknow,4,4,5,13,Champions
CUST00624,7,11,38366.729999999996,3487.884545454545,2023-01-11,2024-09-22,620,416,0.3387096774193548,Reyansh Chauhan,Basic,Ahmedabad,4,5,2,11,Loyal Customers
CUST00625,6,11,47685.06,4335.005454545454,2023-03-10,2024-08-25,534,444,0.33707865168539325,Kavya Gupta,Gold,Kolkata,3,4,2,9,Potential Loyalists
CUST00626,5,12,81685.03,6807.0858333333335,2023-01-02,2024-11-10,678,367,0.22123893805309733,Sunil Chauhan,Silver,Unknown,5,3,4,12,Champions
CUST00627,6,9,71748.36,7972.04,2023-06-17,2024-08-25,435,444,0.41379310344827586,Sunita Verma,Gold,Hyderabad,3,4,3,10,Loyal Customers
CUST00628,5,11,87148.27,7922.570000000001,2023-01-09,2024-07-24,562,476,0.2669039145907473,Vihaan Menon,Basic,Hyderabad,2,3,4,9,Potential Loyalists
CUST00629,4,10,74109.16,7410.916,2023-05-08,2024-06-17,406,513,0.2955665024630542,Diya Das,Silver,Hyderabad,2,2,4,8,Potential Loyalists
CUST00630,8,21,173728.25,8272.77380952381,2023-07-20,2024-11-26,495,351,0.48484848484848486,Radha Reddy,Gold,Ahmedabad,5,5,5,15,Champions
CUST00631,5,10,75723.53,7572.353,2023-10-05,2024-09-26,357,412,0.42016806722689076,Amit Chauhan,Basic,Hyderabad,4,3,4,11,Loyal Customers
CUST00632,3,7,50201.26,7171.608571428572,2023-04-06,2024-02-17,317,634,0.28391167192429023,Arjun Reddy,Basic,Hyderabad,1,2,2,5,At Risk
CUST00633,3,6,94469.35,15744.891666666668,2023-08-09,2024-08-23,380,446,0.2368421052631579,Krishna Kumar,Silver,Kolkata,3,2,4,9,Potential Loyalists
CUST00634,4,9,63226.72,7025.191111111111,2023-03-04,2024-03-21,383,601,0.31331592689295035,Ishaan Rao,Platinum,Jaipur,1,2,3,6,At Risk
CUST00635,9,15,75853.98999999999,5056.932666666666,2023-06-13,2024-11-04,510,373,0.5294117647058824,Anjali Menon,Platinum,Mumbai,5,5,4,14,Champions
CUST00636,2,7,46470.310000000005,6638.615714285715,2023-04-05,2024-01-07,277,675,0.21660649819494587,Geeta Chauhan,Silver,Jaipur,1,1,2,4,Lost Customers
CUST00637,6,11,91408.54,8309.867272727271,2023-01-17,2024-11-24,677,353,0.2658788774002954,Vihaan Kumar,Platinum,Kolkata,5,4,4,13,Champions
CUST00638,4,5,27520.93,5504.186,2023-09-24,2024-05-19,238,542,0.5042016806722689,Shaurya Patel,Basic,Bangalore,2,2,1,5,At Risk
CUST00639,4,7,58957.59,8422.512857142856,2023-01-09,2023-10-13,277,761,0.43321299638989175,Geeta Verma,Gold,Chennai,1,2,3,6,At Risk
CUST00640,4,7,43200.24,6171.462857142857,2023-02-13,2024-03-28,409,594,0.293398533007335,Vivaan Pandey,Platinum,Delhi,1,2,2,5,At Risk
CUST00641,6,9,62977.23,6997.47,2023-04-06,2024-10-14,557,394,0.3231597845601436,Meera Mishra,Platinum,Kolkata,4,4,3,11,Loyal Customers
CUST00642,1,2,2667.6800000000003,1333.8400000000001,2023-04-26,2023-04-26,0,931,1.0,Krishna Mishra,Silver,Jaipur,1,1,1,3,Lost Customers
CUST00643,5,14,56199.17,4014.2264285714286,2023-01-07,2024-10-30,662,378,0.22658610271903323,Radha Menon,Silver,Chennai,4,3,3,10,Loyal Customers
CUST00644,7,16,117464.15000000001,7341.509375000001,2023-04-02,2024-11-09,587,368,0.3577512776831346,Priya Rao,Basic,Pune,5,5,5,15,Champions
CUST00645,6,15,132535.98,8835.732,2023-03-18,2024-06-07,447,523,0.40268456375838924,Aarav Mishra,Gold,Hyderabad,2,4,5,11,Loyal Customers
CUST00646,3,5,26666.73,5333.346,2023-05-19,2024-04-29,346,562,0.26011560693641617,Rajesh Chauhan,Platinum,Ahmedabad,2,2,1,5,At Risk
CUST00647,5,8,28848.57,3606.07125,2024-06-11,2024-12-01,173,346,0.8670520231213873,Pooja Rao,Basic,Chennai,5,3,1,9,Potential Loyalists
CUST00648,8,19,187865.22,9887.643157894738,2023-01-29,2024-04-10,437,581,0.5491990846681922,Rajesh Patel,Silver,Kolkata,1,5,5,11,Loyal Customers
CUST00649,3,6,29836.68,4972.78,2024-02-01,2024-09-19,231,419,0.38961038961038963,Pooja Banerjee,Platinum,Mumbai,3,2,1,6,At Risk
CUST00650,1,1,10323.5,10323.5,2024-02-13,2024-02-13,0,638,1.0,Aisha Mishra,Basic,Unknown,1,1,1,3,Lost Customers
CUST00651,2,3,19726.84,6575.613333333334,2024-04-05,2024-06-30,86,500,0.6976744186046512,Vivaan Singh,Basic,Chennai,2,1,1,4,Lost Customers
CUST00652,5,7,31863.879999999997,4551.982857142857,2023-05-04,2024-11-26,572,351,0.26223776223776224,Meera Singh,Basic,Kolkata,5,3,1,9,Potential Loyalists
CUST00653,2,3,13079.689999999999,4359.8966666666665,2023-09-12,2024-08-09,332,460,0.18072289156626506,Amit Patel,Gold,Bangalore,3,1,1,5,At Risk
CUST00654,5,9,51333.619999999995,5703.735555555555,2023-01-27,2024-02-19,388,632,0.3865979381443299,Arjun Menon,Basic,Jaipur,1,3,2,6,At Risk
CUST00655,15,35,259809.79,7423.1368571428575,2023-01-01,2024-10-01,639,407,0.704225352112676,Riya Desai,Gold,Kolkata,4,5,5,14,Champions
CUST00656,2,4,33875.16,8468.79,2023-07-26,2024-03-25,243,597,0.2469135802469136,Nisha Tiwari,Basic,Hyderabad,1,1,1,3,Lost Customers
CUST00657,7,14,89575.48,6398.248571428571,2023-04-16,2024-08-17,489,452,0.42944785276073616,Lata Menon,Basic,Jaipur,3,5,4,12,Champions
CUST00658,7,16,132950.23,8309.389375,2023-01-22,2024-08-11,567,458,0.3703703703703704,Meera Desai,Silver,Mumbai,3,5,5,13,Champions
CUST00659,2,6,35222.69,5870.448333333334,2024-01-05,2024-02-28,54,623,1.1111111111111112,Diya Mishra,Silver,Hyderabad,1,1,2,4,Lost Customers
CUST00660,5,18,137654.6,7647.477777777778,2023-01-14,2024-04-03,445,588,0.33707865168539325,Ishaan Gupta,Basic,Chennai,1,3,5,9,Potential Loyalists
CUST00661,7,12,25588.72,2132.3933333333334,2023-01-09,2024-09-17,617,421,0.34035656401944897,Kavita Banerjee,Basic,Mumbai,3,5,1,9,Potential Loyalists
CUST00662,1,2,6584.83,3292.415,2024-07-22,2024-07-22,0,478,1.0,Reyansh Singh,Silver,Mumbai,2,1,1,4,Lost Customers
CUST00663,5,12,56547.01,4712.2508333333335,2023-09-08,2024-08-12,339,457,0.44247787610619466,Radha Desai,Silver,Kolkata,3,3,3,9,Potential Loyalists
CUST00664,6,15,78106.2,5207.08,2023-07-22,2024-06-25,339,505,0.5309734513274336,Neha Reddy,Basic,Jaipur,2,4,4,10,Loyal Customers
CUST00665,8,10,56376.96,5637.696,2023-02-04,2024-07-08,520,492,0.46153846153846156,Diya Chauhan,Silver,Lucknow,2,5,3,10,Loyal Customers
CUST00666,4,9,37361.72,4151.302222222223,2023-08-24,2024-01-14,143,668,0.8391608391608392,Krishna Joshi,Basic,Pune,1,2,2,5,At Risk
CUST00667,13,26,127364.1,4898.619230769231,2023-02-17,2024-10-07,598,401,0.6521739130434783,Sai Joshi,Platinum,Mumbai,4,5,5,14,Champions
CUST00668,5,7,54839.64,7834.234285714286,2023-08-01,2024-11-29,486,348,0.308641975308642,Shreya Tiwari,Platinum,Pune,5,3,3,11,Loyal Customers
CUST00669,3,6,27002.170000000002,4500.361666666667,2023-01-01,2024-03-05,429,617,0.2097902097902098,Deepak Menon,Basic,Pune,1,2,1,4,Lost Customers
CUST00670,8,21,104051.74,4954.844761904762,2023-01-20,2024-09-29,618,409,0.3883495145631068,Arjun Desai,Silver,Bangalore,4,5,5,14,Champions
CUST00671,4,8,28398.44,3549.805,2023-05-14,2024-11-16,552,361,0.2173913043478261,Nisha Iyer,Gold,Pune,5,2,1,8,Potential Loyalists
CUST00672,8,20,145078.09,7253.9045,2023-08-01,2024-11-29,486,348,0.4938271604938272,Nisha Menon,Platinum,Pune,5,5,5,15,Champions
CUST00673,5,8,57145.01,7143.12625,2023-05-14,2024-11-01,537,376,0.2793296089385475,Vivaan Singh,Platinum,Bangalore,4,3,3,10,Loyal Customers
CUST00674,4,10,47336.829999999994,4733.682999999999,2023-05-22,2024-11-09,537,368,0.223463687150838,Rahul Kumar,Basic,Lucknow,5,2,2,9,Potential Loyalists
CUST00675,5,14,79066.64,5647.617142857142,2024-02-20,2024-11-27,281,350,0.5338078291814946,Shreya Rao,Gold,Chennai,5,3,4,12,Champions
CUST00676,10,19,125449.45999999999,6602.603157894737,2023-01-11,2024-11-29,688,348,0.436046511627907,Aditya Tiwari,Platinum,Unknown,5,5,5,15,Champions
CUST00677,6,12,50475.75,4206.3125,2023-03-26,2025-07-25,852,110,0.21126760563380284,Geeta Mishra,Platinum,Bangalore,5,4,2,11,Loyal Customers
CUST00678,5,14,91764.49,6554.606428571429,2023-04-27,2024-08-13,474,456,0.3164556962025316,Nisha Das,Platinum,Lucknow,3,3,4,10,Loyal Customers
CUST00679,6,13,84498.38,6499.875384615385,2023-01-17,2024-08-16,577,453,0.3119584055459272,Nisha Banerjee,Gold,Kolkata,3,4,4,11,Loyal Customers
CUST00680,4,5,18492.58,3698.5160000000005,2023-09-04,2024-09-06,368,432,0.32608695652173914,Amit Banerjee,Platinum,Hyderabad,3,2,1,6,At Risk
CUST00681,5,15,121096.88,8073.125333333333,2023-04-07,2024-07-16,466,484,0.3218884120171674,Kavya Nair,Basic,Chennai,2,3,5,10,Loyal Customers
CUST00682,2,3,29158.63,9719.543333333333,2023-04-14,2023-10-08,177,766,0.3389830508474576,Rahul Verma,Platinum,Jaipur,1,1,1,3,Lost Customers
CUST00683,10,17,130061.12,7650.654117647058,2023-02-07,2024-07-31,540,469,0.5555555555555556,Rahul Pandey,Gold,Mumbai,2,5,5,12,Champions
CUST00684,5,10,67713.85,6771.385,2023-05-30,2024-10-20,509,388,0.29469548133595286,Rohit Rao,Silver,Chennai,4,3,3,10,Loyal Customers
CUST00685,7,16,91676.51999999999,5729.782499999999,2023-05-01,2024-08-22,479,447,0.4384133611691023,Rekha Reddy,Basic,Delhi,3,5,4,12,Champions
CUST00686,6,19,112962.53,5945.396315789473,2023-02-21,2024-11-12,630,365,0.2857142857142857,Radha Singh,Gold,Delhi,5,4,5,14,Champions
CUST00687,6,7,35098.65,5014.092857142858,2023-04-14,2024-08-29,503,440,0.35785288270377735,Arjun Mishra,Platinum,Hyderabad,3,4,2,9,Potential Loyalists
CUST00688,5,14,125251.34,8946.524285714286,2023-02-26,2024-10-29,611,379,0.24549918166939444,Kavita Chauhan,Silver,Lucknow,4,3,5,12,Champions
CUST00689,3,3,20023.149999999998,6674.383333333332,2023-03-09,2024-08-17,527,452,0.17077798861480076,Sunil Iyer,Platinum,Chennai,3,2,1,6,At Risk
CUST00690,4,8,61438.9,7679.8625,2024-01-19,2024-10-23,278,385,0.4316546762589928,Shaurya Nair,Platinum,Ahmedabad,4,2,3,9,Potential Loyalists
CUST00691,6,18,145865.3,8103.627777777777,2023-02-25,2024-05-24,454,537,0.39647577092511016,Shreya Patel,Silver,Kolkata,2,4,5,11,Loyal Customers
CUST00692,8,12,66567.68,5547.306666666666,2023-01-20,2024-09-09,598,429,0.4013377926421405,Pooja Chauhan,Platinum,Unknown,3,5,3,11,Loyal Customers
CUST00693,2,3,13992.93,4664.31,2024-03-26,2024-04-10,15,581,2.0,Vivaan Iyer,Silver,Bangalore,1,1,1,3,Lost Customers
CUST00694,5,7,51973.37,7424.767142857143,2023-01-19,2024-03-18,424,604,0.3537735849056604,Rahul Mukherjee,Platinum,Delhi,1,3,2,6,At Risk
CUST00695,3,7,52980.11,7568.587142857143,2023-07-08,2024-06-20,348,510,0.25862068965517243,Kavya Singh,Basic,Bangalore,2,2,2,6,At Risk
CUST00696,8,16,128098.22,8006.13875,2023-04-13,2024-11-17,584,360,0.4109589041095891,Kavya Mukherjee,Gold,Delhi,5,5,5,15,Champions
CUST00697,6,13,72020.77,5540.059230769231,2023-04-20,2024-07-21,458,479,0.3930131004366812,Diya Reddy,Platinum,Delhi,2,4,3,9,Potential Loyalists
CUST00698,7,16,124148.96,7759.31,2023-03-10,2024-05-31,448,530,0.46875,Rahul Das,Silver,Delhi,2,5,5,12,Champions
CUST00699,3,5,41927.619999999995,8385.524,2023-01-03,2024-09-15,621,423,0.14492753623188406,Pooja Sharma,Basic,Hyderabad,3,2,2,7,Potential Loyalists
CUST00700,9,27,190736.03,7064.297407407407,2023-04-18,2024-11-29,591,348,0.4568527918781726,Pooja Desai,Silver,Pune,5,5,5,15,Champions
CUST00701,3,4,11980.119999999999,2995.0299999999997,2023-07-23,2024-06-03,316,527,0.2848101265822785,Pooja Reddy,Gold,Chennai,2,2,1,5,At Risk
CUST00702,6,14,59821.23,4272.945000000001,2023-02-21,2024-11-11,629,366,0.28616852146263916,Meera Tiwari,Basic,Ahmedabad,5,4,3,12,Champions
CUST00703,9,19,170071.86000000002,8951.15052631579,2023-01-05,2024-11-26,691,351,0.3907380607814761,Geeta Joshi,Basic,Lucknow,5,5,5,15,Champions
CUST00704,7,16,85482.06,5342.62875,2023-01-11,2024-10-15,643,393,0.3265940902021773,Priya Mishra,Basic,Unknown,4,5,4,13,Champions
CUST00705,5,12,65335.259999999995,5444.605,2023-09-08,2024-04-08,213,583,0.7042253521126761,Rahul Chauhan,Gold,Pune,1,3,3,7,Potential Loyalists
CUST00706,4,10,57841.4,5784.14,2023-03-27,2024-03-12,351,610,0.3418803418803419,Sanjay Patel,Silver,Pune,1,2,3,6,At Risk
CUST00707,5,10,57034.72,5703.472,2023-04-13,2024-12-01,598,346,0.2508361204013378,Sunil Reddy,Basic,Delhi,5,3,3,11,Loyal Customers
CUST00708,5,12,86705.12,7225.426666666666,2023-01-04,2024-12-28,724,319,0.20718232044198895,Ananya Banerjee,Platinum,Hyderabad,5,3,4,12,Champions
CUST00709,4,9,64205.11,7133.901111111111,2023-02-03,2024-01-06,337,676,0.3560830860534125,Priya Iyer,Platinum,Chennai,1,2,3,6,At Risk
CUST00710,2,6,32599.29,5433.215,2023-03-27,2023-11-19,237,724,0.2531645569620253,Priya Tiwari,Silver,Kolkata,1,1,1,3,Lost Customers
CUST00711,3,8,60410.759999999995,7551.344999999999,2024-06-11,2024-07-25,44,475,2.0454545454545454,Sanjay Banerjee,Basic,Chennai,2,2,3,7,Potential Loyalists
CUST00712,4,6,28457.62,4742.9366666666665,2023-04-08,2024-07-19,468,481,0.25641025641025644,Manoj Mukherjee,Basic,Pune,2,2,1,5,At Risk
CUST00713,4,7,32055.809999999998,4579.401428571428,2023-02-12,2024-01-13,335,669,0.35820895522388063,Gita Mukherjee,Gold,Hyderabad,1,2,1,4,Lost Customers
CUST00714,8,19,115349.78,6071.041052631579,2023-02-13,2024-09-30,595,408,0.40336134453781514,Geeta Verma,Gold,Bangalore,4,5,5,14,Champions
CUST00715,7,14,78895.84,5635.417142857143,2023-01-08,2025-08-12,947,92,0.22175290390707497,Sunita Tiwari,Basic,Hyderabad,5,5,4,14,Champions
CUST00716,2,4,55366.57,13841.6425,2023-11-22,2024-09-11,294,427,0.2040816326530612,Sanjay Tiwari,Gold,Kolkata,3,1,3,7,Potential Loyalists
CUST00717,8,22,117190.86,5326.857272727273,2023-06-17,2024-11-29,531,348,0.4519774011299435,Shaurya Das,Basic,Ahmedabad,5,5,5,15,Champions
CUST00718,2,3,19327.2,6442.400000000001,2024-04-13,2024-10-10,180,398,0.3333333333333333,Ananya Chauhan,Platinum,Kolkata,4,1,1,6,At Risk
CUST00719,5,11,66020.79,6001.889999999999,2023-08-23,2024-08-28,371,441,0.40431266846361186,Shaurya Singh,Silver,Delhi,3,3,3,9,Potential Loyalists
CUST00720,5,9,71658.84,7962.093333333333,2023-08-04,2024-08-11,373,458,0.40214477211796246,Radha Reddy,Silver,Lucknow,3,3,3,9,Potential Loyalists
CUST00721,9,19,80167.52,4219.3431578947375,2023-05-11,2024-11-19,558,358,0.48387096774193544,Vivaan Mishra,Platinum,Hyderabad,5,5,4,14,Champions
CUST00722,4,9,80562.83,8951.425555555556,2023-08-09,2024-03-30,234,592,0.5128205128205129,Sunil Rao,Basic,Delhi,1,2,4,7,Potential Loyalists
CUST00723,2,2,7421.92,3710.96,2023-10-04,2024-03-22,170,600,0.3529411764705882,Ishaan Reddy,Gold,Lucknow,1,1,1,3,Lost Customers
CUST00724,7,11,79745.65,7249.604545454545,2023-03-19,2024-08-30,530,439,0.3962264150943396,Aisha Patel,Basic,Pune,3,5,4,12,Champions
CUST00725,4,10,73075.74,7307.5740000000005,2023-05-20,2024-11-15,545,362,0.2201834862385321,Shaurya Singh,Platinum,Kolkata,5,2,3,10,Loyal Customers
CUST00726,4,6,35540.32,5923.386666666666,2023-02-24,2024-05-14,445,547,0.2696629213483146,Sanjay Menon,Platinum,Delhi,2,2,2,6,At Risk
CUST00727,7,12,83737.22,6978.1016666666665,2023-02-10,2024-12-01,660,346,0.3181818181818182,Sanjay Mukherjee,Platinum,Pune,5,5,4,14,Champions
CUST00728,7,22,153112.44,6959.6563636363635,2023-03-05,2024-10-19,594,389,0.35353535353535354,Anjali Kumar,Basic,Ahmedabad,4,5,5,14,Champions
CUST00729,5,12,106329.97,8860.830833333333,2023-07-11,2024-07-24,379,476,0.395778364116095,Pooja Nair,Gold,Bangalore,2,3,5,10,Loyal Customers
CUST00730,3,3,16155.71,5385.236666666667,2023-05-24,2024-04-18,330,573,0.2727272727272727,Kavita Singh,Platinum,Mumbai,1,2,1,4,Lost Customers
CUST00731,6,14,103949.85,7424.989285714286,2023-01-17,2024-09-23,615,415,0.2926829268292683,Sai Menon,Platinum,Lucknow,4,4,5,13,Champions
CUST00732,4,7,50518.520000000004,7216.931428571429,2023-07-15,2024-10-27,470,381,0.25531914893617025,Rahul Banerjee,Gold,Kolkata,4,2,2,8,Potential Loyalists
CUST00733,6,11,94340.73,8576.43,2023-05-04,2024-11-28,574,349,0.31358885017421606,Aisha Singh,Basic,Lucknow,5,4,4,13,Champions
CUST00734,3,5,55077.24,11015.448,2023-03-31,2024-11-30,610,347,0.14754098360655737,Suresh Mukherjee,Gold,Ahmedabad,5,2,3,10,Loyal Customers
CUST00735,6,16,115648.36,7228.0225,2023-01-20,2024-01-31,376,651,0.4787234042553192,Aarav Reddy,Silver,Bangalore,1,4,5,10,Loyal Customers
CUST00736,5,12,93168.69,7764.0575,2023-02-12,2024-03-16,398,606,0.37688442211055273,Priya Gupta,Silver,Jaipur,1,3,4,8,Potential Loyalists
CUST00737,10,22,175932.11,7996.91409090909,2023-01-14,2024-11-24,680,353,0.4411764705882353,Nisha Rao,Silver,Ahmedabad,5,5,5,15,Champions
CUST00738,3,6,33426.38,5571.063333333333,2023-01-17,2024-10-28,650,380,0.13846153846153844,Manoj Tiwari,Gold,Delhi,4,2,1,7,Potential Loyalists
CUST00739,7,15,73485.92,4899.061333333333,2023-07-11,2024-07-04,359,496,0.584958217270195,Nisha Nair,Basic,Lucknow,2,5,3,10,Loyal Customers
CUST00740,3,4,12422.48,3105.62,2023-03-06,2024-05-18,439,543,0.2050113895216401,Meera Singh,Gold,Pune,2,2,1,5,At Risk
CUST00741,11,23,126879.31,5516.491739130434,2023-03-22,2024-09-16,544,422,0.6066176470588236,Meera Desai,Silver,Chennai,3,5,5,13,Champions
CUST00742,1,3,12734.699999999999,4244.9,2023-03-22,2023-03-22,0,966,1.0,Ishaan Mishra,Gold,Ahmedabad,1,1,1,3,Lost Customers
CUST00743,3,5,37591.93,7518.386,2023-11-07,2024-07-26,262,474,0.3435114503816794,Meera Kumar,Silver,Delhi,2,2,2,6,At Risk
CUST00744,7,28,146355.28,5226.9742857142855,2023-01-29,2024-11-01,642,376,0.3271028037383178,Geeta Verma,Gold,Chennai,4,5,5,14,Champions
CUST00745,7,21,128416.53,6115.072857142857,2023-01-13,2024-10-27,653,381,0.3215926493108729,Rohit Tiwari,Silver,Delhi,4,5,5,14,Champions
CUST00746,9,18,141889.58,7882.754444444444,2023-01-09,2024-11-28,689,349,0.3918722786647315,Aditya Das,Basic,Hyderabad,5,5,5,15,Champions
CUST00747,4,6,39506.81,6584.468333333333,2024-08-21,2024-09-19,29,419,4.0,Reyansh Mukherjee,Basic,Delhi,3,2,2,7,Potential Loyalists
CUST00748,5,9,66851.5,7427.944444444444,2023-03-23,2024-11-21,609,356,0.24630541871921183,Shreya Chauhan,Basic,Bangalore,5,3,3,11,Loyal Customers
CUST00749,5,10,61485.840000000004,6148.584000000001,2023-07-18,2024-11-07,478,370,0.3138075313807531,Deepak Tiwari,Platinum,Chennai,5,3,3,11,Loyal Customers
CUST00750,3,5,24303.79,4860.758,2023-06-26,2024-01-31,219,651,0.4109589041095891,Sanjay Nair,Platinum,Pune,1,2,1,4,Lost Customers
CUST00752,4,9,88295.86,9810.65111111111,2023-04-24,2023-10-16,175,758,0.6857142857142857,Suresh Patel,Platinum,Hyderabad,1,2,4,7,Potential Loyalists
CUST00753,7,18,116697.91,6483.2172222222225,2023-01-11,2024-08-28,595,441,0.35294117647058826,Shreya Tiwari,Gold,Jaipur,3,5,5,13,Champions
CUST00754,4,8,69381.61,8672.70125,2023-08-05,2024-08-24,385,445,0.3116883116883117,Shaurya Pandey,Platinum,Lucknow,3,2,3,8,Potential Loyalists
CUST00755,4,12,67256.72,5604.7266666666665,2023-01-10,2024-08-07,575,462,0.20869565217391303,Aditya Das,Silver,Delhi,3,2,3,8,Potential Loyalists
CUST00756,3,9,66490.83,7387.87,2023-03-24,2024-03-31,373,591,0.24128686327077747,Pooja Menon,Basic,Jaipur,1,2,3,6,At Risk
CUST00757,4,10,84937.59,8493.759,2023-05-19,2024-11-10,541,367,0.22181146025878,Manoj Menon,Gold,Kolkata,5,2,4,11,Loyal Customers
CUST00758,8,10,58383.0,5838.3,2023-06-02,2024-09-28,484,410,0.49586776859504134,Deepak Mishra,Platinum,Delhi,4,5,3,12,Champions
CUST00759,5,14,95276.66,6805.475714285714,2023-01-17,2024-08-07,568,462,0.2640845070422535,Gita Nair,Gold,Jaipur,3,3,4,10,Loyal Customers
CUST00760,6,14,85145.75,6081.839285714285,2023-03-29,2024-07-27,486,473,0.3703703703703704,Kavya Singh,Silver,Jaipur,2,4,4,10,Loyal Customers
CUST00761,5,6,74689.59,12448.265,2023-01-16,2024-11-13,667,364,0.22488755622188905,Sai Verma,Platinum,Delhi,5,3,4,12,Champions
CUST00762,3,4,51666.17999999999,12916.544999999998,2023-04-13,2024-07-23,467,477,0.19271948608137046,Sunita Pandey,Platinum,Jaipur,2,2,2,6,At Risk
CUST00763,4,9,48396.33,5377.37,2023-01-13,2024-10-05,631,403,0.19017432646592708,Ananya Kumar,Platinum,Pune,4,2,2,8,Potential Loyalists
CUST00764,6,12,94623.36,7885.28,2023-02-08,2024-09-06,576,432,0.3125,Sunil Rao,Gold,Chennai,3,4,4,11,Loyal Customers
CUST00765,3,6,62637.119999999995,10439.519999999999,2023-04-06,2024-05-12,402,549,0.22388059701492538,Shreya Verma,Basic,Lucknow,2,2,3,7,Potential Loyalists
CUST00766,4,9,47424.85,5269.427777777778,2023-09-28,2024-05-26,241,535,0.4979253112033195,Shaurya Kumar,Basic,Mumbai,2,2,2,6,At Risk
CUST00767,5,12,70837.29,5903.107499999999,2023-01-21,2024-11-28,677,349,0.22156573116691286,Aarav Singh,Basic,Ahmedabad,5,3,3,11,Loyal Customers
CUST00768,6,10,95549.26,9554.926,2023-04-23,2024-08-19,484,450,0.37190082644628103,Vikram Rao,Silver,Hyderabad,3,4,4,11,Loyal Customers
CUST00769,5,10,67871.84999999999,6787.1849999999995,2023-05-28,2024-11-08,530,369,0.2830188679245283,Sai Mukherjee,Platinum,Hyderabad,5,3,3,11,Loyal Customers
CUST00770,4,5,44272.81,8854.562,2023-12-27,2024-10-16,294,392,0.4081632653061224,Riya Gupta,Gold,Ahmedabad,4,2,2,8,Potential Loyalists
CUST00771,4,7,41018.91,5859.844285714286,2023-07-10,2024-10-18,466,390,0.2575107296137339,Rekha Banerjee,Silver,Lucknow,4,2,2,8,Potential Loyalists
CUST00772,6,16,103203.11,6450.194375,2023-03-23,2024-09-27,554,411,0.3249097472924188,Diya Sharma,Silver,Jaipur,4,4,5,13,Champions
CUST00773,8,16,78604.81,4912.800625,2023-07-26,2024-11-24,487,353,0.4928131416837782,Aditya Rao,Platinum,Lucknow,5,5,4,14,Champions
CUST00774,6,12,81599.97,6799.9975,2023-05-28,2025-03-08,650,249,0.2769230769230769,Krishna Singh,Gold,Delhi,5,4,4,13,Champions
CUST00775,9,19,187144.49,9849.71,2023-10-26,2024-10-04,344,404,0.7848837209302325,Ananya Verma,Silver,Pune,4,5,5,14,Champions
CUST00776,5,6,69220.79000000001,11536.798333333334,2023-02-11,2024-11-15,643,362,0.2332814930015552,Rajesh Joshi,Basic,Bangalore,5,3,3,11,Loyal Customers
CUST00777,9,21,126828.41,6039.448095238095,2023-02-09,2024-07-15,522,485,0.5172413793103449,Kavita Pandey,Basic,Jaipur,2,5,5,12,Champions
CUST00778,6,16,95194.91,5949.681875,2023-07-24,2024-07-20,362,480,0.4972375690607735,Anjali Sharma,Basic,Pune,2,4,4,10,Loyal Customers
CUST00779,11,26,122333.93,4705.151153846154,2023-01-02,2024-10-14,651,394,0.5069124423963134,Sai Menon,Gold,Ahmedabad,4,5,5,14,Champions
CUST00780,3,6,27576.27,4596.045,2023-04-22,2024-06-16,421,514,0.21377672209026127,Deepak Verma,Gold,Jaipur,2,2,1,5,At Risk
CUST00781,7,15,90509.89,6033.992666666667,2023-04-19,2024-10-09,539,399,0.38961038961038963,Riya Mukherjee,Gold,Ahmedabad,4,5,4,13,Champions
CUST00782,5,8,59812.979999999996,7476.6224999999995,2023-04-27,2024-09-10,502,428,0.298804780876494,Sita Gupta,Platinum,Jaipur,3,3,3,9,Potential Loyalists
CUST00783,2,3,11946.57,3982.19,2023-03-06,2024-05-28,449,533,0.13363028953229397,Lata Menon,Gold,Chennai,2,1,1,4,Lost Customers
CUST00784,5,12,42164.1,3513.6749999999997,2023-04-10,2024-04-01,357,590,0.42016806722689076,Rohit Sharma,Basic,Lucknow,1,3,2,6,At Risk
CUST00785,5,7,21281.989999999998,3040.2842857142855,2023-08-16,2024-11-29,471,348,0.3184713375796179,Suresh Das,Basic,Ahmedabad,5,3,1,9,Potential Loyalists
CUST00786,3,8,47830.37,5978.79625,2023-04-19,2024-10-01,531,407,0.16949152542372883,Gita Desai,Basic,Pune,4,2,2,8,Potential Loyalists
CUST00787,6,11,62103.62,5645.783636363637,2023-03-04,2024-11-21,628,356,0.28662420382165604,Vivaan Iyer,Silver,Unknown,5,4,3,12,Champions
CUST00788,4,9,45825.4,5091.711111111112,2023-01-02,2024-06-10,525,520,0.22857142857142856,Sanjay Verma,Silver,Ahmedabad,2,2,2,6,At Risk
CUST00789,4,10,42998.73,4299.8730000000005,2023-01-23,2024-09-11,597,427,0.20100502512562815,Kavita Rao,Silver,Lucknow,3,2,2,7,Potential Loyalists
CUST00790,5,11,75799.19,6890.835454545455,2023-11-20,2024-10-19,334,389,0.44910179640718567,Ishaan Gupta,Silver,Lucknow,4,3,4,11,Loyal Customers
CUST00791,6,11,49522.57,4502.051818181818,2023-01-18,2024-11-11,663,366,0.27149321266968324,Rekha Mukherjee,Platinum,Mumbai,5,4,2,11,Loyal Customers
CUST00792,5,11,85641.56999999999,7785.597272727272,2023-04-02,2025-05-14,773,182,0.19404915912031048,Riya Singh,Platinum,Pune,5,3,4,12,Champions
CUST00793,5,13,104509.87000000001,8039.22076923077,2023-05-12,2024-11-22,560,355,0.26785714285714285,Rekha Chauhan,Platinum,Pune,5,3,5,13,Champions
CUST00794,5,12,100070.5,8339.208333333334,2023-04-24,2024-06-04,407,526,0.36855036855036855,Manoj Gupta,Silver,Chennai,2,3,4,9,Potential Loyalists
CUST00795,4,8,21353.53,2669.19125,2023-01-18,2023-05-08,110,919,1.090909090909091,Radha Joshi,Basic,Mumbai,1,2,1,4,Lost Customers
CUST00796,3,5,39940.770000000004,7988.154,2023-01-16,2024-09-01,594,437,0.15151515151515152,Kavya Gupta,Platinum,Jaipur,3,2,2,7,Potential Loyalists
CUST00797,2,2,18174.48,9087.24,2024-03-29,2024-03-31,2,591,2.0,Aditya Pandey,Silver,Mumbai,1,1,1,3,Lost Customers
CUST00798,6,13,129180.13,9936.933076923076,2023-02-17,2024-10-26,617,382,0.29173419773095627,Arjun Singh,Basic,Pune,4,4,5,13,Champions
CUST00799,5,14,77429.88,5530.705714285715,2023-03-08,2024-07-05,485,495,0.3092783505154639,Anjali Mukherjee,Basic,Pune,2,3,4,9,Potential Loyalists
CUST00800,4,7,63615.53,9087.932857142858,2023-01-18,2024-06-13,512,517,0.234375,Vivaan Chauhan,Silver,Hyderabad,2,2,3,7,Potential Loyalists
CUST00801,5,11,85421.35,7765.577272727273,2023-03-04,2024-08-11,526,458,0.28517110266159695,Sita Kumar,Gold,Chennai,3,3,4,10,Loyal Customers
CUST00802,5,11,53846.05,4895.095454545455,2023-05-07,2024-08-29,480,440,0.3125,Aditya Verma,Platinum,Bangalore,3,3,3,9,Potential Loyalists
CUST00803,8,17,101214.48999999999,5953.793529411764,2023-09-18,2024-11-18,427,359,0.5620608899297425,Shaurya Kumar,Gold,Jaipur,5,5,4,14,Champions
CUST00804,4,13,64446.31,4957.408461538462,2023-02-07,2024-07-06,515,494,0.23300970873786406,Vihaan Nair,Basic,Bangalore,2,2,3,7,Potential Loyalists
CUST00805,6,11,53087.21,4826.11,2023-04-25,2024-11-10,565,367,0.3185840707964602,Priya Rao,Gold,Hyderabad,5,4,2,11,Loyal Customers
CUST00806,2,3,15257.27,5085.756666666667,2024-07-26,2024-11-26,123,351,0.48780487804878053,Ananya Singh,Platinum,Hyderabad,5,1,1,7,Potential Loyalists
CUST00807,4,6,47037.69,7839.615000000001,2023-06-22,2024-03-15,267,607,0.449438202247191,Kavya Rao,Silver,Chennai,1,2,2,5,At Risk
CUST00808,7,11,72555.09,6595.917272727273,2023-06-05,2024-10-24,507,384,0.4142011834319527,Amit Sharma,Silver,Unknown,4,5,3,12,Champions
CUST00809,5,14,72209.88,5157.848571428572,2023-01-22,2024-09-13,600,425,0.25,Priya Reddy,Silver,Mumbai,3,4,3,10,Loyal Customers
CUST00810,6,15,118480.75,7898.716666666666,2023-01-12,2024-11-23,681,354,0.2643171806167401,Vivaan Patel,Basic,Chennai,5,4,5,14,Champions
CUST00811,6,15,84778.81,5651.920666666667,2023-03-16,2024-09-14,548,424,0.3284671532846716,Sunil Nair,Silver,Kolkata,3,4,4,11,Loyal Customers
CUST00812,6,19,117874.8,6203.936842105263,2023-04-22,2024-11-01,559,376,0.3220035778175313,Krishna Kumar,Silver,Delhi,4,4,5,13,Champions
CUST00813,8,16,114699.16,7168.6975,2023-04-09,2024-10-26,566,382,0.42402826855123676,Aditya Mukherjee,Gold,Chennai,4,5,5,14,Champions
CUST00814,3,5,71660.72,14332.144,2023-01-29,2024-01-19,355,663,0.2535211267605634,Radha Rao,Platinum,Jaipur,1,2,3,6,At Risk
CUST00815,4,6,40292.11,6715.3516666666665,2023-07-02,2024-08-15,410,454,0.29268292682926833,Sanjay Rao,Silver,Jaipur,3,3,2,8,Potential Loyalists
CUST00816,5,8,42036.4,5254.55,2023-02-21,2024-05-16,450,545,0.3333333333333333,Meera Iyer,Basic,Ahmedabad,2,4,2,8,Potential Loyalists
CUST00817,4,8,26271.61,3283.95125,2023-02-28,2024-09-17,567,421,0.21164021164021166,Neha Mishra,Silver,Pune,3,3,1,7,Potential Loyalists
CUST00818,7,17,140220.76,8248.28,2023-02-06,2024-06-05,485,525,0.43298969072164945,Deepak Menon,Basic,Kolkata,2,5,5,12,Champions
CUST00819,3,5,48467.16,9693.432,2023-03-16,2024-07-10,482,490,0.18672199170124482,Rajesh Desai,Gold,Pune,2,2,2,6,At Risk
CUST00820,5,7,61585.03,8797.861428571428,2023-02-18,2024-05-31,468,530,0.32051282051282054,Arjun Desai,Basic,Kolkata,2,4,3,9,Potential Loyalists
CUST00821,3,4,43120.03,10780.0075,2023-10-25,2024-11-30,402,347,0.22388059701492538,Rekha Reddy,Gold,Mumbai,5,2,2,9,Potential Loyalists
CUST00822,8,14,117159.94,8368.567142857142,2023-05-11,2024-09-13,491,425,0.48879837067209775,Rekha Iyer,Gold,Bangalore,3,5,5,13,Champions
CUST00823,3,8,90434.56999999999,11304.321249999999,2023-12-29,2024-10-07,283,401,0.31802120141342755,Meera Menon,Silver,Mumbai,4,2,4,10,Loyal Customers
CUST00824,7,11,86204.15,7836.740909090909,2023-02-25,2024-11-18,632,359,0.3322784810126582,Geeta Chauhan,Basic,Lucknow,5,5,4,14,Champions
CUST00825,3,6,13906.460000000001,2317.7433333333333,2023-03-15,2024-09-24,559,414,0.16100178890876565,Geeta Sharma,Silver,Ahmedabad,4,2,1,7,Potential Loyalists
CUST00826,8,19,113011.84,5947.991578947368,2023-01-05,2024-01-13,373,669,0.6434316353887399,Rohit Nair,Platinum,Hyderabad,1,5,5,11,Loyal Customers
CUST00827,6,14,86865.78,6204.698571428571,2023-02-18,2024-09-29,589,409,0.30560271646859083,Ishaan Kumar,Platinum,Mumbai,4,4,4,12,Champions
CUST00828,4,12,93172.44,7764.37,2024-07-03,2024-08-21,49,448,2.4489795918367347,Meera Singh,Platinum,Chennai,3,3,4,10,Loyal Customers
CUST00829,1,5,63572.56,12714.511999999999,2023-01-31,2023-01-31,0,1016,1.0,Diya Verma,Platinum,Jaipur,1,1,3,5,At Risk
CUST00830,9,16,130442.76,8152.6725,2023-04-05,2024-11-10,585,367,0.46153846153846156,Shreya Menon,Basic,Chennai,5,5,5,15,Champions
CUST00831,6,11,54138.92,4921.72,2023-06-30,2024-11-26,515,351,0.3495145631067961,Suresh Patel,Platinum,Pune,5,4,3,12,Champions
CUST00832,4,5,26014.38,5202.876,2023-01-30,2024-08-23,571,446,0.21015761821366022,Pooja Tiwari,Silver,Chennai,3,3,1,7,Potential Loyalists
CUST00833,5,8,18049.61,2256.20125,2023-03-21,2024-06-09,446,521,0.3363228699551569,Riya Reddy,Platinum,Ahmedabad,2,4,1,7,Potential Loyalists
CUST00834,7,12,65618.31,5468.1925,2023-01-25,2024-07-30,552,470,0.3804347826086957,Nisha Chauhan,Basic,Lucknow,2,5,3,10,Loyal Customers
CUST00835,7,12,51559.65,4296.6375,2023-01-04,2024-06-29,542,501,0.3874538745387454,Suresh Mukherjee,Silver,Kolkata,2,5,2,9,Potential Loyalists
CUST00836,5,11,80125.69,7284.153636363637,2023-09-22,2024-10-10,384,398,0.390625,Sita Singh,Silver,Bangalore,4,4,4,12,Champions
CUST00837,5,18,100630.25,5590.569444444444,2023-05-23,2024-09-01,467,437,0.32119914346895073,Neha Rao,Basic,Delhi,3,4,4,11,Loyal Customers
CUST00838,4,13,105016.95999999999,8078.2276923076915,2024-04-29,2024-09-18,142,420,0.8450704225352113,Rajesh Chauhan,Silver,Hyderabad,3,3,5,11,Loyal Customers
CUST00839,7,23,171766.1,7468.091304347827,2023-01-15,2024-06-19,521,511,0.40307101727447214,Sunil Pandey,Silver,Unknown,2,5,5,12,Champions
CUST00840,3,4,47216.35,11804.0875,2023-01-31,2024-12-01,670,346,0.13432835820895522,Rahul Chauhan,Basic,Bangalore,5,2,2,9,Potential Loyalists
CUST00841,6,10,78644.38,7864.438,2023-02-24,2024-08-20,543,449,0.3314917127071823,Ananya Patel,Basic,Kolkata,3,4,4,11,Loyal Customers
CUST00842,5,10,85565.26,8556.526,2023-01-28,2024-09-22,603,416,0.24875621890547261,Riya Kumar,Silver,Mumbai,4,4,4,12,Champions
CUST00843,4,5,13481.36,2696.272,2023-06-17,2024-07-27,406,473,0.2955665024630542,Sunita Singh,Platinum,Mumbai,2,3,1,6,At Risk
CUST00844,6,12,108334.84,9027.903333333334,2023-04-20,2024-01-15,270,667,0.6666666666666666,Sanjay Nair,Basic,Chennai,1,4,5,10,Loyal Customers
CUST00845,7,15,128139.62,8542.641333333333,2023-01-03,2024-10-26,662,382,0.31722054380664655,Priya Gupta,Silver,Unknown,4,5,5,14,Champions
CUST00846,2,6,45327.34,7554.556666666666,2023-02-16,2023-09-03,199,801,0.3015075376884422,Rahul Das,Silver,Hyderabad,1,1,2,4,Lost Customers
CUST00847,6,14,85206.3,6086.164285714286,2023-03-20,2024-04-23,400,568,0.44999999999999996,Amit Joshi,Platinum,Delhi,1,4,4,9,Potential Loyalists
CUST00848,7,18,84585.42,4699.19,2023-02-19,2024-11-26,646,351,0.32507739938080493,Riya Mukherjee,Basic,Delhi,5,5,4,14,Champions
CUST00849,4,10,46774.23,4677.423000000001,2023-01-11,2024-10-08,636,400,0.18867924528301888,Rekha Banerjee,Basic,Delhi,4,3,2,9,Potential Loyalists
CUST00850,5,8,66174.18000000001,8271.772500000001,2023-07-18,2024-10-07,447,401,0.33557046979865773,Meera Gupta,Platinum,Hyderabad,4,4,3,11,Loyal Customers
CUST00851,5,12,85751.51,7145.9591666666665,2023-05-10,2024-11-19,559,358,0.26833631484794274,Anjali Sharma,Gold,Mumbai,5,4,4,13,Champions
CUST00852,13,22,163741.61000000002,7442.800454545455,2023-02-19,2024-10-09,598,399,0.6521739130434783,Sanjay Rao,Silver,Bangalore,4,5,5,14,Champions
CUST00853,5,10,75497.83,7549.783,2023-02-01,2024-09-09,586,429,0.25597269624573377,Deepak Joshi,Gold,Lucknow,3,4,4,11,Loyal Customers
CUST00854,7,15,120561.95999999999,8037.463999999999,2023-02-08,2024-10-10,610,398,0.3442622950819672,Shreya Sharma,Gold,Pune,4,5,5,14,Champions
CUST00855,5,20,113502.7,5675.135,2023-09-29,2024-05-22,236,539,0.6355932203389831,Gita Pandey,Silver,Chennai,2,4,5,11,Loyal Customers
CUST00857,4,8,23072.89,2884.11125,2023-05-21,2024-09-22,490,416,0.2448979591836735,Sunil Mishra,Silver,Pune,4,3,1,8,Potential Loyalists
CUST00858,7,12,109369.73,9114.144166666667,2023-01-05,2024-05-12,493,549,0.42596348884381335,Priya Iyer,Gold,Ahmedabad,2,5,5,12,Champions
CUST00859,4,10,105711.82999999999,10571.182999999999,2023-11-04,2024-08-27,297,442,0.40404040404040403,Manoj Kumar,Platinum,Lucknow,3,3,5,11,Loyal Customers
CUST00860,6,12,63031.08,5252.59,2023-02-21,2024-03-08,381,614,0.4724409448818898,Diya Iyer,Gold,Jaipur,1,4,3,8,Potential Loyalists
CUST00861,4,11,82521.27,7501.933636363637,2023-05-31,2024-08-19,446,450,0.26905829596412556,Ishaan Rao,Silver,Hyderabad,3,3,4,10,Loyal Customers
CUST00862,2,7,63905.7,9129.385714285714,2023-03-27,2023-10-21,208,753,0.28846153846153844,Nisha Pandey,Gold,Hyderabad,1,1,3,5,At Risk
CUST00863,8,18,120232.59,6679.588333333333,2023-01-09,2024-02-20,407,631,0.5896805896805897,Krishna Pandey,Silver,Mumbai,1,5,5,11,Loyal Customers
CUST00864,4,11,71919.21,6538.110000000001,2023-06-08,2024-11-28,539,349,0.22263450834879409,Vihaan Pandey,Silver,Hyderabad,5,3,3,11,Loyal Customers
CUST00865,4,7,44084.34,6297.762857142857,2023-05-26,2024-07-02,403,498,0.2977667493796526,Shaurya Iyer,Silver,Mumbai,2,3,2,7,Potential Loyalists
CUST00866,5,6,46930.6,7821.766666666666,2023-03-08,2024-04-06,395,585,0.379746835443038,Sai Pandey,Basic,Unknown,1,4,2,7,Potential Loyalists
CUST00867,4,9,56945.4,6327.266666666666,2023-08-06,2024-11-05,457,372,0.262582056892779,Pooja Menon,Gold,Kolkata,5,3,3,11,Loyal Customers
CUST00868,6,14,117406.17,8386.155,2023-01-12,2024-11-09,667,368,0.2698650674662669,Shaurya Iyer,Gold,Hyderabad,5,4,5,14,Champions
CUST00869,7,19,95117.3,5006.1736842105265,2023-04-12,2024-04-08,362,583,0.580110497237569,Sunita Tiwari,Platinum,Pune,1,5,4,10,Loyal Customers
CUST00870,7,11,69797.86,6345.26,2023-05-25,2024-09-06,470,432,0.4468085106382979,Kavita Singh,Silver,Bangalore,3,5,3,11,Loyal Customers
CUST00871,7,11,67850.91,6168.264545454545,2023-03-10,2024-11-12,613,365,0.3425774877650897,Deepak Mukherjee,Basic,Pune,5,5,3,13,Champions
CUST00872,9,15,197197.33,13146.488666666666,2023-01-29,2024-09-03,583,435,0.4631217838765008,Radha Nair,Basic,Mumbai,3,5,5,13,Champions
CUST00873,4,7,30933.63,4419.09,2023-06-25,2024-11-29,523,348,0.2294455066921606,Reyansh Reddy,Platinum,Mumbai,5,3,1,9,Potential Loyalists
CUST00874,4,5,42398.32,8479.664,2023-05-09,2024-07-24,442,476,0.2714932126696833,Gita Tiwari,Gold,Hyderabad,2,3,2,7,Potential Loyalists
CUST00875,6,17,97442.20999999999,5731.894705882352,2023-05-14,2024-09-02,477,436,0.3773584905660377,Amit Joshi,Platinum,Mumbai,3,4,4,11,Loyal Customers
CUST00876,3,7,33790.77,4827.252857142857,2023-01-29,2024-08-09,558,460,0.16129032258064516,Riya Nair,Platinum,Jaipur,3,2,1,6,At Risk
CUST00877,5,10,43484.82,4348.482,2023-07-03,2024-08-19,413,450,0.3631961259079903,Vivaan Desai,Platinum,Hyderabad,3,4,2,9,Potential Loyalists
CUST00878,4,7,41717.59,5959.655714285714,2023-01-21,2024-10-29,647,379,0.18547140649149924,Manoj Rao,Platinum,Hyderabad,4,3,2,9,Potential Loyalists
CUST00879,8,15,133548.2,8903.213333333335,2023-02-04,2024-10-28,632,380,0.379746835443038,Aditya Kumar,Gold,Jaipur,4,5,5,14,Champions
CUST00881,7,12,83001.26,6916.7716666666665,2023-01-15,2024-07-08,540,492,0.3888888888888889,Ananya Joshi,Silver,Mumbai,2,5,4,11,Loyal Customers
CUST00882,6,16,96078.81999999999,6004.9262499999995,2023-01-10,2024-08-02,570,467,0.3157894736842105,Sai Joshi,Basic,Ahmedabad,3,4,4,11,Loyal Customers
CUST00883,6,17,97095.27,5711.4864705882355,2023-06-04,2024-08-14,437,455,0.41189931350114417,Anjali Nair,Gold,Pune,3,4,4,11,Loyal Customers
CUST00884,4,8,36379.87,4547.48375,2023-04-08,2023-10-07,182,767,0.6593406593406593,Sita Desai,Platinum,Delhi,1,3,2,6,At Risk
CUST00885,6,13,100746.37,7749.720769230769,2023-04-30,2024-06-20,417,510,0.4316546762589928,Vikram Tiwari,Silver,Chennai,2,4,4,10,Loyal Customers
CUST00886,4,8,55747.15,6968.39375,2023-03-09,2024-11-29,631,348,0.19017432646592708,Rekha Chauhan,Gold,Mumbai,5,3,3,11,Loyal Customers
CUST00887,5,11,83517.69,7592.517272727273,2023-06-08,2024-06-21,379,509,0.395778364116095,Aditya Mukherjee,Basic,Bangalore,2,4,4,10,Loyal Customers
CUST00888,7,17,145167.1,8539.241176470588,2023-01-03,2024-09-11,617,427,0.34035656401944897,Nisha Mishra,Gold,Chennai,3,5,5,13,Champions
CUST00889,3,4,35537.56,8884.39,2023-07-30,2024-11-18,477,359,0.18867924528301885,Diya Rao,Silver,Mumbai,5,2,2,9,Potential Loyalists
CUST00890,3,9,66470.83,7385.647777777778,2023-11-30,2024-04-19,141,572,0.6382978723404255,Suresh Pandey,Gold,Hyderabad,1,2,3,6,At Risk
CUST00891,3,5,14623.46,2924.692,2023-08-19,2024-11-19,458,358,0.1965065502183406,Rahul Banerjee,Platinum,Bangalore,5,2,1,8,Potential Loyalists
CUST00892,6,13,148002.02,11384.770769230769,2023-02-04,2024-11-14,649,363,0.27734976887519264,Shaurya Reddy,Basic,Kolkata,5,4,5,14,Champions
CUST00893,6,19,160666.06,8456.108421052631,2023-01-04,2024-01-01,362,681,0.4972375690607735,Vikram Tiwari,Basic,Bangalore,1,4,5,10,Loyal Customers
CUST00894,5,10,56787.38,5678.737999999999,2024-01-21,2024-09-14,237,424,0.6329113924050632,Kavita Joshi,Silver,Delhi,3,4,3,10,Loyal Customers
CUST00895,2,2,734.26,367.13,2023-01-26,2023-05-10,104,917,0.5769230769230769,Nisha Mishra,Silver,Pune,1,1,1,3,Lost Customers
CUST00896,9,14,107155.51,7653.964999999999,2023-04-04,2024-10-14,559,394,0.48300536672629696,Riya Chauhan,Basic,Pune,4,5,5,14,Champions
CUST00897,4,9,58059.619999999995,6451.068888888888,2023-08-13,2024-08-09,362,460,0.3314917127071823,Sita Banerjee,Basic,Lucknow,3,3,3,9,Potential Loyalists
CUST00898,3,4,32947.29,8236.8225,2023-12-23,2024-09-14,266,424,0.3383458646616541,Reyansh Joshi,Silver,Bangalore,3,2,1,6,At Risk
CUST00899,4,7,46829.53,6689.932857142857,2023-02-07,2023-10-26,261,748,0.4597701149425288,Sunita Rao,Basic,Jaipur,1,3,2,6,At Risk
CUST00900,5,11,62836.12,5712.374545454546,2023-11-29,2024-10-24,330,384,0.45454545454545453,Aarav Das,Basic,Bangalore,4,4,3,11,Loyal Customers
CUST00901,4,9,36688.28,4076.4755555555553,2024-04-24,2024-09-07,136,431,0.8823529411764706,Aditya Gupta,Gold,Kolkata,3,3,2,8,Potential Loyalists
CUST00902,3,4,55003.24,13750.81,2023-02-27,2023-10-12,227,762,0.39647577092511016,Kavya Mishra,Gold,Mumbai,1,2,3,6,At Risk
CUST00903,1,4,12133.779999999999,3033.4449999999997,2024-08-18,2024-08-18,0,451,1.0,Sunita Desai,Silver,Hyderabad,3,1,1,5,At Risk
CUST00904,9,27,194860.73,7217.064074074075,2023-01-07,2024-07-07,547,493,0.4936014625228519,Pooja Reddy,Silver,Bangalore,2,5,5,12,Champions
CUST00905,6,8,54307.119999999995,6788.389999999999,2023-10-06,2024-09-11,341,427,0.5278592375366569,Aisha Iyer,Platinum,Jaipur,3,4,3,10,Loyal Customers
CUST00906,3,5,47256.32,9451.264,2023-02-13,2024-09-06,571,432,0.15761821366024517,Rekha Reddy,Silver,Bangalore,3,2,2,7,Potential Loyalists
CUST00907,3,7,45646.32,6520.902857142857,2023-02-09,2024-10-21,620,387,0.14516129032258063,Rahul Tiwari,Silver,Bangalore,4,2,2,8,Potential Loyalists
CUST00908,4,9,68909.12,7656.568888888888,2023-06-06,2024-08-06,427,463,0.28103044496487123,Arjun Joshi,Gold,Pune,3,3,3,9,Potential Loyalists
CUST00909,3,7,40526.520000000004,5789.5028571428575,2023-08-01,2024-05-27,300,534,0.3,Vikram Nair,Basic,Delhi,2,2,2,6,At Risk
CUST00910,4,6,39546.92,6591.153333333333,2023-11-12,2024-08-18,280,451,0.42857142857142855,Reyansh Menon,Gold,Ahmedabad,3,3,2,8,Potential Loyalists
CUST00911,6,16,57296.33,3581.020625,2023-10-01,2025-03-18,534,239,0.33707865168539325,Diya Desai,Platinum,Pune,5,4,3,12,Champions
CUST00912,4,9,56183.13,6242.57,2023-01-27,2024-11-16,659,361,0.1820940819423369,Ishaan Kumar,Gold,Bangalore,5,3,3,11,Loyal Customers
CUST00913,4,8,33151.6,4143.95,2024-02-03,2024-10-12,252,396,0.47619047619047616,Sunil Patel,Platinum,Pune,4,3,1,8,Potential Loyalists
CUST00914,9,21,152318.09,7253.242380952381,2023-04-11,2024-11-14,583,363,0.4631217838765008,Pooja Gupta,Gold,Chennai,5,5,5,15,Champions
CUST00915,7,14,82191.66,5870.832857142857,2023-08-12,2024-09-15,400,423,0.525,Sita Verma,Platinum,Bangalore,3,5,4,12,Champions
CUST00916,11,25,265865.13,10634.6052,2023-01-09,2024-09-10,610,428,0.5409836065573771,Meera Rao,Basic,Bangalore,3,5,5,13,Champions
CUST00917,4,10,79766.8,7976.68,2023-09-15,2024-10-17,398,391,0.3015075376884422,Manoj Das,Basic,Mumbai,4,3,4,11,Loyal Customers
CUST00918,4,10,62049.84,6204.9839999999995,2023-02-22,2024-04-26,429,565,0.2797202797202797,Arjun Desai,Gold,Bangalore,1,3,3,7,Potential Loyalists
CUST00919,4,7,28910.489999999998,4130.07,2023-09-19,2024-10-24,401,384,0.29925187032418954,Rohit Nair,Gold,Delhi,4,3,1,8,Potential Loyalists
CUST00920,11,17,52111.44,3065.378823529412,2023-01-19,2024-11-14,665,363,0.49624060150375937,Sita Pandey,Basic,Unknown,5,5,2,12,Champions
CUST00921,3,4,14906.93,3726.7325,2023-10-25,2024-08-01,281,468,0.32028469750889677,Sunil Joshi,Basic,Lucknow,3,2,1,6,At Risk
CUST00922,6,21,108618.58,5172.3133333333335,2023-06-21,2024-11-20,518,357,0.3474903474903475,Manoj Rao,Silver,Delhi,5,4,5,14,Champions
CUST00923,4,9,101546.23,11282.914444444445,2024-02-11,2024-11-19,282,358,0.425531914893617,Anjali Rao,Gold,Kolkata,5,3,4,12,Champions
CUST00924,4,10,28915.559999999998,2891.5559999999996,2023-05-18,2024-09-08,479,430,0.25052192066805845,Deepak Chauhan,Gold,Delhi,3,3,1,7,Potential Loyalists
CUST00925,6,12,28475.800000000003,2372.9833333333336,2023-11-20,2024-05-24,186,537,0.9677419354838709,Krishna Reddy,Silver,Chennai,2,4,1,7,Potential Loyalists
CUST00926,2,7,54238.07,7748.295714285714,2024-07-08,2024-07-24,16,476,2.0,Meera Iyer,Platinum,Chennai,2,1,3,6,At Risk
CUST00927,1,1,3884.18,3884.18,2024-01-09,2024-01-09,0,673,1.0,Kavita Pandey,Basic,Pune,1,1,1,3,Lost Customers
CUST00928,1,4,60426.57,15106.6425,2023-11-03,2023-11-03,0,740,1.0,Kavya Verma,Platinum,Unknown,1,1,3,5,At Risk
CUST00929,3,7,33397.29,4771.041428571429,2024-05-11,2024-11-13,186,364,0.48387096774193544,Sai Tiwari,Silver,Ahmedabad,5,2,1,8,Potential Loyalists
CUST00930,4,9,44825.79,4980.643333333333,2023-04-04,2024-11-30,606,347,0.19801980198019803,Manoj Reddy,Silver,Chennai,5,3,2,10,Loyal Customers
CUST00931,3,6,26657.47,4442.911666666667,2023-05-07,2024-12-01,574,346,0.15679442508710803,Suresh Verma,Silver,Bangalore,5,2,1,8,Potential Loyalists
CUST00932,3,7,13539.77,1934.2528571428572,2023-05-21,2024-06-07,383,523,0.23498694516971277,Vikram Tiwari,Silver,Mumbai,2,2,1,5,At Risk
CUST00933,6,10,67575.24,6757.524,2023-06-04,2024-09-20,474,418,0.37974683544303794,Pooja Singh,Gold,Mumbai,3,4,3,10,Loyal Customers
CUST00934,4,7,35590.22,5084.317142857143,2023-01-11,2024-07-31,567,469,0.21164021164021166,Aditya Sharma,Silver,Bangalore,2,3,2,7,Potential Loyalists
CUST00935,5,11,55868.85,5078.986363636363,2023-01-25,2024-06-15,507,515,0.2958579881656805,Nisha Desai,Basic,Kolkata,2,4,3,9,Potential Loyalists
CUST00936,6,15,101130.23000000001,6742.015333333334,2023-04-23,2024-11-13,570,364,0.3157894736842105,Radha Menon,Silver,Hyderabad,5,4,4,13,Champions
CUST00937,2,3,14474.989999999998,4824.996666666666,2023-06-28,2023-10-01,95,773,0.6315789473684211,Ishaan Mukherjee,Silver,Delhi,1,1,1,3,Lost Customers
CUST00938,5,11,82493.94,7499.449090909091,2023-01-08,2024-07-23,562,477,0.2669039145907473,Rohit Mishra,Silver,Lucknow,2,4,4,10,Loyal Customers
CUST00939,2,4,26789.57,6697.3925,2023-09-17,2024-11-02,412,375,0.14563106796116507,Amit Desai,Platinum,Jaipur,4,1,1,6,At Risk
CUST00940,4,8,65870.17,8233.77125,2023-01-25,2024-07-19,541,481,0.22181146025878,Gita Iyer,Gold,Bangalore,2,3,3,8,Potential Loyalists
CUST00941,7,18,113032.32,6279.573333333334,2023-03-27,2024-09-25,548,413,0.3832116788321168,Nisha Das,Silver,Pune,4,5,5,14,Champions
CUST00942,3,6,33539.52,5589.919999999999,2023-06-13,2024-01-28,229,654,0.3930131004366812,Gita Iyer,Basic,Pune,1,2,1,4,Lost Customers
CUST00943,7,16,76869.75,4804.359375,2023-01-12,2024-10-20,647,388,0.32457496136012365,Sunil Menon,Gold,Jaipur,4,5,4,13,Champions
CUST00944,9,18,65935.93,3663.107222222222,2023-01-15,2024-08-17,580,452,0.4655172413793104,Aditya Das,Basic,Chennai,3,5,3,11,Loyal Customers
CUST00945,5,11,74149.81,6740.891818181818,2023-02-02,2024-09-02,578,436,0.2595155709342561,Kavya Reddy,Basic,Mumbai,3,4,4,11,Loyal Customers
CUST00946,8,12,120645.48000000001,10053.79,2023-03-26,2024-07-27,489,473,0.49079754601226994,Aisha Kumar,Gold,Jaipur,2,5,5,12,Champions
CUST00947,5,10,81470.4,8147.039999999999,2023-02-06,2024-02-14,373,637,0.40214477211796246,Diya Iyer,Basic,Kolkata,1,4,4,9,Potential Loyalists
CUST00948,4,6,35449.31,5908.218333333333,2023-01-29,2024-02-09,376,642,0.3191489361702128,Anjali Joshi,Platinum,Ahmedabad,1,3,2,6,At Risk
CUST00949,7,10,44879.21,4487.921,2023-06-06,2024-09-17,469,421,0.44776119402985076,Sai Rao,Silver,Ahmedabad,3,5,2,10,Loyal Customers
CUST00950,1,4,32251.910000000003,8062.977500000001,2024-11-18,2024-11-18,0,359,1.0,Pooja Patel,Silver,Mumbai,5,1,1,7,Potential Loyalists
CUST00951,10,25,130946.90999999999,5237.876399999999,2023-03-25,2024-11-06,592,371,0.5067567567567567,Reyansh Menon,Basic,Pune,5,5,5,15,Champions
CUST00952,2,6,51823.77,8637.295,2024-06-12,2024-11-09,150,368,0.4,Ishaan Nair,Silver,Mumbai,5,1,2,8,Potential Loyalists
CUST00953,2,4,25132.690000000002,6283.172500000001,2024-06-15,2024-10-16,123,392,0.48780487804878053,Sai Reddy,Platinum,Hyderabad,4,1,1,6,At Risk
CUST00954,4,6,30607.03,5101.171666666666,2023-01-03,2024-08-14,589,455,0.2037351443123939,Riya Das,Basic,Jaipur,3,3,1,7,Potential Loyalists
CUST00955,6,8,57230.310000000005,7153.788750000001,2023-05-26,2024-11-09,533,368,0.3377110694183865,Shaurya Sharma,Silver,Pune,5,4,3,12,Champions
CUST00956,5,10,51186.62,5118.662,2023-12-18,2024-07-15,210,485,0.7142857142857143,Krishna Rao,Silver,Pune,2,4,2,8,Potential Loyalists
CUST00957,5,10,42547.48,4254.7480000000005,2023-02-27,2024-11-11,623,366,0.24077046548956663,Krishna Desai,Silver,Hyderabad,5,4,2,11,Loyal Customers
CUST00958,5,8,80605.37,10075.67125,2023-07-06,2024-03-10,248,612,0.6048387096774193,Shaurya Mishra,Gold,Pune,1,4,4,9,Potential Loyalists
CUST00959,2,6,55916.39,9319.398333333333,2023-04-13,2023-09-10,150,794,0.4,Aarav Kumar,Gold,Delhi,1,1,3,5,At Risk
CUST00960,3,5,30595.14,6119.028,2024-04-16,2024-11-10,208,367,0.43269230769230765,Riya Kumar,Silver,Pune,5,2,1,8,Potential Loyalists
CUST00961,3,5,26329.870000000003,5265.974,2023-02-01,2024-10-26,633,382,0.14218009478672985,Rajesh Mukherjee,Silver,Ahmedabad,4,2,1,7,Potential Loyalists
CUST00962,7,16,134495.32,8405.9575,2023-01-04,2024-04-19,471,572,0.445859872611465,Rekha Rao,Silver,Jaipur,1,5,5,11,Loyal Customers
CUST00963,10,14,98318.77,7022.769285714286,2023-01-21,2024-11-08,657,369,0.4566210045662101,Sai Nair,Silver,Chennai,5,5,4,14,Champions
CUST00964,5,11,114498.87,10408.988181818182,2023-07-15,2024-08-10,392,459,0.3826530612244898,Amit Desai,Platinum,Mumbai,3,4,5,12,Champions
CUST00965,3,7,30915.43,4416.49,2023-07-25,2025-02-02,558,283,0.16129032258064516,Vihaan Kumar,Platinum,Chennai,5,2,1,8,Potential Loyalists
CUST00966,7,13,128959.75,9919.98076923077,2023-01-23,2024-10-30,646,378,0.32507739938080493,Radha Gupta,Silver,Delhi,4,5,5,14,Champions
CUST00967,4,11,53737.11,4885.191818181818,2023-06-10,2024-10-18,496,390,0.24193548387096772,Sita Tiwari,Platinum,Mumbai,4,3,3,10,Loyal Customers
CUST00968,3,4,49995.47,12498.8675,2023-11-11,2024-05-29,200,532,0.44999999999999996,Deepak Sharma,Silver,Hyderabad,2,2,2,6,At Risk
CUST00969,8,17,139601.66,8211.862352941176,2023-02-19,2024-10-31,620,377,0.3870967741935484,Ananya Sharma,Platinum,Jaipur,4,5,5,14,Champions
CUST00970,9,19,117187.95,6167.786842105263,2023-02-26,2024-11-20,633,357,0.42654028436018954,Manoj Patel,Platinum,Chennai,5,5,5,15,Champions
CUST00971,6,9,71360.07,7928.896666666667,2023-06-13,2024-10-08,483,400,0.37267080745341613,Diya Das,Platinum,Pune,4,4,3,11,Loyal Customers
CUST00972,4,10,74671.17,7467.117,2024-03-14,2024-09-13,183,425,0.6557377049180328,Manoj Reddy,Basic,Hyderabad,3,3,4,10,Loyal Customers
CUST00973,3,5,20824.420000000002,4164.884,2023-12-13,2024-06-30,200,500,0.44999999999999996,Rekha Singh,Basic,Bangalore,2,2,1,5,At Risk
CUST00974,3,6,25958.02,4326.336666666667,2023-04-13,2024-08-29,504,440,0.17857142857142858,Sita Banerjee,Platinum,Delhi,3,2,1,6,At Risk
CUST00975,4,10,78823.59,7882.3589999999995,2023-08-16,2024-09-13,394,425,0.30456852791878175,Aarav Desai,Silver,Kolkata,3,3,4,10,Loyal Customers
CUST00976,9,17,109774.02,6457.295294117647,2023-08-20,2024-05-07,261,554,1.0344827586206897,Rohit Tiwari,Silver,Delhi,2,5,5,12,Champions
CUST00977,1,1,10649.19,10649.19,2024-06-27,2024-06-27,0,503,1.0,Shreya Patel,Basic,Mumbai,2,1,1,4,Lost Customers
CUST00978,6,12,104706.76000000001,8725.563333333334,2023-03-08,2024-11-29,632,348,0.2848101265822785,Ananya Menon,Gold,Bangalore,5,4,5,14,Champions
CUST00979,7,8,57241.74,7155.2175,2023-04-18,2024-08-07,477,462,0.44025157232704404,Aditya Pandey,Basic,Pune,3,5,3,11,Loyal Customers
CUST00980,5,10,44800.810000000005,4480.081,2023-01-14,2024-10-11,636,397,0.2358490566037736,Pooja Das,Basic,Bangalore,4,4,2,10,Loyal Customers
CUST00981,4,4,6597.42,1649.355,2023-07-25,2024-10-22,455,386,0.26373626373626374,Sanjay Desai,Silver,Lucknow,4,3,1,8,Potential Loyalists
CUST00982,5,12,105907.07,8825.589166666667,2023-06-02,2024-06-03,367,527,0.40871934604904636,Ishaan Singh,Basic,Ahmedabad,2,4,5,11,Loyal Customers
CUST00983,8,23,189493.11000000002,8238.830869565218,2023-02-02,2024-09-09,585,429,0.41025641025641024,Deepak Desai,Gold,Bangalore,3,5,5,13,Champions
CUST00984,1,3,7003.950000000001,2334.65,2023-10-17,2023-10-17,0,757,1.0,Lata Verma,Basic,Mumbai,1,1,1,3,Lost Customers
CUST00985,6,14,89073.86,6362.418571428571,2023-06-19,2024-08-02,410,467,0.43902439024390244,Arjun Nair,Basic,Pune,3,4,4,11,Loyal Customers
CUST00986,2,4,33661.8,8415.45,2023-01-29,2023-06-17,139,879,0.4316546762589928,Reyansh Pandey,Platinum,Bangalore,1,1,1,3,Lost Customers
CUST00987,6,13,78494.63,6038.048461538462,2023-04-17,2024-09-29,531,409,0.33898305084745767,Krishna Iyer,Silver,Ahmedabad,4,4,4,12,Champions
CUST00988,2,3,25225.93,8408.643333333333,2024-03-21,2024-08-07,139,462,0.4316546762589928,Vikram Verma,Platinum,Lucknow,3,1,1,5,At Risk
CUST00989,4,10,53429.42,5342.942,2023-11-15,2024-08-20,279,449,0.4301075268817204,Sai Kumar,Platinum,Bangalore,3,3,2,8,Potential Loyalists
CUST00990,3,6,29853.19,4975.531666666667,2023-03-05,2024-05-03,425,558,0.21176470588235294,Diya Verma,Gold,Kolkata,2,2,1,5,At Risk
CUST00991,10,21,176735.54,8415.978095238095,2023-02-26,2024-09-17,569,421,0.5272407732864676,Ananya Tiwari,Platinum,Jaipur,3,5,5,13,Champions
CUST00992,7,14,84058.22,6004.158571428571,2023-01-10,2024-05-28,504,533,0.41666666666666663,Lata Kumar,Basic,Lucknow,2,5,4,11,Loyal Customers
CUST00993,9,16,93242.03,5827.626875,2023-04-03,2024-10-13,559,395,0.48300536672629696,Rajesh Iyer,Platinum,Delhi,4,5,4,13,Champions
CUST00994,6,6,30503.03,5083.838333333333,2023-06-17,2024-09-22,463,416,0.38876889848812096,Rajesh Das,Platinum,Chennai,4,4,1,9,Potential Loyalists
CUST00995,10,17,112544.29000000001,6620.252352941177,2023-03-10,2024-11-12,613,365,0.4893964110929853,Sanjay Sharma,Basic,Hyderabad,5,5,5,15,Champions
CUST00996,9,15,89534.82,5968.988,2023-05-04,2024-10-05,520,403,0.5192307692307693,Rekha Tiwari,Basic,Hyderabad,4,5,4,13,Champions
CUST00997,5,7,58832.84,8404.691428571428,2023-01-01,2024-08-12,589,457,0.2546689303904924,Rekha Tiwari,Platinum,Bangalore,3,4,3,10,Loyal Customers
CUST00998,3,7,40254.38,5750.625714285714,2023-06-28,2024-05-06,313,555,0.28753993610223644,Sai Sharma,Basic,Delhi,2,2,2,6,At Risk
CUST00999,3,7,73601.55,10514.507142857143,2023-10-01,2024-05-16,228,545,0.39473684210526316,Kavita Banerjee,Platinum,Ahmedabad,2,2,3,7,Potential Loyalists
CUST01000,7,11,65805.66,5982.332727272727,2023-06-04,2024-10-22,506,386,0.4150197628458498,Meera Singh,Platinum,Chennai,4,5,3,12,Champions
