item_id,order_id,product_id,quantity,unit_price,discount,line_total
ITEM0000001,ORD000001,PROD00068,2,1589.23,0.0,3178.46
ITEM0000002,ORD000002,PROD00230,2,8026.94,0.0,16053.88
ITEM0000003,ORD000002,PROD00126,3,10802.22,0.0,32406.66
ITEM0000004,ORD000003,PROD00048,3,1926.71,0.0,5780.13
ITEM0000005,ORD000003,PROD00086,1,5791.83,0.0,5791.83
ITEM0000006,ORD000004,PROD00177,1,5446.6,0.0,5446.6
ITEM0000007,ORD000005,PROD00291,1,1173.69,0.0,1173.69
ITEM0000008,ORD000006,PROD00010,4,2259.53,0.14,7772.78
ITEM0000009,ORD000006,PROD00093,2,3802.74,0.0,7605.48
ITEM0000010,ORD000006,PROD00087,1,4546.57,0.0,4546.57
ITEM0000011,ORD000006,PROD00111,2,5596.44,0.05,10633.24
ITEM0000012,ORD000007,PROD00287,3,6559.01,0.0,19677.03
ITEM0000013,ORD000007,PROD00003,1,2902.0,0.08,2669.84
ITEM0000014,ORD000008,PROD00121,2,11305.27,0.0,22610.54
ITEM0000015,ORD000009,PROD00252,1,910.14,0.0,910.14
ITEM0000016,ORD000010,PROD00293,4,5361.88,0.0,21447.52
ITEM0000017,ORD000011,PROD00180,1,7030.69,0.11,6257.31
ITEM0000018,ORD000011,PROD00206,2,8632.13,0.0,17264.26
ITEM0000019,ORD000011,PROD00035,1,2576.9,0.17,2138.83
ITEM0000020,ORD000011,PROD00062,1,5673.89,0.0,5673.89
ITEM0000021,ORD000012,PROD00174,1,4285.14,0.0,4285.14
ITEM0000022,ORD000012,PROD00203,1,477.27,0.0,477.27
ITEM0000023,ORD000013,PROD00077,1,7101.66,0.0,7101.66
ITEM0000024,ORD000013,PROD00104,1,2043.03,0.0,2043.03
ITEM0000025,ORD000014,PROD00122,1,11549.43,0.0,11549.43
ITEM0000026,ORD000015,PROD00265,4,4207.25,0.0,16829.0
ITEM0000027,ORD000015,PROD00114,2,2295.26,0.0,4590.52
ITEM0000028,ORD000016,PROD00006,1,8153.69,0.0,8153.69
ITEM0000029,ORD000017,PROD00194,1,535.55,0.0,535.55
ITEM0000030,ORD000018,PROD00124,2,2025.14,0.0,4050.28
ITEM0000031,ORD000018,PROD00010,1,2259.53,0.0,2259.53
ITEM0000032,ORD000019,PROD00185,1,2719.98,0.0,2719.98
ITEM0000033,ORD000019,PROD00149,1,832.87,0.19,674.62
ITEM0000034,ORD000019,PROD00258,1,5858.08,0.0,5858.08
ITEM0000035,ORD000019,PROD00072,1,6999.91,0.0,6999.91
ITEM0000036,ORD000019,PROD00179,1,6055.62,0.0,6055.62
ITEM0000037,ORD000020,PROD00009,2,5332.96,0.0,10665.92
ITEM0000038,ORD000021,PROD00234,4,9552.76,0.0,38211.04
ITEM0000039,ORD000022,PROD00083,1,9425.24,0.14,8105.71
ITEM0000040,ORD000022,PROD00011,1,2615.05,0.0,2615.05
ITEM0000041,ORD000023,PROD00075,2,6662.95,0.19,10793.98
ITEM0000042,ORD000024,PROD00221,1,901.85,0.0,901.85
ITEM0000043,ORD000025,PROD00256,2,256.57,0.0,513.14
ITEM0000044,ORD000025,PROD00002,1,231.58,0.17,192.21
ITEM0000045,ORD000026,PROD00117,1,498.3,0.0,498.3
ITEM0000046,ORD000026,PROD00250,1,4610.44,0.0,4610.44
ITEM0000047,ORD000026,PROD00074,2,9420.21,0.22,14695.53
ITEM0000048,ORD000026,PROD00299,3,10649.19,0.1,28752.81
ITEM0000049,ORD000027,PROD00298,1,5321.16,0.0,5321.16
ITEM0000050,ORD000028,PROD00075,2,6662.95,0.29,9461.39
ITEM0000051,ORD000029,PROD00241,1,1082.38,0.08,995.79
ITEM0000052,ORD000030,PROD00131,1,576.16,0.0,576.16
ITEM0000053,ORD000030,PROD00013,1,10508.19,0.08,9667.53
ITEM0000054,ORD000031,PROD00136,2,621.23,0.0,1242.46
ITEM0000055,ORD000031,PROD00078,2,2028.86,0.0,4057.72
ITEM0000056,ORD000032,PROD00031,2,4066.81,0.0,8133.62
ITEM0000057,ORD000033,PROD00166,3,7134.8,0.0,21404.4
ITEM0000058,ORD000034,PROD00048,1,1926.71,0.0,1926.71
ITEM0000059,ORD000035,PROD00295,1,895.09,0.15,760.83
ITEM0000060,ORD000036,PROD00199,1,3657.98,0.18,2999.54
ITEM0000061,ORD000037,PROD00284,1,1981.58,0.0,1981.58
ITEM0000062,ORD000037,PROD00105,1,3095.41,0.22,2414.42
ITEM0000063,ORD000038,PROD00014,2,1451.31,0.27,2118.91
ITEM0000064,ORD000038,PROD00300,1,1343.36,0.0,1343.36
ITEM0000065,ORD000038,PROD00056,1,6326.27,0.0,6326.27
ITEM0000066,ORD000038,PROD00196,1,6703.46,0.0,6703.46
ITEM0000067,ORD000039,PROD00246,1,8011.14,0.0,8011.14
ITEM0000068,ORD000039,PROD00196,1,6703.46,0.17,5563.87
ITEM0000069,ORD000039,PROD00030,2,4937.89,0.0,9875.78
ITEM0000070,ORD000039,PROD00157,1,2525.54,0.29,1793.13
ITEM0000071,ORD000040,PROD00240,3,4510.78,0.17,11231.84
ITEM0000072,ORD000041,PROD00005,1,246.43,0.0,246.43
ITEM0000073,ORD000041,PROD00055,1,2678.2,0.0,2678.2
ITEM0000074,ORD000042,PROD00171,1,546.18,0.0,546.18
ITEM0000075,ORD000043,PROD00278,2,629.94,0.0,1259.88
ITEM0000076,ORD000043,PROD00275,2,5765.78,0.0,11531.56
ITEM0000077,ORD000044,PROD00271,1,439.58,0.0,439.58
ITEM0000078,ORD000044,PROD00106,2,3963.99,0.26,5866.71
ITEM0000079,ORD000044,PROD00174,1,4285.14,0.15,3642.37
ITEM0000080,ORD000045,PROD00278,1,629.94,0.0,629.94
ITEM0000081,ORD000045,PROD00270,1,4350.17,0.0,4350.17
ITEM0000082,ORD000045,PROD00244,1,4549.33,0.0,4549.33
ITEM0000083,ORD000046,PROD00034,1,2533.01,0.0,2533.01
ITEM0000084,ORD000046,PROD00169,1,5358.09,0.0,5358.09
ITEM0000085,ORD000047,PROD00182,4,3616.25,0.0,14465.0
ITEM0000086,ORD000047,PROD00157,1,2525.54,0.01,2500.28
ITEM0000087,ORD000048,PROD00060,3,532.72,0.0,1598.16
ITEM0000088,ORD000048,PROD00223,1,2430.88,0.0,2430.88
ITEM0000089,ORD000048,PROD00060,2,532.72,0.1,958.9
ITEM0000090,ORD000048,PROD00212,1,7782.48,0.0,7782.48
ITEM0000091,ORD000049,PROD00084,1,7622.23,0.0,7622.23
ITEM0000092,ORD000049,PROD00085,2,1960.53,0.0,3921.06
ITEM0000093,ORD000050,PROD00251,2,3365.3,0.0,6730.6
ITEM0000094,ORD000050,PROD00041,1,3958.75,0.1,3562.88
ITEM0000095,ORD000050,PROD00165,2,1721.94,0.28,2479.59
ITEM0000096,ORD000050,PROD00120,1,1288.16,0.0,1288.16
ITEM0000097,ORD000051,PROD00119,1,9197.85,0.0,9197.85
ITEM0000098,ORD000051,PROD00197,2,8766.75,0.0,17533.5
ITEM0000099,ORD000052,PROD00018,3,2803.77,0.19,6813.16
ITEM0000100,ORD000052,PROD00242,2,2496.43,0.0,4992.86
ITEM0000101,ORD000052,PROD00122,1,11549.43,0.0,11549.43
ITEM0000102,ORD000053,PROD00237,1,8123.36,0.0,8123.36
ITEM0000103,ORD000053,PROD00039,1,6419.63,0.0,6419.63
ITEM0000104,ORD000054,PROD00247,2,7341.91,0.22,11453.38
ITEM0000105,ORD000055,PROD00056,2,6326.27,0.0,12652.54
ITEM0000106,ORD000056,PROD00013,1,10508.19,0.0,10508.19
ITEM0000107,ORD000056,PROD00118,2,8273.55,0.0,16547.1
ITEM0000108,ORD000056,PROD00166,3,7134.8,0.13,18621.83
ITEM0000109,ORD000056,PROD00100,1,8661.69,0.0,8661.69
ITEM0000110,ORD000057,PROD00091,1,1302.09,0.0,1302.09
ITEM0000111,ORD000057,PROD00010,1,2259.53,0.16,1898.01
ITEM0000112,ORD000058,PROD00100,1,8661.69,0.0,8661.69
ITEM0000113,ORD000059,PROD00054,1,5941.63,0.0,5941.63
ITEM0000114,ORD000059,PROD00025,3,3078.83,0.08,8497.57
ITEM0000115,ORD000060,PROD00020,2,7970.85,0.0,15941.7
ITEM0000116,ORD000060,PROD00206,2,8632.13,0.0,17264.26
ITEM0000117,ORD000061,PROD00034,1,2533.01,0.0,2533.01
ITEM0000118,ORD000062,PROD00280,1,4625.83,0.13,4024.47
ITEM0000119,ORD000062,PROD00135,1,2086.2,0.0,2086.2
ITEM0000120,ORD000062,PROD00098,1,2402.47,0.0,2402.47
ITEM0000121,ORD000062,PROD00104,-1,2043.03,0.09,-1859.16
ITEM0000122,ORD000063,PROD00269,2,2135.25,0.0,4270.5
ITEM0000123,ORD000064,PROD00206,1,8632.13,0.0,8632.13
ITEM0000124,ORD000064,PROD00245,1,6215.91,0.0,6215.91
ITEM0000125,ORD000065,PROD00105,3,3095.41,0.14,7986.16
ITEM0000126,ORD000065,PROD00083,2,9425.24,0.23,14514.87
ITEM0000127,ORD000065,PROD00039,1,6419.63,0.2,5135.7
ITEM0000128,ORD000066,PROD00274,1,5633.46,0.03,5464.46
ITEM0000129,ORD000066,PROD00033,1,1942.09,0.0,1942.09
ITEM0000130,ORD000067,PROD00243,2,6308.05,0.0,12616.1
ITEM0000131,ORD000068,PROD00159,1,198.83,0.0,198.83
ITEM0000132,ORD000068,PROD00129,1,2500.46,0.0,2500.46
ITEM0000133,ORD000069,PROD00046,1,8988.77,0.0,8988.77
ITEM0000134,ORD000070,PROD00125,1,5694.29,0.0,5694.29
ITEM0000135,ORD000070,PROD00277,1,556.92,0.0,556.92
ITEM0000136,ORD000071,PROD00030,2,4937.89,0.29,7011.8
ITEM0000137,ORD000071,PROD00230,2,8026.94,0.0,16053.88
ITEM0000138,ORD000071,PROD00293,1,5361.88,0.0,5361.88
ITEM0000139,ORD000072,PROD00265,2,4207.25,0.0,8414.5
ITEM0000140,ORD000072,PROD00090,1,494.65,0.0,494.65
ITEM0000141,ORD000072,PROD00262,1,1460.84,0.03,1417.01
ITEM0000142,ORD000073,PROD00082,1,3992.96,0.0,3992.96
ITEM0000143,ORD000073,PROD00256,1,256.57,0.0,256.57
ITEM0000144,ORD000073,PROD00198,1,1516.26,0.08,1394.96
ITEM0000145,ORD000073,PROD00078,1,2028.86,0.08,1866.55
ITEM0000146,ORD000074,PROD00082,1,3992.96,0.0,3992.96
ITEM0000147,ORD000074,PROD00066,1,899.86,0.0,899.86
ITEM0000148,ORD000074,PROD00207,1,6547.46,0.16,5499.87
ITEM0000149,ORD000074,PROD00218,2,6300.23,0.0,12600.46
ITEM0000150,ORD000074,PROD00067,2,996.38,0.0,1992.76
ITEM0000151,ORD000075,PROD00097,2,1492.36,0.0,2984.72
ITEM0000152,ORD000075,PROD00034,2,2533.01,0.0,5066.02
ITEM0000153,ORD000075,PROD00299,1,10649.19,0.0,10649.19
ITEM0000154,ORD000076,PROD00212,1,7782.48,0.0,7782.48
ITEM0000155,ORD000077,PROD00208,3,4099.5,0.0,12298.5
ITEM0000156,ORD000077,PROD00191,1,4249.81,0.0,4249.81
ITEM0000157,ORD000077,PROD00140,1,1718.72,0.0,1718.72
ITEM0000158,ORD000077,PROD00254,3,3623.42,0.0,10870.26
ITEM0000159,ORD000078,PROD00174,1,4285.14,0.0,4285.14
ITEM0000160,ORD000078,PROD00263,3,4979.64,0.0,14938.92
ITEM0000161,ORD000079,PROD00290,3,1195.14,0.0,3585.42
ITEM0000162,ORD000079,PROD00194,1,535.55,0.0,535.55
ITEM0000163,ORD000080,PROD00180,2,7030.69,0.0,14061.38
ITEM0000164,ORD000081,PROD00246,2,8011.14,0.0,16022.28
ITEM0000165,ORD000082,PROD00285,1,2757.81,0.0,2757.81
ITEM0000166,ORD000082,PROD00056,2,6326.27,0.13,11007.71
ITEM0000167,ORD000082,PROD00083,1,9425.24,0.0,9425.24
ITEM0000168,ORD000082,PROD00261,4,2154.14,0.01,8530.39
ITEM0000169,ORD000082,PROD00131,1,576.16,0.0,576.16
ITEM0000170,ORD000083,PROD00005,1,246.43,0.0,246.43
ITEM0000171,ORD000083,PROD00062,1,5673.89,0.0,5673.89
ITEM0000172,ORD000083,PROD00237,3,8123.36,0.0,24370.08
ITEM0000173,ORD000084,PROD00258,1,5858.08,0.2,4686.46
ITEM0000174,ORD000084,PROD00156,1,1816.09,0.0,1816.09
ITEM0000175,ORD000084,PROD00149,1,832.87,0.02,816.21
ITEM0000176,ORD000085,PROD00187,1,6641.17,0.0,6641.17
ITEM0000177,ORD000086,PROD00077,1,7101.66,0.21,5610.31
ITEM0000178,ORD000087,PROD00002,2,231.58,0.0,463.16
ITEM0000179,ORD000087,PROD00173,4,1540.77,0.0,6163.06
ITEM0000180,ORD000088,PROD00146,-1,504.1,0.0,-504.1
ITEM0000181,ORD000088,PROD00015,2,5418.41,0.25,8127.62
ITEM0000182,ORD000088,PROD00035,2,2576.9,0.0,5153.8
ITEM0000183,ORD000088,PROD00194,1,535.55,0.05,508.77
ITEM0000184,ORD000088,PROD00192,1,5116.05,0.0,5116.05
ITEM0000185,ORD000089,PROD00151,1,5518.05,0.27,4028.18
ITEM0000186,ORD000089,PROD00232,1,3144.6,0.0,3144.6
ITEM0000187,ORD000090,PROD00009,1,5332.96,0.0,5332.96
ITEM0000188,ORD000091,PROD00011,1,2615.05,0.0,2615.05
ITEM0000189,ORD000092,PROD00159,2,198.83,0.0,397.66
ITEM0000190,ORD000093,PROD00026,1,992.19,0.28,714.38
ITEM0000191,ORD000093,PROD00060,1,532.72,0.16,447.48
ITEM0000192,ORD000094,PROD00011,1,2615.05,0.28,1882.84
ITEM0000193,ORD000095,PROD00054,1,5941.63,0.04,5703.96
ITEM0000194,ORD000096,PROD00231,2,3622.68,0.05,6883.09
ITEM0000195,ORD000097,PROD00012,2,7089.43,0.0,14178.86
ITEM0000196,ORD000097,PROD00036,2,7308.78,0.0,14617.56
ITEM0000197,ORD000098,PROD00166,1,7134.8,0.0,7134.8
ITEM0000198,ORD000098,PROD00016,3,6005.27,0.0,18015.81
ITEM0000199,ORD000098,PROD00199,2,3657.98,0.17,6072.25
ITEM0000200,ORD000098,PROD00128,1,4199.76,0.0,4199.76
ITEM0000201,ORD000098,PROD00179,1,6055.62,0.0,6055.62
ITEM0000202,ORD000099,PROD00190,1,3528.69,0.09,3211.11
ITEM0000203,ORD000099,PROD00249,1,4279.09,0.3,2995.36
ITEM0000204,ORD000100,PROD00104,2,2043.03,0.04,3922.62
ITEM0000205,ORD000100,PROD00197,1,8766.75,0.0,8766.75
ITEM0000206,ORD000100,PROD00242,1,2496.43,0.17,2072.04
ITEM0000207,ORD000101,PROD00157,1,2525.54,0.0,2525.54
ITEM0000208,ORD000102,PROD00143,3,1075.34,0.0,3226.02
ITEM0000209,ORD000102,PROD00271,1,439.58,0.13,382.43
ITEM0000210,ORD000103,PROD00121,2,11305.27,0.0,22610.54
ITEM0000211,ORD000103,PROD00280,1,4625.83,0.18,3793.18
ITEM0000212,ORD000103,PROD00005,1,246.43,0.0,246.43
ITEM0000213,ORD000103,PROD00290,3,1195.14,0.09,3262.73
ITEM0000214,ORD000103,PROD00123,1,2950.23,0.0,2950.23
ITEM0000215,ORD000104,PROD00028,2,214.4,0.08,394.5
ITEM0000216,ORD000104,PROD00235,1,1155.59,0.0,1155.59
ITEM0000217,ORD000105,PROD00078,1,2028.86,0.0,2028.86
ITEM0000218,ORD000106,PROD00236,2,2661.51,0.0,5323.02
ITEM0000219,ORD000107,PROD00234,1,9552.76,0.0,9552.76
ITEM0000220,ORD000107,PROD00064,-3,4268.27,0.0,-12804.81
ITEM0000221,ORD000107,PROD00230,1,8026.94,0.28,5779.4
ITEM0000222,ORD000107,PROD00161,1,2894.21,0.18,2373.25
ITEM0000223,ORD000108,PROD00287,2,6559.01,0.0,13118.02
ITEM0000224,ORD000108,PROD00236,1,2661.51,0.11,2368.74
ITEM0000225,ORD000108,PROD00295,2,895.09,0.0,1790.18
ITEM0000226,ORD000108,PROD00089,4,781.78,0.0,3127.12
ITEM0000227,ORD000109,PROD00245,2,6215.91,0.0,12431.82
ITEM0000228,ORD000109,PROD00202,2,1016.59,0.0,2033.18
ITEM0000229,ORD000109,PROD00247,1,7341.91,0.0,7341.91
ITEM0000230,ORD000110,PROD00271,1,439.58,0.0,439.58
ITEM0000231,ORD000110,PROD00116,2,3835.95,0.0,7671.9
ITEM0000232,ORD000110,PROD00062,1,5673.89,0.04,5446.93
ITEM0000233,ORD000111,PROD00265,1,4207.25,0.0,4207.25
ITEM0000234,ORD000112,PROD00142,1,8354.87,0.0,8354.87
ITEM0000235,ORD000113,PROD00153,1,4010.2,0.07,3729.49
ITEM0000236,ORD000114,PROD00173,1,569.48,0.0,569.48
ITEM0000237,ORD000114,PROD00025,3,3078.83,0.0,9236.49
ITEM0000238,ORD000115,PROD00272,2,7587.4,0.28,10925.86
ITEM0000239,ORD000115,PROD00005,3,246.43,0.18,606.22
ITEM0000240,ORD000115,PROD00182,1,3616.25,0.0,3616.25
ITEM0000241,ORD000116,PROD00205,1,6283.38,0.0,6283.38
ITEM0000242,ORD000116,PROD00020,3,7970.85,0.0,23912.55
ITEM0000243,ORD000117,PROD00162,1,3555.3,0.0,3555.3
ITEM0000244,ORD000118,PROD00063,3,1083.33,0.0,3249.99
ITEM0000245,ORD000118,PROD00137,2,5635.51,0.0,11271.02
ITEM0000246,ORD000118,PROD00214,4,8107.58,0.0,32430.32
ITEM0000247,ORD000118,PROD00246,1,8011.14,0.29,5687.91
ITEM0000248,ORD000119,PROD00124,1,2025.14,0.13,1761.87
ITEM0000249,ORD000119,PROD00160,3,1750.19,0.0,5250.57
ITEM0000250,ORD000119,PROD00132,2,5296.2,0.0,10592.4
ITEM0000251,ORD000119,PROD00043,1,1789.22,0.2,1431.38
ITEM0000252,ORD000120,PROD00187,1,6641.17,0.0,6641.17
ITEM0000253,ORD000120,PROD00110,1,7163.14,0.0,7163.14
ITEM0000254,ORD000121,PROD00250,3,4610.44,0.0,13831.32
ITEM0000255,ORD000121,PROD00189,2,7636.65,0.0,15273.3
ITEM0000256,ORD000121,PROD00220,1,6168.69,0.11,5490.13
ITEM0000257,ORD000121,PROD00033,1,1942.09,0.0,1942.09
ITEM0000258,ORD000122,PROD00278,1,629.94,0.14,541.75
ITEM0000259,ORD000122,PROD00134,1,1127.73,0.0,1127.73
ITEM0000260,ORD000122,PROD00263,2,4979.64,0.15,8465.39
ITEM0000261,ORD000123,PROD00108,2,7407.37,0.1,13333.27
ITEM0000262,ORD000123,PROD00135,2,2086.2,0.0,4172.4
ITEM0000263,ORD000123,PROD00221,1,901.85,0.2,721.48
ITEM0000264,ORD000123,PROD00002,1,231.58,0.03,224.63
ITEM0000265,ORD000124,PROD00260,1,8617.38,0.24,6549.21
ITEM0000266,ORD000124,PROD00126,2,10802.22,0.0,21604.44
ITEM0000267,ORD000124,PROD00140,2,1718.72,0.0,3437.44
ITEM0000268,ORD000125,PROD00275,3,5765.78,0.0,17297.34
ITEM0000269,ORD000126,PROD00162,2,3555.3,0.0,7110.6
ITEM0000270,ORD000126,PROD00068,1,1589.23,0.0,1589.23
ITEM0000271,ORD000126,PROD00221,1,901.85,0.0,901.85
ITEM0000272,ORD000127,PROD00233,1,3164.97,0.0,3164.97
ITEM0000273,ORD000128,PROD00119,1,9197.85,0.0,9197.85
ITEM0000274,ORD000128,PROD00117,4,498.3,0.0,1993.2
ITEM0000275,ORD000128,PROD00066,1,899.86,0.0,899.86
ITEM0000276,ORD000129,PROD00300,4,1343.36,0.22,4191.28
ITEM0000277,ORD000130,PROD00025,4,3078.83,0.0,12315.32
ITEM0000278,ORD000130,PROD00176,2,5492.71,0.0,10985.42
ITEM0000279,ORD000131,PROD00140,2,1718.72,0.06,3231.19
ITEM0000280,ORD000132,PROD00199,1,3657.98,0.2,2926.38
ITEM0000281,ORD000132,PROD00189,2,7636.65,0.22,11913.17
ITEM0000282,ORD000133,PROD00259,1,1489.83,0.0,1489.83
ITEM0000283,ORD000134,PROD00227,1,3250.8,0.0,3250.8
ITEM0000284,ORD000135,PROD00125,2,5694.29,0.06,10705.27
ITEM0000285,ORD000136,PROD00041,4,3958.75,0.0,15835.0
ITEM0000286,ORD000136,PROD00228,1,1263.16,0.0,1263.16
ITEM0000287,ORD000137,PROD00008,2,5338.8,0.0,10677.6
ITEM0000288,ORD000137,PROD00261,1,2154.14,0.0,2154.14
ITEM0000289,ORD000137,PROD00037,1,5435.74,0.0,5435.74
ITEM0000290,ORD000137,PROD00268,1,852.32,0.19,690.38
ITEM0000291,ORD000138,PROD00150,1,290.6,0.0,290.6
ITEM0000292,ORD000138,PROD00194,2,535.55,0.0,1071.1
ITEM0000293,ORD000138,PROD00081,1,2624.19,0.24,1994.38
ITEM0000294,ORD000139,PROD00232,2,3144.6,0.0,6289.2
ITEM0000295,ORD000140,PROD00068,1,1589.23,0.0,1589.23
ITEM0000296,ORD000140,PROD00065,1,6570.64,0.0,6570.64
ITEM0000297,ORD000140,PROD00025,3,3078.83,0.06,8682.3
ITEM0000298,ORD000140,PROD00205,2,6283.38,0.08,11561.42
ITEM0000299,ORD000141,PROD00086,1,5791.83,0.0,5791.83
ITEM0000300,ORD000142,PROD00138,1,10725.29,0.0,10725.29
ITEM0000301,ORD000142,PROD00294,1,8182.59,0.2,6546.07
ITEM0000302,ORD000142,PROD00001,1,9272.65,0.0,9272.65
ITEM0000303,ORD000143,PROD00251,3,3365.3,0.0,10095.9
ITEM0000304,ORD000143,PROD00037,2,5435.74,0.0,10871.48
ITEM0000305,ORD000143,PROD00065,3,6570.64,0.0,19711.92
ITEM0000306,ORD000144,PROD00213,2,9402.56,0.0,18805.12
ITEM0000307,ORD000144,PROD00015,1,5418.41,0.0,5418.41
ITEM0000308,ORD000144,PROD00227,1,3250.8,0.0,3250.8
ITEM0000309,ORD000144,PROD00013,1,10508.19,0.0,10508.19
ITEM0000310,ORD000144,PROD00099,1,6088.4,0.0,6088.4
ITEM0000311,ORD000145,PROD00269,1,2135.25,0.0,2135.25
ITEM0000312,ORD000146,PROD00024,1,10115.71,0.09,9205.3
ITEM0000313,ORD000146,PROD00197,3,8766.75,0.08,24196.23
ITEM0000314,ORD000147,PROD00013,2,10508.19,0.0,21016.38
ITEM0000315,ORD000147,PROD00121,1,11305.27,0.0,11305.27
ITEM0000316,ORD000148,PROD00154,1,5526.27,0.3,3868.39
ITEM0000317,ORD000148,PROD00020,1,7970.85,0.02,7811.43
ITEM0000318,ORD000148,PROD00122,1,11549.43,0.0,11549.43
ITEM0000319,ORD000148,PROD00085,1,1960.53,0.0,1960.53
ITEM0000320,ORD000149,PROD00083,2,9425.24,0.0,18850.48
ITEM0000321,ORD000150,PROD00273,2,4432.81,0.2,7092.5
ITEM0000322,ORD000150,PROD00177,2,5446.6,0.0,10893.2
ITEM0000323,ORD000151,PROD00170,1,1237.02,0.13,1076.21
ITEM0000324,ORD000151,PROD00116,2,3835.95,0.0,7671.9
ITEM0000325,ORD000152,PROD00164,2,5504.82,0.28,7926.94
ITEM0000326,ORD000152,PROD00043,2,1789.22,0.0,3578.44
ITEM0000327,ORD000152,PROD00299,2,10649.19,0.0,21298.38
ITEM0000328,ORD000152,PROD00248,1,10128.22,0.0,10128.22
ITEM0000329,ORD000153,PROD00112,2,3435.2,0.0,6870.4
ITEM0000330,ORD000154,PROD00100,1,8661.69,0.0,8661.69
ITEM0000331,ORD000154,PROD00279,-1,7168.01,0.25,-5376.01
ITEM0000332,ORD000154,PROD00079,1,7182.12,0.1,6463.91
ITEM0000333,ORD000155,PROD00223,2,2430.88,0.03,4715.91
ITEM0000334,ORD000156,PROD00175,1,8513.93,0.0,8513.93
ITEM0000335,ORD000156,PROD00104,1,2043.03,0.1,1838.73
ITEM0000336,ORD000157,PROD00090,4,494.65,0.21,1563.09
ITEM0000337,ORD000157,PROD00279,2,7168.01,0.0,14336.02
ITEM0000338,ORD000158,PROD00284,3,1981.58,0.19,4815.24
ITEM0000339,ORD000158,PROD00275,3,5765.78,0.0,17297.34
ITEM0000340,ORD000158,PROD00041,1,3958.75,0.15,3364.94
ITEM0000341,ORD000158,PROD00119,1,9197.85,0.2,7358.28
ITEM0000342,ORD000159,PROD00065,1,6570.64,0.0,6570.64
ITEM0000343,ORD000159,PROD00208,1,4099.5,0.0,4099.5
ITEM0000344,ORD000159,PROD00049,4,5326.74,0.26,15767.15
ITEM0000345,ORD000159,PROD00220,4,6168.69,0.04,23687.77
ITEM0000346,ORD000160,PROD00248,1,10128.22,0.0,10128.22
ITEM0000347,ORD000160,PROD00007,1,7518.69,0.0,7518.69
ITEM0000348,ORD000160,PROD00211,1,1624.33,0.0,1624.33
ITEM0000349,ORD000160,PROD00158,1,8138.6,0.0,8138.6
ITEM0000350,ORD000161,PROD00160,1,1750.19,0.0,1750.19
ITEM0000351,ORD000161,PROD00239,1,467.33,0.0,467.33
ITEM0000352,ORD000161,PROD00236,1,2661.51,0.0,2661.51
ITEM0000353,ORD000161,PROD00292,2,5910.44,0.0,11820.88
ITEM0000354,ORD000162,PROD00294,1,8182.59,0.0,8182.59
ITEM0000355,ORD000162,PROD00018,1,2803.77,0.0,2803.77
ITEM0000356,ORD000162,PROD00128,2,4199.76,0.01,8315.52
ITEM0000357,ORD000163,PROD00181,2,2887.17,0.2,4619.47
ITEM0000358,ORD000163,PROD00040,1,3631.49,0.03,3522.55
ITEM0000359,ORD000163,PROD00195,2,9608.14,0.0,19216.28
ITEM0000360,ORD000164,PROD00158,1,8138.6,0.0,8138.6
ITEM0000361,ORD000165,PROD00039,2,6419.63,0.0,12839.26
ITEM0000362,ORD000165,PROD00177,2,5446.6,0.0,10893.2
ITEM0000363,ORD000166,PROD00259,2,1489.83,0.0,2979.66
ITEM0000364,ORD000166,PROD00297,2,10930.45,0.23,16832.89
ITEM0000365,ORD000166,PROD00281,2,7979.23,0.0,15958.46
ITEM0000366,ORD000167,PROD00210,1,6680.3,0.0,6680.3
ITEM0000367,ORD000167,PROD00099,1,6088.4,0.16,5114.26
ITEM0000368,ORD000168,PROD00268,1,852.32,0.08,784.13
ITEM0000369,ORD000169,PROD00165,1,1721.94,0.0,1721.94
ITEM0000370,ORD000169,PROD00268,1,852.32,0.0,852.32
ITEM0000371,ORD000170,PROD00128,1,4199.76,0.0,4199.76
ITEM0000372,ORD000170,PROD00134,1,1127.73,0.0,1127.73
ITEM0000373,ORD000170,PROD00049,2,5326.74,0.0,10653.48
ITEM0000374,ORD000170,PROD00011,2,2615.05,0.0,5230.1
ITEM0000375,ORD000170,PROD00103,1,9136.07,0.0,9136.07
ITEM0000376,ORD000171,PROD00013,2,10508.19,0.05,19965.56
ITEM0000377,ORD000171,PROD00054,1,5941.63,0.0,5941.63
ITEM0000378,ORD000172,PROD00160,1,1750.19,0.0,1750.19
ITEM0000379,ORD000173,PROD00245,3,6215.91,0.0,18647.73
ITEM0000380,ORD000174,PROD00267,1,3457.61,0.0,3457.61
ITEM0000381,ORD000175,PROD00239,1,467.33,0.0,467.33
ITEM0000382,ORD000175,PROD00132,2,5296.2,0.0,10592.4
ITEM0000383,ORD000176,PROD00134,3,1127.73,0.0,3383.19
ITEM0000384,ORD000176,PROD00094,2,6449.58,0.0,12899.16
ITEM0000385,ORD000176,PROD00206,1,8632.13,0.0,8632.13
ITEM0000386,ORD000177,PROD00092,1,1552.76,0.0,1552.76
ITEM0000387,ORD000177,PROD00127,1,5321.52,0.0,5321.52
ITEM0000388,ORD000178,PROD00134,2,1127.73,0.0,2255.46
ITEM0000389,ORD000179,PROD00012,1,7089.43,0.08,6522.28
ITEM0000390,ORD000180,PROD00023,1,3506.84,0.0,3506.84
ITEM0000391,ORD000180,PROD00266,1,5956.89,0.0,5956.89
ITEM0000392,ORD000181,PROD00234,1,9552.76,0.0,9552.76
ITEM0000393,ORD000182,PROD00147,1,4961.76,0.0,4961.76
ITEM0000394,ORD000183,PROD00132,1,5296.2,0.0,5296.2
ITEM0000395,ORD000184,PROD00275,1,5765.78,0.2,4612.62
ITEM0000396,ORD000184,PROD00128,1,4199.76,0.0,4199.76
ITEM0000397,ORD000184,PROD00181,1,2887.17,0.0,2887.17
ITEM0000398,ORD000185,PROD00297,2,10930.45,0.0,21860.9
ITEM0000399,ORD000186,PROD00237,3,8123.36,0.0,24370.08
ITEM0000400,ORD000186,PROD00041,2,3958.75,0.15,6729.88
ITEM0000401,ORD000187,PROD00161,1,2894.21,0.0,2894.21
ITEM0000402,ORD000187,PROD00005,2,246.43,0.0,492.86
ITEM0000403,ORD000187,PROD00070,3,6693.56,0.21,15863.74
ITEM0000404,ORD000187,PROD00198,2,1516.26,0.06,2850.57
ITEM0000405,ORD000188,PROD00050,2,5338.68,0.0,10677.36
ITEM0000406,ORD000189,PROD00130,1,3445.25,0.0,3445.25
ITEM0000407,ORD000189,PROD00015,2,5418.41,0.23,8344.35
ITEM0000408,ORD000189,PROD00082,1,3992.96,0.0,3992.96
ITEM0000409,ORD000189,PROD00134,2,1127.73,0.0,2255.46
ITEM0000410,ORD000190,PROD00152,1,1231.99,0.0,1231.99
ITEM0000411,ORD000191,PROD00165,1,1721.94,0.0,1721.94
ITEM0000412,ORD000191,PROD00232,4,3144.6,0.0,12578.4
ITEM0000413,ORD000192,PROD00198,1,1516.26,0.0,1516.26
ITEM0000414,ORD000193,PROD00284,1,1981.58,0.0,1981.58
ITEM0000415,ORD000193,PROD00062,-3,5673.89,0.15,-14468.42
ITEM0000416,ORD000193,PROD00127,1,5321.52,0.0,5321.52
ITEM0000417,ORD000193,PROD00276,1,8701.77,0.26,6439.31
ITEM0000418,ORD000193,PROD00083,2,9425.24,0.0,18850.48
ITEM0000419,ORD000194,PROD00098,1,2402.47,0.0,2402.47
ITEM0000420,ORD000195,PROD00218,1,6300.23,0.0,6300.23
ITEM0000421,ORD000195,PROD00240,1,4510.78,0.0,4510.78
ITEM0000422,ORD000196,PROD00036,1,7308.78,0.02,7162.6
ITEM0000423,ORD000197,PROD00229,1,726.54,0.27,530.37
ITEM0000424,ORD000197,PROD00069,2,666.66,0.18,1093.32
ITEM0000425,ORD000198,PROD00287,1,6559.01,0.0,6559.01
ITEM0000426,ORD000198,PROD00122,1,11549.43,0.0,11549.43
ITEM0000427,ORD000198,PROD00103,1,9136.07,0.19,7400.22
ITEM0000428,ORD000198,PROD00138,2,10725.29,0.0,21450.58
ITEM0000429,ORD000199,PROD00118,3,8273.55,0.0,24820.65
ITEM0000430,ORD000199,PROD00259,1,1489.83,0.04,1430.24
ITEM0000431,ORD000200,PROD00205,2,6283.38,0.0,12566.76
ITEM0000432,ORD000201,PROD00223,1,2430.88,0.0,2430.88
ITEM0000433,ORD000202,PROD00285,1,2757.81,0.0,2757.81
ITEM0000434,ORD000202,PROD00077,1,7101.66,0.0,7101.66
ITEM0000435,ORD000202,PROD00030,4,4937.89,0.26,14616.15
ITEM0000436,ORD000202,PROD00153,1,4010.2,0.0,4010.2
ITEM0000437,ORD000202,PROD00081,2,2624.19,0.0,5248.38
ITEM0000438,ORD000203,PROD00050,1,5338.68,0.28,3843.85
ITEM0000439,ORD000203,PROD00037,1,5435.74,0.0,5435.74
ITEM0000440,ORD000203,PROD00083,1,9425.24,0.0,9425.24
ITEM0000441,ORD000203,PROD00275,2,5765.78,0.0,11531.56
ITEM0000442,ORD000204,PROD00296,3,1188.71,0.0,3566.13
ITEM0000443,ORD000204,PROD00265,4,4207.25,0.0,16829.0
ITEM0000444,ORD000204,PROD00012,4,7089.43,0.0,28357.72
ITEM0000445,ORD000205,PROD00029,1,5799.72,0.0,5799.72
ITEM0000446,ORD000206,PROD00042,1,8235.83,0.0,8235.83
ITEM0000447,ORD000206,PROD00165,1,1721.94,0.0,1721.94
ITEM0000448,ORD000206,PROD00066,1,899.86,0.27,656.9
ITEM0000449,ORD000207,PROD00216,1,3307.17,0.16,2778.02
ITEM0000450,ORD000207,PROD00007,1,7518.69,0.0,7518.69
ITEM0000451,ORD000207,PROD00057,1,4595.24,0.0,4595.24
ITEM0000452,ORD000207,PROD00140,2,1718.72,0.0,3437.44
ITEM0000453,ORD000208,PROD00248,2,10128.22,0.0,20256.44
ITEM0000454,ORD000208,PROD00177,1,5446.6,0.0,5446.6
ITEM0000455,ORD000209,PROD00072,1,6999.91,0.0,6999.91
ITEM0000456,ORD000209,PROD00185,2,2719.98,0.0,5439.96
ITEM0000457,ORD000210,PROD00148,1,3870.28,0.0,3870.28
ITEM0000458,ORD000211,PROD00028,3,214.4,0.0,643.2
ITEM0000459,ORD000212,PROD00275,2,5765.78,0.03,11185.61
ITEM0000460,ORD000213,PROD00214,1,8107.58,0.0,8107.58
ITEM0000461,ORD000214,PROD00042,1,8235.83,0.27,6012.16
ITEM0000462,ORD000214,PROD00079,1,7182.12,0.0,7182.12
ITEM0000463,ORD000214,PROD00289,1,3097.21,0.0,3097.21
ITEM0000464,ORD000215,PROD00222,4,3002.04,0.23,9246.28
ITEM0000465,ORD000215,PROD00246,1,8011.14,0.11,7129.91
ITEM0000466,ORD000215,PROD00072,1,6999.91,0.0,6999.91
ITEM0000467,ORD000215,PROD00197,3,8766.75,0.0,26300.25
ITEM0000468,ORD000215,PROD00219,2,344.65,0.0,689.3
ITEM0000469,ORD000216,PROD00086,2,5791.83,0.0,11583.66
ITEM0000470,ORD000216,PROD00243,1,6308.05,0.0,6308.05
ITEM0000471,ORD000217,PROD00134,1,1127.73,0.0,1127.73
ITEM0000472,ORD000218,PROD00228,2,1263.16,0.0,2526.32
ITEM0000473,ORD000219,PROD00261,1,2154.14,0.0,2154.14
ITEM0000474,ORD000219,PROD00061,2,4205.57,0.0,8411.14
ITEM0000475,ORD000220,PROD00198,1,1516.26,0.0,1516.26
ITEM0000476,ORD000220,PROD00172,2,734.93,0.16,1234.68
ITEM0000477,ORD000221,PROD00102,1,6509.4,0.0,6509.4
ITEM0000478,ORD000221,PROD00179,1,6055.62,0.0,6055.62
ITEM0000479,ORD000222,PROD00053,2,7229.99,0.0,14459.98
ITEM0000480,ORD000222,PROD00078,1,2028.86,0.0,2028.86
ITEM0000481,ORD000223,PROD00237,-2,8123.36,0.0,-16246.72
ITEM0000482,ORD000223,PROD00056,2,6326.27,0.0,12652.54
ITEM0000483,ORD000223,PROD00236,1,2661.51,0.11,2368.74
ITEM0000484,ORD000224,PROD00002,3,231.58,0.0,694.74
ITEM0000485,ORD000224,PROD00225,1,6042.7,0.0,6042.7
ITEM0000486,ORD000225,PROD00139,1,5962.8,0.06,5605.03
ITEM0000487,ORD000225,PROD00246,1,8011.14,0.16,6729.36
ITEM0000488,ORD000226,PROD00042,1,8235.83,0.21,6506.31
ITEM0000489,ORD000226,PROD00247,2,7341.91,0.0,14683.82
ITEM0000490,ORD000227,PROD00029,1,5799.72,0.0,5799.72
ITEM0000491,ORD000228,PROD00163,1,2745.97,0.0,2745.97
ITEM0000492,ORD000228,PROD00289,2,3097.21,0.0,6194.42
ITEM0000493,ORD000229,PROD00034,1,2533.01,0.0,2533.01
ITEM0000494,ORD000230,PROD00251,1,3365.3,0.0,3365.3
ITEM0000495,ORD000230,PROD00273,2,4432.81,0.0,8865.62
ITEM0000496,ORD000231,PROD00227,1,3250.8,0.0,3250.8
ITEM0000497,ORD000232,PROD00088,1,4559.98,0.0,4559.98
ITEM0000498,ORD000232,PROD00266,1,5956.89,0.03,5778.18
ITEM0000499,ORD000232,PROD00124,1,2025.14,0.03,1964.39
ITEM0000500,ORD000233,PROD00134,1,1127.73,0.06,1060.07
ITEM0000501,ORD000233,PROD00265,1,4207.25,0.09,3828.6
ITEM0000502,ORD000233,PROD00256,1,256.57,0.0,256.57
ITEM0000503,ORD000234,PROD00239,1,467.33,0.0,467.33
ITEM0000504,ORD000235,PROD00065,1,6570.64,0.0,6570.64
ITEM0000505,ORD000235,PROD00029,1,5799.72,0.0,5799.72
ITEM0000506,ORD000235,PROD00018,1,2803.77,0.01,2775.73
ITEM0000507,ORD000236,PROD00249,1,4279.09,0.08,3936.76
ITEM0000508,ORD000236,PROD00213,1,9402.56,0.0,9402.56
ITEM0000509,ORD000236,PROD00193,4,9202.76,0.0,36811.04
ITEM0000510,ORD000237,PROD00038,2,1983.28,0.0,3966.56
ITEM0000511,ORD000238,PROD00254,1,3623.42,0.0,3623.42
ITEM0000512,ORD000238,PROD00185,2,2719.98,0.08,5004.76
ITEM0000513,ORD000239,PROD00180,3,7030.69,0.0,21092.07
ITEM0000514,ORD000239,PROD00102,2,6509.4,0.11,11586.73
ITEM0000515,ORD000239,PROD00160,1,1750.19,0.0,1750.19
ITEM0000516,ORD000240,PROD00073,2,9071.35,0.1,16328.43
ITEM0000517,ORD000240,PROD00079,3,7182.12,0.0,21546.36
ITEM0000518,ORD000240,PROD00185,2,2719.98,0.01,5385.56
ITEM0000519,ORD000240,PROD00040,-4,3631.49,0.18,-11911.29
ITEM0000520,ORD000241,PROD00272,3,7587.4,0.0,22762.2
ITEM0000521,ORD000242,PROD00101,1,1373.9,0.0,1373.9
ITEM0000522,ORD000242,PROD00192,1,5116.05,0.29,3632.4
ITEM0000523,ORD000243,PROD00188,4,1657.41,0.0,6629.64
ITEM0000524,ORD000244,PROD00033,1,1942.09,0.0,1942.09
ITEM0000525,ORD000244,PROD00108,2,7407.37,0.09,13481.41
ITEM0000526,ORD000245,PROD00022,1,1547.99,0.0,1547.99
ITEM0000527,ORD000245,PROD00107,-2,6282.37,0.27,-9172.26
ITEM0000528,ORD000246,PROD00065,1,6570.64,0.0,6570.64
ITEM0000529,ORD000246,PROD00148,1,3870.28,0.0,3870.28
ITEM0000530,ORD000247,PROD00053,1,7229.99,0.0,7229.99
ITEM0000531,ORD000248,PROD00201,1,3944.29,0.0,3944.29
ITEM0000532,ORD000248,PROD00020,2,7970.85,0.0,15941.7
ITEM0000533,ORD000249,PROD00255,3,7383.63,0.21,17499.2
ITEM0000534,ORD000249,PROD00087,1,4546.57,0.0,4546.57
ITEM0000535,ORD000249,PROD00032,1,301.12,0.0,301.12
ITEM0000536,ORD000249,PROD00020,2,7970.85,0.14,13709.86
ITEM0000537,ORD000250,PROD00127,1,5321.52,0.0,5321.52
ITEM0000538,ORD000250,PROD00047,2,1589.57,0.04,3051.97
ITEM0000539,ORD000250,PROD00079,1,7182.12,0.0,7182.12
ITEM0000540,ORD000251,PROD00284,1,1981.58,0.29,1406.92
ITEM0000541,ORD000252,PROD00068,2,1589.23,0.09,2892.4
ITEM0000542,ORD000253,PROD00080,1,862.91,0.0,862.91
ITEM0000543,ORD000253,PROD00068,2,1589.23,0.0,3178.46
ITEM0000544,ORD000253,PROD00098,1,2402.47,0.0,2402.47
ITEM0000545,ORD000254,PROD00083,1,9425.24,0.0,9425.24
ITEM0000546,ORD000254,PROD00251,1,3365.3,0.07,3129.73
ITEM0000547,ORD000255,PROD00166,4,7134.8,0.0,28539.2
ITEM0000548,ORD000256,PROD00095,1,1505.02,0.21,1188.97
ITEM0000549,ORD000256,PROD00250,2,4610.44,0.0,9220.88
ITEM0000550,ORD000256,PROD00276,2,8701.77,0.18,14270.9
ITEM0000551,ORD000256,PROD00297,3,10930.45,0.0,32791.35
ITEM0000552,ORD000256,PROD00141,1,4481.31,0.0,4481.31
ITEM0000553,ORD000257,PROD00028,1,214.4,0.07,199.39
ITEM0000554,ORD000258,PROD00097,3,1492.36,0.1,4029.37
ITEM0000555,ORD000258,PROD00084,1,7622.23,0.0,7622.23
ITEM0000556,ORD000259,PROD00220,1,6168.69,0.0,6168.69
ITEM0000557,ORD000259,PROD00280,1,4625.83,0.26,3423.11
ITEM0000558,ORD000259,PROD00094,2,6449.58,0.0,12899.16
ITEM0000559,ORD000260,PROD00222,1,3002.04,0.0,3002.04
ITEM0000560,ORD000261,PROD00272,3,7587.4,0.0,22762.2
ITEM0000561,ORD000262,PROD00257,3,1111.21,0.07,3100.27
ITEM0000562,ORD000263,PROD00075,1,6662.95,0.0,6662.95
ITEM0000563,ORD000264,PROD00022,3,1547.99,0.0,4643.97
ITEM0000564,ORD000264,PROD00154,1,5526.27,0.0,5526.27
ITEM0000565,ORD000264,PROD00095,1,1505.02,0.0,1505.02
ITEM0000566,ORD000265,PROD00014,1,1451.31,0.17,1204.59
ITEM0000567,ORD000266,PROD00179,1,6055.62,0.0,6055.62
ITEM0000568,ORD000267,PROD00097,1,1492.36,0.08,1372.97
ITEM0000569,ORD000267,PROD00101,3,1373.9,0.0,4121.7
ITEM0000570,ORD000267,PROD00120,1,1288.16,0.0,1288.16
ITEM0000571,ORD000267,PROD00299,1,10649.19,0.0,10649.19
ITEM0000572,ORD000267,PROD00012,1,7089.43,0.17,5884.23
ITEM0000573,ORD000268,PROD00247,1,7341.91,0.0,7341.91
ITEM0000574,ORD000269,PROD00177,2,5446.6,0.0,10893.2
ITEM0000575,ORD000269,PROD00098,1,2402.47,0.0,2402.47
ITEM0000576,ORD000269,PROD00036,1,7308.78,0.0,7308.78
ITEM0000577,ORD000269,PROD00153,1,4010.2,0.0,4010.2
ITEM0000578,ORD000269,PROD00180,1,7030.69,0.0,7030.69
ITEM0000579,ORD000270,PROD00188,4,1657.41,0.0,6629.64
ITEM0000580,ORD000271,PROD00196,1,6703.46,0.0,6703.46
ITEM0000581,ORD000271,PROD00001,2,9272.65,0.0,18545.3
ITEM0000582,ORD000272,PROD00136,3,621.23,0.0,1863.69
ITEM0000583,ORD000272,PROD00032,3,301.12,0.11,803.99
ITEM0000584,ORD000273,PROD00037,1,5435.74,0.0,5435.74
ITEM0000585,ORD000273,PROD00260,1,8617.38,0.0,8617.38
ITEM0000586,ORD000274,PROD00026,2,992.19,0.0,1984.38
ITEM0000587,ORD000275,PROD00103,1,9136.07,0.0,9136.07
ITEM0000588,ORD000276,PROD00167,2,2019.38,0.05,3836.82
ITEM0000589,ORD000276,PROD00139,3,5962.8,0.04,17172.86
ITEM0000590,ORD000276,PROD00035,1,2576.9,0.0,2576.9
ITEM0000591,ORD000277,PROD00107,1,6282.37,0.0,6282.37
ITEM0000592,ORD000277,PROD00137,1,5635.51,0.0,5635.51
ITEM0000593,ORD000278,PROD00211,1,1624.33,0.0,1624.33
ITEM0000594,ORD000279,PROD00187,1,6641.17,0.02,6508.35
ITEM0000595,ORD000279,PROD00084,4,7622.23,0.0,30488.92
ITEM0000596,ORD000279,PROD00206,1,8632.13,0.0,8632.13
ITEM0000597,ORD000279,PROD00238,1,7201.82,0.0,7201.82
ITEM0000598,ORD000280,PROD00145,1,5845.69,0.0,5845.69
ITEM0000599,ORD000281,PROD00239,4,467.33,0.14,1607.62
ITEM0000600,ORD000282,PROD00036,2,7308.78,0.0,14617.56
ITEM0000601,ORD000283,PROD00149,1,832.87,0.0,832.87
ITEM0000602,ORD000283,PROD00153,3,4010.2,0.0,12030.6
ITEM0000603,ORD000283,PROD00247,1,7341.91,0.0,7341.91
ITEM0000604,ORD000284,PROD00300,1,1343.36,0.0,1343.36
ITEM0000605,ORD000285,PROD00225,1,6042.7,0.0,6042.7
ITEM0000606,ORD000285,PROD00151,3,5518.05,0.0,16554.15
ITEM0000607,ORD000285,PROD00292,2,5910.44,0.0,11820.88
ITEM0000608,ORD000286,PROD00136,1,621.23,0.0,621.23
ITEM0000609,ORD000287,PROD00141,2,4481.31,0.0,8962.62
ITEM0000610,ORD000287,PROD00179,1,6055.62,0.0,6055.62
ITEM0000611,ORD000288,PROD00263,1,4979.64,0.0,4979.64
ITEM0000612,ORD000288,PROD00008,2,5338.8,0.0,10677.6
ITEM0000613,ORD000288,PROD00060,1,532.72,0.0,532.72
ITEM0000614,ORD000289,PROD00171,1,546.18,0.0,546.18
ITEM0000615,ORD000289,PROD00068,3,1589.23,0.0,4767.69
ITEM0000616,ORD000289,PROD00034,1,2533.01,0.0,2533.01
ITEM0000617,ORD000289,PROD00054,4,5941.63,0.0,23766.52
ITEM0000618,ORD000290,PROD00090,3,494.65,0.0,1483.95
ITEM0000619,ORD000290,PROD00107,2,6282.37,0.0,12564.74
ITEM0000620,ORD000290,PROD00019,1,2406.67,0.0,2406.67
ITEM0000621,ORD000291,PROD00131,4,576.16,0.06,2166.36
ITEM0000622,ORD000292,PROD00019,1,2406.67,0.0,2406.67
ITEM0000623,ORD000293,PROD00225,1,6042.7,0.16,5075.87
ITEM0000624,ORD000294,PROD00091,1,1302.09,0.0,1302.09
ITEM0000625,ORD000295,PROD00018,2,2803.77,0.0,5607.54
ITEM0000626,ORD000295,PROD00163,2,2745.97,0.0,5491.94
ITEM0000627,ORD000295,PROD00020,1,7970.85,0.0,7970.85
ITEM0000628,ORD000296,PROD00295,1,895.09,0.0,895.09
ITEM0000629,ORD000296,PROD00051,3,8693.03,0.08,23992.76
ITEM0000630,ORD000296,PROD00259,1,1489.83,0.26,1102.47
ITEM0000631,ORD000297,PROD00070,2,6693.56,0.19,10843.57
ITEM0000632,ORD000297,PROD00230,3,8026.94,0.0,24080.82
ITEM0000633,ORD000297,PROD00132,2,5296.2,0.08,9745.01
ITEM0000634,ORD000298,PROD00023,1,3506.84,0.0,3506.84
ITEM0000635,ORD000298,PROD00246,1,8011.14,0.13,6969.69
ITEM0000636,ORD000298,PROD00202,2,1016.59,0.16,1707.87
ITEM0000637,ORD000299,PROD00036,4,7308.78,0.0,29235.12
ITEM0000638,ORD000300,PROD00240,1,4510.78,0.0,4510.78
ITEM0000639,ORD000301,PROD00242,1,2496.43,0.0,2496.43
ITEM0000640,ORD000301,PROD00234,1,9552.76,0.0,9552.76
ITEM0000641,ORD000302,PROD00069,1,350.66,0.0,350.66
ITEM0000642,ORD000302,PROD00184,1,1498.15,0.0,1498.15
ITEM0000643,ORD000303,PROD00050,4,5338.68,0.0,21354.72
ITEM0000644,ORD000304,PROD00128,2,4199.76,0.0,8399.52
ITEM0000645,ORD000304,PROD00199,2,3657.98,0.0,7315.96
ITEM0000646,ORD000305,PROD00078,1,2028.86,0.22,1582.51
ITEM0000647,ORD000305,PROD00196,2,6703.46,0.02,13138.78
ITEM0000648,ORD000305,PROD00215,4,379.53,0.0,1518.12
ITEM0000649,ORD000305,PROD00045,3,4706.05,0.0,14118.15
ITEM0000650,ORD000305,PROD00123,2,2950.23,0.05,5605.44
ITEM0000651,ORD000306,PROD00245,1,6215.91,0.0,6215.91
ITEM0000652,ORD000306,PROD00011,2,2615.05,0.0,5230.1
ITEM0000653,ORD000306,PROD00106,1,3963.99,0.0,3963.99
ITEM0000654,ORD000306,PROD00178,1,7985.04,0.0,7985.04
ITEM0000655,ORD000307,PROD00220,1,6168.69,0.11,5490.13
ITEM0000656,ORD000307,PROD00014,2,1451.31,0.0,2902.62
ITEM0000657,ORD000307,PROD00028,1,214.4,0.0,214.4
ITEM0000658,ORD000307,PROD00096,1,4639.15,0.0,4639.15
ITEM0000659,ORD000307,PROD00259,2,1489.83,0.0,2979.66
ITEM0000660,ORD000308,PROD00221,3,901.85,0.0,2705.55
ITEM0000661,ORD000309,PROD00148,2,3870.28,0.08,7121.32
ITEM0000662,ORD000309,PROD00201,1,3944.29,0.0,3944.29
ITEM0000663,ORD000310,PROD00300,2,1343.36,0.0,2686.72
ITEM0000664,ORD000310,PROD00298,1,5321.16,0.0,5321.16
ITEM0000665,ORD000311,PROD00159,2,198.83,0.0,397.66
ITEM0000666,ORD000311,PROD00268,1,852.32,0.0,852.32
ITEM0000667,ORD000311,PROD00048,1,1926.71,0.0,1926.71
ITEM0000668,ORD000311,PROD00048,4,1926.71,0.13,6704.95
ITEM0000669,ORD000312,PROD00021,1,6443.82,0.1,5799.44
ITEM0000670,ORD000313,PROD00054,1,5941.63,0.0,5941.63
ITEM0000671,ORD000313,PROD00068,3,1589.23,0.0,4767.69
ITEM0000672,ORD000313,PROD00276,1,8701.77,0.0,8701.77
ITEM0000673,ORD000314,PROD00299,1,10649.19,0.0,10649.19
ITEM0000674,ORD000315,PROD00185,3,2719.98,0.0,8159.94
ITEM0000675,ORD000315,PROD00105,2,3095.41,0.0,6190.82
ITEM0000676,ORD000316,PROD00133,2,7313.64,0.15,12433.19
ITEM0000677,ORD000317,PROD00255,1,7383.63,0.0,7383.63
ITEM0000678,ORD000317,PROD00280,1,4625.83,0.01,4579.57
ITEM0000679,ORD000317,PROD00046,3,8988.77,0.0,26966.31
ITEM0000680,ORD000317,PROD00074,2,9420.21,0.0,18840.42
ITEM0000681,ORD000318,PROD00050,2,5338.68,0.0,10677.36
ITEM0000682,ORD000319,PROD00296,1,1188.71,0.0,1188.71
ITEM0000683,ORD000319,PROD00182,1,3616.25,0.0,3616.25
ITEM0000684,ORD000320,PROD00203,1,477.27,0.0,477.27
ITEM0000685,ORD000321,PROD00148,2,3870.28,0.27,5650.61
ITEM0000686,ORD000322,PROD00073,1,9071.35,0.0,9071.35
ITEM0000687,ORD000322,PROD00228,1,1263.16,0.0,1263.16
ITEM0000688,ORD000323,PROD00020,1,7970.85,0.0,7970.85
ITEM0000689,ORD000323,PROD00093,1,3802.74,0.0,3802.74
ITEM0000690,ORD000323,PROD00183,2,526.69,0.0,1053.38
ITEM0000691,ORD000324,PROD00163,1,2745.97,0.0,2745.97
ITEM0000692,ORD000324,PROD00129,3,2500.46,0.0,7501.38
ITEM0000693,ORD000324,PROD00099,2,6088.4,0.0,12176.8
ITEM0000694,ORD000325,PROD00033,1,1942.09,0.0,1942.09
ITEM0000695,ORD000326,PROD00211,1,1624.33,0.0,1624.33
ITEM0000696,ORD000326,PROD00115,2,3250.57,0.2,5200.91
ITEM0000697,ORD000327,PROD00194,2,535.55,0.0,1071.1
ITEM0000698,ORD000327,PROD00032,1,301.12,0.0,301.12
ITEM0000699,ORD000327,PROD00240,2,4510.78,0.0,9021.56
ITEM0000700,ORD000327,PROD00054,1,5941.63,0.0,5941.63
ITEM0000701,ORD000328,PROD00009,1,5332.96,0.0,5332.96
ITEM0000702,ORD000328,PROD00250,1,4610.44,0.05,4379.92
ITEM0000703,ORD000328,PROD00205,2,6283.38,0.0,12566.76
ITEM0000704,ORD000329,PROD00082,1,3992.96,0.15,3394.02
ITEM0000705,ORD000329,PROD00268,3,852.32,0.0,2556.96
ITEM0000706,ORD000329,PROD00194,3,535.55,0.0,1606.65
ITEM0000707,ORD000330,PROD00229,1,726.54,0.0,726.54
ITEM0000708,ORD000330,PROD00190,2,3528.69,0.0,7057.38
ITEM0000709,ORD000330,PROD00296,1,1188.71,0.08,1093.61
ITEM0000710,ORD000330,PROD00022,2,1547.99,0.0,3095.98
ITEM0000711,ORD000331,PROD00120,3,1288.16,0.0,3864.48
ITEM0000712,ORD000332,PROD00102,2,6509.4,0.0,13018.8
ITEM0000713,ORD000332,PROD00200,2,7131.42,0.0,14262.84
ITEM0000714,ORD000332,PROD00132,1,5296.2,0.0,5296.2
ITEM0000715,ORD000332,PROD00071,2,534.87,0.0,1069.74
ITEM0000716,ORD000333,PROD00285,2,2757.81,0.0,5515.62
ITEM0000717,ORD000334,PROD00104,1,2043.03,0.0,2043.03
ITEM0000718,ORD000334,PROD00054,2,5941.63,0.21,9387.78
ITEM0000719,ORD000335,PROD00012,1,7089.43,0.0,7089.43
ITEM0000720,ORD000335,PROD00116,3,3835.95,0.0,11507.85
ITEM0000721,ORD000336,PROD00037,1,5435.74,0.0,5435.74
ITEM0000722,ORD000336,PROD00129,1,2500.46,0.15,2125.39
ITEM0000723,ORD000336,PROD00255,1,7383.63,0.0,7383.63
ITEM0000724,ORD000337,PROD00158,1,8138.6,0.0,8138.6
ITEM0000725,ORD000337,PROD00158,1,8138.6,0.01,8057.21
ITEM0000726,ORD000337,PROD00183,2,526.69,0.0,1053.38
ITEM0000727,ORD000338,PROD00261,1,2154.14,0.0,2154.14
ITEM0000728,ORD000339,PROD00165,1,1721.94,0.15,1463.65
ITEM0000729,ORD000340,PROD00197,2,8766.75,0.0,17533.5
ITEM0000730,ORD000340,PROD00232,1,3144.6,0.02,3081.71
ITEM0000731,ORD000341,PROD00144,1,9953.38,0.0,9953.38
ITEM0000732,ORD000342,PROD00115,1,3250.57,0.0,3250.57
ITEM0000733,ORD000342,PROD00033,2,1942.09,0.0,3884.18
ITEM0000734,ORD000342,PROD00081,4,2624.19,0.0,10496.76
ITEM0000735,ORD000343,PROD00176,1,5492.71,0.0,5492.71
ITEM0000736,ORD000344,PROD00254,1,3623.42,0.0,3623.42
ITEM0000737,ORD000344,PROD00134,3,1127.73,0.0,3383.19
ITEM0000738,ORD000345,PROD00045,1,4706.05,0.0,4706.05
ITEM0000739,ORD000345,PROD00031,1,4066.81,0.05,3863.47
ITEM0000740,ORD000346,PROD00104,3,2043.03,0.0,6129.09
ITEM0000741,ORD000346,PROD00219,2,344.65,0.0,689.3
ITEM0000742,ORD000347,PROD00286,1,945.94,0.0,945.94
ITEM0000743,ORD000347,PROD00001,1,9272.65,0.0,9272.65
ITEM0000744,ORD000347,PROD00063,1,1083.33,0.0,1083.33
ITEM0000745,ORD000348,PROD00004,2,4097.38,0.0,8194.76
ITEM0000746,ORD000349,PROD00183,2,526.69,0.0,1053.38
ITEM0000747,ORD000349,PROD00176,1,5492.71,0.0,5492.71
ITEM0000748,ORD000350,PROD00199,1,3657.98,0.0,3657.98
ITEM0000749,ORD000350,PROD00133,1,7313.64,0.18,5997.18
ITEM0000750,ORD000351,PROD00294,1,8182.59,0.0,8182.59
ITEM0000751,ORD000351,PROD00169,1,5358.09,0.0,5358.09
ITEM0000752,ORD000351,PROD00087,1,4546.57,0.0,4546.57
ITEM0000753,ORD000352,PROD00170,1,927.91,0.11,825.84
ITEM0000754,ORD000352,PROD00103,2,9136.07,0.21,14434.99
ITEM0000755,ORD000353,PROD00288,2,2790.22,0.0,5580.44
ITEM0000756,ORD000354,PROD00085,2,1960.53,0.0,3921.06
ITEM0000757,ORD000354,PROD00262,1,1460.84,0.04,1402.41
ITEM0000758,ORD000354,PROD00231,1,3622.68,0.23,2789.46
ITEM0000759,ORD000354,PROD00139,2,5962.8,0.0,11925.6
ITEM0000760,ORD000355,PROD00299,2,10649.19,0.0,21298.38
ITEM0000761,ORD000356,PROD00163,1,2745.97,0.05,2608.67
ITEM0000762,ORD000357,PROD00133,-2,7313.64,0.0,-14627.28
ITEM0000763,ORD000358,PROD00264,1,8008.38,0.27,5846.12
ITEM0000764,ORD000358,PROD00286,2,945.94,0.0,1891.88
ITEM0000765,ORD000359,PROD00131,3,576.16,0.0,1728.48
ITEM0000766,ORD000359,PROD00225,2,6042.7,0.0,12085.4
ITEM0000767,ORD000360,PROD00100,1,8661.69,0.03,8401.84
ITEM0000768,ORD000360,PROD00063,2,1083.33,0.0,2166.66
ITEM0000769,ORD000361,PROD00194,3,535.55,0.07,1494.18
ITEM0000770,ORD000361,PROD00254,1,3623.42,0.0,3623.42
ITEM0000771,ORD000362,PROD00039,1,6419.63,0.12,5649.27
ITEM0000772,ORD000362,PROD00062,1,5673.89,0.0,5673.89
ITEM0000773,ORD000362,PROD00204,2,3352.35,0.0,6704.7
ITEM0000774,ORD000362,PROD00221,1,901.85,0.05,856.76
ITEM0000775,ORD000362,PROD00258,1,5858.08,0.0,5858.08
ITEM0000776,ORD000363,PROD00093,1,3802.74,0.0,3802.74
ITEM0000777,ORD000363,PROD00283,1,7427.34,0.0,7427.34
ITEM0000778,ORD000364,PROD00227,1,3250.8,0.0,3250.8
ITEM0000779,ORD000365,PROD00073,1,9071.35,0.0,9071.35
ITEM0000780,ORD000366,PROD00162,4,3555.3,0.0,14221.2
ITEM0000781,ORD000367,PROD00097,1,1492.36,0.0,1492.36
ITEM0000782,ORD000367,PROD00123,1,2950.23,0.0,2950.23
ITEM0000783,ORD000367,PROD00245,2,6215.91,0.03,12058.87
ITEM0000784,ORD000367,PROD00162,1,3555.3,0.0,3555.3
ITEM0000785,ORD000367,PROD00034,1,2533.01,0.1,2279.71
ITEM0000786,ORD000368,PROD00001,1,9272.65,0.0,9272.65
ITEM0000787,ORD000368,PROD00219,4,344.65,0.0,1378.6
ITEM0000788,ORD000368,PROD00060,1,532.72,0.12,468.79
ITEM0000789,ORD000369,PROD00284,1,1981.58,0.0,1981.58
ITEM0000790,ORD000370,PROD00005,3,246.43,0.07,687.54
ITEM0000791,ORD000371,PROD00090,2,494.65,0.0,989.3
ITEM0000792,ORD000371,PROD00173,3,2154.7,0.0,6464.11
ITEM0000793,ORD000371,PROD00036,1,7308.78,0.0,7308.78
ITEM0000794,ORD000372,PROD00230,1,8026.94,0.0,8026.94
ITEM0000795,ORD000372,PROD00246,1,8011.14,0.0,8011.14
ITEM0000796,ORD000372,PROD00065,1,6570.64,0.0,6570.64
ITEM0000797,ORD000373,PROD00111,1,5596.44,0.0,5596.44
ITEM0000798,ORD000373,PROD00099,2,6088.4,0.18,9984.98
ITEM0000799,ORD000373,PROD00118,1,8273.55,0.0,8273.55
ITEM0000800,ORD000373,PROD00154,4,5526.27,0.0,22105.08
ITEM0000801,ORD000374,PROD00060,1,532.72,0.0,532.72
ITEM0000802,ORD000374,PROD00068,2,1589.23,0.23,2447.41
ITEM0000803,ORD000375,PROD00194,2,535.55,0.08,985.41
ITEM0000804,ORD000375,PROD00298,1,5321.16,0.0,5321.16
ITEM0000805,ORD000376,PROD00046,2,8988.77,0.0,17977.54
ITEM0000806,ORD000376,PROD00109,2,7944.57,0.1,14300.23
ITEM0000807,ORD000376,PROD00248,1,10128.22,0.0,10128.22
ITEM0000808,ORD000377,PROD00258,1,5858.08,0.03,5682.34
ITEM0000809,ORD000377,PROD00111,1,5596.44,0.18,4589.08
ITEM0000810,ORD000377,PROD00021,1,6443.82,0.23,4961.74
ITEM0000811,ORD000378,PROD00189,2,7636.65,0.15,12982.3
ITEM0000812,ORD000378,PROD00223,1,2430.88,0.22,1896.09
ITEM0000813,ORD000379,PROD00122,-1,11549.43,0.26,-8546.58
ITEM0000814,ORD000379,PROD00168,2,5760.76,0.0,11521.52
ITEM0000815,ORD000380,PROD00041,2,3958.75,0.04,7600.8
ITEM0000816,ORD000380,PROD00141,-1,4481.31,0.0,-4481.31
ITEM0000817,ORD000381,PROD00135,1,2086.2,0.0,2086.2
ITEM0000818,ORD000382,PROD00177,1,5446.6,0.0,5446.6
ITEM0000819,ORD000383,PROD00067,1,996.38,0.14,856.89
ITEM0000820,ORD000383,PROD00056,1,6326.27,0.3,4428.39
ITEM0000821,ORD000384,PROD00035,1,2576.9,0.0,2576.9
ITEM0000822,ORD000384,PROD00214,1,8107.58,0.0,8107.58
ITEM0000823,ORD000385,PROD00189,4,7636.65,0.0,30546.6
ITEM0000824,ORD000385,PROD00204,1,3352.35,0.0,3352.35
ITEM0000825,ORD000385,PROD00039,1,6419.63,0.0,6419.63
ITEM0000826,ORD000385,PROD00043,1,1789.22,0.2,1431.38
ITEM0000827,ORD000386,PROD00198,1,1516.26,0.0,1516.26
ITEM0000828,ORD000386,PROD00101,2,1373.9,0.15,2335.63
ITEM0000829,ORD000387,PROD00299,1,10649.19,0.11,9477.78
ITEM0000830,ORD000388,PROD00015,1,5418.41,0.0,5418.41
ITEM0000831,ORD000388,PROD00222,2,3002.04,0.2,4803.26
ITEM0000832,ORD000388,PROD00280,2,4625.83,0.0,9251.66
ITEM0000833,ORD000389,PROD00277,1,556.92,0.3,389.84
ITEM0000834,ORD000389,PROD00136,1,621.23,0.0,621.23
ITEM0000835,ORD000389,PROD00166,1,7134.8,0.2,5707.84
ITEM0000836,ORD000390,PROD00145,1,5845.69,0.0,5845.69
ITEM0000837,ORD000391,PROD00149,1,832.87,0.17,691.28
ITEM0000838,ORD000391,PROD00291,1,1173.69,0.0,1173.69
ITEM0000839,ORD000391,PROD00297,1,10930.45,0.0,10930.45
ITEM0000840,ORD000391,PROD00255,1,7383.63,0.0,7383.63
ITEM0000841,ORD000392,PROD00080,1,862.91,0.0,862.91
ITEM0000842,ORD000392,PROD00259,3,1489.83,0.0,4469.49
ITEM0000843,ORD000392,PROD00022,1,1547.99,0.18,1269.35
ITEM0000844,ORD000392,PROD00008,1,5338.8,0.2,4271.04
ITEM0000845,ORD000392,PROD00074,1,9420.21,0.16,7912.98
ITEM0000846,ORD000393,PROD00103,2,9136.07,0.16,15348.6
ITEM0000847,ORD000393,PROD00013,1,10508.19,0.0,10508.19
ITEM0000848,ORD000394,PROD00189,4,7636.65,0.12,26881.01
ITEM0000849,ORD000395,PROD00182,1,3616.25,0.0,3616.25
ITEM0000850,ORD000396,PROD00283,1,7427.34,0.0,7427.34
ITEM0000851,ORD000396,PROD00179,2,6055.62,0.0,12111.24
ITEM0000852,ORD000397,PROD00037,1,5435.74,0.0,5435.74
ITEM0000853,ORD000398,PROD00254,3,3623.42,0.0,10870.26
ITEM0000854,ORD000399,PROD00184,1,1498.15,0.0,1498.15
ITEM0000855,ORD000399,PROD00070,2,6693.56,0.0,13387.12
ITEM0000856,ORD000400,PROD00299,1,10649.19,0.0,10649.19
ITEM0000857,ORD000401,PROD00293,1,5361.88,0.0,5361.88
ITEM0000858,ORD000401,PROD00041,1,3958.75,0.0,3958.75
ITEM0000859,ORD000401,PROD00289,1,3097.21,0.0,3097.21
ITEM0000860,ORD000401,PROD00030,2,4937.89,0.0,9875.78
ITEM0000861,ORD000402,PROD00131,1,576.16,0.03,558.88
ITEM0000862,ORD000403,PROD00264,4,8008.38,0.0,32033.52
ITEM0000863,ORD000403,PROD00020,1,7970.85,0.28,5739.01
ITEM0000864,ORD000403,PROD00211,2,1624.33,0.0,3248.66
ITEM0000865,ORD000403,PROD00212,4,7782.48,0.0,31129.92
ITEM0000866,ORD000404,PROD00031,1,4066.81,0.0,4066.81
ITEM0000867,ORD000404,PROD00113,4,3472.93,0.0,13891.72
ITEM0000868,ORD000404,PROD00297,2,10930.45,0.0,21860.9
ITEM0000869,ORD000404,PROD00200,2,7131.42,0.06,13407.07
ITEM0000870,ORD000405,PROD00099,1,6088.4,0.0,6088.4
ITEM0000871,ORD000405,PROD00158,1,8138.6,0.05,7731.67
ITEM0000872,ORD000406,PROD00136,2,621.23,0.0,1242.46
ITEM0000873,ORD000406,PROD00103,1,9136.07,0.22,7126.13
ITEM0000874,ORD000406,PROD00007,-1,7518.69,0.0,-7518.69
ITEM0000875,ORD000407,PROD00139,1,5962.8,0.0,5962.8
ITEM0000876,ORD000407,PROD00119,1,9197.85,0.0,9197.85
ITEM0000877,ORD000407,PROD00092,1,1552.76,0.15,1319.85
ITEM0000878,ORD000408,PROD00063,4,1083.33,0.11,3856.65
ITEM0000879,ORD000408,PROD00180,2,7030.69,0.17,11670.95
ITEM0000880,ORD000408,PROD00044,1,5424.36,0.0,5424.36
ITEM0000881,ORD000408,PROD00183,2,526.69,0.05,1000.71
ITEM0000882,ORD000408,PROD00127,2,5321.52,0.0,10643.04
ITEM0000883,ORD000409,PROD00283,1,7427.34,0.0,7427.34
ITEM0000884,ORD000410,PROD00088,1,4559.98,0.0,4559.98
ITEM0000885,ORD000410,PROD00080,2,862.91,0.0,1725.82
ITEM0000886,ORD000410,PROD00089,1,781.78,0.2,625.42
ITEM0000887,ORD000410,PROD00135,1,2086.2,0.0,2086.2
ITEM0000888,ORD000411,PROD00057,4,4595.24,0.0,18380.96
ITEM0000889,ORD000411,PROD00195,1,9608.14,0.0,9608.14
ITEM0000890,ORD000412,PROD00071,1,534.87,0.0,534.87
ITEM0000891,ORD000413,PROD00108,1,7407.37,0.0,7407.37
ITEM0000892,ORD000414,PROD00145,1,5845.69,0.0,5845.69
ITEM0000893,ORD000415,PROD00015,4,5418.41,0.0,21673.64
ITEM0000894,ORD000415,PROD00071,2,534.87,0.29,759.52
ITEM0000895,ORD000415,PROD00065,1,6570.64,0.17,5453.63
ITEM0000896,ORD000415,PROD00243,2,6308.05,0.16,10597.52
ITEM0000897,ORD000416,PROD00207,2,6547.46,0.0,13094.92
ITEM0000898,ORD000417,PROD00109,1,7944.57,0.21,6276.21
ITEM0000899,ORD000418,PROD00195,1,9608.14,0.21,7590.43
ITEM0000900,ORD000418,PROD00290,1,1195.14,0.0,1195.14
ITEM0000901,ORD000419,PROD00055,2,2678.2,0.0,5356.4
ITEM0000902,ORD000420,PROD00183,2,526.69,0.0,1053.38
ITEM0000903,ORD000420,PROD00074,3,9420.21,0.15,24021.54
ITEM0000904,ORD000421,PROD00145,1,5845.69,0.11,5202.66
ITEM0000905,ORD000422,PROD00071,1,534.87,0.0,534.87
ITEM0000906,ORD000423,PROD00058,1,4592.96,0.02,4501.1
ITEM0000907,ORD000424,PROD00242,1,2496.43,0.0,2496.43
ITEM0000908,ORD000424,PROD00299,1,10649.19,0.0,10649.19
ITEM0000909,ORD000424,PROD00270,2,4350.17,0.0,8700.34
ITEM0000910,ORD000425,PROD00061,1,4205.57,0.0,4205.57
ITEM0000911,ORD000425,PROD00123,1,2950.23,0.15,2507.7
ITEM0000912,ORD000425,PROD00189,3,7636.65,0.0,22909.95
ITEM0000913,ORD000426,PROD00067,1,996.38,0.22,777.18
ITEM0000914,ORD000426,PROD00261,1,2154.14,0.21,1701.77
ITEM0000915,ORD000427,PROD00229,1,726.54,0.0,726.54
ITEM0000916,ORD000427,PROD00255,1,7383.63,0.0,7383.63
ITEM0000917,ORD000427,PROD00183,2,526.69,0.0,1053.38
ITEM0000918,ORD000427,PROD00255,1,7383.63,0.0,7383.63
ITEM0000919,ORD000428,PROD00250,2,4610.44,0.18,7561.12
ITEM0000920,ORD000429,PROD00119,1,9197.85,0.12,8094.11
ITEM0000921,ORD000430,PROD00159,1,198.83,0.0,198.83
ITEM0000922,ORD000431,PROD00062,1,5673.89,0.0,5673.89
ITEM0000923,ORD000431,PROD00087,2,4546.57,0.19,7365.44
ITEM0000924,ORD000432,PROD00148,1,3870.28,0.0,3870.28
ITEM0000925,ORD000432,PROD00150,1,290.6,0.0,290.6
ITEM0000926,ORD000433,PROD00125,2,5694.29,0.0,11388.58
ITEM0000927,ORD000433,PROD00267,1,3457.61,0.0,3457.61
ITEM0000928,ORD000434,PROD00110,2,7163.14,0.0,14326.28
ITEM0000929,ORD000435,PROD00176,2,5492.71,0.0,10985.42
ITEM0000930,ORD000435,PROD00016,2,6005.27,0.0,12010.54
ITEM0000931,ORD000436,PROD00227,2,3250.8,0.19,5266.3
ITEM0000932,ORD000436,PROD00108,1,7407.37,0.0,7407.37
ITEM0000933,ORD000437,PROD00135,1,2086.2,0.0,2086.2
ITEM0000934,ORD000438,PROD00056,2,6326.27,0.0,12652.54
ITEM0000935,ORD000438,PROD00196,1,6703.46,0.0,6703.46
ITEM0000936,ORD000439,PROD00084,1,7622.23,0.15,6478.9
ITEM0000937,ORD000440,PROD00221,1,901.85,0.12,793.63
ITEM0000938,ORD000440,PROD00139,1,5962.8,0.0,5962.8
ITEM0000939,ORD000441,PROD00079,1,7182.12,0.0,7182.12
ITEM0000940,ORD000442,PROD00150,3,290.6,0.0,871.8
ITEM0000941,ORD000443,PROD00081,2,2624.19,0.26,3883.8
ITEM0000942,ORD000444,PROD00237,1,8123.36,0.0,8123.36
ITEM0000943,ORD000445,PROD00088,1,4559.98,0.0,4559.98
ITEM0000944,ORD000446,PROD00061,2,4205.57,0.0,8411.14
ITEM0000945,ORD000447,PROD00100,2,8661.69,0.0,17323.38
ITEM0000946,ORD000447,PROD00217,2,260.84,0.0,521.68
ITEM0000947,ORD000447,PROD00199,3,3657.98,0.0,10973.94
ITEM0000948,ORD000447,PROD00172,3,734.93,0.0,2204.79
ITEM0000949,ORD000447,PROD00180,1,7030.69,0.0,7030.69
ITEM0000950,ORD000448,PROD00053,3,7229.99,0.0,21689.97
ITEM0000951,ORD000449,PROD00088,1,4559.98,0.0,4559.98
ITEM0000952,ORD000449,PROD00018,1,2803.77,0.12,2467.32
ITEM0000953,ORD000449,PROD00096,1,4639.15,0.0,4639.15
ITEM0000954,ORD000449,PROD00239,1,467.33,0.0,467.33
ITEM0000955,ORD000450,PROD00296,1,1188.71,0.0,1188.71
ITEM0000956,ORD000450,PROD00120,1,1288.16,0.0,1288.16
ITEM0000957,ORD000450,PROD00139,3,5962.8,0.0,17888.4
ITEM0000958,ORD000451,PROD00147,1,4961.76,0.01,4912.14
ITEM0000959,ORD000452,PROD00074,1,9420.21,0.0,9420.21
ITEM0000960,ORD000453,PROD00171,3,546.18,0.0,1638.54
ITEM0000961,ORD000453,PROD00250,3,4610.44,0.0,13831.32
ITEM0000962,ORD000454,PROD00249,2,4279.09,0.21,6760.96
ITEM0000963,ORD000455,PROD00231,4,3622.68,0.23,11157.85
ITEM0000964,ORD000455,PROD00061,1,4205.57,0.01,4163.51
ITEM0000965,ORD000455,PROD00298,1,5321.16,0.0,5321.16
ITEM0000966,ORD000455,PROD00085,1,1960.53,0.0,1960.53
ITEM0000967,ORD000456,PROD00269,2,2135.25,0.0,4270.5
ITEM0000968,ORD000457,PROD00143,1,1075.34,0.0,1075.34
ITEM0000969,ORD000458,PROD00143,2,1075.34,0.21,1699.04
ITEM0000970,ORD000458,PROD00203,2,477.27,0.0,954.54
ITEM0000971,ORD000459,PROD00300,1,1343.36,0.0,1343.36
ITEM0000972,ORD000460,PROD00062,3,5673.89,0.0,17021.67
ITEM0000973,ORD000461,PROD00018,1,2803.77,0.0,2803.77
ITEM0000974,ORD000461,PROD00077,4,7101.66,0.2,22725.31
ITEM0000975,ORD000461,PROD00188,1,1657.41,0.0,1657.41
ITEM0000976,ORD000462,PROD00136,1,621.23,0.0,621.23
ITEM0000977,ORD000462,PROD00213,1,9402.56,0.1,8462.3
ITEM0000978,ORD000462,PROD00212,2,7782.48,0.07,14475.41
ITEM0000979,ORD000463,PROD00141,1,4481.31,0.0,4481.31
ITEM0000980,ORD000464,PROD00204,1,3352.35,0.0,3352.35
ITEM0000981,ORD000464,PROD00183,3,526.69,0.0,1580.07
ITEM0000982,ORD000464,PROD00208,1,4099.5,0.0,4099.5
ITEM0000983,ORD000464,PROD00096,2,4639.15,0.0,9278.3
ITEM0000984,ORD000464,PROD00060,1,532.72,0.0,532.72
ITEM0000985,ORD000465,PROD00088,2,4559.98,0.0,9119.96
ITEM0000986,ORD000466,PROD00150,3,290.6,0.04,836.93
ITEM0000987,ORD000467,PROD00179,1,6055.62,0.0,6055.62
ITEM0000988,ORD000468,PROD00245,4,6215.91,0.0,24863.64
ITEM0000989,ORD000469,PROD00249,1,4279.09,0.0,4279.09
ITEM0000990,ORD000470,PROD00267,3,3457.61,0.0,10372.83
ITEM0000991,ORD000470,PROD00121,1,11305.27,0.0,11305.27
ITEM0000992,ORD000470,PROD00111,1,5596.44,0.0,5596.44
ITEM0000993,ORD000470,PROD00103,2,9136.07,0.14,15714.04
ITEM0000994,ORD000471,PROD00058,1,4592.96,0.0,4592.96
ITEM0000995,ORD000471,PROD00200,1,7131.42,0.0,7131.42
ITEM0000996,ORD000471,PROD00013,1,10508.19,0.0,10508.19
ITEM0000997,ORD000471,PROD00214,1,8107.58,0.0,8107.58
ITEM0000998,ORD000472,PROD00249,4,4279.09,0.0,17116.36
ITEM0000999,ORD000472,PROD00210,2,6680.3,0.0,13360.6
ITEM0001000,ORD000472,PROD00003,2,2902.0,0.0,5804.0
ITEM0001001,ORD000473,PROD00045,1,4706.05,0.0,4706.05
ITEM0001002,ORD000474,PROD00231,2,3622.68,0.0,7245.36
ITEM0001003,ORD000474,PROD00297,1,10930.45,0.0,10930.45
ITEM0001004,ORD000475,PROD00258,2,5858.08,0.1,10544.54
ITEM0001005,ORD000475,PROD00214,2,8107.58,0.0,16215.16
ITEM0001006,ORD000475,PROD00127,3,5321.52,0.26,11813.77
ITEM0001007,ORD000476,PROD00159,1,198.83,0.0,198.83
ITEM0001008,ORD000477,PROD00177,2,5446.6,0.0,10893.2
ITEM0001009,ORD000477,PROD00214,3,8107.58,0.0,24322.74
ITEM0001010,ORD000478,PROD00016,1,6005.27,0.0,6005.27
ITEM0001011,ORD000478,PROD00010,2,2259.53,0.0,4519.06
ITEM0001012,ORD000478,PROD00225,1,6042.7,0.0,6042.7
ITEM0001013,ORD000479,PROD00096,1,4639.15,0.0,4639.15
ITEM0001014,ORD000479,PROD00251,1,3365.3,0.0,3365.3
ITEM0001015,ORD000479,PROD00248,1,10128.22,0.03,9824.37
ITEM0001016,ORD000480,PROD00075,1,6662.95,0.12,5863.4
ITEM0001017,ORD000481,PROD00096,1,4639.15,0.08,4268.02
ITEM0001018,ORD000482,PROD00203,1,477.27,0.23,367.5
ITEM0001019,ORD000482,PROD00003,1,2902.0,0.0,2902.0
ITEM0001020,ORD000482,PROD00167,3,2019.38,0.0,6058.14
ITEM0001021,ORD000483,PROD00003,3,2902.0,0.25,6529.5
ITEM0001022,ORD000483,PROD00077,2,7101.66,0.0,14203.32
ITEM0001023,ORD000484,PROD00246,1,8011.14,0.0,8011.14
ITEM0001024,ORD000484,PROD00109,-3,7944.57,0.0,-23833.71
ITEM0001025,ORD000484,PROD00080,1,862.91,0.0,862.91
ITEM0001026,ORD000484,PROD00045,1,4706.05,0.1,4235.45
ITEM0001027,ORD000485,PROD00211,3,1624.33,0.0,4872.99
ITEM0001028,ORD000486,PROD00175,4,8513.93,0.29,24179.56
ITEM0001029,ORD000486,PROD00216,2,3307.17,0.0,6614.34
ITEM0001030,ORD000486,PROD00298,1,5321.16,0.11,4735.83
ITEM0001031,ORD000486,PROD00300,1,1343.36,0.0,1343.36
ITEM0001032,ORD000487,PROD00141,4,4481.31,0.0,17925.24
ITEM0001033,ORD000488,PROD00054,2,5941.63,0.0,11883.26
ITEM0001034,ORD000488,PROD00138,1,10725.29,0.0,10725.29
ITEM0001035,ORD000488,PROD00152,2,1231.99,0.05,2340.78
ITEM0001036,ORD000489,PROD00241,2,2182.97,0.0,4365.93
ITEM0001037,ORD000489,PROD00051,3,8693.03,0.0,26079.09
ITEM0001038,ORD000490,PROD00246,1,8011.14,0.0,8011.14
ITEM0001039,ORD000490,PROD00296,1,1188.71,0.0,1188.71
ITEM0001040,ORD000491,PROD00168,1,5760.76,0.0,5760.76
ITEM0001041,ORD000492,PROD00122,2,11549.43,0.0,23098.86
ITEM0001042,ORD000493,PROD00087,1,4546.57,0.0,4546.57
ITEM0001043,ORD000494,PROD00166,1,7134.8,0.0,7134.8
ITEM0001044,ORD000494,PROD00104,4,2043.03,0.3,5720.48
ITEM0001045,ORD000494,PROD00226,4,648.79,0.0,2595.16
ITEM0001046,ORD000495,PROD00195,1,9608.14,0.23,7398.27
ITEM0001047,ORD000495,PROD00044,2,5424.36,0.26,8028.05
ITEM0001048,ORD000495,PROD00260,3,8617.38,0.0,25852.14
ITEM0001049,ORD000495,PROD00249,2,4279.09,0.0,8558.18
ITEM0001050,ORD000495,PROD00076,1,6038.15,0.04,5796.62
ITEM0001051,ORD000496,PROD00131,1,576.16,0.0,576.16
ITEM0001052,ORD000496,PROD00263,3,4979.64,0.0,14938.92
ITEM0001053,ORD000497,PROD00294,4,8182.59,0.23,25202.38
ITEM0001054,ORD000497,PROD00264,4,8008.38,0.0,32033.52
ITEM0001055,ORD000498,PROD00101,1,1373.9,0.0,1373.9
ITEM0001056,ORD000498,PROD00215,1,379.53,0.0,379.53
ITEM0001057,ORD000498,PROD00223,1,2430.88,0.0,2430.88
ITEM0001058,ORD000498,PROD00149,2,832.87,0.0,1665.74
ITEM0001059,ORD000499,PROD00164,1,5504.82,0.0,5504.82
ITEM0001060,ORD000499,PROD00248,2,10128.22,0.25,15192.33
ITEM0001061,ORD000499,PROD00041,1,3958.75,0.15,3364.94
ITEM0001062,ORD000500,PROD00192,4,5116.05,0.05,19440.99
ITEM0001063,ORD000500,PROD00271,2,439.58,0.0,879.16
ITEM0001064,ORD000500,PROD00199,2,3657.98,0.0,7315.96
ITEM0001065,ORD000501,PROD00073,3,9071.35,0.0,27214.05
ITEM0001066,ORD000501,PROD00087,2,4546.57,0.0,9093.14
ITEM0001067,ORD000502,PROD00194,3,535.55,0.0,1606.65
ITEM0001068,ORD000503,PROD00286,1,945.94,0.0,945.94
ITEM0001069,ORD000503,PROD00008,3,5338.8,0.18,13133.45
ITEM0001070,ORD000504,PROD00127,3,5321.52,0.0,15964.56
ITEM0001071,ORD000505,PROD00134,1,1127.73,0.0,1127.73
ITEM0001072,ORD000505,PROD00120,1,1288.16,0.28,927.48
ITEM0001073,ORD000505,PROD00239,1,467.33,0.0,467.33
ITEM0001074,ORD000506,PROD00215,2,379.53,0.0,759.06
ITEM0001075,ORD000507,PROD00067,1,996.38,0.0,996.38
ITEM0001076,ORD000508,PROD00101,1,1373.9,0.07,1277.73
ITEM0001077,ORD000509,PROD00260,2,8617.38,0.0,17234.76
ITEM0001078,ORD000510,PROD00219,1,344.65,0.0,344.65
ITEM0001079,ORD000511,PROD00184,1,1498.15,0.0,1498.15
ITEM0001080,ORD000512,PROD00238,3,7201.82,0.0,21605.46
ITEM0001081,ORD000512,PROD00186,1,1445.96,0.0,1445.96
ITEM0001082,ORD000513,PROD00073,1,9071.35,0.0,9071.35
ITEM0001083,ORD000513,PROD00117,1,498.3,0.0,498.3
ITEM0001084,ORD000514,PROD00255,1,7383.63,0.0,7383.63
ITEM0001085,ORD000515,PROD00190,3,3528.69,0.1,9527.46
ITEM0001086,ORD000515,PROD00178,4,7985.04,0.0,31940.16
ITEM0001087,ORD000515,PROD00025,1,3078.83,0.0,3078.83
ITEM0001088,ORD000516,PROD00066,2,899.86,0.0,1799.72
ITEM0001089,ORD000516,PROD00032,2,301.12,0.21,475.77
ITEM0001090,ORD000517,PROD00142,1,8354.87,0.0,8354.87
ITEM0001091,ORD000518,PROD00154,3,5526.27,0.0,16578.81
ITEM0001092,ORD000518,PROD00061,1,4205.57,0.11,3742.96
ITEM0001093,ORD000518,PROD00017,1,9163.85,0.0,9163.85
ITEM0001094,ORD000519,PROD00074,1,9420.21,0.15,8007.18
ITEM0001095,ORD000520,PROD00190,1,3528.69,0.0,3528.69
ITEM0001096,ORD000521,PROD00011,1,2615.05,0.0,2615.05
ITEM0001097,ORD000521,PROD00195,3,9608.14,0.07,26806.71
ITEM0001098,ORD000522,PROD00227,1,3250.8,0.0,3250.8
ITEM0001099,ORD000522,PROD00001,1,9272.65,0.0,9272.65
ITEM0001100,ORD000522,PROD00051,2,8693.03,0.0,17386.06
ITEM0001101,ORD000523,PROD00117,1,498.3,0.03,483.35
ITEM0001102,ORD000523,PROD00140,1,1718.72,0.15,1460.91
ITEM0001103,ORD000523,PROD00289,1,3097.21,0.0,3097.21
ITEM0001104,ORD000524,PROD00108,2,7407.37,0.0,14814.74
ITEM0001105,ORD000525,PROD00033,2,1942.09,0.0,3884.18
ITEM0001106,ORD000526,PROD00229,1,726.54,0.0,726.54
ITEM0001107,ORD000526,PROD00190,1,3528.69,0.0,3528.69
ITEM0001108,ORD000526,PROD00015,1,5418.41,0.15,4605.65
ITEM0001109,ORD000526,PROD00150,1,290.6,0.08,267.35
ITEM0001110,ORD000527,PROD00101,1,1373.9,0.23,1057.9
ITEM0001111,ORD000528,PROD00158,3,8138.6,0.1,21974.22
ITEM0001112,ORD000528,PROD00022,1,1547.99,0.0,1547.99
ITEM0001113,ORD000529,PROD00071,1,534.87,0.0,534.87
ITEM0001114,ORD000530,PROD00208,2,4099.5,0.2,6559.2
ITEM0001115,ORD000530,PROD00298,1,5321.16,0.0,5321.16
ITEM0001116,ORD000530,PROD00125,3,5694.29,0.0,17082.87
ITEM0001117,ORD000531,PROD00248,2,10128.22,0.0,20256.44
ITEM0001118,ORD000531,PROD00146,2,504.1,0.0,1008.2
ITEM0001119,ORD000531,PROD00022,4,1547.99,0.27,4520.13
ITEM0001120,ORD000531,PROD00281,2,7979.23,0.0,15958.46
ITEM0001121,ORD000531,PROD00273,1,4432.81,0.2,3546.25
ITEM0001122,ORD000532,PROD00292,1,5910.44,0.0,5910.44
ITEM0001123,ORD000532,PROD00193,1,9202.76,0.0,9202.76
ITEM0001124,ORD000533,PROD00014,1,1451.31,0.02,1422.28
ITEM0001125,ORD000533,PROD00121,3,11305.27,0.0,33915.81
ITEM0001126,ORD000534,PROD00246,3,8011.14,0.04,23072.08
ITEM0001127,ORD000534,PROD00183,1,526.69,0.07,489.82
ITEM0001128,ORD000534,PROD00159,1,198.83,0.0,198.83
ITEM0001129,ORD000534,PROD00097,1,1492.36,0.14,1283.43
ITEM0001130,ORD000534,PROD00201,1,3944.29,0.21,3115.99
ITEM0001131,ORD000535,PROD00081,1,2624.19,0.29,1863.17
ITEM0001132,ORD000535,PROD00116,1,3835.95,0.0,3835.95
ITEM0001133,ORD000535,PROD00134,1,1127.73,0.0,1127.73
ITEM0001134,ORD000536,PROD00098,2,2402.47,0.0,4804.94
ITEM0001135,ORD000537,PROD00193,2,9202.76,0.0,18405.52
ITEM0001136,ORD000537,PROD00046,1,8988.77,0.14,7730.34
ITEM0001137,ORD000538,PROD00095,1,1505.02,0.1,1354.52
ITEM0001138,ORD000538,PROD00152,1,1231.99,0.0,1231.99
ITEM0001139,ORD000538,PROD00154,1,5526.27,0.0,5526.27
ITEM0001140,ORD000538,PROD00088,1,4559.98,0.0,4559.98
ITEM0001141,ORD000539,PROD00094,1,6449.58,0.0,6449.58
ITEM0001142,ORD000539,PROD00187,2,6641.17,0.0,13282.34
ITEM0001143,ORD000539,PROD00159,1,198.83,0.0,198.83
ITEM0001144,ORD000540,PROD00054,2,5941.63,0.16,9981.94
ITEM0001145,ORD000541,PROD00097,2,1492.36,0.0,2984.72
ITEM0001146,ORD000542,PROD00169,2,5358.09,0.0,10716.18
ITEM0001147,ORD000542,PROD00129,2,2500.46,0.0,5000.92
ITEM0001148,ORD000543,PROD00294,-1,8182.59,0.06,-7691.63
ITEM0001149,ORD000543,PROD00141,1,4481.31,0.0,4481.31
ITEM0001150,ORD000544,PROD00035,1,2576.9,0.0,2576.9
ITEM0001151,ORD000545,PROD00089,1,781.78,0.13,680.15
ITEM0001152,ORD000545,PROD00059,1,11784.91,0.0,11784.91
ITEM0001153,ORD000546,PROD00219,2,344.65,0.22,537.65
ITEM0001154,ORD000547,PROD00093,1,3802.74,0.0,3802.74
ITEM0001155,ORD000548,PROD00273,2,4432.81,0.0,8865.62
ITEM0001156,ORD000548,PROD00251,1,3365.3,0.0,3365.3
ITEM0001157,ORD000549,PROD00187,1,6641.17,0.17,5512.17
ITEM0001158,ORD000550,PROD00204,3,3352.35,0.0,10057.05
ITEM0001159,ORD000550,PROD00088,1,4559.98,0.25,3419.98
ITEM0001160,ORD000550,PROD00291,1,1173.69,0.0,1173.69
ITEM0001161,ORD000550,PROD00256,1,256.57,0.0,256.57
ITEM0001162,ORD000551,PROD00232,2,3144.6,0.29,4465.33
ITEM0001163,ORD000551,PROD00214,3,8107.58,0.11,21647.24
ITEM0001164,ORD000551,PROD00160,4,1750.19,0.0,7000.76
ITEM0001165,ORD000552,PROD00166,-2,7134.8,0.0,-14269.6
ITEM0001166,ORD000552,PROD00061,1,4205.57,0.28,3028.01
ITEM0001167,ORD000552,PROD00238,1,7201.82,0.12,6337.6
ITEM0001168,ORD000552,PROD00173,1,1247.36,0.0,1247.36
ITEM0001169,ORD000553,PROD00170,1,1477.83,0.0,1477.83
ITEM0001170,ORD000554,PROD00256,2,256.57,0.0,513.14
ITEM0001171,ORD000555,PROD00154,-2,5526.27,0.0,-11052.54
ITEM0001172,ORD000556,PROD00200,1,7131.42,0.25,5348.56
ITEM0001173,ORD000556,PROD00191,1,4249.81,0.0,4249.81
ITEM0001174,ORD000556,PROD00238,1,7201.82,0.19,5833.47
ITEM0001175,ORD000556,PROD00081,1,2624.19,0.0,2624.19
ITEM0001176,ORD000556,PROD00115,1,3250.57,0.0,3250.57
ITEM0001177,ORD000557,PROD00136,2,621.23,0.0,1242.46
ITEM0001178,ORD000557,PROD00069,3,1258.49,0.0,3775.48
ITEM0001179,ORD000557,PROD00151,1,5518.05,0.0,5518.05
ITEM0001180,ORD000558,PROD00162,2,3555.3,0.0,7110.6
ITEM0001181,ORD000558,PROD00169,1,5358.09,0.17,4447.21
ITEM0001182,ORD000559,PROD00161,1,2894.21,0.0,2894.21
ITEM0001183,ORD000559,PROD00170,1,2050.12,0.0,2050.12
ITEM0001184,ORD000559,PROD00035,1,2576.9,0.0,2576.9
ITEM0001185,ORD000559,PROD00174,1,4285.14,0.0,4285.14
ITEM0001186,ORD000559,PROD00165,1,1721.94,0.17,1429.21
ITEM0001187,ORD000560,PROD00255,2,7383.63,0.14,12699.84
ITEM0001188,ORD000560,PROD00063,1,1083.33,0.13,942.5
ITEM0001189,ORD000561,PROD00290,1,1195.14,0.28,860.5
ITEM0001190,ORD000561,PROD00002,1,231.58,0.1,208.42
ITEM0001191,ORD000561,PROD00053,2,7229.99,0.0,14459.98
ITEM0001192,ORD000561,PROD00138,1,10725.29,0.11,9545.51
ITEM0001193,ORD000562,PROD00107,1,6282.37,0.0,6282.37
ITEM0001194,ORD000562,PROD00140,1,1718.72,0.0,1718.72
ITEM0001195,ORD000562,PROD00009,2,5332.96,0.24,8106.1
ITEM0001196,ORD000563,PROD00209,1,3816.19,0.0,3816.19
ITEM0001197,ORD000564,PROD00090,1,494.65,0.0,494.65
ITEM0001198,ORD000564,PROD00062,1,5673.89,0.18,4652.59
ITEM0001199,ORD000565,PROD00230,2,8026.94,0.29,11398.25
ITEM0001200,ORD000565,PROD00297,4,10930.45,0.0,43721.8
ITEM0001201,ORD000566,PROD00206,1,8632.13,0.0,8632.13
ITEM0001202,ORD000566,PROD00058,1,4592.96,0.0,4592.96
ITEM0001203,ORD000566,PROD00278,1,629.94,0.06,592.14
ITEM0001204,ORD000566,PROD00161,4,2894.21,0.18,9493.01
ITEM0001205,ORD000567,PROD00249,1,4279.09,0.0,4279.09
ITEM0001206,ORD000567,PROD00068,3,1589.23,0.0,4767.69
ITEM0001207,ORD000567,PROD00057,2,4595.24,0.0,9190.48
ITEM0001208,ORD000567,PROD00129,1,2500.46,0.0,2500.46
ITEM0001209,ORD000567,PROD00269,2,2135.25,0.0,4270.5
ITEM0001210,ORD000568,PROD00116,1,3835.95,0.0,3835.95
ITEM0001211,ORD000569,PROD00133,1,7313.64,0.0,7313.64
ITEM0001212,ORD000569,PROD00299,1,10649.19,0.14,9158.3
ITEM0001213,ORD000569,PROD00134,3,1127.73,0.0,3383.19
ITEM0001214,ORD000569,PROD00217,1,260.84,0.0,260.84
ITEM0001215,ORD000570,PROD00138,1,10725.29,0.0,10725.29
ITEM0001216,ORD000570,PROD00243,3,6308.05,0.0,18924.15
ITEM0001217,ORD000571,PROD00265,1,4207.25,0.21,3323.73
ITEM0001218,ORD000572,PROD00119,1,9197.85,0.0,9197.85
ITEM0001219,ORD000573,PROD00082,1,3992.96,0.0,3992.96
ITEM0001220,ORD000573,PROD00142,1,8354.87,0.0,8354.87
ITEM0001221,ORD000574,PROD00051,1,8693.03,0.0,8693.03
ITEM0001222,ORD000574,PROD00214,1,8107.58,0.15,6891.44
ITEM0001223,ORD000574,PROD00021,2,6443.82,0.06,12114.38
ITEM0001224,ORD000575,PROD00026,2,992.19,0.05,1885.16
ITEM0001225,ORD000576,PROD00151,2,5518.05,0.26,8166.71
ITEM0001226,ORD000577,PROD00288,1,2790.22,0.18,2287.98
ITEM0001227,ORD000577,PROD00018,2,2803.77,0.2,4486.03
ITEM0001228,ORD000578,PROD00009,1,5332.96,0.19,4319.7
ITEM0001229,ORD000578,PROD00085,1,1960.53,0.15,1666.45
ITEM0001230,ORD000579,PROD00115,3,3250.57,0.07,9069.09
ITEM0001231,ORD000579,PROD00142,1,8354.87,0.0,8354.87
ITEM0001232,ORD000580,PROD00175,2,8513.93,0.0,17027.86
ITEM0001233,ORD000580,PROD00047,1,1589.57,0.0,1589.57
ITEM0001234,ORD000580,PROD00267,1,3457.61,0.0,3457.61
ITEM0001235,ORD000580,PROD00084,1,7622.23,0.0,7622.23
ITEM0001236,ORD000581,PROD00250,2,4610.44,0.0,9220.88
ITEM0001237,ORD000582,PROD00042,1,8235.83,0.0,8235.83
ITEM0001238,ORD000582,PROD00085,1,1960.53,0.0,1960.53
ITEM0001239,ORD000583,PROD00006,1,8153.69,0.11,7256.78
ITEM0001240,ORD000584,PROD00173,2,796.64,0.0,1593.27
ITEM0001241,ORD000584,PROD00060,2,532.72,0.0,1065.44
ITEM0001242,ORD000585,PROD00052,1,1689.78,0.0,1689.78
ITEM0001243,ORD000586,PROD00297,1,10930.45,0.0,10930.45
ITEM0001244,ORD000587,PROD00270,1,4350.17,0.28,3132.12
ITEM0001245,ORD000588,PROD00299,1,10649.19,0.0,10649.19
ITEM0001246,ORD000589,PROD00076,2,6038.15,0.09,10989.43
ITEM0001247,ORD000590,PROD00065,2,6570.64,0.0,13141.28
ITEM0001248,ORD000590,PROD00119,1,9197.85,0.0,9197.85
ITEM0001249,ORD000590,PROD00197,1,8766.75,0.09,7977.74
ITEM0001250,ORD000591,PROD00186,1,1445.96,0.0,1445.96
ITEM0001251,ORD000591,PROD00163,1,2745.97,0.0,2745.97
ITEM0001252,ORD000592,PROD00274,2,5633.46,0.0,11266.92
ITEM0001253,ORD000592,PROD00009,3,5332.96,0.0,15998.88
ITEM0001254,ORD000592,PROD00129,1,2500.46,0.0,2500.46
ITEM0001255,ORD000593,PROD00040,1,3631.49,0.0,3631.49
ITEM0001256,ORD000594,PROD00256,1,256.57,0.0,256.57
ITEM0001257,ORD000594,PROD00250,1,4610.44,0.04,4426.02
ITEM0001258,ORD000595,PROD00063,4,1083.33,0.0,4333.32
ITEM0001259,ORD000595,PROD00132,1,5296.2,0.29,3760.3
ITEM0001260,ORD000596,PROD00105,3,3095.41,0.0,9286.23
ITEM0001261,ORD000597,PROD00148,1,3870.28,0.0,3870.28
ITEM0001262,ORD000598,PROD00075,1,6662.95,0.0,6662.95
ITEM0001263,ORD000598,PROD00248,1,10128.22,0.01,10026.94
ITEM0001264,ORD000598,PROD00220,1,6168.69,0.0,6168.69
ITEM0001265,ORD000598,PROD00286,2,945.94,0.0,1891.88
ITEM0001266,ORD000599,PROD00116,4,3835.95,0.0,15343.8
ITEM0001267,ORD000599,PROD00272,1,7587.4,0.0,7587.4
ITEM0001268,ORD000600,PROD00183,2,526.69,0.0,1053.38
ITEM0001269,ORD000600,PROD00092,4,1552.76,0.05,5900.49
ITEM0001270,ORD000601,PROD00190,3,3528.69,0.17,8786.44
ITEM0001271,ORD000601,PROD00260,1,8617.38,0.0,8617.38
ITEM0001272,ORD000602,PROD00048,1,1926.71,0.24,1464.3
ITEM0001273,ORD000602,PROD00139,1,5962.8,0.0,5962.8
ITEM0001274,ORD000602,PROD00287,1,6559.01,0.0,6559.01
ITEM0001275,ORD000603,PROD00098,1,2402.47,0.22,1873.93
ITEM0001276,ORD000603,PROD00164,1,5504.82,0.06,5174.53
ITEM0001277,ORD000604,PROD00051,2,8693.03,0.0,17386.06
ITEM0001278,ORD000604,PROD00139,1,5962.8,0.17,4949.12
ITEM0001279,ORD000605,PROD00076,1,6038.15,0.0,6038.15
ITEM0001280,ORD000606,PROD00017,3,9163.85,0.0,27491.55
ITEM0001281,ORD000606,PROD00236,1,2661.51,0.0,2661.51
ITEM0001282,ORD000606,PROD00151,2,5518.05,0.0,11036.1
ITEM0001283,ORD000607,PROD00255,2,7383.63,0.0,14767.26
ITEM0001284,ORD000607,PROD00258,1,5858.08,0.0,5858.08
ITEM0001285,ORD000607,PROD00249,1,4279.09,0.0,4279.09
ITEM0001286,ORD000608,PROD00254,2,3623.42,0.0,7246.84
ITEM0001287,ORD000609,PROD00040,1,3631.49,0.0,3631.49
ITEM0001288,ORD000609,PROD00258,2,5858.08,0.0,11716.16
ITEM0001289,ORD000609,PROD00084,4,7622.23,0.0,30488.92
ITEM0001290,ORD000609,PROD00091,4,1302.09,0.0,5208.36
ITEM0001291,ORD000610,PROD00040,1,3631.49,0.16,3050.45
ITEM0001292,ORD000610,PROD00290,1,1195.14,0.0,1195.14
ITEM0001293,ORD000611,PROD00184,3,1498.15,0.0,4494.45
ITEM0001294,ORD000611,PROD00274,1,5633.46,0.0,5633.46
ITEM0001295,ORD000612,PROD00074,1,9420.21,0.0,9420.21
ITEM0001296,ORD000613,PROD00114,1,2295.26,0.0,2295.26
ITEM0001297,ORD000613,PROD00189,1,7636.65,0.01,7560.28
ITEM0001298,ORD000613,PROD00211,2,1624.33,0.0,3248.66
ITEM0001299,ORD000613,PROD00123,1,2950.23,0.14,2537.2
ITEM0001300,ORD000614,PROD00231,4,3622.68,0.03,14056.0
ITEM0001301,ORD000614,PROD00138,2,10725.29,0.0,21450.58
ITEM0001302,ORD000615,PROD00025,3,3078.83,0.0,9236.49
ITEM0001303,ORD000616,PROD00082,1,3992.96,0.0,3992.96
ITEM0001304,ORD000617,PROD00170,2,461.44,0.0,922.88
ITEM0001305,ORD000617,PROD00017,2,9163.85,0.0,18327.7
ITEM0001306,ORD000617,PROD00045,1,4706.05,0.0,4706.05
ITEM0001307,ORD000617,PROD00013,1,10508.19,0.0,10508.19
ITEM0001308,ORD000617,PROD00151,1,5518.05,0.2,4414.44
ITEM0001309,ORD000618,PROD00295,1,895.09,0.0,895.09
ITEM0001310,ORD000618,PROD00202,1,1016.59,0.21,803.11
ITEM0001311,ORD000618,PROD00193,1,9202.76,0.0,9202.76
ITEM0001312,ORD000618,PROD00153,1,4010.2,0.29,2847.24
ITEM0001313,ORD000618,PROD00198,1,1516.26,0.0,1516.26
ITEM0001314,ORD000619,PROD00145,1,5845.69,0.13,5085.75
ITEM0001315,ORD000619,PROD00131,1,576.16,0.0,576.16
ITEM0001316,ORD000619,PROD00065,1,6570.64,0.14,5650.75
ITEM0001317,ORD000619,PROD00156,2,1816.09,0.0,3632.18
ITEM0001318,ORD000620,PROD00172,3,734.93,0.09,2006.36
ITEM0001319,ORD000621,PROD00185,1,2719.98,0.0,2719.98
ITEM0001320,ORD000621,PROD00076,1,6038.15,0.0,6038.15
ITEM0001321,ORD000622,PROD00118,1,8273.55,0.0,8273.55
ITEM0001322,ORD000623,PROD00204,1,3352.35,0.0,3352.35
ITEM0001323,ORD000623,PROD00262,2,1460.84,0.07,2717.16
ITEM0001324,ORD000624,PROD00179,1,6055.62,0.0,6055.62
ITEM0001325,ORD000625,PROD00190,1,3528.69,0.0,3528.69
ITEM0001326,ORD000625,PROD00163,-1,2745.97,0.0,-2745.97
ITEM0001327,ORD000626,PROD00134,1,1127.73,0.0,1127.73
ITEM0001328,ORD000627,PROD00269,1,2135.25,0.0,2135.25
ITEM0001329,ORD000627,PROD00263,1,4979.64,0.0,4979.64
ITEM0001330,ORD000627,PROD00181,4,2887.17,0.0,11548.68
ITEM0001331,ORD000628,PROD00165,1,1721.94,0.0,1721.94
ITEM0001332,ORD000628,PROD00230,1,8026.94,0.21,6341.28
ITEM0001333,ORD000629,PROD00150,3,290.6,0.0,871.8
ITEM0001334,ORD000630,PROD00156,1,1816.09,0.0,1816.09
ITEM0001335,ORD000631,PROD00264,1,8008.38,0.27,5846.12
ITEM0001336,ORD000632,PROD00232,1,3144.6,0.0,3144.6
ITEM0001337,ORD000633,PROD00093,2,3802.74,0.0,7605.48
ITEM0001338,ORD000633,PROD00055,1,2678.2,0.0,2678.2
ITEM0001339,ORD000633,PROD00225,1,6042.7,0.27,4411.17
ITEM0001340,ORD000634,PROD00114,2,2295.26,0.24,3488.8
ITEM0001341,ORD000635,PROD00289,2,3097.21,0.0,6194.42
ITEM0001342,ORD000636,PROD00055,1,2678.2,0.0,2678.2
ITEM0001343,ORD000637,PROD00189,3,7636.65,0.0,22909.95
ITEM0001344,ORD000637,PROD00038,2,1983.28,0.0,3966.56
ITEM0001345,ORD000637,PROD00232,1,3144.6,0.0,3144.6
ITEM0001346,ORD000638,PROD00126,1,10802.22,0.0,10802.22
ITEM0001347,ORD000638,PROD00034,1,2533.01,0.08,2330.37
ITEM0001348,ORD000639,PROD00247,1,7341.91,0.0,7341.91
ITEM0001349,ORD000639,PROD00148,1,3870.28,0.0,3870.28
ITEM0001350,ORD000640,PROD00008,1,5338.8,0.07,4965.08
ITEM0001351,ORD000641,PROD00269,3,2135.25,0.0,6405.75
ITEM0001352,ORD000641,PROD00047,1,1589.57,0.27,1160.39
ITEM0001353,ORD000641,PROD00249,1,4279.09,0.0,4279.09
ITEM0001354,ORD000642,PROD00235,1,1155.59,0.0,1155.59
ITEM0001355,ORD000642,PROD00120,1,1288.16,0.03,1249.52
ITEM0001356,ORD000643,PROD00074,1,9420.21,0.0,9420.21
ITEM0001357,ORD000643,PROD00212,3,7782.48,0.0,23347.44
ITEM0001358,ORD000644,PROD00227,1,3250.8,0.0,3250.8
ITEM0001359,ORD000645,PROD00033,1,1942.09,0.0,1942.09
ITEM0001360,ORD000645,PROD00204,1,3352.35,0.16,2815.97
ITEM0001361,ORD000646,PROD00174,2,4285.14,0.01,8484.58
ITEM0001362,ORD000647,PROD00052,1,1689.78,0.0,1689.78
ITEM0001363,ORD000647,PROD00060,1,532.72,0.0,532.72
ITEM0001364,ORD000647,PROD00022,1,1547.99,0.01,1532.51
ITEM0001365,ORD000648,PROD00280,3,4625.83,0.17,11518.32
ITEM0001366,ORD000648,PROD00058,1,4592.96,0.0,4592.96
ITEM0001367,ORD000648,PROD00266,3,5956.89,0.01,17691.96
ITEM0001368,ORD000649,PROD00157,1,2525.54,0.28,1818.39
ITEM0001369,ORD000650,PROD00092,1,1552.76,0.11,1381.96
ITEM0001370,ORD000651,PROD00070,3,6693.56,0.28,14458.09
ITEM0001371,ORD000652,PROD00222,1,3002.04,0.0,3002.04
ITEM0001372,ORD000653,PROD00080,2,862.91,0.0,1725.82
ITEM0001373,ORD000653,PROD00200,1,7131.42,0.0,7131.42
ITEM0001374,ORD000654,PROD00081,3,2624.19,0.0,7872.57
ITEM0001375,ORD000655,PROD00073,3,9071.35,0.08,25036.93
ITEM0001376,ORD000655,PROD00170,2,2853.08,0.0,5706.17
ITEM0001377,ORD000655,PROD00002,4,231.58,0.0,926.32
ITEM0001378,ORD000655,PROD00129,2,2500.46,0.0,5000.92
ITEM0001379,ORD000655,PROD00192,1,5116.05,0.0,5116.05
ITEM0001380,ORD000656,PROD00258,1,5858.08,0.25,4393.56
ITEM0001381,ORD000657,PROD00080,1,862.91,0.0,862.91
ITEM0001382,ORD000658,PROD00067,1,996.38,0.0,996.38
ITEM0001383,ORD000658,PROD00231,1,3622.68,0.24,2753.24
ITEM0001384,ORD000658,PROD00266,3,5956.89,0.0,17870.67
ITEM0001385,ORD000659,PROD00256,3,256.57,0.0,769.71
ITEM0001386,ORD000659,PROD00154,2,5526.27,0.0,11052.54
ITEM0001387,ORD000660,PROD00214,1,8107.58,0.0,8107.58
ITEM0001388,ORD000660,PROD00090,1,494.65,0.0,494.65
ITEM0001389,ORD000660,PROD00223,3,2430.88,0.0,7292.64
ITEM0001390,ORD000660,PROD00036,3,7308.78,0.0,21926.34
ITEM0001391,ORD000661,PROD00063,4,1083.33,0.0,4333.32
ITEM0001392,ORD000661,PROD00168,3,5760.76,0.29,12270.42
ITEM0001393,ORD000661,PROD00136,2,621.23,0.1,1118.21
ITEM0001394,ORD000662,PROD00126,2,10802.22,0.14,18579.82
ITEM0001395,ORD000662,PROD00131,1,576.16,0.0,576.16
ITEM0001396,ORD000662,PROD00090,1,494.65,0.23,380.88
ITEM0001397,ORD000662,PROD00089,2,781.78,0.13,1360.3
ITEM0001398,ORD000663,PROD00274,2,5633.46,0.0,11266.92
ITEM0001399,ORD000663,PROD00149,4,832.87,0.0,3331.48
ITEM0001400,ORD000663,PROD00141,2,4481.31,0.0,8962.62
ITEM0001401,ORD000664,PROD00080,2,862.91,0.07,1605.01
ITEM0001402,ORD000664,PROD00289,1,3097.21,0.06,2911.38
ITEM0001403,ORD000664,PROD00089,4,781.78,0.0,3127.12
ITEM0001404,ORD000665,PROD00171,2,546.18,0.0,1092.36
ITEM0001405,ORD000666,PROD00083,4,9425.24,0.16,31668.81
ITEM0001406,ORD000666,PROD00213,2,9402.56,0.2,15044.1
ITEM0001407,ORD000667,PROD00077,2,7101.66,0.29,10084.36
ITEM0001408,ORD000667,PROD00281,1,7979.23,0.0,7979.23
ITEM0001409,ORD000667,PROD00239,2,467.33,0.0,934.66
ITEM0001410,ORD000667,PROD00188,-2,1657.41,0.0,-3314.82
ITEM0001411,ORD000668,PROD00046,1,8988.77,0.0,8988.77
ITEM0001412,ORD000668,PROD00271,1,439.58,0.0,439.58
ITEM0001413,ORD000668,PROD00036,1,7308.78,0.0,7308.78
ITEM0001414,ORD000668,PROD00038,1,1983.28,0.0,1983.28
ITEM0001415,ORD000669,PROD00173,1,2372.19,0.0,2372.19
ITEM0001416,ORD000669,PROD00230,3,8026.94,0.0,24080.82
ITEM0001417,ORD000669,PROD00225,2,6042.7,0.0,12085.4
ITEM0001418,ORD000669,PROD00071,1,534.87,0.02,524.17
ITEM0001419,ORD000670,PROD00048,1,1926.71,0.0,1926.71
ITEM0001420,ORD000670,PROD00151,1,5518.05,0.0,5518.05
ITEM0001421,ORD000671,PROD00008,2,5338.8,0.0,10677.6
ITEM0001422,ORD000672,PROD00212,2,7782.48,0.0,15564.96
ITEM0001423,ORD000673,PROD00196,3,6703.46,0.26,14881.68
ITEM0001424,ORD000673,PROD00214,2,8107.58,0.0,16215.16
ITEM0001425,ORD000674,PROD00041,2,3958.75,0.0,7917.5
ITEM0001426,ORD000675,PROD00244,4,4549.33,0.0,18197.32
ITEM0001427,ORD000675,PROD00096,1,4639.15,0.04,4453.58
ITEM0001428,ORD000676,PROD00132,2,5296.2,0.08,9745.01
ITEM0001429,ORD000676,PROD00104,2,2043.03,0.26,3023.68
ITEM0001430,ORD000676,PROD00255,1,7383.63,0.21,5833.07
ITEM0001431,ORD000677,PROD00160,3,1750.19,0.0,5250.57
ITEM0001432,ORD000677,PROD00243,1,6308.05,0.0,6308.05
ITEM0001433,ORD000677,PROD00251,3,3365.3,0.0,10095.9
ITEM0001434,ORD000678,PROD00083,2,9425.24,0.0,18850.48
ITEM0001435,ORD000678,PROD00289,1,3097.21,0.0,3097.21
ITEM0001436,ORD000679,PROD00148,1,3870.28,0.0,3870.28
ITEM0001437,ORD000679,PROD00144,1,9953.38,0.0,9953.38
ITEM0001438,ORD000679,PROD00205,1,6283.38,0.25,4712.54
ITEM0001439,ORD000679,PROD00165,2,1721.94,0.0,3443.88
ITEM0001440,ORD000680,PROD00017,2,9163.85,0.0,18327.7
ITEM0001441,ORD000680,PROD00195,1,9608.14,0.0,9608.14
ITEM0001442,ORD000680,PROD00091,2,1302.09,0.0,2604.18
ITEM0001443,ORD000681,PROD00005,1,246.43,0.0,246.43
ITEM0001444,ORD000681,PROD00178,2,7985.04,0.18,13095.47
ITEM0001445,ORD000681,PROD00094,3,6449.58,0.0,19348.74
ITEM0001446,ORD000682,PROD00250,2,4610.44,0.0,9220.88
ITEM0001447,ORD000682,PROD00184,1,1498.15,0.0,1498.15
ITEM0001448,ORD000683,PROD00017,1,9163.85,0.22,7147.8
ITEM0001449,ORD000683,PROD00228,1,1263.16,0.0,1263.16
ITEM0001450,ORD000684,PROD00101,1,1373.9,0.25,1030.43
ITEM0001451,ORD000685,PROD00045,1,4706.05,0.0,4706.05
ITEM0001452,ORD000686,PROD00281,1,7979.23,0.0,7979.23
ITEM0001453,ORD000686,PROD00166,4,7134.8,0.06,26826.85
ITEM0001454,ORD000687,PROD00300,1,1343.36,0.0,1343.36
ITEM0001455,ORD000687,PROD00143,1,1075.34,0.3,752.74
ITEM0001456,ORD000688,PROD00248,1,10128.22,0.0,10128.22
ITEM0001457,ORD000689,PROD00104,3,2043.03,0.0,6129.09
ITEM0001458,ORD000689,PROD00001,2,9272.65,0.0,18545.3
ITEM0001459,ORD000690,PROD00274,2,5633.46,0.17,9351.54
ITEM0001460,ORD000690,PROD00242,1,2496.43,0.0,2496.43
ITEM0001461,ORD000691,PROD00071,1,534.87,0.0,534.87
ITEM0001462,ORD000691,PROD00182,1,3616.25,0.0,3616.25
ITEM0001463,ORD000692,PROD00066,4,899.86,0.0,3599.44
ITEM0001464,ORD000693,PROD00266,1,5956.89,0.09,5420.77
ITEM0001465,ORD000693,PROD00293,1,5361.88,0.0,5361.88
ITEM0001466,ORD000693,PROD00045,1,4706.05,0.21,3717.78
ITEM0001467,ORD000694,PROD00088,1,4559.98,0.03,4423.18
ITEM0001468,ORD000694,PROD00006,2,8153.69,0.12,14350.49
ITEM0001469,ORD000694,PROD00190,2,3528.69,0.0,7057.38
ITEM0001470,ORD000694,PROD00075,1,6662.95,0.0,6662.95
ITEM0001471,ORD000694,PROD00205,1,6283.38,0.0,6283.38
ITEM0001472,ORD000695,PROD00124,2,2025.14,0.0,4050.28
ITEM0001473,ORD000695,PROD00149,1,832.87,0.0,832.87
ITEM0001474,ORD000696,PROD00102,1,6509.4,0.0,6509.4
ITEM0001475,ORD000697,PROD00231,2,3622.68,0.0,7245.36
ITEM0001476,ORD000698,PROD00151,3,5518.05,0.22,12912.24
ITEM0001477,ORD000698,PROD00052,1,1689.78,0.0,1689.78
ITEM0001478,ORD000699,PROD00188,1,1657.41,0.27,1209.91
ITEM0001479,ORD000699,PROD00101,1,1373.9,0.0,1373.9
ITEM0001480,ORD000699,PROD00259,2,1489.83,0.0,2979.66
ITEM0001481,ORD000700,PROD00096,2,4639.15,0.01,9185.52
ITEM0001482,ORD000700,PROD00196,1,6703.46,0.0,6703.46
ITEM0001483,ORD000700,PROD00183,1,526.69,0.21,416.09
ITEM0001484,ORD000700,PROD00025,1,3078.83,0.0,3078.83
ITEM0001485,ORD000700,PROD00108,1,7407.37,0.08,6814.78
ITEM0001486,ORD000701,PROD00133,1,7313.64,0.0,7313.64
ITEM0001487,ORD000702,PROD00134,1,1127.73,0.0,1127.73
ITEM0001488,ORD000702,PROD00108,-1,7407.37,0.12,-6518.49
ITEM0001489,ORD000702,PROD00035,-1,2576.9,0.0,-2576.9
ITEM0001490,ORD000703,PROD00055,1,2678.2,0.0,2678.2
ITEM0001491,ORD000703,PROD00063,1,1083.33,0.17,899.16
ITEM0001492,ORD000704,PROD00290,1,1195.14,0.0,1195.14
ITEM0001493,ORD000704,PROD00287,2,6559.01,0.0,13118.02
ITEM0001494,ORD000705,PROD00066,1,899.86,0.0,899.86
ITEM0001495,ORD000705,PROD00269,4,2135.25,0.0,8541.0
ITEM0001496,ORD000706,PROD00005,1,246.43,0.0,246.43
ITEM0001497,ORD000706,PROD00226,2,648.79,0.0,1297.58
ITEM0001498,ORD000707,PROD00157,1,2525.54,0.0,2525.54
ITEM0001499,ORD000707,PROD00266,2,5956.89,0.0,11913.78
ITEM0001500,ORD000708,PROD00207,3,6547.46,0.0,19642.38
ITEM0001501,ORD000708,PROD00250,3,4610.44,0.0,13831.32
ITEM0001502,ORD000708,PROD00236,3,2661.51,0.0,7984.53
ITEM0001503,ORD000709,PROD00251,2,3365.3,0.0,6730.6
ITEM0001504,ORD000710,PROD00176,2,5492.71,0.13,9557.32
ITEM0001505,ORD000710,PROD00048,3,1926.71,0.1,5202.12
ITEM0001506,ORD000710,PROD00218,2,6300.23,0.0,12600.46
ITEM0001507,ORD000711,PROD00234,1,9552.76,0.0,9552.76
ITEM0001508,ORD000711,PROD00274,2,5633.46,0.0,11266.92
ITEM0001509,ORD000712,PROD00100,1,8661.69,0.0,8661.69
ITEM0001510,ORD000712,PROD00097,1,1492.36,0.0,1492.36
ITEM0001511,ORD000712,PROD00160,4,1750.19,0.0,7000.76
ITEM0001512,ORD000712,PROD00259,1,1489.83,0.0,1489.83
ITEM0001513,ORD000713,PROD00162,1,3555.3,0.0,3555.3
ITEM0001514,ORD000714,PROD00251,1,3365.3,0.2,2692.24
ITEM0001515,ORD000714,PROD00066,3,899.86,0.15,2294.64
ITEM0001516,ORD000715,PROD00144,2,9953.38,0.11,17717.02
ITEM0001517,ORD000715,PROD00034,1,2533.01,0.0,2533.01
ITEM0001518,ORD000715,PROD00195,1,9608.14,0.0,9608.14
ITEM0001519,ORD000715,PROD00166,2,7134.8,0.0,14269.6
ITEM0001520,ORD000715,PROD00113,1,3472.93,0.09,3160.37
ITEM0001521,ORD000716,PROD00158,1,8138.6,0.0,8138.6
ITEM0001522,ORD000717,PROD00128,1,4199.76,0.01,4157.76
ITEM0001523,ORD000717,PROD00235,2,1155.59,0.0,2311.18
ITEM0001524,ORD000717,PROD00229,1,726.54,0.0,726.54
ITEM0001525,ORD000718,PROD00022,3,1547.99,0.19,3761.62
ITEM0001526,ORD000719,PROD00120,1,1288.16,0.0,1288.16
ITEM0001527,ORD000719,PROD00250,1,4610.44,0.0,4610.44
ITEM0001528,ORD000719,PROD00287,1,6559.01,0.0,6559.01
ITEM0001529,ORD000719,PROD00058,1,4592.96,0.02,4501.1
ITEM0001530,ORD000720,PROD00141,1,4481.31,0.1,4033.18
ITEM0001531,ORD000720,PROD00094,1,6449.58,0.0,6449.58
ITEM0001532,ORD000721,PROD00070,2,6693.56,0.06,12583.89
ITEM0001533,ORD000721,PROD00224,1,8522.29,0.0,8522.29
ITEM0001534,ORD000722,PROD00257,3,1529.69,0.15,3900.71
ITEM0001535,ORD000723,PROD00270,1,4350.17,0.1,3915.15
ITEM0001536,ORD000723,PROD00252,2,910.14,0.14,1565.44
ITEM0001537,ORD000724,PROD00150,3,290.6,0.0,871.8
ITEM0001538,ORD000725,PROD00151,1,5518.05,0.0,5518.05
ITEM0001539,ORD000725,PROD00193,1,9202.76,0.05,8742.62
ITEM0001540,ORD000726,PROD00182,1,3616.25,0.0,3616.25
ITEM0001541,ORD000726,PROD00105,3,3095.41,0.2,7428.98
ITEM0001542,ORD000726,PROD00201,1,3944.29,0.0,3944.29
ITEM0001543,ORD000727,PROD00293,1,5361.88,0.0,5361.88
ITEM0001544,ORD000727,PROD00096,3,4639.15,0.1,12525.7
ITEM0001545,ORD000727,PROD00026,3,992.19,0.08,2738.44
ITEM0001546,ORD000727,PROD00087,1,4546.57,0.0,4546.57
ITEM0001547,ORD000727,PROD00049,4,5326.74,0.0,21306.96
ITEM0001548,ORD000728,PROD00145,2,5845.69,0.0,11691.38
ITEM0001549,ORD000728,PROD00292,1,5910.44,0.0,5910.44
ITEM0001550,ORD000728,PROD00277,1,556.92,0.19,451.11
ITEM0001551,ORD000729,PROD00245,1,6215.91,0.06,5842.96
ITEM0001552,ORD000729,PROD00278,1,629.94,0.0,629.94
ITEM0001553,ORD000729,PROD00291,1,1173.69,0.0,1173.69
ITEM0001554,ORD000730,PROD00101,1,1373.9,0.0,1373.9
ITEM0001555,ORD000730,PROD00035,4,2576.9,0.3,7215.32
ITEM0001556,ORD000730,PROD00102,3,6509.4,0.19,15817.84
ITEM0001557,ORD000730,PROD00156,1,1816.09,0.17,1507.35
ITEM0001558,ORD000731,PROD00126,4,10802.22,0.0,43208.88
ITEM0001559,ORD000731,PROD00026,1,992.19,0.17,823.52
ITEM0001560,ORD000731,PROD00025,4,3078.83,0.0,12315.32
ITEM0001561,ORD000731,PROD00054,4,5941.63,0.0,23766.52
ITEM0001562,ORD000732,PROD00094,3,6449.58,0.22,15092.02
ITEM0001563,ORD000732,PROD00105,1,3095.41,0.0,3095.41
ITEM0001564,ORD000732,PROD00150,3,290.6,0.0,871.8
ITEM0001565,ORD000733,PROD00247,3,7341.91,0.0,22025.73
ITEM0001566,ORD000733,PROD00246,2,8011.14,0.0,16022.28
ITEM0001567,ORD000734,PROD00151,2,5518.05,0.19,8939.24
ITEM0001568,ORD000734,PROD00018,2,2803.77,0.0,5607.54
ITEM0001569,ORD000735,PROD00069,1,1153.83,0.0,1153.83
ITEM0001570,ORD000736,PROD00011,2,2615.05,0.0,5230.1
ITEM0001571,ORD000737,PROD00116,1,3835.95,0.0,3835.95
ITEM0001572,ORD000738,PROD00141,1,4481.31,0.19,3629.86
ITEM0001573,ORD000738,PROD00164,1,5504.82,0.0,5504.82
ITEM0001574,ORD000738,PROD00048,1,1926.71,0.0,1926.71
ITEM0001575,ORD000739,PROD00273,3,4432.81,0.0,13298.43
ITEM0001576,ORD000740,PROD00110,1,7163.14,0.0,7163.14
ITEM0001577,ORD000741,PROD00238,1,7201.82,0.0,7201.82
ITEM0001578,ORD000741,PROD00100,3,8661.69,0.0,25985.07
ITEM0001579,ORD000742,PROD00195,2,9608.14,0.0,19216.28
ITEM0001580,ORD000743,PROD00251,2,3365.3,0.0,6730.6
ITEM0001581,ORD000743,PROD00225,1,6042.7,0.0,6042.7
ITEM0001582,ORD000743,PROD00142,1,8354.87,0.0,8354.87
ITEM0001583,ORD000744,PROD00101,1,1373.9,0.07,1277.73
ITEM0001584,ORD000744,PROD00257,2,311.97,0.29,442.99
ITEM0001585,ORD000744,PROD00175,2,8513.93,0.0,17027.86
ITEM0001586,ORD000745,PROD00277,1,556.92,0.0,556.92
ITEM0001587,ORD000745,PROD00156,2,1816.09,0.0,3632.18
ITEM0001588,ORD000746,PROD00100,2,8661.69,0.0,17323.38
ITEM0001589,ORD000746,PROD00073,1,9071.35,0.0,9071.35
ITEM0001590,ORD000747,PROD00014,2,1451.31,0.0,2902.62
ITEM0001591,ORD000747,PROD00252,1,910.14,0.09,828.23
ITEM0001592,ORD000748,PROD00198,3,1516.26,0.0,4548.78
ITEM0001593,ORD000748,PROD00134,2,1127.73,0.0,2255.46
ITEM0001594,ORD000749,PROD00058,1,4592.96,0.0,4592.96
ITEM0001595,ORD000749,PROD00236,1,2661.51,0.0,2661.51
ITEM0001596,ORD000749,PROD00216,1,3307.17,0.21,2612.66
ITEM0001597,ORD000749,PROD00002,1,231.58,0.09,210.74
ITEM0001598,ORD000750,PROD00228,1,1263.16,0.0,1263.16
ITEM0001599,ORD000750,PROD00218,1,6300.23,0.0,6300.23
ITEM0001600,ORD000751,PROD00220,1,6168.69,0.05,5860.26
ITEM0001601,ORD000751,PROD00258,1,5858.08,0.02,5740.92
ITEM0001602,ORD000752,PROD00271,2,439.58,0.0,879.16
ITEM0001603,ORD000753,PROD00123,1,2950.23,0.18,2419.19
ITEM0001604,ORD000753,PROD00115,2,3250.57,0.0,6501.14
ITEM0001605,ORD000754,PROD00101,1,1373.9,0.17,1140.34
ITEM0001606,ORD000754,PROD00205,1,6283.38,0.04,6032.04
ITEM0001607,ORD000755,PROD00108,1,7407.37,0.29,5259.23
ITEM0001608,ORD000755,PROD00194,1,535.55,0.07,498.06
ITEM0001609,ORD000755,PROD00121,1,11305.27,0.07,10513.9
ITEM0001610,ORD000755,PROD00069,1,1890.17,0.0,1890.17
ITEM0001611,ORD000755,PROD00131,3,576.16,0.0,1728.48
ITEM0001612,ORD000756,PROD00107,3,6282.37,0.0,18847.11
ITEM0001613,ORD000757,PROD00180,1,7030.69,0.0,7030.69
ITEM0001614,ORD000757,PROD00079,1,7182.12,0.0,7182.12
ITEM0001615,ORD000757,PROD00046,3,8988.77,0.0,26966.31
ITEM0001616,ORD000758,PROD00228,2,1263.16,0.0,2526.32
ITEM0001617,ORD000758,PROD00227,2,3250.8,0.0,6501.6
ITEM0001618,ORD000758,PROD00039,1,6419.63,0.0,6419.63
ITEM0001619,ORD000759,PROD00296,1,1188.71,0.15,1010.4
ITEM0001620,ORD000760,PROD00117,1,498.3,0.0,498.3
ITEM0001621,ORD000760,PROD00144,1,9953.38,0.0,9953.38
ITEM0001622,ORD000760,PROD00072,1,6999.91,0.0,6999.91
ITEM0001623,ORD000760,PROD00078,1,2028.86,0.0,2028.86
ITEM0001624,ORD000761,PROD00180,1,7030.69,0.0,7030.69
ITEM0001625,ORD000762,PROD00275,2,5765.78,0.02,11300.93
ITEM0001626,ORD000763,PROD00205,1,6283.38,0.0,6283.38
ITEM0001627,ORD000764,PROD00207,2,6547.46,0.0,13094.92
ITEM0001628,ORD000765,PROD00204,2,3352.35,0.0,6704.7
ITEM0001629,ORD000765,PROD00239,1,467.33,0.21,369.19
ITEM0001630,ORD000765,PROD00261,2,2154.14,0.0,4308.28
ITEM0001631,ORD000766,PROD00005,1,246.43,0.0,246.43
ITEM0001632,ORD000766,PROD00262,1,1460.84,0.28,1051.8
ITEM0001633,ORD000766,PROD00138,2,10725.29,0.09,19520.03
ITEM0001634,ORD000766,PROD00168,1,5760.76,0.0,5760.76
ITEM0001635,ORD000767,PROD00240,2,4510.78,0.0,9021.56
ITEM0001636,ORD000767,PROD00192,1,5116.05,0.29,3632.4
ITEM0001637,ORD000768,PROD00151,2,5518.05,0.0,11036.1
ITEM0001638,ORD000768,PROD00250,1,4610.44,0.18,3780.56
ITEM0001639,ORD000768,PROD00073,1,9071.35,0.0,9071.35
ITEM0001640,ORD000768,PROD00194,2,535.55,0.0,1071.1
ITEM0001641,ORD000768,PROD00124,1,2025.14,0.0,2025.14
ITEM0001642,ORD000769,PROD00236,2,2661.51,0.26,3939.03
ITEM0001643,ORD000770,PROD00241,2,2140.04,0.0,4280.08
ITEM0001644,ORD000770,PROD00276,2,8701.77,0.03,16881.43
ITEM0001645,ORD000771,PROD00194,2,535.55,0.0,1071.1
ITEM0001646,ORD000771,PROD00223,1,2430.88,0.05,2309.34
ITEM0001647,ORD000771,PROD00020,1,7970.85,0.02,7811.43
ITEM0001648,ORD000771,PROD00042,4,8235.83,0.0,32943.32
ITEM0001649,ORD000772,PROD00292,1,5910.44,0.0,5910.44
ITEM0001650,ORD000773,PROD00133,1,7313.64,0.0,7313.64
ITEM0001651,ORD000773,PROD00094,1,6449.58,0.0,6449.58
ITEM0001652,ORD000773,PROD00275,4,5765.78,0.0,23063.12
ITEM0001653,ORD000773,PROD00098,2,2402.47,0.17,3988.1
ITEM0001654,ORD000774,PROD00206,1,8632.13,0.0,8632.13
ITEM0001655,ORD000774,PROD00123,1,2950.23,0.0,2950.23
ITEM0001656,ORD000774,PROD00022,1,1547.99,0.0,1547.99
ITEM0001657,ORD000774,PROD00223,1,2430.88,0.0,2430.88
ITEM0001658,ORD000775,PROD00211,3,1624.33,0.0,4872.99
ITEM0001659,ORD000775,PROD00072,1,6999.91,0.0,6999.91
ITEM0001660,ORD000775,PROD00258,2,5858.08,0.0,11716.16
ITEM0001661,ORD000776,PROD00193,1,9202.76,0.0,9202.76
ITEM0001662,ORD000776,PROD00075,1,6662.95,0.0,6662.95
ITEM0001663,ORD000776,PROD00266,1,5956.89,0.27,4348.53
ITEM0001664,ORD000776,PROD00259,1,1489.83,0.0,1489.83
ITEM0001665,ORD000776,PROD00283,1,7427.34,0.0,7427.34
ITEM0001666,ORD000777,PROD00165,1,1721.94,0.0,1721.94
ITEM0001667,ORD000778,PROD00293,1,5361.88,0.0,5361.88
ITEM0001668,ORD000778,PROD00280,1,4625.83,0.17,3839.44
ITEM0001669,ORD000778,PROD00283,1,7427.34,0.08,6833.15
ITEM0001670,ORD000779,PROD00279,3,7168.01,0.11,19138.59
ITEM0001671,ORD000779,PROD00036,2,7308.78,0.0,14617.56
ITEM0001672,ORD000779,PROD00027,2,5723.51,0.0,11447.02
ITEM0001673,ORD000779,PROD00157,1,2525.54,0.0,2525.54
ITEM0001674,ORD000780,PROD00015,3,5418.41,0.01,16092.68
ITEM0001675,ORD000781,PROD00300,2,1343.36,0.0,2686.72
ITEM0001676,ORD000781,PROD00056,1,6326.27,0.04,6073.22
ITEM0001677,ORD000781,PROD00114,3,2295.26,0.0,6885.78
ITEM0001678,ORD000781,PROD00192,3,5116.05,0.0,15348.15
ITEM0001679,ORD000781,PROD00185,1,2719.98,0.0,2719.98
ITEM0001680,ORD000782,PROD00185,2,2719.98,0.0,5439.96
ITEM0001681,ORD000782,PROD00249,1,4279.09,0.0,4279.09
ITEM0001682,ORD000783,PROD00128,1,4199.76,0.09,3821.78
ITEM0001683,ORD000783,PROD00237,1,8123.36,0.0,8123.36
ITEM0001684,ORD000784,PROD00167,3,2019.38,0.0,6058.14
ITEM0001685,ORD000784,PROD00291,2,1173.69,0.24,1784.01
ITEM0001686,ORD000784,PROD00064,1,4268.27,0.0,4268.27
ITEM0001687,ORD000785,PROD00037,3,5435.74,0.09,14839.57
ITEM0001688,ORD000786,PROD00087,1,4546.57,0.0,4546.57
ITEM0001689,ORD000786,PROD00026,1,992.19,0.0,992.19
ITEM0001690,ORD000787,PROD00249,1,4279.09,0.28,3080.94
ITEM0001691,ORD000788,PROD00128,1,4199.76,0.16,3527.8
ITEM0001692,ORD000789,PROD00084,1,7622.23,0.0,7622.23
ITEM0001693,ORD000790,PROD00159,1,198.83,0.22,155.09
ITEM0001694,ORD000791,PROD00079,2,7182.12,0.0,14364.24
ITEM0001695,ORD000791,PROD00283,1,7427.34,0.01,7353.07
ITEM0001696,ORD000792,PROD00284,1,1981.58,0.0,1981.58
ITEM0001697,ORD000793,PROD00180,3,7030.69,0.0,21092.07
ITEM0001698,ORD000793,PROD00060,1,532.72,0.26,394.21
ITEM0001699,ORD000794,PROD00161,1,2894.21,0.0,2894.21
ITEM0001700,ORD000795,PROD00171,1,546.18,0.0,546.18
ITEM0001701,ORD000795,PROD00247,1,7341.91,0.21,5800.11
ITEM0001702,ORD000795,PROD00055,2,2678.2,0.29,3803.04
ITEM0001703,ORD000796,PROD00059,4,11784.91,0.0,47139.64
ITEM0001704,ORD000797,PROD00175,1,8513.93,0.0,8513.93
ITEM0001705,ORD000797,PROD00209,3,3816.19,0.0,11448.57
ITEM0001706,ORD000797,PROD00203,1,477.27,0.0,477.27
ITEM0001707,ORD000797,PROD00161,2,2894.21,0.0,5788.42
ITEM0001708,ORD000798,PROD00113,1,3472.93,0.13,3021.45
ITEM0001709,ORD000798,PROD00181,2,2887.17,0.0,5774.34
ITEM0001710,ORD000799,PROD00068,1,1589.23,0.03,1541.55
ITEM0001711,ORD000800,PROD00220,4,6168.69,0.0,24674.76
ITEM0001712,ORD000801,PROD00270,2,4350.17,0.0,8700.34
ITEM0001713,ORD000801,PROD00083,1,9425.24,0.0,9425.24
ITEM0001714,ORD000802,PROD00031,2,4066.81,0.06,7645.6
ITEM0001715,ORD000803,PROD00103,1,9136.07,0.1,8222.46
ITEM0001716,ORD000804,PROD00228,3,1263.16,0.0,3789.48
ITEM0001717,ORD000805,PROD00153,1,4010.2,0.17,3328.47
ITEM0001718,ORD000805,PROD00088,2,4559.98,0.0,9119.96
ITEM0001719,ORD000806,PROD00057,1,4595.24,0.0,4595.24
ITEM0001720,ORD000806,PROD00209,1,3816.19,0.1,3434.57
ITEM0001721,ORD000806,PROD00268,4,852.32,0.08,3136.54
ITEM0001722,ORD000807,PROD00161,2,2894.21,0.0,5788.42
ITEM0001723,ORD000808,PROD00158,1,8138.6,0.0,8138.6
ITEM0001724,ORD000808,PROD00245,1,6215.91,0.0,6215.91
ITEM0001725,ORD000809,PROD00209,1,3816.19,0.0,3816.19
ITEM0001726,ORD000809,PROD00029,1,5799.72,0.0,5799.72
ITEM0001727,ORD000810,PROD00077,1,7101.66,0.0,7101.66
ITEM0001728,ORD000811,PROD00171,1,546.18,0.0,546.18
ITEM0001729,ORD000812,PROD00054,1,5941.63,0.0,5941.63
ITEM0001730,ORD000813,PROD00281,1,7979.23,0.0,7979.23
ITEM0001731,ORD000814,PROD00232,1,3144.6,0.2,2515.68
ITEM0001732,ORD000814,PROD00061,1,4205.57,0.0,4205.57
ITEM0001733,ORD000814,PROD00253,2,791.63,0.0,1583.26
ITEM0001734,ORD000815,PROD00185,1,2719.98,0.0,2719.98
ITEM0001735,ORD000816,PROD00195,2,9608.14,0.0,19216.28
ITEM0001736,ORD000816,PROD00243,1,6308.05,0.0,6308.05
ITEM0001737,ORD000817,PROD00004,2,4097.38,0.0,8194.76
ITEM0001738,ORD000817,PROD00252,-1,910.14,0.0,-910.14
ITEM0001739,ORD000818,PROD00192,1,5116.05,0.0,5116.05
ITEM0001740,ORD000819,PROD00053,1,7229.99,0.0,7229.99
ITEM0001741,ORD000819,PROD00184,1,1498.15,0.16,1258.45
ITEM0001742,ORD000819,PROD00197,1,8766.75,0.14,7539.4
ITEM0001743,ORD000819,PROD00219,2,344.65,0.16,579.01
ITEM0001744,ORD000820,PROD00267,1,3457.61,0.0,3457.61
ITEM0001745,ORD000821,PROD00072,3,6999.91,0.29,14909.81
ITEM0001746,ORD000822,PROD00017,1,9163.85,0.0,9163.85
ITEM0001747,ORD000823,PROD00142,1,8354.87,0.0,8354.87
ITEM0001748,ORD000823,PROD00004,1,4097.38,0.0,4097.38
ITEM0001749,ORD000823,PROD00064,2,4268.27,0.0,8536.54
ITEM0001750,ORD000823,PROD00263,1,4979.64,0.0,4979.64
ITEM0001751,ORD000824,PROD00194,1,535.55,0.24,407.02
ITEM0001752,ORD000824,PROD00086,1,5791.83,0.0,5791.83
ITEM0001753,ORD000825,PROD00166,1,7134.8,0.04,6849.41
ITEM0001754,ORD000825,PROD00023,1,3506.84,0.0,3506.84
ITEM0001755,ORD000826,PROD00168,2,5760.76,0.0,11521.52
ITEM0001756,ORD000827,PROD00188,1,1657.41,0.0,1657.41
ITEM0001757,ORD000827,PROD00177,3,5446.6,0.17,13562.03
ITEM0001758,ORD000828,PROD00190,1,3528.69,0.0,3528.69
ITEM0001759,ORD000828,PROD00223,1,2430.88,0.0,2430.88
ITEM0001760,ORD000828,PROD00032,2,301.12,0.0,602.24
ITEM0001761,ORD000829,PROD00240,1,4510.78,0.0,4510.78
ITEM0001762,ORD000829,PROD00133,2,7313.64,0.0,14627.28
ITEM0001763,ORD000830,PROD00047,2,1589.57,0.0,3179.14
ITEM0001764,ORD000831,PROD00223,1,2430.88,0.0,2430.88
ITEM0001765,ORD000831,PROD00081,2,2624.19,0.27,3831.32
ITEM0001766,ORD000831,PROD00021,1,6443.82,0.0,6443.82
ITEM0001767,ORD000832,PROD00094,1,6449.58,0.0,6449.58
ITEM0001768,ORD000832,PROD00237,2,8123.36,0.0,16246.72
ITEM0001769,ORD000833,PROD00294,1,8182.59,0.17,6791.55
ITEM0001770,ORD000833,PROD00167,1,2019.38,0.0,2019.38
ITEM0001771,ORD000834,PROD00139,2,5962.8,0.0,11925.6
ITEM0001772,ORD000835,PROD00084,1,7622.23,0.15,6478.9
ITEM0001773,ORD000836,PROD00224,1,8522.29,0.0,8522.29
ITEM0001774,ORD000836,PROD00217,1,260.84,0.0,260.84
ITEM0001775,ORD000837,PROD00041,1,3958.75,0.0,3958.75
ITEM0001776,ORD000837,PROD00265,1,4207.25,0.19,3407.87
ITEM0001777,ORD000837,PROD00135,1,2086.2,0.0,2086.2
ITEM0001778,ORD000838,PROD00172,1,734.93,0.1,661.44
ITEM0001779,ORD000839,PROD00260,1,8617.38,0.0,8617.38
ITEM0001780,ORD000840,PROD00103,1,9136.07,0.0,9136.07
ITEM0001781,ORD000840,PROD00147,1,4961.76,0.0,4961.76
ITEM0001782,ORD000840,PROD00175,2,8513.93,0.1,15325.07
ITEM0001783,ORD000840,PROD00181,1,2887.17,0.0,2887.17
ITEM0001784,ORD000841,PROD00216,3,3307.17,0.0,9921.51
ITEM0001785,ORD000841,PROD00273,2,4432.81,0.0,8865.62
ITEM0001786,ORD000841,PROD00078,4,2028.86,0.0,8115.44
ITEM0001787,ORD000842,PROD00165,1,1721.94,0.0,1721.94
ITEM0001788,ORD000843,PROD00040,1,3631.49,0.0,3631.49
ITEM0001789,ORD000843,PROD00092,3,1552.76,0.06,4378.78
ITEM0001790,ORD000844,PROD00092,1,1552.76,0.18,1273.26
ITEM0001791,ORD000845,PROD00285,1,2757.81,0.0,2757.81
ITEM0001792,ORD000846,PROD00085,1,1960.53,0.0,1960.53
ITEM0001793,ORD000847,PROD00066,1,899.86,0.0,899.86
ITEM0001794,ORD000847,PROD00244,1,4549.33,0.0,4549.33
ITEM0001795,ORD000847,PROD00064,2,4268.27,0.0,8536.54
ITEM0001796,ORD000848,PROD00282,1,3504.39,0.0,3504.39
ITEM0001797,ORD000848,PROD00041,2,3958.75,0.0,7917.5
ITEM0001798,ORD000849,PROD00092,1,1552.76,0.0,1552.76
ITEM0001799,ORD000850,PROD00202,1,1016.59,0.0,1016.59
ITEM0001800,ORD000851,PROD00021,1,6443.82,0.25,4832.86
ITEM0001801,ORD000851,PROD00097,1,1492.36,0.26,1104.35
ITEM0001802,ORD000852,PROD00127,1,5321.52,0.03,5161.87
ITEM0001803,ORD000852,PROD00174,1,4285.14,0.28,3085.3
ITEM0001804,ORD000853,PROD00083,2,9425.24,0.0,18850.48
ITEM0001805,ORD000853,PROD00111,1,5596.44,0.0,5596.44
ITEM0001806,ORD000854,PROD00008,2,5338.8,0.16,8969.18
ITEM0001807,ORD000854,PROD00041,1,3958.75,0.0,3958.75
ITEM0001808,ORD000855,PROD00254,3,3623.42,0.17,9022.32
ITEM0001809,ORD000855,PROD00112,2,3435.2,0.3,4809.28
ITEM0001810,ORD000856,PROD00291,1,1173.69,0.27,856.79
ITEM0001811,ORD000857,PROD00089,1,781.78,0.0,781.78
ITEM0001812,ORD000858,PROD00019,1,2406.67,0.0,2406.67
ITEM0001813,ORD000858,PROD00254,2,3623.42,0.0,7246.84
ITEM0001814,ORD000859,PROD00232,1,3144.6,0.0,3144.6
ITEM0001815,ORD000859,PROD00243,1,6308.05,0.0,6308.05
ITEM0001816,ORD000859,PROD00206,1,8632.13,0.0,8632.13
ITEM0001817,ORD000859,PROD00273,1,4432.81,0.0,4432.81
ITEM0001818,ORD000860,PROD00046,1,8988.77,0.02,8808.99
ITEM0001819,ORD000861,PROD00044,1,5424.36,0.0,5424.36
ITEM0001820,ORD000861,PROD00106,2,3963.99,0.22,6183.82
ITEM0001821,ORD000862,PROD00103,1,9136.07,0.0,9136.07
ITEM0001822,ORD000863,PROD00024,3,10115.71,0.0,30347.13
ITEM0001823,ORD000864,PROD00237,1,8123.36,0.0,8123.36
ITEM0001824,ORD000864,PROD00280,4,4625.83,0.16,15542.79
ITEM0001825,ORD000864,PROD00097,4,1492.36,0.09,5432.19
ITEM0001826,ORD000865,PROD00052,1,1689.78,0.0,1689.78
ITEM0001827,ORD000866,PROD00087,1,4546.57,0.28,3273.53
ITEM0001828,ORD000866,PROD00218,1,6300.23,0.0,6300.23
ITEM0001829,ORD000866,PROD00263,1,4979.64,0.0,4979.64
ITEM0001830,ORD000867,PROD00300,1,1343.36,0.0,1343.36
ITEM0001831,ORD000867,PROD00054,1,5941.63,0.0,5941.63
ITEM0001832,ORD000868,PROD00041,2,3958.75,0.0,7917.5
ITEM0001833,ORD000869,PROD00083,4,9425.24,0.0,37700.96
ITEM0001834,ORD000870,PROD00131,1,576.16,0.0,576.16
ITEM0001835,ORD000870,PROD00156,1,1816.09,0.0,1816.09
ITEM0001836,ORD000870,PROD00113,2,3472.93,0.05,6598.57
ITEM0001837,ORD000871,PROD00204,1,3352.35,0.0,3352.35
ITEM0001838,ORD000871,PROD00275,4,5765.78,0.0,23063.12
ITEM0001839,ORD000872,PROD00189,2,7636.65,0.21,12065.91
ITEM0001840,ORD000873,PROD00205,1,6283.38,0.0,6283.38
ITEM0001841,ORD000873,PROD00232,2,3144.6,0.13,5471.6
ITEM0001842,ORD000873,PROD00010,1,2259.53,0.0,2259.53
ITEM0001843,ORD000874,PROD00158,2,8138.6,0.12,14323.94
ITEM0001844,ORD000875,PROD00275,-1,5765.78,0.0,-5765.78
ITEM0001845,ORD000875,PROD00240,1,4510.78,0.0,4510.78
ITEM0001846,ORD000875,PROD00127,1,5321.52,0.25,3991.14
ITEM0001847,ORD000875,PROD00040,1,3631.49,0.0,3631.49
ITEM0001848,ORD000876,PROD00029,1,5799.72,0.27,4233.8
ITEM0001849,ORD000877,PROD00001,1,9272.65,0.0,9272.65
ITEM0001850,ORD000877,PROD00121,1,11305.27,0.0,11305.27
ITEM0001851,ORD000878,PROD00189,1,7636.65,0.0,7636.65
ITEM0001852,ORD000878,PROD00059,1,11784.91,0.0,11784.91
ITEM0001853,ORD000879,PROD00096,1,4639.15,0.0,4639.15
ITEM0001854,ORD000880,PROD00228,2,1263.16,0.02,2475.79
ITEM0001855,ORD000880,PROD00121,1,11305.27,0.0,11305.27
ITEM0001856,ORD000881,PROD00117,2,498.3,0.23,767.38
ITEM0001857,ORD000881,PROD00081,1,2624.19,0.0,2624.19
ITEM0001858,ORD000882,PROD00109,1,7944.57,0.18,6514.55
ITEM0001859,ORD000883,PROD00160,2,1750.19,0.0,3500.38
ITEM0001860,ORD000883,PROD00196,2,6703.46,0.0,13406.92
ITEM0001861,ORD000884,PROD00255,1,7383.63,0.0,7383.63
ITEM0001862,ORD000885,PROD00101,1,1373.9,0.09,1250.25
ITEM0001863,ORD000885,PROD00264,2,8008.38,0.0,16016.76
ITEM0001864,ORD000885,PROD00167,2,2019.38,0.15,3432.95
ITEM0001865,ORD000885,PROD00096,2,4639.15,0.0,9278.3
ITEM0001866,ORD000886,PROD00131,1,576.16,0.0,576.16
ITEM0001867,ORD000886,PROD00234,1,9552.76,0.0,9552.76
ITEM0001868,ORD000887,PROD00062,2,5673.89,0.0,11347.78
ITEM0001869,ORD000888,PROD00004,4,4097.38,0.0,16389.52
ITEM0001870,ORD000889,PROD00040,1,3631.49,0.0,3631.49
ITEM0001871,ORD000889,PROD00236,1,2661.51,0.0,2661.51
ITEM0001872,ORD000889,PROD00172,1,734.93,0.0,734.93
ITEM0001873,ORD000889,PROD00011,4,2615.05,0.0,10460.2
ITEM0001874,ORD000890,PROD00009,2,5332.96,0.0,10665.92
ITEM0001875,ORD000891,PROD00103,2,9136.07,0.0,18272.14
ITEM0001876,ORD000891,PROD00238,3,7201.82,0.06,20309.13
ITEM0001877,ORD000892,PROD00134,2,1127.73,0.06,2120.13
ITEM0001878,ORD000892,PROD00261,2,2154.14,0.18,3532.79
ITEM0001879,ORD000892,PROD00157,1,2525.54,0.0,2525.54
ITEM0001880,ORD000892,PROD00198,1,1516.26,0.0,1516.26
ITEM0001881,ORD000893,PROD00046,2,8988.77,0.0,17977.54
ITEM0001882,ORD000893,PROD00288,2,2790.22,0.17,4631.77
ITEM0001883,ORD000893,PROD00049,2,5326.74,0.0,10653.48
ITEM0001884,ORD000893,PROD00214,2,8107.58,0.0,16215.16
ITEM0001885,ORD000894,PROD00152,3,1231.99,0.0,3695.97
ITEM0001886,ORD000895,PROD00062,1,5673.89,0.0,5673.89
ITEM0001887,ORD000895,PROD00064,4,4268.27,0.24,12975.54
ITEM0001888,ORD000896,PROD00168,4,5760.76,0.0,23043.04
ITEM0001889,ORD000896,PROD00215,1,379.53,0.0,379.53
ITEM0001890,ORD000897,PROD00290,1,1195.14,0.0,1195.14
ITEM0001891,ORD000897,PROD00044,2,5424.36,0.0,10848.72
ITEM0001892,ORD000898,PROD00189,2,7636.65,0.0,15273.3
ITEM0001893,ORD000899,PROD00232,1,3144.6,0.0,3144.6
ITEM0001894,ORD000899,PROD00172,2,734.93,0.0,1469.86
ITEM0001895,ORD000899,PROD00098,1,2402.47,0.23,1849.9
ITEM0001896,ORD000900,PROD00248,2,10128.22,0.29,14382.07
ITEM0001897,ORD000900,PROD00041,1,3958.75,0.0,3958.75
ITEM0001898,ORD000900,PROD00072,3,6999.91,0.19,17009.78
ITEM0001899,ORD000901,PROD00170,2,2498.28,0.0,4996.57
ITEM0001900,ORD000901,PROD00079,4,7182.12,0.0,28728.48
ITEM0001901,ORD000902,PROD00105,1,3095.41,0.05,2940.64
ITEM0001902,ORD000903,PROD00184,1,1498.15,0.0,1498.15
ITEM0001903,ORD000903,PROD00299,1,10649.19,0.28,7667.42
ITEM0001904,ORD000904,PROD00235,2,1155.59,0.0,2311.18
ITEM0001905,ORD000904,PROD00200,4,7131.42,0.25,21394.26
ITEM0001906,ORD000904,PROD00004,2,4097.38,0.05,7785.02
ITEM0001907,ORD000905,PROD00209,1,3816.19,0.0,3816.19
ITEM0001908,ORD000906,PROD00193,1,9202.76,0.0,9202.76
ITEM0001909,ORD000906,PROD00207,1,6547.46,0.0,6547.46
ITEM0001910,ORD000906,PROD00159,2,198.83,0.17,330.06
ITEM0001911,ORD000907,PROD00064,1,4268.27,0.04,4097.54
ITEM0001912,ORD000907,PROD00264,1,8008.38,0.0,8008.38
ITEM0001913,ORD000908,PROD00122,3,11549.43,0.0,34648.29
ITEM0001914,ORD000908,PROD00149,3,832.87,0.0,2498.61
ITEM0001915,ORD000909,PROD00039,2,6419.63,0.0,12839.26
ITEM0001916,ORD000909,PROD00128,3,4199.76,0.0,12599.28
ITEM0001917,ORD000909,PROD00001,4,9272.65,0.08,34123.35
ITEM0001918,ORD000910,PROD00145,1,5845.69,0.05,5553.41
ITEM0001919,ORD000911,PROD00086,1,5791.83,0.29,4112.2
ITEM0001920,ORD000911,PROD00267,1,3457.61,0.08,3181.0
ITEM0001921,ORD000911,PROD00210,1,6680.3,0.0,6680.3
ITEM0001922,ORD000912,PROD00210,2,6680.3,0.0,13360.6
ITEM0001923,ORD000912,PROD00270,2,4350.17,0.03,8439.33
ITEM0001924,ORD000913,PROD00120,1,1288.16,0.0,1288.16
ITEM0001925,ORD000913,PROD00008,4,5338.8,0.14,18365.47
ITEM0001926,ORD000914,PROD00125,1,5694.29,0.05,5409.58
ITEM0001927,ORD000915,PROD00138,1,10725.29,0.0,10725.29
ITEM0001928,ORD000916,PROD00274,1,5633.46,0.0,5633.46
ITEM0001929,ORD000916,PROD00120,1,1288.16,0.0,1288.16
ITEM0001930,ORD000916,PROD00061,1,4205.57,0.08,3869.12
ITEM0001931,ORD000916,PROD00257,1,1540.81,0.05,1463.77
ITEM0001932,ORD000917,PROD00052,2,1689.78,0.25,2534.67
ITEM0001933,ORD000918,PROD00267,2,3457.61,0.2,5532.18
ITEM0001934,ORD000918,PROD00062,2,5673.89,0.0,11347.78
ITEM0001935,ORD000918,PROD00062,2,5673.89,0.0,11347.78
ITEM0001936,ORD000918,PROD00024,1,10115.71,0.11,9002.98
ITEM0001937,ORD000919,PROD00204,1,3352.35,0.0,3352.35
ITEM0001938,ORD000919,PROD00139,4,5962.8,0.0,23851.2
ITEM0001939,ORD000920,PROD00173,1,2473.94,0.0,2473.94
ITEM0001940,ORD000920,PROD00203,1,477.27,0.0,477.27
ITEM0001941,ORD000921,PROD00238,1,7201.82,0.0,7201.82
ITEM0001942,ORD000921,PROD00240,1,4510.78,0.0,4510.78
ITEM0001943,ORD000922,PROD00040,3,3631.49,0.0,10894.47
ITEM0001944,ORD000923,PROD00256,2,256.57,0.0,513.14
ITEM0001945,ORD000924,PROD00007,2,7518.69,0.21,11879.53
ITEM0001946,ORD000924,PROD00001,4,9272.65,0.0,37090.6
ITEM0001947,ORD000924,PROD00265,1,4207.25,0.0,4207.25
ITEM0001948,ORD000924,PROD00041,2,3958.75,0.05,7521.62
ITEM0001949,ORD000924,PROD00048,2,1926.71,0.0,3853.42
ITEM0001950,ORD000925,PROD00152,1,1231.99,0.0,1231.99
ITEM0001951,ORD000926,PROD00076,2,6038.15,0.0,12076.3
ITEM0001952,ORD000926,PROD00297,3,10930.45,0.23,25249.34
ITEM0001953,ORD000927,PROD00215,1,379.53,0.07,352.96
ITEM0001954,ORD000927,PROD00004,1,4097.38,0.0,4097.38
ITEM0001955,ORD000928,PROD00102,2,6509.4,0.0,13018.8
ITEM0001956,ORD000928,PROD00200,-3,7131.42,0.0,-21394.26
ITEM0001957,ORD000929,PROD00055,1,2678.2,0.17,2222.91
ITEM0001958,ORD000929,PROD00212,1,7782.48,0.0,7782.48
ITEM0001959,ORD000929,PROD00070,2,6693.56,0.28,9638.73
ITEM0001960,ORD000930,PROD00159,2,198.83,0.27,290.29
ITEM0001961,ORD000931,PROD00294,1,8182.59,0.0,8182.59
ITEM0001962,ORD000931,PROD00131,3,576.16,0.0,1728.48
ITEM0001963,ORD000932,PROD00159,1,198.83,0.0,198.83
ITEM0001964,ORD000933,PROD00293,1,5361.88,0.0,5361.88
ITEM0001965,ORD000934,PROD00299,1,10649.19,0.0,10649.19
ITEM0001966,ORD000935,PROD00151,4,5518.05,0.0,22072.2
ITEM0001967,ORD000936,PROD00035,3,2576.9,0.0,7730.7
ITEM0001968,ORD000936,PROD00200,1,7131.42,0.28,5134.62
ITEM0001969,ORD000936,PROD00225,1,6042.7,0.0,6042.7
ITEM0001970,ORD000936,PROD00285,1,2757.81,0.15,2344.14
ITEM0001971,ORD000937,PROD00027,2,5723.51,0.0,11447.02
ITEM0001972,ORD000937,PROD00188,2,1657.41,0.0,3314.82
ITEM0001973,ORD000937,PROD00082,2,3992.96,0.0,7985.92
ITEM0001974,ORD000938,PROD00143,1,1075.34,0.0,1075.34
ITEM0001975,ORD000939,PROD00049,1,5326.74,0.28,3835.25
ITEM0001976,ORD000939,PROD00061,1,4205.57,0.01,4163.51
ITEM0001977,ORD000940,PROD00173,2,2350.48,0.0,4700.96
ITEM0001978,ORD000940,PROD00217,1,260.84,0.0,260.84
ITEM0001979,ORD000941,PROD00210,1,6680.3,0.1,6012.27
ITEM0001980,ORD000941,PROD00216,1,3307.17,0.0,3307.17
ITEM0001981,ORD000941,PROD00122,1,11549.43,0.18,9470.53
ITEM0001982,ORD000941,PROD00133,1,7313.64,0.13,6362.87
ITEM0001983,ORD000942,PROD00265,2,4207.25,0.0,8414.5
ITEM0001984,ORD000942,PROD00130,1,3445.25,0.05,3272.99
ITEM0001985,ORD000943,PROD00254,1,3623.42,0.0,3623.42
ITEM0001986,ORD000943,PROD00064,2,4268.27,0.0,8536.54
ITEM0001987,ORD000944,PROD00299,1,10649.19,0.0,10649.19
ITEM0001988,ORD000945,PROD00127,1,5321.52,0.13,4629.72
ITEM0001989,ORD000946,PROD00291,2,1173.69,0.0,2347.38
ITEM0001990,ORD000946,PROD00022,3,1547.99,0.0,4643.97
ITEM0001991,ORD000946,PROD00076,2,6038.15,0.0,12076.3
ITEM0001992,ORD000947,PROD00024,2,10115.71,0.0,20231.42
ITEM0001993,ORD000947,PROD00237,2,8123.36,0.0,16246.72
ITEM0001994,ORD000948,PROD00035,2,2576.9,0.27,3762.27
ITEM0001995,ORD000949,PROD00268,1,852.32,0.0,852.32
ITEM0001996,ORD000950,PROD00069,1,2746.29,0.0,2746.29
ITEM0001997,ORD000951,PROD00228,2,1263.16,0.0,2526.32
ITEM0001998,ORD000952,PROD00235,1,1155.59,0.0,1155.59
ITEM0001999,ORD000952,PROD00293,2,5361.88,0.24,8150.06
ITEM0002000,ORD000952,PROD00051,1,8693.03,0.0,8693.03
ITEM0002001,ORD000952,PROD00237,3,8123.36,0.0,24370.08
ITEM0002002,ORD000953,PROD00050,2,5338.68,0.0,10677.36
ITEM0002003,ORD000953,PROD00228,2,1263.16,0.0,2526.32
ITEM0002004,ORD000954,PROD00242,1,2496.43,0.0,2496.43
ITEM0002005,ORD000954,PROD00084,1,7622.23,0.16,6402.67
ITEM0002006,ORD000954,PROD00275,1,5765.78,0.12,5073.89
ITEM0002007,ORD000955,PROD00189,3,7636.65,0.0,22909.95
ITEM0002008,ORD000955,PROD00058,3,4592.96,0.0,13778.88
ITEM0002009,ORD000956,PROD00143,2,1075.34,0.0,2150.68
ITEM0002010,ORD000956,PROD00012,1,7089.43,0.0,7089.43
ITEM0002011,ORD000957,PROD00276,3,8701.77,0.0,26105.31
ITEM0002012,ORD000957,PROD00090,1,494.65,0.02,484.76
ITEM0002013,ORD000958,PROD00200,1,7131.42,0.0,7131.42
ITEM0002014,ORD000959,PROD00184,2,1498.15,0.06,2816.52
ITEM0002015,ORD000959,PROD00084,1,7622.23,0.0,7622.23
ITEM0002016,ORD000959,PROD00293,1,5361.88,0.0,5361.88
ITEM0002017,ORD000960,PROD00257,1,2728.09,0.05,2591.69
ITEM0002018,ORD000961,PROD00022,3,1547.99,0.0,4643.97
ITEM0002019,ORD000961,PROD00199,1,3657.98,0.0,3657.98
ITEM0002020,ORD000961,PROD00097,-1,1492.36,0.17,-1238.66
ITEM0002021,ORD000962,PROD00293,2,5361.88,0.19,8686.25
ITEM0002022,ORD000962,PROD00257,2,2506.86,0.12,4412.07
ITEM0002023,ORD000963,PROD00295,1,895.09,0.0,895.09
ITEM0002024,ORD000963,PROD00180,1,7030.69,0.1,6327.62
ITEM0002025,ORD000964,PROD00030,4,4937.89,0.18,16196.28
ITEM0002026,ORD000965,PROD00233,2,3164.97,0.29,4494.26
ITEM0002027,ORD000966,PROD00029,2,5799.72,0.0,11599.44
ITEM0002028,ORD000967,PROD00196,2,6703.46,0.0,13406.92
ITEM0002029,ORD000967,PROD00230,3,8026.94,0.0,24080.82
ITEM0002030,ORD000968,PROD00096,1,4639.15,0.0,4639.15
ITEM0002031,ORD000968,PROD00291,1,1173.69,0.06,1103.27
ITEM0002032,ORD000968,PROD00165,1,1721.94,0.0,1721.94
ITEM0002033,ORD000969,PROD00201,2,3944.29,0.0,7888.58
ITEM0002034,ORD000969,PROD00234,1,9552.76,0.0,9552.76
ITEM0002035,ORD000970,PROD00143,1,1075.34,0.0,1075.34
ITEM0002036,ORD000970,PROD00073,1,9071.35,0.0,9071.35
ITEM0002037,ORD000970,PROD00188,1,1657.41,0.0,1657.41
ITEM0002038,ORD000970,PROD00193,1,9202.76,0.0,9202.76
ITEM0002039,ORD000971,PROD00060,4,532.72,0.0,2130.88
ITEM0002040,ORD000972,PROD00288,2,2790.22,0.22,4352.74
ITEM0002041,ORD000972,PROD00226,1,648.79,0.28,467.13
ITEM0002042,ORD000973,PROD00174,2,4285.14,0.0,8570.28
ITEM0002043,ORD000974,PROD00188,1,1657.41,0.0,1657.41
ITEM0002044,ORD000974,PROD00071,1,534.87,0.0,534.87
ITEM0002045,ORD000974,PROD00066,2,899.86,0.0,1799.72
ITEM0002046,ORD000975,PROD00205,1,6283.38,0.0,6283.38
ITEM0002047,ORD000976,PROD00107,1,6282.37,0.0,6282.37
ITEM0002048,ORD000976,PROD00272,1,7587.4,0.0,7587.4
ITEM0002049,ORD000976,PROD00141,1,4481.31,0.2,3585.05
ITEM0002050,ORD000976,PROD00228,3,1263.16,0.18,3107.37
ITEM0002051,ORD000976,PROD00040,4,3631.49,0.06,13654.4
ITEM0002052,ORD000977,PROD00092,1,1552.76,0.28,1117.99
ITEM0002053,ORD000977,PROD00210,2,6680.3,0.0,13360.6
ITEM0002054,ORD000978,PROD00145,-2,5845.69,0.0,-11691.38
ITEM0002055,ORD000979,PROD00016,2,6005.27,0.14,10329.06
ITEM0002056,ORD000979,PROD00207,1,6547.46,0.12,5761.76
ITEM0002057,ORD000980,PROD00048,1,1926.71,0.0,1926.71
ITEM0002058,ORD000980,PROD00059,1,11784.91,0.0,11784.91
ITEM0002059,ORD000981,PROD00120,2,1288.16,0.0,2576.32
ITEM0002060,ORD000981,PROD00248,2,10128.22,0.0,20256.44
ITEM0002061,ORD000981,PROD00221,2,901.85,0.0,1803.7
ITEM0002062,ORD000981,PROD00130,1,3445.25,0.0,3445.25
ITEM0002063,ORD000982,PROD00254,1,3623.42,0.1,3261.08
ITEM0002064,ORD000982,PROD00213,1,9402.56,0.0,9402.56
ITEM0002065,ORD000982,PROD00172,1,734.93,0.06,690.83
ITEM0002066,ORD000983,PROD00135,4,2086.2,0.11,7426.87
ITEM0002067,ORD000983,PROD00185,2,2719.98,0.0,5439.96
ITEM0002068,ORD000983,PROD00101,3,1373.9,0.0,4121.7
ITEM0002069,ORD000984,PROD00093,1,3802.74,0.21,3004.16
ITEM0002070,ORD000985,PROD00257,1,600.75,0.18,492.62
ITEM0002071,ORD000985,PROD00274,1,5633.46,0.09,5126.45
ITEM0002072,ORD000986,PROD00249,1,4279.09,0.0,4279.09
ITEM0002073,ORD000987,PROD00118,3,8273.55,0.0,24820.65
ITEM0002074,ORD000987,PROD00034,1,2533.01,0.07,2355.7
ITEM0002075,ORD000988,PROD00135,2,2086.2,0.0,4172.4
ITEM0002076,ORD000988,PROD00006,1,8153.69,0.0,8153.69
ITEM0002077,ORD000988,PROD00255,1,7383.63,0.0,7383.63
ITEM0002078,ORD000989,PROD00262,1,1460.84,0.0,1460.84
ITEM0002079,ORD000989,PROD00055,3,2678.2,0.0,8034.6
ITEM0002080,ORD000989,PROD00074,1,9420.21,0.0,9420.21
ITEM0002081,ORD000989,PROD00269,1,2135.25,0.0,2135.25
ITEM0002082,ORD000990,PROD00032,1,301.12,0.01,298.11
ITEM0002083,ORD000990,PROD00269,1,2135.25,0.0,2135.25
ITEM0002084,ORD000990,PROD00218,1,6300.23,0.1,5670.21
ITEM0002085,ORD000991,PROD00284,1,1981.58,0.08,1823.05
ITEM0002086,ORD000991,PROD00125,1,5694.29,0.21,4498.49
ITEM0002087,ORD000991,PROD00022,1,1547.99,0.0,1547.99
ITEM0002088,ORD000991,PROD00126,2,10802.22,0.18,17715.64
ITEM0002089,ORD000992,PROD00071,1,534.87,0.02,524.17
ITEM0002090,ORD000993,PROD00260,1,8617.38,0.0,8617.38
ITEM0002091,ORD000993,PROD00017,1,9163.85,0.21,7239.44
ITEM0002092,ORD000993,PROD00085,-4,1960.53,0.0,-7842.12
ITEM0002093,ORD000993,PROD00276,3,8701.77,0.0,26105.31
ITEM0002094,ORD000993,PROD00040,2,3631.49,0.06,6827.2
ITEM0002095,ORD000994,PROD00014,1,1451.31,0.0,1451.31
ITEM0002096,ORD000994,PROD00261,2,2154.14,0.0,4308.28
ITEM0002097,ORD000994,PROD00132,3,5296.2,0.0,15888.6
ITEM0002098,ORD000995,PROD00040,2,3631.49,0.3,5084.09
ITEM0002099,ORD000995,PROD00119,1,9197.85,0.0,9197.85
ITEM0002100,ORD000996,PROD00229,2,726.54,0.14,1249.65
ITEM0002101,ORD000997,PROD00176,1,5492.71,0.0,5492.71
ITEM0002102,ORD000998,PROD00175,2,8513.93,0.0,17027.86
ITEM0002103,ORD000998,PROD00071,1,534.87,0.0,534.87
ITEM0002104,ORD000998,PROD00041,1,3958.75,0.11,3523.29
ITEM0002105,ORD000999,PROD00101,2,1373.9,0.0,2747.8
ITEM0002106,ORD000999,PROD00245,1,6215.91,0.0,6215.91
ITEM0002107,ORD001000,PROD00169,1,5358.09,0.0,5358.09
ITEM0002108,ORD001000,PROD00030,1,4937.89,0.21,3900.93
ITEM0002109,ORD001000,PROD00096,2,4639.15,0.0,9278.3
ITEM0002110,ORD001001,PROD00154,2,5526.27,0.1,9947.29
ITEM0002111,ORD001001,PROD00225,1,6042.7,0.0,6042.7
ITEM0002112,ORD001001,PROD00213,2,9402.56,0.06,17676.81
ITEM0002113,ORD001002,PROD00081,1,2624.19,0.0,2624.19
ITEM0002114,ORD001003,PROD00119,1,9197.85,0.0,9197.85
ITEM0002115,ORD001003,PROD00147,1,4961.76,0.0,4961.76
ITEM0002116,ORD001003,PROD00007,2,7518.69,0.0,15037.38
ITEM0002117,ORD001004,PROD00177,1,5446.6,0.0,5446.6
ITEM0002118,ORD001004,PROD00096,2,4639.15,0.0,9278.3
ITEM0002119,ORD001005,PROD00037,2,5435.74,0.0,10871.48
ITEM0002120,ORD001006,PROD00089,1,781.78,0.24,594.15
ITEM0002121,ORD001006,PROD00265,4,4207.25,0.0,16829.0
ITEM0002122,ORD001006,PROD00223,4,2430.88,0.27,7098.17
ITEM0002123,ORD001007,PROD00253,1,791.63,0.0,791.63
ITEM0002124,ORD001008,PROD00002,2,231.58,0.0,463.16
ITEM0002125,ORD001008,PROD00208,2,4099.5,0.07,7625.07
ITEM0002126,ORD001009,PROD00177,1,5446.6,0.0,5446.6
ITEM0002127,ORD001009,PROD00014,1,1451.31,0.26,1073.97
ITEM0002128,ORD001009,PROD00261,1,2154.14,0.0,2154.14
ITEM0002129,ORD001010,PROD00072,1,6999.91,0.11,6229.92
ITEM0002130,ORD001011,PROD00278,1,629.94,0.0,629.94
ITEM0002131,ORD001012,PROD00026,1,992.19,0.0,992.19
ITEM0002132,ORD001012,PROD00197,1,8766.75,0.0,8766.75
ITEM0002133,ORD001012,PROD00008,3,5338.8,0.0,16016.4
ITEM0002134,ORD001012,PROD00093,1,3802.74,0.0,3802.74
ITEM0002135,ORD001012,PROD00290,2,1195.14,0.0,2390.28
ITEM0002136,ORD001013,PROD00291,1,1173.69,0.0,1173.69
ITEM0002137,ORD001013,PROD00207,1,6547.46,0.0,6547.46
ITEM0002138,ORD001014,PROD00220,2,6168.69,0.0,12337.38
ITEM0002139,ORD001014,PROD00101,1,1373.9,0.0,1373.9
ITEM0002140,ORD001015,PROD00079,2,7182.12,0.1,12927.82
ITEM0002141,ORD001016,PROD00103,1,9136.07,0.0,9136.07
ITEM0002142,ORD001016,PROD00032,3,301.12,0.0,903.36
ITEM0002143,ORD001016,PROD00141,3,4481.31,0.0,13443.93
ITEM0002144,ORD001016,PROD00132,2,5296.2,0.0,10592.4
ITEM0002145,ORD001016,PROD00154,1,5526.27,0.0,5526.27
ITEM0002146,ORD001017,PROD00131,1,576.16,0.04,553.11
ITEM0002147,ORD001017,PROD00259,1,1489.83,0.0,1489.83
ITEM0002148,ORD001017,PROD00007,2,7518.69,0.0,15037.38
ITEM0002149,ORD001018,PROD00135,1,2086.2,0.0,2086.2
ITEM0002150,ORD001018,PROD00050,1,5338.68,0.0,5338.68
ITEM0002151,ORD001018,PROD00092,1,1552.76,0.0,1552.76
ITEM0002152,ORD001018,PROD00278,2,629.94,0.0,1259.88
ITEM0002153,ORD001018,PROD00085,2,1960.53,0.0,3921.06
ITEM0002154,ORD001019,PROD00138,1,10725.29,0.0,10725.29
ITEM0002155,ORD001019,PROD00242,1,2496.43,0.0,2496.43
ITEM0002156,ORD001019,PROD00216,4,3307.17,0.0,13228.68
ITEM0002157,ORD001020,PROD00019,1,2406.67,0.0,2406.67
ITEM0002158,ORD001020,PROD00063,1,1083.33,0.0,1083.33
ITEM0002159,ORD001021,PROD00123,2,2950.23,0.0,5900.46
ITEM0002160,ORD001022,PROD00296,1,1188.71,0.0,1188.71
ITEM0002161,ORD001023,PROD00200,4,7131.42,0.03,27669.91
ITEM0002162,ORD001023,PROD00178,2,7985.04,0.0,15970.08
ITEM0002163,ORD001024,PROD00247,1,7341.91,0.14,6314.04
ITEM0002164,ORD001025,PROD00057,1,4595.24,0.22,3584.29
ITEM0002165,ORD001025,PROD00099,1,6088.4,0.0,6088.4
ITEM0002166,ORD001026,PROD00199,1,3657.98,0.0,3657.98
ITEM0002167,ORD001027,PROD00278,1,629.94,0.0,629.94
ITEM0002168,ORD001027,PROD00153,3,4010.2,0.0,12030.6
ITEM0002169,ORD001028,PROD00083,4,9425.24,0.3,26390.67
ITEM0002170,ORD001028,PROD00034,1,2533.01,0.29,1798.44
ITEM0002171,ORD001029,PROD00250,2,4610.44,0.0,9220.88
ITEM0002172,ORD001030,PROD00023,1,3506.84,0.25,2630.13
ITEM0002173,ORD001031,PROD00296,1,1188.71,0.0,1188.71
ITEM0002174,ORD001032,PROD00085,2,1960.53,0.0,3921.06
ITEM0002175,ORD001032,PROD00001,1,9272.65,0.0,9272.65
ITEM0002176,ORD001032,PROD00223,2,2430.88,0.0,4861.76
ITEM0002177,ORD001032,PROD00185,1,2719.98,0.03,2638.38
ITEM0002178,ORD001033,PROD00096,1,4639.15,0.0,4639.15
ITEM0002179,ORD001033,PROD00009,4,5332.96,0.0,21331.84
ITEM0002180,ORD001033,PROD00113,1,3472.93,0.01,3438.2
ITEM0002181,ORD001033,PROD00115,4,3250.57,0.0,13002.28
ITEM0002182,ORD001034,PROD00297,3,10930.45,0.15,27872.65
ITEM0002183,ORD001034,PROD00297,1,10930.45,0.0,10930.45
ITEM0002184,ORD001034,PROD00244,1,4549.33,0.0,4549.33
ITEM0002185,ORD001034,PROD00129,3,2500.46,0.0,7501.38
ITEM0002186,ORD001034,PROD00196,3,6703.46,0.0,20110.38
ITEM0002187,ORD001035,PROD00291,3,1173.69,0.0,3521.07
ITEM0002188,ORD001036,PROD00271,2,439.58,0.0,879.16
ITEM0002189,ORD001036,PROD00180,1,7030.69,0.0,7030.69
ITEM0002190,ORD001036,PROD00236,1,2661.51,0.0,2661.51
ITEM0002191,ORD001037,PROD00149,2,832.87,0.26,1232.65
ITEM0002192,ORD001038,PROD00120,1,1288.16,0.0,1288.16
ITEM0002193,ORD001039,PROD00096,1,4639.15,0.28,3340.19
ITEM0002194,ORD001039,PROD00227,1,3250.8,0.0,3250.8
ITEM0002195,ORD001039,PROD00299,2,10649.19,0.0,21298.38
ITEM0002196,ORD001039,PROD00257,1,1759.36,0.0,1759.36
ITEM0002197,ORD001040,PROD00252,-1,910.14,0.0,-910.14
ITEM0002198,ORD001040,PROD00146,1,504.1,0.0,504.1
ITEM0002199,ORD001040,PROD00113,1,3472.93,0.0,3472.93
ITEM0002200,ORD001040,PROD00134,1,1127.73,0.0,1127.73
ITEM0002201,ORD001041,PROD00271,1,439.58,0.01,435.18
ITEM0002202,ORD001042,PROD00117,1,498.3,0.21,393.66
ITEM0002203,ORD001042,PROD00061,1,4205.57,0.0,4205.57
ITEM0002204,ORD001042,PROD00005,1,246.43,0.27,179.89
ITEM0002205,ORD001043,PROD00293,1,5361.88,0.0,5361.88
ITEM0002206,ORD001043,PROD00040,1,3631.49,0.0,3631.49
ITEM0002207,ORD001043,PROD00076,1,6038.15,0.0,6038.15
ITEM0002208,ORD001044,PROD00148,1,3870.28,0.0,3870.28
ITEM0002209,ORD001044,PROD00159,1,198.83,0.0,198.83
ITEM0002210,ORD001045,PROD00280,2,4625.83,0.0,9251.66
ITEM0002211,ORD001045,PROD00169,2,5358.09,0.0,10716.18
ITEM0002212,ORD001045,PROD00023,3,3506.84,0.0,10520.52
ITEM0002213,ORD001045,PROD00150,1,290.6,0.21,229.57
ITEM0002214,ORD001046,PROD00008,3,5338.8,0.07,14895.25
ITEM0002215,ORD001046,PROD00068,2,1589.23,0.0,3178.46
ITEM0002216,ORD001047,PROD00274,2,5633.46,0.11,10027.56
ITEM0002217,ORD001047,PROD00070,1,6693.56,0.0,6693.56
ITEM0002218,ORD001048,PROD00294,2,8182.59,0.22,12764.84
ITEM0002219,ORD001049,PROD00014,2,1451.31,0.0,2902.62
ITEM0002220,ORD001049,PROD00193,1,9202.76,0.24,6994.1
ITEM0002221,ORD001049,PROD00218,1,6300.23,0.0,6300.23
ITEM0002222,ORD001049,PROD00164,2,5504.82,0.15,9358.19
ITEM0002223,ORD001050,PROD00260,1,8617.38,0.1,7755.64
ITEM0002224,ORD001050,PROD00211,1,1624.33,0.0,1624.33
ITEM0002225,ORD001051,PROD00121,2,11305.27,0.0,22610.54
ITEM0002226,ORD001051,PROD00240,2,4510.78,0.0,9021.56
ITEM0002227,ORD001051,PROD00090,1,494.65,0.0,494.65
ITEM0002228,ORD001052,PROD00027,1,5723.51,0.0,5723.51
ITEM0002229,ORD001053,PROD00134,2,1127.73,0.0,2255.46
ITEM0002230,ORD001053,PROD00185,1,2719.98,0.3,1903.99
ITEM0002231,ORD001053,PROD00070,1,6693.56,0.0,6693.56
ITEM0002232,ORD001053,PROD00264,2,8008.38,0.0,16016.76
ITEM0002233,ORD001054,PROD00261,1,2154.14,0.0,2154.14
ITEM0002234,ORD001054,PROD00081,1,2624.19,0.1,2361.77
ITEM0002235,ORD001054,PROD00256,1,256.57,0.02,251.44
ITEM0002236,ORD001055,PROD00017,1,9163.85,0.22,7147.8
ITEM0002237,ORD001056,PROD00006,1,8153.69,0.0,8153.69
ITEM0002238,ORD001056,PROD00043,1,1789.22,0.0,1789.22
ITEM0002239,ORD001057,PROD00041,1,3958.75,0.0,3958.75
ITEM0002240,ORD001058,PROD00280,4,4625.83,0.0,18503.32
ITEM0002241,ORD001058,PROD00250,1,4610.44,0.23,3550.04
ITEM0002242,ORD001059,PROD00162,2,3555.3,0.0,7110.6
ITEM0002243,ORD001059,PROD00217,1,260.84,0.22,203.46
ITEM0002244,ORD001060,PROD00054,1,5941.63,0.0,5941.63
ITEM0002245,ORD001060,PROD00201,4,3944.29,0.0,15777.16
ITEM0002246,ORD001061,PROD00084,1,7622.23,0.0,7622.23
ITEM0002247,ORD001061,PROD00127,1,5321.52,0.0,5321.52
ITEM0002248,ORD001062,PROD00230,1,8026.94,0.0,8026.94
ITEM0002249,ORD001063,PROD00061,1,4205.57,0.0,4205.57
ITEM0002250,ORD001063,PROD00294,2,8182.59,0.0,16365.18
ITEM0002251,ORD001064,PROD00041,3,3958.75,0.17,9857.29
ITEM0002252,ORD001064,PROD00012,1,7089.43,0.0,7089.43
ITEM0002253,ORD001065,PROD00204,1,3352.35,0.0,3352.35
ITEM0002254,ORD001065,PROD00198,1,1516.26,0.03,1470.77
ITEM0002255,ORD001066,PROD00248,3,10128.22,0.0,30384.66
ITEM0002256,ORD001067,PROD00177,1,5446.6,0.0,5446.6
ITEM0002257,ORD001067,PROD00094,4,6449.58,0.28,18574.79
ITEM0002258,ORD001068,PROD00213,2,9402.56,0.22,14667.99
ITEM0002259,ORD001068,PROD00211,1,1624.33,0.0,1624.33
ITEM0002260,ORD001069,PROD00263,1,4979.64,0.0,4979.64
ITEM0002261,ORD001070,PROD00229,3,726.54,0.0,2179.62
ITEM0002262,ORD001071,PROD00163,2,2745.97,0.0,5491.94
ITEM0002263,ORD001071,PROD00045,1,4706.05,0.0,4706.05
ITEM0002264,ORD001071,PROD00011,2,2615.05,0.0,5230.1
ITEM0002265,ORD001071,PROD00246,1,8011.14,0.0,8011.14
ITEM0002266,ORD001072,PROD00034,1,2533.01,0.0,2533.01
ITEM0002267,ORD001073,PROD00281,3,7979.23,0.0,23937.69
ITEM0002268,ORD001073,PROD00162,1,3555.3,0.17,2950.9
ITEM0002269,ORD001073,PROD00101,4,1373.9,0.02,5385.69
ITEM0002270,ORD001073,PROD00021,3,6443.82,0.0,19331.46
ITEM0002271,ORD001074,PROD00132,2,5296.2,0.0,10592.4
ITEM0002272,ORD001075,PROD00075,3,6662.95,0.0,19988.85
ITEM0002273,ORD001075,PROD00299,1,10649.19,0.0,10649.19
ITEM0002274,ORD001075,PROD00144,4,9953.38,0.0,39813.52
ITEM0002275,ORD001075,PROD00242,2,2496.43,0.17,4144.07
ITEM0002276,ORD001076,PROD00009,1,5332.96,0.03,5172.97
ITEM0002277,ORD001077,PROD00291,2,1173.69,0.2,1877.9
ITEM0002278,ORD001078,PROD00066,1,899.86,0.04,863.87
ITEM0002279,ORD001078,PROD00185,1,2719.98,0.03,2638.38
ITEM0002280,ORD001078,PROD00087,2,4546.57,0.22,7092.65
ITEM0002281,ORD001079,PROD00109,1,7944.57,0.0,7944.57
ITEM0002282,ORD001079,PROD00123,2,2950.23,0.0,5900.46
ITEM0002283,ORD001079,PROD00088,1,4559.98,0.0,4559.98
ITEM0002284,ORD001080,PROD00231,1,3622.68,0.0,3622.68
ITEM0002285,ORD001081,PROD00044,1,5424.36,0.0,5424.36
ITEM0002286,ORD001082,PROD00122,1,11549.43,0.1,10394.49
ITEM0002287,ORD001082,PROD00108,1,7407.37,0.0,7407.37
ITEM0002288,ORD001082,PROD00181,1,2887.17,0.16,2425.22
ITEM0002289,ORD001082,PROD00071,2,534.87,0.21,845.09
ITEM0002290,ORD001083,PROD00015,1,5418.41,0.0,5418.41
ITEM0002291,ORD001083,PROD00255,1,7383.63,0.17,6128.41
ITEM0002292,ORD001083,PROD00276,1,8701.77,0.0,8701.77
ITEM0002293,ORD001084,PROD00281,1,7979.23,0.12,7021.72
ITEM0002294,ORD001085,PROD00003,1,2902.0,0.0,2902.0
ITEM0002295,ORD001085,PROD00225,3,6042.7,0.0,18128.1
ITEM0002296,ORD001086,PROD00072,4,6999.91,0.0,27999.64
ITEM0002297,ORD001087,PROD00285,2,2757.81,0.0,5515.62
ITEM0002298,ORD001088,PROD00129,1,2500.46,0.0,2500.46
ITEM0002299,ORD001089,PROD00249,3,4279.09,0.0,12837.27
ITEM0002300,ORD001089,PROD00004,1,4097.38,0.0,4097.38
ITEM0002301,ORD001090,PROD00160,-1,1750.19,0.0,-1750.19
ITEM0002302,ORD001090,PROD00235,1,1155.59,0.0,1155.59
ITEM0002303,ORD001091,PROD00094,2,6449.58,0.0,12899.16
ITEM0002304,ORD001091,PROD00066,1,899.86,0.2,719.89
ITEM0002305,ORD001092,PROD00192,1,5116.05,0.11,4553.28
ITEM0002306,ORD001093,PROD00231,1,3622.68,0.08,3332.87
ITEM0002307,ORD001093,PROD00279,2,7168.01,0.2,11468.82
ITEM0002308,ORD001093,PROD00220,1,6168.69,0.0,6168.69
ITEM0002309,ORD001094,PROD00220,3,6168.69,0.0,18506.07
ITEM0002310,ORD001095,PROD00230,1,8026.94,0.0,8026.94
ITEM0002311,ORD001095,PROD00147,1,4961.76,0.0,4961.76
ITEM0002312,ORD001096,PROD00067,1,996.38,0.0,996.38
ITEM0002313,ORD001097,PROD00122,1,11549.43,0.16,9701.52
ITEM0002314,ORD001097,PROD00287,3,6559.01,0.0,19677.03
ITEM0002315,ORD001097,PROD00243,2,6308.05,0.18,10345.2
ITEM0002316,ORD001097,PROD00094,1,6449.58,0.0,6449.58
ITEM0002317,ORD001098,PROD00059,1,11784.91,0.18,9663.63
ITEM0002318,ORD001099,PROD00177,2,5446.6,0.0,10893.2
ITEM0002319,ORD001100,PROD00081,1,2624.19,0.04,2519.22
ITEM0002320,ORD001101,PROD00086,1,5791.83,0.0,5791.83
ITEM0002321,ORD001101,PROD00086,1,5791.83,0.0,5791.83
ITEM0002322,ORD001102,PROD00185,2,2719.98,0.0,5439.96
ITEM0002323,ORD001103,PROD00270,1,4350.17,0.21,3436.63
ITEM0002324,ORD001103,PROD00129,3,2500.46,0.0,7501.38
ITEM0002325,ORD001103,PROD00119,1,9197.85,0.0,9197.85
ITEM0002326,ORD001104,PROD00240,1,4510.78,0.0,4510.78
ITEM0002327,ORD001105,PROD00054,1,5941.63,0.01,5882.21
ITEM0002328,ORD001105,PROD00168,1,5760.76,0.0,5760.76
ITEM0002329,ORD001105,PROD00288,2,2790.22,0.0,5580.44
ITEM0002330,ORD001106,PROD00026,1,992.19,0.0,992.19
ITEM0002331,ORD001106,PROD00096,1,4639.15,0.12,4082.45
ITEM0002332,ORD001106,PROD00024,1,10115.71,0.0,10115.71
ITEM0002333,ORD001106,PROD00234,4,9552.76,0.0,38211.04
ITEM0002334,ORD001106,PROD00057,1,4595.24,0.0,4595.24
ITEM0002335,ORD001107,PROD00032,1,301.12,0.0,301.12
ITEM0002336,ORD001107,PROD00251,1,3365.3,0.0,3365.3
ITEM0002337,ORD001108,PROD00011,2,2615.05,0.0,5230.1
ITEM0002338,ORD001108,PROD00219,1,344.65,0.0,344.65
ITEM0002339,ORD001109,PROD00070,4,6693.56,0.21,21151.65
ITEM0002340,ORD001109,PROD00219,2,344.65,0.0,689.3
ITEM0002341,ORD001109,PROD00095,2,1505.02,0.17,2498.33
ITEM0002342,ORD001110,PROD00166,2,7134.8,0.0,14269.6
ITEM0002343,ORD001111,PROD00255,1,7383.63,0.0,7383.63
ITEM0002344,ORD001111,PROD00043,2,1789.22,0.28,2576.48
ITEM0002345,ORD001112,PROD00206,2,8632.13,0.19,13984.05
ITEM0002346,ORD001113,PROD00092,1,1552.76,0.0,1552.76
ITEM0002347,ORD001113,PROD00045,1,4706.05,0.0,4706.05
ITEM0002348,ORD001113,PROD00279,2,7168.01,0.0,14336.02
ITEM0002349,ORD001113,PROD00057,4,4595.24,0.0,18380.96
ITEM0002350,ORD001114,PROD00029,1,5799.72,0.0,5799.72
ITEM0002351,ORD001114,PROD00060,1,532.72,0.16,447.48
ITEM0002352,ORD001115,PROD00132,1,5296.2,0.19,4289.92
ITEM0002353,ORD001115,PROD00198,1,1516.26,0.0,1516.26
ITEM0002354,ORD001115,PROD00106,1,3963.99,0.0,3963.99
ITEM0002355,ORD001116,PROD00143,1,1075.34,0.0,1075.34
ITEM0002356,ORD001116,PROD00136,1,621.23,0.0,621.23
ITEM0002357,ORD001117,PROD00060,2,532.72,0.0,1065.44
ITEM0002358,ORD001117,PROD00285,1,2757.81,0.0,2757.81
ITEM0002359,ORD001118,PROD00178,2,7985.04,0.17,13255.17
ITEM0002360,ORD001119,PROD00264,2,8008.38,0.0,16016.76
ITEM0002361,ORD001120,PROD00257,2,1124.95,0.0,2249.9
ITEM0002362,ORD001120,PROD00058,1,4592.96,0.12,4041.8
ITEM0002363,ORD001121,PROD00110,1,7163.14,0.0,7163.14
ITEM0002364,ORD001121,PROD00105,1,3095.41,0.19,2507.28
ITEM0002365,ORD001121,PROD00024,2,10115.71,0.0,20231.42
ITEM0002366,ORD001122,PROD00167,1,2019.38,0.0,2019.38
ITEM0002367,ORD001122,PROD00111,1,5596.44,0.27,4085.4
ITEM0002368,ORD001123,PROD00087,1,4546.57,0.0,4546.57
ITEM0002369,ORD001123,PROD00122,-2,11549.43,0.0,-23098.86
ITEM0002370,ORD001124,PROD00295,1,895.09,0.0,895.09
ITEM0002371,ORD001124,PROD00011,1,2615.05,0.0,2615.05
ITEM0002372,ORD001125,PROD00054,1,5941.63,0.0,5941.63
ITEM0002373,ORD001126,PROD00167,2,2019.38,0.01,3998.37
ITEM0002374,ORD001126,PROD00111,2,5596.44,0.0,11192.88
ITEM0002375,ORD001126,PROD00183,2,526.69,0.0,1053.38
ITEM0002376,ORD001127,PROD00223,1,2430.88,0.08,2236.41
ITEM0002377,ORD001127,PROD00126,1,10802.22,0.0,10802.22
ITEM0002378,ORD001128,PROD00211,1,1624.33,0.0,1624.33
ITEM0002379,ORD001128,PROD00241,2,2432.53,0.26,3600.14
ITEM0002380,ORD001128,PROD00123,1,2950.23,0.0,2950.23
ITEM0002381,ORD001129,PROD00112,1,3435.2,0.0,3435.2
ITEM0002382,ORD001129,PROD00238,2,7201.82,0.0,14403.64
ITEM0002383,ORD001130,PROD00172,3,734.93,0.0,2204.79
ITEM0002384,ORD001131,PROD00060,1,532.72,0.0,532.72
ITEM0002385,ORD001131,PROD00186,3,1445.96,0.0,4337.88
ITEM0002386,ORD001131,PROD00258,3,5858.08,0.0,17574.24
ITEM0002387,ORD001132,PROD00010,1,2259.53,0.28,1626.86
ITEM0002388,ORD001132,PROD00177,2,5446.6,0.09,9912.81
ITEM0002389,ORD001133,PROD00153,3,4010.2,0.0,12030.6
ITEM0002390,ORD001134,PROD00181,1,2887.17,0.0,2887.17
ITEM0002391,ORD001134,PROD00010,4,2259.53,0.0,9038.12
ITEM0002392,ORD001135,PROD00015,2,5418.41,0.0,10836.82
ITEM0002393,ORD001135,PROD00156,3,1816.09,0.0,5448.27
ITEM0002394,ORD001135,PROD00217,1,260.84,0.11,232.15
ITEM0002395,ORD001136,PROD00127,1,5321.52,0.14,4576.51
ITEM0002396,ORD001136,PROD00112,2,3435.2,0.24,5221.5
ITEM0002397,ORD001137,PROD00207,1,6547.46,0.0,6547.46
ITEM0002398,ORD001137,PROD00078,2,2028.86,0.0,4057.72
ITEM0002399,ORD001138,PROD00124,1,2025.14,0.1,1822.63
ITEM0002400,ORD001138,PROD00253,1,791.63,0.1,712.47
ITEM0002401,ORD001138,PROD00053,4,7229.99,0.0,28919.96
ITEM0002402,ORD001138,PROD00243,1,6308.05,0.0,6308.05
ITEM0002403,ORD001138,PROD00022,2,1547.99,0.0,3095.98
ITEM0002404,ORD001139,PROD00053,1,7229.99,0.14,6217.79
ITEM0002405,ORD001140,PROD00088,1,4559.98,0.19,3693.58
ITEM0002406,ORD001140,PROD00215,1,379.53,0.0,379.53
ITEM0002407,ORD001141,PROD00214,1,8107.58,0.0,8107.58
ITEM0002408,ORD001141,PROD00105,1,3095.41,0.03,3002.55
ITEM0002409,ORD001142,PROD00070,2,6693.56,0.26,9906.47
ITEM0002410,ORD001142,PROD00283,1,7427.34,0.0,7427.34
ITEM0002411,ORD001142,PROD00068,2,1589.23,0.02,3114.89
ITEM0002412,ORD001143,PROD00115,1,3250.57,0.26,2405.42
ITEM0002413,ORD001143,PROD00159,1,198.83,0.0,198.83
ITEM0002414,ORD001143,PROD00191,1,4249.81,0.0,4249.81
ITEM0002415,ORD001143,PROD00207,1,6547.46,0.0,6547.46
ITEM0002416,ORD001144,PROD00285,3,2757.81,0.0,8273.43
ITEM0002417,ORD001144,PROD00261,1,2154.14,0.25,1615.6
ITEM0002418,ORD001145,PROD00078,1,2028.86,0.0,2028.86
ITEM0002419,ORD001146,PROD00213,1,9402.56,0.14,8086.2
ITEM0002420,ORD001146,PROD00197,1,8766.75,0.0,8766.75
ITEM0002421,ORD001146,PROD00107,4,6282.37,0.0,25129.48
ITEM0002422,ORD001146,PROD00283,2,7427.34,0.0,14854.68
ITEM0002423,ORD001147,PROD00080,3,862.91,0.0,2588.73
ITEM0002424,ORD001148,PROD00172,1,734.93,0.0,734.93
ITEM0002425,ORD001148,PROD00045,3,4706.05,0.23,10870.98
ITEM0002426,ORD001148,PROD00054,1,5941.63,0.0,5941.63
ITEM0002427,ORD001148,PROD00100,1,8661.69,0.02,8488.46
ITEM0002428,ORD001149,PROD00156,1,1816.09,0.0,1816.09
ITEM0002429,ORD001150,PROD00243,3,6308.05,0.28,13625.39
ITEM0002430,ORD001151,PROD00177,1,5446.6,0.0,5446.6
ITEM0002431,ORD001152,PROD00070,1,6693.56,0.0,6693.56
ITEM0002432,ORD001152,PROD00246,2,8011.14,0.0,16022.28
ITEM0002433,ORD001153,PROD00195,1,9608.14,0.19,7782.59
ITEM0002434,ORD001153,PROD00107,4,6282.37,0.0,25129.48
ITEM0002435,ORD001154,PROD00092,1,1552.76,0.14,1335.37
ITEM0002436,ORD001155,PROD00117,4,498.3,0.0,1993.2
ITEM0002437,ORD001156,PROD00183,3,526.69,0.19,1279.86
ITEM0002438,ORD001156,PROD00082,3,3992.96,0.0,11978.88
ITEM0002439,ORD001156,PROD00083,1,9425.24,0.25,7068.93
ITEM0002440,ORD001157,PROD00297,1,10930.45,0.0,10930.45
ITEM0002441,ORD001157,PROD00220,2,6168.69,0.0,12337.38
ITEM0002442,ORD001157,PROD00060,2,532.72,0.0,1065.44
ITEM0002443,ORD001157,PROD00126,1,10802.22,0.0,10802.22
ITEM0002444,ORD001158,PROD00135,1,2086.2,0.0,2086.2
ITEM0002445,ORD001159,PROD00024,1,10115.71,0.0,10115.71
ITEM0002446,ORD001159,PROD00214,1,8107.58,0.0,8107.58
ITEM0002447,ORD001160,PROD00281,2,7979.23,0.0,15958.46
ITEM0002448,ORD001161,PROD00070,1,6693.56,0.16,5622.59
ITEM0002449,ORD001161,PROD00094,2,6449.58,0.0,12899.16
ITEM0002450,ORD001162,PROD00158,1,8138.6,0.0,8138.6
ITEM0002451,ORD001163,PROD00210,1,6680.3,0.13,5811.86
ITEM0002452,ORD001164,PROD00162,1,3555.3,0.0,3555.3
ITEM0002453,ORD001164,PROD00085,1,1960.53,0.0,1960.53
ITEM0002454,ORD001164,PROD00038,1,1983.28,0.0,1983.28
ITEM0002455,ORD001165,PROD00133,1,7313.64,0.0,7313.64
ITEM0002456,ORD001165,PROD00034,3,2533.01,0.0,7599.03
ITEM0002457,ORD001166,PROD00239,1,467.33,0.17,387.88
ITEM0002458,ORD001167,PROD00137,2,5635.51,0.0,11271.02
ITEM0002459,ORD001168,PROD00155,1,1532.82,0.0,1532.82
ITEM0002460,ORD001169,PROD00159,1,198.83,0.0,198.83
ITEM0002461,ORD001170,PROD00189,1,7636.65,0.0,7636.65
ITEM0002462,ORD001171,PROD00195,2,9608.14,0.0,19216.28
ITEM0002463,ORD001172,PROD00044,1,5424.36,0.04,5207.39
ITEM0002464,ORD001172,PROD00145,2,5845.69,0.0,11691.38
ITEM0002465,ORD001172,PROD00109,2,7944.57,0.0,15889.14
ITEM0002466,ORD001173,PROD00076,3,6038.15,0.23,13948.13
ITEM0002467,ORD001173,PROD00227,1,3250.8,0.25,2438.1
ITEM0002468,ORD001173,PROD00226,2,648.79,0.0,1297.58
ITEM0002469,ORD001174,PROD00236,1,2661.51,0.0,2661.51
ITEM0002470,ORD001174,PROD00110,1,7163.14,0.0,7163.14
ITEM0002471,ORD001175,PROD00176,4,5492.71,0.17,18235.8
ITEM0002472,ORD001175,PROD00045,2,4706.05,0.17,7812.04
ITEM0002473,ORD001175,PROD00081,1,2624.19,0.0,2624.19
ITEM0002474,ORD001176,PROD00108,3,7407.37,0.0,22222.11
ITEM0002475,ORD001176,PROD00257,1,1987.98,0.0,1987.98
ITEM0002476,ORD001177,PROD00261,1,2154.14,0.0,2154.14
ITEM0002477,ORD001178,PROD00236,4,2661.51,0.0,10646.04
ITEM0002478,ORD001178,PROD00209,1,3816.19,0.0,3816.19
ITEM0002479,ORD001179,PROD00083,2,9425.24,0.05,17907.96
ITEM0002480,ORD001179,PROD00259,2,1489.83,0.09,2711.49
ITEM0002481,ORD001179,PROD00210,3,6680.3,0.02,19640.08
ITEM0002482,ORD001180,PROD00232,1,3144.6,0.0,3144.6
ITEM0002483,ORD001181,PROD00109,1,7944.57,0.0,7944.57
ITEM0002484,ORD001182,PROD00002,1,231.58,0.0,231.58
ITEM0002485,ORD001183,PROD00267,2,3457.61,0.0,6915.22
ITEM0002486,ORD001183,PROD00105,1,3095.41,0.29,2197.74
ITEM0002487,ORD001183,PROD00126,1,10802.22,0.0,10802.22
ITEM0002488,ORD001183,PROD00120,1,1288.16,0.0,1288.16
ITEM0002489,ORD001184,PROD00078,2,2028.86,0.0,4057.72
ITEM0002490,ORD001184,PROD00159,3,198.83,0.13,518.95
ITEM0002491,ORD001184,PROD00225,1,6042.7,0.25,4532.02
ITEM0002492,ORD001184,PROD00272,1,7587.4,0.0,7587.4
ITEM0002493,ORD001185,PROD00210,1,6680.3,0.0,6680.3
ITEM0002494,ORD001186,PROD00247,1,7341.91,0.0,7341.91
ITEM0002495,ORD001186,PROD00298,2,5321.16,0.0,10642.32
ITEM0002496,ORD001187,PROD00010,2,2259.53,0.0,4519.06
ITEM0002497,ORD001187,PROD00171,3,546.18,0.0,1638.54
ITEM0002498,ORD001188,PROD00102,1,6509.4,0.0,6509.4
ITEM0002499,ORD001189,PROD00032,1,301.12,0.0,301.12
ITEM0002500,ORD001190,PROD00012,1,7089.43,0.0,7089.43
ITEM0002501,ORD001191,PROD00038,2,1983.28,0.0,3966.56
ITEM0002502,ORD001192,PROD00253,1,791.63,0.1,712.47
ITEM0002503,ORD001192,PROD00117,1,498.3,0.0,498.3
ITEM0002504,ORD001192,PROD00283,-2,7427.34,0.11,-13220.67
ITEM0002505,ORD001192,PROD00199,2,3657.98,0.0,7315.96
ITEM0002506,ORD001192,PROD00008,1,5338.8,0.0,5338.8
ITEM0002507,ORD001193,PROD00237,1,8123.36,0.15,6904.86
ITEM0002508,ORD001194,PROD00297,1,10930.45,0.16,9181.58
ITEM0002509,ORD001194,PROD00209,3,3816.19,0.0,11448.57
ITEM0002510,ORD001195,PROD00205,2,6283.38,0.0,12566.76
ITEM0002511,ORD001196,PROD00093,1,3802.74,0.0,3802.74
ITEM0002512,ORD001196,PROD00101,1,1373.9,0.0,1373.9
ITEM0002513,ORD001196,PROD00218,1,6300.23,0.0,6300.23
ITEM0002514,ORD001196,PROD00049,1,5326.74,0.29,3781.99
ITEM0002515,ORD001197,PROD00083,1,9425.24,0.0,9425.24
ITEM0002516,ORD001198,PROD00179,1,6055.62,0.0,6055.62
ITEM0002517,ORD001199,PROD00227,1,3250.8,0.18,2665.66
ITEM0002518,ORD001199,PROD00288,1,2790.22,0.0,2790.22
ITEM0002519,ORD001199,PROD00261,1,2154.14,0.0,2154.14
ITEM0002520,ORD001200,PROD00184,3,1498.15,0.0,4494.45
ITEM0002521,ORD001200,PROD00285,2,2757.81,0.0,5515.62
ITEM0002522,ORD001201,PROD00158,-1,8138.6,0.0,-8138.6
ITEM0002523,ORD001202,PROD00266,1,5956.89,0.23,4586.81
ITEM0002524,ORD001202,PROD00040,1,3631.49,0.18,2977.82
ITEM0002525,ORD001203,PROD00059,3,11784.91,0.0,35354.73
ITEM0002526,ORD001204,PROD00033,1,1942.09,0.0,1942.09
ITEM0002527,ORD001204,PROD00158,2,8138.6,0.21,12858.99
ITEM0002528,ORD001205,PROD00298,1,5321.16,0.18,4363.35
ITEM0002529,ORD001205,PROD00161,2,2894.21,0.06,5441.11
ITEM0002530,ORD001205,PROD00257,1,1508.35,0.11,1342.43
ITEM0002531,ORD001206,PROD00053,1,7229.99,0.0,7229.99
ITEM0002532,ORD001206,PROD00209,2,3816.19,0.13,6640.17
ITEM0002533,ORD001207,PROD00227,1,3250.8,0.0,3250.8
ITEM0002534,ORD001207,PROD00059,1,11784.91,0.0,11784.91
ITEM0002535,ORD001208,PROD00191,4,4249.81,0.0,16999.24
ITEM0002536,ORD001208,PROD00254,1,3623.42,0.0,3623.42
ITEM0002537,ORD001209,PROD00162,1,3555.3,0.0,3555.3
ITEM0002538,ORD001209,PROD00105,1,3095.41,0.0,3095.41
ITEM0002539,ORD001210,PROD00085,2,1960.53,0.17,3254.48
ITEM0002540,ORD001211,PROD00138,1,10725.29,0.08,9867.27
ITEM0002541,ORD001212,PROD00067,1,996.38,0.0,996.38
ITEM0002542,ORD001213,PROD00133,2,7313.64,0.0,14627.28
ITEM0002543,ORD001214,PROD00224,1,8522.29,0.0,8522.29
ITEM0002544,ORD001214,PROD00067,1,996.38,0.0,996.38
ITEM0002545,ORD001215,PROD00132,1,5296.2,0.0,5296.2
ITEM0002546,ORD001216,PROD00245,2,6215.91,0.0,12431.82
ITEM0002547,ORD001216,PROD00256,1,256.57,0.0,256.57
ITEM0002548,ORD001216,PROD00186,1,1445.96,0.12,1272.44
ITEM0002549,ORD001216,PROD00169,1,5358.09,0.0,5358.09
ITEM0002550,ORD001217,PROD00089,1,781.78,0.19,633.24
ITEM0002551,ORD001218,PROD00205,1,6283.38,0.0,6283.38
ITEM0002552,ORD001218,PROD00001,1,9272.65,0.0,9272.65
ITEM0002553,ORD001219,PROD00121,2,11305.27,0.16,18992.85
ITEM0002554,ORD001220,PROD00211,3,1624.33,0.0,4872.99
ITEM0002555,ORD001221,PROD00142,1,8354.87,0.0,8354.87
ITEM0002556,ORD001222,PROD00024,1,10115.71,0.0,10115.71
ITEM0002557,ORD001222,PROD00103,4,9136.07,0.1,32889.85
ITEM0002558,ORD001222,PROD00257,-1,587.57,0.0,-587.57
ITEM0002559,ORD001222,PROD00079,1,7182.12,0.0,7182.12
ITEM0002560,ORD001223,PROD00283,4,7427.34,0.08,27332.61
ITEM0002561,ORD001223,PROD00056,2,6326.27,0.0,12652.54
ITEM0002562,ORD001224,PROD00029,1,5799.72,0.0,5799.72
ITEM0002563,ORD001224,PROD00121,3,11305.27,0.0,33915.81
ITEM0002564,ORD001224,PROD00010,2,2259.53,0.0,4519.06
ITEM0002565,ORD001224,PROD00067,1,996.38,0.0,996.38
ITEM0002566,ORD001224,PROD00009,1,5332.96,0.0,5332.96
ITEM0002567,ORD001225,PROD00216,2,3307.17,0.17,5489.9
ITEM0002568,ORD001225,PROD00217,-1,260.84,0.0,-260.84
ITEM0002569,ORD001226,PROD00093,4,3802.74,0.0,15210.96
ITEM0002570,ORD001227,PROD00011,1,2615.05,0.25,1961.29
ITEM0002571,ORD001228,PROD00090,2,494.65,0.0,989.3
ITEM0002572,ORD001228,PROD00074,1,9420.21,0.0,9420.21
ITEM0002573,ORD001228,PROD00201,2,3944.29,0.0,7888.58
ITEM0002574,ORD001229,PROD00042,1,8235.83,0.0,8235.83
ITEM0002575,ORD001229,PROD00139,1,5962.8,0.0,5962.8
ITEM0002576,ORD001229,PROD00085,1,1960.53,0.04,1882.11
ITEM0002577,ORD001229,PROD00155,1,1532.82,0.12,1348.88
ITEM0002578,ORD001230,PROD00042,1,8235.83,0.23,6341.59
ITEM0002579,ORD001230,PROD00076,3,6038.15,0.07,16846.44
ITEM0002580,ORD001231,PROD00163,2,2745.97,0.0,5491.94
ITEM0002581,ORD001231,PROD00134,1,1127.73,0.0,1127.73
ITEM0002582,ORD001231,PROD00229,1,726.54,0.0,726.54
ITEM0002583,ORD001231,PROD00136,4,621.23,0.28,1789.14
ITEM0002584,ORD001232,PROD00135,2,2086.2,0.0,4172.4
ITEM0002585,ORD001232,PROD00176,2,5492.71,0.06,10326.29
ITEM0002586,ORD001232,PROD00130,1,3445.25,0.19,2790.65
ITEM0002587,ORD001232,PROD00225,2,6042.7,0.04,11601.98
ITEM0002588,ORD001232,PROD00027,1,5723.51,0.0,5723.51
ITEM0002589,ORD001233,PROD00002,2,231.58,0.0,463.16
ITEM0002590,ORD001233,PROD00223,2,2430.88,0.0,4861.76
ITEM0002591,ORD001234,PROD00183,1,526.69,0.0,526.69
ITEM0002592,ORD001234,PROD00048,2,1926.71,0.1,3468.08
ITEM0002593,ORD001234,PROD00116,1,3835.95,0.15,3260.56
ITEM0002594,ORD001234,PROD00020,1,7970.85,0.0,7970.85
ITEM0002595,ORD001234,PROD00150,2,290.6,0.0,581.2
ITEM0002596,ORD001235,PROD00235,1,1155.59,0.0,1155.59
ITEM0002597,ORD001235,PROD00238,3,7201.82,0.04,20741.24
ITEM0002598,ORD001235,PROD00023,1,3506.84,0.0,3506.84
ITEM0002599,ORD001236,PROD00295,2,895.09,0.0,1790.18
ITEM0002600,ORD001236,PROD00069,2,1117.62,0.0,2235.25
ITEM0002601,ORD001237,PROD00229,1,726.54,0.0,726.54
ITEM0002602,ORD001238,PROD00012,1,7089.43,0.0,7089.43
ITEM0002603,ORD001238,PROD00171,2,546.18,0.0,1092.36
ITEM0002604,ORD001239,PROD00189,1,7636.65,0.14,6567.52
ITEM0002605,ORD001239,PROD00153,1,4010.2,0.0,4010.2
ITEM0002606,ORD001240,PROD00022,2,1547.99,0.0,3095.98
ITEM0002607,ORD001240,PROD00205,1,6283.38,0.0,6283.38
ITEM0002608,ORD001241,PROD00264,1,8008.38,0.0,8008.38
ITEM0002609,ORD001241,PROD00147,4,4961.76,0.0,19847.04
ITEM0002610,ORD001241,PROD00001,4,9272.65,0.0,37090.6
ITEM0002611,ORD001242,PROD00274,1,5633.46,0.23,4337.76
ITEM0002612,ORD001243,PROD00010,4,2259.53,0.0,9038.12
ITEM0002613,ORD001243,PROD00029,2,5799.72,0.0,11599.44
ITEM0002614,ORD001243,PROD00006,1,8153.69,0.0,8153.69
ITEM0002615,ORD001244,PROD00128,1,4199.76,0.0,4199.76
ITEM0002616,ORD001244,PROD00293,1,5361.88,0.0,5361.88
ITEM0002617,ORD001244,PROD00139,1,5962.8,0.0,5962.8
ITEM0002618,ORD001245,PROD00280,1,4625.83,0.0,4625.83
ITEM0002619,ORD001245,PROD00187,1,6641.17,0.14,5711.41
ITEM0002620,ORD001245,PROD00091,2,1302.09,0.0,2604.18
ITEM0002621,ORD001245,PROD00269,1,2135.25,0.0,2135.25
ITEM0002622,ORD001246,PROD00295,2,895.09,0.0,1790.18
ITEM0002623,ORD001247,PROD00020,1,7970.85,0.0,7970.85
ITEM0002624,ORD001248,PROD00288,1,2790.22,0.0,2790.22
ITEM0002625,ORD001248,PROD00114,1,2295.26,0.17,1905.07
ITEM0002626,ORD001248,PROD00132,1,5296.2,0.0,5296.2
ITEM0002627,ORD001249,PROD00276,2,8701.77,0.25,13052.66
ITEM0002628,ORD001250,PROD00033,1,1942.09,0.0,1942.09
ITEM0002629,ORD001251,PROD00086,1,5791.83,0.1,5212.65
ITEM0002630,ORD001252,PROD00053,4,7229.99,0.16,24292.77
ITEM0002631,ORD001253,PROD00090,3,494.65,0.0,1483.95
ITEM0002632,ORD001253,PROD00244,3,4549.33,0.05,12965.59
ITEM0002633,ORD001254,PROD00082,1,3992.96,0.0,3992.96
ITEM0002634,ORD001254,PROD00250,2,4610.44,0.28,6639.03
ITEM0002635,ORD001254,PROD00124,1,2025.14,0.0,2025.14
ITEM0002636,ORD001255,PROD00198,1,1516.26,0.16,1273.66
ITEM0002637,ORD001256,PROD00188,2,1657.41,0.0,3314.82
ITEM0002638,ORD001256,PROD00239,1,467.33,0.0,467.33
ITEM0002639,ORD001257,PROD00181,1,2887.17,0.29,2049.89
ITEM0002640,ORD001257,PROD00170,2,1433.03,0.23,2206.87
ITEM0002641,ORD001258,PROD00119,1,9197.85,0.0,9197.85
ITEM0002642,ORD001258,PROD00259,1,1489.83,0.0,1489.83
ITEM0002643,ORD001258,PROD00206,2,8632.13,0.0,17264.26
ITEM0002644,ORD001259,PROD00246,2,8011.14,0.0,16022.28
ITEM0002645,ORD001259,PROD00124,2,2025.14,0.0,4050.28
ITEM0002646,ORD001259,PROD00279,3,7168.01,0.0,21504.03
ITEM0002647,ORD001260,PROD00242,1,2496.43,0.04,2396.57
ITEM0002648,ORD001261,PROD00081,2,2624.19,0.0,5248.38
ITEM0002649,ORD001261,PROD00037,1,5435.74,0.0,5435.74
ITEM0002650,ORD001261,PROD00107,3,6282.37,0.0,18847.11
ITEM0002651,ORD001262,PROD00102,1,6509.4,0.0,6509.4
ITEM0002652,ORD001262,PROD00133,2,7313.64,0.08,13457.1
ITEM0002653,ORD001263,PROD00146,2,504.1,0.28,725.9
ITEM0002654,ORD001263,PROD00254,2,3623.42,0.09,6594.62
ITEM0002655,ORD001263,PROD00236,3,2661.51,0.0,7984.53
ITEM0002656,ORD001264,PROD00201,1,3944.29,0.0,3944.29
ITEM0002657,ORD001264,PROD00134,1,1127.73,0.0,1127.73
ITEM0002658,ORD001265,PROD00242,1,2496.43,0.26,1847.36
ITEM0002659,ORD001266,PROD00288,1,2790.22,0.18,2287.98
ITEM0002660,ORD001267,PROD00016,1,6005.27,0.0,6005.27
ITEM0002661,ORD001267,PROD00289,1,3097.21,0.0,3097.21
ITEM0002662,ORD001267,PROD00040,1,3631.49,0.0,3631.49
ITEM0002663,ORD001267,PROD00208,1,4099.5,0.29,2910.64
ITEM0002664,ORD001267,PROD00058,1,4592.96,0.0,4592.96
ITEM0002665,ORD001268,PROD00200,1,7131.42,0.23,5491.19
ITEM0002666,ORD001268,PROD00103,1,9136.07,0.0,9136.07
ITEM0002667,ORD001268,PROD00260,3,8617.38,0.0,25852.14
ITEM0002668,ORD001268,PROD00094,2,6449.58,0.0,12899.16
ITEM0002669,ORD001268,PROD00131,1,576.16,0.26,426.36
ITEM0002670,ORD001269,PROD00030,1,4937.89,0.0,4937.89
ITEM0002671,ORD001269,PROD00036,1,7308.78,0.0,7308.78
ITEM0002672,ORD001270,PROD00247,3,7341.91,0.0,22025.73
ITEM0002673,ORD001271,PROD00239,1,467.33,0.0,467.33
ITEM0002674,ORD001271,PROD00251,1,3365.3,0.02,3297.99
ITEM0002675,ORD001271,PROD00244,1,4549.33,0.0,4549.33
ITEM0002676,ORD001271,PROD00274,3,5633.46,0.0,16900.38
ITEM0002677,ORD001272,PROD00053,2,7229.99,0.15,12290.98
ITEM0002678,ORD001272,PROD00052,1,1689.78,0.02,1655.98
ITEM0002679,ORD001272,PROD00261,2,2154.14,0.0,4308.28
ITEM0002680,ORD001273,PROD00128,2,4199.76,0.0,8399.52
ITEM0002681,ORD001273,PROD00135,1,2086.2,0.16,1752.41
ITEM0002682,ORD001274,PROD00298,2,5321.16,0.0,10642.32
ITEM0002683,ORD001275,PROD00025,2,3078.83,0.0,6157.66
ITEM0002684,ORD001275,PROD00232,2,3144.6,0.19,5094.25
ITEM0002685,ORD001275,PROD00174,1,4285.14,0.21,3385.26
ITEM0002686,ORD001275,PROD00090,1,494.65,0.0,494.65
ITEM0002687,ORD001276,PROD00081,3,2624.19,0.0,7872.57
ITEM0002688,ORD001277,PROD00147,2,4961.76,0.0,9923.52
ITEM0002689,ORD001278,PROD00007,1,7518.69,0.0,7518.69
ITEM0002690,ORD001279,PROD00170,1,1398.25,0.04,1342.32
ITEM0002691,ORD001279,PROD00227,2,3250.8,0.0,6501.6
ITEM0002692,ORD001280,PROD00164,3,5504.82,0.0,16514.46
ITEM0002693,ORD001280,PROD00206,1,8632.13,0.0,8632.13
ITEM0002694,ORD001280,PROD00154,1,5526.27,0.0,5526.27
ITEM0002695,ORD001280,PROD00020,1,7970.85,0.0,7970.85
ITEM0002696,ORD001280,PROD00058,1,4592.96,0.0,4592.96
ITEM0002697,ORD001281,PROD00147,2,4961.76,0.09,9030.4
ITEM0002698,ORD001282,PROD00041,3,3958.75,0.0,11876.25
ITEM0002699,ORD001282,PROD00010,2,2259.53,0.0,4519.06
ITEM0002700,ORD001282,PROD00287,1,6559.01,0.08,6034.29
ITEM0002701,ORD001283,PROD00115,2,3250.57,0.01,6436.13
ITEM0002702,ORD001284,PROD00120,4,1288.16,0.02,5049.59
ITEM0002703,ORD001284,PROD00154,3,5526.27,0.19,13428.84
ITEM0002704,ORD001284,PROD00125,3,5694.29,0.11,15203.75
ITEM0002705,ORD001285,PROD00243,1,6308.05,0.25,4731.04
ITEM0002706,ORD001285,PROD00054,1,5941.63,0.0,5941.63
ITEM0002707,ORD001285,PROD00083,1,9425.24,0.26,6974.68
ITEM0002708,ORD001285,PROD00135,1,2086.2,0.0,2086.2
ITEM0002709,ORD001285,PROD00129,1,2500.46,0.0,2500.46
ITEM0002710,ORD001286,PROD00216,1,3307.17,0.0,3307.17
ITEM0002711,ORD001286,PROD00250,1,4610.44,0.0,4610.44
ITEM0002712,ORD001286,PROD00100,3,8661.69,0.0,25985.07
ITEM0002713,ORD001287,PROD00262,2,1460.84,0.0,2921.68
ITEM0002714,ORD001287,PROD00023,2,3506.84,0.0,7013.68
ITEM0002715,ORD001287,PROD00282,4,3504.39,0.17,11634.57
ITEM0002716,ORD001287,PROD00156,2,1816.09,0.0,3632.18
ITEM0002717,ORD001287,PROD00244,2,4549.33,0.23,7005.97
ITEM0002718,ORD001288,PROD00245,3,6215.91,0.0,18647.73
ITEM0002719,ORD001288,PROD00267,2,3457.61,0.22,5393.87
ITEM0002720,ORD001289,PROD00098,1,2402.47,0.26,1777.83
ITEM0002721,ORD001289,PROD00119,3,9197.85,0.21,21798.9
ITEM0002722,ORD001290,PROD00037,2,5435.74,0.0,10871.48
ITEM0002723,ORD001290,PROD00243,1,6308.05,0.28,4541.8
ITEM0002724,ORD001290,PROD00197,1,8766.75,0.0,8766.75
ITEM0002725,ORD001290,PROD00290,1,1195.14,0.0,1195.14
ITEM0002726,ORD001290,PROD00065,1,6570.64,0.04,6307.81
ITEM0002727,ORD001291,PROD00204,1,3352.35,0.0,3352.35
ITEM0002728,ORD001292,PROD00210,1,6680.3,0.12,5878.66
ITEM0002729,ORD001292,PROD00103,3,9136.07,0.0,27408.21
ITEM0002730,ORD001292,PROD00276,1,8701.77,0.0,8701.77
ITEM0002731,ORD001293,PROD00046,1,8988.77,0.0,8988.77
ITEM0002732,ORD001294,PROD00262,1,1460.84,0.0,1460.84
ITEM0002733,ORD001294,PROD00090,2,494.65,0.24,751.87
ITEM0002734,ORD001294,PROD00165,1,1721.94,0.0,1721.94
ITEM0002735,ORD001294,PROD00045,1,4706.05,0.0,4706.05
ITEM0002736,ORD001295,PROD00043,1,1789.22,0.0,1789.22
ITEM0002737,ORD001295,PROD00215,1,379.53,0.14,326.4
ITEM0002738,ORD001296,PROD00208,2,4099.5,0.0,8199.0
ITEM0002739,ORD001296,PROD00298,3,5321.16,0.0,15963.48
ITEM0002740,ORD001296,PROD00254,2,3623.42,0.1,6522.16
ITEM0002741,ORD001297,PROD00152,3,1231.99,0.0,3695.97
ITEM0002742,ORD001297,PROD00044,1,5424.36,0.17,4502.22
ITEM0002743,ORD001297,PROD00104,1,2043.03,0.0,2043.03
ITEM0002744,ORD001298,PROD00081,4,2624.19,0.0,10496.76
ITEM0002745,ORD001298,PROD00203,2,477.27,0.11,849.54
ITEM0002746,ORD001298,PROD00098,1,2402.47,0.0,2402.47
ITEM0002747,ORD001298,PROD00025,2,3078.83,0.0,6157.66
ITEM0002748,ORD001298,PROD00060,1,532.72,0.27,388.89
ITEM0002749,ORD001299,PROD00114,1,2295.26,0.0,2295.26
ITEM0002750,ORD001300,PROD00250,2,4610.44,0.0,9220.88
ITEM0002751,ORD001300,PROD00104,1,2043.03,0.0,2043.03
ITEM0002752,ORD001301,PROD00164,3,5504.82,0.0,16514.46
ITEM0002753,ORD001302,PROD00053,2,7229.99,0.0,14459.98
ITEM0002754,ORD001303,PROD00114,1,2295.26,0.0,2295.26
ITEM0002755,ORD001303,PROD00144,1,9953.38,0.21,7863.17
ITEM0002756,ORD001303,PROD00296,1,1188.71,0.06,1117.39
ITEM0002757,ORD001304,PROD00099,4,6088.4,0.0,24353.6
ITEM0002758,ORD001304,PROD00017,1,9163.85,0.0,9163.85
ITEM0002759,ORD001305,PROD00212,1,7782.48,0.0,7782.48
ITEM0002760,ORD001305,PROD00009,1,5332.96,0.0,5332.96
ITEM0002761,ORD001305,PROD00291,2,1173.69,0.0,2347.38
ITEM0002762,ORD001305,PROD00179,1,6055.62,0.0,6055.62
ITEM0002763,ORD001306,PROD00122,3,11549.43,0.0,34648.29
ITEM0002764,ORD001306,PROD00187,1,6641.17,0.02,6508.35
ITEM0002765,ORD001307,PROD00149,4,832.87,0.0,3331.48
ITEM0002766,ORD001307,PROD00291,1,1173.69,0.0,1173.69
ITEM0002767,ORD001308,PROD00071,1,534.87,0.15,454.64
ITEM0002768,ORD001309,PROD00232,1,3144.6,0.19,2547.13
ITEM0002769,ORD001310,PROD00068,1,1589.23,0.03,1541.55
ITEM0002770,ORD001311,PROD00209,1,3816.19,0.0,3816.19
ITEM0002771,ORD001312,PROD00031,1,4066.81,0.0,4066.81
ITEM0002772,ORD001313,PROD00170,2,2834.82,0.0,5669.64
ITEM0002773,ORD001314,PROD00029,4,5799.72,0.0,23198.88
ITEM0002774,ORD001315,PROD00049,1,5326.74,0.0,5326.74
ITEM0002775,ORD001316,PROD00110,2,7163.14,0.0,14326.28
ITEM0002776,ORD001317,PROD00211,-2,1624.33,0.14,-2793.85
ITEM0002777,ORD001317,PROD00195,1,9608.14,0.0,9608.14
ITEM0002778,ORD001317,PROD00124,1,2025.14,0.0,2025.14
ITEM0002779,ORD001317,PROD00097,3,1492.36,0.0,4477.08
ITEM0002780,ORD001318,PROD00171,1,546.18,0.19,442.41
ITEM0002781,ORD001318,PROD00238,1,7201.82,0.0,7201.82
ITEM0002782,ORD001318,PROD00004,2,4097.38,0.0,8194.76
ITEM0002783,ORD001318,PROD00128,3,4199.76,0.0,12599.28
ITEM0002784,ORD001319,PROD00158,1,8138.6,0.0,8138.6
ITEM0002785,ORD001320,PROD00083,3,9425.24,0.0,28275.72
ITEM0002786,ORD001321,PROD00156,1,1816.09,0.0,1816.09
ITEM0002787,ORD001321,PROD00071,-3,534.87,0.0,-1604.61
ITEM0002788,ORD001321,PROD00134,3,1127.73,0.0,3383.19
ITEM0002789,ORD001322,PROD00016,1,6005.27,0.0,6005.27
ITEM0002790,ORD001323,PROD00152,3,1231.99,0.0,3695.97
ITEM0002791,ORD001324,PROD00109,1,7944.57,0.0,7944.57
ITEM0002792,ORD001325,PROD00011,1,2615.05,0.0,2615.05
ITEM0002793,ORD001325,PROD00187,2,6641.17,0.0,13282.34
ITEM0002794,ORD001325,PROD00298,1,5321.16,0.25,3990.87
ITEM0002795,ORD001325,PROD00297,2,10930.45,0.0,21860.9
ITEM0002796,ORD001326,PROD00247,3,7341.91,0.0,22025.73
ITEM0002797,ORD001326,PROD00270,1,4350.17,0.0,4350.17
ITEM0002798,ORD001327,PROD00180,1,7030.69,0.0,7030.69
ITEM0002799,ORD001328,PROD00172,1,734.93,0.0,734.93
ITEM0002800,ORD001329,PROD00073,1,9071.35,0.0,9071.35
ITEM0002801,ORD001330,PROD00108,1,7407.37,0.0,7407.37
ITEM0002802,ORD001331,PROD00160,2,1750.19,0.0,3500.38
ITEM0002803,ORD001331,PROD00089,1,781.78,0.0,781.78
ITEM0002804,ORD001331,PROD00182,1,3616.25,0.0,3616.25
ITEM0002805,ORD001332,PROD00281,1,7979.23,0.0,7979.23
ITEM0002806,ORD001333,PROD00114,2,2295.26,0.0,4590.52
ITEM0002807,ORD001334,PROD00062,1,5673.89,0.0,5673.89
ITEM0002808,ORD001334,PROD00265,1,4207.25,0.11,3744.45
ITEM0002809,ORD001335,PROD00252,1,910.14,0.0,910.14
ITEM0002810,ORD001335,PROD00240,1,4510.78,0.0,4510.78
ITEM0002811,ORD001335,PROD00240,2,4510.78,0.0,9021.56
ITEM0002812,ORD001335,PROD00223,1,2430.88,0.0,2430.88
ITEM0002813,ORD001335,PROD00233,3,3164.97,0.0,9494.91
ITEM0002814,ORD001336,PROD00199,3,3657.98,0.18,8998.63
ITEM0002815,ORD001336,PROD00284,1,1981.58,0.0,1981.58
ITEM0002816,ORD001336,PROD00126,2,10802.22,0.28,15555.2
ITEM0002817,ORD001336,PROD00053,3,7229.99,0.0,21689.97
ITEM0002818,ORD001337,PROD00160,2,1750.19,0.0,3500.38
ITEM0002819,ORD001337,PROD00103,1,9136.07,0.0,9136.07
ITEM0002820,ORD001337,PROD00011,1,2615.05,0.0,2615.05
ITEM0002821,ORD001337,PROD00051,3,8693.03,0.0,26079.09
ITEM0002822,ORD001338,PROD00050,1,5338.68,0.24,4057.4
ITEM0002823,ORD001339,PROD00267,1,3457.61,0.26,2558.63
ITEM0002824,ORD001340,PROD00285,1,2757.81,0.0,2757.81
ITEM0002825,ORD001341,PROD00225,2,6042.7,0.0,12085.4
ITEM0002826,ORD001341,PROD00041,2,3958.75,0.15,6729.88
ITEM0002827,ORD001341,PROD00183,2,526.69,0.0,1053.38
ITEM0002828,ORD001342,PROD00200,1,7131.42,0.0,7131.42
ITEM0002829,ORD001343,PROD00207,2,6547.46,0.13,11392.58
ITEM0002830,ORD001343,PROD00137,1,5635.51,0.26,4170.28
ITEM0002831,ORD001343,PROD00065,2,6570.64,0.18,10775.85
ITEM0002832,ORD001344,PROD00043,1,1789.22,0.0,1789.22
ITEM0002833,ORD001344,PROD00127,1,5321.52,0.01,5268.3
ITEM0002834,ORD001344,PROD00243,2,6308.05,0.0,12616.1
ITEM0002835,ORD001345,PROD00072,1,6999.91,0.0,6999.91
ITEM0002836,ORD001346,PROD00104,3,2043.03,0.0,6129.09
ITEM0002837,ORD001346,PROD00032,1,301.12,0.29,213.8
ITEM0002838,ORD001346,PROD00042,1,8235.83,0.02,8071.11
ITEM0002839,ORD001347,PROD00203,1,477.27,0.24,362.73
ITEM0002840,ORD001347,PROD00198,2,1516.26,0.26,2244.06
ITEM0002841,ORD001348,PROD00254,1,3623.42,0.1,3261.08
ITEM0002842,ORD001348,PROD00155,3,1532.82,0.0,4598.46
ITEM0002843,ORD001349,PROD00114,4,2295.26,0.0,9181.04
ITEM0002844,ORD001349,PROD00227,1,3250.8,0.17,2698.16
ITEM0002845,ORD001350,PROD00121,1,11305.27,0.01,11192.22
ITEM0002846,ORD001350,PROD00004,1,4097.38,0.08,3769.59
ITEM0002847,ORD001350,PROD00057,2,4595.24,0.12,8087.62
ITEM0002848,ORD001351,PROD00099,1,6088.4,0.0,6088.4
ITEM0002849,ORD001351,PROD00152,3,1231.99,0.28,2661.1
ITEM0002850,ORD001352,PROD00005,2,246.43,0.23,379.5
ITEM0002851,ORD001353,PROD00273,3,4432.81,0.1,11968.59
ITEM0002852,ORD001353,PROD00142,1,8354.87,0.0,8354.87
ITEM0002853,ORD001354,PROD00248,4,10128.22,0.0,40512.88
ITEM0002854,ORD001355,PROD00028,1,214.4,0.0,214.4
ITEM0002855,ORD001355,PROD00172,1,734.93,0.0,734.93
ITEM0002856,ORD001356,PROD00146,1,504.1,0.0,504.1
ITEM0002857,ORD001356,PROD00063,2,1083.33,0.0,2166.66
ITEM0002858,ORD001356,PROD00251,1,3365.3,0.0,3365.3
ITEM0002859,ORD001357,PROD00286,1,945.94,0.0,945.94
ITEM0002860,ORD001358,PROD00251,1,3365.3,0.0,3365.3
ITEM0002861,ORD001359,PROD00228,3,1263.16,0.3,2652.64
ITEM0002862,ORD001360,PROD00123,1,2950.23,0.0,2950.23
ITEM0002863,ORD001361,PROD00160,4,1750.19,0.0,7000.76
ITEM0002864,ORD001361,PROD00261,2,2154.14,0.0,4308.28
ITEM0002865,ORD001362,PROD00085,1,1960.53,0.0,1960.53
ITEM0002866,ORD001362,PROD00114,1,2295.26,0.0,2295.26
ITEM0002867,ORD001362,PROD00230,3,8026.94,0.0,24080.82
ITEM0002868,ORD001362,PROD00297,1,10930.45,0.0,10930.45
ITEM0002869,ORD001363,PROD00113,3,3472.93,0.1,9376.91
ITEM0002870,ORD001363,PROD00252,2,910.14,0.0,1820.28
ITEM0002871,ORD001363,PROD00043,2,1789.22,0.2,2862.75
ITEM0002872,ORD001363,PROD00024,1,10115.71,0.0,10115.71
ITEM0002873,ORD001364,PROD00144,1,9953.38,0.01,9853.85
ITEM0002874,ORD001365,PROD00246,2,8011.14,0.0,16022.28
ITEM0002875,ORD001365,PROD00108,1,7407.37,0.0,7407.37
ITEM0002876,ORD001365,PROD00050,1,5338.68,0.07,4964.97
ITEM0002877,ORD001366,PROD00290,1,1195.14,0.12,1051.72
ITEM0002878,ORD001367,PROD00156,2,1816.09,0.0,3632.18
ITEM0002879,ORD001368,PROD00165,3,1721.94,0.0,5165.82
ITEM0002880,ORD001368,PROD00159,1,198.83,0.0,198.83
ITEM0002881,ORD001369,PROD00200,1,7131.42,0.0,7131.42
ITEM0002882,ORD001369,PROD00298,1,5321.16,0.16,4469.77
ITEM0002883,ORD001370,PROD00269,2,2135.25,0.0,4270.5
ITEM0002884,ORD001370,PROD00205,1,6283.38,0.06,5906.38
ITEM0002885,ORD001371,PROD00042,1,8235.83,0.0,8235.83
ITEM0002886,ORD001372,PROD00152,-2,1231.99,0.0,-2463.98
ITEM0002887,ORD001372,PROD00183,2,526.69,0.0,1053.38
ITEM0002888,ORD001373,PROD00134,3,1127.73,0.13,2943.38
ITEM0002889,ORD001374,PROD00204,1,3352.35,0.28,2413.69
ITEM0002890,ORD001374,PROD00141,4,4481.31,0.14,15415.71
ITEM0002891,ORD001374,PROD00179,1,6055.62,0.0,6055.62
ITEM0002892,ORD001374,PROD00188,1,1657.41,0.06,1557.97
ITEM0002893,ORD001374,PROD00167,1,2019.38,0.0,2019.38
ITEM0002894,ORD001375,PROD00080,2,862.91,0.25,1294.36
ITEM0002895,ORD001375,PROD00154,1,5526.27,0.0,5526.27
ITEM0002896,ORD001376,PROD00187,2,6641.17,0.0,13282.34
ITEM0002897,ORD001376,PROD00290,3,1195.14,0.0,3585.42
ITEM0002898,ORD001377,PROD00133,1,7313.64,0.0,7313.64
ITEM0002899,ORD001377,PROD00197,1,8766.75,0.06,8240.74
ITEM0002900,ORD001377,PROD00191,2,4249.81,0.03,8244.63
ITEM0002901,ORD001377,PROD00115,3,3250.57,0.23,7508.82
ITEM0002902,ORD001378,PROD00025,1,3078.83,0.0,3078.83
ITEM0002903,ORD001378,PROD00042,2,8235.83,0.0,16471.66
ITEM0002904,ORD001379,PROD00136,3,621.23,0.0,1863.69
ITEM0002905,ORD001379,PROD00269,4,2135.25,0.28,6149.52
ITEM0002906,ORD001380,PROD00033,1,1942.09,0.12,1709.04
ITEM0002907,ORD001381,PROD00281,4,7979.23,0.0,31916.92
ITEM0002908,ORD001381,PROD00043,1,1789.22,0.21,1413.48
ITEM0002909,ORD001381,PROD00176,1,5492.71,0.0,5492.71
ITEM0002910,ORD001382,PROD00011,1,2615.05,0.0,2615.05
ITEM0002911,ORD001383,PROD00300,1,1343.36,0.21,1061.25
ITEM0002912,ORD001383,PROD00164,2,5504.82,0.0,11009.64
ITEM0002913,ORD001384,PROD00087,1,4546.57,0.0,4546.57
ITEM0002914,ORD001384,PROD00228,1,1263.16,0.0,1263.16
ITEM0002915,ORD001385,PROD00086,1,5791.83,0.0,5791.83
ITEM0002916,ORD001386,PROD00290,2,1195.14,0.19,1936.13
ITEM0002917,ORD001386,PROD00060,1,532.72,0.0,532.72
ITEM0002918,ORD001386,PROD00142,1,8354.87,0.0,8354.87
ITEM0002919,ORD001387,PROD00016,1,6005.27,0.28,4323.79
ITEM0002920,ORD001388,PROD00062,3,5673.89,0.16,14298.2
ITEM0002921,ORD001389,PROD00292,1,5910.44,0.19,4787.46
ITEM0002922,ORD001389,PROD00205,2,6283.38,0.0,12566.76
ITEM0002923,ORD001390,PROD00037,1,5435.74,0.0,5435.74
ITEM0002924,ORD001391,PROD00067,2,996.38,0.0,1992.76
ITEM0002925,ORD001392,PROD00110,1,7163.14,0.0,7163.14
ITEM0002926,ORD001392,PROD00199,1,3657.98,0.16,3072.7
ITEM0002927,ORD001393,PROD00257,1,1691.83,0.12,1488.81
ITEM0002928,ORD001394,PROD00215,1,379.53,0.16,318.81
ITEM0002929,ORD001395,PROD00090,1,494.65,0.0,494.65
ITEM0002930,ORD001396,PROD00105,2,3095.41,0.0,6190.82
ITEM0002931,ORD001397,PROD00116,1,3835.95,0.0,3835.95
ITEM0002932,ORD001397,PROD00108,1,7407.37,0.0,7407.37
ITEM0002933,ORD001398,PROD00274,1,5633.46,0.14,4844.78
ITEM0002934,ORD001398,PROD00222,1,3002.04,0.0,3002.04
ITEM0002935,ORD001398,PROD00192,3,5116.05,0.0,15348.15
ITEM0002936,ORD001398,PROD00027,1,5723.51,0.0,5723.51
ITEM0002937,ORD001398,PROD00193,1,9202.76,0.0,9202.76
ITEM0002938,ORD001399,PROD00263,3,4979.64,0.0,14938.92
ITEM0002939,ORD001399,PROD00023,1,3506.84,0.15,2980.81
ITEM0002940,ORD001399,PROD00212,1,7782.48,0.16,6537.28
ITEM0002941,ORD001400,PROD00158,2,8138.6,0.24,12370.67
ITEM0002942,ORD001400,PROD00022,1,1547.99,0.0,1547.99
ITEM0002943,ORD001400,PROD00293,1,5361.88,0.0,5361.88
ITEM0002944,ORD001401,PROD00278,3,629.94,0.0,1889.82
ITEM0002945,ORD001402,PROD00191,2,4249.81,0.24,6459.71
ITEM0002946,ORD001403,PROD00097,3,1492.36,0.0,4477.08
ITEM0002947,ORD001404,PROD00112,1,3435.2,0.0,3435.2
ITEM0002948,ORD001404,PROD00165,1,1721.94,0.0,1721.94
ITEM0002949,ORD001405,PROD00060,2,532.72,0.0,1065.44
ITEM0002950,ORD001405,PROD00173,1,1257.96,0.0,1257.96
ITEM0002951,ORD001405,PROD00198,2,1516.26,0.0,3032.52
ITEM0002952,ORD001405,PROD00283,2,7427.34,0.0,14854.68
ITEM0002953,ORD001405,PROD00074,2,9420.21,0.27,13753.51
ITEM0002954,ORD001406,PROD00146,4,504.1,0.0,2016.4
ITEM0002955,ORD001407,PROD00293,1,5361.88,0.0,5361.88
ITEM0002956,ORD001407,PROD00276,1,8701.77,0.22,6787.38
ITEM0002957,ORD001408,PROD00048,1,1926.71,0.0,1926.71
ITEM0002958,ORD001409,PROD00292,2,5910.44,0.22,9220.29
ITEM0002959,ORD001409,PROD00178,1,7985.04,0.0,7985.04
ITEM0002960,ORD001409,PROD00067,2,996.38,0.02,1952.9
ITEM0002961,ORD001410,PROD00147,1,4961.76,0.0,4961.76
ITEM0002962,ORD001411,PROD00283,3,7427.34,0.0,22282.02
ITEM0002963,ORD001412,PROD00152,2,1231.99,0.0,2463.98
ITEM0002964,ORD001412,PROD00116,2,3835.95,0.0,7671.9
ITEM0002965,ORD001413,PROD00297,1,10930.45,0.0,10930.45
ITEM0002966,ORD001413,PROD00076,2,6038.15,0.0,12076.3
ITEM0002967,ORD001413,PROD00281,1,7979.23,0.0,7979.23
ITEM0002968,ORD001413,PROD00128,1,4199.76,0.28,3023.83
ITEM0002969,ORD001413,PROD00102,3,6509.4,0.0,19528.2
ITEM0002970,ORD001414,PROD00146,1,504.1,0.0,504.1
ITEM0002971,ORD001414,PROD00187,3,6641.17,0.0,19923.51
ITEM0002972,ORD001414,PROD00164,1,5504.82,0.0,5504.82
ITEM0002973,ORD001414,PROD00006,1,8153.69,0.18,6686.03
ITEM0002974,ORD001415,PROD00297,1,10930.45,0.02,10711.84
ITEM0002975,ORD001416,PROD00297,2,10930.45,0.21,17270.11
ITEM0002976,ORD001416,PROD00298,1,5321.16,0.0,5321.16
ITEM0002977,ORD001416,PROD00020,4,7970.85,0.0,31883.4
ITEM0002978,ORD001417,PROD00004,1,4097.38,0.0,4097.38
ITEM0002979,ORD001417,PROD00073,2,9071.35,0.2,14514.16
ITEM0002980,ORD001418,PROD00226,1,648.79,0.03,629.33
ITEM0002981,ORD001419,PROD00064,1,4268.27,0.06,4012.17
ITEM0002982,ORD001420,PROD00078,1,2028.86,0.0,2028.86
ITEM0002983,ORD001421,PROD00154,1,5526.27,0.0,5526.27
ITEM0002984,ORD001421,PROD00135,1,2086.2,0.0,2086.2
ITEM0002985,ORD001422,PROD00260,2,8617.38,0.0,17234.76
ITEM0002986,ORD001422,PROD00034,1,2533.01,0.18,2077.07
ITEM0002987,ORD001423,PROD00123,2,2950.23,0.0,5900.46
ITEM0002988,ORD001424,PROD00123,4,2950.23,0.01,11682.91
ITEM0002989,ORD001424,PROD00079,4,7182.12,0.0,28728.48
ITEM0002990,ORD001424,PROD00165,2,1721.94,0.0,3443.88
ITEM0002991,ORD001425,PROD00081,1,2624.19,0.0,2624.19
ITEM0002992,ORD001425,PROD00034,3,2533.01,0.0,7599.03
ITEM0002993,ORD001425,PROD00222,2,3002.04,0.18,4923.35
ITEM0002994,ORD001425,PROD00241,3,1974.48,0.0,5923.44
ITEM0002995,ORD001426,PROD00065,2,6570.64,0.0,13141.28
ITEM0002996,ORD001426,PROD00253,1,791.63,0.19,641.22
ITEM0002997,ORD001426,PROD00048,2,1926.71,0.02,3776.35
ITEM0002998,ORD001426,PROD00270,2,4350.17,0.0,8700.34
ITEM0002999,ORD001426,PROD00092,1,1552.76,0.0,1552.76
ITEM0003000,ORD001427,PROD00286,1,945.94,0.27,690.54
ITEM0003001,ORD001427,PROD00078,3,2028.86,0.15,5173.59
ITEM0003002,ORD001428,PROD00214,3,8107.58,0.08,22376.92
ITEM0003003,ORD001429,PROD00023,1,3506.84,0.0,3506.84
ITEM0003004,ORD001430,PROD00045,1,4706.05,0.27,3435.42
ITEM0003005,ORD001431,PROD00145,1,5845.69,0.27,4267.35
ITEM0003006,ORD001432,PROD00226,1,648.79,0.0,648.79
ITEM0003007,ORD001432,PROD00085,3,1960.53,0.0,5881.59
ITEM0003008,ORD001433,PROD00119,2,9197.85,0.0,18395.7
ITEM0003009,ORD001434,PROD00038,1,1983.28,0.0,1983.28
ITEM0003010,ORD001434,PROD00015,1,5418.41,0.1,4876.57
ITEM0003011,ORD001434,PROD00170,2,2608.52,0.0,5217.04
ITEM0003012,ORD001434,PROD00043,2,1789.22,0.11,3184.81
ITEM0003013,ORD001435,PROD00272,1,7587.4,0.0,7587.4
ITEM0003014,ORD001435,PROD00019,1,2406.67,0.0,2406.67
ITEM0003015,ORD001435,PROD00175,2,8513.93,0.0,17027.86
ITEM0003016,ORD001435,PROD00300,3,1343.36,0.19,3264.36
ITEM0003017,ORD001436,PROD00158,2,8138.6,0.0,16277.2
ITEM0003018,ORD001437,PROD00216,2,3307.17,0.06,6217.48
ITEM0003019,ORD001438,PROD00009,1,5332.96,0.2,4266.37
ITEM0003020,ORD001439,PROD00281,2,7979.23,0.0,15958.46
ITEM0003021,ORD001439,PROD00263,-4,4979.64,0.0,-19918.56
ITEM0003022,ORD001439,PROD00221,1,901.85,0.0,901.85
ITEM0003023,ORD001440,PROD00018,2,2803.77,0.0,5607.54
ITEM0003024,ORD001440,PROD00033,4,1942.09,0.0,7768.36
ITEM0003025,ORD001441,PROD00227,3,3250.8,0.0,9752.4
ITEM0003026,ORD001441,PROD00105,2,3095.41,0.0,6190.82
ITEM0003027,ORD001441,PROD00181,1,2887.17,0.1,2598.45
ITEM0003028,ORD001442,PROD00071,1,534.87,0.0,534.87
ITEM0003029,ORD001442,PROD00279,2,7168.01,0.29,10178.57
ITEM0003030,ORD001442,PROD00296,3,1188.71,0.0,3566.13
ITEM0003031,ORD001442,PROD00034,1,2533.01,0.0,2533.01
ITEM0003032,ORD001443,PROD00167,1,2019.38,0.0,2019.38
ITEM0003033,ORD001444,PROD00051,1,8693.03,0.0,8693.03
ITEM0003034,ORD001444,PROD00059,2,11784.91,0.0,23569.82
ITEM0003035,ORD001444,PROD00260,-3,8617.38,0.0,-25852.14
ITEM0003036,ORD001444,PROD00228,2,1263.16,0.2,2021.06
ITEM0003037,ORD001445,PROD00016,1,6005.27,0.07,5584.9
ITEM0003038,ORD001446,PROD00124,1,2025.14,0.0,2025.14
ITEM0003039,ORD001446,PROD00104,1,2043.03,0.0,2043.03
ITEM0003040,ORD001446,PROD00124,2,2025.14,0.26,2997.21
ITEM0003041,ORD001446,PROD00053,1,7229.99,0.0,7229.99
ITEM0003042,ORD001447,PROD00280,1,4625.83,0.28,3330.6
ITEM0003043,ORD001447,PROD00012,3,7089.43,0.0,21268.29
ITEM0003044,ORD001447,PROD00069,1,752.5,0.1,677.25
ITEM0003045,ORD001447,PROD00273,1,4432.81,0.0,4432.81
ITEM0003046,ORD001448,PROD00243,4,6308.05,0.0,25232.2
ITEM0003047,ORD001449,PROD00252,1,910.14,0.0,910.14
ITEM0003048,ORD001449,PROD00265,2,4207.25,0.27,6142.58
ITEM0003049,ORD001450,PROD00020,2,7970.85,0.0,15941.7
ITEM0003050,ORD001450,PROD00093,1,3802.74,0.0,3802.74
ITEM0003051,ORD001451,PROD00262,1,1460.84,0.0,1460.84
ITEM0003052,ORD001451,PROD00143,3,1075.34,0.0,3226.02
ITEM0003053,ORD001452,PROD00249,2,4279.09,0.0,8558.18
ITEM0003054,ORD001452,PROD00102,2,6509.4,0.05,12367.86
ITEM0003055,ORD001452,PROD00042,2,8235.83,0.22,12847.89
ITEM0003056,ORD001452,PROD00129,2,2500.46,0.06,4700.86
ITEM0003057,ORD001453,PROD00113,1,3472.93,0.0,3472.93
ITEM0003058,ORD001454,PROD00288,3,2790.22,0.21,6612.82
ITEM0003059,ORD001454,PROD00150,1,290.6,0.0,290.6
ITEM0003060,ORD001454,PROD00106,1,3963.99,0.0,3963.99
ITEM0003061,ORD001454,PROD00074,2,9420.21,0.0,18840.42
ITEM0003062,ORD001455,PROD00004,1,4097.38,0.0,4097.38
ITEM0003063,ORD001455,PROD00154,1,5526.27,0.0,5526.27
ITEM0003064,ORD001456,PROD00224,1,8522.29,0.27,6221.27
ITEM0003065,ORD001456,PROD00157,2,2525.54,0.07,4697.5
ITEM0003066,ORD001457,PROD00134,3,1127.73,0.0,3383.19
ITEM0003067,ORD001458,PROD00182,1,3616.25,0.0,3616.25
ITEM0003068,ORD001459,PROD00271,2,439.58,0.0,879.16
ITEM0003069,ORD001459,PROD00042,1,8235.83,0.0,8235.83
ITEM0003070,ORD001460,PROD00264,1,8008.38,0.15,6807.12
ITEM0003071,ORD001460,PROD00074,3,9420.21,0.0,28260.63
ITEM0003072,ORD001460,PROD00179,1,6055.62,0.0,6055.62
ITEM0003073,ORD001460,PROD00267,2,3457.61,0.0,6915.22
ITEM0003074,ORD001461,PROD00279,1,7168.01,0.0,7168.01
ITEM0003075,ORD001461,PROD00086,1,5791.83,0.0,5791.83
ITEM0003076,ORD001461,PROD00065,1,6570.64,0.0,6570.64
ITEM0003077,ORD001462,PROD00072,1,6999.91,0.0,6999.91
ITEM0003078,ORD001462,PROD00195,1,9608.14,0.0,9608.14
ITEM0003079,ORD001462,PROD00135,1,2086.2,0.05,1981.89
ITEM0003080,ORD001462,PROD00127,1,5321.52,0.0,5321.52
ITEM0003081,ORD001463,PROD00275,2,5765.78,0.22,8994.62
ITEM0003082,ORD001463,PROD00130,1,3445.25,0.0,3445.25
ITEM0003083,ORD001464,PROD00250,2,4610.44,0.27,6731.24
ITEM0003084,ORD001464,PROD00294,1,8182.59,0.0,8182.59
ITEM0003085,ORD001465,PROD00034,2,2533.01,0.04,4863.38
ITEM0003086,ORD001465,PROD00209,1,3816.19,0.0,3816.19
ITEM0003087,ORD001466,PROD00119,1,9197.85,0.0,9197.85
ITEM0003088,ORD001466,PROD00127,1,5321.52,0.0,5321.52
ITEM0003089,ORD001467,PROD00201,1,3944.29,0.0,3944.29
ITEM0003090,ORD001468,PROD00181,1,2887.17,0.0,2887.17
ITEM0003091,ORD001469,PROD00231,3,3622.68,0.0,10868.04
ITEM0003092,ORD001469,PROD00097,2,1492.36,0.0,2984.72
ITEM0003093,ORD001470,PROD00188,2,1657.41,0.0,3314.82
ITEM0003094,ORD001470,PROD00001,1,9272.65,0.05,8809.02
ITEM0003095,ORD001471,PROD00232,1,3144.6,0.0,3144.6
ITEM0003096,ORD001472,PROD00077,4,7101.66,0.0,28406.64
ITEM0003097,ORD001472,PROD00098,4,2402.47,0.0,9609.88
ITEM0003098,ORD001473,PROD00148,2,3870.28,0.0,7740.56
ITEM0003099,ORD001474,PROD00058,1,4592.96,0.0,4592.96
ITEM0003100,ORD001475,PROD00030,2,4937.89,0.0,9875.78
ITEM0003101,ORD001475,PROD00011,1,2615.05,0.27,1908.99
ITEM0003102,ORD001476,PROD00077,1,7101.66,0.0,7101.66
ITEM0003103,ORD001477,PROD00255,1,7383.63,0.0,7383.63
ITEM0003104,ORD001477,PROD00103,1,9136.07,0.0,9136.07
ITEM0003105,ORD001478,PROD00205,1,6283.38,0.0,6283.38
ITEM0003106,ORD001479,PROD00260,1,8617.38,0.23,6635.38
ITEM0003107,ORD001479,PROD00300,1,1343.36,0.18,1101.56
ITEM0003108,ORD001479,PROD00201,1,3944.29,0.18,3234.32
ITEM0003109,ORD001479,PROD00113,2,3472.93,0.1,6251.27
ITEM0003110,ORD001480,PROD00167,1,2019.38,0.13,1756.86
ITEM0003111,ORD001480,PROD00233,2,3164.97,0.16,5317.15
ITEM0003112,ORD001480,PROD00081,3,2624.19,0.02,7715.12
ITEM0003113,ORD001481,PROD00048,1,1926.71,0.0,1926.71
ITEM0003114,ORD001482,PROD00235,2,1155.59,0.3,1617.83
ITEM0003115,ORD001483,PROD00153,1,4010.2,0.0,4010.2
ITEM0003116,ORD001483,PROD00144,1,9953.38,0.29,7066.9
ITEM0003117,ORD001483,PROD00199,1,3657.98,0.18,2999.54
ITEM0003118,ORD001484,PROD00205,1,6283.38,0.07,5843.54
ITEM0003119,ORD001485,PROD00206,1,8632.13,0.0,8632.13
ITEM0003120,ORD001485,PROD00272,3,7587.4,0.0,22762.2
ITEM0003121,ORD001485,PROD00285,1,2757.81,0.0,2757.81
ITEM0003122,ORD001485,PROD00105,2,3095.41,0.0,6190.82
ITEM0003123,ORD001486,PROD00039,1,6419.63,0.17,5328.29
ITEM0003124,ORD001486,PROD00197,1,8766.75,0.0,8766.75
ITEM0003125,ORD001487,PROD00225,1,6042.7,0.04,5800.99
ITEM0003126,ORD001487,PROD00237,1,8123.36,0.0,8123.36
ITEM0003127,ORD001488,PROD00002,1,231.58,0.0,231.58
ITEM0003128,ORD001488,PROD00134,1,1127.73,0.0,1127.73
ITEM0003129,ORD001489,PROD00120,3,1288.16,0.0,3864.48
ITEM0003130,ORD001490,PROD00051,1,8693.03,0.0,8693.03
ITEM0003131,ORD001490,PROD00021,1,6443.82,0.0,6443.82
ITEM0003132,ORD001490,PROD00292,1,5910.44,0.11,5260.29
ITEM0003133,ORD001491,PROD00251,1,3365.3,0.0,3365.3
ITEM0003134,ORD001491,PROD00198,1,1516.26,0.0,1516.26
ITEM0003135,ORD001491,PROD00207,1,6547.46,0.14,5630.82
ITEM0003136,ORD001491,PROD00132,1,5296.2,0.0,5296.2
ITEM0003137,ORD001492,PROD00262,1,1460.84,0.0,1460.84
ITEM0003138,ORD001493,PROD00163,-3,2745.97,0.19,-6672.71
ITEM0003139,ORD001494,PROD00241,1,2958.83,0.0,2958.83
ITEM0003140,ORD001494,PROD00298,2,5321.16,0.16,8939.55
ITEM0003141,ORD001494,PROD00265,1,4207.25,0.0,4207.25
ITEM0003142,ORD001494,PROD00219,-1,344.65,0.17,-286.06
ITEM0003143,ORD001494,PROD00288,1,2790.22,0.0,2790.22
ITEM0003144,ORD001495,PROD00151,2,5518.05,0.0,11036.1
ITEM0003145,ORD001495,PROD00212,1,7782.48,0.0,7782.48
ITEM0003146,ORD001496,PROD00204,1,3352.35,0.0,3352.35
ITEM0003147,ORD001496,PROD00255,2,7383.63,0.0,14767.26
ITEM0003148,ORD001497,PROD00103,1,9136.07,0.0,9136.07
ITEM0003149,ORD001497,PROD00268,1,852.32,0.0,852.32
ITEM0003150,ORD001497,PROD00096,2,4639.15,0.02,9092.73
ITEM0003151,ORD001498,PROD00286,1,945.94,0.0,945.94
ITEM0003152,ORD001499,PROD00108,2,7407.37,0.0,14814.74
ITEM0003153,ORD001500,PROD00234,1,9552.76,0.1,8597.48
ITEM0003154,ORD001500,PROD00025,2,3078.83,0.0,6157.66
ITEM0003155,ORD001500,PROD00199,2,3657.98,0.18,5999.09
ITEM0003156,ORD001500,PROD00129,3,2500.46,0.0,7501.38
ITEM0003157,ORD001500,PROD00040,2,3631.49,0.0,7262.98
ITEM0003158,ORD001501,PROD00059,2,11784.91,0.0,23569.82
ITEM0003159,ORD001502,PROD00292,1,5910.44,0.0,5910.44
ITEM0003160,ORD001502,PROD00024,1,10115.71,0.0,10115.71
ITEM0003161,ORD001502,PROD00128,2,4199.76,0.0,8399.52
ITEM0003162,ORD001502,PROD00112,1,3435.2,0.0,3435.2
ITEM0003163,ORD001503,PROD00016,2,6005.27,0.0,12010.54
ITEM0003164,ORD001504,PROD00206,1,8632.13,0.0,8632.13
ITEM0003165,ORD001504,PROD00012,1,7089.43,0.0,7089.43
ITEM0003166,ORD001504,PROD00014,1,1451.31,0.0,1451.31
ITEM0003167,ORD001504,PROD00292,2,5910.44,0.0,11820.88
ITEM0003168,ORD001504,PROD00169,2,5358.09,0.0,10716.18
ITEM0003169,ORD001505,PROD00287,1,6559.01,0.0,6559.01
ITEM0003170,ORD001506,PROD00091,1,1302.09,0.0,1302.09
ITEM0003171,ORD001507,PROD00252,1,910.14,0.2,728.11
ITEM0003172,ORD001507,PROD00051,1,8693.03,0.0,8693.03
ITEM0003173,ORD001508,PROD00122,2,11549.43,0.0,23098.86
ITEM0003174,ORD001509,PROD00296,2,1188.71,0.0,2377.42
ITEM0003175,ORD001509,PROD00299,2,10649.19,0.0,21298.38
ITEM0003176,ORD001509,PROD00281,1,7979.23,0.0,7979.23
ITEM0003177,ORD001509,PROD00242,1,2496.43,0.0,2496.43
ITEM0003178,ORD001510,PROD00054,1,5941.63,0.0,5941.63
ITEM0003179,ORD001510,PROD00028,3,214.4,0.0,643.2
ITEM0003180,ORD001511,PROD00264,1,8008.38,0.06,7527.88
ITEM0003181,ORD001511,PROD00236,2,2661.51,0.0,5323.02
ITEM0003182,ORD001512,PROD00278,2,629.94,0.0,1259.88
ITEM0003183,ORD001513,PROD00175,1,8513.93,0.29,6044.89
ITEM0003184,ORD001513,PROD00296,1,1188.71,0.07,1105.5
ITEM0003185,ORD001514,PROD00253,1,791.63,0.0,791.63
ITEM0003186,ORD001514,PROD00047,1,1589.57,0.06,1494.2
ITEM0003187,ORD001515,PROD00214,2,8107.58,0.0,16215.16
ITEM0003188,ORD001515,PROD00160,-2,1750.19,0.0,-3500.38
ITEM0003189,ORD001515,PROD00136,2,621.23,0.24,944.27
ITEM0003190,ORD001515,PROD00018,3,2803.77,0.0,8411.31
ITEM0003191,ORD001516,PROD00187,1,6641.17,0.0,6641.17
ITEM0003192,ORD001516,PROD00098,3,2402.47,0.0,7207.41
ITEM0003193,ORD001516,PROD00035,2,2576.9,0.0,5153.8
ITEM0003194,ORD001516,PROD00048,1,1926.71,0.0,1926.71
ITEM0003195,ORD001516,PROD00204,1,3352.35,0.15,2849.5
ITEM0003196,ORD001517,PROD00129,1,2500.46,0.02,2450.45
ITEM0003197,ORD001518,PROD00091,1,1302.09,0.0,1302.09
ITEM0003198,ORD001518,PROD00235,1,1155.59,0.0,1155.59
ITEM0003199,ORD001518,PROD00205,4,6283.38,0.0,25133.52
ITEM0003200,ORD001518,PROD00168,2,5760.76,0.0,11521.52
ITEM0003201,ORD001519,PROD00197,1,8766.75,0.0,8766.75
ITEM0003202,ORD001519,PROD00080,1,862.91,0.0,862.91
ITEM0003203,ORD001519,PROD00252,2,910.14,0.0,1820.28
ITEM0003204,ORD001520,PROD00197,1,8766.75,0.27,6399.73
ITEM0003205,ORD001520,PROD00053,2,7229.99,0.28,10411.19
ITEM0003206,ORD001520,PROD00283,3,7427.34,0.04,21390.74
ITEM0003207,ORD001521,PROD00078,1,2028.86,0.06,1907.13
ITEM0003208,ORD001522,PROD00165,2,1721.94,0.0,3443.88
ITEM0003209,ORD001523,PROD00009,1,5332.96,0.0,5332.96
ITEM0003210,ORD001523,PROD00211,1,1624.33,0.0,1624.33
ITEM0003211,ORD001524,PROD00071,1,534.87,0.18,438.59
ITEM0003212,ORD001525,PROD00275,2,5765.78,0.0,11531.56
ITEM0003213,ORD001525,PROD00124,1,2025.14,0.01,2004.89
ITEM0003214,ORD001525,PROD00243,1,6308.05,0.0,6308.05
ITEM0003215,ORD001525,PROD00152,1,1231.99,0.0,1231.99
ITEM0003216,ORD001525,PROD00186,2,1445.96,0.22,2255.7
ITEM0003217,ORD001526,PROD00210,2,6680.3,0.28,9619.63
ITEM0003218,ORD001526,PROD00081,3,2624.19,0.0,7872.57
ITEM0003219,ORD001526,PROD00170,1,1313.59,0.0,1313.59
ITEM0003220,ORD001527,PROD00284,2,1981.58,0.0,3963.16
ITEM0003221,ORD001528,PROD00038,1,1983.28,0.04,1903.95
ITEM0003222,ORD001529,PROD00267,1,3457.61,0.0,3457.61
ITEM0003223,ORD001529,PROD00283,2,7427.34,0.0,14854.68
ITEM0003224,ORD001530,PROD00205,1,6283.38,0.09,5717.88
ITEM0003225,ORD001530,PROD00257,1,931.42,0.0,931.42
ITEM0003226,ORD001531,PROD00023,1,3506.84,0.0,3506.84
ITEM0003227,ORD001531,PROD00281,1,7979.23,0.0,7979.23
ITEM0003228,ORD001532,PROD00148,2,3870.28,0.26,5728.01
ITEM0003229,ORD001532,PROD00144,2,9953.38,0.0,19906.76
ITEM0003230,ORD001533,PROD00018,1,2803.77,0.0,2803.77
ITEM0003231,ORD001534,PROD00068,1,1589.23,0.0,1589.23
ITEM0003232,ORD001535,PROD00001,2,9272.65,0.0,18545.3
ITEM0003233,ORD001536,PROD00258,3,5858.08,0.0,17574.24
ITEM0003234,ORD001537,PROD00113,1,3472.93,0.24,2639.43
ITEM0003235,ORD001537,PROD00032,1,301.12,0.0,301.12
ITEM0003236,ORD001537,PROD00181,1,2887.17,0.0,2887.17
ITEM0003237,ORD001537,PROD00074,3,9420.21,0.0,28260.63
ITEM0003238,ORD001537,PROD00054,2,5941.63,0.0,11883.26
ITEM0003239,ORD001538,PROD00184,1,1498.15,0.0,1498.15
ITEM0003240,ORD001539,PROD00009,1,5332.96,0.0,5332.96
ITEM0003241,ORD001539,PROD00141,1,4481.31,0.0,4481.31
ITEM0003242,ORD001539,PROD00058,1,4592.96,0.25,3444.72
ITEM0003243,ORD001540,PROD00159,2,198.83,0.0,397.66
ITEM0003244,ORD001540,PROD00075,2,6662.95,0.21,10527.46
ITEM0003245,ORD001541,PROD00200,-2,7131.42,0.0,-14262.84
ITEM0003246,ORD001541,PROD00053,1,7229.99,0.0,7229.99
ITEM0003247,ORD001542,PROD00251,1,3365.3,0.19,2725.89
ITEM0003248,ORD001542,PROD00049,2,5326.74,0.0,10653.48
ITEM0003249,ORD001542,PROD00006,1,8153.69,0.05,7746.01
ITEM0003250,ORD001543,PROD00092,3,1552.76,0.0,4658.28
ITEM0003251,ORD001544,PROD00082,1,3992.96,0.0,3992.96
ITEM0003252,ORD001545,PROD00106,3,3963.99,0.06,11178.45
ITEM0003253,ORD001545,PROD00173,1,291.39,0.0,291.39
ITEM0003254,ORD001545,PROD00123,1,2950.23,0.0,2950.23
ITEM0003255,ORD001545,PROD00275,3,5765.78,0.0,17297.34
ITEM0003256,ORD001545,PROD00197,1,8766.75,0.29,6224.39
ITEM0003257,ORD001546,PROD00104,1,2043.03,0.0,2043.03
ITEM0003258,ORD001546,PROD00018,1,2803.77,0.0,2803.77
ITEM0003259,ORD001546,PROD00260,2,8617.38,0.0,17234.76
ITEM0003260,ORD001547,PROD00001,2,9272.65,0.0,18545.3
ITEM0003261,ORD001547,PROD00018,1,2803.77,0.0,2803.77
ITEM0003262,ORD001547,PROD00264,1,8008.38,0.24,6086.37
ITEM0003263,ORD001547,PROD00244,2,4549.33,0.0,9098.66
ITEM0003264,ORD001548,PROD00200,1,7131.42,0.03,6917.48
ITEM0003265,ORD001549,PROD00144,1,9953.38,0.15,8460.37
ITEM0003266,ORD001549,PROD00090,1,494.65,0.19,400.67
ITEM0003267,ORD001549,PROD00293,1,5361.88,0.0,5361.88
ITEM0003268,ORD001550,PROD00230,2,8026.94,0.0,16053.88
ITEM0003269,ORD001550,PROD00128,1,4199.76,0.0,4199.76
ITEM0003270,ORD001550,PROD00085,2,1960.53,0.0,3921.06
ITEM0003271,ORD001551,PROD00003,3,2902.0,0.0,8706.0
ITEM0003272,ORD001552,PROD00148,1,3870.28,0.0,3870.28
ITEM0003273,ORD001552,PROD00077,3,7101.66,0.0,21304.98
ITEM0003274,ORD001553,PROD00209,2,3816.19,0.0,7632.38
ITEM0003275,ORD001553,PROD00043,3,1789.22,0.22,4186.77
ITEM0003276,ORD001553,PROD00142,4,8354.87,0.0,33419.48
ITEM0003277,ORD001553,PROD00037,1,5435.74,0.0,5435.74
ITEM0003278,ORD001554,PROD00201,1,3944.29,0.0,3944.29
ITEM0003279,ORD001555,PROD00154,2,5526.27,0.0,11052.54
ITEM0003280,ORD001555,PROD00056,1,6326.27,0.0,6326.27
ITEM0003281,ORD001556,PROD00217,1,260.84,0.0,260.84
ITEM0003282,ORD001557,PROD00014,3,1451.31,0.0,4353.93
ITEM0003283,ORD001558,PROD00202,3,1016.59,0.0,3049.77
ITEM0003284,ORD001558,PROD00112,1,3435.2,0.0,3435.2
ITEM0003285,ORD001559,PROD00108,1,7407.37,0.0,7407.37
ITEM0003286,ORD001559,PROD00115,1,3250.57,0.27,2372.92
ITEM0003287,ORD001559,PROD00091,3,1302.09,0.0,3906.27
ITEM0003288,ORD001560,PROD00037,1,5435.74,0.0,5435.74
ITEM0003289,ORD001560,PROD00212,2,7782.48,0.03,15098.01
ITEM0003290,ORD001560,PROD00259,1,1489.83,0.05,1415.34
ITEM0003291,ORD001561,PROD00284,1,1981.58,0.0,1981.58
ITEM0003292,ORD001561,PROD00147,2,4961.76,0.15,8434.99
ITEM0003293,ORD001562,PROD00020,1,7970.85,0.0,7970.85
ITEM0003294,ORD001562,PROD00235,1,1155.59,0.22,901.36
ITEM0003295,ORD001563,PROD00218,1,6300.23,0.04,6048.22
ITEM0003296,ORD001564,PROD00258,4,5858.08,0.0,23432.32
ITEM0003297,ORD001564,PROD00082,1,3992.96,0.0,3992.96
ITEM0003298,ORD001564,PROD00178,3,7985.04,0.0,23955.12
ITEM0003299,ORD001564,PROD00275,2,5765.78,0.02,11300.93
ITEM0003300,ORD001565,PROD00057,1,4595.24,0.0,4595.24
ITEM0003301,ORD001566,PROD00216,3,3307.17,0.0,9921.51
ITEM0003302,ORD001566,PROD00004,1,4097.38,0.11,3646.67
ITEM0003303,ORD001567,PROD00078,2,2028.86,0.0,4057.72
ITEM0003304,ORD001568,PROD00205,1,6283.38,0.0,6283.38
ITEM0003305,ORD001568,PROD00107,2,6282.37,0.0,12564.74
ITEM0003306,ORD001568,PROD00199,2,3657.98,0.1,6584.36
ITEM0003307,ORD001568,PROD00188,2,1657.41,0.0,3314.82
ITEM0003308,ORD001568,PROD00010,1,2259.53,0.0,2259.53
ITEM0003309,ORD001569,PROD00283,1,7427.34,0.0,7427.34
ITEM0003310,ORD001569,PROD00149,2,832.87,0.0,1665.74
ITEM0003311,ORD001570,PROD00162,2,3555.3,0.28,5119.63
ITEM0003312,ORD001571,PROD00209,1,3816.19,0.0,3816.19
ITEM0003313,ORD001571,PROD00162,1,3555.3,0.0,3555.3
ITEM0003314,ORD001572,PROD00258,1,5858.08,0.19,4745.04
ITEM0003315,ORD001572,PROD00080,3,862.91,0.02,2536.96
ITEM0003316,ORD001573,PROD00200,1,7131.42,0.0,7131.42
ITEM0003317,ORD001573,PROD00276,2,8701.77,0.05,16533.36
ITEM0003318,ORD001574,PROD00260,2,8617.38,0.27,12581.37
ITEM0003319,ORD001575,PROD00049,2,5326.74,0.0,10653.48
ITEM0003320,ORD001575,PROD00188,4,1657.41,0.0,6629.64
ITEM0003321,ORD001576,PROD00197,2,8766.75,0.02,17182.83
ITEM0003322,ORD001577,PROD00194,1,535.55,0.0,535.55
ITEM0003323,ORD001578,PROD00101,1,1373.9,0.07,1277.73
ITEM0003324,ORD001579,PROD00221,3,901.85,0.0,2705.55
ITEM0003325,ORD001579,PROD00138,2,10725.29,0.13,18662.0
ITEM0003326,ORD001580,PROD00169,3,5358.09,0.0,16074.27
ITEM0003327,ORD001581,PROD00002,1,231.58,0.0,231.58
ITEM0003328,ORD001581,PROD00190,1,3528.69,0.0,3528.69
ITEM0003329,ORD001581,PROD00015,2,5418.41,0.02,10620.08
ITEM0003330,ORD001581,PROD00081,2,2624.19,0.0,5248.38
ITEM0003331,ORD001582,PROD00146,2,504.1,0.0,1008.2
ITEM0003332,ORD001582,PROD00150,3,290.6,0.04,836.93
ITEM0003333,ORD001582,PROD00069,3,2727.01,0.0,8181.04
ITEM0003334,ORD001582,PROD00219,2,344.65,0.09,627.26
ITEM0003335,ORD001583,PROD00079,1,7182.12,0.0,7182.12
ITEM0003336,ORD001583,PROD00201,1,3944.29,0.0,3944.29
ITEM0003337,ORD001583,PROD00275,1,5765.78,0.13,5016.23
ITEM0003338,ORD001584,PROD00116,2,3835.95,0.0,7671.9
ITEM0003339,ORD001585,PROD00055,2,2678.2,0.0,5356.4
ITEM0003340,ORD001585,PROD00182,4,3616.25,0.24,10993.4
ITEM0003341,ORD001586,PROD00101,1,1373.9,0.0,1373.9
ITEM0003342,ORD001586,PROD00232,1,3144.6,0.0,3144.6
ITEM0003343,ORD001586,PROD00068,1,1589.23,0.0,1589.23
ITEM0003344,ORD001587,PROD00011,1,2615.05,0.07,2432.0
ITEM0003345,ORD001588,PROD00207,1,6547.46,0.12,5761.76
ITEM0003346,ORD001588,PROD00146,2,504.1,0.0,1008.2
ITEM0003347,ORD001589,PROD00231,1,3622.68,0.0,3622.68
ITEM0003348,ORD001589,PROD00188,1,1657.41,0.0,1657.41
ITEM0003349,ORD001589,PROD00256,1,256.57,0.02,251.44
ITEM0003350,ORD001590,PROD00117,1,498.3,0.0,498.3
ITEM0003351,ORD001591,PROD00226,2,648.79,0.03,1258.65
ITEM0003352,ORD001591,PROD00162,1,3555.3,0.0,3555.3
ITEM0003353,ORD001592,PROD00030,1,4937.89,0.0,4937.89
ITEM0003354,ORD001592,PROD00052,3,1689.78,0.26,3751.31
ITEM0003355,ORD001592,PROD00213,2,9402.56,0.0,18805.12
ITEM0003356,ORD001593,PROD00233,2,3164.97,0.0,6329.94
ITEM0003357,ORD001593,PROD00123,1,2950.23,0.05,2802.72
ITEM0003358,ORD001593,PROD00252,1,910.14,0.0,910.14
ITEM0003359,ORD001594,PROD00100,1,8661.69,0.0,8661.69
ITEM0003360,ORD001595,PROD00024,1,10115.71,0.0,10115.71
ITEM0003361,ORD001596,PROD00217,1,260.84,0.29,185.2
ITEM0003362,ORD001596,PROD00155,2,1532.82,0.0,3065.64
ITEM0003363,ORD001597,PROD00279,1,7168.01,0.0,7168.01
ITEM0003364,ORD001598,PROD00183,1,526.69,0.11,468.75
ITEM0003365,ORD001598,PROD00250,-2,4610.44,0.0,-9220.88
ITEM0003366,ORD001598,PROD00202,1,1016.59,0.0,1016.59
ITEM0003367,ORD001599,PROD00017,1,9163.85,0.0,9163.85
ITEM0003368,ORD001600,PROD00205,1,6283.38,0.19,5089.54
ITEM0003369,ORD001600,PROD00065,3,6570.64,0.01,19514.8
ITEM0003370,ORD001601,PROD00245,2,6215.91,0.0,12431.82
ITEM0003371,ORD001601,PROD00140,1,1718.72,0.0,1718.72
ITEM0003372,ORD001601,PROD00002,1,231.58,0.0,231.58
ITEM0003373,ORD001602,PROD00282,1,3504.39,0.02,3434.3
ITEM0003374,ORD001602,PROD00144,2,9953.38,0.0,19906.76
ITEM0003375,ORD001602,PROD00242,2,2496.43,0.0,4992.86
ITEM0003376,ORD001603,PROD00286,1,945.94,0.0,945.94
ITEM0003377,ORD001603,PROD00064,1,4268.27,0.0,4268.27
ITEM0003378,ORD001603,PROD00121,1,11305.27,0.0,11305.27
ITEM0003379,ORD001604,PROD00204,2,3352.35,0.0,6704.7
ITEM0003380,ORD001605,PROD00050,1,5338.68,0.0,5338.68
ITEM0003381,ORD001605,PROD00053,2,7229.99,0.0,14459.98
ITEM0003382,ORD001605,PROD00084,1,7622.23,0.29,5411.78
ITEM0003383,ORD001606,PROD00193,3,9202.76,0.0,27608.28
ITEM0003384,ORD001607,PROD00011,2,2615.05,0.0,5230.1
ITEM0003385,ORD001608,PROD00121,2,11305.27,0.0,22610.54
ITEM0003386,ORD001608,PROD00151,1,5518.05,0.0,5518.05
ITEM0003387,ORD001608,PROD00004,2,4097.38,0.17,6801.65
ITEM0003388,ORD001608,PROD00228,1,1263.16,0.14,1086.32
ITEM0003389,ORD001609,PROD00107,1,6282.37,0.0,6282.37
ITEM0003390,ORD001610,PROD00189,1,7636.65,0.03,7407.55
ITEM0003391,ORD001610,PROD00204,1,3352.35,0.0,3352.35
ITEM0003392,ORD001610,PROD00121,1,11305.27,0.0,11305.27
ITEM0003393,ORD001610,PROD00059,3,11784.91,0.18,28990.88
ITEM0003394,ORD001610,PROD00043,1,1789.22,0.0,1789.22
ITEM0003395,ORD001611,PROD00258,2,5858.08,0.14,10075.9
ITEM0003396,ORD001612,PROD00018,3,2803.77,0.0,8411.31
ITEM0003397,ORD001612,PROD00059,2,11784.91,0.16,19798.65
ITEM0003398,ORD001613,PROD00010,1,2259.53,0.0,2259.53
ITEM0003399,ORD001614,PROD00241,2,1882.74,0.0,3765.48
ITEM0003400,ORD001614,PROD00006,1,8153.69,0.01,8072.15
ITEM0003401,ORD001615,PROD00032,2,301.12,0.0,602.24
ITEM0003402,ORD001616,PROD00282,1,3504.39,0.0,3504.39
ITEM0003403,ORD001617,PROD00096,1,4639.15,0.0,4639.15
ITEM0003404,ORD001617,PROD00172,2,734.93,0.0,1469.86
ITEM0003405,ORD001618,PROD00064,1,4268.27,0.17,3542.66
ITEM0003406,ORD001618,PROD00298,4,5321.16,0.0,21284.64
ITEM0003407,ORD001619,PROD00300,1,1343.36,0.08,1235.89
ITEM0003408,ORD001620,PROD00205,1,6283.38,0.03,6094.88
ITEM0003409,ORD001621,PROD00066,1,899.86,0.15,764.88
ITEM0003410,ORD001621,PROD00143,2,1075.34,0.0,2150.68
ITEM0003411,ORD001622,PROD00288,1,2790.22,0.1,2511.2
ITEM0003412,ORD001622,PROD00151,1,5518.05,0.24,4193.72
ITEM0003413,ORD001622,PROD00088,1,4559.98,0.0,4559.98
ITEM0003414,ORD001623,PROD00263,1,4979.64,0.0,4979.64
ITEM0003415,ORD001624,PROD00232,3,3144.6,0.0,9433.8
ITEM0003416,ORD001624,PROD00057,1,4595.24,0.0,4595.24
ITEM0003417,ORD001625,PROD00101,1,1373.9,0.0,1373.9
ITEM0003418,ORD001626,PROD00184,1,1498.15,0.13,1303.39
ITEM0003419,ORD001626,PROD00192,1,5116.05,0.0,5116.05
ITEM0003420,ORD001626,PROD00096,2,4639.15,0.0,9278.3
ITEM0003421,ORD001626,PROD00295,1,895.09,0.0,895.09
ITEM0003422,ORD001627,PROD00295,4,895.09,0.0,3580.36
ITEM0003423,ORD001627,PROD00037,3,5435.74,0.02,15981.08
ITEM0003424,ORD001628,PROD00117,1,498.3,0.0,498.3
ITEM0003425,ORD001628,PROD00037,1,5435.74,0.0,5435.74
ITEM0003426,ORD001628,PROD00244,1,4549.33,0.0,4549.33
ITEM0003427,ORD001628,PROD00150,1,290.6,0.13,252.82
ITEM0003428,ORD001629,PROD00007,1,7518.69,0.01,7443.5
ITEM0003429,ORD001629,PROD00297,1,10930.45,0.19,8853.66
ITEM0003430,ORD001630,PROD00131,2,576.16,0.24,875.76
ITEM0003431,ORD001631,PROD00036,2,7308.78,0.0,14617.56
ITEM0003432,ORD001632,PROD00119,1,9197.85,0.0,9197.85
ITEM0003433,ORD001633,PROD00242,2,2496.43,0.0,4992.86
ITEM0003434,ORD001633,PROD00038,1,1983.28,0.22,1546.96
ITEM0003435,ORD001634,PROD00260,1,8617.38,0.0,8617.38
ITEM0003436,ORD001634,PROD00004,1,4097.38,0.24,3114.01
ITEM0003437,ORD001634,PROD00219,1,344.65,0.26,255.04
ITEM0003438,ORD001634,PROD00237,1,8123.36,0.0,8123.36
ITEM0003439,ORD001635,PROD00034,1,2533.01,0.0,2533.01
ITEM0003440,ORD001635,PROD00035,1,2576.9,0.14,2216.13
ITEM0003441,ORD001635,PROD00129,1,2500.46,0.0,2500.46
ITEM0003442,ORD001636,PROD00299,1,10649.19,0.0,10649.19
ITEM0003443,ORD001637,PROD00134,1,1127.73,0.0,1127.73
ITEM0003444,ORD001638,PROD00186,2,1445.96,0.0,2891.92
ITEM0003445,ORD001638,PROD00078,2,2028.86,0.0,4057.72
ITEM0003446,ORD001639,PROD00268,2,852.32,0.0,1704.64
ITEM0003447,ORD001640,PROD00222,1,3002.04,0.21,2371.61
ITEM0003448,ORD001641,PROD00069,2,1148.39,0.0,2296.77
ITEM0003449,ORD001641,PROD00256,1,256.57,0.23,197.56
ITEM0003450,ORD001642,PROD00223,1,2430.88,0.0,2430.88
ITEM0003451,ORD001642,PROD00242,1,2496.43,0.21,1972.18
ITEM0003452,ORD001642,PROD00061,2,4205.57,0.0,8411.14
ITEM0003453,ORD001643,PROD00246,1,8011.14,0.13,6969.69
ITEM0003454,ORD001643,PROD00104,1,2043.03,0.0,2043.03
ITEM0003455,ORD001644,PROD00177,2,5446.6,0.0,10893.2
ITEM0003456,ORD001644,PROD00059,2,11784.91,0.0,23569.82
ITEM0003457,ORD001644,PROD00139,3,5962.8,0.0,17888.4
ITEM0003458,ORD001644,PROD00193,1,9202.76,0.0,9202.76
ITEM0003459,ORD001644,PROD00013,1,10508.19,0.02,10298.03
ITEM0003460,ORD001645,PROD00059,1,11784.91,0.0,11784.91
ITEM0003461,ORD001645,PROD00151,1,5518.05,0.0,5518.05
ITEM0003462,ORD001646,PROD00238,1,7201.82,0.0,7201.82
ITEM0003463,ORD001646,PROD00152,2,1231.99,0.0,2463.98
ITEM0003464,ORD001647,PROD00271,1,439.58,0.0,439.58
ITEM0003465,ORD001647,PROD00289,1,3097.21,0.0,3097.21
ITEM0003466,ORD001648,PROD00185,3,2719.98,0.03,7915.14
ITEM0003467,ORD001649,PROD00210,2,6680.3,0.0,13360.6
ITEM0003468,ORD001650,PROD00094,1,6449.58,0.0,6449.58
ITEM0003469,ORD001651,PROD00255,1,7383.63,0.2,5906.9
ITEM0003470,ORD001652,PROD00247,2,7341.91,0.09,13362.28
ITEM0003471,ORD001652,PROD00255,3,7383.63,0.0,22150.89
ITEM0003472,ORD001652,PROD00140,1,1718.72,0.22,1340.6
ITEM0003473,ORD001653,PROD00214,1,8107.58,0.0,8107.58
ITEM0003474,ORD001653,PROD00084,1,7622.23,0.0,7622.23
ITEM0003475,ORD001654,PROD00222,3,3002.04,0.0,9006.12
ITEM0003476,ORD001655,PROD00157,1,2525.54,0.0,2525.54
ITEM0003477,ORD001655,PROD00154,1,5526.27,0.0,5526.27
ITEM0003478,ORD001656,PROD00119,1,9197.85,0.0,9197.85
ITEM0003479,ORD001657,PROD00277,1,556.92,0.0,556.92
ITEM0003480,ORD001658,PROD00097,2,1492.36,0.01,2954.87
ITEM0003481,ORD001658,PROD00182,4,3616.25,0.0,14465.0
ITEM0003482,ORD001659,PROD00085,2,1960.53,0.0,3921.06
ITEM0003483,ORD001659,PROD00209,2,3816.19,0.0,7632.38
ITEM0003484,ORD001659,PROD00036,1,7308.78,0.07,6797.17
ITEM0003485,ORD001659,PROD00221,2,901.85,0.21,1424.92
ITEM0003486,ORD001660,PROD00017,2,9163.85,0.0,18327.7
ITEM0003487,ORD001660,PROD00263,2,4979.64,0.0,9959.28
ITEM0003488,ORD001660,PROD00250,1,4610.44,0.0,4610.44
ITEM0003489,ORD001660,PROD00263,2,4979.64,0.0,9959.28
ITEM0003490,ORD001661,PROD00199,1,3657.98,0.0,3657.98
ITEM0003491,ORD001662,PROD00115,2,3250.57,0.0,6501.14
ITEM0003492,ORD001663,PROD00003,4,2902.0,0.07,10795.44
ITEM0003493,ORD001663,PROD00048,1,1926.71,0.0,1926.71
ITEM0003494,ORD001663,PROD00055,1,2678.2,0.0,2678.2
ITEM0003495,ORD001664,PROD00127,1,5321.52,0.02,5215.09
ITEM0003496,ORD001664,PROD00044,2,5424.36,0.0,10848.72
ITEM0003497,ORD001665,PROD00236,4,2661.51,0.0,10646.04
ITEM0003498,ORD001666,PROD00171,1,546.18,0.0,546.18
ITEM0003499,ORD001667,PROD00131,1,576.16,0.21,455.17
ITEM0003500,ORD001668,PROD00270,1,4350.17,0.0,4350.17
ITEM0003501,ORD001668,PROD00198,2,1516.26,0.1,2729.27
ITEM0003502,ORD001668,PROD00166,1,7134.8,0.29,5065.71
ITEM0003503,ORD001668,PROD00107,1,6282.37,0.01,6219.55
ITEM0003504,ORD001669,PROD00051,1,8693.03,0.0,8693.03
ITEM0003505,ORD001670,PROD00091,1,1302.09,0.25,976.57
ITEM0003506,ORD001671,PROD00270,2,4350.17,0.18,7134.28
ITEM0003507,ORD001671,PROD00002,1,231.58,0.0,231.58
ITEM0003508,ORD001671,PROD00027,1,5723.51,0.03,5551.8
ITEM0003509,ORD001671,PROD00150,1,290.6,0.0,290.6
ITEM0003510,ORD001672,PROD00122,1,11549.43,0.0,11549.43
ITEM0003511,ORD001672,PROD00121,2,11305.27,0.0,22610.54
ITEM0003512,ORD001673,PROD00189,1,7636.65,0.0,7636.65
ITEM0003513,ORD001673,PROD00165,1,1721.94,0.0,1721.94
ITEM0003514,ORD001674,PROD00275,3,5765.78,0.0,17297.34
ITEM0003515,ORD001675,PROD00019,1,2406.67,0.0,2406.67
ITEM0003516,ORD001675,PROD00296,1,1188.71,0.28,855.87
ITEM0003517,ORD001676,PROD00116,1,3835.95,0.0,3835.95
ITEM0003518,ORD001677,PROD00190,2,3528.69,0.02,6916.23
ITEM0003519,ORD001678,PROD00206,1,8632.13,0.0,8632.13
ITEM0003520,ORD001678,PROD00289,1,3097.21,0.0,3097.21
ITEM0003521,ORD001679,PROD00194,2,535.55,0.25,803.32
ITEM0003522,ORD001680,PROD00220,3,6168.69,0.05,17580.77
ITEM0003523,ORD001681,PROD00042,2,8235.83,0.0,16471.66
ITEM0003524,ORD001682,PROD00151,1,5518.05,0.0,5518.05
ITEM0003525,ORD001683,PROD00139,1,5962.8,0.0,5962.8
ITEM0003526,ORD001683,PROD00236,1,2661.51,0.0,2661.51
ITEM0003527,ORD001684,PROD00090,1,494.65,0.0,494.65
ITEM0003528,ORD001685,PROD00044,2,5424.36,0.0,10848.72
ITEM0003529,ORD001685,PROD00234,2,9552.76,0.0,19105.52
ITEM0003530,ORD001685,PROD00123,4,2950.23,0.0,11800.92
ITEM0003531,ORD001685,PROD00234,1,9552.76,0.0,9552.76
ITEM0003532,ORD001685,PROD00200,2,7131.42,0.0,14262.84
ITEM0003533,ORD001686,PROD00264,3,8008.38,0.0,24025.14
ITEM0003534,ORD001686,PROD00187,3,6641.17,0.0,19923.51
ITEM0003535,ORD001687,PROD00164,1,5504.82,0.17,4569.0
ITEM0003536,ORD001687,PROD00139,1,5962.8,0.0,5962.8
ITEM0003537,ORD001687,PROD00028,1,214.4,0.0,214.4
ITEM0003538,ORD001687,PROD00147,1,4961.76,0.15,4217.5
ITEM0003539,ORD001688,PROD00017,1,9163.85,0.0,9163.85
ITEM0003540,ORD001688,PROD00153,1,4010.2,0.0,4010.2
ITEM0003541,ORD001689,PROD00026,1,992.19,0.0,992.19
ITEM0003542,ORD001689,PROD00128,2,4199.76,0.0,8399.52
ITEM0003543,ORD001689,PROD00025,1,3078.83,0.29,2185.97
ITEM0003544,ORD001689,PROD00001,3,9272.65,0.0,27817.95
ITEM0003545,ORD001690,PROD00140,1,1718.72,0.0,1718.72
ITEM0003546,ORD001691,PROD00093,4,3802.74,0.0,15210.96
ITEM0003547,ORD001691,PROD00248,1,10128.22,0.08,9317.96
ITEM0003548,ORD001692,PROD00032,2,301.12,0.0,602.24
ITEM0003549,ORD001692,PROD00281,1,7979.23,0.0,7979.23
ITEM0003550,ORD001693,PROD00122,1,11549.43,0.05,10971.96
ITEM0003551,ORD001693,PROD00135,2,2086.2,0.0,4172.4
ITEM0003552,ORD001693,PROD00142,1,8354.87,0.1,7519.38
ITEM0003553,ORD001694,PROD00295,1,895.09,0.0,895.09
ITEM0003554,ORD001695,PROD00053,1,7229.99,0.0,7229.99
ITEM0003555,ORD001696,PROD00022,2,1547.99,0.23,2383.9
ITEM0003556,ORD001696,PROD00014,1,1451.31,0.0,1451.31
ITEM0003557,ORD001697,PROD00011,2,2615.05,0.0,5230.1
ITEM0003558,ORD001697,PROD00102,1,6509.4,0.0,6509.4
ITEM0003559,ORD001698,PROD00166,1,7134.8,0.25,5351.1
ITEM0003560,ORD001699,PROD00173,2,737.77,0.24,1121.41
ITEM0003561,ORD001700,PROD00109,1,7944.57,0.0,7944.57
ITEM0003562,ORD001700,PROD00024,1,10115.71,0.0,10115.71
ITEM0003563,ORD001701,PROD00278,1,629.94,0.0,629.94
ITEM0003564,ORD001702,PROD00281,1,7979.23,0.0,7979.23
ITEM0003565,ORD001702,PROD00256,2,256.57,0.0,513.14
ITEM0003566,ORD001702,PROD00265,1,4207.25,0.0,4207.25
ITEM0003567,ORD001702,PROD00232,3,3144.6,0.0,9433.8
ITEM0003568,ORD001702,PROD00198,3,1516.26,0.0,4548.78
ITEM0003569,ORD001703,PROD00101,3,1373.9,0.0,4121.7
ITEM0003570,ORD001703,PROD00278,1,629.94,0.02,617.34
ITEM0003571,ORD001703,PROD00072,2,6999.91,0.0,13999.82
ITEM0003572,ORD001703,PROD00138,1,10725.29,0.0,10725.29
ITEM0003573,ORD001704,PROD00193,4,9202.76,0.0,36811.04
ITEM0003574,ORD001705,PROD00126,1,10802.22,0.0,10802.22
ITEM0003575,ORD001705,PROD00110,3,7163.14,0.0,21489.42
ITEM0003576,ORD001706,PROD00047,2,1589.57,0.0,3179.14
ITEM0003577,ORD001706,PROD00189,1,7636.65,0.0,7636.65
ITEM0003578,ORD001707,PROD00105,1,3095.41,0.0,3095.41
ITEM0003579,ORD001708,PROD00070,1,6693.56,0.0,6693.56
ITEM0003580,ORD001709,PROD00057,1,4595.24,0.0,4595.24
ITEM0003581,ORD001710,PROD00182,1,3616.25,0.0,3616.25
ITEM0003582,ORD001711,PROD00239,2,467.33,0.28,672.96
ITEM0003583,ORD001711,PROD00082,1,3992.96,0.0,3992.96
ITEM0003584,ORD001711,PROD00117,1,498.3,0.0,498.3
ITEM0003585,ORD001712,PROD00046,1,8988.77,0.0,8988.77
ITEM0003586,ORD001712,PROD00092,2,1552.76,0.0,3105.52
ITEM0003587,ORD001712,PROD00053,1,7229.99,0.0,7229.99
ITEM0003588,ORD001713,PROD00270,1,4350.17,0.08,4002.16
ITEM0003589,ORD001714,PROD00110,1,7163.14,0.0,7163.14
ITEM0003590,ORD001714,PROD00036,1,7308.78,0.13,6358.64
ITEM0003591,ORD001715,PROD00198,1,1516.26,0.0,1516.26
ITEM0003592,ORD001715,PROD00132,1,5296.2,0.0,5296.2
ITEM0003593,ORD001716,PROD00031,1,4066.81,0.23,3131.44
ITEM0003594,ORD001717,PROD00091,1,1302.09,0.24,989.59
ITEM0003595,ORD001718,PROD00015,1,5418.41,0.0,5418.41
ITEM0003596,ORD001719,PROD00299,1,10649.19,0.16,8945.32
ITEM0003597,ORD001720,PROD00067,2,996.38,0.0,1992.76
ITEM0003598,ORD001721,PROD00090,4,494.65,0.0,1978.6
ITEM0003599,ORD001722,PROD00077,1,7101.66,0.08,6533.53
ITEM0003600,ORD001722,PROD00148,4,3870.28,0.0,15481.12
ITEM0003601,ORD001722,PROD00045,1,4706.05,0.0,4706.05
ITEM0003602,ORD001722,PROD00214,1,8107.58,0.0,8107.58
ITEM0003603,ORD001722,PROD00258,2,5858.08,0.18,9607.25
ITEM0003604,ORD001723,PROD00121,2,11305.27,0.0,22610.54
ITEM0003605,ORD001724,PROD00158,1,8138.6,0.0,8138.6
ITEM0003606,ORD001724,PROD00177,1,5446.6,0.0,5446.6
ITEM0003607,ORD001724,PROD00109,1,7944.57,0.0,7944.57
ITEM0003608,ORD001724,PROD00245,1,6215.91,0.15,5283.52
ITEM0003609,ORD001725,PROD00280,1,4625.83,0.0,4625.83
ITEM0003610,ORD001725,PROD00229,2,726.54,0.0,1453.08
ITEM0003611,ORD001725,PROD00157,3,2525.54,0.0,7576.62
ITEM0003612,ORD001726,PROD00197,1,8766.75,0.0,8766.75
ITEM0003613,ORD001726,PROD00174,1,4285.14,0.0,4285.14
ITEM0003614,ORD001727,PROD00191,1,4249.81,0.0,4249.81
ITEM0003615,ORD001728,PROD00272,1,7587.4,0.18,6221.67
ITEM0003616,ORD001728,PROD00273,1,4432.81,0.0,4432.81
ITEM0003617,ORD001728,PROD00288,1,2790.22,0.0,2790.22
ITEM0003618,ORD001728,PROD00283,4,7427.34,0.0,29709.36
ITEM0003619,ORD001729,PROD00037,1,5435.74,0.0,5435.74
ITEM0003620,ORD001730,PROD00136,1,621.23,0.11,552.89
ITEM0003621,ORD001731,PROD00206,1,8632.13,0.0,8632.13
ITEM0003622,ORD001732,PROD00110,2,7163.14,0.0,14326.28
ITEM0003623,ORD001732,PROD00247,1,7341.91,0.0,7341.91
ITEM0003624,ORD001732,PROD00143,1,1075.34,0.0,1075.34
ITEM0003625,ORD001733,PROD00176,2,5492.71,0.23,8458.77
ITEM0003626,ORD001733,PROD00063,4,1083.33,0.0,4333.32
ITEM0003627,ORD001733,PROD00100,1,8661.69,0.0,8661.69
ITEM0003628,ORD001733,PROD00135,2,2086.2,0.0,4172.4
ITEM0003629,ORD001734,PROD00191,2,4249.81,0.0,8499.62
ITEM0003630,ORD001734,PROD00181,1,2887.17,0.0,2887.17
ITEM0003631,ORD001735,PROD00286,1,945.94,0.0,945.94
ITEM0003632,ORD001735,PROD00223,1,2430.88,0.0,2430.88
ITEM0003633,ORD001736,PROD00248,3,10128.22,0.0,30384.66
ITEM0003634,ORD001737,PROD00065,2,6570.64,0.21,10381.61
ITEM0003635,ORD001737,PROD00103,3,9136.07,0.0,27408.21
ITEM0003636,ORD001737,PROD00163,1,2745.97,0.0,2745.97
ITEM0003637,ORD001738,PROD00281,2,7979.23,0.08,14681.78
ITEM0003638,ORD001738,PROD00266,1,5956.89,0.0,5956.89
ITEM0003639,ORD001738,PROD00007,2,7518.69,0.0,15037.38
ITEM0003640,ORD001739,PROD00239,2,467.33,0.0,934.66
ITEM0003641,ORD001740,PROD00020,3,7970.85,0.0,23912.55
ITEM0003642,ORD001740,PROD00219,1,344.65,0.0,344.65
ITEM0003643,ORD001741,PROD00285,3,2757.81,0.0,8273.43
ITEM0003644,ORD001742,PROD00236,1,2661.51,0.0,2661.51
ITEM0003645,ORD001742,PROD00134,2,1127.73,0.04,2165.24
ITEM0003646,ORD001742,PROD00035,1,2576.9,0.0,2576.9
ITEM0003647,ORD001742,PROD00295,1,895.09,0.0,895.09
ITEM0003648,ORD001743,PROD00274,1,5633.46,0.17,4675.77
ITEM0003649,ORD001743,PROD00286,4,945.94,0.04,3632.41
ITEM0003650,ORD001743,PROD00240,2,4510.78,0.02,8841.13
ITEM0003651,ORD001744,PROD00148,3,3870.28,0.0,11610.84
ITEM0003652,ORD001744,PROD00010,1,2259.53,0.17,1875.41
ITEM0003653,ORD001744,PROD00279,1,7168.01,0.0,7168.01
ITEM0003654,ORD001744,PROD00251,4,3365.3,0.0,13461.2
ITEM0003655,ORD001745,PROD00029,1,5799.72,0.0,5799.72
ITEM0003656,ORD001745,PROD00207,3,6547.46,0.0,19642.38
ITEM0003657,ORD001746,PROD00195,1,9608.14,0.0,9608.14
ITEM0003658,ORD001747,PROD00103,2,9136.07,0.0,18272.14
ITEM0003659,ORD001748,PROD00101,2,1373.9,0.11,2445.54
ITEM0003660,ORD001749,PROD00113,2,3472.93,0.0,6945.86
ITEM0003661,ORD001749,PROD00181,1,2887.17,0.0,2887.17
ITEM0003662,ORD001750,PROD00178,1,7985.04,0.0,7985.04
ITEM0003663,ORD001750,PROD00032,1,301.12,0.0,301.12
ITEM0003664,ORD001750,PROD00275,2,5765.78,0.01,11416.24
ITEM0003665,ORD001750,PROD00152,2,1231.99,0.0,2463.98
ITEM0003666,ORD001750,PROD00141,1,4481.31,0.0,4481.31
ITEM0003667,ORD001751,PROD00217,1,260.84,0.0,260.84
ITEM0003668,ORD001752,PROD00291,2,1173.69,0.06,2206.54
ITEM0003669,ORD001753,PROD00003,2,2902.0,0.0,5804.0
ITEM0003670,ORD001754,PROD00228,1,1263.16,0.24,960.0
ITEM0003671,ORD001755,PROD00189,4,7636.65,0.19,24742.75
ITEM0003672,ORD001756,PROD00110,4,7163.14,0.0,28652.56
ITEM0003673,ORD001756,PROD00124,1,2025.14,0.0,2025.14
ITEM0003674,ORD001757,PROD00032,-3,301.12,0.15,-767.86
ITEM0003675,ORD001757,PROD00206,1,8632.13,0.0,8632.13
ITEM0003676,ORD001757,PROD00063,3,1083.33,0.02,3184.99
ITEM0003677,ORD001758,PROD00250,1,4610.44,0.0,4610.44
ITEM0003678,ORD001758,PROD00044,3,5424.36,0.13,14157.58
ITEM0003679,ORD001759,PROD00232,2,3144.6,0.0,6289.2
ITEM0003680,ORD001759,PROD00019,1,2406.67,0.04,2310.4
ITEM0003681,ORD001759,PROD00272,3,7587.4,0.0,22762.2
ITEM0003682,ORD001759,PROD00110,1,7163.14,0.0,7163.14
ITEM0003683,ORD001759,PROD00250,1,4610.44,0.0,4610.44
ITEM0003684,ORD001760,PROD00036,1,7308.78,0.0,7308.78
ITEM0003685,ORD001760,PROD00089,4,781.78,0.0,3127.12
ITEM0003686,ORD001761,PROD00065,2,6570.64,0.0,13141.28
ITEM0003687,ORD001761,PROD00012,3,7089.43,0.14,18290.73
ITEM0003688,ORD001761,PROD00019,1,2406.67,0.0,2406.67
ITEM0003689,ORD001761,PROD00135,1,2086.2,0.0,2086.2
ITEM0003690,ORD001762,PROD00264,3,8008.38,0.02,23544.64
ITEM0003691,ORD001763,PROD00234,1,9552.76,0.23,7355.63
ITEM0003692,ORD001764,PROD00170,2,1060.12,0.0,2120.23
ITEM0003693,ORD001764,PROD00282,1,3504.39,0.0,3504.39
ITEM0003694,ORD001764,PROD00279,2,7168.01,0.0,14336.02
ITEM0003695,ORD001764,PROD00284,1,1981.58,0.08,1823.05
ITEM0003696,ORD001765,PROD00154,1,5526.27,0.0,5526.27
ITEM0003697,ORD001765,PROD00080,1,862.91,0.0,862.91
ITEM0003698,ORD001765,PROD00131,1,576.16,0.0,576.16
ITEM0003699,ORD001766,PROD00237,1,8123.36,0.0,8123.36
ITEM0003700,ORD001767,PROD00249,1,4279.09,0.0,4279.09
ITEM0003701,ORD001767,PROD00279,1,7168.01,0.27,5232.65
ITEM0003702,ORD001767,PROD00209,1,3816.19,0.0,3816.19
ITEM0003703,ORD001768,PROD00043,1,1789.22,0.0,1789.22
ITEM0003704,ORD001769,PROD00139,2,5962.8,0.25,8944.2
ITEM0003705,ORD001770,PROD00028,1,214.4,0.0,214.4
ITEM0003706,ORD001770,PROD00300,3,1343.36,0.0,4030.08
ITEM0003707,ORD001771,PROD00210,2,6680.3,0.0,13360.6
ITEM0003708,ORD001771,PROD00241,1,251.97,0.0,251.97
ITEM0003709,ORD001771,PROD00160,1,1750.19,0.0,1750.19
ITEM0003710,ORD001772,PROD00110,1,7163.14,0.0,7163.14
ITEM0003711,ORD001773,PROD00177,2,5446.6,0.21,8605.63
ITEM0003712,ORD001774,PROD00202,2,1016.59,0.15,1728.2
ITEM0003713,ORD001774,PROD00235,3,1155.59,0.0,3466.77
ITEM0003714,ORD001774,PROD00107,1,6282.37,0.17,5214.37
ITEM0003715,ORD001774,PROD00025,1,3078.83,0.0,3078.83
ITEM0003716,ORD001775,PROD00148,2,3870.28,0.0,7740.56
ITEM0003717,ORD001775,PROD00040,2,3631.49,0.0,7262.98
ITEM0003718,ORD001776,PROD00038,1,1983.28,0.03,1923.78
ITEM0003719,ORD001776,PROD00286,2,945.94,0.29,1343.23
ITEM0003720,ORD001777,PROD00068,2,1589.23,0.0,3178.46
ITEM0003721,ORD001777,PROD00266,2,5956.89,0.09,10841.54
ITEM0003722,ORD001777,PROD00113,2,3472.93,0.0,6945.86
ITEM0003723,ORD001778,PROD00153,2,4010.2,0.0,8020.4
ITEM0003724,ORD001778,PROD00066,1,899.86,0.0,899.86
ITEM0003725,ORD001779,PROD00149,1,832.87,0.0,832.87
ITEM0003726,ORD001780,PROD00293,1,5361.88,0.0,5361.88
ITEM0003727,ORD001780,PROD00114,2,2295.26,0.27,3351.08
ITEM0003728,ORD001780,PROD00187,1,6641.17,0.0,6641.17
ITEM0003729,ORD001780,PROD00247,1,7341.91,0.0,7341.91
ITEM0003730,ORD001781,PROD00023,1,3506.84,0.0,3506.84
ITEM0003731,ORD001782,PROD00297,2,10930.45,0.0,21860.9
ITEM0003732,ORD001782,PROD00240,1,4510.78,0.0,4510.78
ITEM0003733,ORD001783,PROD00217,1,260.84,0.0,260.84
ITEM0003734,ORD001784,PROD00295,2,895.09,0.0,1790.18
ITEM0003735,ORD001785,PROD00300,2,1343.36,0.29,1907.57
ITEM0003736,ORD001786,PROD00155,2,1532.82,0.0,3065.64
ITEM0003737,ORD001787,PROD00181,1,2887.17,0.0,2887.17
ITEM0003738,ORD001787,PROD00147,2,4961.76,0.0,9923.52
ITEM0003739,ORD001787,PROD00049,1,5326.74,0.0,5326.74
ITEM0003740,ORD001788,PROD00022,2,1547.99,0.0,3095.98
ITEM0003741,ORD001789,PROD00288,1,2790.22,0.0,2790.22
ITEM0003742,ORD001789,PROD00205,1,6283.38,0.0,6283.38
ITEM0003743,ORD001789,PROD00275,3,5765.78,0.0,17297.34
ITEM0003744,ORD001790,PROD00296,2,1188.71,0.0,2377.42
ITEM0003745,ORD001790,PROD00276,1,8701.77,0.0,8701.77
ITEM0003746,ORD001791,PROD00184,1,1498.15,0.1,1348.34
ITEM0003747,ORD001792,PROD00166,1,7134.8,0.03,6920.76
ITEM0003748,ORD001792,PROD00141,1,4481.31,0.18,3674.67
ITEM0003749,ORD001792,PROD00077,2,7101.66,0.0,14203.32
ITEM0003750,ORD001792,PROD00171,1,546.18,0.0,546.18
ITEM0003751,ORD001792,PROD00052,1,1689.78,0.25,1267.34
ITEM0003752,ORD001793,PROD00183,1,526.69,0.22,410.82
ITEM0003753,ORD001793,PROD00089,3,781.78,0.0,2345.34
ITEM0003754,ORD001793,PROD00057,1,4595.24,0.0,4595.24
ITEM0003755,ORD001793,PROD00111,1,5596.44,0.0,5596.44
ITEM0003756,ORD001794,PROD00241,2,772.95,0.0,1545.9
ITEM0003757,ORD001795,PROD00182,1,3616.25,0.0,3616.25
ITEM0003758,ORD001796,PROD00063,1,1083.33,0.0,1083.33
ITEM0003759,ORD001797,PROD00038,1,1983.28,0.16,1665.96
ITEM0003760,ORD001797,PROD00051,3,8693.03,0.27,19037.74
ITEM0003761,ORD001798,PROD00092,1,1552.76,0.0,1552.76
ITEM0003762,ORD001798,PROD00008,1,5338.8,0.0,5338.8
ITEM0003763,ORD001799,PROD00132,1,5296.2,0.11,4713.62
ITEM0003764,ORD001799,PROD00204,3,3352.35,0.0,10057.05
ITEM0003765,ORD001799,PROD00055,1,2678.2,0.0,2678.2
ITEM0003766,ORD001800,PROD00095,1,1505.02,0.0,1505.02
ITEM0003767,ORD001800,PROD00195,2,9608.14,0.0,19216.28
ITEM0003768,ORD001800,PROD00104,3,2043.03,0.29,4351.65
ITEM0003769,ORD001801,PROD00142,4,8354.87,0.0,33419.48
ITEM0003770,ORD001802,PROD00150,1,290.6,0.0,290.6
ITEM0003771,ORD001803,PROD00284,1,1981.58,0.0,1981.58
ITEM0003772,ORD001804,PROD00113,2,3472.93,0.0,6945.86
ITEM0003773,ORD001804,PROD00246,1,8011.14,0.0,8011.14
ITEM0003774,ORD001805,PROD00190,1,3528.69,0.07,3281.68
ITEM0003775,ORD001805,PROD00141,1,4481.31,0.0,4481.31
ITEM0003776,ORD001806,PROD00002,1,231.58,0.0,231.58
ITEM0003777,ORD001807,PROD00168,1,5760.76,0.15,4896.65
ITEM0003778,ORD001808,PROD00193,1,9202.76,0.0,9202.76
ITEM0003779,ORD001808,PROD00175,-2,8513.93,0.0,-17027.86
ITEM0003780,ORD001808,PROD00174,1,4285.14,0.01,4242.29
ITEM0003781,ORD001808,PROD00032,1,301.12,0.0,301.12
ITEM0003782,ORD001808,PROD00271,1,439.58,0.07,408.81
ITEM0003783,ORD001809,PROD00051,3,8693.03,0.0,26079.09
ITEM0003784,ORD001809,PROD00208,2,4099.5,0.0,8199.0
ITEM0003785,ORD001810,PROD00296,1,1188.71,0.0,1188.71
ITEM0003786,ORD001811,PROD00093,1,3802.74,0.0,3802.74
ITEM0003787,ORD001811,PROD00098,3,2402.47,0.0,7207.41
ITEM0003788,ORD001812,PROD00088,1,4559.98,0.04,4377.58
ITEM0003789,ORD001812,PROD00262,1,1460.84,0.0,1460.84
ITEM0003790,ORD001812,PROD00196,1,6703.46,0.0,6703.46
ITEM0003791,ORD001812,PROD00238,1,7201.82,0.0,7201.82
ITEM0003792,ORD001813,PROD00278,1,629.94,0.0,629.94
ITEM0003793,ORD001814,PROD00082,2,3992.96,0.0,7985.92
ITEM0003794,ORD001814,PROD00146,3,504.1,0.0,1512.3
ITEM0003795,ORD001814,PROD00023,1,3506.84,0.0,3506.84
ITEM0003796,ORD001814,PROD00127,1,5321.52,0.0,5321.52
ITEM0003797,ORD001814,PROD00200,1,7131.42,0.0,7131.42
ITEM0003798,ORD001815,PROD00076,1,6038.15,0.0,6038.15
ITEM0003799,ORD001816,PROD00258,2,5858.08,0.0,11716.16
ITEM0003800,ORD001817,PROD00185,1,2719.98,0.0,2719.98
ITEM0003801,ORD001818,PROD00063,2,1083.33,0.16,1819.99
ITEM0003802,ORD001818,PROD00198,1,1516.26,0.0,1516.26
ITEM0003803,ORD001818,PROD00160,3,1750.19,0.0,5250.57
ITEM0003804,ORD001818,PROD00212,1,7782.48,0.09,7082.06
ITEM0003805,ORD001819,PROD00236,1,2661.51,0.0,2661.51
ITEM0003806,ORD001819,PROD00042,4,8235.83,0.0,32943.32
ITEM0003807,ORD001819,PROD00135,1,2086.2,0.12,1835.86
ITEM0003808,ORD001819,PROD00229,1,726.54,0.0,726.54
ITEM0003809,ORD001820,PROD00146,3,504.1,0.0,1512.3
ITEM0003810,ORD001820,PROD00131,1,576.16,0.0,576.16
ITEM0003811,ORD001821,PROD00046,2,8988.77,0.03,17438.21
ITEM0003812,ORD001821,PROD00181,1,2887.17,0.0,2887.17
ITEM0003813,ORD001821,PROD00265,1,4207.25,0.0,4207.25
ITEM0003814,ORD001821,PROD00227,4,3250.8,0.0,13003.2
ITEM0003815,ORD001821,PROD00015,1,5418.41,0.0,5418.41
ITEM0003816,ORD001822,PROD00278,3,629.94,0.0,1889.82
ITEM0003817,ORD001822,PROD00083,1,9425.24,0.3,6597.67
ITEM0003818,ORD001822,PROD00158,2,8138.6,0.29,11556.81
ITEM0003819,ORD001822,PROD00118,1,8273.55,0.0,8273.55
ITEM0003820,ORD001822,PROD00241,1,1484.4,0.06,1395.34
ITEM0003821,ORD001823,PROD00084,1,7622.23,0.0,7622.23
ITEM0003822,ORD001824,PROD00071,1,534.87,0.29,379.76
ITEM0003823,ORD001825,PROD00124,4,2025.14,0.19,6561.45
ITEM0003824,ORD001825,PROD00170,1,2422.04,0.2,1937.64
ITEM0003825,ORD001826,PROD00136,1,621.23,0.0,621.23
ITEM0003826,ORD001827,PROD00239,1,467.33,0.11,415.92
ITEM0003827,ORD001827,PROD00291,4,1173.69,0.0,4694.76
ITEM0003828,ORD001828,PROD00184,1,1498.15,0.0,1498.15
ITEM0003829,ORD001828,PROD00225,1,6042.7,0.0,6042.7
ITEM0003830,ORD001828,PROD00300,2,1343.36,0.0,2686.72
ITEM0003831,ORD001828,PROD00164,3,5504.82,0.04,15853.88
ITEM0003832,ORD001828,PROD00165,1,1721.94,0.22,1343.11
ITEM0003833,ORD001829,PROD00296,1,1188.71,0.0,1188.71
ITEM0003834,ORD001830,PROD00289,1,3097.21,0.0,3097.21
ITEM0003835,ORD001830,PROD00121,1,11305.27,0.13,9835.58
ITEM0003836,ORD001830,PROD00106,1,3963.99,0.0,3963.99
ITEM0003837,ORD001830,PROD00182,4,3616.25,0.0,14465.0
ITEM0003838,ORD001831,PROD00097,1,1492.36,0.19,1208.81
ITEM0003839,ORD001831,PROD00212,1,7782.48,0.21,6148.16
ITEM0003840,ORD001831,PROD00243,1,6308.05,0.0,6308.05
ITEM0003841,ORD001832,PROD00252,1,910.14,0.0,910.14
ITEM0003842,ORD001832,PROD00202,1,1016.59,0.13,884.43
ITEM0003843,ORD001833,PROD00262,1,1460.84,0.0,1460.84
ITEM0003844,ORD001834,PROD00133,3,7313.64,0.0,21940.92
ITEM0003845,ORD001834,PROD00035,1,2576.9,0.0,2576.9
ITEM0003846,ORD001834,PROD00167,1,2019.38,0.0,2019.38
ITEM0003847,ORD001834,PROD00200,2,7131.42,0.0,14262.84
ITEM0003848,ORD001835,PROD00030,1,4937.89,0.03,4789.75
ITEM0003849,ORD001835,PROD00288,3,2790.22,0.0,8370.66
ITEM0003850,ORD001835,PROD00231,1,3622.68,0.0,3622.68
ITEM0003851,ORD001835,PROD00045,1,4706.05,0.0,4706.05
ITEM0003852,ORD001836,PROD00133,1,7313.64,0.3,5119.55
ITEM0003853,ORD001836,PROD00026,1,992.19,0.3,694.53
ITEM0003854,ORD001837,PROD00243,2,6308.05,0.0,12616.1
ITEM0003855,ORD001837,PROD00165,1,1721.94,0.0,1721.94
ITEM0003856,ORD001837,PROD00050,1,5338.68,0.19,4324.33
ITEM0003857,ORD001837,PROD00134,2,1127.73,0.28,1623.93
ITEM0003858,ORD001837,PROD00095,1,1505.02,0.0,1505.02
ITEM0003859,ORD001838,PROD00016,3,6005.27,0.27,13151.54
ITEM0003860,ORD001839,PROD00039,2,6419.63,0.0,12839.26
ITEM0003861,ORD001840,PROD00064,1,4268.27,0.0,4268.27
ITEM0003862,ORD001840,PROD00106,1,3963.99,0.02,3884.71
ITEM0003863,ORD001841,PROD00015,2,5418.41,0.24,8235.98
ITEM0003864,ORD001841,PROD00112,1,3435.2,0.12,3022.98
ITEM0003865,ORD001842,PROD00288,-3,2790.22,0.0,-8370.66
ITEM0003866,ORD001843,PROD00176,2,5492.71,0.0,10985.42
ITEM0003867,ORD001844,PROD00049,1,5326.74,0.0,5326.74
ITEM0003868,ORD001845,PROD00050,2,5338.68,0.01,10570.59
ITEM0003869,ORD001846,PROD00265,4,4207.25,0.25,12621.75
ITEM0003870,ORD001847,PROD00098,2,2402.47,0.13,4180.3
ITEM0003871,ORD001848,PROD00081,1,2624.19,0.0,2624.19
ITEM0003872,ORD001848,PROD00128,3,4199.76,0.0,12599.28
ITEM0003873,ORD001849,PROD00054,1,5941.63,0.17,4931.55
ITEM0003874,ORD001849,PROD00197,1,8766.75,0.0,8766.75
ITEM0003875,ORD001849,PROD00090,1,494.65,0.0,494.65
ITEM0003876,ORD001850,PROD00210,2,6680.3,0.0,13360.6
ITEM0003877,ORD001850,PROD00210,4,6680.3,0.08,24583.5
ITEM0003878,ORD001850,PROD00262,2,1460.84,0.0,2921.68
ITEM0003879,ORD001851,PROD00111,3,5596.44,0.0,16789.32
ITEM0003880,ORD001851,PROD00220,1,6168.69,0.0,6168.69
ITEM0003881,ORD001852,PROD00130,3,3445.25,0.29,7338.38
ITEM0003882,ORD001853,PROD00112,1,3435.2,0.0,3435.2
ITEM0003883,ORD001853,PROD00169,1,5358.09,0.08,4929.44
ITEM0003884,ORD001854,PROD00087,2,4546.57,0.0,9093.14
ITEM0003885,ORD001854,PROD00243,1,6308.05,0.09,5740.33
ITEM0003886,ORD001854,PROD00169,3,5358.09,0.0,16074.27
ITEM0003887,ORD001855,PROD00285,1,2757.81,0.3,1930.47
ITEM0003888,ORD001855,PROD00228,1,1263.16,0.0,1263.16
ITEM0003889,ORD001855,PROD00262,1,1460.84,0.16,1227.11
ITEM0003890,ORD001855,PROD00050,2,5338.68,0.14,9182.53
ITEM0003891,ORD001856,PROD00146,1,504.1,0.0,504.1
ITEM0003892,ORD001857,PROD00130,1,3445.25,0.07,3204.08
ITEM0003893,ORD001858,PROD00179,1,6055.62,0.0,6055.62
ITEM0003894,ORD001858,PROD00033,1,1942.09,0.02,1903.25
ITEM0003895,ORD001859,PROD00140,1,1718.72,0.0,1718.72
ITEM0003896,ORD001860,PROD00269,2,2135.25,0.0,4270.5
ITEM0003897,ORD001860,PROD00183,1,526.69,0.05,500.36
ITEM0003898,ORD001861,PROD00001,1,9272.65,0.16,7789.03
ITEM0003899,ORD001862,PROD00242,2,2496.43,0.0,4992.86
ITEM0003900,ORD001862,PROD00158,1,8138.6,0.05,7731.67
ITEM0003901,ORD001862,PROD00189,1,7636.65,0.24,5803.85
ITEM0003902,ORD001862,PROD00098,1,2402.47,0.17,1994.05
ITEM0003903,ORD001862,PROD00275,1,5765.78,0.22,4497.31
ITEM0003904,ORD001863,PROD00214,3,8107.58,0.26,17998.83
ITEM0003905,ORD001864,PROD00021,1,6443.82,0.14,5541.69
ITEM0003906,ORD001864,PROD00005,2,246.43,0.1,443.57
ITEM0003907,ORD001864,PROD00233,4,3164.97,0.0,12659.88
ITEM0003908,ORD001864,PROD00113,1,3472.93,0.09,3160.37
ITEM0003909,ORD001864,PROD00178,2,7985.04,0.0,15970.08
ITEM0003910,ORD001865,PROD00011,1,2615.05,0.13,2275.09
ITEM0003911,ORD001866,PROD00235,2,1155.59,0.28,1664.05
ITEM0003912,ORD001867,PROD00054,1,5941.63,0.0,5941.63
ITEM0003913,ORD001867,PROD00025,1,3078.83,0.23,2370.7
ITEM0003914,ORD001867,PROD00296,3,1188.71,0.16,2995.55
ITEM0003915,ORD001867,PROD00238,4,7201.82,0.0,28807.28
ITEM0003916,ORD001867,PROD00115,2,3250.57,0.12,5721.0
ITEM0003917,ORD001868,PROD00128,1,4199.76,0.0,4199.76
ITEM0003918,ORD001868,PROD00201,1,3944.29,0.28,2839.89
ITEM0003919,ORD001869,PROD00241,1,2307.13,0.0,2307.13
ITEM0003920,ORD001870,PROD00185,1,2719.98,0.03,2638.38
ITEM0003921,ORD001870,PROD00224,1,8522.29,0.0,8522.29
ITEM0003922,ORD001871,PROD00093,1,3802.74,0.0,3802.74
ITEM0003923,ORD001871,PROD00031,2,4066.81,0.0,8133.62
ITEM0003924,ORD001872,PROD00150,1,290.6,0.19,235.39
ITEM0003925,ORD001873,PROD00207,4,6547.46,0.0,26189.84
ITEM0003926,ORD001873,PROD00260,4,8617.38,0.0,34469.52
ITEM0003927,ORD001873,PROD00075,1,6662.95,0.0,6662.95
ITEM0003928,ORD001873,PROD00118,1,8273.55,0.0,8273.55
ITEM0003929,ORD001873,PROD00065,1,6570.64,0.0,6570.64
ITEM0003930,ORD001874,PROD00273,2,4432.81,0.0,8865.62
ITEM0003931,ORD001875,PROD00146,1,504.1,0.0,504.1
ITEM0003932,ORD001875,PROD00159,2,198.83,0.19,322.1
ITEM0003933,ORD001875,PROD00050,1,5338.68,0.0,5338.68
ITEM0003934,ORD001876,PROD00198,2,1516.26,0.0,3032.52
ITEM0003935,ORD001876,PROD00029,1,5799.72,0.0,5799.72
ITEM0003936,ORD001877,PROD00226,1,648.79,0.0,648.79
ITEM0003937,ORD001878,PROD00218,2,6300.23,0.0,12600.46
ITEM0003938,ORD001878,PROD00257,1,2528.74,0.13,2200.0
ITEM0003939,ORD001878,PROD00068,2,1589.23,0.0,3178.46
ITEM0003940,ORD001878,PROD00255,1,7383.63,0.15,6276.09
ITEM0003941,ORD001879,PROD00077,4,7101.66,0.0,28406.64
ITEM0003942,ORD001880,PROD00288,3,2790.22,0.0,8370.66
ITEM0003943,ORD001880,PROD00078,1,2028.86,0.0,2028.86
ITEM0003944,ORD001880,PROD00201,3,3944.29,0.0,11832.87
ITEM0003945,ORD001880,PROD00268,2,852.32,0.29,1210.29
ITEM0003946,ORD001880,PROD00167,2,2019.38,0.0,4038.76
ITEM0003947,ORD001881,PROD00139,1,5962.8,0.21,4710.61
ITEM0003948,ORD001881,PROD00224,3,8522.29,0.18,20964.83
ITEM0003949,ORD001882,PROD00034,2,2533.01,0.1,4559.42
ITEM0003950,ORD001883,PROD00263,1,4979.64,0.0,4979.64
ITEM0003951,ORD001883,PROD00259,1,1489.83,0.0,1489.83
ITEM0003952,ORD001884,PROD00014,4,1451.31,0.08,5340.82
ITEM0003953,ORD001884,PROD00162,3,3555.3,0.0,10665.9
ITEM0003954,ORD001885,PROD00167,1,2019.38,0.21,1595.31
ITEM0003955,ORD001886,PROD00047,1,1589.57,0.09,1446.51
ITEM0003956,ORD001886,PROD00124,3,2025.14,0.29,4313.55
ITEM0003957,ORD001887,PROD00059,2,11784.91,0.0,23569.82
ITEM0003958,ORD001888,PROD00123,1,2950.23,0.0,2950.23
ITEM0003959,ORD001888,PROD00276,1,8701.77,0.0,8701.77
ITEM0003960,ORD001888,PROD00002,1,231.58,0.0,231.58
ITEM0003961,ORD001889,PROD00018,1,2803.77,0.0,2803.77
ITEM0003962,ORD001889,PROD00034,1,2533.01,0.26,1874.43
ITEM0003963,ORD001889,PROD00047,1,1589.57,0.0,1589.57
ITEM0003964,ORD001890,PROD00221,1,901.85,0.3,631.29
ITEM0003965,ORD001890,PROD00154,1,5526.27,0.0,5526.27
ITEM0003966,ORD001891,PROD00287,1,6559.01,0.0,6559.01
ITEM0003967,ORD001891,PROD00238,1,7201.82,0.12,6337.6
ITEM0003968,ORD001892,PROD00146,1,504.1,0.0,504.1
ITEM0003969,ORD001893,PROD00050,4,5338.68,0.29,15161.85
ITEM0003970,ORD001894,PROD00033,1,1942.09,0.02,1903.25
ITEM0003971,ORD001895,PROD00123,2,2950.23,0.0,5900.46
ITEM0003972,ORD001895,PROD00009,1,5332.96,0.0,5332.96
ITEM0003973,ORD001896,PROD00259,1,1489.83,0.0,1489.83
ITEM0003974,ORD001896,PROD00184,3,1498.15,0.0,4494.45
ITEM0003975,ORD001897,PROD00224,3,8522.29,0.28,18408.15
ITEM0003976,ORD001897,PROD00053,1,7229.99,0.0,7229.99
ITEM0003977,ORD001898,PROD00246,1,8011.14,0.18,6569.13
ITEM0003978,ORD001899,PROD00254,1,3623.42,0.0,3623.42
ITEM0003979,ORD001900,PROD00122,3,11549.43,0.15,29451.05
ITEM0003980,ORD001901,PROD00164,1,5504.82,0.04,5284.63
ITEM0003981,ORD001902,PROD00131,2,576.16,0.0,1152.32
ITEM0003982,ORD001903,PROD00037,1,5435.74,0.23,4185.52
ITEM0003983,ORD001903,PROD00076,1,6038.15,0.0,6038.15
ITEM0003984,ORD001903,PROD00056,1,6326.27,0.28,4554.91
ITEM0003985,ORD001903,PROD00179,1,6055.62,0.19,4905.05
ITEM0003986,ORD001904,PROD00125,1,5694.29,0.21,4498.49
ITEM0003987,ORD001905,PROD00028,1,214.4,0.04,205.82
ITEM0003988,ORD001905,PROD00190,2,3528.69,0.0,7057.38
ITEM0003989,ORD001906,PROD00061,1,4205.57,0.0,4205.57
ITEM0003990,ORD001907,PROD00111,2,5596.44,0.0,11192.88
ITEM0003991,ORD001907,PROD00292,1,5910.44,0.0,5910.44
ITEM0003992,ORD001908,PROD00033,1,1942.09,0.18,1592.51
ITEM0003993,ORD001908,PROD00288,3,2790.22,0.25,6278.0
ITEM0003994,ORD001909,PROD00262,1,1460.84,0.0,1460.84
ITEM0003995,ORD001910,PROD00260,2,8617.38,0.0,17234.76
ITEM0003996,ORD001910,PROD00105,2,3095.41,0.19,5014.56
ITEM0003997,ORD001911,PROD00092,4,1552.76,0.0,6211.04
ITEM0003998,ORD001911,PROD00259,2,1489.83,0.0,2979.66
ITEM0003999,ORD001912,PROD00232,1,3144.6,0.18,2578.57
ITEM0004000,ORD001912,PROD00235,1,1155.59,0.0,1155.59
ITEM0004001,ORD001913,PROD00215,1,379.53,0.0,379.53
ITEM0004002,ORD001914,PROD00295,1,895.09,0.22,698.17
ITEM0004003,ORD001915,PROD00299,1,10649.19,0.01,10542.7
ITEM0004004,ORD001916,PROD00249,3,4279.09,0.0,12837.27
ITEM0004005,ORD001917,PROD00079,3,7182.12,0.0,21546.36
ITEM0004006,ORD001917,PROD00283,1,7427.34,0.0,7427.34
ITEM0004007,ORD001917,PROD00296,1,1188.71,0.06,1117.39
ITEM0004008,ORD001918,PROD00056,1,6326.27,0.0,6326.27
ITEM0004009,ORD001918,PROD00261,1,2154.14,0.0,2154.14
ITEM0004010,ORD001919,PROD00028,2,214.4,0.16,360.19
ITEM0004011,ORD001920,PROD00142,1,8354.87,0.0,8354.87
ITEM0004012,ORD001921,PROD00097,2,1492.36,0.0,2984.72
ITEM0004013,ORD001921,PROD00112,1,3435.2,0.0,3435.2
ITEM0004014,ORD001921,PROD00037,1,5435.74,0.0,5435.74
ITEM0004015,ORD001921,PROD00194,1,535.55,0.0,535.55
ITEM0004016,ORD001922,PROD00218,1,6300.23,0.0,6300.23
ITEM0004017,ORD001923,PROD00269,2,2135.25,0.21,3373.7
ITEM0004018,ORD001923,PROD00026,1,992.19,0.0,992.19
ITEM0004019,ORD001924,PROD00091,1,1302.09,0.0,1302.09
ITEM0004020,ORD001924,PROD00214,1,8107.58,0.16,6810.37
ITEM0004021,ORD001924,PROD00089,1,781.78,0.23,601.97
ITEM0004022,ORD001924,PROD00012,1,7089.43,0.0,7089.43
ITEM0004023,ORD001925,PROD00139,1,5962.8,0.09,5426.15
ITEM0004024,ORD001926,PROD00203,2,477.27,0.0,954.54
ITEM0004025,ORD001926,PROD00146,1,504.1,0.13,438.57
ITEM0004026,ORD001926,PROD00067,1,996.38,0.0,996.38
ITEM0004027,ORD001927,PROD00007,2,7518.69,0.17,12481.03
ITEM0004028,ORD001927,PROD00120,2,1288.16,0.0,2576.32
ITEM0004029,ORD001928,PROD00018,1,2803.77,0.0,2803.77
ITEM0004030,ORD001928,PROD00129,-1,2500.46,0.0,-2500.46
ITEM0004031,ORD001928,PROD00234,1,9552.76,0.0,9552.76
ITEM0004032,ORD001928,PROD00057,2,4595.24,0.0,9190.48
ITEM0004033,ORD001928,PROD00100,2,8661.69,0.09,15764.28
ITEM0004034,ORD001929,PROD00046,4,8988.77,0.0,35955.08
ITEM0004035,ORD001930,PROD00148,2,3870.28,0.0,7740.56
ITEM0004036,ORD001930,PROD00257,4,1197.31,0.01,4741.33
ITEM0004037,ORD001931,PROD00025,1,3078.83,0.25,2309.12
ITEM0004038,ORD001931,PROD00078,1,2028.86,0.06,1907.13
ITEM0004039,ORD001931,PROD00228,2,1263.16,0.25,1894.74
ITEM0004040,ORD001931,PROD00173,1,1640.16,0.0,1640.16
ITEM0004041,ORD001932,PROD00191,2,4249.81,0.0,8499.62
ITEM0004042,ORD001932,PROD00045,1,4706.05,0.0,4706.05
ITEM0004043,ORD001932,PROD00089,1,781.78,0.0,781.78
ITEM0004044,ORD001932,PROD00024,1,10115.71,0.0,10115.71
ITEM0004045,ORD001932,PROD00290,1,1195.14,0.22,932.21
ITEM0004046,ORD001933,PROD00258,2,5858.08,0.0,11716.16
ITEM0004047,ORD001933,PROD00183,4,526.69,0.27,1537.93
ITEM0004048,ORD001933,PROD00057,1,4595.24,0.0,4595.24
ITEM0004049,ORD001933,PROD00287,2,6559.01,0.0,13118.02
ITEM0004050,ORD001934,PROD00135,1,2086.2,0.0,2086.2
ITEM0004051,ORD001935,PROD00271,1,439.58,0.0,439.58
ITEM0004052,ORD001935,PROD00144,1,9953.38,0.0,9953.38
ITEM0004053,ORD001936,PROD00057,1,4595.24,0.0,4595.24
ITEM0004054,ORD001937,PROD00136,3,621.23,0.18,1528.23
ITEM0004055,ORD001938,PROD00277,1,556.92,0.0,556.92
ITEM0004056,ORD001938,PROD00218,1,6300.23,0.0,6300.23
ITEM0004057,ORD001938,PROD00056,1,6326.27,0.0,6326.27
ITEM0004058,ORD001938,PROD00082,2,3992.96,0.0,7985.92
ITEM0004059,ORD001939,PROD00232,2,3144.6,0.08,5786.06
ITEM0004060,ORD001939,PROD00173,3,1713.44,0.03,4986.1
ITEM0004061,ORD001940,PROD00125,1,5694.29,0.28,4099.89
ITEM0004062,ORD001941,PROD00259,1,1489.83,0.0,1489.83
ITEM0004063,ORD001942,PROD00257,1,2560.08,0.0,2560.08
ITEM0004064,ORD001943,PROD00296,1,1188.71,0.0,1188.71
ITEM0004065,ORD001944,PROD00003,1,2902.0,0.0,2902.0
ITEM0004066,ORD001944,PROD00200,2,7131.42,0.0,14262.84
ITEM0004067,ORD001945,PROD00096,1,4639.15,0.0,4639.15
ITEM0004068,ORD001945,PROD00199,2,3657.98,0.0,7315.96
ITEM0004069,ORD001946,PROD00253,1,791.63,0.0,791.63
ITEM0004070,ORD001946,PROD00291,1,1173.69,0.0,1173.69
ITEM0004071,ORD001946,PROD00094,2,6449.58,0.0,12899.16
ITEM0004072,ORD001946,PROD00296,1,1188.71,0.0,1188.71
ITEM0004073,ORD001947,PROD00037,3,5435.74,0.0,16307.22
ITEM0004074,ORD001948,PROD00067,1,996.38,0.0,996.38
ITEM0004075,ORD001948,PROD00172,2,734.93,0.0,1469.86
ITEM0004076,ORD001949,PROD00203,1,477.27,0.28,343.63
ITEM0004077,ORD001950,PROD00092,1,1552.76,0.0,1552.76
ITEM0004078,ORD001950,PROD00012,1,7089.43,0.0,7089.43
ITEM0004079,ORD001950,PROD00268,3,852.32,0.09,2326.83
ITEM0004080,ORD001950,PROD00006,2,8153.69,0.17,13535.13
ITEM0004081,ORD001951,PROD00004,1,4097.38,0.0,4097.38
ITEM0004082,ORD001952,PROD00156,2,1816.09,0.0,3632.18
ITEM0004083,ORD001953,PROD00152,3,1231.99,0.09,3363.33
ITEM0004084,ORD001953,PROD00264,1,8008.38,0.0,8008.38
ITEM0004085,ORD001953,PROD00237,3,8123.36,0.0,24370.08
ITEM0004086,ORD001953,PROD00081,1,2624.19,0.25,1968.14
ITEM0004087,ORD001953,PROD00293,1,5361.88,0.09,4879.31
ITEM0004088,ORD001954,PROD00173,1,1503.15,0.03,1458.06
ITEM0004089,ORD001954,PROD00007,1,7518.69,0.0,7518.69
ITEM0004090,ORD001955,PROD00279,2,7168.01,0.0,14336.02
ITEM0004091,ORD001955,PROD00091,3,1302.09,0.0,3906.27
ITEM0004092,ORD001955,PROD00019,1,2406.67,0.0,2406.67
ITEM0004093,ORD001956,PROD00098,1,2402.47,0.01,2378.45
ITEM0004094,ORD001957,PROD00210,1,6680.3,0.17,5544.65
ITEM0004095,ORD001958,PROD00186,1,1445.96,0.0,1445.96
ITEM0004096,ORD001958,PROD00097,1,1492.36,0.23,1149.12
ITEM0004097,ORD001958,PROD00272,1,7587.4,0.0,7587.4
ITEM0004098,ORD001958,PROD00137,2,5635.51,0.04,10820.18
ITEM0004099,ORD001958,PROD00197,2,8766.75,0.0,17533.5
ITEM0004100,ORD001959,PROD00249,1,4279.09,0.0,4279.09
ITEM0004101,ORD001959,PROD00131,1,576.16,0.11,512.78
ITEM0004102,ORD001960,PROD00056,4,6326.27,0.0,25305.08
ITEM0004103,ORD001961,PROD00058,1,4592.96,0.05,4363.31
ITEM0004104,ORD001962,PROD00040,1,3631.49,0.0,3631.49
ITEM0004105,ORD001963,PROD00062,1,5673.89,0.0,5673.89
ITEM0004106,ORD001963,PROD00277,1,556.92,0.15,473.38
ITEM0004107,ORD001963,PROD00096,1,4639.15,0.0,4639.15
ITEM0004108,ORD001964,PROD00138,2,10725.29,0.03,20807.06
ITEM0004109,ORD001965,PROD00044,1,5424.36,0.1,4881.92
ITEM0004110,ORD001966,PROD00001,1,9272.65,0.0,9272.65
ITEM0004111,ORD001966,PROD00092,2,1552.76,0.2,2484.42
ITEM0004112,ORD001966,PROD00151,3,5518.05,0.19,13408.86
ITEM0004113,ORD001966,PROD00156,2,1816.09,0.0,3632.18
ITEM0004114,ORD001966,PROD00240,3,4510.78,0.26,10013.93
ITEM0004115,ORD001967,PROD00055,1,2678.2,0.0,2678.2
ITEM0004116,ORD001968,PROD00056,1,6326.27,0.06,5946.69
ITEM0004117,ORD001968,PROD00223,2,2430.88,0.02,4764.52
ITEM0004118,ORD001968,PROD00001,3,9272.65,0.2,22254.36
ITEM0004119,ORD001969,PROD00071,2,534.87,0.0,1069.74
ITEM0004120,ORD001969,PROD00195,4,9608.14,0.0,38432.56
ITEM0004121,ORD001970,PROD00281,1,7979.23,0.0,7979.23
ITEM0004122,ORD001971,PROD00189,1,7636.65,0.0,7636.65
ITEM0004123,ORD001971,PROD00105,2,3095.41,0.0,6190.82
ITEM0004124,ORD001972,PROD00065,1,6570.64,0.09,5979.28
ITEM0004125,ORD001972,PROD00238,2,7201.82,0.0,14403.64
ITEM0004126,ORD001972,PROD00228,3,1263.16,0.0,3789.48
ITEM0004127,ORD001973,PROD00160,2,1750.19,0.03,3395.37
ITEM0004128,ORD001973,PROD00296,1,1188.71,0.0,1188.71
ITEM0004129,ORD001974,PROD00085,1,1960.53,0.0,1960.53
ITEM0004130,ORD001974,PROD00023,1,3506.84,0.0,3506.84
ITEM0004131,ORD001975,PROD00281,1,7979.23,0.25,5984.42
ITEM0004132,ORD001975,PROD00295,1,895.09,0.02,877.19
ITEM0004133,ORD001976,PROD00073,1,9071.35,0.0,9071.35
ITEM0004134,ORD001976,PROD00008,1,5338.8,0.13,4644.76
ITEM0004135,ORD001976,PROD00267,2,3457.61,0.0,6915.22
ITEM0004136,ORD001976,PROD00164,2,5504.82,0.04,10569.25
ITEM0004137,ORD001977,PROD00266,1,5956.89,0.12,5242.06
ITEM0004138,ORD001977,PROD00279,1,7168.01,0.0,7168.01
ITEM0004139,ORD001978,PROD00019,1,2406.67,0.09,2190.07
ITEM0004140,ORD001978,PROD00050,2,5338.68,0.0,10677.36
ITEM0004141,ORD001978,PROD00205,1,6283.38,0.0,6283.38
ITEM0004142,ORD001978,PROD00115,1,3250.57,0.07,3023.03
ITEM0004143,ORD001979,PROD00011,2,2615.05,0.0,5230.1
ITEM0004144,ORD001979,PROD00259,1,1489.83,0.0,1489.83
ITEM0004145,ORD001979,PROD00091,3,1302.09,0.15,3320.33
ITEM0004146,ORD001980,PROD00186,1,1445.96,0.0,1445.96
ITEM0004147,ORD001981,PROD00133,1,7313.64,0.0,7313.64
ITEM0004148,ORD001981,PROD00224,1,8522.29,0.0,8522.29
ITEM0004149,ORD001981,PROD00299,2,10649.19,0.21,16825.72
ITEM0004150,ORD001981,PROD00177,3,5446.6,0.0,16339.8
ITEM0004151,ORD001981,PROD00155,3,1532.82,0.21,3632.78
ITEM0004152,ORD001982,PROD00009,1,5332.96,0.0,5332.96
ITEM0004153,ORD001982,PROD00045,1,4706.05,0.0,4706.05
ITEM0004154,ORD001982,PROD00051,2,8693.03,0.17,14430.43
ITEM0004155,ORD001983,PROD00151,3,5518.05,0.06,15560.9
ITEM0004156,ORD001983,PROD00073,2,9071.35,0.0,18142.7
ITEM0004157,ORD001983,PROD00236,4,2661.51,0.0,10646.04
ITEM0004158,ORD001983,PROD00211,2,1624.33,0.0,3248.66
ITEM0004159,ORD001984,PROD00175,1,8513.93,0.26,6300.31
ITEM0004160,ORD001984,PROD00273,2,4432.81,0.0,8865.62
ITEM0004161,ORD001984,PROD00223,1,2430.88,0.0,2430.88
ITEM0004162,ORD001984,PROD00033,1,1942.09,0.1,1747.88
ITEM0004163,ORD001985,PROD00179,1,6055.62,0.0,6055.62
ITEM0004164,ORD001985,PROD00259,1,1489.83,0.11,1325.95
ITEM0004165,ORD001985,PROD00054,4,5941.63,0.0,23766.52
ITEM0004166,ORD001986,PROD00189,1,7636.65,0.13,6643.89
ITEM0004167,ORD001987,PROD00152,2,1231.99,0.06,2316.14
ITEM0004168,ORD001988,PROD00041,1,3958.75,0.0,3958.75
ITEM0004169,ORD001988,PROD00187,2,6641.17,0.22,10360.23
ITEM0004170,ORD001988,PROD00047,1,1589.57,0.0,1589.57
ITEM0004171,ORD001988,PROD00227,4,3250.8,0.0,13003.2
ITEM0004172,ORD001989,PROD00259,1,1489.83,0.0,1489.83
ITEM0004173,ORD001990,PROD00189,2,7636.65,0.08,14051.44
ITEM0004174,ORD001990,PROD00202,1,1016.59,0.13,884.43
ITEM0004175,ORD001990,PROD00214,2,8107.58,0.27,11837.07
ITEM0004176,ORD001991,PROD00109,1,7944.57,0.0,7944.57
ITEM0004177,ORD001992,PROD00060,1,532.72,0.0,532.72
ITEM0004178,ORD001993,PROD00200,1,7131.42,0.0,7131.42
ITEM0004179,ORD001993,PROD00144,3,9953.38,0.0,29860.14
ITEM0004180,ORD001994,PROD00146,1,504.1,0.0,504.1
ITEM0004181,ORD001995,PROD00043,1,1789.22,0.0,1789.22
ITEM0004182,ORD001995,PROD00255,1,7383.63,0.0,7383.63
ITEM0004183,ORD001995,PROD00149,1,832.87,0.07,774.57
ITEM0004184,ORD001995,PROD00029,1,5799.72,0.28,4175.8
ITEM0004185,ORD001996,PROD00024,1,10115.71,0.0,10115.71
ITEM0004186,ORD001996,PROD00019,1,2406.67,0.25,1805.0
ITEM0004187,ORD001997,PROD00186,3,1445.96,0.0,4337.88
ITEM0004188,ORD001998,PROD00029,2,5799.72,0.0,11599.44
ITEM0004189,ORD001998,PROD00160,1,1750.19,0.0,1750.19
ITEM0004190,ORD001999,PROD00268,2,852.32,0.0,1704.64
ITEM0004191,ORD002000,PROD00220,2,6168.69,0.0,12337.38
ITEM0004192,ORD002001,PROD00104,2,2043.03,0.04,3922.62
ITEM0004193,ORD002001,PROD00208,1,4099.5,0.0,4099.5
ITEM0004194,ORD002001,PROD00073,1,9071.35,0.0,9071.35
ITEM0004195,ORD002001,PROD00173,4,1372.57,0.0,5490.3
ITEM0004196,ORD002002,PROD00023,3,3506.84,0.15,8942.44
ITEM0004197,ORD002003,PROD00100,1,8661.69,0.12,7622.29
ITEM0004198,ORD002004,PROD00222,1,3002.04,0.0,3002.04
ITEM0004199,ORD002004,PROD00241,2,1366.69,0.0,2733.38
ITEM0004200,ORD002005,PROD00066,2,899.86,0.0,1799.72
ITEM0004201,ORD002006,PROD00174,2,4285.14,0.0,8570.28
ITEM0004202,ORD002006,PROD00045,1,4706.05,0.0,4706.05
ITEM0004203,ORD002006,PROD00095,1,1505.02,0.0,1505.02
ITEM0004204,ORD002007,PROD00297,1,10930.45,0.28,7869.92
ITEM0004205,ORD002008,PROD00288,1,2790.22,0.0,2790.22
ITEM0004206,ORD002008,PROD00252,4,910.14,0.0,3640.56
ITEM0004207,ORD002008,PROD00060,-1,532.72,0.29,-378.23
ITEM0004208,ORD002009,PROD00128,2,4199.76,0.01,8315.52
ITEM0004209,ORD002010,PROD00275,1,5765.78,0.0,5765.78
ITEM0004210,ORD002011,PROD00094,1,6449.58,0.0,6449.58
ITEM0004211,ORD002011,PROD00187,1,6641.17,0.0,6641.17
ITEM0004212,ORD002012,PROD00007,3,7518.69,0.18,18495.98
ITEM0004213,ORD002012,PROD00271,1,439.58,0.0,439.58
ITEM0004214,ORD002012,PROD00015,3,5418.41,0.0,16255.23
ITEM0004215,ORD002013,PROD00200,1,7131.42,0.0,7131.42
ITEM0004216,ORD002014,PROD00104,2,2043.03,0.0,4086.06
ITEM0004217,ORD002014,PROD00270,1,4350.17,0.0,4350.17
ITEM0004218,ORD002015,PROD00007,1,7518.69,0.0,7518.69
ITEM0004219,ORD002015,PROD00288,3,2790.22,0.0,8370.66
ITEM0004220,ORD002016,PROD00299,1,10649.19,0.11,9477.78
ITEM0004221,ORD002016,PROD00130,2,3445.25,0.05,6545.98
ITEM0004222,ORD002016,PROD00125,1,5694.29,0.0,5694.29
ITEM0004223,ORD002016,PROD00073,1,9071.35,0.0,9071.35
ITEM0004224,ORD002017,PROD00135,2,2086.2,0.0,4172.4
ITEM0004225,ORD002018,PROD00012,1,7089.43,0.27,5175.28
ITEM0004226,ORD002018,PROD00032,4,301.12,0.0,1204.48
ITEM0004227,ORD002018,PROD00068,1,1589.23,0.21,1255.49
ITEM0004228,ORD002018,PROD00228,2,1263.16,0.0,2526.32
ITEM0004229,ORD002019,PROD00206,1,8632.13,0.0,8632.13
ITEM0004230,ORD002019,PROD00057,1,4595.24,0.12,4043.81
ITEM0004231,ORD002019,PROD00300,1,1343.36,0.29,953.79
ITEM0004232,ORD002020,PROD00102,4,6509.4,0.0,26037.6
ITEM0004233,ORD002020,PROD00283,2,7427.34,0.0,14854.68
ITEM0004234,ORD002020,PROD00171,1,546.18,0.19,442.41
ITEM0004235,ORD002021,PROD00018,2,2803.77,0.0,5607.54
ITEM0004236,ORD002022,PROD00220,1,6168.69,0.0,6168.69
ITEM0004237,ORD002022,PROD00208,1,4099.5,0.08,3771.54
ITEM0004238,ORD002022,PROD00190,4,3528.69,0.0,14114.76
ITEM0004239,ORD002022,PROD00009,3,5332.96,0.0,15998.88
ITEM0004240,ORD002022,PROD00066,2,899.86,0.0,1799.72
ITEM0004241,ORD002023,PROD00259,1,1489.83,0.0,1489.83
ITEM0004242,ORD002024,PROD00262,1,1460.84,0.0,1460.84
ITEM0004243,ORD002024,PROD00206,1,8632.13,0.0,8632.13
ITEM0004244,ORD002024,PROD00120,3,1288.16,0.0,3864.48
ITEM0004245,ORD002025,PROD00300,2,1343.36,0.0,2686.72
ITEM0004246,ORD002026,PROD00296,1,1188.71,0.0,1188.71
ITEM0004247,ORD002026,PROD00157,1,2525.54,0.0,2525.54
ITEM0004248,ORD002026,PROD00116,1,3835.95,0.28,2761.88
ITEM0004249,ORD002026,PROD00209,2,3816.19,0.0,7632.38
ITEM0004250,ORD002026,PROD00218,1,6300.23,0.0,6300.23
ITEM0004251,ORD002027,PROD00009,2,5332.96,0.0,10665.92
ITEM0004252,ORD002027,PROD00084,1,7622.23,0.0,7622.23
ITEM0004253,ORD002027,PROD00205,1,6283.38,0.0,6283.38
ITEM0004254,ORD002027,PROD00118,4,8273.55,0.0,33094.2
ITEM0004255,ORD002027,PROD00022,1,1547.99,0.0,1547.99
ITEM0004256,ORD002028,PROD00066,1,899.86,0.0,899.86
ITEM0004257,ORD002029,PROD00270,2,4350.17,0.0,8700.34
ITEM0004258,ORD002030,PROD00170,2,2751.15,0.0,5502.3
ITEM0004259,ORD002030,PROD00270,2,4350.17,0.18,7134.28
ITEM0004260,ORD002030,PROD00034,3,2533.01,0.19,6155.21
ITEM0004261,ORD002030,PROD00178,1,7985.04,0.0,7985.04
ITEM0004262,ORD002031,PROD00136,1,621.23,0.29,441.07
ITEM0004263,ORD002031,PROD00205,1,6283.38,0.0,6283.38
ITEM0004264,ORD002031,PROD00014,2,1451.31,0.0,2902.62
ITEM0004265,ORD002032,PROD00232,2,3144.6,0.0,6289.2
ITEM0004266,ORD002032,PROD00138,1,10725.29,0.0,10725.29
ITEM0004267,ORD002032,PROD00266,3,5956.89,0.0,17870.67
ITEM0004268,ORD002032,PROD00145,1,5845.69,0.1,5261.12
ITEM0004269,ORD002033,PROD00126,1,10802.22,0.0,10802.22
ITEM0004270,ORD002034,PROD00089,1,781.78,0.0,781.78
ITEM0004271,ORD002034,PROD00279,1,7168.01,0.21,5662.73
ITEM0004272,ORD002035,PROD00136,2,621.23,0.0,1242.46
ITEM0004273,ORD002035,PROD00062,1,5673.89,0.25,4255.42
ITEM0004274,ORD002035,PROD00015,2,5418.41,0.0,10836.82
ITEM0004275,ORD002036,PROD00294,1,8182.59,0.18,6709.72
ITEM0004276,ORD002036,PROD00193,-1,9202.76,0.13,-8006.4
ITEM0004277,ORD002036,PROD00015,3,5418.41,0.05,15442.47
ITEM0004278,ORD002036,PROD00264,1,8008.38,0.23,6166.45
ITEM0004279,ORD002037,PROD00270,3,4350.17,0.0,13050.51
ITEM0004280,ORD002037,PROD00101,2,1373.9,0.0,2747.8
ITEM0004281,ORD002037,PROD00005,3,246.43,0.0,739.29
ITEM0004282,ORD002038,PROD00129,1,2500.46,0.02,2450.45
ITEM0004283,ORD002038,PROD00199,1,3657.98,0.0,3657.98
ITEM0004284,ORD002039,PROD00228,2,1263.16,0.17,2096.85
ITEM0004285,ORD002039,PROD00159,1,198.83,0.18,163.04
ITEM0004286,ORD002039,PROD00096,3,4639.15,0.0,13917.45
ITEM0004287,ORD002040,PROD00230,1,8026.94,0.0,8026.94
ITEM0004288,ORD002041,PROD00104,1,2043.03,0.1,1838.73
ITEM0004289,ORD002041,PROD00200,2,7131.42,0.0,14262.84
ITEM0004290,ORD002042,PROD00195,1,9608.14,0.25,7206.1
ITEM0004291,ORD002043,PROD00033,1,1942.09,0.0,1942.09
ITEM0004292,ORD002043,PROD00232,2,3144.6,0.23,4842.68
ITEM0004293,ORD002043,PROD00016,1,6005.27,0.0,6005.27
ITEM0004294,ORD002044,PROD00092,2,1552.76,0.0,3105.52
ITEM0004295,ORD002044,PROD00017,1,9163.85,0.27,6689.61
ITEM0004296,ORD002045,PROD00253,1,791.63,0.0,791.63
ITEM0004297,ORD002045,PROD00172,1,734.93,0.0,734.93
ITEM0004298,ORD002046,PROD00219,2,344.65,0.0,689.3
ITEM0004299,ORD002046,PROD00050,1,5338.68,0.0,5338.68
ITEM0004300,ORD002046,PROD00165,1,1721.94,0.0,1721.94
ITEM0004301,ORD002046,PROD00248,2,10128.22,0.26,14989.77
ITEM0004302,ORD002047,PROD00052,1,1689.78,0.0,1689.78
ITEM0004303,ORD002048,PROD00105,2,3095.41,0.0,6190.82
ITEM0004304,ORD002048,PROD00073,2,9071.35,0.25,13607.03
ITEM0004305,ORD002049,PROD00074,3,9420.21,0.0,28260.63
ITEM0004306,ORD002050,PROD00006,4,8153.69,0.0,32614.76
ITEM0004307,ORD002050,PROD00261,1,2154.14,0.0,2154.14
ITEM0004308,ORD002051,PROD00252,2,910.14,0.0,1820.28
ITEM0004309,ORD002052,PROD00251,3,3365.3,0.22,7874.8
ITEM0004310,ORD002052,PROD00053,1,7229.99,0.0,7229.99
ITEM0004311,ORD002053,PROD00229,3,726.54,0.0,2179.62
ITEM0004312,ORD002053,PROD00138,2,10725.29,0.13,18662.0
ITEM0004313,ORD002053,PROD00197,1,8766.75,0.0,8766.75
ITEM0004314,ORD002054,PROD00026,1,992.19,0.0,992.19
ITEM0004315,ORD002055,PROD00262,2,1460.84,0.03,2834.03
ITEM0004316,ORD002055,PROD00294,1,8182.59,0.0,8182.59
ITEM0004317,ORD002055,PROD00144,2,9953.38,0.21,15726.34
ITEM0004318,ORD002055,PROD00067,1,996.38,0.01,986.42
ITEM0004319,ORD002056,PROD00171,2,546.18,0.16,917.58
ITEM0004320,ORD002056,PROD00145,2,5845.69,0.0,11691.38
ITEM0004321,ORD002056,PROD00032,3,301.12,0.15,767.86
ITEM0004322,ORD002056,PROD00281,1,7979.23,0.09,7261.1
ITEM0004323,ORD002057,PROD00092,1,1552.76,0.0,1552.76
ITEM0004324,ORD002057,PROD00174,1,4285.14,0.0,4285.14
ITEM0004325,ORD002058,PROD00287,1,6559.01,0.0,6559.01
ITEM0004326,ORD002058,PROD00109,2,7944.57,0.2,12711.31
ITEM0004327,ORD002059,PROD00103,2,9136.07,0.0,18272.14
ITEM0004328,ORD002059,PROD00089,4,781.78,0.0,3127.12
ITEM0004329,ORD002059,PROD00267,1,3457.61,0.0,3457.61
ITEM0004330,ORD002059,PROD00288,1,2790.22,0.0,2790.22
ITEM0004331,ORD002059,PROD00013,1,10508.19,0.0,10508.19
ITEM0004332,ORD002060,PROD00298,1,5321.16,0.03,5161.53
ITEM0004333,ORD002061,PROD00220,2,6168.69,0.0,12337.38
ITEM0004334,ORD002061,PROD00272,2,7587.4,0.0,15174.8
ITEM0004335,ORD002062,PROD00086,1,5791.83,0.04,5560.16
ITEM0004336,ORD002063,PROD00019,1,2406.67,0.0,2406.67
ITEM0004337,ORD002063,PROD00147,1,4961.76,0.05,4713.67
ITEM0004338,ORD002064,PROD00065,3,6570.64,0.0,19711.92
ITEM0004339,ORD002064,PROD00149,1,832.87,0.0,832.87
ITEM0004340,ORD002065,PROD00080,2,862.91,0.13,1501.46
ITEM0004341,ORD002065,PROD00134,1,1127.73,0.0,1127.73
ITEM0004342,ORD002066,PROD00254,1,3623.42,0.0,3623.42
ITEM0004343,ORD002066,PROD00226,1,648.79,0.17,538.5
ITEM0004344,ORD002067,PROD00192,4,5116.05,0.15,17394.57
ITEM0004345,ORD002067,PROD00120,3,1288.16,0.29,2743.78
ITEM0004346,ORD002067,PROD00176,2,5492.71,0.0,10985.42
ITEM0004347,ORD002067,PROD00106,1,3963.99,0.14,3409.03
ITEM0004348,ORD002067,PROD00285,1,2757.81,0.19,2233.83
ITEM0004349,ORD002068,PROD00242,2,2496.43,0.0,4992.86
ITEM0004350,ORD002068,PROD00250,2,4610.44,0.15,7837.75
ITEM0004351,ORD002069,PROD00062,1,5673.89,0.04,5446.93
ITEM0004352,ORD002069,PROD00239,1,467.33,0.0,467.33
ITEM0004353,ORD002070,PROD00187,1,6641.17,0.0,6641.17
ITEM0004354,ORD002071,PROD00091,2,1302.09,0.0,2604.18
ITEM0004355,ORD002071,PROD00010,1,2259.53,0.0,2259.53
ITEM0004356,ORD002071,PROD00293,2,5361.88,0.0,10723.76
ITEM0004357,ORD002072,PROD00265,1,4207.25,0.0,4207.25
ITEM0004358,ORD002072,PROD00100,3,8661.69,0.27,18969.1
ITEM0004359,ORD002072,PROD00033,3,1942.09,0.0,5826.27
ITEM0004360,ORD002072,PROD00043,1,1789.22,0.14,1538.73
ITEM0004361,ORD002073,PROD00260,1,8617.38,0.13,7497.12
ITEM0004362,ORD002074,PROD00141,1,4481.31,0.29,3181.73
ITEM0004363,ORD002075,PROD00190,3,3528.69,0.21,8363.0
ITEM0004364,ORD002076,PROD00066,1,899.86,0.0,899.86
ITEM0004365,ORD002076,PROD00199,1,3657.98,0.3,2560.59
ITEM0004366,ORD002076,PROD00073,3,9071.35,0.0,27214.05
ITEM0004367,ORD002076,PROD00256,1,256.57,0.0,256.57
ITEM0004368,ORD002076,PROD00257,1,566.81,0.0,566.81
ITEM0004369,ORD002077,PROD00062,1,5673.89,0.0,5673.89
ITEM0004370,ORD002078,PROD00036,1,7308.78,0.0,7308.78
ITEM0004371,ORD002079,PROD00128,1,4199.76,0.08,3863.78
ITEM0004372,ORD002079,PROD00268,3,852.32,0.0,2556.96
ITEM0004373,ORD002080,PROD00064,2,4268.27,0.0,8536.54
ITEM0004374,ORD002081,PROD00291,1,1173.69,0.0,1173.69
ITEM0004375,ORD002082,PROD00266,1,5956.89,0.19,4825.08
ITEM0004376,ORD002083,PROD00164,1,5504.82,0.26,4073.57
ITEM0004377,ORD002083,PROD00191,3,4249.81,0.0,12749.43
ITEM0004378,ORD002083,PROD00172,2,734.93,0.0,1469.86
ITEM0004379,ORD002084,PROD00058,3,4592.96,0.0,13778.88
ITEM0004380,ORD002085,PROD00245,1,6215.91,0.22,4848.41
ITEM0004381,ORD002086,PROD00061,1,4205.57,0.0,4205.57
ITEM0004382,ORD002086,PROD00051,1,8693.03,0.0,8693.03
ITEM0004383,ORD002087,PROD00183,2,526.69,0.0,1053.38
ITEM0004384,ORD002087,PROD00001,1,9272.65,0.09,8438.11
ITEM0004385,ORD002088,PROD00145,1,5845.69,0.07,5436.49
ITEM0004386,ORD002089,PROD00204,2,3352.35,0.0,6704.7
ITEM0004387,ORD002090,PROD00076,1,6038.15,0.0,6038.15
ITEM0004388,ORD002091,PROD00062,1,5673.89,0.0,5673.89
ITEM0004389,ORD002091,PROD00162,3,3555.3,0.0,10665.9
ITEM0004390,ORD002091,PROD00124,1,2025.14,0.0,2025.14
ITEM0004391,ORD002092,PROD00050,2,5338.68,0.22,8328.34
ITEM0004392,ORD002093,PROD00160,2,1750.19,0.0,3500.38
ITEM0004393,ORD002094,PROD00261,3,2154.14,0.0,6462.42
ITEM0004394,ORD002094,PROD00242,1,2496.43,0.0,2496.43
ITEM0004395,ORD002094,PROD00040,1,3631.49,0.08,3340.97
ITEM0004396,ORD002094,PROD00256,1,256.57,0.0,256.57
ITEM0004397,ORD002095,PROD00195,2,9608.14,0.0,19216.28
ITEM0004398,ORD002095,PROD00170,2,1800.11,0.0,3600.22
ITEM0004399,ORD002095,PROD00280,3,4625.83,0.0,13877.49
ITEM0004400,ORD002095,PROD00249,2,4279.09,0.1,7702.36
ITEM0004401,ORD002096,PROD00168,2,5760.76,0.0,11521.52
ITEM0004402,ORD002096,PROD00007,1,7518.69,0.0,7518.69
ITEM0004403,ORD002096,PROD00215,2,379.53,0.14,652.79
ITEM0004404,ORD002096,PROD00198,1,1516.26,0.0,1516.26
ITEM0004405,ORD002096,PROD00051,1,8693.03,0.0,8693.03
ITEM0004406,ORD002097,PROD00126,1,10802.22,0.0,10802.22
ITEM0004407,ORD002097,PROD00248,4,10128.22,0.0,40512.88
ITEM0004408,ORD002098,PROD00160,1,1750.19,0.0,1750.19
ITEM0004409,ORD002098,PROD00039,2,6419.63,0.11,11426.94
ITEM0004410,ORD002099,PROD00033,1,1942.09,0.0,1942.09
ITEM0004411,ORD002100,PROD00271,1,439.58,0.0,439.58
ITEM0004412,ORD002100,PROD00237,4,8123.36,0.0,32493.44
ITEM0004413,ORD002101,PROD00283,1,7427.34,0.0,7427.34
ITEM0004414,ORD002101,PROD00283,2,7427.34,0.28,10695.37
ITEM0004415,ORD002101,PROD00251,3,3365.3,0.0,10095.9
ITEM0004416,ORD002102,PROD00096,2,4639.15,0.0,9278.3
ITEM0004417,ORD002102,PROD00225,1,6042.7,0.25,4532.02
ITEM0004418,ORD002103,PROD00049,1,5326.74,0.08,4900.6
ITEM0004419,ORD002103,PROD00101,2,1373.9,0.0,2747.8
ITEM0004420,ORD002104,PROD00083,1,9425.24,0.0,9425.24
ITEM0004421,ORD002105,PROD00220,1,6168.69,0.0,6168.69
ITEM0004422,ORD002106,PROD00044,1,5424.36,0.0,5424.36
ITEM0004423,ORD002106,PROD00015,1,5418.41,0.0,5418.41
ITEM0004424,ORD002107,PROD00207,1,6547.46,0.21,5172.49
ITEM0004425,ORD002107,PROD00160,2,1750.19,0.22,2730.3
ITEM0004426,ORD002107,PROD00287,1,6559.01,0.0,6559.01
ITEM0004427,ORD002107,PROD00083,1,9425.24,0.0,9425.24
ITEM0004428,ORD002108,PROD00227,1,3250.8,0.0,3250.8
ITEM0004429,ORD002108,PROD00095,1,1505.02,0.0,1505.02
ITEM0004430,ORD002109,PROD00272,1,7587.4,0.0,7587.4
ITEM0004431,ORD002109,PROD00113,1,3472.93,0.0,3472.93
ITEM0004432,ORD002109,PROD00021,1,6443.82,0.0,6443.82
ITEM0004433,ORD002109,PROD00095,3,1505.02,0.0,4515.06
ITEM0004434,ORD002109,PROD00109,1,7944.57,0.28,5720.09
ITEM0004435,ORD002110,PROD00040,2,3631.49,0.0,7262.98
ITEM0004436,ORD002110,PROD00102,2,6509.4,0.24,9894.29
ITEM0004437,ORD002110,PROD00066,3,899.86,0.0,2699.58
ITEM0004438,ORD002110,PROD00227,2,3250.8,0.0,6501.6
ITEM0004439,ORD002111,PROD00179,2,6055.62,0.0,12111.24
ITEM0004440,ORD002111,PROD00041,1,3958.75,0.0,3958.75
ITEM0004441,ORD002111,PROD00165,1,1721.94,0.0,1721.94
ITEM0004442,ORD002111,PROD00064,1,4268.27,0.0,4268.27
ITEM0004443,ORD002112,PROD00166,1,7134.8,0.03,6920.76
ITEM0004444,ORD002112,PROD00176,1,5492.71,0.0,5492.71
ITEM0004445,ORD002112,PROD00258,1,5858.08,0.1,5272.27
ITEM0004446,ORD002112,PROD00094,1,6449.58,0.06,6062.61
ITEM0004447,ORD002113,PROD00286,1,945.94,0.0,945.94
ITEM0004448,ORD002113,PROD00124,1,2025.14,0.03,1964.39
ITEM0004449,ORD002114,PROD00057,1,4595.24,0.0,4595.24
ITEM0004450,ORD002115,PROD00062,2,5673.89,0.0,11347.78
ITEM0004451,ORD002115,PROD00022,1,1547.99,0.0,1547.99
ITEM0004452,ORD002116,PROD00123,1,2950.23,0.0,2950.23
ITEM0004453,ORD002117,PROD00117,4,498.3,0.09,1813.81
ITEM0004454,ORD002117,PROD00029,1,5799.72,0.2,4639.78
ITEM0004455,ORD002118,PROD00158,1,8138.6,0.0,8138.6
ITEM0004456,ORD002118,PROD00296,3,1188.71,0.17,2959.89
ITEM0004457,ORD002119,PROD00194,3,535.55,0.0,1606.65
ITEM0004458,ORD002119,PROD00189,1,7636.65,0.0,7636.65
ITEM0004459,ORD002120,PROD00191,1,4249.81,0.0,4249.81
ITEM0004460,ORD002121,PROD00232,1,3144.6,0.0,3144.6
ITEM0004461,ORD002122,PROD00237,1,8123.36,0.21,6417.45
ITEM0004462,ORD002122,PROD00018,1,2803.77,0.01,2775.73
ITEM0004463,ORD002122,PROD00106,3,3963.99,0.07,11059.53
ITEM0004464,ORD002122,PROD00074,3,9420.21,0.0,28260.63
ITEM0004465,ORD002123,PROD00275,1,5765.78,0.28,4151.36
ITEM0004466,ORD002123,PROD00288,1,2790.22,0.0,2790.22
ITEM0004467,ORD002123,PROD00001,1,9272.65,0.0,9272.65
ITEM0004468,ORD002123,PROD00239,1,467.33,0.0,467.33
ITEM0004469,ORD002123,PROD00269,1,2135.25,0.0,2135.25
ITEM0004470,ORD002124,PROD00135,1,2086.2,0.05,1981.89
ITEM0004471,ORD002124,PROD00213,2,9402.56,0.0,18805.12
ITEM0004472,ORD002124,PROD00300,4,1343.36,0.0,5373.44
ITEM0004473,ORD002125,PROD00120,1,1288.16,0.26,953.24
ITEM0004474,ORD002126,PROD00164,3,5504.82,0.17,13707.0
ITEM0004475,ORD002126,PROD00082,1,3992.96,0.0,3992.96
ITEM0004476,ORD002126,PROD00046,1,8988.77,0.0,8988.77
ITEM0004477,ORD002126,PROD00211,1,1624.33,0.01,1608.09
ITEM0004478,ORD002127,PROD00125,2,5694.29,0.24,8655.32
ITEM0004479,ORD002128,PROD00035,2,2576.9,0.0,5153.8
ITEM0004480,ORD002128,PROD00237,2,8123.36,0.0,16246.72
ITEM0004481,ORD002129,PROD00124,1,2025.14,0.0,2025.14
ITEM0004482,ORD002130,PROD00073,2,9071.35,0.0,18142.7
ITEM0004483,ORD002130,PROD00027,2,5723.51,0.0,11447.02
ITEM0004484,ORD002130,PROD00096,2,4639.15,0.0,9278.3
ITEM0004485,ORD002130,PROD00140,1,1718.72,0.0,1718.72
ITEM0004486,ORD002130,PROD00172,3,734.93,0.12,1940.22
ITEM0004487,ORD002131,PROD00094,2,6449.58,0.22,10061.34
ITEM0004488,ORD002131,PROD00267,2,3457.61,0.0,6915.22
ITEM0004489,ORD002131,PROD00287,1,6559.01,0.0,6559.01
ITEM0004490,ORD002131,PROD00059,1,11784.91,0.0,11784.91
ITEM0004491,ORD002132,PROD00054,1,5941.63,0.06,5585.13
ITEM0004492,ORD002133,PROD00118,1,8273.55,0.1,7446.2
ITEM0004493,ORD002133,PROD00100,2,8661.69,0.0,17323.38
ITEM0004494,ORD002134,PROD00270,4,4350.17,0.0,17400.68
ITEM0004495,ORD002135,PROD00163,1,2745.97,0.0,2745.97
ITEM0004496,ORD002135,PROD00231,4,3622.68,0.22,11302.76
ITEM0004497,ORD002136,PROD00062,3,5673.89,0.11,15149.29
ITEM0004498,ORD002136,PROD00243,1,6308.05,0.21,4983.36
ITEM0004499,ORD002136,PROD00248,1,10128.22,0.0,10128.22
ITEM0004500,ORD002137,PROD00276,1,8701.77,0.0,8701.77
ITEM0004501,ORD002138,PROD00056,3,6326.27,0.12,16701.35
ITEM0004502,ORD002139,PROD00218,2,6300.23,0.0,12600.46
ITEM0004503,ORD002140,PROD00237,1,8123.36,0.13,7067.32
ITEM0004504,ORD002140,PROD00230,1,8026.94,0.0,8026.94
ITEM0004505,ORD002141,PROD00239,1,467.33,0.0,467.33
ITEM0004506,ORD002141,PROD00230,2,8026.94,0.0,16053.88
ITEM0004507,ORD002141,PROD00076,3,6038.15,0.0,18114.45
ITEM0004508,ORD002142,PROD00057,1,4595.24,0.19,3722.14
ITEM0004509,ORD002143,PROD00102,1,6509.4,0.0,6509.4
ITEM0004510,ORD002143,PROD00037,3,5435.74,0.0,16307.22
ITEM0004511,ORD002144,PROD00210,1,6680.3,0.0,6680.3
ITEM0004512,ORD002144,PROD00185,1,2719.98,0.0,2719.98
ITEM0004513,ORD002145,PROD00123,2,2950.23,0.29,4189.33
ITEM0004514,ORD002145,PROD00231,1,3622.68,0.1,3260.41
ITEM0004515,ORD002146,PROD00277,1,556.92,0.0,556.92
ITEM0004516,ORD002146,PROD00246,4,8011.14,0.0,32044.56
ITEM0004517,ORD002147,PROD00030,2,4937.89,0.08,9085.72
ITEM0004518,ORD002147,PROD00158,1,8138.6,0.0,8138.6
ITEM0004519,ORD002148,PROD00161,1,2894.21,0.02,2836.33
ITEM0004520,ORD002148,PROD00056,1,6326.27,0.11,5630.38
ITEM0004521,ORD002149,PROD00298,1,5321.16,0.0,5321.16
ITEM0004522,ORD002150,PROD00218,2,6300.23,0.0,12600.46
ITEM0004523,ORD002151,PROD00105,1,3095.41,0.0,3095.41
ITEM0004524,ORD002151,PROD00149,1,832.87,0.0,832.87
ITEM0004525,ORD002152,PROD00300,1,1343.36,0.0,1343.36
ITEM0004526,ORD002152,PROD00069,1,2776.61,0.0,2776.61
ITEM0004527,ORD002152,PROD00113,1,3472.93,0.0,3472.93
ITEM0004528,ORD002152,PROD00196,1,6703.46,0.0,6703.46
ITEM0004529,ORD002152,PROD00274,3,5633.46,0.0,16900.38
ITEM0004530,ORD002153,PROD00064,3,4268.27,0.03,12420.67
ITEM0004531,ORD002154,PROD00172,-1,734.93,0.04,-705.53
ITEM0004532,ORD002154,PROD00272,1,7587.4,0.0,7587.4
ITEM0004533,ORD002154,PROD00224,1,8522.29,0.0,8522.29
ITEM0004534,ORD002155,PROD00095,2,1505.02,0.17,2498.33
ITEM0004535,ORD002156,PROD00227,1,3250.8,0.06,3055.75
ITEM0004536,ORD002157,PROD00038,1,1983.28,0.0,1983.28
ITEM0004537,ORD002157,PROD00283,2,7427.34,0.0,14854.68
ITEM0004538,ORD002158,PROD00165,1,1721.94,0.27,1257.02
ITEM0004539,ORD002159,PROD00127,4,5321.52,0.21,16816.0
ITEM0004540,ORD002160,PROD00194,1,535.55,0.0,535.55
ITEM0004541,ORD002161,PROD00025,1,3078.83,0.05,2924.89
ITEM0004542,ORD002161,PROD00249,2,4279.09,0.0,8558.18
ITEM0004543,ORD002161,PROD00044,2,5424.36,0.0,10848.72
ITEM0004544,ORD002162,PROD00117,1,498.3,0.0,498.3
ITEM0004545,ORD002163,PROD00148,2,3870.28,0.0,7740.56
ITEM0004546,ORD002163,PROD00244,1,4549.33,0.0,4549.33
ITEM0004547,ORD002164,PROD00170,1,2862.1,0.0,2862.1
ITEM0004548,ORD002164,PROD00188,1,1657.41,0.13,1441.95
ITEM0004549,ORD002164,PROD00081,4,2624.19,0.0,10496.76
ITEM0004550,ORD002164,PROD00036,3,7308.78,0.0,21926.34
ITEM0004551,ORD002164,PROD00245,1,6215.91,0.0,6215.91
ITEM0004552,ORD002165,PROD00147,1,4961.76,0.0,4961.76
ITEM0004553,ORD002165,PROD00097,1,1492.36,0.0,1492.36
ITEM0004554,ORD002166,PROD00021,3,6443.82,0.0,19331.46
ITEM0004555,ORD002167,PROD00191,4,4249.81,0.22,13259.41
ITEM0004556,ORD002167,PROD00241,3,662.62,0.0,1987.87
ITEM0004557,ORD002168,PROD00197,1,8766.75,0.0,8766.75
ITEM0004558,ORD002168,PROD00288,1,2790.22,0.0,2790.22
ITEM0004559,ORD002168,PROD00243,2,6308.05,0.0,12616.1
ITEM0004560,ORD002168,PROD00164,1,5504.82,0.17,4569.0
ITEM0004561,ORD002168,PROD00296,1,1188.71,0.0,1188.71
ITEM0004562,ORD002169,PROD00027,1,5723.51,0.0,5723.51
ITEM0004563,ORD002169,PROD00299,2,10649.19,0.09,19381.53
ITEM0004564,ORD002170,PROD00152,2,1231.99,0.03,2390.06
ITEM0004565,ORD002170,PROD00268,1,852.32,0.0,852.32
ITEM0004566,ORD002171,PROD00010,1,2259.53,0.18,1852.81
ITEM0004567,ORD002171,PROD00136,1,621.23,0.0,621.23
ITEM0004568,ORD002172,PROD00126,1,10802.22,0.0,10802.22
ITEM0004569,ORD002172,PROD00087,1,4546.57,0.0,4546.57
ITEM0004570,ORD002173,PROD00034,1,2533.01,0.0,2533.01
ITEM0004571,ORD002174,PROD00260,4,8617.38,0.18,28265.01
ITEM0004572,ORD002175,PROD00088,2,4559.98,0.0,9119.96
ITEM0004573,ORD002175,PROD00037,1,5435.74,0.0,5435.74
ITEM0004574,ORD002176,PROD00167,1,2019.38,0.0,2019.38
ITEM0004575,ORD002176,PROD00242,3,2496.43,0.0,7489.29
ITEM0004576,ORD002177,PROD00123,1,2950.23,0.15,2507.7
ITEM0004577,ORD002177,PROD00276,1,8701.77,0.0,8701.77
ITEM0004578,ORD002177,PROD00079,2,7182.12,0.0,14364.24
ITEM0004579,ORD002178,PROD00284,4,1981.58,0.0,7926.32
ITEM0004580,ORD002178,PROD00024,1,10115.71,0.0,10115.71
ITEM0004581,ORD002178,PROD00074,1,9420.21,0.0,9420.21
ITEM0004582,ORD002178,PROD00130,1,3445.25,0.2,2756.2
ITEM0004583,ORD002179,PROD00110,1,7163.14,0.0,7163.14
ITEM0004584,ORD002179,PROD00143,1,1075.34,0.0,1075.34
ITEM0004585,ORD002179,PROD00089,3,781.78,0.0,2345.34
ITEM0004586,ORD002179,PROD00246,1,8011.14,0.19,6489.02
ITEM0004587,ORD002179,PROD00121,1,11305.27,0.0,11305.27
ITEM0004588,ORD002180,PROD00112,1,3435.2,0.0,3435.2
ITEM0004589,ORD002180,PROD00193,1,9202.76,0.0,9202.76
ITEM0004590,ORD002180,PROD00182,1,3616.25,0.0,3616.25
ITEM0004591,ORD002180,PROD00037,2,5435.74,0.0,10871.48
ITEM0004592,ORD002181,PROD00043,2,1789.22,0.0,3578.44
ITEM0004593,ORD002181,PROD00295,2,895.09,0.09,1629.06
ITEM0004594,ORD002181,PROD00073,1,9071.35,0.05,8617.78
ITEM0004595,ORD002182,PROD00253,1,791.63,0.0,791.63
ITEM0004596,ORD002183,PROD00016,2,6005.27,0.0,12010.54
ITEM0004597,ORD002184,PROD00281,1,7979.23,0.0,7979.23
ITEM0004598,ORD002185,PROD00119,1,9197.85,0.0,9197.85
ITEM0004599,ORD002186,PROD00179,1,6055.62,0.18,4965.61
ITEM0004600,ORD002187,PROD00073,2,9071.35,0.0,18142.7
ITEM0004601,ORD002187,PROD00114,1,2295.26,0.0,2295.26
ITEM0004602,ORD002187,PROD00119,1,9197.85,0.16,7726.19
ITEM0004603,ORD002188,PROD00191,4,4249.81,0.0,16999.24
ITEM0004604,ORD002188,PROD00113,1,3472.93,0.0,3472.93
ITEM0004605,ORD002189,PROD00040,1,3631.49,0.12,3195.71
ITEM0004606,ORD002189,PROD00075,3,6662.95,0.0,19988.85
ITEM0004607,ORD002190,PROD00194,1,535.55,0.0,535.55
ITEM0004608,ORD002191,PROD00055,2,2678.2,0.0,5356.4
ITEM0004609,ORD002192,PROD00277,1,556.92,0.0,556.92
ITEM0004610,ORD002192,PROD00119,1,9197.85,0.0,9197.85
ITEM0004611,ORD002193,PROD00173,1,776.28,0.09,706.41
ITEM0004612,ORD002193,PROD00029,2,5799.72,0.0,11599.44
ITEM0004613,ORD002193,PROD00040,3,3631.49,0.0,10894.47
ITEM0004614,ORD002194,PROD00066,1,899.86,0.0,899.86
ITEM0004615,ORD002195,PROD00277,4,556.92,0.19,1804.42
ITEM0004616,ORD002196,PROD00204,1,3352.35,0.0,3352.35
ITEM0004617,ORD002197,PROD00212,1,7782.48,0.0,7782.48
ITEM0004618,ORD002197,PROD00212,2,7782.48,0.0,15564.96
ITEM0004619,ORD002198,PROD00261,3,2154.14,0.0,6462.42
ITEM0004620,ORD002198,PROD00051,1,8693.03,0.0,8693.03
ITEM0004621,ORD002198,PROD00294,2,8182.59,0.0,16365.18
ITEM0004622,ORD002199,PROD00270,1,4350.17,0.0,4350.17
ITEM0004623,ORD002200,PROD00008,2,5338.8,0.0,10677.6
ITEM0004624,ORD002201,PROD00066,2,899.86,0.0,1799.72
ITEM0004625,ORD002202,PROD00203,1,477.27,0.0,477.27
ITEM0004626,ORD002202,PROD00042,2,8235.83,0.23,12683.18
ITEM0004627,ORD002203,PROD00101,1,1373.9,0.0,1373.9
ITEM0004628,ORD002203,PROD00201,3,3944.29,0.02,11596.21
ITEM0004629,ORD002203,PROD00286,1,945.94,0.0,945.94
ITEM0004630,ORD002204,PROD00038,1,1983.28,0.12,1745.29
ITEM0004631,ORD002205,PROD00130,3,3445.25,0.18,8475.32
ITEM0004632,ORD002205,PROD00213,2,9402.56,0.18,15420.2
ITEM0004633,ORD002205,PROD00222,1,3002.04,0.0,3002.04
ITEM0004634,ORD002206,PROD00002,1,231.58,0.0,231.58
ITEM0004635,ORD002207,PROD00271,1,439.58,0.09,400.02
ITEM0004636,ORD002208,PROD00289,1,3097.21,0.0,3097.21
ITEM0004637,ORD002209,PROD00061,3,4205.57,0.29,8957.86
ITEM0004638,ORD002209,PROD00266,1,5956.89,0.0,5956.89
ITEM0004639,ORD002210,PROD00005,1,246.43,0.08,226.72
ITEM0004640,ORD002210,PROD00075,1,6662.95,0.0,6662.95
ITEM0004641,ORD002210,PROD00044,1,5424.36,0.27,3959.78
ITEM0004642,ORD002211,PROD00287,2,6559.01,0.21,10363.24
ITEM0004643,ORD002211,PROD00065,2,6570.64,0.03,12747.04
ITEM0004644,ORD002211,PROD00186,2,1445.96,0.0,2891.92
ITEM0004645,ORD002211,PROD00025,3,3078.83,0.0,9236.49
ITEM0004646,ORD002211,PROD00155,1,1532.82,0.0,1532.82
ITEM0004647,ORD002212,PROD00080,2,862.91,0.0,1725.82
ITEM0004648,ORD002212,PROD00235,2,1155.59,0.0,2311.18
ITEM0004649,ORD002213,PROD00124,1,2025.14,0.0,2025.14
ITEM0004650,ORD002213,PROD00159,1,198.83,0.0,198.83
ITEM0004651,ORD002214,PROD00143,1,1075.34,0.12,946.3
ITEM0004652,ORD002214,PROD00123,1,2950.23,0.0,2950.23
ITEM0004653,ORD002214,PROD00247,2,7341.91,0.0,14683.82
ITEM0004654,ORD002215,PROD00194,2,535.55,0.0,1071.1
ITEM0004655,ORD002216,PROD00235,3,1155.59,0.0,3466.77
ITEM0004656,ORD002216,PROD00140,3,1718.72,0.28,3712.44
ITEM0004657,ORD002216,PROD00043,1,1789.22,0.24,1359.81
ITEM0004658,ORD002216,PROD00147,2,4961.76,0.06,9328.11
ITEM0004659,ORD002216,PROD00038,1,1983.28,0.0,1983.28
ITEM0004660,ORD002217,PROD00197,1,8766.75,0.0,8766.75
ITEM0004661,ORD002217,PROD00239,1,467.33,0.2,373.86
ITEM0004662,ORD002217,PROD00280,1,4625.83,0.0,4625.83
ITEM0004663,ORD002217,PROD00061,1,4205.57,0.0,4205.57
ITEM0004664,ORD002218,PROD00286,1,945.94,0.0,945.94
ITEM0004665,ORD002218,PROD00227,1,3250.8,0.0,3250.8
ITEM0004666,ORD002218,PROD00107,3,6282.37,0.0,18847.11
ITEM0004667,ORD002219,PROD00173,1,581.59,0.0,581.59
ITEM0004668,ORD002219,PROD00068,1,1589.23,0.0,1589.23
ITEM0004669,ORD002219,PROD00074,1,9420.21,0.0,9420.21
ITEM0004670,ORD002219,PROD00141,4,4481.31,0.0,17925.24
ITEM0004671,ORD002220,PROD00200,2,7131.42,0.14,12266.04
ITEM0004672,ORD002221,PROD00056,2,6326.27,0.0,12652.54
ITEM0004673,ORD002221,PROD00249,1,4279.09,0.0,4279.09
ITEM0004674,ORD002221,PROD00278,1,629.94,0.16,529.15
ITEM0004675,ORD002222,PROD00103,2,9136.07,0.0,18272.14
ITEM0004676,ORD002222,PROD00052,1,1689.78,0.0,1689.78
ITEM0004677,ORD002223,PROD00006,2,8153.69,0.0,16307.38
ITEM0004678,ORD002223,PROD00285,1,2757.81,0.1,2482.03
ITEM0004679,ORD002223,PROD00053,1,7229.99,0.2,5783.99
ITEM0004680,ORD002223,PROD00219,1,344.65,0.0,344.65
ITEM0004681,ORD002224,PROD00193,3,9202.76,0.1,24847.45
ITEM0004682,ORD002224,PROD00234,1,9552.76,0.0,9552.76
ITEM0004683,ORD002224,PROD00081,3,2624.19,0.0,7872.57
ITEM0004684,ORD002225,PROD00021,1,6443.82,0.14,5541.69
ITEM0004685,ORD002225,PROD00153,1,4010.2,0.08,3689.38
ITEM0004686,ORD002226,PROD00149,2,832.87,0.0,1665.74
ITEM0004687,ORD002227,PROD00232,2,3144.6,0.01,6226.31
ITEM0004688,ORD002228,PROD00198,1,1516.26,0.0,1516.26
ITEM0004689,ORD002228,PROD00082,4,3992.96,0.16,13416.35
ITEM0004690,ORD002229,PROD00136,1,621.23,0.28,447.29
ITEM0004691,ORD002230,PROD00161,1,2894.21,0.0,2894.21
ITEM0004692,ORD002231,PROD00244,1,4549.33,0.14,3912.42
ITEM0004693,ORD002231,PROD00023,2,3506.84,0.0,7013.68
ITEM0004694,ORD002231,PROD00026,1,992.19,0.0,992.19
ITEM0004695,ORD002231,PROD00249,1,4279.09,0.22,3337.69
ITEM0004696,ORD002231,PROD00067,3,996.38,0.26,2211.96
ITEM0004697,ORD002232,PROD00159,1,198.83,0.0,198.83
ITEM0004698,ORD002232,PROD00174,1,4285.14,0.25,3213.86
ITEM0004699,ORD002233,PROD00027,1,5723.51,0.0,5723.51
ITEM0004700,ORD002233,PROD00146,1,504.1,0.0,504.1
ITEM0004701,ORD002234,PROD00196,1,6703.46,0.04,6435.32
ITEM0004702,ORD002234,PROD00017,2,9163.85,0.21,14478.88
ITEM0004703,ORD002235,PROD00044,1,5424.36,0.0,5424.36
ITEM0004704,ORD002236,PROD00244,2,4549.33,0.0,9098.66
ITEM0004705,ORD002237,PROD00034,2,2533.01,0.0,5066.02
ITEM0004706,ORD002237,PROD00285,1,2757.81,0.23,2123.51
ITEM0004707,ORD002237,PROD00031,2,4066.81,0.0,8133.62
ITEM0004708,ORD002238,PROD00178,1,7985.04,0.0,7985.04
ITEM0004709,ORD002239,PROD00244,1,4549.33,0.0,4549.33
ITEM0004710,ORD002240,PROD00096,1,4639.15,0.0,4639.15
ITEM0004711,ORD002240,PROD00100,4,8661.69,0.0,34646.76
ITEM0004712,ORD002241,PROD00080,1,862.91,0.0,862.91
ITEM0004713,ORD002241,PROD00067,2,996.38,0.0,1992.76
ITEM0004714,ORD002241,PROD00229,1,726.54,0.0,726.54
ITEM0004715,ORD002241,PROD00275,1,5765.78,0.0,5765.78
ITEM0004716,ORD002241,PROD00227,1,3250.8,0.0,3250.8
ITEM0004717,ORD002242,PROD00197,2,8766.75,0.0,17533.5
ITEM0004718,ORD002243,PROD00122,2,11549.43,0.0,23098.86
ITEM0004719,ORD002243,PROD00097,4,1492.36,0.0,5969.44
ITEM0004720,ORD002244,PROD00200,1,7131.42,0.0,7131.42
ITEM0004721,ORD002245,PROD00288,3,2790.22,0.0,8370.66
ITEM0004722,ORD002245,PROD00167,1,2019.38,0.0,2019.38
ITEM0004723,ORD002246,PROD00055,2,2678.2,0.0,5356.4
ITEM0004724,ORD002246,PROD00023,1,3506.84,0.01,3471.77
ITEM0004725,ORD002246,PROD00119,1,9197.85,0.0,9197.85
ITEM0004726,ORD002246,PROD00046,2,8988.77,0.0,17977.54
ITEM0004727,ORD002247,PROD00290,1,1195.14,0.0,1195.14
ITEM0004728,ORD002247,PROD00102,1,6509.4,0.0,6509.4
ITEM0004729,ORD002247,PROD00089,1,781.78,0.0,781.78
ITEM0004730,ORD002247,PROD00092,2,1552.76,0.0,3105.52
ITEM0004731,ORD002248,PROD00262,1,1460.84,0.0,1460.84
ITEM0004732,ORD002248,PROD00213,3,9402.56,0.26,20873.68
ITEM0004733,ORD002248,PROD00210,1,6680.3,0.0,6680.3
ITEM0004734,ORD002249,PROD00212,1,7782.48,0.0,7782.48
ITEM0004735,ORD002250,PROD00130,1,3445.25,0.0,3445.25
ITEM0004736,ORD002250,PROD00015,1,5418.41,0.0,5418.41
ITEM0004737,ORD002251,PROD00051,1,8693.03,0.0,8693.03
ITEM0004738,ORD002251,PROD00016,1,6005.27,0.0,6005.27
ITEM0004739,ORD002251,PROD00076,1,6038.15,0.0,6038.15
ITEM0004740,ORD002251,PROD00225,1,6042.7,0.0,6042.7
ITEM0004741,ORD002251,PROD00250,1,4610.44,0.0,4610.44
ITEM0004742,ORD002252,PROD00010,2,2259.53,0.0,4519.06
ITEM0004743,ORD002252,PROD00058,2,4592.96,0.19,7440.6
ITEM0004744,ORD002252,PROD00216,-1,3307.17,0.0,-3307.17
ITEM0004745,ORD002252,PROD00159,2,198.83,0.0,397.66
ITEM0004746,ORD002252,PROD00207,1,6547.46,0.0,6547.46
ITEM0004747,ORD002253,PROD00171,1,546.18,0.0,546.18
ITEM0004748,ORD002253,PROD00191,1,4249.81,0.26,3144.86
ITEM0004749,ORD002254,PROD00090,1,494.65,0.0,494.65
ITEM0004750,ORD002254,PROD00141,1,4481.31,0.0,4481.31
ITEM0004751,ORD002255,PROD00150,1,290.6,0.0,290.6
ITEM0004752,ORD002255,PROD00177,3,5446.6,0.0,16339.8
ITEM0004753,ORD002255,PROD00038,2,1983.28,0.16,3331.91
ITEM0004754,ORD002255,PROD00137,2,5635.51,0.0,11271.02
ITEM0004755,ORD002255,PROD00282,4,3504.39,0.22,10933.7
ITEM0004756,ORD002256,PROD00231,4,3622.68,0.0,14490.72
ITEM0004757,ORD002256,PROD00053,1,7229.99,0.0,7229.99
ITEM0004758,ORD002256,PROD00093,2,3802.74,0.1,6844.93
ITEM0004759,ORD002256,PROD00258,1,5858.08,0.0,5858.08
ITEM0004760,ORD002257,PROD00087,1,4546.57,0.21,3591.79
ITEM0004761,ORD002258,PROD00155,1,1532.82,0.0,1532.82
ITEM0004762,ORD002259,PROD00262,1,1460.84,0.0,1460.84
ITEM0004763,ORD002260,PROD00121,1,11305.27,0.0,11305.27
ITEM0004764,ORD002261,PROD00112,1,3435.2,0.0,3435.2
ITEM0004765,ORD002261,PROD00116,1,3835.95,0.0,3835.95
ITEM0004766,ORD002261,PROD00248,2,10128.22,0.0,20256.44
ITEM0004767,ORD002261,PROD00005,1,246.43,0.0,246.43
ITEM0004768,ORD002262,PROD00274,2,5633.46,0.3,7886.84
ITEM0004769,ORD002262,PROD00090,1,494.65,0.0,494.65
ITEM0004770,ORD002263,PROD00176,3,5492.71,0.0,16478.13
ITEM0004771,ORD002264,PROD00264,1,8008.38,0.02,7848.21
ITEM0004772,ORD002265,PROD00289,1,3097.21,0.0,3097.21
ITEM0004773,ORD002265,PROD00262,1,1460.84,0.0,1460.84
ITEM0004774,ORD002266,PROD00042,1,8235.83,0.14,7082.81
ITEM0004775,ORD002266,PROD00092,-1,1552.76,0.0,-1552.76
ITEM0004776,ORD002267,PROD00052,1,1689.78,0.02,1655.98
ITEM0004777,ORD002268,PROD00279,1,7168.01,0.04,6881.29
ITEM0004778,ORD002268,PROD00041,1,3958.75,0.0,3958.75
ITEM0004779,ORD002269,PROD00213,1,9402.56,0.0,9402.56
ITEM0004780,ORD002270,PROD00088,3,4559.98,0.0,13679.94
ITEM0004781,ORD002271,PROD00017,1,9163.85,0.0,9163.85
ITEM0004782,ORD002271,PROD00285,2,2757.81,0.0,5515.62
ITEM0004783,ORD002271,PROD00180,2,7030.69,0.0,14061.38
ITEM0004784,ORD002271,PROD00190,1,3528.69,0.28,2540.66
ITEM0004785,ORD002272,PROD00253,1,791.63,0.0,791.63
ITEM0004786,ORD002273,PROD00163,1,2745.97,0.0,2745.97
ITEM0004787,ORD002273,PROD00170,1,788.12,0.0,788.12
ITEM0004788,ORD002274,PROD00049,2,5326.74,0.0,10653.48
ITEM0004789,ORD002274,PROD00057,3,4595.24,0.27,10063.58
ITEM0004790,ORD002275,PROD00190,1,3528.69,0.0,3528.69
ITEM0004791,ORD002276,PROD00152,2,1231.99,0.0,2463.98
ITEM0004792,ORD002276,PROD00298,1,5321.16,0.17,4416.56
ITEM0004793,ORD002276,PROD00053,1,7229.99,0.0,7229.99
ITEM0004794,ORD002276,PROD00275,1,5765.78,0.0,5765.78
ITEM0004795,ORD002277,PROD00294,1,8182.59,0.24,6218.77
ITEM0004796,ORD002277,PROD00283,3,7427.34,0.0,22282.02
ITEM0004797,ORD002277,PROD00243,3,6308.05,0.0,18924.15
ITEM0004798,ORD002278,PROD00085,1,1960.53,0.0,1960.53
ITEM0004799,ORD002279,PROD00215,2,379.53,0.0,759.06
ITEM0004800,ORD002280,PROD00118,2,8273.55,0.0,16547.1
ITEM0004801,ORD002280,PROD00177,2,5446.6,0.01,10784.27
ITEM0004802,ORD002281,PROD00113,1,3472.93,0.21,2743.61
ITEM0004803,ORD002282,PROD00016,2,6005.27,0.03,11650.22
ITEM0004804,ORD002282,PROD00270,1,4350.17,0.08,4002.16
ITEM0004805,ORD002282,PROD00222,1,3002.04,0.0,3002.04
ITEM0004806,ORD002282,PROD00098,3,2402.47,0.01,7135.34
ITEM0004807,ORD002283,PROD00030,3,4937.89,0.0,14813.67
ITEM0004808,ORD002283,PROD00130,2,3445.25,0.17,5719.12
ITEM0004809,ORD002284,PROD00193,1,9202.76,0.0,9202.76
ITEM0004810,ORD002284,PROD00167,2,2019.38,0.16,3392.56
ITEM0004811,ORD002285,PROD00089,2,781.78,0.22,1219.58
ITEM0004812,ORD002285,PROD00098,3,2402.47,0.0,7207.41
ITEM0004813,ORD002286,PROD00177,1,5446.6,0.01,5392.13
ITEM0004814,ORD002286,PROD00033,2,1942.09,0.21,3068.5
ITEM0004815,ORD002286,PROD00234,1,9552.76,0.07,8884.07
ITEM0004816,ORD002287,PROD00211,1,1624.33,0.0,1624.33
ITEM0004817,ORD002287,PROD00204,1,3352.35,0.11,2983.59
ITEM0004818,ORD002288,PROD00114,1,2295.26,0.28,1652.59
ITEM0004819,ORD002289,PROD00287,2,6559.01,0.0,13118.02
ITEM0004820,ORD002289,PROD00094,1,6449.58,0.0,6449.58
ITEM0004821,ORD002289,PROD00268,1,852.32,0.0,852.32
ITEM0004822,ORD002289,PROD00180,1,7030.69,0.0,7030.69
ITEM0004823,ORD002290,PROD00254,1,3623.42,0.0,3623.42
ITEM0004824,ORD002291,PROD00171,1,546.18,0.0,546.18
ITEM0004825,ORD002292,PROD00145,3,5845.69,0.13,15257.25
ITEM0004826,ORD002292,PROD00132,1,5296.2,0.26,3919.19
ITEM0004827,ORD002293,PROD00077,1,7101.66,0.04,6817.59
ITEM0004828,ORD002293,PROD00267,2,3457.61,0.22,5393.87
ITEM0004829,ORD002293,PROD00298,1,5321.16,0.0,5321.16
ITEM0004830,ORD002294,PROD00161,4,2894.21,0.0,11576.84
ITEM0004831,ORD002294,PROD00127,1,5321.52,0.0,5321.52
ITEM0004832,ORD002294,PROD00029,1,5799.72,0.0,5799.72
ITEM0004833,ORD002295,PROD00248,2,10128.22,0.0,20256.44
ITEM0004834,ORD002295,PROD00050,1,5338.68,0.06,5018.36
ITEM0004835,ORD002296,PROD00050,1,5338.68,0.0,5338.68
ITEM0004836,ORD002297,PROD00232,1,3144.6,0.27,2295.56
ITEM0004837,ORD002297,PROD00038,2,1983.28,0.0,3966.56
ITEM0004838,ORD002297,PROD00153,2,4010.2,0.0,8020.4
ITEM0004839,ORD002298,PROD00074,2,9420.21,0.0,18840.42
ITEM0004840,ORD002298,PROD00200,-1,7131.42,0.0,-7131.42
ITEM0004841,ORD002299,PROD00076,1,6038.15,0.27,4407.85
ITEM0004842,ORD002299,PROD00090,1,494.65,0.0,494.65
ITEM0004843,ORD002299,PROD00070,1,6693.56,0.21,5287.91
ITEM0004844,ORD002299,PROD00263,2,4979.64,0.12,8764.17
ITEM0004845,ORD002300,PROD00127,1,5321.52,0.0,5321.52
ITEM0004846,ORD002300,PROD00098,2,2402.47,0.0,4804.94
ITEM0004847,ORD002301,PROD00050,1,5338.68,0.11,4751.43
ITEM0004848,ORD002301,PROD00093,1,3802.74,0.0,3802.74
ITEM0004849,ORD002302,PROD00149,1,832.87,0.0,832.87
ITEM0004850,ORD002302,PROD00275,1,5765.78,0.28,4151.36
ITEM0004851,ORD002303,PROD00096,1,4639.15,0.0,4639.15
ITEM0004852,ORD002303,PROD00075,2,6662.95,0.0,13325.9
ITEM0004853,ORD002304,PROD00265,4,4207.25,0.0,16829.0
ITEM0004854,ORD002304,PROD00227,4,3250.8,0.0,13003.2
ITEM0004855,ORD002305,PROD00271,3,439.58,0.23,1015.43
ITEM0004856,ORD002305,PROD00245,2,6215.91,0.0,12431.82
ITEM0004857,ORD002305,PROD00250,3,4610.44,0.16,11618.31
ITEM0004858,ORD002306,PROD00082,1,3992.96,0.0,3992.96
ITEM0004859,ORD002307,PROD00084,1,7622.23,0.14,6555.12
ITEM0004860,ORD002307,PROD00105,4,3095.41,0.0,12381.64
ITEM0004861,ORD002307,PROD00123,1,2950.23,0.0,2950.23
ITEM0004862,ORD002308,PROD00128,2,4199.76,0.06,7895.55
ITEM0004863,ORD002308,PROD00260,4,8617.38,0.0,34469.52
ITEM0004864,ORD002308,PROD00298,2,5321.16,0.0,10642.32
ITEM0004865,ORD002309,PROD00054,2,5941.63,0.0,11883.26
ITEM0004866,ORD002309,PROD00216,1,3307.17,0.23,2546.52
ITEM0004867,ORD002309,PROD00235,3,1155.59,0.0,3466.77
ITEM0004868,ORD002309,PROD00221,2,901.85,0.0,1803.7
ITEM0004869,ORD002310,PROD00206,1,8632.13,0.0,8632.13
ITEM0004870,ORD002311,PROD00280,1,4625.83,0.0,4625.83
ITEM0004871,ORD002311,PROD00253,1,791.63,0.0,791.63
ITEM0004872,ORD002312,PROD00057,4,4595.24,0.0,18380.96
ITEM0004873,ORD002312,PROD00072,1,6999.91,0.0,6999.91
ITEM0004874,ORD002312,PROD00228,3,1263.16,0.18,3107.37
ITEM0004875,ORD002312,PROD00079,1,7182.12,0.0,7182.12
ITEM0004876,ORD002312,PROD00105,2,3095.41,0.19,5014.56
ITEM0004877,ORD002313,PROD00221,1,901.85,0.0,901.85
ITEM0004878,ORD002314,PROD00144,1,9953.38,0.0,9953.38
ITEM0004879,ORD002314,PROD00058,1,4592.96,0.0,4592.96
ITEM0004880,ORD002315,PROD00244,3,4549.33,0.0,13647.99
ITEM0004881,ORD002316,PROD00258,1,5858.08,0.0,5858.08
ITEM0004882,ORD002317,PROD00065,2,6570.64,0.29,9330.31
ITEM0004883,ORD002318,PROD00075,2,6662.95,0.0,13325.9
ITEM0004884,ORD002319,PROD00289,2,3097.21,0.0,6194.42
ITEM0004885,ORD002319,PROD00297,1,10930.45,0.0,10930.45
ITEM0004886,ORD002319,PROD00137,1,5635.51,0.0,5635.51
ITEM0004887,ORD002320,PROD00201,1,3944.29,0.0,3944.29
ITEM0004888,ORD002320,PROD00070,1,6693.56,0.0,6693.56
ITEM0004889,ORD002320,PROD00194,2,535.55,0.0,1071.1
ITEM0004890,ORD002321,PROD00109,4,7944.57,0.0,31778.28
ITEM0004891,ORD002321,PROD00240,1,4510.78,0.13,3924.38
ITEM0004892,ORD002321,PROD00158,4,8138.6,0.0,32554.4
ITEM0004893,ORD002322,PROD00227,1,3250.8,0.0,3250.8
ITEM0004894,ORD002322,PROD00104,1,2043.03,0.0,2043.03
ITEM0004895,ORD002322,PROD00138,1,10725.29,0.0,10725.29
ITEM0004896,ORD002323,PROD00208,1,4099.5,0.12,3607.56
ITEM0004897,ORD002324,PROD00158,1,8138.6,0.0,8138.6
ITEM0004898,ORD002324,PROD00129,4,2500.46,0.0,10001.84
ITEM0004899,ORD002325,PROD00206,1,8632.13,0.22,6733.06
ITEM0004900,ORD002326,PROD00074,2,9420.21,0.0,18840.42
ITEM0004901,ORD002326,PROD00182,3,3616.25,0.0,10848.75
ITEM0004902,ORD002326,PROD00039,2,6419.63,0.0,12839.26
ITEM0004903,ORD002326,PROD00030,3,4937.89,0.0,14813.67
ITEM0004904,ORD002327,PROD00187,2,6641.17,0.19,10758.7
ITEM0004905,ORD002327,PROD00076,1,6038.15,0.14,5192.81
ITEM0004906,ORD002327,PROD00151,1,5518.05,0.22,4304.08
ITEM0004907,ORD002328,PROD00287,1,6559.01,0.0,6559.01
ITEM0004908,ORD002329,PROD00029,1,5799.72,0.0,5799.72
ITEM0004909,ORD002330,PROD00172,1,734.93,0.22,573.25
ITEM0004910,ORD002330,PROD00028,2,214.4,0.0,428.8
ITEM0004911,ORD002331,PROD00034,1,2533.01,0.0,2533.01
ITEM0004912,ORD002331,PROD00012,1,7089.43,0.03,6876.75
ITEM0004913,ORD002332,PROD00163,2,2745.97,0.0,5491.94
ITEM0004914,ORD002332,PROD00275,1,5765.78,0.0,5765.78
ITEM0004915,ORD002333,PROD00190,4,3528.69,0.0,14114.76
ITEM0004916,ORD002333,PROD00213,1,9402.56,0.0,9402.56
ITEM0004917,ORD002333,PROD00294,1,8182.59,0.0,8182.59
ITEM0004918,ORD002334,PROD00160,1,1750.19,0.0,1750.19
ITEM0004919,ORD002334,PROD00145,2,5845.69,0.0,11691.38
ITEM0004920,ORD002335,PROD00039,2,6419.63,0.02,12582.47
ITEM0004921,ORD002336,PROD00078,1,2028.86,0.1,1825.97
ITEM0004922,ORD002336,PROD00253,3,791.63,0.0,2374.89
ITEM0004923,ORD002336,PROD00069,1,2597.38,0.22,2025.96
ITEM0004924,ORD002337,PROD00279,4,7168.01,0.0,28672.04
ITEM0004925,ORD002337,PROD00022,1,1547.99,0.12,1362.23
ITEM0004926,ORD002338,PROD00286,1,945.94,0.0,945.94
ITEM0004927,ORD002338,PROD00060,2,532.72,0.07,990.86
ITEM0004928,ORD002339,PROD00186,1,1445.96,0.05,1373.66
ITEM0004929,ORD002339,PROD00261,1,2154.14,0.0,2154.14
ITEM0004930,ORD002340,PROD00243,2,6308.05,0.0,12616.1
ITEM0004931,ORD002341,PROD00117,3,498.3,0.0,1494.9
ITEM0004932,ORD002341,PROD00027,1,5723.51,0.0,5723.51
ITEM0004933,ORD002342,PROD00119,1,9197.85,0.19,7450.26
ITEM0004934,ORD002342,PROD00095,1,1505.02,0.0,1505.02
ITEM0004935,ORD002343,PROD00094,3,6449.58,0.0,19348.74
ITEM0004936,ORD002343,PROD00299,2,10649.19,0.0,21298.38
ITEM0004937,ORD002344,PROD00148,1,3870.28,0.12,3405.85
ITEM0004938,ORD002344,PROD00024,1,10115.71,0.12,8901.82
ITEM0004939,ORD002345,PROD00023,2,3506.84,0.0,7013.68
ITEM0004940,ORD002345,PROD00281,1,7979.23,0.0,7979.23
ITEM0004941,ORD002345,PROD00040,2,3631.49,0.0,7262.98
ITEM0004942,ORD002345,PROD00184,1,1498.15,0.26,1108.63
ITEM0004943,ORD002346,PROD00131,2,576.16,0.0,1152.32
ITEM0004944,ORD002347,PROD00047,2,1589.57,0.0,3179.14
ITEM0004945,ORD002347,PROD00184,1,1498.15,0.0,1498.15
ITEM0004946,ORD002348,PROD00222,1,3002.04,0.0,3002.04
ITEM0004947,ORD002349,PROD00013,2,10508.19,0.0,21016.38
ITEM0004948,ORD002349,PROD00165,1,1721.94,0.0,1721.94
ITEM0004949,ORD002349,PROD00056,4,6326.27,0.29,17966.61
ITEM0004950,ORD002349,PROD00197,1,8766.75,0.0,8766.75
ITEM0004951,ORD002350,PROD00287,1,6559.01,0.0,6559.01
ITEM0004952,ORD002351,PROD00286,1,945.94,0.12,832.43
ITEM0004953,ORD002352,PROD00163,1,2745.97,0.1,2471.37
ITEM0004954,ORD002353,PROD00229,1,726.54,0.06,682.95
ITEM0004955,ORD002353,PROD00251,1,3365.3,0.0,3365.3
ITEM0004956,ORD002354,PROD00149,1,832.87,0.26,616.32
ITEM0004957,ORD002354,PROD00017,2,9163.85,0.03,17777.87
ITEM0004958,ORD002355,PROD00211,1,1624.33,0.0,1624.33
ITEM0004959,ORD002356,PROD00223,1,2430.88,0.0,2430.88
ITEM0004960,ORD002357,PROD00004,1,4097.38,0.0,4097.38
ITEM0004961,ORD002358,PROD00076,-1,6038.15,0.0,-6038.15
ITEM0004962,ORD002358,PROD00215,3,379.53,0.23,876.71
ITEM0004963,ORD002359,PROD00255,1,7383.63,0.0,7383.63
ITEM0004964,ORD002359,PROD00048,1,1926.71,0.1,1734.04
ITEM0004965,ORD002360,PROD00295,2,895.09,0.0,1790.18
ITEM0004966,ORD002360,PROD00210,2,6680.3,0.02,13093.39
ITEM0004967,ORD002361,PROD00262,2,1460.84,0.0,2921.68
ITEM0004968,ORD002362,PROD00004,1,4097.38,0.0,4097.38
ITEM0004969,ORD002362,PROD00015,1,5418.41,0.0,5418.41
ITEM0004970,ORD002362,PROD00032,1,301.12,0.0,301.12
ITEM0004971,ORD002362,PROD00066,1,899.86,0.12,791.88
ITEM0004972,ORD002362,PROD00175,2,8513.93,0.0,17027.86
ITEM0004973,ORD002363,PROD00013,-1,10508.19,0.07,-9772.62
ITEM0004974,ORD002363,PROD00084,1,7622.23,0.0,7622.23
ITEM0004975,ORD002363,PROD00216,1,3307.17,0.0,3307.17
ITEM0004976,ORD002363,PROD00003,1,2902.0,0.0,2902.0
ITEM0004977,ORD002364,PROD00034,1,2533.01,0.0,2533.01
ITEM0004978,ORD002365,PROD00223,1,2430.88,0.0,2430.88
ITEM0004979,ORD002365,PROD00270,1,4350.17,0.0,4350.17
ITEM0004980,ORD002366,PROD00104,1,2043.03,0.24,1552.7
ITEM0004981,ORD002366,PROD00040,2,3631.49,0.0,7262.98
ITEM0004982,ORD002367,PROD00253,4,791.63,0.0,3166.52
ITEM0004983,ORD002367,PROD00117,2,498.3,0.19,807.25
ITEM0004984,ORD002367,PROD00144,1,9953.38,0.0,9953.38
ITEM0004985,ORD002367,PROD00031,1,4066.81,0.0,4066.81
ITEM0004986,ORD002367,PROD00173,1,1945.88,0.28,1401.04
ITEM0004987,ORD002368,PROD00193,3,9202.76,0.0,27608.28
ITEM0004988,ORD002368,PROD00120,1,1288.16,0.0,1288.16
ITEM0004989,ORD002368,PROD00187,1,6641.17,0.0,6641.17
ITEM0004990,ORD002369,PROD00182,3,3616.25,0.0,10848.75
ITEM0004991,ORD002369,PROD00109,2,7944.57,0.01,15730.25
ITEM0004992,ORD002370,PROD00207,1,6547.46,0.0,6547.46
ITEM0004993,ORD002370,PROD00073,1,9071.35,0.05,8617.78
ITEM0004994,ORD002370,PROD00209,2,3816.19,0.07,7098.11
ITEM0004995,ORD002371,PROD00298,2,5321.16,0.0,10642.32
ITEM0004996,ORD002372,PROD00038,1,1983.28,0.0,1983.28
ITEM0004997,ORD002373,PROD00220,3,6168.69,0.0,18506.07
ITEM0004998,ORD002373,PROD00149,3,832.87,0.03,2423.65
ITEM0004999,ORD002373,PROD00298,3,5321.16,0.0,15963.48
ITEM0005000,ORD002374,PROD00122,1,11549.43,0.0,11549.43
ITEM0005001,ORD002374,PROD00241,1,1927.32,0.0,1927.32
ITEM0005002,ORD002375,PROD00124,2,2025.14,0.0,4050.28
ITEM0005003,ORD002376,PROD00220,1,6168.69,0.0,6168.69
ITEM0005004,ORD002376,PROD00116,1,3835.95,0.26,2838.6
ITEM0005005,ORD002377,PROD00161,1,2894.21,0.15,2460.08
ITEM0005006,ORD002377,PROD00130,4,3445.25,0.0,13781.0
ITEM0005007,ORD002378,PROD00187,1,6641.17,0.0,6641.17
ITEM0005008,ORD002378,PROD00080,1,862.91,0.0,862.91
ITEM0005009,ORD002379,PROD00099,1,6088.4,0.0,6088.4
ITEM0005010,ORD002380,PROD00126,1,10802.22,0.03,10478.15
ITEM0005011,ORD002381,PROD00080,1,862.91,0.0,862.91
ITEM0005012,ORD002382,PROD00094,4,6449.58,0.0,25798.32
ITEM0005013,ORD002382,PROD00041,2,3958.75,0.0,7917.5
ITEM0005014,ORD002383,PROD00250,1,4610.44,0.0,4610.44
ITEM0005015,ORD002384,PROD00147,1,4961.76,0.0,4961.76
ITEM0005016,ORD002384,PROD00293,2,5361.88,0.13,9329.67
ITEM0005017,ORD002385,PROD00007,3,7518.69,0.24,17142.61
ITEM0005018,ORD002385,PROD00297,1,10930.45,0.22,8525.75
ITEM0005019,ORD002385,PROD00230,1,8026.94,0.0,8026.94
ITEM0005020,ORD002385,PROD00189,2,7636.65,0.0,15273.3
ITEM0005021,ORD002386,PROD00239,4,467.33,0.0,1869.32
ITEM0005022,ORD002386,PROD00032,1,301.12,0.0,301.12
ITEM0005023,ORD002386,PROD00047,4,1589.57,0.0,6358.28
ITEM0005024,ORD002387,PROD00214,1,8107.58,0.07,7540.05
ITEM0005025,ORD002387,PROD00153,2,4010.2,0.19,6496.52
ITEM0005026,ORD002387,PROD00018,3,2803.77,0.0,8411.31
ITEM0005027,ORD002388,PROD00247,1,7341.91,0.0,7341.91
ITEM0005028,ORD002389,PROD00097,1,1492.36,0.0,1492.36
ITEM0005029,ORD002390,PROD00152,2,1231.99,0.0,2463.98
ITEM0005030,ORD002390,PROD00227,1,3250.8,0.0,3250.8
ITEM0005031,ORD002391,PROD00063,1,1083.33,0.22,845.0
ITEM0005032,ORD002391,PROD00200,1,7131.42,0.0,7131.42
ITEM0005033,ORD002391,PROD00186,3,1445.96,0.0,4337.88
ITEM0005034,ORD002392,PROD00051,2,8693.03,0.16,14604.29
ITEM0005035,ORD002392,PROD00032,1,301.12,0.0,301.12
ITEM0005036,ORD002392,PROD00130,1,3445.25,0.0,3445.25
ITEM0005037,ORD002392,PROD00285,1,2757.81,0.23,2123.51
ITEM0005038,ORD002392,PROD00064,2,4268.27,0.02,8365.81
ITEM0005039,ORD002393,PROD00107,1,6282.37,0.02,6156.72
ITEM0005040,ORD002393,PROD00219,1,344.65,0.23,265.38
ITEM0005041,ORD002393,PROD00232,1,3144.6,0.0,3144.6
ITEM0005042,ORD002394,PROD00234,1,9552.76,0.0,9552.76
ITEM0005043,ORD002394,PROD00076,2,6038.15,0.0,12076.3
ITEM0005044,ORD002394,PROD00128,1,4199.76,0.0,4199.76
ITEM0005045,ORD002395,PROD00073,2,9071.35,0.0,18142.7
ITEM0005046,ORD002395,PROD00228,1,1263.16,0.26,934.74
ITEM0005047,ORD002395,PROD00276,1,8701.77,0.11,7744.58
ITEM0005048,ORD002395,PROD00019,1,2406.67,0.0,2406.67
ITEM0005049,ORD002396,PROD00028,1,214.4,0.12,188.67
ITEM0005050,ORD002396,PROD00040,1,3631.49,0.0,3631.49
ITEM0005051,ORD002397,PROD00080,1,862.91,0.23,664.44
ITEM0005052,ORD002397,PROD00108,1,7407.37,0.17,6148.12
ITEM0005053,ORD002397,PROD00160,1,1750.19,0.0,1750.19
ITEM0005054,ORD002397,PROD00289,3,3097.21,0.0,9291.63
ITEM0005055,ORD002397,PROD00268,1,852.32,0.0,852.32
ITEM0005056,ORD002398,PROD00189,1,7636.65,0.0,7636.65
ITEM0005057,ORD002399,PROD00030,3,4937.89,0.05,14072.99
ITEM0005058,ORD002399,PROD00187,1,6641.17,0.01,6574.76
ITEM0005059,ORD002400,PROD00075,1,6662.95,0.04,6396.43
ITEM0005060,ORD002400,PROD00250,1,4610.44,0.0,4610.44
ITEM0005061,ORD002401,PROD00146,1,504.1,0.0,504.1
ITEM0005062,ORD002401,PROD00263,1,4979.64,0.0,4979.64
ITEM0005063,ORD002401,PROD00160,1,1750.19,0.0,1750.19
ITEM0005064,ORD002401,PROD00033,1,1942.09,0.15,1650.78
ITEM0005065,ORD002402,PROD00248,1,10128.22,0.0,10128.22
ITEM0005066,ORD002402,PROD00277,1,556.92,0.0,556.92
ITEM0005067,ORD002403,PROD00007,2,7518.69,0.27,10977.29
ITEM0005068,ORD002403,PROD00227,1,3250.8,0.0,3250.8
ITEM0005069,ORD002404,PROD00021,1,6443.82,0.0,6443.82
ITEM0005070,ORD002405,PROD00296,1,1188.71,0.0,1188.71
ITEM0005071,ORD002405,PROD00017,1,9163.85,0.0,9163.85
ITEM0005072,ORD002405,PROD00270,1,4350.17,0.0,4350.17
ITEM0005073,ORD002405,PROD00140,4,1718.72,0.0,6874.88
ITEM0005074,ORD002406,PROD00278,1,629.94,0.0,629.94
ITEM0005075,ORD002407,PROD00189,2,7636.65,0.0,15273.3
ITEM0005076,ORD002408,PROD00243,2,6308.05,0.0,12616.1
ITEM0005077,ORD002409,PROD00290,1,1195.14,0.0,1195.14
ITEM0005078,ORD002410,PROD00003,1,2902.0,0.28,2089.44
ITEM0005079,ORD002410,PROD00032,1,301.12,0.0,301.12
ITEM0005080,ORD002411,PROD00146,1,504.1,0.0,504.1
ITEM0005081,ORD002411,PROD00244,2,4549.33,0.11,8097.81
ITEM0005082,ORD002412,PROD00118,2,8273.55,0.0,16547.1
ITEM0005083,ORD002413,PROD00180,1,7030.69,0.01,6960.38
ITEM0005084,ORD002413,PROD00099,1,6088.4,0.0,6088.4
ITEM0005085,ORD002413,PROD00103,4,9136.07,0.0,36544.28
ITEM0005086,ORD002413,PROD00090,1,494.65,0.0,494.65
ITEM0005087,ORD002413,PROD00102,4,6509.4,0.0,26037.6
ITEM0005088,ORD002414,PROD00174,3,4285.14,0.0,12855.42
ITEM0005089,ORD002415,PROD00021,1,6443.82,0.04,6186.07
ITEM0005090,ORD002415,PROD00269,2,2135.25,0.0,4270.5
ITEM0005091,ORD002416,PROD00197,1,8766.75,0.0,8766.75
ITEM0005092,ORD002417,PROD00124,1,2025.14,0.21,1599.86
ITEM0005093,ORD002417,PROD00225,2,6042.7,0.0,12085.4
ITEM0005094,ORD002418,PROD00151,2,5518.05,0.0,11036.1
ITEM0005095,ORD002418,PROD00274,2,5633.46,0.0,11266.92
ITEM0005096,ORD002418,PROD00200,2,7131.42,0.0,14262.84
ITEM0005097,ORD002418,PROD00120,1,1288.16,0.0,1288.16
ITEM0005098,ORD002419,PROD00209,1,3816.19,0.0,3816.19
ITEM0005099,ORD002420,PROD00281,2,7979.23,0.16,13405.11
ITEM0005100,ORD002421,PROD00040,1,3631.49,0.14,3123.08
ITEM0005101,ORD002422,PROD00232,1,3144.6,0.0,3144.6
ITEM0005102,ORD002423,PROD00167,3,2019.38,0.0,6058.14
ITEM0005103,ORD002423,PROD00283,1,7427.34,0.0,7427.34
ITEM0005104,ORD002424,PROD00075,1,6662.95,0.0,6662.95
ITEM0005105,ORD002424,PROD00061,1,4205.57,0.11,3742.96
ITEM0005106,ORD002425,PROD00106,1,3963.99,0.07,3686.51
ITEM0005107,ORD002426,PROD00025,1,3078.83,0.0,3078.83
ITEM0005108,ORD002427,PROD00252,3,910.14,0.18,2238.94
ITEM0005109,ORD002427,PROD00184,4,1498.15,0.0,5992.6
ITEM0005110,ORD002428,PROD00076,-3,6038.15,0.0,-18114.45
ITEM0005111,ORD002429,PROD00087,2,4546.57,0.27,6637.99
ITEM0005112,ORD002430,PROD00284,1,1981.58,0.0,1981.58
ITEM0005113,ORD002430,PROD00080,1,862.91,0.0,862.91
ITEM0005114,ORD002430,PROD00028,1,214.4,0.07,199.39
ITEM0005115,ORD002430,PROD00210,2,6680.3,0.0,13360.6
ITEM0005116,ORD002431,PROD00207,1,6547.46,0.0,6547.46
ITEM0005117,ORD002431,PROD00251,2,3365.3,0.0,6730.6
ITEM0005118,ORD002431,PROD00085,1,1960.53,0.04,1882.11
ITEM0005119,ORD002432,PROD00102,1,6509.4,0.18,5337.71
ITEM0005120,ORD002433,PROD00207,1,6547.46,0.0,6547.46
ITEM0005121,ORD002433,PROD00150,3,290.6,0.22,680.0
ITEM0005122,ORD002434,PROD00261,2,2154.14,0.02,4222.11
ITEM0005123,ORD002434,PROD00212,1,7782.48,0.16,6537.28
ITEM0005124,ORD002434,PROD00263,1,4979.64,0.0,4979.64
ITEM0005125,ORD002434,PROD00192,1,5116.05,0.0,5116.05
ITEM0005126,ORD002434,PROD00106,2,3963.99,0.0,7927.98
ITEM0005127,ORD002435,PROD00057,3,4595.24,0.0,13785.72
ITEM0005128,ORD002435,PROD00141,4,4481.31,0.0,17925.24
ITEM0005129,ORD002436,PROD00225,2,6042.7,0.0,12085.4
ITEM0005130,ORD002436,PROD00131,3,576.16,0.0,1728.48
ITEM0005131,ORD002437,PROD00072,1,6999.91,0.0,6999.91
ITEM0005132,ORD002438,PROD00062,1,5673.89,0.0,5673.89
ITEM0005133,ORD002439,PROD00200,4,7131.42,0.0,28525.68
ITEM0005134,ORD002440,PROD00013,2,10508.19,0.0,21016.38
ITEM0005135,ORD002441,PROD00139,1,5962.8,0.0,5962.8
ITEM0005136,ORD002442,PROD00209,1,3816.19,0.0,3816.19
ITEM0005137,ORD002442,PROD00262,2,1460.84,0.0,2921.68
ITEM0005138,ORD002443,PROD00094,2,6449.58,0.0,12899.16
ITEM0005139,ORD002444,PROD00195,4,9608.14,0.0,38432.56
ITEM0005140,ORD002445,PROD00190,1,3528.69,0.0,3528.69
ITEM0005141,ORD002445,PROD00034,1,2533.01,0.0,2533.01
ITEM0005142,ORD002446,PROD00274,3,5633.46,0.0,16900.38
ITEM0005143,ORD002447,PROD00180,4,7030.69,0.0,28122.76
ITEM0005144,ORD002448,PROD00001,3,9272.65,0.0,27817.95
ITEM0005145,ORD002449,PROD00053,1,7229.99,0.16,6073.19
ITEM0005146,ORD002450,PROD00036,1,7308.78,0.27,5335.41
ITEM0005147,ORD002450,PROD00067,1,996.38,0.0,996.38
ITEM0005148,ORD002450,PROD00003,1,2902.0,0.0,2902.0
ITEM0005149,ORD002451,PROD00293,2,5361.88,0.0,10723.76
ITEM0005150,ORD002452,PROD00241,1,270.66,0.0,270.66
ITEM0005151,ORD002452,PROD00054,1,5941.63,0.0,5941.63
ITEM0005152,ORD002453,PROD00156,1,1816.09,0.0,1816.09
ITEM0005153,ORD002454,PROD00278,1,629.94,0.0,629.94
ITEM0005154,ORD002454,PROD00043,1,1789.22,0.0,1789.22
ITEM0005155,ORD002455,PROD00295,2,895.09,0.0,1790.18
ITEM0005156,ORD002456,PROD00201,1,3944.29,0.0,3944.29
ITEM0005157,ORD002456,PROD00052,1,1689.78,0.0,1689.78
ITEM0005158,ORD002456,PROD00001,1,9272.65,0.0,9272.65
ITEM0005159,ORD002457,PROD00199,1,3657.98,0.0,3657.98
ITEM0005160,ORD002457,PROD00221,1,901.85,0.15,766.57
ITEM0005161,ORD002458,PROD00178,1,7985.04,0.0,7985.04
ITEM0005162,ORD002459,PROD00035,2,2576.9,0.29,3659.2
ITEM0005163,ORD002460,PROD00094,1,6449.58,0.0,6449.58
ITEM0005164,ORD002461,PROD00286,3,945.94,0.18,2327.01
ITEM0005165,ORD002462,PROD00205,2,6283.38,0.07,11687.09
ITEM0005166,ORD002462,PROD00053,2,7229.99,0.0,14459.98
ITEM0005167,ORD002463,PROD00053,3,7229.99,0.15,18436.47
ITEM0005168,ORD002463,PROD00274,1,5633.46,0.0,5633.46
ITEM0005169,ORD002463,PROD00149,1,832.87,0.0,832.87
ITEM0005170,ORD002464,PROD00282,1,3504.39,0.0,3504.39
ITEM0005171,ORD002464,PROD00202,2,1016.59,0.28,1463.89
ITEM0005172,ORD002464,PROD00223,2,2430.88,0.0,4861.76
ITEM0005173,ORD002465,PROD00032,1,301.12,0.0,301.12
ITEM0005174,ORD002465,PROD00147,3,4961.76,0.04,14289.87
ITEM0005175,ORD002466,PROD00189,1,7636.65,0.0,7636.65
ITEM0005176,ORD002466,PROD00081,1,2624.19,0.01,2597.95
ITEM0005177,ORD002467,PROD00282,2,3504.39,0.18,5747.2
ITEM0005178,ORD002468,PROD00113,1,3472.93,0.28,2500.51
ITEM0005179,ORD002468,PROD00091,1,1302.09,0.0,1302.09
ITEM0005180,ORD002469,PROD00041,1,3958.75,0.08,3642.05
ITEM0005181,ORD002469,PROD00130,2,3445.25,0.11,6132.54
ITEM0005182,ORD002470,PROD00056,1,6326.27,0.0,6326.27
ITEM0005183,ORD002470,PROD00228,1,1263.16,0.0,1263.16
ITEM0005184,ORD002470,PROD00210,2,6680.3,0.05,12692.57
ITEM0005185,ORD002470,PROD00143,1,1075.34,0.0,1075.34
ITEM0005186,ORD002470,PROD00220,1,6168.69,0.0,6168.69
ITEM0005187,ORD002471,PROD00120,1,1288.16,0.11,1146.46
ITEM0005188,ORD002471,PROD00178,2,7985.04,0.0,15970.08
ITEM0005189,ORD002472,PROD00174,3,4285.14,0.0,12855.42
ITEM0005190,ORD002472,PROD00063,1,1083.33,0.25,812.5
ITEM0005191,ORD002473,PROD00165,2,1721.94,0.0,3443.88
ITEM0005192,ORD002474,PROD00130,1,3445.25,0.08,3169.63
ITEM0005193,ORD002474,PROD00105,1,3095.41,0.0,3095.41
ITEM0005194,ORD002474,PROD00005,1,246.43,0.18,202.07
ITEM0005195,ORD002475,PROD00091,1,1302.09,0.0,1302.09
ITEM0005196,ORD002476,PROD00067,1,996.38,0.0,996.38
ITEM0005197,ORD002476,PROD00050,2,5338.68,0.0,10677.36
ITEM0005198,ORD002477,PROD00039,2,6419.63,0.16,10784.98
ITEM0005199,ORD002477,PROD00125,1,5694.29,0.0,5694.29
ITEM0005200,ORD002478,PROD00176,2,5492.71,0.0,10985.42
ITEM0005201,ORD002478,PROD00256,2,256.57,0.0,513.14
ITEM0005202,ORD002478,PROD00146,1,504.1,0.0,504.1
ITEM0005203,ORD002478,PROD00032,3,301.12,0.0,903.36
ITEM0005204,ORD002479,PROD00129,3,2500.46,0.26,5551.02
ITEM0005205,ORD002479,PROD00059,1,11784.91,0.0,11784.91
ITEM0005206,ORD002479,PROD00099,1,6088.4,0.0,6088.4
ITEM0005207,ORD002480,PROD00072,1,6999.91,0.0,6999.91
ITEM0005208,ORD002480,PROD00187,4,6641.17,0.17,22048.68
ITEM0005209,ORD002481,PROD00126,3,10802.22,0.0,32406.66
ITEM0005210,ORD002481,PROD00121,1,11305.27,0.0,11305.27
ITEM0005211,ORD002481,PROD00267,1,3457.61,0.0,3457.61
ITEM0005212,ORD002482,PROD00031,1,4066.81,0.05,3863.47
ITEM0005213,ORD002482,PROD00300,3,1343.36,0.0,4030.08
ITEM0005214,ORD002482,PROD00258,1,5858.08,0.16,4920.79
ITEM0005215,ORD002483,PROD00035,1,2576.9,0.0,2576.9
ITEM0005216,ORD002483,PROD00155,1,1532.82,0.05,1456.18
ITEM0005217,ORD002484,PROD00123,1,2950.23,0.0,2950.23
ITEM0005218,ORD002485,PROD00031,1,4066.81,0.0,4066.81
ITEM0005219,ORD002485,PROD00023,4,3506.84,0.16,11782.98
ITEM0005220,ORD002486,PROD00073,2,9071.35,0.08,16691.28
ITEM0005221,ORD002487,PROD00234,1,9552.76,0.0,9552.76
ITEM0005222,ORD002488,PROD00131,2,576.16,0.03,1117.75
ITEM0005223,ORD002488,PROD00102,4,6509.4,0.0,26037.6
ITEM0005224,ORD002489,PROD00056,1,6326.27,0.0,6326.27
ITEM0005225,ORD002490,PROD00011,2,2615.05,0.0,5230.1
ITEM0005226,ORD002490,PROD00230,1,8026.94,0.0,8026.94
ITEM0005227,ORD002491,PROD00036,4,7308.78,0.05,27773.36
ITEM0005228,ORD002492,PROD00189,1,7636.65,0.0,7636.65
ITEM0005229,ORD002492,PROD00005,1,246.43,0.0,246.43
ITEM0005230,ORD002492,PROD00113,2,3472.93,0.0,6945.86
ITEM0005231,ORD002492,PROD00035,1,2576.9,0.0,2576.9
ITEM0005232,ORD002493,PROD00158,1,8138.6,0.1,7324.74
ITEM0005233,ORD002493,PROD00082,2,3992.96,0.0,7985.92
ITEM0005234,ORD002494,PROD00260,4,8617.38,0.0,34469.52
ITEM0005235,ORD002495,PROD00200,1,7131.42,0.0,7131.42
ITEM0005236,ORD002495,PROD00020,4,7970.85,0.0,31883.4
ITEM0005237,ORD002495,PROD00159,1,198.83,0.0,198.83
ITEM0005238,ORD002496,PROD00094,3,6449.58,0.0,19348.74
ITEM0005239,ORD002497,PROD00277,1,556.92,0.0,556.92
ITEM0005240,ORD002498,PROD00119,1,9197.85,0.0,9197.85
ITEM0005241,ORD002498,PROD00115,1,3250.57,0.0,3250.57
ITEM0005242,ORD002499,PROD00199,1,3657.98,0.0,3657.98
ITEM0005243,ORD002499,PROD00166,2,7134.8,0.18,11701.07
ITEM0005244,ORD002500,PROD00290,1,1195.14,0.25,896.36
ITEM0005245,ORD002500,PROD00094,1,6449.58,0.0,6449.58
ITEM0005246,ORD002500,PROD00232,1,3144.6,0.21,2484.23
ITEM0005247,ORD002501,PROD00103,3,9136.07,0.29,19459.83
ITEM0005248,ORD002501,PROD00240,1,4510.78,0.0,4510.78
ITEM0005249,ORD002501,PROD00281,2,7979.23,0.0,15958.46
ITEM0005250,ORD002501,PROD00253,1,791.63,0.0,791.63
ITEM0005251,ORD002502,PROD00165,1,1721.94,0.0,1721.94
ITEM0005252,ORD002503,PROD00188,1,1657.41,0.0,1657.41
ITEM0005253,ORD002503,PROD00103,3,9136.07,0.0,27408.21
ITEM0005254,ORD002504,PROD00203,1,477.27,0.09,434.32
ITEM0005255,ORD002504,PROD00235,1,1155.59,0.0,1155.59
ITEM0005256,ORD002505,PROD00175,1,8513.93,0.0,8513.93
ITEM0005257,ORD002506,PROD00007,2,7518.69,0.0,15037.38
ITEM0005258,ORD002507,PROD00208,1,4099.5,0.0,4099.5
ITEM0005259,ORD002507,PROD00004,1,4097.38,0.0,4097.38
ITEM0005260,ORD002507,PROD00178,2,7985.04,0.0,15970.08
ITEM0005261,ORD002507,PROD00070,2,6693.56,0.0,13387.12
ITEM0005262,ORD002508,PROD00239,3,467.33,0.0,1401.99
ITEM0005263,ORD002508,PROD00152,1,1231.99,0.0,1231.99
ITEM0005264,ORD002508,PROD00103,1,9136.07,0.0,9136.07
ITEM0005265,ORD002508,PROD00288,2,2790.22,0.0,5580.44
ITEM0005266,ORD002509,PROD00163,3,2745.97,0.0,8237.91
ITEM0005267,ORD002510,PROD00166,1,7134.8,0.07,6635.36
ITEM0005268,ORD002510,PROD00153,1,4010.2,0.0,4010.2
ITEM0005269,ORD002510,PROD00011,1,2615.05,0.0,2615.05
ITEM0005270,ORD002510,PROD00069,1,1570.25,0.0,1570.25
ITEM0005271,ORD002511,PROD00184,1,1498.15,0.0,1498.15
ITEM0005272,ORD002512,PROD00267,2,3457.61,0.0,6915.22
ITEM0005273,ORD002512,PROD00089,1,781.78,0.0,781.78
ITEM0005274,ORD002512,PROD00129,1,2500.46,0.0,2500.46
ITEM0005275,ORD002512,PROD00009,1,5332.96,0.0,5332.96
ITEM0005276,ORD002513,PROD00230,1,8026.94,0.0,8026.94
ITEM0005277,ORD002514,PROD00179,1,6055.62,0.0,6055.62
ITEM0005278,ORD002515,PROD00264,1,8008.38,0.0,8008.38
ITEM0005279,ORD002515,PROD00160,2,1750.19,0.0,3500.38
ITEM0005280,ORD002515,PROD00214,1,8107.58,0.0,8107.58
ITEM0005281,ORD002515,PROD00108,1,7407.37,0.16,6222.19
ITEM0005282,ORD002516,PROD00236,2,2661.51,0.0,5323.02
ITEM0005283,ORD002516,PROD00174,4,4285.14,0.0,17140.56
ITEM0005284,ORD002516,PROD00148,3,3870.28,0.0,11610.84
ITEM0005285,ORD002517,PROD00006,1,8153.69,0.0,8153.69
ITEM0005286,ORD002518,PROD00105,1,3095.41,0.17,2569.19
ITEM0005287,ORD002518,PROD00153,1,4010.2,0.0,4010.2
ITEM0005288,ORD002518,PROD00146,1,504.1,0.0,504.1
ITEM0005289,ORD002519,PROD00282,1,3504.39,0.0,3504.39
ITEM0005290,ORD002519,PROD00201,1,3944.29,0.27,2879.33
ITEM0005291,ORD002520,PROD00249,1,4279.09,0.0,4279.09
ITEM0005292,ORD002520,PROD00066,2,899.86,0.0,1799.72
ITEM0005293,ORD002520,PROD00145,1,5845.69,0.21,4618.1
ITEM0005294,ORD002520,PROD00183,4,526.69,0.11,1875.02
ITEM0005295,ORD002521,PROD00118,1,8273.55,0.0,8273.55
ITEM0005296,ORD002521,PROD00130,1,3445.25,0.24,2618.39
ITEM0005297,ORD002521,PROD00242,2,2496.43,0.0,4992.86
ITEM0005298,ORD002522,PROD00249,-1,4279.09,0.0,-4279.09
ITEM0005299,ORD002523,PROD00071,3,534.87,0.0,1604.61
ITEM0005300,ORD002523,PROD00232,3,3144.6,0.0,9433.8
ITEM0005301,ORD002523,PROD00071,1,534.87,0.18,438.59
ITEM0005302,ORD002523,PROD00031,2,4066.81,0.22,6344.22
ITEM0005303,ORD002524,PROD00072,1,6999.91,0.03,6789.91
ITEM0005304,ORD002524,PROD00269,1,2135.25,0.24,1622.79
ITEM0005305,ORD002525,PROD00254,1,3623.42,0.0,3623.42
ITEM0005306,ORD002525,PROD00072,1,6999.91,0.0,6999.91
ITEM0005307,ORD002526,PROD00106,3,3963.99,0.04,11416.29
ITEM0005308,ORD002526,PROD00172,2,734.93,0.2,1175.89
ITEM0005309,ORD002527,PROD00010,2,2259.53,0.0,4519.06
ITEM0005310,ORD002528,PROD00046,1,8988.77,0.29,6382.03
ITEM0005311,ORD002529,PROD00028,2,214.4,0.0,428.8
ITEM0005312,ORD002530,PROD00298,4,5321.16,0.0,21284.64
ITEM0005313,ORD002530,PROD00276,1,8701.77,0.0,8701.77
ITEM0005314,ORD002530,PROD00068,2,1589.23,0.19,2574.55
ITEM0005315,ORD002530,PROD00005,3,246.43,0.0,739.29
ITEM0005316,ORD002531,PROD00103,1,9136.07,0.0,9136.07
ITEM0005317,ORD002532,PROD00041,1,3958.75,0.04,3800.4
ITEM0005318,ORD002533,PROD00283,1,7427.34,0.0,7427.34
ITEM0005319,ORD002534,PROD00219,2,344.65,0.0,689.3
ITEM0005320,ORD002535,PROD00168,1,5760.76,0.0,5760.76
ITEM0005321,ORD002535,PROD00251,1,3365.3,0.0,3365.3
ITEM0005322,ORD002536,PROD00020,3,7970.85,0.0,23912.55
ITEM0005323,ORD002537,PROD00192,2,5116.05,0.09,9311.21
ITEM0005324,ORD002538,PROD00113,3,3472.93,0.0,10418.79
ITEM0005325,ORD002539,PROD00138,1,10725.29,0.0,10725.29
ITEM0005326,ORD002540,PROD00243,2,6308.05,0.0,12616.1
ITEM0005327,ORD002540,PROD00104,1,2043.03,0.0,2043.03
ITEM0005328,ORD002540,PROD00102,1,6509.4,0.0,6509.4
ITEM0005329,ORD002541,PROD00026,2,992.19,0.0,1984.38
ITEM0005330,ORD002542,PROD00125,1,5694.29,0.0,5694.29
ITEM0005331,ORD002542,PROD00257,2,684.96,0.03,1328.83
ITEM0005332,ORD002543,PROD00114,2,2295.26,0.06,4315.09
ITEM0005333,ORD002544,PROD00252,1,910.14,0.0,910.14
ITEM0005334,ORD002544,PROD00150,1,290.6,0.0,290.6
ITEM0005335,ORD002545,PROD00131,1,576.16,0.18,472.45
ITEM0005336,ORD002546,PROD00158,-1,8138.6,0.0,-8138.6
ITEM0005337,ORD002547,PROD00010,2,2259.53,0.1,4067.15
ITEM0005338,ORD002548,PROD00200,1,7131.42,0.0,7131.42
ITEM0005339,ORD002548,PROD00252,2,910.14,0.0,1820.28
ITEM0005340,ORD002548,PROD00256,1,256.57,0.12,225.78
ITEM0005341,ORD002548,PROD00013,2,10508.19,0.0,21016.38
ITEM0005342,ORD002549,PROD00236,2,2661.51,0.0,5323.02
ITEM0005343,ORD002549,PROD00263,1,4979.64,0.1,4481.68
ITEM0005344,ORD002550,PROD00244,1,4549.33,0.0,4549.33
ITEM0005345,ORD002550,PROD00212,2,7782.48,0.01,15409.31
ITEM0005346,ORD002551,PROD00184,4,1498.15,0.0,5992.6
ITEM0005347,ORD002551,PROD00234,1,9552.76,0.0,9552.76
ITEM0005348,ORD002552,PROD00152,2,1231.99,0.0,2463.98
ITEM0005349,ORD002553,PROD00195,2,9608.14,0.0,19216.28
ITEM0005350,ORD002553,PROD00292,1,5910.44,0.0,5910.44
ITEM0005351,ORD002553,PROD00219,1,344.65,0.0,344.65
ITEM0005352,ORD002554,PROD00253,1,791.63,0.0,791.63
ITEM0005353,ORD002555,PROD00130,1,3445.25,0.0,3445.25
ITEM0005354,ORD002555,PROD00016,1,6005.27,0.19,4864.27
ITEM0005355,ORD002556,PROD00064,1,4268.27,0.0,4268.27
ITEM0005356,ORD002556,PROD00091,2,1302.09,0.0,2604.18
ITEM0005357,ORD002556,PROD00064,2,4268.27,0.0,8536.54
ITEM0005358,ORD002557,PROD00137,1,5635.51,0.0,5635.51
ITEM0005359,ORD002557,PROD00102,1,6509.4,0.0,6509.4
ITEM0005360,ORD002558,PROD00238,1,7201.82,0.29,5113.29
ITEM0005361,ORD002559,PROD00056,1,6326.27,0.0,6326.27
ITEM0005362,ORD002560,PROD00099,2,6088.4,0.0,12176.8
ITEM0005363,ORD002560,PROD00161,1,2894.21,0.05,2749.5
ITEM0005364,ORD002560,PROD00035,1,2576.9,0.0,2576.9
ITEM0005365,ORD002560,PROD00250,1,4610.44,0.0,4610.44
ITEM0005366,ORD002560,PROD00121,1,11305.27,0.29,8026.74
ITEM0005367,ORD002561,PROD00063,1,1083.33,0.0,1083.33
ITEM0005368,ORD002561,PROD00300,4,1343.36,0.23,4137.55
ITEM0005369,ORD002562,PROD00002,1,231.58,0.0,231.58
ITEM0005370,ORD002563,PROD00047,1,1589.57,0.0,1589.57
ITEM0005371,ORD002563,PROD00217,2,260.84,0.0,521.68
ITEM0005372,ORD002563,PROD00052,2,1689.78,0.0,3379.56
ITEM0005373,ORD002564,PROD00104,1,2043.03,0.0,2043.03
ITEM0005374,ORD002565,PROD00225,2,6042.7,0.13,10514.3
ITEM0005375,ORD002566,PROD00021,1,6443.82,0.0,6443.82
ITEM0005376,ORD002567,PROD00296,1,1188.71,0.0,1188.71
ITEM0005377,ORD002568,PROD00247,2,7341.91,0.0,14683.82
ITEM0005378,ORD002569,PROD00283,1,7427.34,0.0,7427.34
ITEM0005379,ORD002569,PROD00101,-1,1373.9,0.02,-1346.42
ITEM0005380,ORD002570,PROD00233,4,3164.97,0.0,12659.88
ITEM0005381,ORD002570,PROD00205,1,6283.38,0.0,6283.38
ITEM0005382,ORD002571,PROD00236,1,2661.51,0.3,1863.06
ITEM0005383,ORD002571,PROD00266,1,5956.89,0.0,5956.89
ITEM0005384,ORD002572,PROD00062,1,5673.89,0.0,5673.89
ITEM0005385,ORD002573,PROD00272,1,7587.4,0.0,7587.4
ITEM0005386,ORD002574,PROD00071,3,534.87,0.0,1604.61
ITEM0005387,ORD002574,PROD00024,2,10115.71,0.0,20231.42
ITEM0005388,ORD002574,PROD00261,1,2154.14,0.0,2154.14
ITEM0005389,ORD002575,PROD00148,1,3870.28,0.04,3715.47
ITEM0005390,ORD002575,PROD00055,2,2678.2,0.0,5356.4
ITEM0005391,ORD002576,PROD00015,2,5418.41,0.0,10836.82
ITEM0005392,ORD002577,PROD00033,2,1942.09,0.0,3884.18
ITEM0005393,ORD002578,PROD00277,3,556.92,0.0,1670.76
ITEM0005394,ORD002578,PROD00119,1,9197.85,0.0,9197.85
ITEM0005395,ORD002579,PROD00178,1,7985.04,0.17,6627.58
ITEM0005396,ORD002580,PROD00299,3,10649.19,0.0,31947.57
ITEM0005397,ORD002580,PROD00287,2,6559.01,0.0,13118.02
ITEM0005398,ORD002581,PROD00197,3,8766.75,0.0,26300.25
ITEM0005399,ORD002581,PROD00186,1,1445.96,0.0,1445.96
ITEM0005400,ORD002581,PROD00266,1,5956.89,0.0,5956.89
ITEM0005401,ORD002581,PROD00209,1,3816.19,0.0,3816.19
ITEM0005402,ORD002582,PROD00112,4,3435.2,0.0,13740.8
ITEM0005403,ORD002582,PROD00244,1,4549.33,0.22,3548.48
ITEM0005404,ORD002582,PROD00267,1,3457.61,0.0,3457.61
ITEM0005405,ORD002582,PROD00048,1,1926.71,0.04,1849.64
ITEM0005406,ORD002583,PROD00156,1,1816.09,0.0,1816.09
ITEM0005407,ORD002584,PROD00188,1,1657.41,0.0,1657.41
ITEM0005408,ORD002584,PROD00166,2,7134.8,0.16,11986.46
ITEM0005409,ORD002584,PROD00115,1,3250.57,0.0,3250.57
ITEM0005410,ORD002584,PROD00230,1,8026.94,0.27,5859.67
ITEM0005411,ORD002585,PROD00009,1,5332.96,0.0,5332.96
ITEM0005412,ORD002586,PROD00003,3,2902.0,0.0,8706.0
ITEM0005413,ORD002587,PROD00086,3,5791.83,0.03,16854.23
ITEM0005414,ORD002587,PROD00276,2,8701.77,0.0,17403.54
ITEM0005415,ORD002587,PROD00224,2,8522.29,0.19,13806.11
ITEM0005416,ORD002588,PROD00126,1,10802.22,0.0,10802.22
ITEM0005417,ORD002588,PROD00123,1,2950.23,0.0,2950.23
ITEM0005418,ORD002588,PROD00025,1,3078.83,0.0,3078.83
ITEM0005419,ORD002589,PROD00036,1,7308.78,0.0,7308.78
ITEM0005420,ORD002590,PROD00238,1,7201.82,0.0,7201.82
ITEM0005421,ORD002591,PROD00152,2,1231.99,0.0,2463.98
ITEM0005422,ORD002592,PROD00281,1,7979.23,0.0,7979.23
ITEM0005423,ORD002592,PROD00143,3,1075.34,0.0,3226.02
ITEM0005424,ORD002592,PROD00276,1,8701.77,0.0,8701.77
ITEM0005425,ORD002592,PROD00095,1,1505.02,0.0,1505.02
ITEM0005426,ORD002593,PROD00072,1,6999.91,0.0,6999.91
ITEM0005427,ORD002593,PROD00218,4,6300.23,0.25,18900.69
ITEM0005428,ORD002593,PROD00230,1,8026.94,0.0,8026.94
ITEM0005429,ORD002593,PROD00108,1,7407.37,0.0,7407.37
ITEM0005430,ORD002594,PROD00014,1,1451.31,0.19,1175.56
ITEM0005431,ORD002595,PROD00210,1,6680.3,0.3,4676.21
ITEM0005432,ORD002595,PROD00101,1,1373.9,0.0,1373.9
ITEM0005433,ORD002595,PROD00128,1,4199.76,0.0,4199.76
ITEM0005434,ORD002596,PROD00047,1,1589.57,0.0,1589.57
ITEM0005435,ORD002597,PROD00299,3,10649.19,0.0,31947.57
ITEM0005436,ORD002598,PROD00173,1,2364.01,0.0,2364.01
ITEM0005437,ORD002598,PROD00225,1,6042.7,0.0,6042.7
ITEM0005438,ORD002598,PROD00196,1,6703.46,0.0,6703.46
ITEM0005439,ORD002599,PROD00113,1,3472.93,0.22,2708.89
ITEM0005440,ORD002599,PROD00009,3,5332.96,0.0,15998.88
ITEM0005441,ORD002599,PROD00201,1,3944.29,0.18,3234.32
ITEM0005442,ORD002599,PROD00169,2,5358.09,0.0,10716.18
ITEM0005443,ORD002600,PROD00115,2,3250.57,0.21,5135.9
ITEM0005444,ORD002601,PROD00021,2,6443.82,0.0,12887.64
ITEM0005445,ORD002601,PROD00271,1,439.58,0.0,439.58
ITEM0005446,ORD002602,PROD00199,1,3657.98,0.0,3657.98
ITEM0005447,ORD002602,PROD00127,3,5321.52,0.0,15964.56
ITEM0005448,ORD002603,PROD00295,1,895.09,0.0,895.09
ITEM0005449,ORD002604,PROD00287,2,6559.01,0.0,13118.02
ITEM0005450,ORD002605,PROD00203,1,477.27,0.0,477.27
ITEM0005451,ORD002606,PROD00242,1,2496.43,0.0,2496.43
ITEM0005452,ORD002606,PROD00156,2,1816.09,0.16,3051.03
ITEM0005453,ORD002606,PROD00226,1,648.79,0.0,648.79
ITEM0005454,ORD002607,PROD00102,1,6509.4,0.0,6509.4
ITEM0005455,ORD002607,PROD00249,2,4279.09,0.06,8044.69
ITEM0005456,ORD002607,PROD00065,1,6570.64,0.0,6570.64
ITEM0005457,ORD002607,PROD00105,1,3095.41,0.18,2538.24
ITEM0005458,ORD002608,PROD00103,2,9136.07,0.0,18272.14
ITEM0005459,ORD002608,PROD00191,1,4249.81,0.04,4079.82
ITEM0005460,ORD002608,PROD00015,1,5418.41,0.0,5418.41
ITEM0005461,ORD002608,PROD00234,1,9552.76,0.0,9552.76
ITEM0005462,ORD002609,PROD00163,4,2745.97,0.0,10983.88
ITEM0005463,ORD002610,PROD00277,3,556.92,0.0,1670.76
ITEM0005464,ORD002610,PROD00020,-2,7970.85,0.0,-15941.7
ITEM0005465,ORD002610,PROD00009,3,5332.96,0.0,15998.88
ITEM0005466,ORD002610,PROD00011,-2,2615.05,0.0,-5230.1
ITEM0005467,ORD002611,PROD00289,2,3097.21,0.0,6194.42
ITEM0005468,ORD002612,PROD00286,2,945.94,0.0,1891.88
ITEM0005469,ORD002612,PROD00215,1,379.53,0.0,379.53
ITEM0005470,ORD002612,PROD00180,2,7030.69,0.11,12514.63
ITEM0005471,ORD002613,PROD00171,2,546.18,0.0,1092.36
ITEM0005472,ORD002613,PROD00081,1,2624.19,0.0,2624.19
ITEM0005473,ORD002613,PROD00238,4,7201.82,0.0,28807.28
ITEM0005474,ORD002614,PROD00298,2,5321.16,0.0,10642.32
ITEM0005475,ORD002614,PROD00159,1,198.83,0.0,198.83
ITEM0005476,ORD002615,PROD00192,1,5116.05,0.03,4962.57
ITEM0005477,ORD002616,PROD00095,2,1505.02,0.0,3010.04
ITEM0005478,ORD002616,PROD00133,2,7313.64,0.15,12433.19
ITEM0005479,ORD002616,PROD00156,1,1816.09,0.15,1543.68
ITEM0005480,ORD002617,PROD00183,1,526.69,0.0,526.69
ITEM0005481,ORD002618,PROD00272,1,7587.4,0.0,7587.4
ITEM0005482,ORD002618,PROD00020,2,7970.85,0.0,15941.7
ITEM0005483,ORD002619,PROD00065,2,6570.64,0.0,13141.28
ITEM0005484,ORD002620,PROD00016,1,6005.27,0.0,6005.27
ITEM0005485,ORD002620,PROD00281,1,7979.23,0.0,7979.23
ITEM0005486,ORD002621,PROD00134,1,1127.73,0.0,1127.73
ITEM0005487,ORD002622,PROD00259,2,1489.83,0.0,2979.66
ITEM0005488,ORD002622,PROD00037,1,5435.74,0.0,5435.74
ITEM0005489,ORD002622,PROD00063,1,1083.33,0.0,1083.33
ITEM0005490,ORD002622,PROD00274,2,5633.46,0.0,11266.92
ITEM0005491,ORD002622,PROD00223,2,2430.88,0.0,4861.76
ITEM0005492,ORD002623,PROD00244,1,4549.33,0.05,4321.86
ITEM0005493,ORD002623,PROD00117,3,498.3,0.0,1494.9
ITEM0005494,ORD002624,PROD00160,1,1750.19,0.0,1750.19
ITEM0005495,ORD002625,PROD00163,1,2745.97,0.28,1977.1
ITEM0005496,ORD002625,PROD00035,2,2576.9,0.13,4483.81
ITEM0005497,ORD002625,PROD00132,2,5296.2,0.0,10592.4
ITEM0005498,ORD002626,PROD00099,1,6088.4,0.0,6088.4
ITEM0005499,ORD002627,PROD00278,3,629.94,0.0,1889.82
ITEM0005500,ORD002628,PROD00049,2,5326.74,0.0,10653.48
ITEM0005501,ORD002629,PROD00021,1,6443.82,0.0,6443.82
ITEM0005502,ORD002629,PROD00202,2,1016.59,0.0,2033.18
ITEM0005503,ORD002629,PROD00250,1,4610.44,0.0,4610.44
ITEM0005504,ORD002630,PROD00181,1,2887.17,0.09,2627.32
ITEM0005505,ORD002630,PROD00030,2,4937.89,0.0,9875.78
ITEM0005506,ORD002631,PROD00173,1,2778.85,0.09,2528.76
ITEM0005507,ORD002631,PROD00053,2,7229.99,0.0,14459.98
ITEM0005508,ORD002631,PROD00247,2,7341.91,0.0,14683.82
ITEM0005509,ORD002631,PROD00082,3,3992.96,0.0,11978.88
ITEM0005510,ORD002632,PROD00222,2,3002.04,0.0,6004.08
ITEM0005511,ORD002632,PROD00244,1,4549.33,0.0,4549.33
ITEM0005512,ORD002632,PROD00080,1,862.91,0.0,862.91
ITEM0005513,ORD002633,PROD00188,2,1657.41,0.29,2353.52
ITEM0005514,ORD002633,PROD00256,1,256.57,0.0,256.57
ITEM0005515,ORD002634,PROD00283,1,7427.34,0.16,6238.97
ITEM0005516,ORD002635,PROD00204,1,3352.35,0.0,3352.35
ITEM0005517,ORD002635,PROD00177,1,5446.6,0.18,4466.21
ITEM0005518,ORD002636,PROD00094,1,6449.58,0.12,5675.63
ITEM0005519,ORD002636,PROD00070,1,6693.56,0.0,6693.56
ITEM0005520,ORD002636,PROD00038,1,1983.28,0.0,1983.28
ITEM0005521,ORD002637,PROD00256,2,256.57,0.03,497.75
ITEM0005522,ORD002638,PROD00222,1,3002.04,0.0,3002.04
ITEM0005523,ORD002638,PROD00142,3,8354.87,0.0,25064.61
ITEM0005524,ORD002638,PROD00256,1,256.57,0.0,256.57
ITEM0005525,ORD002639,PROD00300,1,1343.36,0.09,1222.46
ITEM0005526,ORD002640,PROD00128,2,4199.76,0.12,7391.58
ITEM0005527,ORD002641,PROD00290,2,1195.14,0.0,2390.28
ITEM0005528,ORD002642,PROD00140,1,1718.72,0.0,1718.72
ITEM0005529,ORD002643,PROD00235,1,1155.59,0.17,959.14
ITEM0005530,ORD002643,PROD00140,1,1718.72,0.0,1718.72
ITEM0005531,ORD002644,PROD00135,1,2086.2,0.0,2086.2
ITEM0005532,ORD002645,PROD00159,1,198.83,0.0,198.83
ITEM0005533,ORD002645,PROD00073,3,9071.35,0.0,27214.05
ITEM0005534,ORD002646,PROD00127,4,5321.52,0.0,21286.08
ITEM0005535,ORD002646,PROD00090,1,494.65,0.0,494.65
ITEM0005536,ORD002646,PROD00249,1,4279.09,0.0,4279.09
ITEM0005537,ORD002647,PROD00062,1,5673.89,0.0,5673.89
ITEM0005538,ORD002647,PROD00114,1,2295.26,0.0,2295.26
ITEM0005539,ORD002648,PROD00240,4,4510.78,0.0,18043.12
ITEM0005540,ORD002648,PROD00143,1,1075.34,0.0,1075.34
ITEM0005541,ORD002649,PROD00052,1,1689.78,0.0,1689.78
ITEM0005542,ORD002649,PROD00136,3,621.23,0.0,1863.69
ITEM0005543,ORD002649,PROD00213,3,9402.56,0.17,23412.37
ITEM0005544,ORD002649,PROD00122,2,11549.43,0.0,23098.86
ITEM0005545,ORD002649,PROD00289,1,3097.21,0.0,3097.21
ITEM0005546,ORD002650,PROD00127,1,5321.52,0.0,5321.52
ITEM0005547,ORD002650,PROD00297,1,10930.45,0.0,10930.45
ITEM0005548,ORD002650,PROD00083,1,9425.24,0.05,8953.98
ITEM0005549,ORD002651,PROD00211,1,1624.33,0.0,1624.33
ITEM0005550,ORD002651,PROD00280,1,4625.83,0.0,4625.83
ITEM0005551,ORD002652,PROD00226,1,648.79,0.16,544.98
ITEM0005552,ORD002653,PROD00038,4,1983.28,0.12,6981.15
ITEM0005553,ORD002653,PROD00006,1,8153.69,0.0,8153.69
ITEM0005554,ORD002654,PROD00237,1,8123.36,0.0,8123.36
ITEM0005555,ORD002655,PROD00087,2,4546.57,0.0,9093.14
ITEM0005556,ORD002655,PROD00136,1,621.23,0.0,621.23
ITEM0005557,ORD002656,PROD00071,1,534.87,0.0,534.87
ITEM0005558,ORD002657,PROD00196,1,6703.46,0.0,6703.46
ITEM0005559,ORD002658,PROD00293,2,5361.88,0.0,10723.76
ITEM0005560,ORD002659,PROD00025,1,3078.83,0.08,2832.52
ITEM0005561,ORD002660,PROD00239,1,467.33,0.01,462.66
ITEM0005562,ORD002660,PROD00111,1,5596.44,0.0,5596.44
ITEM0005563,ORD002660,PROD00279,1,7168.01,0.0,7168.01
ITEM0005564,ORD002660,PROD00269,1,2135.25,0.03,2071.19
ITEM0005565,ORD002661,PROD00096,1,4639.15,0.16,3896.89
ITEM0005566,ORD002662,PROD00104,1,2043.03,0.0,2043.03
ITEM0005567,ORD002663,PROD00127,1,5321.52,0.0,5321.52
ITEM0005568,ORD002663,PROD00183,1,526.69,0.1,474.02
ITEM0005569,ORD002663,PROD00279,1,7168.01,0.0,7168.01
ITEM0005570,ORD002663,PROD00108,1,7407.37,0.04,7111.08
ITEM0005571,ORD002663,PROD00054,3,5941.63,0.18,14616.41
ITEM0005572,ORD002664,PROD00204,2,3352.35,0.0,6704.7
ITEM0005573,ORD002664,PROD00128,3,4199.76,0.0,12599.28
ITEM0005574,ORD002665,PROD00086,3,5791.83,0.0,17375.49
ITEM0005575,ORD002665,PROD00205,3,6283.38,0.17,15645.62
ITEM0005576,ORD002666,PROD00121,1,11305.27,0.29,8026.74
ITEM0005577,ORD002666,PROD00259,1,1489.83,0.0,1489.83
ITEM0005578,ORD002667,PROD00072,1,6999.91,0.0,6999.91
ITEM0005579,ORD002668,PROD00133,3,7313.64,0.12,19308.01
ITEM0005580,ORD002668,PROD00010,1,2259.53,0.24,1717.24
ITEM0005581,ORD002668,PROD00067,1,996.38,0.25,747.28
ITEM0005582,ORD002669,PROD00094,1,6449.58,0.0,6449.58
ITEM0005583,ORD002669,PROD00229,1,726.54,0.0,726.54
ITEM0005584,ORD002669,PROD00062,2,5673.89,0.0,11347.78
ITEM0005585,ORD002670,PROD00077,2,7101.66,0.2,11362.66
ITEM0005586,ORD002670,PROD00061,1,4205.57,0.0,4205.57
ITEM0005587,ORD002670,PROD00029,2,5799.72,0.0,11599.44
ITEM0005588,ORD002671,PROD00086,1,5791.83,0.19,4691.38
ITEM0005589,ORD002672,PROD00036,1,7308.78,0.05,6943.34
ITEM0005590,ORD002672,PROD00282,2,3504.39,0.22,5466.85
ITEM0005591,ORD002672,PROD00243,2,6308.05,0.0,12616.1
ITEM0005592,ORD002672,PROD00028,1,214.4,0.0,214.4
ITEM0005593,ORD002673,PROD00025,1,3078.83,0.0,3078.83
ITEM0005594,ORD002674,PROD00215,1,379.53,0.0,379.53
ITEM0005595,ORD002674,PROD00148,-2,3870.28,0.07,-7198.72
ITEM0005596,ORD002674,PROD00168,1,5760.76,0.0,5760.76
ITEM0005597,ORD002674,PROD00005,2,246.43,0.0,492.86
ITEM0005598,ORD002675,PROD00050,1,5338.68,0.0,5338.68
ITEM0005599,ORD002675,PROD00290,1,1195.14,0.17,991.97
ITEM0005600,ORD002676,PROD00212,1,7782.48,0.0,7782.48
ITEM0005601,ORD002676,PROD00039,2,6419.63,0.0,12839.26
ITEM0005602,ORD002677,PROD00228,1,1263.16,0.0,1263.16
ITEM0005603,ORD002678,PROD00130,2,3445.25,0.03,6683.78
ITEM0005604,ORD002679,PROD00154,1,5526.27,0.0,5526.27
ITEM0005605,ORD002679,PROD00198,1,1516.26,0.11,1349.47
ITEM0005606,ORD002679,PROD00193,1,9202.76,0.04,8834.65
ITEM0005607,ORD002679,PROD00028,1,214.4,0.0,214.4
ITEM0005608,ORD002680,PROD00080,3,862.91,0.1,2329.86
ITEM0005609,ORD002681,PROD00233,1,3164.97,0.0,3164.97
ITEM0005610,ORD002681,PROD00265,1,4207.25,0.0,4207.25
ITEM0005611,ORD002682,PROD00123,1,2950.23,0.0,2950.23
ITEM0005612,ORD002683,PROD00268,1,852.32,0.0,852.32
ITEM0005613,ORD002683,PROD00019,3,2406.67,0.0,7220.01
ITEM0005614,ORD002683,PROD00029,1,5799.72,0.14,4987.76
ITEM0005615,ORD002683,PROD00075,1,6662.95,0.0,6662.95
ITEM0005616,ORD002684,PROD00253,1,791.63,0.0,791.63
ITEM0005617,ORD002684,PROD00262,1,1460.84,0.0,1460.84
ITEM0005618,ORD002685,PROD00104,2,2043.03,0.24,3105.41
ITEM0005619,ORD002686,PROD00140,1,1718.72,0.13,1495.29
ITEM0005620,ORD002686,PROD00124,3,2025.14,0.0,6075.42
ITEM0005621,ORD002686,PROD00049,4,5326.74,0.0,21306.96
ITEM0005622,ORD002686,PROD00223,1,2430.88,0.0,2430.88
ITEM0005623,ORD002686,PROD00253,2,791.63,0.0,1583.26
ITEM0005624,ORD002687,PROD00131,2,576.16,0.26,852.72
ITEM0005625,ORD002687,PROD00122,1,11549.43,0.0,11549.43
ITEM0005626,ORD002687,PROD00251,1,3365.3,0.09,3062.42
ITEM0005627,ORD002688,PROD00248,1,10128.22,0.26,7494.88
ITEM0005628,ORD002688,PROD00266,1,5956.89,0.02,5837.75
ITEM0005629,ORD002689,PROD00297,1,10930.45,0.0,10930.45
ITEM0005630,ORD002689,PROD00220,3,6168.69,0.04,17765.83
ITEM0005631,ORD002690,PROD00086,2,5791.83,0.0,11583.66
ITEM0005632,ORD002690,PROD00038,1,1983.28,0.0,1983.28
ITEM0005633,ORD002690,PROD00022,3,1547.99,0.0,4643.97
ITEM0005634,ORD002691,PROD00217,1,260.84,0.0,260.84
ITEM0005635,ORD002691,PROD00192,1,5116.05,0.3,3581.24
ITEM0005636,ORD002692,PROD00089,1,781.78,0.0,781.78
ITEM0005637,ORD002693,PROD00279,1,7168.01,0.2,5734.41
ITEM0005638,ORD002694,PROD00113,1,3472.93,0.06,3264.55
ITEM0005639,ORD002695,PROD00019,3,2406.67,0.0,7220.01
ITEM0005640,ORD002695,PROD00251,3,3365.3,0.0,10095.9
ITEM0005641,ORD002695,PROD00277,2,556.92,0.0,1113.84
ITEM0005642,ORD002696,PROD00250,1,4610.44,0.0,4610.44
ITEM0005643,ORD002697,PROD00259,2,1489.83,0.0,2979.66
ITEM0005644,ORD002698,PROD00230,1,8026.94,0.0,8026.94
ITEM0005645,ORD002698,PROD00224,2,8522.29,0.07,15851.46
ITEM0005646,ORD002698,PROD00010,1,2259.53,0.0,2259.53
ITEM0005647,ORD002698,PROD00170,4,2401.62,0.0,9606.5
ITEM0005648,ORD002699,PROD00226,1,648.79,0.0,648.79
ITEM0005649,ORD002700,PROD00088,1,4559.98,0.02,4468.78
ITEM0005650,ORD002700,PROD00078,1,2028.86,0.0,2028.86
ITEM0005651,ORD002701,PROD00197,1,8766.75,0.0,8766.75
ITEM0005652,ORD002702,PROD00037,2,5435.74,0.0,10871.48
ITEM0005653,ORD002702,PROD00016,4,6005.27,0.0,24021.08
ITEM0005654,ORD002702,PROD00161,1,2894.21,0.03,2807.38
ITEM0005655,ORD002702,PROD00225,1,6042.7,0.0,6042.7
ITEM0005656,ORD002703,PROD00053,1,7229.99,0.1,6506.99
ITEM0005657,ORD002704,PROD00133,1,7313.64,0.0,7313.64
ITEM0005658,ORD002704,PROD00238,1,7201.82,0.0,7201.82
ITEM0005659,ORD002704,PROD00178,2,7985.04,0.25,11977.56
ITEM0005660,ORD002705,PROD00299,2,10649.19,0.0,21298.38
ITEM0005661,ORD002705,PROD00145,3,5845.69,0.0,17537.07
ITEM0005662,ORD002706,PROD00102,4,6509.4,0.0,26037.6
ITEM0005663,ORD002706,PROD00093,1,3802.74,0.0,3802.74
ITEM0005664,ORD002707,PROD00274,-1,5633.46,0.0,-5633.46
ITEM0005665,ORD002707,PROD00214,1,8107.58,0.03,7864.35
ITEM0005666,ORD002708,PROD00205,1,6283.38,0.0,6283.38
ITEM0005667,ORD002708,PROD00015,1,5418.41,0.0,5418.41
ITEM0005668,ORD002709,PROD00279,2,7168.01,0.0,14336.02
ITEM0005669,ORD002709,PROD00027,1,5723.51,0.0,5723.51
ITEM0005670,ORD002709,PROD00248,1,10128.22,0.19,8203.86
ITEM0005671,ORD002710,PROD00021,1,6443.82,0.0,6443.82
ITEM0005672,ORD002710,PROD00110,1,7163.14,0.27,5229.09
ITEM0005673,ORD002711,PROD00120,1,1288.16,0.0,1288.16
ITEM0005674,ORD002712,PROD00300,2,1343.36,0.0,2686.72
ITEM0005675,ORD002713,PROD00256,2,256.57,0.0,513.14
ITEM0005676,ORD002713,PROD00034,-1,2533.01,0.06,-2381.03
ITEM0005677,ORD002714,PROD00057,1,4595.24,0.0,4595.24
ITEM0005678,ORD002714,PROD00016,1,6005.27,0.0,6005.27
ITEM0005679,ORD002715,PROD00242,3,2496.43,0.0,7489.29
ITEM0005680,ORD002716,PROD00231,3,3622.68,0.0,10868.04
ITEM0005681,ORD002717,PROD00027,2,5723.51,0.0,11447.02
ITEM0005682,ORD002718,PROD00008,2,5338.8,0.0,10677.6
ITEM0005683,ORD002718,PROD00271,1,439.58,0.02,430.79
ITEM0005684,ORD002719,PROD00135,1,2086.2,0.0,2086.2
ITEM0005685,ORD002720,PROD00104,2,2043.03,0.0,4086.06
ITEM0005686,ORD002721,PROD00090,2,494.65,0.0,989.3
ITEM0005687,ORD002721,PROD00155,1,1532.82,0.0,1532.82
ITEM0005688,ORD002721,PROD00104,1,2043.03,0.0,2043.03
ITEM0005689,ORD002722,PROD00070,1,6693.56,0.0,6693.56
ITEM0005690,ORD002723,PROD00131,2,576.16,0.0,1152.32
ITEM0005691,ORD002723,PROD00135,1,2086.2,0.26,1543.79
ITEM0005692,ORD002724,PROD00263,1,4979.64,0.25,3734.73
ITEM0005693,ORD002724,PROD00285,1,2757.81,0.17,2288.98
ITEM0005694,ORD002725,PROD00271,1,439.58,0.0,439.58
ITEM0005695,ORD002726,PROD00098,2,2402.47,0.0,4804.94
ITEM0005696,ORD002727,PROD00113,1,3472.93,0.2,2778.34
ITEM0005697,ORD002727,PROD00024,1,10115.71,0.12,8901.82
ITEM0005698,ORD002728,PROD00247,2,7341.91,0.0,14683.82
ITEM0005699,ORD002729,PROD00113,1,3472.93,0.11,3090.91
ITEM0005700,ORD002730,PROD00058,1,4592.96,0.22,3582.51
ITEM0005701,ORD002730,PROD00285,2,2757.81,0.29,3916.09
ITEM0005702,ORD002730,PROD00231,2,3622.68,0.0,7245.36
ITEM0005703,ORD002731,PROD00124,1,2025.14,0.0,2025.14
ITEM0005704,ORD002732,PROD00002,1,231.58,0.06,217.69
ITEM0005705,ORD002732,PROD00067,3,996.38,0.0,2989.14
ITEM0005706,ORD002732,PROD00238,1,7201.82,0.0,7201.82
ITEM0005707,ORD002733,PROD00251,1,3365.3,0.02,3297.99
ITEM0005708,ORD002734,PROD00136,4,621.23,0.0,2484.92
ITEM0005709,ORD002734,PROD00212,1,7782.48,0.0,7782.48
ITEM0005710,ORD002735,PROD00184,2,1498.15,0.0,2996.3
ITEM0005711,ORD002735,PROD00269,2,2135.25,0.13,3715.34
ITEM0005712,ORD002736,PROD00114,1,2295.26,0.0,2295.26
ITEM0005713,ORD002736,PROD00150,1,290.6,0.03,281.88
ITEM0005714,ORD002736,PROD00105,1,3095.41,0.0,3095.41
ITEM0005715,ORD002736,PROD00118,2,8273.55,0.19,13403.15
ITEM0005716,ORD002737,PROD00170,1,731.68,0.18,599.98
ITEM0005717,ORD002737,PROD00298,1,5321.16,0.0,5321.16
ITEM0005718,ORD002737,PROD00014,1,1451.31,0.11,1291.67
ITEM0005719,ORD002737,PROD00089,1,781.78,0.0,781.78
ITEM0005720,ORD002738,PROD00222,1,3002.04,0.07,2791.9
ITEM0005721,ORD002738,PROD00060,1,532.72,0.0,532.72
ITEM0005722,ORD002739,PROD00126,1,10802.22,0.0,10802.22
ITEM0005723,ORD002740,PROD00250,1,4610.44,0.0,4610.44
ITEM0005724,ORD002740,PROD00251,1,3365.3,0.0,3365.3
ITEM0005725,ORD002741,PROD00071,1,534.87,0.0,534.87
ITEM0005726,ORD002742,PROD00133,1,7313.64,0.0,7313.64
ITEM0005727,ORD002743,PROD00075,3,6662.95,0.0,19988.85
ITEM0005728,ORD002744,PROD00159,1,198.83,0.0,198.83
ITEM0005729,ORD002744,PROD00153,1,4010.2,0.0,4010.2
ITEM0005730,ORD002744,PROD00242,2,2496.43,0.0,4992.86
ITEM0005731,ORD002745,PROD00104,2,2043.03,0.0,4086.06
ITEM0005732,ORD002746,PROD00096,1,4639.15,0.0,4639.15
ITEM0005733,ORD002746,PROD00273,2,4432.81,0.15,7535.78
ITEM0005734,ORD002747,PROD00005,1,246.43,0.0,246.43
ITEM0005735,ORD002748,PROD00027,1,5723.51,0.0,5723.51
ITEM0005736,ORD002749,PROD00284,3,1981.58,0.0,5944.74
ITEM0005737,ORD002750,PROD00189,1,7636.65,0.08,7025.72
ITEM0005738,ORD002750,PROD00017,1,9163.85,0.28,6597.97
ITEM0005739,ORD002750,PROD00008,1,5338.8,0.0,5338.8
ITEM0005740,ORD002750,PROD00281,2,7979.23,0.0,15958.46
ITEM0005741,ORD002751,PROD00119,2,9197.85,0.0,18395.7
ITEM0005742,ORD002752,PROD00036,1,7308.78,0.0,7308.78
ITEM0005743,ORD002753,PROD00036,1,7308.78,0.0,7308.78
ITEM0005744,ORD002753,PROD00197,3,8766.75,0.0,26300.25
ITEM0005745,ORD002754,PROD00095,4,1505.02,0.0,6020.08
ITEM0005746,ORD002754,PROD00187,2,6641.17,0.0,13282.34
ITEM0005747,ORD002755,PROD00118,1,8273.55,0.0,8273.55
ITEM0005748,ORD002755,PROD00246,1,8011.14,0.0,8011.14
ITEM0005749,ORD002755,PROD00152,1,1231.99,0.0,1231.99
ITEM0005750,ORD002756,PROD00181,1,2887.17,0.0,2887.17
ITEM0005751,ORD002757,PROD00051,1,8693.03,0.0,8693.03
ITEM0005752,ORD002758,PROD00257,1,1013.88,0.0,1013.88
ITEM0005753,ORD002758,PROD00251,1,3365.3,0.0,3365.3
ITEM0005754,ORD002759,PROD00016,1,6005.27,0.0,6005.27
ITEM0005755,ORD002760,PROD00230,2,8026.94,0.0,16053.88
ITEM0005756,ORD002761,PROD00028,3,214.4,0.0,643.2
ITEM0005757,ORD002762,PROD00261,1,2154.14,0.0,2154.14
ITEM0005758,ORD002762,PROD00262,3,1460.84,0.0,4382.52
ITEM0005759,ORD002762,PROD00051,1,8693.03,0.0,8693.03
ITEM0005760,ORD002762,PROD00160,1,1750.19,0.1,1575.17
ITEM0005761,ORD002763,PROD00142,4,8354.87,0.0,33419.48
ITEM0005762,ORD002764,PROD00031,1,4066.81,0.0,4066.81
ITEM0005763,ORD002764,PROD00285,1,2757.81,0.14,2371.72
ITEM0005764,ORD002765,PROD00161,2,2894.21,0.0,5788.42
ITEM0005765,ORD002765,PROD00221,1,901.85,0.06,847.74
ITEM0005766,ORD002765,PROD00298,1,5321.16,0.0,5321.16
ITEM0005767,ORD002766,PROD00190,1,3528.69,0.0,3528.69
ITEM0005768,ORD002766,PROD00115,1,3250.57,0.0,3250.57
ITEM0005769,ORD002767,PROD00172,1,734.93,0.0,734.93
ITEM0005770,ORD002767,PROD00042,2,8235.83,0.0,16471.66
ITEM0005771,ORD002768,PROD00266,3,5956.89,0.0,17870.67
ITEM0005772,ORD002769,PROD00102,1,6509.4,0.0,6509.4
ITEM0005773,ORD002769,PROD00134,4,1127.73,0.0,4510.92
ITEM0005774,ORD002769,PROD00227,2,3250.8,0.0,6501.6
ITEM0005775,ORD002769,PROD00266,1,5956.89,0.0,5956.89
ITEM0005776,ORD002770,PROD00114,1,2295.26,0.0,2295.26
ITEM0005777,ORD002770,PROD00069,1,2930.69,0.28,2110.1
ITEM0005778,ORD002771,PROD00015,1,5418.41,0.0,5418.41
ITEM0005779,ORD002771,PROD00165,2,1721.94,0.0,3443.88
ITEM0005780,ORD002771,PROD00143,1,1075.34,0.0,1075.34
ITEM0005781,ORD002771,PROD00144,1,9953.38,0.03,9654.78
ITEM0005782,ORD002772,PROD00038,1,1983.28,0.0,1983.28
ITEM0005783,ORD002772,PROD00042,2,8235.83,0.0,16471.66
ITEM0005784,ORD002773,PROD00176,2,5492.71,0.0,10985.42
ITEM0005785,ORD002773,PROD00113,1,3472.93,0.0,3472.93
ITEM0005786,ORD002773,PROD00032,1,301.12,0.11,268.0
ITEM0005787,ORD002773,PROD00065,4,6570.64,0.0,26282.56
ITEM0005788,ORD002774,PROD00039,1,6419.63,0.0,6419.63
ITEM0005789,ORD002775,PROD00071,2,534.87,0.0,1069.74
ITEM0005790,ORD002775,PROD00146,1,504.1,0.0,504.1
ITEM0005791,ORD002775,PROD00070,1,6693.56,0.0,6693.56
ITEM0005792,ORD002776,PROD00039,1,6419.63,0.12,5649.27
ITEM0005793,ORD002776,PROD00203,4,477.27,0.0,1909.08
ITEM0005794,ORD002777,PROD00121,2,11305.27,0.0,22610.54
ITEM0005795,ORD002777,PROD00117,1,498.3,0.29,353.79
ITEM0005796,ORD002778,PROD00078,2,2028.86,0.29,2880.98
ITEM0005797,ORD002778,PROD00031,1,4066.81,0.0,4066.81
ITEM0005798,ORD002778,PROD00202,1,1016.59,0.0,1016.59
ITEM0005799,ORD002778,PROD00242,3,2496.43,0.0,7489.29
ITEM0005800,ORD002778,PROD00289,2,3097.21,0.0,6194.42
ITEM0005801,ORD002779,PROD00018,2,2803.77,0.0,5607.54
ITEM0005802,ORD002779,PROD00047,1,1589.57,0.0,1589.57
ITEM0005803,ORD002780,PROD00251,1,3365.3,0.24,2557.63
ITEM0005804,ORD002780,PROD00177,3,5446.6,0.21,12908.44
ITEM0005805,ORD002781,PROD00217,1,260.84,0.08,239.97
ITEM0005806,ORD002781,PROD00174,2,4285.14,0.0,8570.28
ITEM0005807,ORD002782,PROD00003,2,2902.0,0.0,5804.0
ITEM0005808,ORD002782,PROD00266,1,5956.89,0.0,5956.89
ITEM0005809,ORD002783,PROD00250,2,4610.44,0.0,9220.88
ITEM0005810,ORD002783,PROD00035,1,2576.9,0.14,2216.13
ITEM0005811,ORD002784,PROD00104,3,2043.03,0.0,6129.09
ITEM0005812,ORD002784,PROD00148,1,3870.28,0.0,3870.28
ITEM0005813,ORD002784,PROD00061,1,4205.57,0.0,4205.57
ITEM0005814,ORD002785,PROD00224,2,8522.29,0.0,17044.58
ITEM0005815,ORD002785,PROD00271,2,439.58,0.0,879.16
ITEM0005816,ORD002785,PROD00291,2,1173.69,0.0,2347.38
ITEM0005817,ORD002786,PROD00046,1,8988.77,0.0,8988.77
ITEM0005818,ORD002786,PROD00244,1,4549.33,0.0,4549.33
ITEM0005819,ORD002787,PROD00001,1,9272.65,0.0,9272.65
ITEM0005820,ORD002787,PROD00220,1,6168.69,0.18,5058.33
ITEM0005821,ORD002788,PROD00164,1,5504.82,0.0,5504.82
ITEM0005822,ORD002788,PROD00045,1,4706.05,0.0,4706.05
ITEM0005823,ORD002788,PROD00079,1,7182.12,0.0,7182.12
ITEM0005824,ORD002789,PROD00111,1,5596.44,0.0,5596.44
ITEM0005825,ORD002789,PROD00286,1,945.94,0.0,945.94
ITEM0005826,ORD002790,PROD00153,1,4010.2,0.0,4010.2
ITEM0005827,ORD002791,PROD00280,2,4625.83,0.0,9251.66
ITEM0005828,ORD002791,PROD00126,2,10802.22,0.0,21604.44
ITEM0005829,ORD002792,PROD00106,1,3963.99,0.3,2774.79
ITEM0005830,ORD002793,PROD00246,2,8011.14,0.0,16022.28
ITEM0005831,ORD002794,PROD00107,1,6282.37,0.0,6282.37
ITEM0005832,ORD002794,PROD00204,1,3352.35,0.0,3352.35
ITEM0005833,ORD002794,PROD00181,-1,2887.17,0.04,-2771.68
ITEM0005834,ORD002794,PROD00135,1,2086.2,0.0,2086.2
ITEM0005835,ORD002795,PROD00031,1,4066.81,0.3,2846.77
ITEM0005836,ORD002795,PROD00075,2,6662.95,0.0,13325.9
ITEM0005837,ORD002796,PROD00056,1,6326.27,0.0,6326.27
ITEM0005838,ORD002797,PROD00196,1,6703.46,0.17,5563.87
ITEM0005839,ORD002798,PROD00144,1,9953.38,0.0,9953.38
ITEM0005840,ORD002798,PROD00113,2,3472.93,0.08,6390.19
ITEM0005841,ORD002798,PROD00006,2,8153.69,0.0,16307.38
ITEM0005842,ORD002798,PROD00219,1,344.65,0.16,289.51
ITEM0005843,ORD002798,PROD00076,2,6038.15,0.0,12076.3
ITEM0005844,ORD002799,PROD00123,1,2950.23,0.0,2950.23
ITEM0005845,ORD002800,PROD00070,1,6693.56,0.0,6693.56
ITEM0005846,ORD002800,PROD00163,1,2745.97,0.0,2745.97
ITEM0005847,ORD002801,PROD00275,1,5765.78,0.0,5765.78
ITEM0005848,ORD002801,PROD00185,3,2719.98,0.13,7099.15
ITEM0005849,ORD002801,PROD00239,1,467.33,0.14,401.9
ITEM0005850,ORD002801,PROD00006,1,8153.69,0.0,8153.69
ITEM0005851,ORD002802,PROD00255,1,7383.63,0.12,6497.59
ITEM0005852,ORD002803,PROD00172,1,734.93,0.0,734.93
ITEM0005853,ORD002804,PROD00159,1,198.83,0.23,153.1
ITEM0005854,ORD002805,PROD00010,1,2259.53,0.0,2259.53
ITEM0005855,ORD002805,PROD00254,3,3623.42,0.0,10870.26
ITEM0005856,ORD002806,PROD00153,2,4010.2,0.0,8020.4
ITEM0005857,ORD002807,PROD00046,1,8988.77,0.0,8988.77
ITEM0005858,ORD002807,PROD00004,1,4097.38,0.0,4097.38
ITEM0005859,ORD002808,PROD00098,1,2402.47,0.0,2402.47
ITEM0005860,ORD002809,PROD00095,1,1505.02,0.0,1505.02
ITEM0005861,ORD002809,PROD00033,4,1942.09,0.0,7768.36
ITEM0005862,ORD002810,PROD00232,1,3144.6,0.0,3144.6
ITEM0005863,ORD002811,PROD00096,2,4639.15,0.0,9278.3
ITEM0005864,ORD002811,PROD00061,4,4205.57,0.0,16822.28
ITEM0005865,ORD002811,PROD00119,2,9197.85,0.0,18395.7
ITEM0005866,ORD002811,PROD00209,2,3816.19,0.0,7632.38
ITEM0005867,ORD002811,PROD00219,1,344.65,0.06,323.97
ITEM0005868,ORD002812,PROD00133,2,7313.64,0.0,14627.28
ITEM0005869,ORD002812,PROD00036,2,7308.78,0.0,14617.56
ITEM0005870,ORD002813,PROD00287,1,6559.01,0.0,6559.01
ITEM0005871,ORD002814,PROD00121,2,11305.27,0.0,22610.54
ITEM0005872,ORD002814,PROD00186,1,1445.96,0.0,1445.96
ITEM0005873,ORD002814,PROD00094,1,6449.58,0.0,6449.58
ITEM0005874,ORD002815,PROD00286,1,945.94,0.0,945.94
ITEM0005875,ORD002815,PROD00114,3,2295.26,0.26,5095.48
ITEM0005876,ORD002815,PROD00053,4,7229.99,0.0,28919.96
ITEM0005877,ORD002815,PROD00283,2,7427.34,0.0,14854.68
ITEM0005878,ORD002816,PROD00235,1,1155.59,0.0,1155.59
ITEM0005879,ORD002817,PROD00181,2,2887.17,0.0,5774.34
ITEM0005880,ORD002818,PROD00044,2,5424.36,0.0,10848.72
ITEM0005881,ORD002819,PROD00010,1,2259.53,0.0,2259.53
ITEM0005882,ORD002819,PROD00268,1,852.32,0.25,639.24
ITEM0005883,ORD002819,PROD00107,1,6282.37,0.0,6282.37
ITEM0005884,ORD002820,PROD00205,1,6283.38,0.0,6283.38
ITEM0005885,ORD002821,PROD00202,1,1016.59,0.24,772.61
ITEM0005886,ORD002821,PROD00057,1,4595.24,0.0,4595.24
ITEM0005887,ORD002821,PROD00122,2,11549.43,0.0,23098.86
ITEM0005888,ORD002821,PROD00185,3,2719.98,0.12,7180.75
ITEM0005889,ORD002821,PROD00239,4,467.33,0.14,1607.62
ITEM0005890,ORD002822,PROD00286,2,945.94,0.0,1891.88
ITEM0005891,ORD002822,PROD00243,1,6308.05,0.0,6308.05
ITEM0005892,ORD002822,PROD00050,1,5338.68,0.0,5338.68
ITEM0005893,ORD002823,PROD00103,1,9136.07,0.24,6943.41
ITEM0005894,ORD002823,PROD00273,1,4432.81,0.0,4432.81
ITEM0005895,ORD002824,PROD00183,1,526.69,0.0,526.69
ITEM0005896,ORD002824,PROD00149,1,832.87,0.0,832.87
ITEM0005897,ORD002824,PROD00086,1,5791.83,0.0,5791.83
ITEM0005898,ORD002824,PROD00262,1,1460.84,0.06,1373.19
ITEM0005899,ORD002825,PROD00092,1,1552.76,0.29,1102.46
ITEM0005900,ORD002826,PROD00178,1,7985.04,0.11,7106.69
ITEM0005901,ORD002826,PROD00130,2,3445.25,0.0,6890.5
ITEM0005902,ORD002826,PROD00214,1,8107.58,0.3,5675.31
ITEM0005903,ORD002827,PROD00032,2,301.12,0.0,602.24
ITEM0005904,ORD002827,PROD00118,1,8273.55,0.0,8273.55
ITEM0005905,ORD002827,PROD00181,1,2887.17,0.0,2887.17
ITEM0005906,ORD002828,PROD00036,2,7308.78,0.0,14617.56
ITEM0005907,ORD002828,PROD00276,3,8701.77,0.0,26105.31
ITEM0005908,ORD002828,PROD00106,1,3963.99,0.26,2933.35
ITEM0005909,ORD002829,PROD00035,1,2576.9,0.0,2576.9
ITEM0005910,ORD002829,PROD00041,1,3958.75,0.0,3958.75
ITEM0005911,ORD002829,PROD00262,2,1460.84,0.0,2921.68
ITEM0005912,ORD002830,PROD00239,2,467.33,0.0,934.66
ITEM0005913,ORD002830,PROD00205,1,6283.38,0.0,6283.38
ITEM0005914,ORD002830,PROD00023,1,3506.84,0.0,3506.84
ITEM0005915,ORD002830,PROD00040,1,3631.49,0.0,3631.49
ITEM0005916,ORD002830,PROD00020,4,7970.85,0.06,29970.4
ITEM0005917,ORD002831,PROD00210,3,6680.3,0.19,16233.13
ITEM0005918,ORD002831,PROD00238,4,7201.82,0.01,28519.21
ITEM0005919,ORD002831,PROD00184,1,1498.15,0.0,1498.15
ITEM0005920,ORD002832,PROD00296,2,1188.71,0.26,1759.29
ITEM0005921,ORD002832,PROD00037,2,5435.74,0.0,10871.48
ITEM0005922,ORD002833,PROD00082,1,3992.96,0.15,3394.02
ITEM0005923,ORD002833,PROD00230,2,8026.94,0.0,16053.88
ITEM0005924,ORD002834,PROD00131,1,576.16,0.0,576.16
ITEM0005925,ORD002834,PROD00211,1,1624.33,0.0,1624.33
ITEM0005926,ORD002835,PROD00278,2,629.94,0.0,1259.88
ITEM0005927,ORD002836,PROD00163,2,2745.97,0.04,5272.26
ITEM0005928,ORD002837,PROD00150,1,290.6,0.0,290.6
ITEM0005929,ORD002837,PROD00060,3,532.72,0.0,1598.16
ITEM0005930,ORD002838,PROD00162,1,3555.3,0.01,3519.75
ITEM0005931,ORD002839,PROD00162,2,3555.3,0.15,6044.01
ITEM0005932,ORD002839,PROD00203,1,477.27,0.0,477.27
ITEM0005933,ORD002840,PROD00098,1,2402.47,0.21,1897.95
ITEM0005934,ORD002840,PROD00012,1,7089.43,0.23,5458.86
ITEM0005935,ORD002840,PROD00073,1,9071.35,0.0,9071.35
ITEM0005936,ORD002840,PROD00262,1,1460.84,0.17,1212.5
ITEM0005937,ORD002841,PROD00264,1,8008.38,0.28,5766.03
ITEM0005938,ORD002841,PROD00115,1,3250.57,0.0,3250.57
ITEM0005939,ORD002842,PROD00080,1,862.91,0.0,862.91
ITEM0005940,ORD002843,PROD00023,2,3506.84,0.0,7013.68
ITEM0005941,ORD002843,PROD00034,1,2533.01,0.23,1950.42
ITEM0005942,ORD002843,PROD00201,2,3944.29,0.0,7888.58
ITEM0005943,ORD002844,PROD00209,1,3816.19,0.0,3816.19
ITEM0005944,ORD002844,PROD00009,1,5332.96,0.0,5332.96
ITEM0005945,ORD002844,PROD00090,1,494.65,0.0,494.65
ITEM0005946,ORD002845,PROD00079,4,7182.12,0.0,28728.48
ITEM0005947,ORD002845,PROD00053,1,7229.99,0.0,7229.99
ITEM0005948,ORD002845,PROD00291,2,1173.69,0.0,2347.38
ITEM0005949,ORD002845,PROD00008,1,5338.8,0.0,5338.8
ITEM0005950,ORD002846,PROD00155,2,1532.82,0.0,3065.64
ITEM0005951,ORD002846,PROD00076,2,6038.15,0.0,12076.3
ITEM0005952,ORD002847,PROD00199,2,3657.98,0.0,7315.96
ITEM0005953,ORD002847,PROD00056,3,6326.27,0.13,16511.56
ITEM0005954,ORD002848,PROD00138,2,10725.29,0.18,17589.48
ITEM0005955,ORD002849,PROD00282,1,3504.39,0.27,2558.2
ITEM0005956,ORD002849,PROD00190,1,3528.69,0.0,3528.69
ITEM0005957,ORD002850,PROD00059,4,11784.91,0.0,47139.64
ITEM0005958,ORD002851,PROD00081,2,2624.19,0.09,4776.03
ITEM0005959,ORD002851,PROD00015,1,5418.41,0.09,4930.75
ITEM0005960,ORD002851,PROD00263,1,4979.64,0.24,3784.53
ITEM0005961,ORD002852,PROD00300,1,1343.36,0.28,967.22
ITEM0005962,ORD002852,PROD00061,3,4205.57,0.0,12616.71
ITEM0005963,ORD002853,PROD00255,2,7383.63,0.0,14767.26
ITEM0005964,ORD002853,PROD00001,2,9272.65,0.23,14279.88
ITEM0005965,ORD002854,PROD00007,1,7518.69,0.0,7518.69
ITEM0005966,ORD002854,PROD00124,1,2025.14,0.0,2025.14
ITEM0005967,ORD002854,PROD00148,1,3870.28,0.08,3560.66
ITEM0005968,ORD002855,PROD00294,1,8182.59,0.0,8182.59
ITEM0005969,ORD002855,PROD00248,1,10128.22,0.0,10128.22
ITEM0005970,ORD002856,PROD00014,1,1451.31,0.0,1451.31
ITEM0005971,ORD002857,PROD00107,1,6282.37,0.0,6282.37
ITEM0005972,ORD002857,PROD00292,1,5910.44,0.0,5910.44
ITEM0005973,ORD002858,PROD00243,1,6308.05,0.2,5046.44
ITEM0005974,ORD002858,PROD00037,1,5435.74,0.0,5435.74
ITEM0005975,ORD002858,PROD00251,3,3365.3,0.0,10095.9
ITEM0005976,ORD002859,PROD00219,1,344.65,0.0,344.65
ITEM0005977,ORD002860,PROD00050,2,5338.68,0.15,9075.76
ITEM0005978,ORD002861,PROD00111,1,5596.44,0.23,4309.26
ITEM0005979,ORD002861,PROD00204,1,3352.35,0.0,3352.35
ITEM0005980,ORD002861,PROD00253,1,791.63,0.0,791.63
ITEM0005981,ORD002861,PROD00206,2,8632.13,0.0,17264.26
ITEM0005982,ORD002861,PROD00096,2,4639.15,0.0,9278.3
ITEM0005983,ORD002862,PROD00035,1,2576.9,0.0,2576.9
ITEM0005984,ORD002862,PROD00289,4,3097.21,0.0,12388.84
ITEM0005985,ORD002863,PROD00270,1,4350.17,0.0,4350.17
ITEM0005986,ORD002864,PROD00234,1,9552.76,0.0,9552.76
ITEM0005987,ORD002864,PROD00288,1,2790.22,0.0,2790.22
ITEM0005988,ORD002864,PROD00042,2,8235.83,0.0,16471.66
ITEM0005989,ORD002865,PROD00133,1,7313.64,0.0,7313.64
ITEM0005990,ORD002866,PROD00110,3,7163.14,0.26,15902.17
ITEM0005991,ORD002866,PROD00172,4,734.93,0.16,2469.36
ITEM0005992,ORD002867,PROD00111,1,5596.44,0.0,5596.44
ITEM0005993,ORD002867,PROD00259,4,1489.83,0.29,4231.12
ITEM0005994,ORD002868,PROD00258,1,5858.08,0.0,5858.08
ITEM0005995,ORD002869,PROD00086,1,5791.83,0.0,5791.83
ITEM0005996,ORD002870,PROD00156,3,1816.09,0.03,5284.82
ITEM0005997,ORD002870,PROD00136,1,621.23,0.04,596.38
ITEM0005998,ORD002871,PROD00135,1,2086.2,0.0,2086.2
ITEM0005999,ORD002871,PROD00109,1,7944.57,0.0,7944.57
ITEM0006000,ORD002871,PROD00271,2,439.58,0.0,879.16
ITEM0006001,ORD002871,PROD00131,1,576.16,0.0,576.16
ITEM0006002,ORD002871,PROD00115,1,3250.57,0.0,3250.57
ITEM0006003,ORD002872,PROD00179,1,6055.62,0.0,6055.62
ITEM0006004,ORD002872,PROD00043,2,1789.22,0.0,3578.44
ITEM0006005,ORD002872,PROD00226,2,648.79,0.03,1258.65
ITEM0006006,ORD002872,PROD00078,1,2028.86,0.0,2028.86
ITEM0006007,ORD002873,PROD00243,2,6308.05,0.05,11985.3
ITEM0006008,ORD002873,PROD00169,1,5358.09,0.28,3857.82
ITEM0006009,ORD002874,PROD00248,1,10128.22,0.0,10128.22
ITEM0006010,ORD002875,PROD00227,3,3250.8,0.26,7216.78
ITEM0006011,ORD002875,PROD00274,1,5633.46,0.0,5633.46
ITEM0006012,ORD002875,PROD00226,4,648.79,0.0,2595.16
ITEM0006013,ORD002875,PROD00055,1,2678.2,0.0,2678.2
ITEM0006014,ORD002876,PROD00161,1,2894.21,0.0,2894.21
ITEM0006015,ORD002876,PROD00261,1,2154.14,0.12,1895.64
ITEM0006016,ORD002877,PROD00207,1,6547.46,0.0,6547.46
ITEM0006017,ORD002877,PROD00181,2,2887.17,0.12,5081.42
ITEM0006018,ORD002878,PROD00146,1,504.1,0.0,504.1
ITEM0006019,ORD002878,PROD00028,1,214.4,0.12,188.67
ITEM0006020,ORD002879,PROD00056,3,6326.27,0.15,16131.99
ITEM0006021,ORD002879,PROD00149,2,832.87,0.0,1665.74
ITEM0006022,ORD002880,PROD00241,1,1037.9,0.0,1037.9
ITEM0006023,ORD002880,PROD00238,2,7201.82,0.0,14403.64
ITEM0006024,ORD002880,PROD00124,1,2025.14,0.0,2025.14
ITEM0006025,ORD002880,PROD00041,1,3958.75,0.0,3958.75
ITEM0006026,ORD002880,PROD00067,1,996.38,0.0,996.38
ITEM0006027,ORD002881,PROD00232,1,3144.6,0.0,3144.6
ITEM0006028,ORD002882,PROD00251,3,3365.3,0.02,9893.98
ITEM0006029,ORD002882,PROD00027,1,5723.51,0.0,5723.51
ITEM0006030,ORD002883,PROD00269,1,2135.25,0.0,2135.25
ITEM0006031,ORD002883,PROD00160,1,1750.19,0.0,1750.19
ITEM0006032,ORD002883,PROD00140,2,1718.72,0.15,2921.82
ITEM0006033,ORD002883,PROD00182,1,3616.25,0.0,3616.25
ITEM0006034,ORD002883,PROD00150,1,290.6,0.0,290.6
ITEM0006035,ORD002884,PROD00213,1,9402.56,0.28,6769.84
ITEM0006036,ORD002885,PROD00189,1,7636.65,0.03,7407.55
ITEM0006037,ORD002886,PROD00109,3,7944.57,0.0,23833.71
ITEM0006038,ORD002886,PROD00276,4,8701.77,0.0,34807.08
ITEM0006039,ORD002887,PROD00201,1,3944.29,0.0,3944.29
ITEM0006040,ORD002888,PROD00214,2,8107.58,0.0,16215.16
ITEM0006041,ORD002888,PROD00033,1,1942.09,0.0,1942.09
ITEM0006042,ORD002889,PROD00284,1,1981.58,0.07,1842.87
ITEM0006043,ORD002889,PROD00156,1,1816.09,0.0,1816.09
ITEM0006044,ORD002890,PROD00243,1,6308.05,0.0,6308.05
ITEM0006045,ORD002890,PROD00043,2,1789.22,0.0,3578.44
ITEM0006046,ORD002890,PROD00091,1,1302.09,0.12,1145.84
ITEM0006047,ORD002890,PROD00051,1,8693.03,0.0,8693.03
ITEM0006048,ORD002891,PROD00257,1,633.88,0.0,633.88
ITEM0006049,ORD002892,PROD00060,2,532.72,0.0,1065.44
ITEM0006050,ORD002893,PROD00242,1,2496.43,0.0,2496.43
ITEM0006051,ORD002893,PROD00095,4,1505.02,0.0,6020.08
ITEM0006052,ORD002893,PROD00115,1,3250.57,0.0,3250.57
ITEM0006053,ORD002893,PROD00241,2,2946.46,0.0,5892.93
ITEM0006054,ORD002894,PROD00184,1,1498.15,0.0,1498.15
ITEM0006055,ORD002895,PROD00192,1,5116.05,0.0,5116.05
ITEM0006056,ORD002896,PROD00265,1,4207.25,0.0,4207.25
ITEM0006057,ORD002896,PROD00037,1,5435.74,0.16,4566.02
ITEM0006058,ORD002896,PROD00168,1,5760.76,0.0,5760.76
ITEM0006059,ORD002896,PROD00220,2,6168.69,0.0,12337.38
ITEM0006060,ORD002896,PROD00242,2,2496.43,0.03,4843.07
ITEM0006061,ORD002897,PROD00138,2,10725.29,0.0,21450.58
ITEM0006062,ORD002898,PROD00266,3,5956.89,0.0,17870.67
ITEM0006063,ORD002899,PROD00174,1,4285.14,0.0,4285.14
ITEM0006064,ORD002899,PROD00185,1,2719.98,0.26,2012.79
ITEM0006065,ORD002899,PROD00139,1,5962.8,0.08,5485.78
ITEM0006066,ORD002900,PROD00241,2,1467.9,0.0,2935.8
ITEM0006067,ORD002900,PROD00072,1,6999.91,0.0,6999.91
ITEM0006068,ORD002900,PROD00153,1,4010.2,0.0,4010.2
ITEM0006069,ORD002900,PROD00146,2,504.1,0.02,988.04
ITEM0006070,ORD002900,PROD00278,1,629.94,0.0,629.94
ITEM0006071,ORD002901,PROD00269,1,2135.25,0.04,2049.84
ITEM0006072,ORD002901,PROD00083,3,9425.24,0.0,28275.72
ITEM0006073,ORD002902,PROD00048,1,1926.71,0.0,1926.71
ITEM0006074,ORD002902,PROD00167,1,2019.38,0.0,2019.38
ITEM0006075,ORD002903,PROD00042,2,8235.83,0.0,16471.66
ITEM0006076,ORD002904,PROD00160,2,1750.19,0.0,3500.38
ITEM0006077,ORD002905,PROD00243,4,6308.05,0.0,25232.2
ITEM0006078,ORD002906,PROD00216,3,3307.17,0.03,9623.86
ITEM0006079,ORD002906,PROD00193,2,9202.76,0.0,18405.52
ITEM0006080,ORD002907,PROD00101,1,1373.9,0.0,1373.9
ITEM0006081,ORD002907,PROD00121,1,11305.27,0.0,11305.27
ITEM0006082,ORD002907,PROD00268,2,852.32,0.0,1704.64
ITEM0006083,ORD002907,PROD00033,3,1942.09,0.0,5826.27
ITEM0006084,ORD002908,PROD00129,1,2500.46,0.0,2500.46
ITEM0006085,ORD002909,PROD00177,1,5446.6,0.0,5446.6
ITEM0006086,ORD002909,PROD00021,2,6443.82,0.0,12887.64
ITEM0006087,ORD002910,PROD00164,1,5504.82,0.08,5064.43
ITEM0006088,ORD002911,PROD00030,1,4937.89,0.0,4937.89
ITEM0006089,ORD002911,PROD00014,1,1451.31,0.0,1451.31
ITEM0006090,ORD002912,PROD00250,1,4610.44,0.02,4518.23
ITEM0006091,ORD002913,PROD00224,1,8522.29,0.08,7840.51
ITEM0006092,ORD002913,PROD00078,1,2028.86,0.0,2028.86
ITEM0006093,ORD002914,PROD00273,3,4432.81,0.0,13298.43
ITEM0006094,ORD002915,PROD00031,1,4066.81,0.0,4066.81
ITEM0006095,ORD002915,PROD00227,1,3250.8,0.0,3250.8
ITEM0006096,ORD002916,PROD00255,3,7383.63,0.0,22150.89
ITEM0006097,ORD002916,PROD00174,1,4285.14,0.0,4285.14
ITEM0006098,ORD002916,PROD00243,1,6308.05,0.07,5866.49
ITEM0006099,ORD002917,PROD00079,1,7182.12,0.0,7182.12
ITEM0006100,ORD002918,PROD00241,1,1491.57,0.0,1491.57
ITEM0006101,ORD002919,PROD00263,1,4979.64,0.0,4979.64
ITEM0006102,ORD002919,PROD00034,1,2533.01,0.0,2533.01
ITEM0006103,ORD002919,PROD00135,1,2086.2,0.07,1940.17
ITEM0006104,ORD002920,PROD00046,1,8988.77,0.0,8988.77
ITEM0006105,ORD002921,PROD00062,1,5673.89,0.04,5446.93
ITEM0006106,ORD002921,PROD00167,1,2019.38,0.0,2019.38
ITEM0006107,ORD002922,PROD00092,1,1552.76,0.0,1552.76
ITEM0006108,ORD002922,PROD00117,2,498.3,0.0,996.6
ITEM0006109,ORD002922,PROD00270,1,4350.17,0.0,4350.17
ITEM0006110,ORD002923,PROD00128,2,4199.76,0.0,8399.52
ITEM0006111,ORD002924,PROD00249,1,4279.09,0.17,3551.64
ITEM0006112,ORD002925,PROD00004,1,4097.38,0.14,3523.75
ITEM0006113,ORD002926,PROD00069,1,1184.02,0.0,1184.02
ITEM0006114,ORD002926,PROD00221,1,901.85,0.0,901.85
ITEM0006115,ORD002926,PROD00286,1,945.94,0.0,945.94
ITEM0006116,ORD002926,PROD00084,1,7622.23,0.0,7622.23
ITEM0006117,ORD002927,PROD00043,1,1789.22,0.0,1789.22
ITEM0006118,ORD002928,PROD00158,1,8138.6,0.0,8138.6
ITEM0006119,ORD002929,PROD00129,1,2500.46,0.0,2500.46
ITEM0006120,ORD002929,PROD00004,4,4097.38,0.0,16389.52
ITEM0006121,ORD002930,PROD00036,1,7308.78,0.0,7308.78
ITEM0006122,ORD002930,PROD00115,1,3250.57,0.0,3250.57
ITEM0006123,ORD002930,PROD00119,1,9197.85,0.0,9197.85
ITEM0006124,ORD002930,PROD00041,3,3958.75,0.0,11876.25
ITEM0006125,ORD002931,PROD00290,1,1195.14,0.0,1195.14
ITEM0006126,ORD002932,PROD00088,1,4559.98,0.12,4012.78
ITEM0006127,ORD002933,PROD00297,1,10930.45,0.27,7979.23
ITEM0006128,ORD002933,PROD00240,2,4510.78,0.0,9021.56
ITEM0006129,ORD002933,PROD00148,1,3870.28,0.0,3870.28
ITEM0006130,ORD002933,PROD00113,1,3472.93,0.05,3299.28
ITEM0006131,ORD002933,PROD00208,1,4099.5,0.0,4099.5
ITEM0006132,ORD002934,PROD00254,1,3623.42,0.0,3623.42
ITEM0006133,ORD002935,PROD00246,4,8011.14,0.0,32044.56
ITEM0006134,ORD002935,PROD00283,1,7427.34,0.07,6907.43
ITEM0006135,ORD002935,PROD00180,2,7030.69,0.14,12092.79
ITEM0006136,ORD002935,PROD00235,3,1155.59,0.0,3466.77
ITEM0006137,ORD002936,PROD00254,1,3623.42,0.03,3514.72
ITEM0006138,ORD002937,PROD00242,2,2496.43,0.18,4094.15
ITEM0006139,ORD002937,PROD00223,1,2430.88,0.0,2430.88
ITEM0006140,ORD002938,PROD00169,2,5358.09,0.0,10716.18
ITEM0006141,ORD002938,PROD00106,3,3963.99,0.0,11891.97
ITEM0006142,ORD002938,PROD00277,4,556.92,0.0,2227.68
ITEM0006143,ORD002938,PROD00133,3,7313.64,0.0,21940.92
ITEM0006144,ORD002939,PROD00117,1,498.3,0.0,498.3
ITEM0006145,ORD002939,PROD00148,1,3870.28,0.0,3870.28
ITEM0006146,ORD002939,PROD00069,2,1900.24,0.0,3800.48
ITEM0006147,ORD002939,PROD00023,3,3506.84,0.0,10520.52
ITEM0006148,ORD002940,PROD00285,3,2757.81,0.27,6039.6
ITEM0006149,ORD002940,PROD00004,1,4097.38,0.0,4097.38
ITEM0006150,ORD002940,PROD00037,1,5435.74,0.22,4239.88
ITEM0006151,ORD002941,PROD00240,2,4510.78,0.0,9021.56
ITEM0006152,ORD002941,PROD00057,1,4595.24,0.0,4595.24
ITEM0006153,ORD002941,PROD00019,1,2406.67,0.15,2045.67
ITEM0006154,ORD002941,PROD00156,2,1816.09,0.0,3632.18
ITEM0006155,ORD002941,PROD00296,2,1188.71,0.0,2377.42
ITEM0006156,ORD002942,PROD00130,3,3445.25,0.0,10335.75
ITEM0006157,ORD002942,PROD00011,1,2615.05,0.23,2013.59
ITEM0006158,ORD002942,PROD00041,1,3958.75,0.18,3246.18
ITEM0006159,ORD002943,PROD00170,1,2513.77,0.0,2513.77
ITEM0006160,ORD002943,PROD00114,1,2295.26,0.0,2295.26
ITEM0006161,ORD002944,PROD00049,1,5326.74,0.0,5326.74
ITEM0006162,ORD002945,PROD00080,2,862.91,0.0,1725.82
ITEM0006163,ORD002945,PROD00206,1,8632.13,0.14,7423.63
ITEM0006164,ORD002945,PROD00220,1,6168.69,0.0,6168.69
ITEM0006165,ORD002946,PROD00120,1,1288.16,0.0,1288.16
ITEM0006166,ORD002946,PROD00086,1,5791.83,0.29,4112.2
ITEM0006167,ORD002946,PROD00102,1,6509.4,0.0,6509.4
ITEM0006168,ORD002946,PROD00130,3,3445.25,0.0,10335.75
ITEM0006169,ORD002947,PROD00021,1,6443.82,0.0,6443.82
ITEM0006170,ORD002947,PROD00182,-2,3616.25,0.0,-7232.5
ITEM0006171,ORD002947,PROD00138,3,10725.29,0.19,26062.45
ITEM0006172,ORD002948,PROD00233,1,3164.97,0.15,2690.22
ITEM0006173,ORD002948,PROD00256,3,256.57,0.0,769.71
ITEM0006174,ORD002949,PROD00068,1,1589.23,0.0,1589.23
ITEM0006175,ORD002949,PROD00223,1,2430.88,0.0,2430.88
ITEM0006176,ORD002950,PROD00038,-2,1983.28,0.0,-3966.56
ITEM0006177,ORD002951,PROD00094,1,6449.58,0.0,6449.58
ITEM0006178,ORD002951,PROD00085,1,1960.53,0.0,1960.53
ITEM0006179,ORD002951,PROD00159,1,198.83,0.0,198.83
ITEM0006180,ORD002951,PROD00197,1,8766.75,0.0,8766.75
ITEM0006181,ORD002952,PROD00023,1,3506.84,0.0,3506.84
ITEM0006182,ORD002952,PROD00147,2,4961.76,0.0,9923.52
ITEM0006183,ORD002952,PROD00209,2,3816.19,0.0,7632.38
ITEM0006184,ORD002952,PROD00189,1,7636.65,0.0,7636.65
ITEM0006185,ORD002953,PROD00119,4,9197.85,0.0,36791.4
ITEM0006186,ORD002953,PROD00258,1,5858.08,0.17,4862.21
ITEM0006187,ORD002954,PROD00137,2,5635.51,0.0,11271.02
ITEM0006188,ORD002954,PROD00022,1,1547.99,0.24,1176.47
ITEM0006189,ORD002954,PROD00264,1,8008.38,0.0,8008.38
ITEM0006190,ORD002954,PROD00250,4,4610.44,0.0,18441.76
ITEM0006191,ORD002955,PROD00006,1,8153.69,0.1,7338.32
ITEM0006192,ORD002955,PROD00296,3,1188.71,0.0,3566.13
ITEM0006193,ORD002955,PROD00222,2,3002.04,0.18,4923.35
ITEM0006194,ORD002955,PROD00069,4,628.06,0.25,1884.17
ITEM0006195,ORD002955,PROD00268,2,852.32,0.0,1704.64
ITEM0006196,ORD002956,PROD00299,2,10649.19,0.17,17677.66
ITEM0006197,ORD002956,PROD00257,3,1095.28,0.0,3285.85
ITEM0006198,ORD002957,PROD00243,1,6308.05,0.2,5046.44
ITEM0006199,ORD002957,PROD00162,1,3555.3,0.12,3128.66
ITEM0006200,ORD002957,PROD00235,1,1155.59,0.0,1155.59
ITEM0006201,ORD002957,PROD00164,1,5504.82,0.01,5449.77
ITEM0006202,ORD002958,PROD00236,1,2661.51,0.0,2661.51
ITEM0006203,ORD002959,PROD00245,2,6215.91,0.0,12431.82
ITEM0006204,ORD002959,PROD00020,-2,7970.85,0.0,-15941.7
ITEM0006205,ORD002960,PROD00087,3,4546.57,0.0,13639.71
ITEM0006206,ORD002960,PROD00027,1,5723.51,0.0,5723.51
ITEM0006207,ORD002961,PROD00035,1,2576.9,0.23,1984.21
ITEM0006208,ORD002962,PROD00069,1,362.48,0.24,275.49
ITEM0006209,ORD002962,PROD00185,1,2719.98,0.0,2719.98
ITEM0006210,ORD002963,PROD00070,1,6693.56,0.0,6693.56
ITEM0006211,ORD002964,PROD00074,1,9420.21,0.21,7441.97
ITEM0006212,ORD002965,PROD00086,1,5791.83,0.17,4807.22
ITEM0006213,ORD002965,PROD00070,1,6693.56,0.0,6693.56
ITEM0006214,ORD002965,PROD00020,2,7970.85,0.0,15941.7
ITEM0006215,ORD002965,PROD00170,1,2169.14,0.0,2169.14
ITEM0006216,ORD002965,PROD00246,1,8011.14,0.0,8011.14
ITEM0006217,ORD002966,PROD00149,1,832.87,0.0,832.87
ITEM0006218,ORD002967,PROD00242,1,2496.43,0.0,2496.43
ITEM0006219,ORD002968,PROD00079,1,7182.12,0.01,7110.3
ITEM0006220,ORD002969,PROD00249,1,4279.09,0.24,3252.11
ITEM0006221,ORD002969,PROD00224,1,8522.29,0.0,8522.29
ITEM0006222,ORD002969,PROD00138,1,10725.29,0.0,10725.29
ITEM0006223,ORD002970,PROD00185,3,2719.98,0.0,8159.94
ITEM0006224,ORD002970,PROD00191,4,4249.81,0.0,16999.24
ITEM0006225,ORD002970,PROD00050,1,5338.68,0.28,3843.85
ITEM0006226,ORD002970,PROD00072,1,6999.91,0.0,6999.91
ITEM0006227,ORD002970,PROD00244,1,4549.33,0.15,3866.93
ITEM0006228,ORD002971,PROD00014,-1,1451.31,0.0,-1451.31
ITEM0006229,ORD002971,PROD00115,3,3250.57,0.0,9751.71
ITEM0006230,ORD002972,PROD00166,1,7134.8,0.0,7134.8
ITEM0006231,ORD002973,PROD00093,1,3802.74,0.21,3004.16
ITEM0006232,ORD002973,PROD00212,1,7782.48,0.0,7782.48
ITEM0006233,ORD002974,PROD00072,1,6999.91,0.0,6999.91
ITEM0006234,ORD002974,PROD00186,1,1445.96,0.19,1171.23
ITEM0006235,ORD002974,PROD00025,1,3078.83,0.27,2247.55
ITEM0006236,ORD002974,PROD00012,3,7089.43,0.03,20630.24
ITEM0006237,ORD002974,PROD00003,1,2902.0,0.0,2902.0
ITEM0006238,ORD002975,PROD00182,2,3616.25,0.0,7232.5
ITEM0006239,ORD002976,PROD00133,1,7313.64,0.21,5777.78
ITEM0006240,ORD002976,PROD00020,2,7970.85,0.0,15941.7
ITEM0006241,ORD002976,PROD00052,3,1689.78,0.0,5069.34
ITEM0006242,ORD002977,PROD00085,1,1960.53,0.0,1960.53
ITEM0006243,ORD002977,PROD00096,1,4639.15,0.27,3386.58
ITEM0006244,ORD002977,PROD00074,1,9420.21,0.25,7065.16
ITEM0006245,ORD002977,PROD00219,2,344.65,0.01,682.41
ITEM0006246,ORD002977,PROD00195,2,9608.14,0.17,15949.51
ITEM0006247,ORD002978,PROD00180,4,7030.69,0.0,28122.76
ITEM0006248,ORD002979,PROD00031,3,4066.81,0.0,12200.43
ITEM0006249,ORD002979,PROD00190,1,3528.69,0.17,2928.81
ITEM0006250,ORD002980,PROD00033,2,1942.09,0.0,3884.18
ITEM0006251,ORD002981,PROD00032,2,301.12,0.0,602.24
ITEM0006252,ORD002981,PROD00191,1,4249.81,0.0,4249.81
ITEM0006253,ORD002981,PROD00170,1,424.19,0.05,402.98
ITEM0006254,ORD002981,PROD00273,4,4432.81,0.0,17731.24
ITEM0006255,ORD002982,PROD00270,3,4350.17,0.0,13050.51
ITEM0006256,ORD002983,PROD00234,2,9552.76,0.0,19105.52
ITEM0006257,ORD002983,PROD00095,1,1505.02,0.2,1204.02
ITEM0006258,ORD002984,PROD00088,3,4559.98,0.13,11901.55
ITEM0006259,ORD002984,PROD00289,1,3097.21,0.0,3097.21
ITEM0006260,ORD002985,PROD00194,1,535.55,0.0,535.55
ITEM0006261,ORD002985,PROD00018,1,2803.77,0.0,2803.77
ITEM0006262,ORD002985,PROD00087,2,4546.57,0.0,9093.14
ITEM0006263,ORD002986,PROD00092,2,1552.76,0.0,3105.52
ITEM0006264,ORD002986,PROD00099,1,6088.4,0.0,6088.4
ITEM0006265,ORD002986,PROD00193,1,9202.76,0.29,6533.96
ITEM0006266,ORD002987,PROD00094,2,6449.58,0.0,12899.16
ITEM0006267,ORD002987,PROD00095,1,1505.02,0.0,1505.02
ITEM0006268,ORD002988,PROD00220,1,6168.69,0.18,5058.33
ITEM0006269,ORD002988,PROD00211,1,1624.33,0.0,1624.33
ITEM0006270,ORD002989,PROD00031,1,4066.81,0.0,4066.81
ITEM0006271,ORD002990,PROD00050,3,5338.68,0.0,16016.04
ITEM0006272,ORD002991,PROD00059,1,11784.91,0.0,11784.91
ITEM0006273,ORD002991,PROD00111,1,5596.44,0.0,5596.44
ITEM0006274,ORD002992,PROD00140,2,1718.72,0.0,3437.44
ITEM0006275,ORD002992,PROD00217,2,260.84,0.15,443.43
ITEM0006276,ORD002992,PROD00097,1,1492.36,0.0,1492.36
ITEM0006277,ORD002993,PROD00039,2,6419.63,0.0,12839.26
ITEM0006278,ORD002994,PROD00125,2,5694.29,0.0,11388.58
ITEM0006279,ORD002995,PROD00007,2,7518.69,0.0,15037.38
ITEM0006280,ORD002995,PROD00282,2,3504.39,0.02,6868.6
ITEM0006281,ORD002996,PROD00192,3,5116.05,0.05,14580.74
ITEM0006282,ORD002997,PROD00267,2,3457.61,0.0,6915.22
ITEM0006283,ORD002998,PROD00151,1,5518.05,0.0,5518.05
ITEM0006284,ORD002998,PROD00041,1,3958.75,0.25,2969.06
ITEM0006285,ORD002999,PROD00069,1,973.62,0.01,963.89
ITEM0006286,ORD002999,PROD00101,1,1373.9,0.0,1373.9
ITEM0006287,ORD003000,PROD00106,1,3963.99,0.0,3963.99
ITEM0006288,ORD003001,PROD00211,2,1624.33,0.0,3248.66
ITEM0006289,ORD003002,PROD00110,3,7163.14,0.0,21489.42
ITEM0006290,ORD003003,PROD00072,2,6999.91,0.0,13999.82
ITEM0006291,ORD003003,PROD00121,3,11305.27,0.0,33915.81
ITEM0006292,ORD003003,PROD00261,4,2154.14,0.0,8616.56
ITEM0006293,ORD003004,PROD00152,3,1231.99,0.0,3695.97
ITEM0006294,ORD003004,PROD00255,1,7383.63,0.03,7162.12
ITEM0006295,ORD003005,PROD00121,3,11305.27,0.0,33915.81
ITEM0006296,ORD003006,PROD00132,2,5296.2,0.0,10592.4
ITEM0006297,ORD003007,PROD00125,4,5694.29,0.27,16627.33
ITEM0006298,ORD003008,PROD00127,4,5321.52,0.0,21286.08
ITEM0006299,ORD003008,PROD00010,1,2259.53,0.23,1739.84
ITEM0006300,ORD003009,PROD00265,2,4207.25,0.0,8414.5
ITEM0006301,ORD003010,PROD00046,2,8988.77,0.0,17977.54
ITEM0006302,ORD003010,PROD00003,2,2902.0,0.0,5804.0
ITEM0006303,ORD003011,PROD00187,4,6641.17,0.24,20189.16
ITEM0006304,ORD003012,PROD00193,1,9202.76,0.0,9202.76
ITEM0006305,ORD003012,PROD00257,1,1084.83,0.0,1084.83
ITEM0006306,ORD003013,PROD00049,1,5326.74,0.13,4634.26
ITEM0006307,ORD003014,PROD00116,2,3835.95,0.22,5984.08
ITEM0006308,ORD003014,PROD00165,1,1721.94,0.0,1721.94
ITEM0006309,ORD003014,PROD00054,1,5941.63,0.0,5941.63
ITEM0006310,ORD003014,PROD00091,3,1302.09,0.0,3906.27
ITEM0006311,ORD003014,PROD00039,4,6419.63,0.0,25678.52
ITEM0006312,ORD003015,PROD00285,1,2757.81,0.23,2123.51
ITEM0006313,ORD003016,PROD00044,2,5424.36,0.2,8678.98
ITEM0006314,ORD003016,PROD00177,1,5446.6,0.0,5446.6
ITEM0006315,ORD003016,PROD00088,2,4559.98,0.0,9119.96
ITEM0006316,ORD003017,PROD00018,2,2803.77,0.0,5607.54
ITEM0006317,ORD003018,PROD00116,3,3835.95,0.0,11507.85
ITEM0006318,ORD003018,PROD00074,1,9420.21,0.0,9420.21
ITEM0006319,ORD003018,PROD00164,1,5504.82,0.05,5229.58
ITEM0006320,ORD003019,PROD00162,3,3555.3,0.11,9492.65
ITEM0006321,ORD003019,PROD00077,1,7101.66,0.0,7101.66
ITEM0006322,ORD003020,PROD00012,4,7089.43,0.0,28357.72
ITEM0006323,ORD003021,PROD00244,1,4549.33,0.0,4549.33
ITEM0006324,ORD003021,PROD00300,1,1343.36,0.0,1343.36
ITEM0006325,ORD003022,PROD00226,1,648.79,0.0,648.79
ITEM0006326,ORD003022,PROD00227,2,3250.8,0.0,6501.6
ITEM0006327,ORD003023,PROD00097,3,1492.36,0.13,3895.06
ITEM0006328,ORD003023,PROD00205,1,6283.38,0.0,6283.38
ITEM0006329,ORD003024,PROD00117,4,498.3,0.0,1993.2
ITEM0006330,ORD003025,PROD00042,1,8235.83,0.0,8235.83
ITEM0006331,ORD003025,PROD00240,1,4510.78,0.3,3157.55
ITEM0006332,ORD003025,PROD00068,1,1589.23,0.06,1493.88
ITEM0006333,ORD003025,PROD00168,1,5760.76,0.0,5760.76
ITEM0006334,ORD003026,PROD00106,3,3963.99,0.0,11891.97
ITEM0006335,ORD003026,PROD00239,4,467.33,0.0,1869.32
ITEM0006336,ORD003027,PROD00228,1,1263.16,0.07,1174.74
ITEM0006337,ORD003027,PROD00044,1,5424.36,0.26,4014.03
ITEM0006338,ORD003028,PROD00093,2,3802.74,0.0,7605.48
ITEM0006339,ORD003028,PROD00294,1,8182.59,0.0,8182.59
ITEM0006340,ORD003029,PROD00137,1,5635.51,0.0,5635.51
ITEM0006341,ORD003030,PROD00115,1,3250.57,0.0,3250.57
ITEM0006342,ORD003030,PROD00210,1,6680.3,0.0,6680.3
ITEM0006343,ORD003030,PROD00143,3,1075.34,0.0,3226.02
ITEM0006344,ORD003031,PROD00068,1,1589.23,0.05,1509.77
ITEM0006345,ORD003032,PROD00251,1,3365.3,0.11,2995.12
ITEM0006346,ORD003033,PROD00178,1,7985.04,0.26,5908.93
ITEM0006347,ORD003033,PROD00032,2,301.12,0.0,602.24
ITEM0006348,ORD003034,PROD00130,3,3445.25,0.0,10335.75
ITEM0006349,ORD003034,PROD00250,1,4610.44,0.0,4610.44
ITEM0006350,ORD003035,PROD00173,2,2040.33,0.0,4080.66
ITEM0006351,ORD003036,PROD00146,3,504.1,0.0,1512.3
ITEM0006352,ORD003037,PROD00055,1,2678.2,0.0,2678.2
ITEM0006353,ORD003037,PROD00018,2,2803.77,0.19,4542.11
ITEM0006354,ORD003037,PROD00136,2,621.23,0.0,1242.46
ITEM0006355,ORD003037,PROD00235,2,1155.59,0.0,2311.18
ITEM0006356,ORD003038,PROD00079,2,7182.12,0.16,12065.96
ITEM0006357,ORD003038,PROD00031,2,4066.81,0.0,8133.62
ITEM0006358,ORD003039,PROD00062,2,5673.89,0.16,9532.14
ITEM0006359,ORD003039,PROD00181,2,2887.17,0.0,5774.34
ITEM0006360,ORD003040,PROD00090,2,494.65,0.0,989.3
ITEM0006361,ORD003040,PROD00217,2,260.84,0.08,479.95
ITEM0006362,ORD003040,PROD00263,1,4979.64,0.17,4133.1
ITEM0006363,ORD003040,PROD00132,1,5296.2,0.0,5296.2
ITEM0006364,ORD003041,PROD00275,1,5765.78,0.0,5765.78
ITEM0006365,ORD003041,PROD00016,2,6005.27,0.04,11530.12
ITEM0006366,ORD003041,PROD00220,1,6168.69,0.0,6168.69
ITEM0006367,ORD003042,PROD00276,1,8701.77,0.0,8701.77
ITEM0006368,ORD003043,PROD00181,1,2887.17,0.0,2887.17
ITEM0006369,ORD003044,PROD00033,2,1942.09,0.12,3418.08
ITEM0006370,ORD003044,PROD00008,2,5338.8,0.29,7581.1
ITEM0006371,ORD003044,PROD00188,2,1657.41,0.0,3314.82
ITEM0006372,ORD003045,PROD00258,4,5858.08,0.2,18745.86
ITEM0006373,ORD003046,PROD00185,1,2719.98,0.0,2719.98
ITEM0006374,ORD003046,PROD00142,1,8354.87,0.17,6934.54
ITEM0006375,ORD003047,PROD00235,1,1155.59,0.0,1155.59
ITEM0006376,ORD003047,PROD00119,2,9197.85,0.23,14164.69
ITEM0006377,ORD003047,PROD00249,1,4279.09,0.0,4279.09
ITEM0006378,ORD003047,PROD00056,2,6326.27,0.0,12652.54
ITEM0006379,ORD003048,PROD00133,1,7313.64,0.09,6655.41
ITEM0006380,ORD003048,PROD00247,1,7341.91,0.0,7341.91
ITEM0006381,ORD003049,PROD00179,1,6055.62,0.1,5450.06
ITEM0006382,ORD003050,PROD00300,1,1343.36,0.0,1343.36
ITEM0006383,ORD003051,PROD00029,1,5799.72,0.0,5799.72
ITEM0006384,ORD003051,PROD00021,1,6443.82,0.03,6250.51
ITEM0006385,ORD003051,PROD00230,2,8026.94,0.0,16053.88
ITEM0006386,ORD003051,PROD00286,1,945.94,0.0,945.94
ITEM0006387,ORD003052,PROD00001,1,9272.65,0.0,9272.65
ITEM0006388,ORD003053,PROD00273,3,4432.81,0.0,13298.43
ITEM0006389,ORD003054,PROD00025,1,3078.83,0.0,3078.83
ITEM0006390,ORD003054,PROD00280,3,4625.83,0.15,11795.87
ITEM0006391,ORD003055,PROD00129,1,2500.46,0.0,2500.46
ITEM0006392,ORD003056,PROD00107,2,6282.37,0.23,9674.85
ITEM0006393,ORD003057,PROD00252,-1,910.14,0.15,-773.62
ITEM0006394,ORD003058,PROD00068,1,1589.23,0.0,1589.23
ITEM0006395,ORD003058,PROD00101,1,1373.9,0.0,1373.9
ITEM0006396,ORD003058,PROD00019,1,2406.67,0.0,2406.67
ITEM0006397,ORD003058,PROD00197,3,8766.75,0.0,26300.25
ITEM0006398,ORD003059,PROD00239,4,467.33,0.0,1869.32
ITEM0006399,ORD003060,PROD00148,1,3870.28,0.0,3870.28
ITEM0006400,ORD003061,PROD00071,1,534.87,0.0,534.87
ITEM0006401,ORD003062,PROD00108,4,7407.37,0.28,21333.23
ITEM0006402,ORD003063,PROD00150,3,290.6,0.12,767.18
ITEM0006403,ORD003063,PROD00264,1,8008.38,0.0,8008.38
ITEM0006404,ORD003064,PROD00051,2,8693.03,0.0,17386.06
ITEM0006405,ORD003065,PROD00242,1,2496.43,0.0,2496.43
ITEM0006406,ORD003066,PROD00201,1,3944.29,0.0,3944.29
ITEM0006407,ORD003066,PROD00014,1,1451.31,0.0,1451.31
ITEM0006408,ORD003067,PROD00043,1,1789.22,0.0,1789.22
ITEM0006409,ORD003068,PROD00074,1,9420.21,0.1,8478.19
ITEM0006410,ORD003068,PROD00044,1,5424.36,0.0,5424.36
ITEM0006411,ORD003068,PROD00134,3,1127.73,0.19,2740.38
ITEM0006412,ORD003069,PROD00079,2,7182.12,0.0,14364.24
ITEM0006413,ORD003069,PROD00022,1,1547.99,0.0,1547.99
ITEM0006414,ORD003070,PROD00166,2,7134.8,0.18,11701.07
ITEM0006415,ORD003070,PROD00090,1,494.65,0.0,494.65
ITEM0006416,ORD003071,PROD00237,1,8123.36,0.18,6661.16
ITEM0006417,ORD003071,PROD00030,3,4937.89,0.0,14813.67
ITEM0006418,ORD003071,PROD00121,1,11305.27,0.16,9496.43
ITEM0006419,ORD003072,PROD00043,2,1789.22,0.0,3578.44
ITEM0006420,ORD003073,PROD00273,1,4432.81,0.0,4432.81
ITEM0006421,ORD003074,PROD00007,4,7518.69,0.0,30074.76
ITEM0006422,ORD003074,PROD00036,4,7308.78,0.0,29235.12
ITEM0006423,ORD003074,PROD00131,1,576.16,0.0,576.16
ITEM0006424,ORD003074,PROD00119,1,9197.85,0.0,9197.85
ITEM0006425,ORD003074,PROD00260,1,8617.38,0.14,7410.95
ITEM0006426,ORD003075,PROD00145,1,5845.69,0.0,5845.69
ITEM0006427,ORD003075,PROD00023,2,3506.84,0.0,7013.68
ITEM0006428,ORD003076,PROD00281,2,7979.23,0.28,11490.09
ITEM0006429,ORD003077,PROD00164,1,5504.82,0.0,5504.82
ITEM0006430,ORD003078,PROD00290,1,1195.14,0.0,1195.14
ITEM0006431,ORD003078,PROD00066,1,899.86,0.0,899.86
ITEM0006432,ORD003078,PROD00040,1,3631.49,0.01,3595.18
ITEM0006433,ORD003079,PROD00234,1,9552.76,0.0,9552.76
ITEM0006434,ORD003080,PROD00058,2,4592.96,0.04,8818.48
ITEM0006435,ORD003080,PROD00002,3,231.58,0.0,694.74
ITEM0006436,ORD003080,PROD00068,4,1589.23,0.0,6356.92
ITEM0006437,ORD003080,PROD00263,3,4979.64,0.0,14938.92
ITEM0006438,ORD003081,PROD00003,1,2902.0,0.09,2640.82
ITEM0006439,ORD003081,PROD00031,1,4066.81,0.0,4066.81
ITEM0006440,ORD003081,PROD00294,1,8182.59,0.0,8182.59
ITEM0006441,ORD003081,PROD00067,1,996.38,0.0,996.38
ITEM0006442,ORD003082,PROD00044,1,5424.36,0.14,4664.95
ITEM0006443,ORD003082,PROD00290,2,1195.14,0.12,2103.45
ITEM0006444,ORD003083,PROD00268,2,852.32,0.0,1704.64
ITEM0006445,ORD003083,PROD00227,2,3250.8,0.02,6371.57
ITEM0006446,ORD003084,PROD00196,2,6703.46,0.0,13406.92
ITEM0006447,ORD003084,PROD00253,2,791.63,0.0,1583.26
ITEM0006448,ORD003085,PROD00054,1,5941.63,0.0,5941.63
ITEM0006449,ORD003085,PROD00264,2,8008.38,0.0,16016.76
ITEM0006450,ORD003086,PROD00143,2,1075.34,0.0,2150.68
ITEM0006451,ORD003086,PROD00082,1,3992.96,0.0,3992.96
ITEM0006452,ORD003086,PROD00094,1,6449.58,0.05,6127.1
ITEM0006453,ORD003087,PROD00240,1,4510.78,0.0,4510.78
ITEM0006454,ORD003088,PROD00128,1,4199.76,0.0,4199.76
ITEM0006455,ORD003089,PROD00151,1,5518.05,0.08,5076.61
ITEM0006456,ORD003089,PROD00094,1,6449.58,0.15,5482.14
ITEM0006457,ORD003089,PROD00057,2,4595.24,0.0,9190.48
ITEM0006458,ORD003090,PROD00299,1,10649.19,0.0,10649.19
ITEM0006459,ORD003090,PROD00027,2,5723.51,0.0,11447.02
ITEM0006460,ORD003090,PROD00237,1,8123.36,0.29,5767.59
ITEM0006461,ORD003091,PROD00052,2,1689.78,0.0,3379.56
ITEM0006462,ORD003092,PROD00163,2,2745.97,0.0,5491.94
ITEM0006463,ORD003093,PROD00245,3,6215.91,0.0,18647.73
ITEM0006464,ORD003094,PROD00004,3,4097.38,0.0,12292.14
ITEM0006465,ORD003095,PROD00164,1,5504.82,0.17,4569.0
ITEM0006466,ORD003096,PROD00050,2,5338.68,0.0,10677.36
ITEM0006467,ORD003096,PROD00005,1,246.43,0.0,246.43
ITEM0006468,ORD003097,PROD00050,1,5338.68,0.0,5338.68
ITEM0006469,ORD003097,PROD00294,1,8182.59,0.21,6464.25
ITEM0006470,ORD003098,PROD00199,1,3657.98,0.11,3255.6
ITEM0006471,ORD003098,PROD00227,1,3250.8,0.0,3250.8
ITEM0006472,ORD003098,PROD00240,1,4510.78,0.0,4510.78
ITEM0006473,ORD003099,PROD00016,2,6005.27,0.14,10329.06
ITEM0006474,ORD003099,PROD00101,2,1373.9,0.0,2747.8
ITEM0006475,ORD003099,PROD00107,2,6282.37,0.0,12564.74
ITEM0006476,ORD003099,PROD00054,-1,5941.63,0.0,-5941.63
ITEM0006477,ORD003100,PROD00053,2,7229.99,0.24,10989.58
ITEM0006478,ORD003101,PROD00182,2,3616.25,0.28,5207.4
ITEM0006479,ORD003102,PROD00043,2,1789.22,0.0,3578.44
ITEM0006480,ORD003102,PROD00283,1,7427.34,0.21,5867.6
ITEM0006481,ORD003102,PROD00176,3,5492.71,0.0,16478.13
ITEM0006482,ORD003102,PROD00116,1,3835.95,0.21,3030.4
ITEM0006483,ORD003103,PROD00051,1,8693.03,0.0,8693.03
ITEM0006484,ORD003104,PROD00283,1,7427.34,0.0,7427.34
ITEM0006485,ORD003104,PROD00045,1,4706.05,0.0,4706.05
ITEM0006486,ORD003104,PROD00009,3,5332.96,0.0,15998.88
ITEM0006487,ORD003104,PROD00171,1,546.18,0.0,546.18
ITEM0006488,ORD003105,PROD00280,1,4625.83,0.0,4625.83
ITEM0006489,ORD003106,PROD00016,1,6005.27,0.0,6005.27
ITEM0006490,ORD003107,PROD00167,2,2019.38,0.0,4038.76
ITEM0006491,ORD003107,PROD00038,1,1983.28,0.1,1784.95
ITEM0006492,ORD003108,PROD00173,1,1977.24,0.25,1482.93
ITEM0006493,ORD003108,PROD00228,1,1263.16,0.0,1263.16
ITEM0006494,ORD003109,PROD00161,1,2894.21,0.27,2112.77
ITEM0006495,ORD003110,PROD00033,1,1942.09,0.0,1942.09
ITEM0006496,ORD003110,PROD00070,2,6693.56,0.06,12583.89
ITEM0006497,ORD003111,PROD00275,3,5765.78,0.03,16778.42
ITEM0006498,ORD003112,PROD00134,3,1127.73,0.21,2672.72
ITEM0006499,ORD003112,PROD00216,2,3307.17,0.0,6614.34
ITEM0006500,ORD003112,PROD00013,-1,10508.19,0.0,-10508.19
ITEM0006501,ORD003112,PROD00295,1,895.09,0.06,841.38
ITEM0006502,ORD003113,PROD00296,1,1188.71,0.0,1188.71
ITEM0006503,ORD003113,PROD00202,1,1016.59,0.0,1016.59
ITEM0006504,ORD003114,PROD00024,1,10115.71,0.0,10115.71
ITEM0006505,ORD003114,PROD00047,2,1589.57,0.0,3179.14
ITEM0006506,ORD003115,PROD00276,1,8701.77,0.0,8701.77
ITEM0006507,ORD003115,PROD00060,1,532.72,0.0,532.72
ITEM0006508,ORD003116,PROD00017,1,9163.85,0.0,9163.85
ITEM0006509,ORD003116,PROD00215,1,379.53,0.01,375.73
ITEM0006510,ORD003116,PROD00128,1,4199.76,0.0,4199.76
ITEM0006511,ORD003117,PROD00285,1,2757.81,0.0,2757.81
ITEM0006512,ORD003117,PROD00095,1,1505.02,0.11,1339.47
ITEM0006513,ORD003118,PROD00256,1,256.57,0.0,256.57
ITEM0006514,ORD003119,PROD00209,3,3816.19,0.0,11448.57
ITEM0006515,ORD003120,PROD00199,4,3657.98,0.0,14631.92
ITEM0006516,ORD003121,PROD00227,1,3250.8,0.0,3250.8
ITEM0006517,ORD003122,PROD00253,2,791.63,0.0,1583.26
ITEM0006518,ORD003122,PROD00285,3,2757.81,0.0,8273.43
ITEM0006519,ORD003122,PROD00093,1,3802.74,0.0,3802.74
ITEM0006520,ORD003123,PROD00076,1,6038.15,0.0,6038.15
ITEM0006521,ORD003124,PROD00082,2,3992.96,0.0,7985.92
ITEM0006522,ORD003124,PROD00224,1,8522.29,0.0,8522.29
ITEM0006523,ORD003125,PROD00237,1,8123.36,0.15,6904.86
ITEM0006524,ORD003126,PROD00276,1,8701.77,0.0,8701.77
ITEM0006525,ORD003127,PROD00269,1,2135.25,0.0,2135.25
ITEM0006526,ORD003127,PROD00152,1,1231.99,0.0,1231.99
ITEM0006527,ORD003127,PROD00064,2,4268.27,0.0,8536.54
ITEM0006528,ORD003128,PROD00292,1,5910.44,0.24,4491.93
ITEM0006529,ORD003129,PROD00249,1,4279.09,0.1,3851.18
ITEM0006530,ORD003130,PROD00221,3,901.85,0.0,2705.55
ITEM0006531,ORD003131,PROD00103,4,9136.07,0.0,36544.28
ITEM0006532,ORD003132,PROD00082,1,3992.96,0.0,3992.96
ITEM0006533,ORD003133,PROD00186,4,1445.96,0.0,5783.84
ITEM0006534,ORD003134,PROD00195,2,9608.14,0.0,19216.28
ITEM0006535,ORD003134,PROD00119,2,9197.85,0.0,18395.7
ITEM0006536,ORD003135,PROD00054,1,5941.63,0.0,5941.63
ITEM0006537,ORD003136,PROD00219,2,344.65,0.2,551.44
ITEM0006538,ORD003136,PROD00243,1,6308.05,0.14,5424.92
ITEM0006539,ORD003137,PROD00154,3,5526.27,0.0,16578.81
ITEM0006540,ORD003137,PROD00180,1,7030.69,0.0,7030.69
ITEM0006541,ORD003137,PROD00289,1,3097.21,0.08,2849.43
ITEM0006542,ORD003138,PROD00022,4,1547.99,0.0,6191.96
ITEM0006543,ORD003139,PROD00184,2,1498.15,0.0,2996.3
ITEM0006544,ORD003139,PROD00019,1,2406.67,0.28,1732.8
ITEM0006545,ORD003140,PROD00158,1,8138.6,0.0,8138.6
ITEM0006546,ORD003140,PROD00270,1,4350.17,0.0,4350.17
ITEM0006547,ORD003141,PROD00243,2,6308.05,0.09,11480.65
ITEM0006548,ORD003141,PROD00132,1,5296.2,0.0,5296.2
ITEM0006549,ORD003142,PROD00136,1,621.23,0.14,534.26
ITEM0006550,ORD003142,PROD00241,1,2620.56,0.0,2620.56
ITEM0006551,ORD003143,PROD00144,1,9953.38,0.0,9953.38
ITEM0006552,ORD003143,PROD00029,1,5799.72,0.0,5799.72
ITEM0006553,ORD003143,PROD00086,3,5791.83,0.14,14942.92
ITEM0006554,ORD003144,PROD00205,1,6283.38,0.1,5655.04
ITEM0006555,ORD003144,PROD00153,3,4010.2,0.0,12030.6
ITEM0006556,ORD003145,PROD00020,3,7970.85,0.02,23434.3
ITEM0006557,ORD003146,PROD00003,2,2902.0,0.0,5804.0
ITEM0006558,ORD003146,PROD00063,2,1083.33,0.0,2166.66
ITEM0006559,ORD003147,PROD00246,3,8011.14,0.18,19707.4
ITEM0006560,ORD003147,PROD00158,1,8138.6,0.0,8138.6
ITEM0006561,ORD003148,PROD00212,1,7782.48,0.0,7782.48
ITEM0006562,ORD003148,PROD00174,1,4285.14,0.0,4285.14
ITEM0006563,ORD003149,PROD00151,2,5518.05,0.0,11036.1
ITEM0006564,ORD003149,PROD00073,1,9071.35,0.0,9071.35
ITEM0006565,ORD003149,PROD00168,2,5760.76,0.0,11521.52
ITEM0006566,ORD003150,PROD00128,1,4199.76,0.0,4199.76
ITEM0006567,ORD003150,PROD00063,3,1083.33,0.0,3249.99
ITEM0006568,ORD003150,PROD00104,2,2043.03,0.0,4086.06
ITEM0006569,ORD003150,PROD00176,1,5492.71,0.09,4998.37
ITEM0006570,ORD003151,PROD00217,1,260.84,0.0,260.84
ITEM0006571,ORD003151,PROD00289,1,3097.21,0.0,3097.21
ITEM0006572,ORD003152,PROD00138,1,10725.29,0.0,10725.29
ITEM0006573,ORD003152,PROD00294,2,8182.59,0.0,16365.18
ITEM0006574,ORD003153,PROD00165,1,1721.94,0.2,1377.55
ITEM0006575,ORD003153,PROD00274,2,5633.46,0.0,11266.92
ITEM0006576,ORD003154,PROD00188,1,1657.41,0.0,1657.41
ITEM0006577,ORD003154,PROD00152,1,1231.99,0.0,1231.99
ITEM0006578,ORD003155,PROD00049,1,5326.74,0.0,5326.74
ITEM0006579,ORD003155,PROD00172,1,734.93,0.0,734.93
ITEM0006580,ORD003156,PROD00216,2,3307.17,0.0,6614.34
ITEM0006581,ORD003156,PROD00268,1,852.32,0.0,852.32
ITEM0006582,ORD003157,PROD00216,1,3307.17,0.0,3307.17
ITEM0006583,ORD003158,PROD00190,2,3528.69,0.0,7057.38
ITEM0006584,ORD003158,PROD00128,1,4199.76,0.0,4199.76
ITEM0006585,ORD003159,PROD00154,1,5526.27,0.12,4863.12
ITEM0006586,ORD003159,PROD00300,1,1343.36,0.0,1343.36
ITEM0006587,ORD003160,PROD00002,1,231.58,0.0,231.58
ITEM0006588,ORD003160,PROD00163,1,2745.97,0.0,2745.97
ITEM0006589,ORD003160,PROD00072,2,6999.91,0.0,13999.82
ITEM0006590,ORD003160,PROD00297,2,10930.45,0.0,21860.9
ITEM0006591,ORD003160,PROD00097,4,1492.36,0.0,5969.44
ITEM0006592,ORD003161,PROD00245,1,6215.91,0.03,6029.43
ITEM0006593,ORD003161,PROD00257,1,1769.89,0.0,1769.89
ITEM0006594,ORD003162,PROD00041,4,3958.75,0.0,15835.0
ITEM0006595,ORD003163,PROD00214,1,8107.58,0.0,8107.58
ITEM0006596,ORD003163,PROD00249,1,4279.09,0.0,4279.09
ITEM0006597,ORD003164,PROD00274,1,5633.46,0.0,5633.46
ITEM0006598,ORD003165,PROD00016,1,6005.27,0.0,6005.27
ITEM0006599,ORD003165,PROD00290,1,1195.14,0.3,836.6
ITEM0006600,ORD003165,PROD00109,4,7944.57,0.0,31778.28
ITEM0006601,ORD003166,PROD00082,1,3992.96,0.0,3992.96
ITEM0006602,ORD003167,PROD00269,3,2135.25,0.0,6405.75
ITEM0006603,ORD003167,PROD00036,1,7308.78,0.0,7308.78
ITEM0006604,ORD003168,PROD00224,1,8522.29,0.0,8522.29
ITEM0006605,ORD003169,PROD00257,1,2087.26,0.0,2087.26
ITEM0006606,ORD003170,PROD00197,2,8766.75,0.0,17533.5
ITEM0006607,ORD003171,PROD00258,1,5858.08,0.0,5858.08
ITEM0006608,ORD003172,PROD00133,2,7313.64,0.0,14627.28
ITEM0006609,ORD003173,PROD00273,3,4432.81,0.16,11170.68
ITEM0006610,ORD003173,PROD00235,1,1155.59,0.0,1155.59
ITEM0006611,ORD003174,PROD00039,4,6419.63,0.22,20029.25
ITEM0006612,ORD003175,PROD00020,1,7970.85,0.0,7970.85
ITEM0006613,ORD003176,PROD00069,3,1529.5,0.14,3946.1
ITEM0006614,ORD003177,PROD00066,1,899.86,0.0,899.86
ITEM0006615,ORD003178,PROD00259,4,1489.83,0.13,5184.61
ITEM0006616,ORD003178,PROD00020,2,7970.85,0.0,15941.7
ITEM0006617,ORD003179,PROD00189,2,7636.65,0.06,14356.9
ITEM0006618,ORD003179,PROD00152,2,1231.99,0.0,2463.98
ITEM0006619,ORD003180,PROD00086,2,5791.83,0.0,11583.66
ITEM0006620,ORD003180,PROD00292,1,5910.44,0.0,5910.44
ITEM0006621,ORD003180,PROD00065,1,6570.64,0.0,6570.64
ITEM0006622,ORD003180,PROD00126,1,10802.22,0.0,10802.22
ITEM0006623,ORD003180,PROD00276,4,8701.77,0.08,32022.51
ITEM0006624,ORD003181,PROD00148,2,3870.28,0.0,7740.56
ITEM0006625,ORD003181,PROD00069,1,1342.15,0.0,1342.15
ITEM0006626,ORD003182,PROD00238,4,7201.82,0.09,26214.62
ITEM0006627,ORD003182,PROD00262,2,1460.84,0.0,2921.68
ITEM0006628,ORD003183,PROD00066,1,899.86,0.0,899.86
ITEM0006629,ORD003183,PROD00136,4,621.23,0.0,2484.92
ITEM0006630,ORD003183,PROD00149,1,832.87,0.29,591.34
ITEM0006631,ORD003184,PROD00029,2,5799.72,0.11,10323.5
ITEM0006632,ORD003185,PROD00146,1,504.1,0.0,504.1
ITEM0006633,ORD003186,PROD00191,1,4249.81,0.0,4249.81
ITEM0006634,ORD003186,PROD00197,3,8766.75,0.0,26300.25
ITEM0006635,ORD003186,PROD00083,1,9425.24,0.0,9425.24
ITEM0006636,ORD003187,PROD00045,1,4706.05,0.0,4706.05
ITEM0006637,ORD003187,PROD00092,3,1552.76,0.0,4658.28
ITEM0006638,ORD003187,PROD00074,1,9420.21,0.0,9420.21
ITEM0006639,ORD003188,PROD00297,1,10930.45,0.0,10930.45
ITEM0006640,ORD003189,PROD00259,2,1489.83,0.08,2741.29
ITEM0006641,ORD003190,PROD00169,1,5358.09,0.05,5090.19
ITEM0006642,ORD003190,PROD00002,4,231.58,0.24,704.0
ITEM0006643,ORD003191,PROD00229,3,726.54,0.0,2179.62
ITEM0006644,ORD003192,PROD00002,3,231.58,0.0,694.74
ITEM0006645,ORD003192,PROD00119,3,9197.85,0.0,27593.55
ITEM0006646,ORD003193,PROD00121,3,11305.27,0.0,33915.81
ITEM0006647,ORD003194,PROD00162,1,3555.3,0.0,3555.3
ITEM0006648,ORD003194,PROD00002,1,231.58,0.0,231.58
ITEM0006649,ORD003195,PROD00085,1,1960.53,0.0,1960.53
ITEM0006650,ORD003195,PROD00139,4,5962.8,0.27,17411.38
ITEM0006651,ORD003195,PROD00206,2,8632.13,0.0,17264.26
ITEM0006652,ORD003195,PROD00176,1,5492.71,0.0,5492.71
ITEM0006653,ORD003196,PROD00119,1,9197.85,0.0,9197.85
ITEM0006654,ORD003196,PROD00164,2,5504.82,0.11,9798.58
ITEM0006655,ORD003197,PROD00185,1,2719.98,0.0,2719.98
ITEM0006656,ORD003198,PROD00192,3,5116.05,0.21,12125.04
ITEM0006657,ORD003198,PROD00190,1,3528.69,0.1,3175.82
ITEM0006658,ORD003199,PROD00257,1,2031.82,0.13,1767.68
ITEM0006659,ORD003199,PROD00246,2,8011.14,0.29,11375.82
ITEM0006660,ORD003199,PROD00288,1,2790.22,0.0,2790.22
ITEM0006661,ORD003199,PROD00284,1,1981.58,0.28,1426.74
ITEM0006662,ORD003199,PROD00084,1,7622.23,0.0,7622.23
ITEM0006663,ORD003200,PROD00047,1,1589.57,0.0,1589.57
ITEM0006664,ORD003201,PROD00103,4,9136.07,0.0,36544.28
ITEM0006665,ORD003201,PROD00217,1,260.84,0.25,195.63
ITEM0006666,ORD003201,PROD00177,1,5446.6,0.2,4357.28
ITEM0006667,ORD003202,PROD00297,2,10930.45,0.0,21860.9
ITEM0006668,ORD003202,PROD00238,2,7201.82,0.0,14403.64
ITEM0006669,ORD003202,PROD00042,1,8235.83,0.0,8235.83
ITEM0006670,ORD003203,PROD00285,2,2757.81,0.0,5515.62
ITEM0006671,ORD003203,PROD00177,1,5446.6,0.26,4030.48
ITEM0006672,ORD003204,PROD00217,1,260.84,0.0,260.84
ITEM0006673,ORD003205,PROD00134,1,1127.73,0.0,1127.73
ITEM0006674,ORD003205,PROD00249,2,4279.09,0.0,8558.18
ITEM0006675,ORD003205,PROD00143,1,1075.34,0.0,1075.34
ITEM0006676,ORD003205,PROD00046,1,8988.77,0.25,6741.58
ITEM0006677,ORD003206,PROD00034,1,2533.01,0.15,2153.06
ITEM0006678,ORD003206,PROD00175,1,8513.93,0.0,8513.93
ITEM0006679,ORD003207,PROD00115,2,3250.57,0.0,6501.14
ITEM0006680,ORD003207,PROD00129,1,2500.46,0.15,2125.39
ITEM0006681,ORD003207,PROD00204,1,3352.35,0.0,3352.35
ITEM0006682,ORD003207,PROD00170,2,276.31,0.0,552.62
ITEM0006683,ORD003208,PROD00227,2,3250.8,0.0,6501.6
ITEM0006684,ORD003208,PROD00005,1,246.43,0.0,246.43
ITEM0006685,ORD003209,PROD00036,-1,7308.78,0.26,-5408.5
ITEM0006686,ORD003209,PROD00289,1,3097.21,0.0,3097.21
ITEM0006687,ORD003209,PROD00054,4,5941.63,0.0,23766.52
ITEM0006688,ORD003210,PROD00251,1,3365.3,0.0,3365.3
ITEM0006689,ORD003210,PROD00059,1,11784.91,0.02,11549.21
ITEM0006690,ORD003211,PROD00092,1,1552.76,0.0,1552.76
ITEM0006691,ORD003211,PROD00185,1,2719.98,0.0,2719.98
ITEM0006692,ORD003211,PROD00274,3,5633.46,0.0,16900.38
ITEM0006693,ORD003212,PROD00100,1,8661.69,0.0,8661.69
ITEM0006694,ORD003212,PROD00220,1,6168.69,0.18,5058.33
ITEM0006695,ORD003213,PROD00255,2,7383.63,0.0,14767.26
ITEM0006696,ORD003214,PROD00024,3,10115.71,0.0,30347.13
ITEM0006697,ORD003214,PROD00123,1,2950.23,0.0,2950.23
ITEM0006698,ORD003214,PROD00244,1,4549.33,0.23,3502.98
ITEM0006699,ORD003214,PROD00072,2,6999.91,0.0,13999.82
ITEM0006700,ORD003215,PROD00177,1,5446.6,0.0,5446.6
ITEM0006701,ORD003215,PROD00242,1,2496.43,0.02,2446.5
ITEM0006702,ORD003216,PROD00006,1,8153.69,0.0,8153.69
ITEM0006703,ORD003216,PROD00111,1,5596.44,0.06,5260.65
ITEM0006704,ORD003217,PROD00137,1,5635.51,0.0,5635.51
ITEM0006705,ORD003217,PROD00207,3,6547.46,0.17,16303.18
ITEM0006706,ORD003218,PROD00181,1,2887.17,0.05,2742.81
ITEM0006707,ORD003219,PROD00262,4,1460.84,0.17,4849.99
ITEM0006708,ORD003220,PROD00082,1,3992.96,0.0,3992.96
ITEM0006709,ORD003221,PROD00053,1,7229.99,0.0,7229.99
ITEM0006710,ORD003221,PROD00170,3,1717.77,0.28,3710.38
ITEM0006711,ORD003222,PROD00133,1,7313.64,0.0,7313.64
ITEM0006712,ORD003223,PROD00137,1,5635.51,0.0,5635.51
ITEM0006713,ORD003223,PROD00010,1,2259.53,0.0,2259.53
ITEM0006714,ORD003224,PROD00203,1,477.27,0.21,377.04
ITEM0006715,ORD003225,PROD00138,1,10725.29,0.17,8901.99
ITEM0006716,ORD003225,PROD00111,2,5596.44,0.0,11192.88
ITEM0006717,ORD003225,PROD00094,1,6449.58,0.0,6449.58
ITEM0006718,ORD003225,PROD00286,3,945.94,0.25,2128.37
ITEM0006719,ORD003225,PROD00073,2,9071.35,0.0,18142.7
ITEM0006720,ORD003226,PROD00086,1,5791.83,0.02,5675.99
ITEM0006721,ORD003227,PROD00063,4,1083.33,0.0,4333.32
ITEM0006722,ORD003227,PROD00117,2,498.3,0.0,996.6
ITEM0006723,ORD003228,PROD00113,1,3472.93,0.16,2917.26
ITEM0006724,ORD003228,PROD00210,1,6680.3,0.0,6680.3
ITEM0006725,ORD003229,PROD00107,1,6282.37,0.0,6282.37
ITEM0006726,ORD003229,PROD00056,1,6326.27,0.06,5946.69
ITEM0006727,ORD003230,PROD00189,1,7636.65,0.0,7636.65
ITEM0006728,ORD003231,PROD00281,1,7979.23,0.0,7979.23
ITEM0006729,ORD003231,PROD00267,1,3457.61,0.14,2973.54
ITEM0006730,ORD003232,PROD00107,3,6282.37,0.0,18847.11
ITEM0006731,ORD003232,PROD00050,4,5338.68,0.2,17083.78
ITEM0006732,ORD003233,PROD00067,3,996.38,0.0,2989.14
ITEM0006733,ORD003234,PROD00080,3,862.91,0.0,2588.73
ITEM0006734,ORD003235,PROD00052,3,1689.78,0.0,5069.34
ITEM0006735,ORD003235,PROD00258,1,5858.08,0.0,5858.08
ITEM0006736,ORD003235,PROD00045,4,4706.05,0.18,15435.84
ITEM0006737,ORD003236,PROD00151,1,5518.05,0.0,5518.05
ITEM0006738,ORD003237,PROD00220,4,6168.69,0.0,24674.76
ITEM0006739,ORD003238,PROD00190,1,3528.69,0.0,3528.69
ITEM0006740,ORD003238,PROD00279,2,7168.01,0.0,14336.02
ITEM0006741,ORD003238,PROD00242,1,2496.43,0.0,2496.43
ITEM0006742,ORD003239,PROD00123,3,2950.23,0.0,8850.69
ITEM0006743,ORD003239,PROD00209,3,3816.19,0.0,11448.57
ITEM0006744,ORD003240,PROD00071,2,534.87,0.0,1069.74
ITEM0006745,ORD003240,PROD00108,1,7407.37,0.17,6148.12
ITEM0006746,ORD003240,PROD00197,1,8766.75,0.0,8766.75
ITEM0006747,ORD003241,PROD00145,1,5845.69,0.0,5845.69
ITEM0006748,ORD003241,PROD00037,2,5435.74,0.0,10871.48
ITEM0006749,ORD003242,PROD00174,1,4285.14,0.0,4285.14
ITEM0006750,ORD003242,PROD00006,2,8153.69,0.0,16307.38
ITEM0006751,ORD003243,PROD00113,1,3472.93,0.0,3472.93
ITEM0006752,ORD003243,PROD00015,2,5418.41,0.0,10836.82
ITEM0006753,ORD003244,PROD00143,1,1075.34,0.0,1075.34
ITEM0006754,ORD003244,PROD00111,1,5596.44,0.0,5596.44
ITEM0006755,ORD003245,PROD00033,2,1942.09,0.0,3884.18
ITEM0006756,ORD003245,PROD00248,1,10128.22,0.0,10128.22
ITEM0006757,ORD003246,PROD00089,1,781.78,0.0,781.78
ITEM0006758,ORD003246,PROD00006,2,8153.69,0.0,16307.38
ITEM0006759,ORD003247,PROD00238,2,7201.82,0.0,14403.64
ITEM0006760,ORD003247,PROD00259,1,1489.83,0.0,1489.83
ITEM0006761,ORD003247,PROD00275,3,5765.78,0.0,17297.34
ITEM0006762,ORD003247,PROD00141,1,4481.31,0.0,4481.31
ITEM0006763,ORD003248,PROD00084,1,7622.23,0.0,7622.23
ITEM0006764,ORD003248,PROD00094,4,6449.58,0.02,25282.35
ITEM0006765,ORD003248,PROD00293,2,5361.88,0.0,10723.76
ITEM0006766,ORD003249,PROD00189,3,7636.65,0.0,22909.95
ITEM0006767,ORD003249,PROD00252,1,910.14,0.23,700.81
ITEM0006768,ORD003249,PROD00145,1,5845.69,0.0,5845.69
ITEM0006769,ORD003250,PROD00225,2,6042.7,0.0,12085.4
ITEM0006770,ORD003250,PROD00221,3,901.85,0.0,2705.55
ITEM0006771,ORD003251,PROD00197,1,8766.75,0.0,8766.75
ITEM0006772,ORD003252,PROD00165,2,1721.94,0.0,3443.88
ITEM0006773,ORD003252,PROD00179,1,6055.62,0.01,5995.06
ITEM0006774,ORD003252,PROD00186,3,1445.96,0.0,4337.88
ITEM0006775,ORD003253,PROD00104,2,2043.03,0.19,3309.71
ITEM0006776,ORD003253,PROD00120,3,1288.16,0.0,3864.48
ITEM0006777,ORD003254,PROD00063,2,1083.33,0.19,1754.99
ITEM0006778,ORD003254,PROD00193,1,9202.76,0.07,8558.57
ITEM0006779,ORD003255,PROD00255,1,7383.63,0.0,7383.63
ITEM0006780,ORD003255,PROD00020,1,7970.85,0.0,7970.85
ITEM0006781,ORD003256,PROD00240,2,4510.78,0.0,9021.56
ITEM0006782,ORD003256,PROD00259,2,1489.83,0.22,2324.13
ITEM0006783,ORD003257,PROD00282,1,3504.39,0.0,3504.39
ITEM0006784,ORD003257,PROD00197,2,8766.75,0.29,12448.78
ITEM0006785,ORD003258,PROD00169,3,5358.09,0.0,16074.27
ITEM0006786,ORD003259,PROD00136,1,621.23,0.0,621.23
ITEM0006787,ORD003259,PROD00018,3,2803.77,0.0,8411.31
ITEM0006788,ORD003260,PROD00263,3,4979.64,0.0,14938.92
ITEM0006789,ORD003260,PROD00235,3,1155.59,0.0,3466.77
ITEM0006790,ORD003260,PROD00176,3,5492.71,0.0,16478.13
ITEM0006791,ORD003260,PROD00215,2,379.53,0.03,736.29
ITEM0006792,ORD003261,PROD00273,1,4432.81,0.0,4432.81
ITEM0006793,ORD003261,PROD00237,1,8123.36,0.28,5848.82
ITEM0006794,ORD003262,PROD00245,2,6215.91,0.02,12183.18
ITEM0006795,ORD003262,PROD00056,3,6326.27,0.0,18978.81
ITEM0006796,ORD003263,PROD00202,1,1016.59,0.27,742.11
ITEM0006797,ORD003264,PROD00059,4,11784.91,0.0,47139.64
ITEM0006798,ORD003265,PROD00069,1,269.57,0.28,194.09
ITEM0006799,ORD003266,PROD00097,1,1492.36,0.18,1223.74
ITEM0006800,ORD003266,PROD00250,3,4610.44,0.07,12863.13
ITEM0006801,ORD003267,PROD00114,2,2295.26,0.0,4590.52
ITEM0006802,ORD003268,PROD00105,1,3095.41,0.0,3095.41
ITEM0006803,ORD003269,PROD00005,1,246.43,0.04,236.57
ITEM0006804,ORD003270,PROD00271,1,439.58,0.0,439.58
ITEM0006805,ORD003270,PROD00263,1,4979.64,0.0,4979.64
ITEM0006806,ORD003270,PROD00223,2,2430.88,0.0,4861.76
ITEM0006807,ORD003270,PROD00008,3,5338.8,0.0,16016.4
ITEM0006808,ORD003270,PROD00298,1,5321.16,0.08,4895.47
ITEM0006809,ORD003271,PROD00286,1,945.94,0.27,690.54
ITEM0006810,ORD003271,PROD00222,2,3002.04,0.04,5763.92
ITEM0006811,ORD003272,PROD00252,1,910.14,0.1,819.13
ITEM0006812,ORD003272,PROD00097,2,1492.36,0.0,2984.72
ITEM0006813,ORD003272,PROD00228,1,1263.16,0.0,1263.16
ITEM0006814,ORD003273,PROD00019,3,2406.67,0.16,6064.81
ITEM0006815,ORD003273,PROD00102,1,6509.4,0.0,6509.4
ITEM0006816,ORD003274,PROD00117,1,498.3,0.16,418.57
ITEM0006817,ORD003275,PROD00091,4,1302.09,0.0,5208.36
ITEM0006818,ORD003275,PROD00162,4,3555.3,0.09,12941.29
ITEM0006819,ORD003276,PROD00286,2,945.94,0.0,1891.88
ITEM0006820,ORD003277,PROD00120,1,1288.16,0.02,1262.4
ITEM0006821,ORD003277,PROD00189,1,7636.65,0.0,7636.65
ITEM0006822,ORD003277,PROD00283,1,7427.34,0.0,7427.34
ITEM0006823,ORD003277,PROD00099,4,6088.4,0.0,24353.6
ITEM0006824,ORD003278,PROD00008,1,5338.8,0.08,4911.7
ITEM0006825,ORD003279,PROD00086,1,5791.83,0.0,5791.83
ITEM0006826,ORD003280,PROD00007,2,7518.69,0.22,11729.16
ITEM0006827,ORD003280,PROD00281,2,7979.23,0.07,14841.37
ITEM0006828,ORD003280,PROD00174,1,4285.14,0.0,4285.14
ITEM0006829,ORD003281,PROD00071,1,534.87,0.0,534.87
ITEM0006830,ORD003281,PROD00223,2,2430.88,0.0,4861.76
ITEM0006831,ORD003281,PROD00215,1,379.53,0.0,379.53
ITEM0006832,ORD003281,PROD00001,2,9272.65,0.0,18545.3
ITEM0006833,ORD003282,PROD00011,2,2615.05,0.16,4393.28
ITEM0006834,ORD003282,PROD00031,1,4066.81,0.0,4066.81
ITEM0006835,ORD003283,PROD00046,1,8988.77,0.0,8988.77
ITEM0006836,ORD003284,PROD00287,3,6559.01,0.0,19677.03
ITEM0006837,ORD003284,PROD00002,1,231.58,0.25,173.68
ITEM0006838,ORD003284,PROD00262,1,1460.84,0.0,1460.84
ITEM0006839,ORD003284,PROD00239,1,467.33,0.13,406.58
ITEM0006840,ORD003284,PROD00029,2,5799.72,0.27,8467.59
ITEM0006841,ORD003285,PROD00072,1,6999.91,0.27,5109.93
ITEM0006842,ORD003286,PROD00247,1,7341.91,0.0,7341.91
ITEM0006843,ORD003287,PROD00155,1,1532.82,0.28,1103.63
ITEM0006844,ORD003288,PROD00282,2,3504.39,0.21,5536.94
ITEM0006845,ORD003289,PROD00192,3,5116.05,0.1,13813.34
ITEM0006846,ORD003290,PROD00110,1,7163.14,0.3,5014.2
ITEM0006847,ORD003290,PROD00201,1,3944.29,0.0,3944.29
ITEM0006848,ORD003291,PROD00137,1,5635.51,0.25,4226.63
ITEM0006849,ORD003292,PROD00150,1,290.6,0.29,206.33
ITEM0006850,ORD003293,PROD00032,2,301.12,0.22,469.75
ITEM0006851,ORD003293,PROD00024,1,10115.71,0.0,10115.71
ITEM0006852,ORD003294,PROD00111,3,5596.44,0.0,16789.32
ITEM0006853,ORD003295,PROD00137,2,5635.51,0.0,11271.02
ITEM0006854,ORD003296,PROD00039,1,6419.63,0.23,4943.12
ITEM0006855,ORD003296,PROD00063,2,1083.33,0.08,1993.33
ITEM0006856,ORD003297,PROD00264,1,8008.38,0.0,8008.38
ITEM0006857,ORD003297,PROD00124,1,2025.14,0.0,2025.14
ITEM0006858,ORD003298,PROD00297,1,10930.45,0.2,8744.36
ITEM0006859,ORD003298,PROD00254,1,3623.42,0.12,3188.61
ITEM0006860,ORD003299,PROD00268,2,852.32,0.0,1704.64
ITEM0006861,ORD003299,PROD00096,1,4639.15,0.06,4360.8
ITEM0006862,ORD003299,PROD00134,1,1127.73,0.0,1127.73
ITEM0006863,ORD003300,PROD00102,2,6509.4,0.0,13018.8
ITEM0006864,ORD003301,PROD00185,3,2719.98,0.0,8159.94
ITEM0006865,ORD003302,PROD00164,1,5504.82,0.0,5504.82
ITEM0006866,ORD003303,PROD00284,1,1981.58,0.0,1981.58
ITEM0006867,ORD003304,PROD00201,2,3944.29,0.22,6153.09
ITEM0006868,ORD003304,PROD00220,1,6168.69,0.0,6168.69
ITEM0006869,ORD003304,PROD00286,3,945.94,0.09,2582.42
ITEM0006870,ORD003304,PROD00020,2,7970.85,0.18,13072.19
ITEM0006871,ORD003305,PROD00289,1,3097.21,0.16,2601.66
ITEM0006872,ORD003305,PROD00150,1,290.6,0.0,290.6
ITEM0006873,ORD003305,PROD00283,2,7427.34,0.16,12477.93
ITEM0006874,ORD003305,PROD00080,1,862.91,0.15,733.47
ITEM0006875,ORD003305,PROD00204,2,3352.35,0.0,6704.7
ITEM0006876,ORD003306,PROD00286,1,945.94,0.0,945.94
ITEM0006877,ORD003306,PROD00168,1,5760.76,0.24,4378.18
ITEM0006878,ORD003306,PROD00100,1,8661.69,0.0,8661.69
ITEM0006879,ORD003307,PROD00260,1,8617.38,0.0,8617.38
ITEM0006880,ORD003308,PROD00121,2,11305.27,0.18,18540.64
ITEM0006881,ORD003308,PROD00211,1,1624.33,0.28,1169.52
ITEM0006882,ORD003309,PROD00054,1,5941.63,0.0,5941.63
ITEM0006883,ORD003309,PROD00189,1,7636.65,0.0,7636.65
ITEM0006884,ORD003309,PROD00218,2,6300.23,0.0,12600.46
ITEM0006885,ORD003309,PROD00135,4,2086.2,0.03,8094.46
ITEM0006886,ORD003310,PROD00010,1,2259.53,0.0,2259.53
ITEM0006887,ORD003310,PROD00182,1,3616.25,0.28,2603.7
ITEM0006888,ORD003311,PROD00169,1,5358.09,0.0,5358.09
ITEM0006889,ORD003311,PROD00048,1,1926.71,0.0,1926.71
ITEM0006890,ORD003312,PROD00100,1,8661.69,0.0,8661.69
ITEM0006891,ORD003312,PROD00245,1,6215.91,0.14,5345.68
ITEM0006892,ORD003312,PROD00032,1,301.12,0.0,301.12
ITEM0006893,ORD003312,PROD00057,1,4595.24,0.09,4181.67
ITEM0006894,ORD003313,PROD00234,1,9552.76,0.0,9552.76
ITEM0006895,ORD003313,PROD00198,4,1516.26,0.0,6065.04
ITEM0006896,ORD003313,PROD00285,2,2757.81,0.0,5515.62
ITEM0006897,ORD003313,PROD00034,2,2533.01,0.0,5066.02
ITEM0006898,ORD003313,PROD00173,1,2903.29,0.0,2903.29
ITEM0006899,ORD003314,PROD00166,2,7134.8,0.17,11843.77
ITEM0006900,ORD003314,PROD00091,2,1302.09,0.0,2604.18
ITEM0006901,ORD003314,PROD00161,2,2894.21,0.0,5788.42
ITEM0006902,ORD003314,PROD00054,1,5941.63,0.2,4753.3
ITEM0006903,ORD003315,PROD00114,2,2295.26,0.0,4590.52
ITEM0006904,ORD003316,PROD00128,1,4199.76,0.0,4199.76
ITEM0006905,ORD003316,PROD00088,3,4559.98,0.0,13679.94
ITEM0006906,ORD003316,PROD00104,1,2043.03,0.19,1654.85
ITEM0006907,ORD003316,PROD00263,2,4979.64,0.0,9959.28
ITEM0006908,ORD003316,PROD00118,1,8273.55,0.0,8273.55
ITEM0006909,ORD003317,PROD00211,1,1624.33,0.0,1624.33
ITEM0006910,ORD003317,PROD00136,1,621.23,0.0,621.23
ITEM0006911,ORD003318,PROD00035,1,2576.9,0.0,2576.9
ITEM0006912,ORD003319,PROD00057,1,4595.24,0.09,4181.67
ITEM0006913,ORD003320,PROD00002,1,231.58,0.0,231.58
ITEM0006914,ORD003320,PROD00109,2,7944.57,0.0,15889.14
ITEM0006915,ORD003321,PROD00159,1,198.83,0.0,198.83
ITEM0006916,ORD003322,PROD00300,2,1343.36,0.0,2686.72
ITEM0006917,ORD003322,PROD00017,1,9163.85,0.0,9163.85
ITEM0006918,ORD003323,PROD00096,2,4639.15,0.0,9278.3
ITEM0006919,ORD003323,PROD00102,1,6509.4,0.0,6509.4
ITEM0006920,ORD003323,PROD00251,1,3365.3,0.21,2658.59
ITEM0006921,ORD003323,PROD00232,1,3144.6,0.0,3144.6
ITEM0006922,ORD003323,PROD00166,2,7134.8,0.0,14269.6
ITEM0006923,ORD003324,PROD00193,2,9202.76,0.0,18405.52
ITEM0006924,ORD003325,PROD00055,1,2678.2,0.0,2678.2
ITEM0006925,ORD003325,PROD00210,1,6680.3,0.21,5277.44
ITEM0006926,ORD003326,PROD00020,1,7970.85,0.0,7970.85
ITEM0006927,ORD003326,PROD00170,1,2667.87,0.0,2667.87
ITEM0006928,ORD003326,PROD00120,1,1288.16,0.0,1288.16
ITEM0006929,ORD003327,PROD00139,1,5962.8,0.0,5962.8
ITEM0006930,ORD003327,PROD00047,1,1589.57,0.0,1589.57
ITEM0006931,ORD003327,PROD00006,1,8153.69,0.06,7664.47
ITEM0006932,ORD003327,PROD00146,2,504.1,0.0,1008.2
ITEM0006933,ORD003327,PROD00218,4,6300.23,0.0,25200.92
ITEM0006934,ORD003328,PROD00131,1,576.16,0.24,437.88
ITEM0006935,ORD003329,PROD00203,2,477.27,0.23,735.0
ITEM0006936,ORD003329,PROD00273,1,4432.81,0.0,4432.81
ITEM0006937,ORD003329,PROD00240,1,4510.78,0.0,4510.78
ITEM0006938,ORD003329,PROD00003,1,2902.0,0.0,2902.0
ITEM0006939,ORD003329,PROD00263,1,4979.64,0.0,4979.64
ITEM0006940,ORD003330,PROD00137,1,5635.51,0.0,5635.51
ITEM0006941,ORD003331,PROD00145,3,5845.69,0.15,14906.51
ITEM0006942,ORD003331,PROD00090,1,494.65,0.14,425.4
ITEM0006943,ORD003331,PROD00208,1,4099.5,0.14,3525.57
ITEM0006944,ORD003331,PROD00001,3,9272.65,0.0,27817.95
ITEM0006945,ORD003332,PROD00290,1,1195.14,0.18,980.01
ITEM0006946,ORD003332,PROD00215,1,379.53,0.09,345.37
ITEM0006947,ORD003333,PROD00012,2,7089.43,0.0,14178.86
ITEM0006948,ORD003334,PROD00053,2,7229.99,0.0,14459.98
ITEM0006949,ORD003334,PROD00107,1,6282.37,0.0,6282.37
ITEM0006950,ORD003334,PROD00011,2,2615.05,0.23,4027.18
ITEM0006951,ORD003334,PROD00224,2,8522.29,0.09,15510.57
ITEM0006952,ORD003335,PROD00067,1,996.38,0.0,996.38
ITEM0006953,ORD003335,PROD00275,1,5765.78,0.0,5765.78
ITEM0006954,ORD003336,PROD00151,1,5518.05,0.18,4524.8
ITEM0006955,ORD003336,PROD00219,1,344.65,0.21,272.27
ITEM0006956,ORD003337,PROD00010,1,2259.53,0.0,2259.53
ITEM0006957,ORD003337,PROD00219,2,344.65,0.2,551.44
ITEM0006958,ORD003338,PROD00029,1,5799.72,0.0,5799.72
ITEM0006959,ORD003338,PROD00114,2,2295.26,0.0,4590.52
ITEM0006960,ORD003339,PROD00029,1,5799.72,0.24,4407.79
ITEM0006961,ORD003339,PROD00185,2,2719.98,0.0,5439.96
ITEM0006962,ORD003340,PROD00228,3,1263.16,0.0,3789.48
ITEM0006963,ORD003340,PROD00123,1,2950.23,0.0,2950.23
ITEM0006964,ORD003340,PROD00059,2,11784.91,0.0,23569.82
ITEM0006965,ORD003340,PROD00103,2,9136.07,0.16,15348.6
ITEM0006966,ORD003341,PROD00299,1,10649.19,0.0,10649.19
ITEM0006967,ORD003341,PROD00131,2,576.16,0.0,1152.32
ITEM0006968,ORD003341,PROD00193,4,9202.76,0.07,34234.27
ITEM0006969,ORD003342,PROD00026,1,992.19,0.0,992.19
ITEM0006970,ORD003342,PROD00245,1,6215.91,0.0,6215.91
ITEM0006971,ORD003343,PROD00182,1,3616.25,0.0,3616.25
ITEM0006972,ORD003343,PROD00251,2,3365.3,0.0,6730.6
ITEM0006973,ORD003344,PROD00232,2,3144.6,0.0,6289.2
ITEM0006974,ORD003345,PROD00149,1,832.87,0.15,707.94
ITEM0006975,ORD003345,PROD00186,3,1445.96,0.0,4337.88
ITEM0006976,ORD003346,PROD00151,2,5518.05,0.0,11036.1
ITEM0006977,ORD003346,PROD00294,1,8182.59,0.03,7937.11
ITEM0006978,ORD003347,PROD00273,1,4432.81,0.0,4432.81
ITEM0006979,ORD003348,PROD00297,3,10930.45,0.07,30495.96
ITEM0006980,ORD003348,PROD00061,4,4205.57,0.0,16822.28
ITEM0006981,ORD003348,PROD00151,1,5518.05,0.0,5518.05
ITEM0006982,ORD003348,PROD00133,4,7313.64,0.0,29254.56
ITEM0006983,ORD003349,PROD00102,3,6509.4,0.0,19528.2
ITEM0006984,ORD003349,PROD00137,1,5635.51,0.0,5635.51
ITEM0006985,ORD003350,PROD00066,1,899.86,0.0,899.86
ITEM0006986,ORD003351,PROD00030,2,4937.89,0.0,9875.78
ITEM0006987,ORD003352,PROD00015,1,5418.41,0.09,4930.75
ITEM0006988,ORD003353,PROD00044,2,5424.36,0.0,10848.72
ITEM0006989,ORD003354,PROD00131,1,576.16,0.0,576.16
ITEM0006990,ORD003355,PROD00134,1,1127.73,0.0,1127.73
ITEM0006991,ORD003355,PROD00222,1,3002.04,0.25,2251.53
ITEM0006992,ORD003355,PROD00109,1,7944.57,0.0,7944.57
ITEM0006993,ORD003355,PROD00116,2,3835.95,0.0,7671.9
ITEM0006994,ORD003355,PROD00137,1,5635.51,0.0,5635.51
ITEM0006995,ORD003356,PROD00165,2,1721.94,0.0,3443.88
ITEM0006996,ORD003357,PROD00073,1,9071.35,0.16,7619.93
ITEM0006997,ORD003358,PROD00204,1,3352.35,0.13,2916.54
ITEM0006998,ORD003358,PROD00066,4,899.86,0.0,3599.44
ITEM0006999,ORD003359,PROD00070,2,6693.56,0.0,13387.12
ITEM0007000,ORD003360,PROD00248,2,10128.22,0.0,20256.44
ITEM0007001,ORD003360,PROD00292,1,5910.44,0.0,5910.44
ITEM0007002,ORD003361,PROD00029,2,5799.72,0.21,9163.56
ITEM0007003,ORD003361,PROD00267,1,3457.61,0.0,3457.61
ITEM0007004,ORD003361,PROD00295,1,895.09,0.29,635.51
ITEM0007005,ORD003362,PROD00260,2,8617.38,0.0,17234.76
ITEM0007006,ORD003363,PROD00085,3,1960.53,0.0,5881.59
ITEM0007007,ORD003364,PROD00252,1,910.14,0.0,910.14
ITEM0007008,ORD003364,PROD00099,1,6088.4,0.0,6088.4
ITEM0007009,ORD003364,PROD00244,1,4549.33,0.0,4549.33
ITEM0007010,ORD003365,PROD00202,1,1016.59,0.0,1016.59
ITEM0007011,ORD003365,PROD00283,2,7427.34,0.0,14854.68
ITEM0007012,ORD003366,PROD00272,1,7587.4,0.0,7587.4
ITEM0007013,ORD003367,PROD00228,1,1263.16,0.0,1263.16
ITEM0007014,ORD003368,PROD00220,3,6168.69,0.0,18506.07
ITEM0007015,ORD003368,PROD00153,3,4010.2,0.0,12030.6
ITEM0007016,ORD003368,PROD00091,1,1302.09,0.17,1080.73
ITEM0007017,ORD003369,PROD00133,4,7313.64,0.0,29254.56
ITEM0007018,ORD003369,PROD00228,1,1263.16,0.0,1263.16
ITEM0007019,ORD003369,PROD00235,1,1155.59,0.0,1155.59
ITEM0007020,ORD003370,PROD00041,2,3958.75,0.19,6413.18
ITEM0007021,ORD003371,PROD00019,2,2406.67,0.0,4813.34
ITEM0007022,ORD003372,PROD00121,3,11305.27,0.16,28489.28
ITEM0007023,ORD003373,PROD00220,1,6168.69,0.0,6168.69
ITEM0007024,ORD003373,PROD00102,1,6509.4,0.14,5598.08
ITEM0007025,ORD003374,PROD00041,2,3958.75,0.05,7521.62
ITEM0007026,ORD003374,PROD00174,4,4285.14,0.0,17140.56
ITEM0007027,ORD003375,PROD00050,1,5338.68,0.0,5338.68
ITEM0007028,ORD003376,PROD00051,4,8693.03,0.0,34772.12
ITEM0007029,ORD003376,PROD00297,2,10930.45,0.25,16395.68
ITEM0007030,ORD003377,PROD00150,1,290.6,0.11,258.63
ITEM0007031,ORD003378,PROD00259,2,1489.83,0.0,2979.66
ITEM0007032,ORD003378,PROD00227,2,3250.8,0.01,6436.58
ITEM0007033,ORD003379,PROD00280,2,4625.83,0.0,9251.66
ITEM0007034,ORD003380,PROD00287,1,6559.01,0.0,6559.01
ITEM0007035,ORD003381,PROD00280,1,4625.83,0.2,3700.66
ITEM0007036,ORD003382,PROD00061,1,4205.57,0.0,4205.57
ITEM0007037,ORD003382,PROD00051,1,8693.03,0.0,8693.03
ITEM0007038,ORD003382,PROD00017,1,9163.85,0.1,8247.46
ITEM0007039,ORD003382,PROD00015,3,5418.41,0.23,12516.53
ITEM0007040,ORD003382,PROD00175,2,8513.93,0.0,17027.86
ITEM0007041,ORD003383,PROD00236,1,2661.51,0.0,2661.51
ITEM0007042,ORD003384,PROD00069,2,1451.02,0.0,2902.03
ITEM0007043,ORD003384,PROD00265,1,4207.25,0.02,4123.1
ITEM0007044,ORD003385,PROD00208,1,4099.5,0.0,4099.5
ITEM0007045,ORD003385,PROD00075,3,6662.95,0.2,15991.08
ITEM0007046,ORD003386,PROD00191,2,4249.81,0.0,8499.62
ITEM0007047,ORD003386,PROD00282,1,3504.39,0.21,2768.47
ITEM0007048,ORD003387,PROD00288,2,2790.22,0.0,5580.44
ITEM0007049,ORD003387,PROD00192,1,5116.05,0.0,5116.05
ITEM0007050,ORD003388,PROD00115,1,3250.57,0.0,3250.57
ITEM0007051,ORD003389,PROD00021,1,6443.82,0.26,4768.43
ITEM0007052,ORD003390,PROD00144,2,9953.38,0.02,19508.62
ITEM0007053,ORD003391,PROD00253,1,791.63,0.0,791.63
ITEM0007054,ORD003391,PROD00221,1,901.85,0.28,649.33
ITEM0007055,ORD003392,PROD00062,2,5673.89,0.0,11347.78
ITEM0007056,ORD003393,PROD00296,1,1188.71,0.0,1188.71
ITEM0007057,ORD003393,PROD00056,1,6326.27,0.07,5883.43
ITEM0007058,ORD003393,PROD00040,1,3631.49,0.15,3086.77
ITEM0007059,ORD003394,PROD00011,1,2615.05,0.0,2615.05
ITEM0007060,ORD003394,PROD00170,2,2429.01,0.0,4858.02
ITEM0007061,ORD003394,PROD00222,1,3002.04,0.0,3002.04
ITEM0007062,ORD003395,PROD00125,3,5694.29,0.0,17082.87
ITEM0007063,ORD003396,PROD00180,1,7030.69,0.2,5624.55
ITEM0007064,ORD003396,PROD00153,1,4010.2,0.0,4010.2
ITEM0007065,ORD003397,PROD00261,1,2154.14,0.0,2154.14
ITEM0007066,ORD003397,PROD00109,1,7944.57,0.0,7944.57
ITEM0007067,ORD003397,PROD00054,-2,5941.63,0.1,-10694.93
ITEM0007068,ORD003398,PROD00176,3,5492.71,0.23,12688.16
ITEM0007069,ORD003399,PROD00264,3,8008.38,0.24,18259.11
ITEM0007070,ORD003399,PROD00275,1,5765.78,0.0,5765.78
ITEM0007071,ORD003399,PROD00246,2,8011.14,0.15,13618.94
ITEM0007072,ORD003399,PROD00282,1,3504.39,0.09,3188.99
ITEM0007073,ORD003399,PROD00089,4,781.78,0.0,3127.12
ITEM0007074,ORD003400,PROD00205,3,6283.38,0.0,18850.14
ITEM0007075,ORD003400,PROD00172,3,734.93,0.0,2204.79
ITEM0007076,ORD003401,PROD00211,1,1624.33,0.0,1624.33
ITEM0007077,ORD003402,PROD00219,1,344.65,0.0,344.65
ITEM0007078,ORD003402,PROD00033,1,1942.09,0.23,1495.41
ITEM0007079,ORD003402,PROD00158,2,8138.6,0.0,16277.2
ITEM0007080,ORD003403,PROD00160,1,1750.19,0.15,1487.66
ITEM0007081,ORD003403,PROD00117,2,498.3,0.0,996.6
ITEM0007082,ORD003404,PROD00066,1,899.86,0.17,746.88
ITEM0007083,ORD003405,PROD00240,2,4510.78,0.0,9021.56
ITEM0007084,ORD003405,PROD00241,2,708.58,0.09,1289.61
ITEM0007085,ORD003406,PROD00012,1,7089.43,0.0,7089.43
ITEM0007086,ORD003406,PROD00032,-2,301.12,0.0,-602.24
ITEM0007087,ORD003406,PROD00275,1,5765.78,0.0,5765.78
ITEM0007088,ORD003407,PROD00153,2,4010.2,0.15,6817.34
ITEM0007089,ORD003408,PROD00056,2,6326.27,0.0,12652.54
ITEM0007090,ORD003408,PROD00103,1,9136.07,0.0,9136.07
ITEM0007091,ORD003409,PROD00213,3,9402.56,0.0,28207.68
ITEM0007092,ORD003409,PROD00190,1,3528.69,0.0,3528.69
ITEM0007093,ORD003409,PROD00186,1,1445.96,0.0,1445.96
ITEM0007094,ORD003410,PROD00065,-1,6570.64,0.0,-6570.64
ITEM0007095,ORD003410,PROD00187,4,6641.17,0.0,26564.68
ITEM0007096,ORD003411,PROD00045,1,4706.05,0.0,4706.05
ITEM0007097,ORD003411,PROD00289,1,3097.21,0.0,3097.21
ITEM0007098,ORD003412,PROD00210,1,6680.3,0.0,6680.3
ITEM0007099,ORD003413,PROD00151,1,5518.05,0.0,5518.05
ITEM0007100,ORD003413,PROD00163,1,2745.97,0.0,2745.97
ITEM0007101,ORD003413,PROD00192,2,5116.05,0.2,8185.68
ITEM0007102,ORD003414,PROD00016,2,6005.27,0.0,12010.54
ITEM0007103,ORD003415,PROD00194,2,535.55,0.26,792.61
ITEM0007104,ORD003415,PROD00194,1,535.55,0.0,535.55
ITEM0007105,ORD003416,PROD00013,1,10508.19,0.0,10508.19
ITEM0007106,ORD003417,PROD00113,2,3472.93,0.0,6945.86
ITEM0007107,ORD003417,PROD00120,2,1288.16,0.01,2550.56
ITEM0007108,ORD003418,PROD00057,2,4595.24,0.0,9190.48
ITEM0007109,ORD003419,PROD00276,1,8701.77,0.0,8701.77
ITEM0007110,ORD003420,PROD00272,1,7587.4,0.0,7587.4
ITEM0007111,ORD003420,PROD00263,1,4979.64,0.0,4979.64
ITEM0007112,ORD003421,PROD00045,1,4706.05,0.02,4611.93
ITEM0007113,ORD003421,PROD00099,2,6088.4,0.27,8889.06
ITEM0007114,ORD003422,PROD00293,1,5361.88,0.12,4718.45
ITEM0007115,ORD003423,PROD00131,1,576.16,0.2,460.93
ITEM0007116,ORD003424,PROD00155,1,1532.82,0.0,1532.82
ITEM0007117,ORD003424,PROD00211,1,1624.33,0.0,1624.33
ITEM0007118,ORD003425,PROD00107,2,6282.37,0.0,12564.74
ITEM0007119,ORD003425,PROD00046,3,8988.77,0.0,26966.31
ITEM0007120,ORD003425,PROD00237,1,8123.36,0.0,8123.36
ITEM0007121,ORD003425,PROD00157,1,2525.54,0.0,2525.54
ITEM0007122,ORD003425,PROD00206,1,8632.13,0.0,8632.13
ITEM0007123,ORD003426,PROD00159,1,198.83,0.0,198.83
ITEM0007124,ORD003427,PROD00249,1,4279.09,0.0,4279.09
ITEM0007125,ORD003428,PROD00253,4,791.63,0.0,3166.52
ITEM0007126,ORD003429,PROD00138,1,10725.29,0.0,10725.29
ITEM0007127,ORD003430,PROD00228,-3,1263.16,0.0,-3789.48
ITEM0007128,ORD003430,PROD00290,2,1195.14,0.05,2270.77
ITEM0007129,ORD003430,PROD00013,2,10508.19,0.0,21016.38
ITEM0007130,ORD003431,PROD00214,4,8107.58,0.0,32430.32
ITEM0007131,ORD003432,PROD00258,3,5858.08,0.0,17574.24
ITEM0007132,ORD003433,PROD00229,2,726.54,0.21,1147.93
ITEM0007133,ORD003433,PROD00120,3,1288.16,0.26,2859.72
ITEM0007134,ORD003433,PROD00184,2,1498.15,0.0,2996.3
ITEM0007135,ORD003434,PROD00111,2,5596.44,0.0,11192.88
ITEM0007136,ORD003435,PROD00012,2,7089.43,0.08,13044.55
ITEM0007137,ORD003436,PROD00276,1,8701.77,0.0,8701.77
ITEM0007138,ORD003436,PROD00014,1,1451.31,0.17,1204.59
ITEM0007139,ORD003437,PROD00171,1,546.18,0.02,535.26
ITEM0007140,ORD003437,PROD00240,4,4510.78,0.11,16058.38
ITEM0007141,ORD003438,PROD00271,2,439.58,0.14,756.08
ITEM0007142,ORD003439,PROD00081,1,2624.19,0.0,2624.19
ITEM0007143,ORD003439,PROD00254,1,3623.42,0.02,3550.95
ITEM0007144,ORD003440,PROD00149,1,832.87,0.21,657.97
ITEM0007145,ORD003441,PROD00038,4,1983.28,0.11,7060.48
ITEM0007146,ORD003441,PROD00163,1,2745.97,0.0,2745.97
ITEM0007147,ORD003441,PROD00225,2,6042.7,0.1,10876.86
ITEM0007148,ORD003442,PROD00063,3,1083.33,0.0,3249.99
ITEM0007149,ORD003442,PROD00195,1,9608.14,0.0,9608.14
ITEM0007150,ORD003442,PROD00107,1,6282.37,0.29,4460.48
ITEM0007151,ORD003442,PROD00156,1,1816.09,0.29,1289.42
ITEM0007152,ORD003443,PROD00300,2,1343.36,0.0,2686.72
ITEM0007153,ORD003443,PROD00211,1,1624.33,0.0,1624.33
ITEM0007154,ORD003444,PROD00240,1,4510.78,0.0,4510.78
ITEM0007155,ORD003445,PROD00007,1,7518.69,0.15,6390.89
ITEM0007156,ORD003445,PROD00218,1,6300.23,0.0,6300.23
ITEM0007157,ORD003446,PROD00247,1,7341.91,0.0,7341.91
ITEM0007158,ORD003446,PROD00002,1,231.58,0.02,226.95
ITEM0007159,ORD003446,PROD00247,1,7341.91,0.0,7341.91
ITEM0007160,ORD003446,PROD00242,1,2496.43,0.0,2496.43
ITEM0007161,ORD003446,PROD00093,2,3802.74,0.11,6768.88
ITEM0007162,ORD003447,PROD00149,3,832.87,0.01,2473.62
ITEM0007163,ORD003447,PROD00023,1,3506.84,0.3,2454.79
ITEM0007164,ORD003447,PROD00128,2,4199.76,0.0,8399.52
ITEM0007165,ORD003448,PROD00120,3,1288.16,0.08,3555.32
ITEM0007166,ORD003448,PROD00249,1,4279.09,0.0,4279.09
ITEM0007167,ORD003449,PROD00200,3,7131.42,0.09,19468.78
ITEM0007168,ORD003449,PROD00246,1,8011.14,0.0,8011.14
ITEM0007169,ORD003449,PROD00148,4,3870.28,0.0,15481.12
ITEM0007170,ORD003450,PROD00230,2,8026.94,0.0,16053.88
ITEM0007171,ORD003450,PROD00047,1,1589.57,0.0,1589.57
ITEM0007172,ORD003451,PROD00288,1,2790.22,0.0,2790.22
ITEM0007173,ORD003451,PROD00234,1,9552.76,0.0,9552.76
ITEM0007174,ORD003452,PROD00022,1,1547.99,0.07,1439.63
ITEM0007175,ORD003452,PROD00300,1,1343.36,0.0,1343.36
ITEM0007176,ORD003453,PROD00119,4,9197.85,0.02,36055.57
ITEM0007177,ORD003453,PROD00267,2,3457.61,0.03,6707.76
ITEM0007178,ORD003453,PROD00173,2,1598.38,0.27,2333.64
ITEM0007179,ORD003453,PROD00120,1,1288.16,0.0,1288.16
ITEM0007180,ORD003453,PROD00193,2,9202.76,0.0,18405.52
ITEM0007181,ORD003454,PROD00219,2,344.65,0.0,689.3
ITEM0007182,ORD003455,PROD00178,1,7985.04,0.0,7985.04
ITEM0007183,ORD003455,PROD00077,3,7101.66,0.0,21304.98
ITEM0007184,ORD003455,PROD00101,1,1373.9,0.0,1373.9
ITEM0007185,ORD003456,PROD00198,2,1516.26,0.0,3032.52
ITEM0007186,ORD003456,PROD00155,1,1532.82,0.0,1532.82
ITEM0007187,ORD003456,PROD00195,2,9608.14,0.0,19216.28
ITEM0007188,ORD003457,PROD00259,1,1489.83,0.0,1489.83
ITEM0007189,ORD003457,PROD00296,1,1188.71,0.0,1188.71
ITEM0007190,ORD003457,PROD00264,3,8008.38,0.0,24025.14
ITEM0007191,ORD003458,PROD00071,1,534.87,0.0,534.87
ITEM0007192,ORD003458,PROD00004,3,4097.38,0.0,12292.14
ITEM0007193,ORD003459,PROD00186,1,1445.96,0.22,1127.85
ITEM0007194,ORD003460,PROD00219,1,344.65,0.0,344.65
ITEM0007195,ORD003460,PROD00042,4,8235.83,0.0,32943.32
ITEM0007196,ORD003460,PROD00095,1,1505.02,0.0,1505.02
ITEM0007197,ORD003460,PROD00202,2,1016.59,0.0,2033.18
ITEM0007198,ORD003460,PROD00229,1,726.54,0.0,726.54
ITEM0007199,ORD003461,PROD00183,1,526.69,0.0,526.69
ITEM0007200,ORD003461,PROD00088,1,4559.98,0.18,3739.18
ITEM0007201,ORD003462,PROD00129,2,2500.46,0.0,5000.92
ITEM0007202,ORD003462,PROD00295,1,895.09,0.0,895.09
ITEM0007203,ORD003462,PROD00120,1,1288.16,0.1,1159.34
ITEM0007204,ORD003463,PROD00122,1,11549.43,0.08,10625.48
ITEM0007205,ORD003464,PROD00150,1,290.6,0.0,290.6
ITEM0007206,ORD003464,PROD00088,1,4559.98,0.0,4559.98
ITEM0007207,ORD003465,PROD00247,1,7341.91,0.0,7341.91
ITEM0007208,ORD003466,PROD00290,1,1195.14,0.0,1195.14
ITEM0007209,ORD003467,PROD00212,2,7782.48,0.0,15564.96
ITEM0007210,ORD003468,PROD00243,2,6308.05,0.0,12616.1
ITEM0007211,ORD003468,PROD00078,1,2028.86,0.03,1967.99
ITEM0007212,ORD003469,PROD00276,2,8701.77,0.07,16185.29
ITEM0007213,ORD003469,PROD00187,1,6641.17,0.0,6641.17
ITEM0007214,ORD003469,PROD00231,2,3622.68,0.0,7245.36
ITEM0007215,ORD003470,PROD00072,1,6999.91,0.27,5109.93
ITEM0007216,ORD003471,PROD00223,1,2430.88,0.0,2430.88
ITEM0007217,ORD003471,PROD00015,1,5418.41,0.16,4551.46
ITEM0007218,ORD003472,PROD00176,2,5492.71,0.0,10985.42
ITEM0007219,ORD003472,PROD00139,1,5962.8,0.17,4949.12
ITEM0007220,ORD003472,PROD00059,1,11784.91,0.0,11784.91
ITEM0007221,ORD003473,PROD00155,1,1532.82,0.0,1532.82
ITEM0007222,ORD003474,PROD00131,1,576.16,0.01,570.4
ITEM0007223,ORD003475,PROD00107,3,6282.37,0.0,18847.11
ITEM0007224,ORD003476,PROD00006,2,8153.69,0.0,16307.38
ITEM0007225,ORD003476,PROD00092,1,1552.76,0.0,1552.76
ITEM0007226,ORD003477,PROD00127,3,5321.52,0.0,15964.56
ITEM0007227,ORD003477,PROD00275,3,5765.78,0.05,16432.47
ITEM0007228,ORD003478,PROD00201,1,3944.29,0.0,3944.29
ITEM0007229,ORD003479,PROD00137,1,5635.51,0.0,5635.51
ITEM0007230,ORD003480,PROD00048,1,1926.71,0.0,1926.71
ITEM0007231,ORD003480,PROD00081,4,2624.19,0.0,10496.76
ITEM0007232,ORD003481,PROD00173,4,1598.67,0.14,5499.44
ITEM0007233,ORD003482,PROD00125,3,5694.29,0.28,12299.67
ITEM0007234,ORD003482,PROD00046,1,8988.77,0.0,8988.77
ITEM0007235,ORD003482,PROD00082,2,3992.96,0.0,7985.92
ITEM0007236,ORD003483,PROD00141,1,4481.31,0.23,3450.61
ITEM0007237,ORD003484,PROD00024,1,10115.71,0.0,10115.71
ITEM0007238,ORD003484,PROD00221,1,901.85,0.28,649.33
ITEM0007239,ORD003484,PROD00188,1,1657.41,0.14,1425.37
ITEM0007240,ORD003485,PROD00038,1,1983.28,0.24,1507.29
ITEM0007241,ORD003485,PROD00286,3,945.94,0.22,2213.5
ITEM0007242,ORD003486,PROD00251,1,3365.3,0.0,3365.3
ITEM0007243,ORD003486,PROD00244,2,4549.33,0.1,8188.79
ITEM0007244,ORD003486,PROD00047,1,1589.57,0.0,1589.57
ITEM0007245,ORD003486,PROD00190,1,3528.69,0.29,2505.37
ITEM0007246,ORD003486,PROD00267,3,3457.61,0.0,10372.83
ITEM0007247,ORD003487,PROD00076,1,6038.15,0.0,6038.15
ITEM0007248,ORD003487,PROD00181,2,2887.17,0.19,4677.22
ITEM0007249,ORD003487,PROD00193,3,9202.76,0.13,24019.2
ITEM0007250,ORD003488,PROD00147,4,4961.76,0.0,19847.04
ITEM0007251,ORD003488,PROD00083,1,9425.24,0.0,9425.24
ITEM0007252,ORD003488,PROD00039,3,6419.63,0.0,19258.89
ITEM0007253,ORD003488,PROD00108,1,7407.37,0.09,6740.71
ITEM0007254,ORD003489,PROD00013,1,10508.19,0.0,10508.19
ITEM0007255,ORD003490,PROD00095,2,1505.02,0.0,3010.04
ITEM0007256,ORD003491,PROD00069,1,1581.81,0.0,1581.81
ITEM0007257,ORD003491,PROD00125,1,5694.29,0.0,5694.29
ITEM0007258,ORD003491,PROD00011,1,2615.05,0.24,1987.44
ITEM0007259,ORD003492,PROD00251,4,3365.3,0.04,12922.75
ITEM0007260,ORD003493,PROD00189,1,7636.65,0.0,7636.65
ITEM0007261,ORD003494,PROD00255,1,7383.63,0.0,7383.63
ITEM0007262,ORD003494,PROD00283,1,7427.34,0.27,5421.96
ITEM0007263,ORD003495,PROD00296,1,1188.71,0.0,1188.71
ITEM0007264,ORD003495,PROD00013,1,10508.19,0.2,8406.55
ITEM0007265,ORD003495,PROD00048,1,1926.71,0.0,1926.71
ITEM0007266,ORD003496,PROD00057,1,4595.24,0.0,4595.24
ITEM0007267,ORD003496,PROD00095,2,1505.02,0.0,3010.04
ITEM0007268,ORD003497,PROD00198,2,1516.26,0.0,3032.52
ITEM0007269,ORD003497,PROD00205,3,6283.38,0.0,18850.14
ITEM0007270,ORD003497,PROD00171,1,546.18,0.0,546.18
ITEM0007271,ORD003497,PROD00015,1,5418.41,0.0,5418.41
ITEM0007272,ORD003498,PROD00041,4,3958.75,0.0,15835.0
ITEM0007273,ORD003498,PROD00209,1,3816.19,0.14,3281.92
ITEM0007274,ORD003498,PROD00268,2,852.32,0.24,1295.53
ITEM0007275,ORD003499,PROD00153,1,4010.2,0.0,4010.2
ITEM0007276,ORD003500,PROD00165,2,1721.94,0.0,3443.88
ITEM0007277,ORD003501,PROD00021,1,6443.82,0.11,5735.0
ITEM0007278,ORD003501,PROD00043,1,1789.22,0.0,1789.22
ITEM0007279,ORD003502,PROD00007,1,7518.69,0.0,7518.69
ITEM0007280,ORD003503,PROD00279,2,7168.01,0.0,14336.02
ITEM0007281,ORD003504,PROD00193,1,9202.76,0.0,9202.76
ITEM0007282,ORD003504,PROD00181,1,2887.17,0.16,2425.22
ITEM0007283,ORD003505,PROD00269,1,2135.25,0.0,2135.25
ITEM0007284,ORD003505,PROD00191,1,4249.81,0.0,4249.81
ITEM0007285,ORD003506,PROD00259,2,1489.83,0.0,2979.66
ITEM0007286,ORD003507,PROD00269,2,2135.25,0.05,4056.98
ITEM0007287,ORD003507,PROD00264,1,8008.38,0.0,8008.38
ITEM0007288,ORD003508,PROD00122,1,11549.43,0.15,9817.02
ITEM0007289,ORD003508,PROD00231,4,3622.68,0.0,14490.72
ITEM0007290,ORD003508,PROD00085,1,1960.53,0.0,1960.53
ITEM0007291,ORD003509,PROD00096,2,4639.15,0.0,9278.3
ITEM0007292,ORD003510,PROD00072,1,6999.91,0.0,6999.91
ITEM0007293,ORD003510,PROD00070,1,6693.56,0.0,6693.56
ITEM0007294,ORD003510,PROD00030,1,4937.89,0.26,3654.04
ITEM0007295,ORD003511,PROD00246,2,8011.14,0.0,16022.28
ITEM0007296,ORD003511,PROD00260,1,8617.38,0.0,8617.38
ITEM0007297,ORD003512,PROD00175,1,8513.93,0.11,7577.4
ITEM0007298,ORD003512,PROD00165,1,1721.94,0.0,1721.94
ITEM0007299,ORD003513,PROD00101,2,1373.9,0.25,2060.85
ITEM0007300,ORD003513,PROD00043,1,1789.22,0.28,1288.24
ITEM0007301,ORD003514,PROD00021,1,6443.82,0.0,6443.82
ITEM0007302,ORD003514,PROD00212,2,7782.48,0.17,12918.92
ITEM0007303,ORD003515,PROD00300,4,1343.36,0.0,5373.44
ITEM0007304,ORD003515,PROD00280,3,4625.83,0.0,13877.49
ITEM0007305,ORD003515,PROD00279,1,7168.01,0.27,5232.65
ITEM0007306,ORD003516,PROD00013,1,10508.19,0.0,10508.19
ITEM0007307,ORD003517,PROD00248,2,10128.22,0.15,17217.97
ITEM0007308,ORD003518,PROD00231,1,3622.68,0.21,2861.92
ITEM0007309,ORD003519,PROD00158,1,8138.6,0.0,8138.6
ITEM0007310,ORD003519,PROD00123,3,2950.23,0.0,8850.69
ITEM0007311,ORD003519,PROD00117,1,498.3,0.0,498.3
ITEM0007312,ORD003520,PROD00013,1,10508.19,0.03,10192.94
ITEM0007313,ORD003521,PROD00221,1,901.85,0.0,901.85
ITEM0007314,ORD003521,PROD00079,1,7182.12,0.0,7182.12
ITEM0007315,ORD003521,PROD00132,1,5296.2,0.15,4501.77
ITEM0007316,ORD003522,PROD00023,-1,3506.84,0.0,-3506.84
ITEM0007317,ORD003522,PROD00083,1,9425.24,0.0,9425.24
ITEM0007318,ORD003522,PROD00016,1,6005.27,0.0,6005.27
ITEM0007319,ORD003522,PROD00173,1,438.12,0.0,438.12
ITEM0007320,ORD003523,PROD00021,1,6443.82,0.0,6443.82
ITEM0007321,ORD003524,PROD00066,2,899.86,0.0,1799.72
ITEM0007322,ORD003525,PROD00129,1,2500.46,0.0,2500.46
ITEM0007323,ORD003525,PROD00109,2,7944.57,0.0,15889.14
ITEM0007324,ORD003525,PROD00140,4,1718.72,0.04,6599.88
ITEM0007325,ORD003525,PROD00020,3,7970.85,0.06,22477.8
ITEM0007326,ORD003526,PROD00058,2,4592.96,0.15,7808.03
ITEM0007327,ORD003526,PROD00109,1,7944.57,0.0,7944.57
ITEM0007328,ORD003526,PROD00146,1,504.1,0.0,504.1
ITEM0007329,ORD003526,PROD00233,2,3164.97,0.0,6329.94
ITEM0007330,ORD003526,PROD00297,2,10930.45,0.0,21860.9
ITEM0007331,ORD003527,PROD00041,1,3958.75,0.0,3958.75
ITEM0007332,ORD003527,PROD00202,2,1016.59,0.0,2033.18
ITEM0007333,ORD003528,PROD00042,1,8235.83,0.0,8235.83
ITEM0007334,ORD003529,PROD00236,1,2661.51,0.0,2661.51
ITEM0007335,ORD003529,PROD00190,1,3528.69,0.0,3528.69
ITEM0007336,ORD003530,PROD00221,3,901.85,0.13,2353.83
ITEM0007337,ORD003531,PROD00152,2,1231.99,0.1,2217.58
ITEM0007338,ORD003531,PROD00178,4,7985.04,0.12,28107.34
ITEM0007339,ORD003531,PROD00103,1,9136.07,0.0,9136.07
ITEM0007340,ORD003532,PROD00158,1,8138.6,0.0,8138.6
ITEM0007341,ORD003532,PROD00017,3,9163.85,0.0,27491.55
ITEM0007342,ORD003532,PROD00167,1,2019.38,0.0,2019.38
ITEM0007343,ORD003533,PROD00048,3,1926.71,0.08,5317.72
ITEM0007344,ORD003533,PROD00004,4,4097.38,0.16,13767.2
ITEM0007345,ORD003533,PROD00016,2,6005.27,0.0,12010.54
ITEM0007346,ORD003533,PROD00134,2,1127.73,0.0,2255.46
ITEM0007347,ORD003534,PROD00050,2,5338.68,0.0,10677.36
ITEM0007348,ORD003534,PROD00213,4,9402.56,0.0,37610.24
ITEM0007349,ORD003535,PROD00276,1,8701.77,0.18,7135.45
ITEM0007350,ORD003536,PROD00107,2,6282.37,0.0,12564.74
ITEM0007351,ORD003536,PROD00057,1,4595.24,0.22,3584.29
ITEM0007352,ORD003537,PROD00174,1,4285.14,0.0,4285.14
ITEM0007353,ORD003538,PROD00040,2,3631.49,0.0,7262.98
ITEM0007354,ORD003538,PROD00283,2,7427.34,0.0,14854.68
ITEM0007355,ORD003539,PROD00164,4,5504.82,0.06,20698.12
ITEM0007356,ORD003539,PROD00126,1,10802.22,0.0,10802.22
ITEM0007357,ORD003539,PROD00193,1,9202.76,0.05,8742.62
ITEM0007358,ORD003539,PROD00290,1,1195.14,0.23,920.26
ITEM0007359,ORD003540,PROD00097,1,1492.36,0.0,1492.36
ITEM0007360,ORD003540,PROD00069,1,237.15,0.0,237.15
ITEM0007361,ORD003541,PROD00174,1,4285.14,0.0,4285.14
ITEM0007362,ORD003541,PROD00001,3,9272.65,0.0,27817.95
ITEM0007363,ORD003542,PROD00047,1,1589.57,0.23,1223.97
ITEM0007364,ORD003543,PROD00047,2,1589.57,0.15,2702.27
ITEM0007365,ORD003544,PROD00240,1,4510.78,0.18,3698.84
ITEM0007366,ORD003544,PROD00043,1,1789.22,0.0,1789.22
ITEM0007367,ORD003545,PROD00102,3,6509.4,0.0,19528.2
ITEM0007368,ORD003545,PROD00195,2,9608.14,0.19,15565.19
ITEM0007369,ORD003546,PROD00039,2,6419.63,0.0,12839.26
ITEM0007370,ORD003546,PROD00280,1,4625.83,0.15,3931.96
ITEM0007371,ORD003546,PROD00064,2,4268.27,0.0,8536.54
ITEM0007372,ORD003546,PROD00057,3,4595.24,0.0,13785.72
ITEM0007373,ORD003547,PROD00231,1,3622.68,0.0,3622.68
ITEM0007374,ORD003547,PROD00137,1,5635.51,0.14,4846.54
ITEM0007375,ORD003548,PROD00065,2,6570.64,0.13,11432.91
ITEM0007376,ORD003549,PROD00244,1,4549.33,0.0,4549.33
ITEM0007377,ORD003549,PROD00172,1,734.93,0.0,734.93
ITEM0007378,ORD003549,PROD00043,1,1789.22,0.0,1789.22
ITEM0007379,ORD003550,PROD00249,4,4279.09,0.0,17116.36
ITEM0007380,ORD003550,PROD00235,2,1155.59,0.0,2311.18
ITEM0007381,ORD003551,PROD00079,1,7182.12,0.0,7182.12
ITEM0007382,ORD003551,PROD00199,1,3657.98,0.0,3657.98
ITEM0007383,ORD003552,PROD00088,3,4559.98,0.0,13679.94
ITEM0007384,ORD003553,PROD00119,1,9197.85,0.0,9197.85
ITEM0007385,ORD003553,PROD00193,1,9202.76,0.0,9202.76
ITEM0007386,ORD003553,PROD00076,2,6038.15,0.0,12076.3
ITEM0007387,ORD003553,PROD00076,1,6038.15,0.0,6038.15
ITEM0007388,ORD003553,PROD00080,1,862.91,0.18,707.59
ITEM0007389,ORD003554,PROD00055,1,2678.2,0.2,2142.56
ITEM0007390,ORD003555,PROD00048,1,1926.71,0.01,1907.44
ITEM0007391,ORD003556,PROD00247,2,7341.91,0.0,14683.82
ITEM0007392,ORD003556,PROD00026,2,992.19,0.0,1984.38
ITEM0007393,ORD003556,PROD00259,1,1489.83,0.18,1221.66
ITEM0007394,ORD003557,PROD00026,1,992.19,0.0,992.19
ITEM0007395,ORD003558,PROD00114,1,2295.26,0.0,2295.26
ITEM0007396,ORD003559,PROD00015,1,5418.41,0.0,5418.41
ITEM0007397,ORD003559,PROD00206,3,8632.13,0.12,22788.82
ITEM0007398,ORD003560,PROD00258,1,5858.08,0.0,5858.08
ITEM0007399,ORD003560,PROD00147,2,4961.76,0.13,8633.46
ITEM0007400,ORD003561,PROD00297,1,10930.45,0.0,10930.45
ITEM0007401,ORD003562,PROD00227,1,3250.8,0.22,2535.62
ITEM0007402,ORD003562,PROD00032,1,301.12,0.0,301.12
ITEM0007403,ORD003562,PROD00295,3,895.09,0.27,1960.25
ITEM0007404,ORD003563,PROD00082,1,3992.96,0.0,3992.96
ITEM0007405,ORD003564,PROD00028,2,214.4,0.17,355.9
ITEM0007406,ORD003564,PROD00272,3,7587.4,0.0,22762.2
ITEM0007407,ORD003565,PROD00143,1,1075.34,0.0,1075.34
ITEM0007408,ORD003566,PROD00220,1,6168.69,0.27,4503.14
ITEM0007409,ORD003566,PROD00038,1,1983.28,0.0,1983.28
ITEM0007410,ORD003567,PROD00151,2,5518.05,0.0,11036.1
ITEM0007411,ORD003568,PROD00108,3,7407.37,0.0,22222.11
ITEM0007412,ORD003569,PROD00050,1,5338.68,0.0,5338.68
ITEM0007413,ORD003570,PROD00094,1,6449.58,0.0,6449.58
ITEM0007414,ORD003570,PROD00172,3,734.93,0.0,2204.79
ITEM0007415,ORD003570,PROD00151,2,5518.05,0.0,11036.1
ITEM0007416,ORD003571,PROD00226,4,648.79,0.29,1842.56
ITEM0007417,ORD003572,PROD00008,1,5338.8,0.0,5338.8
ITEM0007418,ORD003573,PROD00073,1,9071.35,0.0,9071.35
ITEM0007419,ORD003573,PROD00041,1,3958.75,0.0,3958.75
ITEM0007420,ORD003573,PROD00230,1,8026.94,0.0,8026.94
ITEM0007421,ORD003573,PROD00106,1,3963.99,0.27,2893.71
ITEM0007422,ORD003573,PROD00143,1,1075.34,0.0,1075.34
ITEM0007423,ORD003574,PROD00047,3,1589.57,0.02,4673.34
ITEM0007424,ORD003574,PROD00019,2,2406.67,0.0,4813.34
ITEM0007425,ORD003574,PROD00012,1,7089.43,0.0,7089.43
ITEM0007426,ORD003574,PROD00232,2,3144.6,0.0,6289.2
ITEM0007427,ORD003574,PROD00262,1,1460.84,0.08,1343.97
ITEM0007428,ORD003575,PROD00273,1,4432.81,0.0,4432.81
ITEM0007429,ORD003575,PROD00022,2,1547.99,0.0,3095.98
ITEM0007430,ORD003575,PROD00261,2,2154.14,0.0,4308.28
ITEM0007431,ORD003575,PROD00240,2,4510.78,0.0,9021.56
ITEM0007432,ORD003576,PROD00128,2,4199.76,0.29,5963.66
ITEM0007433,ORD003577,PROD00093,1,3802.74,0.0,3802.74
ITEM0007434,ORD003578,PROD00160,1,1750.19,0.0,1750.19
ITEM0007435,ORD003579,PROD00066,2,899.86,0.0,1799.72
ITEM0007436,ORD003579,PROD00078,2,2028.86,0.0,4057.72
ITEM0007437,ORD003579,PROD00216,1,3307.17,0.08,3042.6
ITEM0007438,ORD003579,PROD00045,1,4706.05,0.0,4706.05
ITEM0007439,ORD003580,PROD00258,1,5858.08,0.0,5858.08
ITEM0007440,ORD003580,PROD00170,2,2583.61,0.15,4392.14
ITEM0007441,ORD003581,PROD00197,1,8766.75,0.0,8766.75
ITEM0007442,ORD003582,PROD00237,1,8123.36,0.0,8123.36
ITEM0007443,ORD003582,PROD00099,1,6088.4,0.0,6088.4
ITEM0007444,ORD003582,PROD00143,2,1075.34,0.0,2150.68
ITEM0007445,ORD003582,PROD00210,1,6680.3,0.0,6680.3
ITEM0007446,ORD003583,PROD00063,2,1083.33,0.0,2166.66
ITEM0007447,ORD003583,PROD00289,2,3097.21,0.0,6194.42
ITEM0007448,ORD003583,PROD00255,1,7383.63,0.0,7383.63
ITEM0007449,ORD003583,PROD00288,1,2790.22,0.0,2790.22
ITEM0007450,ORD003583,PROD00218,2,6300.23,0.0,12600.46
ITEM0007451,ORD003584,PROD00193,1,9202.76,0.28,6625.99
ITEM0007452,ORD003585,PROD00189,1,7636.65,0.0,7636.65
ITEM0007453,ORD003585,PROD00220,1,6168.69,0.0,6168.69
ITEM0007454,ORD003585,PROD00094,1,6449.58,0.0,6449.58
ITEM0007455,ORD003586,PROD00225,1,6042.7,0.0,6042.7
ITEM0007456,ORD003587,PROD00167,3,2019.38,0.22,4725.35
ITEM0007457,ORD003588,PROD00080,2,862.91,0.0,1725.82
ITEM0007458,ORD003589,PROD00255,1,7383.63,0.0,7383.63
ITEM0007459,ORD003589,PROD00199,1,3657.98,0.0,3657.98
ITEM0007460,ORD003590,PROD00145,1,5845.69,0.0,5845.69
ITEM0007461,ORD003591,PROD00126,1,10802.22,0.0,10802.22
ITEM0007462,ORD003591,PROD00023,2,3506.84,0.18,5751.22
ITEM0007463,ORD003591,PROD00145,1,5845.69,0.0,5845.69
ITEM0007464,ORD003591,PROD00056,1,6326.27,0.0,6326.27
ITEM0007465,ORD003591,PROD00258,1,5858.08,0.0,5858.08
ITEM0007466,ORD003592,PROD00128,2,4199.76,0.04,8063.54
ITEM0007467,ORD003593,PROD00227,2,3250.8,0.0,6501.6
ITEM0007468,ORD003593,PROD00117,1,498.3,0.01,493.32
ITEM0007469,ORD003594,PROD00167,1,2019.38,0.0,2019.38
ITEM0007470,ORD003594,PROD00071,2,534.87,0.0,1069.74
ITEM0007471,ORD003594,PROD00075,1,6662.95,0.0,6662.95
ITEM0007472,ORD003595,PROD00144,1,9953.38,0.0,9953.38
ITEM0007473,ORD003596,PROD00290,1,1195.14,0.0,1195.14
ITEM0007474,ORD003596,PROD00226,3,648.79,0.08,1790.66
ITEM0007475,ORD003596,PROD00031,2,4066.81,0.23,6262.89
ITEM0007476,ORD003596,PROD00084,1,7622.23,0.22,5945.34
ITEM0007477,ORD003597,PROD00154,1,5526.27,0.0,5526.27
ITEM0007478,ORD003597,PROD00170,1,1305.71,0.29,927.05
ITEM0007479,ORD003597,PROD00033,2,1942.09,0.0,3884.18
ITEM0007480,ORD003598,PROD00008,1,5338.8,0.0,5338.8
ITEM0007481,ORD003598,PROD00262,2,1460.84,0.01,2892.46
ITEM0007482,ORD003599,PROD00063,1,1083.33,0.0,1083.33
ITEM0007483,ORD003599,PROD00161,1,2894.21,0.0,2894.21
ITEM0007484,ORD003599,PROD00100,1,8661.69,0.0,8661.69
ITEM0007485,ORD003600,PROD00001,2,9272.65,0.0,18545.3
ITEM0007486,ORD003600,PROD00100,1,8661.69,0.07,8055.37
ITEM0007487,ORD003600,PROD00025,1,3078.83,0.0,3078.83
ITEM0007488,ORD003600,PROD00113,1,3472.93,0.0,3472.93
ITEM0007489,ORD003601,PROD00175,3,8513.93,0.0,25541.79
ITEM0007490,ORD003601,PROD00279,2,7168.01,0.0,14336.02
ITEM0007491,ORD003601,PROD00208,1,4099.5,0.0,4099.5
ITEM0007492,ORD003602,PROD00252,2,910.14,0.0,1820.28
ITEM0007493,ORD003602,PROD00052,3,1689.78,0.0,5069.34
ITEM0007494,ORD003603,PROD00061,1,4205.57,0.0,4205.57
ITEM0007495,ORD003603,PROD00171,1,546.18,0.26,404.17
ITEM0007496,ORD003603,PROD00159,2,198.83,0.0,397.66
ITEM0007497,ORD003604,PROD00022,1,1547.99,0.0,1547.99
ITEM0007498,ORD003604,PROD00139,1,5962.8,0.0,5962.8
ITEM0007499,ORD003604,PROD00173,2,2334.52,0.03,4528.98
ITEM0007500,ORD003605,PROD00274,3,5633.46,0.05,16055.36
ITEM0007501,ORD003606,PROD00158,1,8138.6,0.0,8138.6
ITEM0007502,ORD003607,PROD00193,2,9202.76,0.0,18405.52
ITEM0007503,ORD003608,PROD00261,1,2154.14,0.0,2154.14
ITEM0007504,ORD003609,PROD00098,1,2402.47,0.0,2402.47
ITEM0007505,ORD003609,PROD00056,2,6326.27,0.0,12652.54
ITEM0007506,ORD003609,PROD00169,2,5358.09,0.0,10716.18
ITEM0007507,ORD003610,PROD00049,1,5326.74,0.0,5326.74
ITEM0007508,ORD003610,PROD00254,1,3623.42,0.0,3623.42
ITEM0007509,ORD003611,PROD00129,2,2500.46,0.0,5000.92
ITEM0007510,ORD003611,PROD00233,1,3164.97,0.0,3164.97
ITEM0007511,ORD003612,PROD00024,2,10115.71,0.14,17399.02
ITEM0007512,ORD003612,PROD00174,1,4285.14,0.0,4285.14
ITEM0007513,ORD003613,PROD00086,2,5791.83,0.0,11583.66
ITEM0007514,ORD003613,PROD00077,1,7101.66,0.0,7101.66
ITEM0007515,ORD003613,PROD00068,1,1589.23,0.26,1176.03
ITEM0007516,ORD003613,PROD00160,1,1750.19,0.16,1470.16
ITEM0007517,ORD003614,PROD00149,1,832.87,0.0,832.87
ITEM0007518,ORD003615,PROD00098,4,2402.47,0.14,8264.5
ITEM0007519,ORD003615,PROD00273,1,4432.81,0.0,4432.81
ITEM0007520,ORD003616,PROD00006,1,8153.69,0.0,8153.69
ITEM0007521,ORD003616,PROD00137,2,5635.51,0.0,11271.02
ITEM0007522,ORD003616,PROD00001,2,9272.65,0.0,18545.3
ITEM0007523,ORD003616,PROD00177,1,5446.6,0.0,5446.6
ITEM0007524,ORD003616,PROD00109,3,7944.57,0.0,23833.71
ITEM0007525,ORD003617,PROD00129,1,2500.46,0.0,2500.46
ITEM0007526,ORD003617,PROD00219,1,344.65,0.0,344.65
ITEM0007527,ORD003618,PROD00169,1,5358.09,0.11,4768.7
ITEM0007528,ORD003619,PROD00232,2,3144.6,0.16,5282.93
ITEM0007529,ORD003620,PROD00058,1,4592.96,0.0,4592.96
ITEM0007530,ORD003620,PROD00008,3,5338.8,0.0,16016.4
ITEM0007531,ORD003621,PROD00158,1,8138.6,0.0,8138.6
ITEM0007532,ORD003622,PROD00101,1,1373.9,0.0,1373.9
ITEM0007533,ORD003623,PROD00141,1,4481.31,0.0,4481.31
ITEM0007534,ORD003623,PROD00127,2,5321.52,0.0,10643.04
ITEM0007535,ORD003623,PROD00152,1,1231.99,0.0,1231.99
ITEM0007536,ORD003624,PROD00050,2,5338.68,0.0,10677.36
ITEM0007537,ORD003624,PROD00116,2,3835.95,0.2,6137.52
ITEM0007538,ORD003625,PROD00185,1,2719.98,0.0,2719.98
ITEM0007539,ORD003625,PROD00010,2,2259.53,0.0,4519.06
ITEM0007540,ORD003626,PROD00246,1,8011.14,0.0,8011.14
ITEM0007541,ORD003626,PROD00137,1,5635.51,0.0,5635.51
ITEM0007542,ORD003627,PROD00190,3,3528.69,0.0,10586.07
ITEM0007543,ORD003628,PROD00062,1,5673.89,0.0,5673.89
ITEM0007544,ORD003629,PROD00062,1,5673.89,0.0,5673.89
ITEM0007545,ORD003630,PROD00279,4,7168.01,0.0,28672.04
ITEM0007546,ORD003631,PROD00172,2,734.93,0.28,1058.3
ITEM0007547,ORD003632,PROD00243,1,6308.05,0.0,6308.05
ITEM0007548,ORD003632,PROD00131,1,576.16,0.0,576.16
ITEM0007549,ORD003633,PROD00202,2,1016.59,0.0,2033.18
ITEM0007550,ORD003633,PROD00090,1,494.65,0.0,494.65
ITEM0007551,ORD003634,PROD00003,2,2902.0,0.25,4353.0
ITEM0007552,ORD003634,PROD00201,1,3944.29,0.02,3865.4
ITEM0007553,ORD003634,PROD00077,2,7101.66,0.0,14203.32
ITEM0007554,ORD003634,PROD00150,1,290.6,0.0,290.6
ITEM0007555,ORD003634,PROD00054,1,5941.63,0.0,5941.63
ITEM0007556,ORD003635,PROD00176,3,5492.71,0.09,14995.1
ITEM0007557,ORD003636,PROD00246,1,8011.14,0.01,7931.03
ITEM0007558,ORD003636,PROD00208,2,4099.5,0.03,7953.03
ITEM0007559,ORD003636,PROD00144,3,9953.38,0.0,29860.14
ITEM0007560,ORD003636,PROD00072,1,6999.91,0.25,5249.93
ITEM0007561,ORD003636,PROD00122,1,11549.43,0.24,8777.57
ITEM0007562,ORD003637,PROD00188,4,1657.41,0.0,6629.64
ITEM0007563,ORD003637,PROD00286,2,945.94,0.0,1891.88
ITEM0007564,ORD003638,PROD00285,3,2757.81,0.0,8273.43
ITEM0007565,ORD003639,PROD00050,1,5338.68,0.0,5338.68
ITEM0007566,ORD003639,PROD00174,1,4285.14,0.0,4285.14
ITEM0007567,ORD003639,PROD00275,1,5765.78,0.0,5765.78
ITEM0007568,ORD003639,PROD00148,2,3870.28,0.0,7740.56
ITEM0007569,ORD003639,PROD00285,1,2757.81,0.26,2040.78
ITEM0007570,ORD003640,PROD00028,2,214.4,0.0,428.8
ITEM0007571,ORD003641,PROD00122,2,11549.43,0.05,21943.92
ITEM0007572,ORD003641,PROD00062,2,5673.89,0.04,10893.87
ITEM0007573,ORD003642,PROD00077,1,7101.66,0.0,7101.66
ITEM0007574,ORD003643,PROD00235,2,1155.59,0.17,1918.28
ITEM0007575,ORD003643,PROD00084,1,7622.23,0.13,6631.34
ITEM0007576,ORD003643,PROD00264,1,8008.38,0.0,8008.38
ITEM0007577,ORD003643,PROD00233,2,3164.97,0.0,6329.94
ITEM0007578,ORD003644,PROD00246,3,8011.14,0.0,24033.42
ITEM0007579,ORD003645,PROD00268,1,852.32,0.14,733.0
ITEM0007580,ORD003645,PROD00272,2,7587.4,0.11,13505.57
ITEM0007581,ORD003645,PROD00209,2,3816.19,0.13,6640.17
ITEM0007582,ORD003646,PROD00062,2,5673.89,0.0,11347.78
ITEM0007583,ORD003646,PROD00089,2,781.78,0.06,1469.75
ITEM0007584,ORD003646,PROD00300,1,1343.36,0.0,1343.36
ITEM0007585,ORD003647,PROD00022,1,1547.99,0.0,1547.99
ITEM0007586,ORD003648,PROD00185,2,2719.98,0.0,5439.96
ITEM0007587,ORD003648,PROD00273,2,4432.81,0.0,8865.62
ITEM0007588,ORD003649,PROD00033,1,1942.09,0.0,1942.09
ITEM0007589,ORD003650,PROD00252,2,910.14,0.0,1820.28
ITEM0007590,ORD003650,PROD00025,4,3078.83,0.0,12315.32
ITEM0007591,ORD003650,PROD00253,1,791.63,0.19,641.22
ITEM0007592,ORD003651,PROD00078,2,2028.86,0.13,3530.22
ITEM0007593,ORD003652,PROD00245,1,6215.91,0.29,4413.3
ITEM0007594,ORD003652,PROD00275,1,5765.78,0.25,4324.34
ITEM0007595,ORD003652,PROD00048,4,1926.71,0.0,7706.84
ITEM0007596,ORD003652,PROD00021,-2,6443.82,0.0,-12887.64
ITEM0007597,ORD003653,PROD00237,1,8123.36,0.0,8123.36
ITEM0007598,ORD003653,PROD00076,1,6038.15,0.0,6038.15
ITEM0007599,ORD003653,PROD00184,1,1498.15,0.24,1138.59
ITEM0007600,ORD003653,PROD00272,1,7587.4,0.27,5538.8
ITEM0007601,ORD003654,PROD00263,3,4979.64,0.0,14938.92
ITEM0007602,ORD003654,PROD00208,2,4099.5,0.0,8199.0
ITEM0007603,ORD003655,PROD00245,1,6215.91,0.0,6215.91
ITEM0007604,ORD003655,PROD00216,1,3307.17,0.0,3307.17
ITEM0007605,ORD003656,PROD00281,1,7979.23,0.0,7979.23
ITEM0007606,ORD003656,PROD00274,4,5633.46,0.0,22533.84
ITEM0007607,ORD003657,PROD00144,1,9953.38,0.0,9953.38
ITEM0007608,ORD003657,PROD00269,2,2135.25,0.0,4270.5
ITEM0007609,ORD003658,PROD00040,3,3631.49,0.0,10894.47
ITEM0007610,ORD003658,PROD00189,1,7636.65,0.22,5956.59
ITEM0007611,ORD003658,PROD00144,1,9953.38,0.22,7763.64
ITEM0007612,ORD003658,PROD00054,1,5941.63,0.0,5941.63
ITEM0007613,ORD003659,PROD00261,2,2154.14,0.0,4308.28
ITEM0007614,ORD003659,PROD00193,1,9202.76,0.0,9202.76
ITEM0007615,ORD003659,PROD00142,1,8354.87,0.29,5931.96
ITEM0007616,ORD003659,PROD00207,1,6547.46,0.0,6547.46
ITEM0007617,ORD003660,PROD00193,2,9202.76,0.0,18405.52
ITEM0007618,ORD003660,PROD00203,2,477.27,0.1,859.09
ITEM0007619,ORD003660,PROD00248,1,10128.22,0.08,9317.96
ITEM0007620,ORD003661,PROD00098,1,2402.47,0.2,1921.98
ITEM0007621,ORD003662,PROD00091,1,1302.09,0.22,1015.63
ITEM0007622,ORD003662,PROD00289,1,3097.21,0.3,2168.05
ITEM0007623,ORD003663,PROD00237,1,8123.36,0.07,7554.72
ITEM0007624,ORD003663,PROD00106,1,3963.99,0.0,3963.99
ITEM0007625,ORD003664,PROD00082,2,3992.96,0.0,7985.92
ITEM0007626,ORD003664,PROD00046,1,8988.77,0.07,8359.56
ITEM0007627,ORD003664,PROD00021,1,6443.82,0.0,6443.82
ITEM0007628,ORD003664,PROD00216,1,3307.17,0.0,3307.17
ITEM0007629,ORD003664,PROD00153,1,4010.2,0.0,4010.2
ITEM0007630,ORD003665,PROD00053,2,7229.99,0.2,11567.98
ITEM0007631,ORD003666,PROD00146,4,504.1,0.14,1734.1
ITEM0007632,ORD003667,PROD00276,1,8701.77,0.0,8701.77
ITEM0007633,ORD003667,PROD00101,2,1373.9,0.0,2747.8
ITEM0007634,ORD003667,PROD00277,2,556.92,0.0,1113.84
ITEM0007635,ORD003667,PROD00135,1,2086.2,0.0,2086.2
ITEM0007636,ORD003668,PROD00154,1,5526.27,0.2,4421.02
ITEM0007637,ORD003669,PROD00195,1,9608.14,0.14,8263.0
ITEM0007638,ORD003669,PROD00264,1,8008.38,0.0,8008.38
ITEM0007639,ORD003670,PROD00058,1,4592.96,0.0,4592.96
ITEM0007640,ORD003671,PROD00272,1,7587.4,0.14,6525.16
ITEM0007641,ORD003671,PROD00127,4,5321.52,0.09,19370.33
ITEM0007642,ORD003672,PROD00189,1,7636.65,0.0,7636.65
ITEM0007643,ORD003672,PROD00091,1,1302.09,0.0,1302.09
ITEM0007644,ORD003672,PROD00071,1,534.87,0.0,534.87
ITEM0007645,ORD003672,PROD00063,3,1083.33,0.24,2469.99
ITEM0007646,ORD003673,PROD00116,1,3835.95,0.05,3644.15
ITEM0007647,ORD003673,PROD00269,1,2135.25,0.0,2135.25
ITEM0007648,ORD003674,PROD00169,2,5358.09,0.0,10716.18
ITEM0007649,ORD003675,PROD00045,1,4706.05,0.0,4706.05
ITEM0007650,ORD003676,PROD00282,2,3504.39,0.0,7008.78
ITEM0007651,ORD003676,PROD00020,1,7970.85,0.0,7970.85
ITEM0007652,ORD003676,PROD00035,1,2576.9,0.0,2576.9
ITEM0007653,ORD003677,PROD00057,2,4595.24,0.26,6800.96
ITEM0007654,ORD003678,PROD00236,2,2661.51,0.02,5216.56
ITEM0007655,ORD003678,PROD00257,1,855.76,0.18,701.72
ITEM0007656,ORD003679,PROD00182,2,3616.25,0.0,7232.5
ITEM0007657,ORD003679,PROD00299,3,10649.19,0.0,31947.57
ITEM0007658,ORD003680,PROD00093,1,3802.74,0.24,2890.08
ITEM0007659,ORD003681,PROD00097,2,1492.36,0.0,2984.72
ITEM0007660,ORD003682,PROD00122,1,11549.43,0.0,11549.43
ITEM0007661,ORD003683,PROD00178,1,7985.04,0.22,6228.33
ITEM0007662,ORD003684,PROD00104,1,2043.03,0.0,2043.03
ITEM0007663,ORD003684,PROD00159,1,198.83,0.16,167.02
ITEM0007664,ORD003684,PROD00047,2,1589.57,0.0,3179.14
ITEM0007665,ORD003684,PROD00009,2,5332.96,0.0,10665.92
ITEM0007666,ORD003684,PROD00045,4,4706.05,0.0,18824.2
ITEM0007667,ORD003685,PROD00051,1,8693.03,0.0,8693.03
ITEM0007668,ORD003686,PROD00255,4,7383.63,0.0,29534.52
ITEM0007669,ORD003687,PROD00089,1,781.78,0.0,781.78
ITEM0007670,ORD003688,PROD00256,2,256.57,0.0,513.14
ITEM0007671,ORD003689,PROD00126,1,10802.22,0.0,10802.22
ITEM0007672,ORD003689,PROD00288,1,2790.22,0.0,2790.22
ITEM0007673,ORD003690,PROD00104,3,2043.03,0.0,6129.09
ITEM0007674,ORD003691,PROD00221,2,901.85,0.21,1424.92
ITEM0007675,ORD003692,PROD00288,1,2790.22,0.0,2790.22
ITEM0007676,ORD003692,PROD00268,1,852.32,0.18,698.9
ITEM0007677,ORD003693,PROD00041,1,3958.75,0.0,3958.75
ITEM0007678,ORD003693,PROD00046,1,8988.77,0.0,8988.77
ITEM0007679,ORD003694,PROD00036,2,7308.78,0.0,14617.56
ITEM0007680,ORD003694,PROD00171,1,546.18,0.0,546.18
ITEM0007681,ORD003695,PROD00130,2,3445.25,0.09,6270.36
ITEM0007682,ORD003696,PROD00071,1,534.87,0.0,534.87
ITEM0007683,ORD003696,PROD00173,2,545.55,0.26,807.41
ITEM0007684,ORD003696,PROD00193,1,9202.76,0.0,9202.76
ITEM0007685,ORD003697,PROD00173,1,2093.7,0.0,2093.7
ITEM0007686,ORD003697,PROD00289,1,3097.21,0.0,3097.21
ITEM0007687,ORD003698,PROD00296,1,1188.71,0.02,1164.94
ITEM0007688,ORD003698,PROD00157,2,2525.54,0.0,5051.08
ITEM0007689,ORD003699,PROD00253,1,791.63,0.0,791.63
ITEM0007690,ORD003699,PROD00235,1,1155.59,0.0,1155.59
ITEM0007691,ORD003699,PROD00179,1,6055.62,0.0,6055.62
ITEM0007692,ORD003700,PROD00240,1,4510.78,0.0,4510.78
ITEM0007693,ORD003700,PROD00238,1,7201.82,0.05,6841.73
ITEM0007694,ORD003701,PROD00198,1,1516.26,0.0,1516.26
ITEM0007695,ORD003701,PROD00076,1,6038.15,0.21,4770.14
ITEM0007696,ORD003701,PROD00087,3,4546.57,0.0,13639.71
ITEM0007697,ORD003701,PROD00202,2,1016.59,0.0,2033.18
ITEM0007698,ORD003702,PROD00036,1,7308.78,0.0,7308.78
ITEM0007699,ORD003703,PROD00119,1,9197.85,0.27,6714.43
ITEM0007700,ORD003704,PROD00157,1,2525.54,0.0,2525.54
ITEM0007701,ORD003705,PROD00268,1,852.32,0.0,852.32
ITEM0007702,ORD003705,PROD00078,1,2028.86,0.0,2028.86
ITEM0007703,ORD003706,PROD00073,2,9071.35,0.0,18142.7
ITEM0007704,ORD003707,PROD00075,4,6662.95,0.0,26651.8
ITEM0007705,ORD003708,PROD00007,3,7518.69,0.14,19398.22
ITEM0007706,ORD003709,PROD00146,3,504.1,0.0,1512.3
ITEM0007707,ORD003709,PROD00132,1,5296.2,0.03,5137.31
ITEM0007708,ORD003709,PROD00230,3,8026.94,0.0,24080.82
ITEM0007709,ORD003710,PROD00173,1,2758.97,0.0,2758.97
ITEM0007710,ORD003711,PROD00169,2,5358.09,0.19,8680.11
ITEM0007711,ORD003711,PROD00118,1,8273.55,0.0,8273.55
ITEM0007712,ORD003711,PROD00083,2,9425.24,0.0,18850.48
ITEM0007713,ORD003712,PROD00045,1,4706.05,0.05,4470.75
ITEM0007714,ORD003712,PROD00094,2,6449.58,0.0,12899.16
ITEM0007715,ORD003712,PROD00025,1,3078.83,0.0,3078.83
ITEM0007716,ORD003713,PROD00193,1,9202.76,0.0,9202.76
ITEM0007717,ORD003713,PROD00198,1,1516.26,0.0,1516.26
ITEM0007718,ORD003713,PROD00226,1,648.79,0.0,648.79
ITEM0007719,ORD003713,PROD00284,4,1981.58,0.0,7926.32
ITEM0007720,ORD003714,PROD00094,2,6449.58,0.0,12899.16
ITEM0007721,ORD003715,PROD00005,2,246.43,0.25,369.64
ITEM0007722,ORD003715,PROD00263,2,4979.64,0.19,8067.02
ITEM0007723,ORD003716,PROD00189,3,7636.65,0.0,22909.95
ITEM0007724,ORD003716,PROD00041,1,3958.75,0.24,3008.65
ITEM0007725,ORD003716,PROD00121,1,11305.27,0.0,11305.27
ITEM0007726,ORD003717,PROD00174,1,4285.14,0.0,4285.14
ITEM0007727,ORD003717,PROD00002,2,231.58,0.0,463.16
ITEM0007728,ORD003717,PROD00014,1,1451.31,0.0,1451.31
ITEM0007729,ORD003718,PROD00015,2,5418.41,0.0,10836.82
ITEM0007730,ORD003718,PROD00070,1,6693.56,0.0,6693.56
ITEM0007731,ORD003719,PROD00270,1,4350.17,0.0,4350.17
ITEM0007732,ORD003720,PROD00223,4,2430.88,0.04,9334.58
ITEM0007733,ORD003720,PROD00183,1,526.69,0.0,526.69
ITEM0007734,ORD003720,PROD00294,1,8182.59,0.0,8182.59
ITEM0007735,ORD003720,PROD00244,1,4549.33,0.08,4185.38
ITEM0007736,ORD003721,PROD00051,2,8693.03,0.23,13387.27
ITEM0007737,ORD003722,PROD00194,1,535.55,0.3,374.88
ITEM0007738,ORD003722,PROD00037,2,5435.74,0.0,10871.48
ITEM0007739,ORD003722,PROD00266,1,5956.89,0.0,5956.89
ITEM0007740,ORD003722,PROD00195,1,9608.14,0.0,9608.14
ITEM0007741,ORD003723,PROD00298,3,5321.16,0.0,15963.48
ITEM0007742,ORD003724,PROD00083,1,9425.24,0.19,7634.44
ITEM0007743,ORD003725,PROD00247,1,7341.91,0.0,7341.91
ITEM0007744,ORD003726,PROD00078,1,2028.86,0.0,2028.86
ITEM0007745,ORD003726,PROD00208,4,4099.5,0.0,16398.0
ITEM0007746,ORD003726,PROD00078,2,2028.86,0.0,4057.72
ITEM0007747,ORD003726,PROD00006,1,8153.69,0.13,7093.71
ITEM0007748,ORD003727,PROD00021,2,6443.82,0.0,12887.64
ITEM0007749,ORD003727,PROD00113,1,3472.93,0.0,3472.93
ITEM0007750,ORD003727,PROD00231,2,3622.68,0.27,5289.11
ITEM0007751,ORD003727,PROD00105,1,3095.41,0.0,3095.41
ITEM0007752,ORD003728,PROD00098,1,2402.47,0.0,2402.47
ITEM0007753,ORD003728,PROD00173,1,1658.99,0.0,1658.99
ITEM0007754,ORD003729,PROD00095,1,1505.02,0.0,1505.02
ITEM0007755,ORD003730,PROD00240,2,4510.78,0.0,9021.56
ITEM0007756,ORD003731,PROD00053,2,7229.99,0.0,14459.98
ITEM0007757,ORD003732,PROD00056,1,6326.27,0.22,4934.49
ITEM0007758,ORD003732,PROD00257,4,1371.33,0.03,5320.75
ITEM0007759,ORD003732,PROD00251,1,3365.3,0.0,3365.3
ITEM0007760,ORD003732,PROD00232,2,3144.6,0.0,6289.2
ITEM0007761,ORD003732,PROD00239,2,467.33,0.0,934.66
ITEM0007762,ORD003733,PROD00042,1,8235.83,0.0,8235.83
ITEM0007763,ORD003733,PROD00187,2,6641.17,0.0,13282.34
ITEM0007764,ORD003734,PROD00015,3,5418.41,0.0,16255.23
ITEM0007765,ORD003735,PROD00092,1,1552.76,0.04,1490.65
ITEM0007766,ORD003736,PROD00207,2,6547.46,0.0,13094.92
ITEM0007767,ORD003736,PROD00229,1,726.54,0.0,726.54
ITEM0007768,ORD003736,PROD00295,2,895.09,0.0,1790.18
ITEM0007769,ORD003736,PROD00157,1,2525.54,0.0,2525.54
ITEM0007770,ORD003737,PROD00038,1,1983.28,0.0,1983.28
ITEM0007771,ORD003738,PROD00022,1,1547.99,0.26,1145.51
ITEM0007772,ORD003738,PROD00021,4,6443.82,0.03,25002.02
ITEM0007773,ORD003738,PROD00293,1,5361.88,0.0,5361.88
ITEM0007774,ORD003738,PROD00001,1,9272.65,0.0,9272.65
ITEM0007775,ORD003739,PROD00022,2,1547.99,0.0,3095.98
ITEM0007776,ORD003740,PROD00026,1,992.19,0.04,952.5
ITEM0007777,ORD003741,PROD00049,1,5326.74,0.25,3995.06
ITEM0007778,ORD003741,PROD00190,3,3528.69,0.1,9527.46
ITEM0007779,ORD003742,PROD00282,1,3504.39,0.0,3504.39
ITEM0007780,ORD003743,PROD00185,1,2719.98,0.0,2719.98
ITEM0007781,ORD003743,PROD00110,3,7163.14,0.0,21489.42
ITEM0007782,ORD003743,PROD00163,1,2745.97,0.0,2745.97
ITEM0007783,ORD003743,PROD00126,1,10802.22,0.0,10802.22
ITEM0007784,ORD003744,PROD00126,1,10802.22,0.0,10802.22
ITEM0007785,ORD003745,PROD00195,1,9608.14,0.05,9127.73
ITEM0007786,ORD003745,PROD00061,2,4205.57,0.0,8411.14
ITEM0007787,ORD003746,PROD00005,1,246.43,0.0,246.43
ITEM0007788,ORD003746,PROD00180,1,7030.69,0.08,6468.23
ITEM0007789,ORD003747,PROD00068,1,1589.23,0.0,1589.23
ITEM0007790,ORD003747,PROD00158,1,8138.6,0.0,8138.6
ITEM0007791,ORD003748,PROD00248,1,10128.22,0.0,10128.22
ITEM0007792,ORD003748,PROD00058,2,4592.96,0.0,9185.92
ITEM0007793,ORD003749,PROD00249,1,4279.09,0.0,4279.09
ITEM0007794,ORD003749,PROD00038,2,1983.28,0.14,3411.24
ITEM0007795,ORD003749,PROD00157,3,2525.54,0.0,7576.62
ITEM0007796,ORD003750,PROD00046,1,8988.77,0.0,8988.77
ITEM0007797,ORD003750,PROD00287,1,6559.01,0.0,6559.01
ITEM0007798,ORD003751,PROD00245,1,6215.91,0.0,6215.91
ITEM0007799,ORD003751,PROD00175,2,8513.93,0.11,15154.8
ITEM0007800,ORD003751,PROD00240,2,4510.78,0.0,9021.56
ITEM0007801,ORD003751,PROD00292,2,5910.44,0.11,10520.58
ITEM0007802,ORD003752,PROD00127,2,5321.52,0.0,10643.04
ITEM0007803,ORD003753,PROD00077,1,7101.66,0.0,7101.66
ITEM0007804,ORD003753,PROD00211,2,1624.33,0.0,3248.66
ITEM0007805,ORD003753,PROD00084,1,7622.23,0.0,7622.23
ITEM0007806,ORD003753,PROD00148,2,3870.28,0.0,7740.56
ITEM0007807,ORD003754,PROD00058,2,4592.96,0.0,9185.92
ITEM0007808,ORD003755,PROD00189,1,7636.65,0.2,6109.32
ITEM0007809,ORD003755,PROD00048,4,1926.71,0.0,7706.84
ITEM0007810,ORD003755,PROD00185,2,2719.98,0.0,5439.96
ITEM0007811,ORD003756,PROD00182,4,3616.25,0.0,14465.0
ITEM0007812,ORD003756,PROD00002,1,231.58,0.0,231.58
ITEM0007813,ORD003756,PROD00151,1,5518.05,0.0,5518.05
ITEM0007814,ORD003757,PROD00299,1,10649.19,0.0,10649.19
ITEM0007815,ORD003757,PROD00248,1,10128.22,0.0,10128.22
ITEM0007816,ORD003757,PROD00243,2,6308.05,0.29,8957.43
ITEM0007817,ORD003757,PROD00281,2,7979.23,0.0,15958.46
ITEM0007818,ORD003757,PROD00139,2,5962.8,0.0,11925.6
ITEM0007819,ORD003758,PROD00188,1,1657.41,0.22,1292.78
ITEM0007820,ORD003759,PROD00155,1,1532.82,0.0,1532.82
ITEM0007821,ORD003759,PROD00111,1,5596.44,0.21,4421.19
ITEM0007822,ORD003759,PROD00269,1,2135.25,0.24,1622.79
ITEM0007823,ORD003759,PROD00251,2,3365.3,0.02,6595.99
ITEM0007824,ORD003760,PROD00223,2,2430.88,0.0,4861.76
ITEM0007825,ORD003760,PROD00234,1,9552.76,0.0,9552.76
ITEM0007826,ORD003760,PROD00117,2,498.3,0.19,807.25
ITEM0007827,ORD003761,PROD00012,4,7089.43,0.26,20984.71
ITEM0007828,ORD003762,PROD00222,1,3002.04,0.25,2251.53
ITEM0007829,ORD003763,PROD00014,2,1451.31,0.0,2902.62
ITEM0007830,ORD003763,PROD00067,1,996.38,0.0,996.38
ITEM0007831,ORD003763,PROD00156,1,1816.09,0.0,1816.09
ITEM0007832,ORD003763,PROD00214,3,8107.58,0.0,24322.74
ITEM0007833,ORD003763,PROD00276,1,8701.77,0.0,8701.77
ITEM0007834,ORD003764,PROD00205,1,6283.38,0.0,6283.38
ITEM0007835,ORD003765,PROD00103,1,9136.07,0.0,9136.07
ITEM0007836,ORD003766,PROD00089,1,781.78,0.0,781.78
ITEM0007837,ORD003767,PROD00230,-2,8026.94,0.14,-13806.34
ITEM0007838,ORD003767,PROD00060,-2,532.72,0.29,-756.46
ITEM0007839,ORD003768,PROD00144,4,9953.38,0.0,39813.52
ITEM0007840,ORD003769,PROD00023,1,3506.84,0.16,2945.75
ITEM0007841,ORD003769,PROD00268,1,852.32,0.15,724.47
ITEM0007842,ORD003770,PROD00095,2,1505.02,0.0,3010.04
ITEM0007843,ORD003771,PROD00240,1,4510.78,0.15,3834.16
ITEM0007844,ORD003771,PROD00038,1,1983.28,0.0,1983.28
ITEM0007845,ORD003772,PROD00207,1,6547.46,0.0,6547.46
ITEM0007846,ORD003773,PROD00089,1,781.78,0.0,781.78
ITEM0007847,ORD003774,PROD00136,2,621.23,0.0,1242.46
ITEM0007848,ORD003774,PROD00240,1,4510.78,0.0,4510.78
ITEM0007849,ORD003775,PROD00097,2,1492.36,0.17,2477.32
ITEM0007850,ORD003776,PROD00272,2,7587.4,0.0,15174.8
ITEM0007851,ORD003776,PROD00291,1,1173.69,0.0,1173.69
ITEM0007852,ORD003777,PROD00028,1,214.4,0.18,175.81
ITEM0007853,ORD003777,PROD00238,1,7201.82,0.0,7201.82
ITEM0007854,ORD003778,PROD00074,1,9420.21,0.18,7724.57
ITEM0007855,ORD003778,PROD00288,1,2790.22,0.04,2678.61
ITEM0007856,ORD003778,PROD00024,2,10115.71,0.25,15173.56
ITEM0007857,ORD003779,PROD00199,2,3657.98,0.0,7315.96
ITEM0007858,ORD003779,PROD00126,1,10802.22,0.0,10802.22
ITEM0007859,ORD003779,PROD00253,1,791.63,0.0,791.63
ITEM0007860,ORD003780,PROD00217,1,260.84,0.0,260.84
ITEM0007861,ORD003781,PROD00132,1,5296.2,0.18,4342.88
ITEM0007862,ORD003782,PROD00204,-2,3352.35,0.0,-6704.7
ITEM0007863,ORD003782,PROD00280,2,4625.83,0.0,9251.66
ITEM0007864,ORD003782,PROD00202,1,1016.59,0.0,1016.59
ITEM0007865,ORD003783,PROD00278,2,629.94,0.0,1259.88
ITEM0007866,ORD003783,PROD00246,2,8011.14,0.28,11536.04
ITEM0007867,ORD003783,PROD00198,1,1516.26,0.0,1516.26
ITEM0007868,ORD003783,PROD00138,1,10725.29,0.0,10725.29
ITEM0007869,ORD003784,PROD00202,2,1016.59,0.19,1646.88
ITEM0007870,ORD003785,PROD00109,3,7944.57,0.0,23833.71
ITEM0007871,ORD003785,PROD00180,1,7030.69,0.0,7030.69
ITEM0007872,ORD003785,PROD00150,1,290.6,0.04,278.98
ITEM0007873,ORD003785,PROD00154,1,5526.27,0.03,5360.48
ITEM0007874,ORD003785,PROD00190,1,3528.69,0.0,3528.69
ITEM0007875,ORD003786,PROD00168,1,5760.76,0.28,4147.75
ITEM0007876,ORD003787,PROD00174,1,4285.14,0.29,3042.45
ITEM0007877,ORD003788,PROD00216,1,3307.17,0.16,2778.02
ITEM0007878,ORD003788,PROD00260,2,8617.38,0.0,17234.76
ITEM0007879,ORD003788,PROD00079,1,7182.12,0.0,7182.12
ITEM0007880,ORD003789,PROD00098,1,2402.47,0.0,2402.47
ITEM0007881,ORD003790,PROD00260,2,8617.38,0.0,17234.76
ITEM0007882,ORD003790,PROD00169,1,5358.09,0.08,4929.44
ITEM0007883,ORD003791,PROD00268,2,852.32,0.08,1568.27
ITEM0007884,ORD003792,PROD00003,1,2902.0,0.0,2902.0
ITEM0007885,ORD003793,PROD00049,1,5326.74,0.0,5326.74
ITEM0007886,ORD003793,PROD00018,2,2803.77,0.02,5495.39
ITEM0007887,ORD003793,PROD00223,2,2430.88,0.04,4667.29
ITEM0007888,ORD003793,PROD00025,2,3078.83,0.0,6157.66
ITEM0007889,ORD003794,PROD00299,2,10649.19,0.0,21298.38
ITEM0007890,ORD003795,PROD00234,1,9552.76,0.18,7833.26
ITEM0007891,ORD003795,PROD00020,4,7970.85,0.0,31883.4
ITEM0007892,ORD003796,PROD00169,1,5358.09,0.0,5358.09
ITEM0007893,ORD003797,PROD00289,1,3097.21,0.0,3097.21
ITEM0007894,ORD003797,PROD00186,3,1445.96,0.0,4337.88
ITEM0007895,ORD003798,PROD00108,1,7407.37,0.18,6074.04
ITEM0007896,ORD003798,PROD00140,1,1718.72,0.0,1718.72
ITEM0007897,ORD003799,PROD00062,3,5673.89,0.0,17021.67
ITEM0007898,ORD003800,PROD00186,2,1445.96,0.0,2891.92
ITEM0007899,ORD003800,PROD00008,1,5338.8,0.0,5338.8
ITEM0007900,ORD003801,PROD00278,1,629.94,0.0,629.94
ITEM0007901,ORD003802,PROD00062,1,5673.89,0.29,4028.46
ITEM0007902,ORD003803,PROD00080,2,862.91,0.0,1725.82
ITEM0007903,ORD003803,PROD00218,3,6300.23,0.0,18900.69
ITEM0007904,ORD003803,PROD00241,2,1675.99,0.0,3351.97
ITEM0007905,ORD003804,PROD00219,1,344.65,0.21,272.27
ITEM0007906,ORD003805,PROD00207,1,6547.46,0.1,5892.71
ITEM0007907,ORD003806,PROD00236,1,2661.51,0.1,2395.36
ITEM0007908,ORD003806,PROD00049,1,5326.74,0.04,5113.67
ITEM0007909,ORD003806,PROD00035,1,2576.9,0.14,2216.13
ITEM0007910,ORD003806,PROD00100,1,8661.69,0.0,8661.69
ITEM0007911,ORD003806,PROD00068,2,1589.23,0.0,3178.46
ITEM0007912,ORD003807,PROD00025,1,3078.83,0.0,3078.83
ITEM0007913,ORD003808,PROD00022,1,1547.99,0.17,1284.83
ITEM0007914,ORD003808,PROD00193,1,9202.76,0.0,9202.76
ITEM0007915,ORD003809,PROD00134,1,1127.73,0.29,800.69
ITEM0007916,ORD003810,PROD00178,1,7985.04,0.0,7985.04
ITEM0007917,ORD003810,PROD00260,1,8617.38,0.29,6118.34
ITEM0007918,ORD003810,PROD00023,1,3506.84,0.08,3226.29
ITEM0007919,ORD003810,PROD00170,2,1830.72,0.0,3661.44
ITEM0007920,ORD003811,PROD00216,1,3307.17,0.0,3307.17
ITEM0007921,ORD003811,PROD00172,1,734.93,0.0,734.93
ITEM0007922,ORD003812,PROD00005,1,246.43,0.29,174.97
ITEM0007923,ORD003813,PROD00042,1,8235.83,0.0,8235.83
ITEM0007924,ORD003814,PROD00215,1,379.53,0.21,299.83
ITEM0007925,ORD003814,PROD00246,2,8011.14,0.04,15381.39
ITEM0007926,ORD003815,PROD00281,2,7979.23,0.23,12288.01
ITEM0007927,ORD003815,PROD00096,1,4639.15,0.0,4639.15
ITEM0007928,ORD003815,PROD00300,3,1343.36,0.18,3304.67
ITEM0007929,ORD003815,PROD00071,1,534.87,0.0,534.87
ITEM0007930,ORD003815,PROD00178,3,7985.04,0.0,23955.12
ITEM0007931,ORD003816,PROD00154,1,5526.27,0.0,5526.27
ITEM0007932,ORD003816,PROD00278,1,629.94,0.0,629.94
ITEM0007933,ORD003816,PROD00146,1,504.1,0.0,504.1
ITEM0007934,ORD003816,PROD00117,2,498.3,0.18,817.21
ITEM0007935,ORD003817,PROD00214,1,8107.58,0.05,7702.2
ITEM0007936,ORD003817,PROD00162,1,3555.3,0.0,3555.3
ITEM0007937,ORD003817,PROD00100,2,8661.69,0.0,17323.38
ITEM0007938,ORD003818,PROD00193,1,9202.76,0.09,8374.51
ITEM0007939,ORD003818,PROD00155,1,1532.82,0.15,1302.9
ITEM0007940,ORD003818,PROD00048,1,1926.71,0.0,1926.71
ITEM0007941,ORD003819,PROD00008,4,5338.8,0.0,21355.2
ITEM0007942,ORD003819,PROD00034,1,2533.01,0.0,2533.01
ITEM0007943,ORD003819,PROD00086,1,5791.83,0.0,5791.83
ITEM0007944,ORD003819,PROD00175,3,8513.93,0.0,25541.79
ITEM0007945,ORD003819,PROD00245,1,6215.91,0.0,6215.91
ITEM0007946,ORD003820,PROD00121,1,11305.27,0.0,11305.27
ITEM0007947,ORD003821,PROD00015,1,5418.41,0.23,4172.18
ITEM0007948,ORD003821,PROD00128,1,4199.76,0.0,4199.76
ITEM0007949,ORD003822,PROD00140,2,1718.72,0.14,2956.2
ITEM0007950,ORD003822,PROD00218,2,6300.23,0.0,12600.46
ITEM0007951,ORD003823,PROD00282,1,3504.39,0.0,3504.39
ITEM0007952,ORD003823,PROD00206,1,8632.13,0.0,8632.13
ITEM0007953,ORD003823,PROD00058,3,4592.96,0.27,10058.58
ITEM0007954,ORD003824,PROD00200,1,7131.42,0.13,6204.34
ITEM0007955,ORD003824,PROD00209,2,3816.19,0.13,6640.17
ITEM0007956,ORD003825,PROD00059,2,11784.91,0.17,19562.95
ITEM0007957,ORD003826,PROD00214,2,8107.58,0.07,15080.1
ITEM0007958,ORD003826,PROD00195,1,9608.14,0.25,7206.1
ITEM0007959,ORD003826,PROD00219,2,344.65,0.0,689.3
ITEM0007960,ORD003826,PROD00105,1,3095.41,0.01,3064.46
ITEM0007961,ORD003827,PROD00178,4,7985.04,0.0,31940.16
ITEM0007962,ORD003827,PROD00118,3,8273.55,0.0,24820.65
ITEM0007963,ORD003828,PROD00114,1,2295.26,0.0,2295.26
ITEM0007964,ORD003829,PROD00184,1,1498.15,0.0,1498.15
ITEM0007965,ORD003829,PROD00045,3,4706.05,0.0,14118.15
ITEM0007966,ORD003829,PROD00042,1,8235.83,0.01,8153.47
ITEM0007967,ORD003829,PROD00065,1,6570.64,0.06,6176.4
ITEM0007968,ORD003830,PROD00090,2,494.65,0.0,989.3
ITEM0007969,ORD003830,PROD00103,2,9136.07,0.0,18272.14
ITEM0007970,ORD003831,PROD00207,1,6547.46,0.0,6547.46
ITEM0007971,ORD003831,PROD00017,1,9163.85,0.17,7606.0
ITEM0007972,ORD003832,PROD00163,1,2745.97,0.0,2745.97
ITEM0007973,ORD003833,PROD00196,1,6703.46,0.0,6703.46
ITEM0007974,ORD003833,PROD00074,2,9420.21,0.27,13753.51
ITEM0007975,ORD003833,PROD00283,1,7427.34,0.23,5719.05
ITEM0007976,ORD003833,PROD00156,2,1816.09,0.0,3632.18
ITEM0007977,ORD003833,PROD00184,1,1498.15,0.09,1363.32
ITEM0007978,ORD003834,PROD00058,1,4592.96,0.11,4087.73
ITEM0007979,ORD003835,PROD00226,1,648.79,0.0,648.79
ITEM0007980,ORD003836,PROD00174,1,4285.14,0.0,4285.14
ITEM0007981,ORD003836,PROD00073,1,9071.35,0.17,7529.22
ITEM0007982,ORD003836,PROD00031,1,4066.81,0.28,2928.1
ITEM0007983,ORD003837,PROD00084,1,7622.23,0.0,7622.23
ITEM0007984,ORD003838,PROD00082,1,3992.96,0.0,3992.96
ITEM0007985,ORD003838,PROD00257,1,2577.86,0.06,2423.19
ITEM0007986,ORD003839,PROD00004,1,4097.38,0.29,2909.14
ITEM0007987,ORD003839,PROD00292,2,5910.44,0.0,11820.88
ITEM0007988,ORD003839,PROD00191,3,4249.81,0.0,12749.43
ITEM0007989,ORD003839,PROD00298,1,5321.16,0.0,5321.16
ITEM0007990,ORD003840,PROD00202,1,1016.59,0.0,1016.59
ITEM0007991,ORD003841,PROD00128,1,4199.76,0.0,4199.76
ITEM0007992,ORD003841,PROD00262,1,1460.84,0.0,1460.84
ITEM0007993,ORD003842,PROD00038,2,1983.28,0.0,3966.56
ITEM0007994,ORD003843,PROD00257,3,2116.55,0.0,6349.65
ITEM0007995,ORD003843,PROD00264,1,8008.38,0.0,8008.38
ITEM0007996,ORD003843,PROD00164,1,5504.82,0.0,5504.82
ITEM0007997,ORD003844,PROD00017,1,9163.85,0.0,9163.85
ITEM0007998,ORD003844,PROD00231,1,3622.68,0.0,3622.68
ITEM0007999,ORD003844,PROD00004,1,4097.38,0.0,4097.38
ITEM0008000,ORD003844,PROD00224,1,8522.29,0.0,8522.29
ITEM0008001,ORD003844,PROD00094,1,6449.58,0.15,5482.14
ITEM0008002,ORD003845,PROD00071,2,534.87,0.16,898.58
ITEM0008003,ORD003845,PROD00160,1,1750.19,0.0,1750.19
ITEM0008004,ORD003845,PROD00010,3,2259.53,0.26,5016.16
ITEM0008005,ORD003846,PROD00262,1,1460.84,0.0,1460.84
ITEM0008006,ORD003846,PROD00254,1,3623.42,0.0,3623.42
ITEM0008007,ORD003846,PROD00139,2,5962.8,0.0,11925.6
ITEM0008008,ORD003847,PROD00090,1,494.65,0.0,494.65
ITEM0008009,ORD003847,PROD00242,1,2496.43,0.05,2371.61
ITEM0008010,ORD003847,PROD00219,3,344.65,0.0,1033.95
ITEM0008011,ORD003847,PROD00169,2,5358.09,0.0,10716.18
ITEM0008012,ORD003847,PROD00080,1,862.91,0.0,862.91
ITEM0008013,ORD003848,PROD00256,2,256.57,0.0,513.14
ITEM0008014,ORD003848,PROD00202,3,1016.59,0.0,3049.77
ITEM0008015,ORD003848,PROD00064,1,4268.27,0.0,4268.27
ITEM0008016,ORD003848,PROD00010,2,2259.53,0.0,4519.06
ITEM0008017,ORD003848,PROD00294,1,8182.59,0.28,5891.46
ITEM0008018,ORD003849,PROD00197,1,8766.75,0.0,8766.75
ITEM0008019,ORD003849,PROD00010,1,2259.53,0.0,2259.53
ITEM0008020,ORD003850,PROD00239,1,467.33,0.0,467.33
ITEM0008021,ORD003851,PROD00069,4,1075.34,0.0,4301.34
ITEM0008022,ORD003852,PROD00192,3,5116.05,0.0,15348.15
ITEM0008023,ORD003853,PROD00044,1,5424.36,0.0,5424.36
ITEM0008024,ORD003854,PROD00108,3,7407.37,0.0,22222.11
ITEM0008025,ORD003854,PROD00225,1,6042.7,0.0,6042.7
ITEM0008026,ORD003855,PROD00239,1,467.33,0.0,467.33
ITEM0008027,ORD003855,PROD00023,3,3506.84,0.0,10520.52
ITEM0008028,ORD003856,PROD00248,3,10128.22,0.0,30384.66
ITEM0008029,ORD003856,PROD00090,1,494.65,0.21,390.77
ITEM0008030,ORD003856,PROD00246,2,8011.14,0.02,15701.83
ITEM0008031,ORD003857,PROD00295,2,895.09,0.0,1790.18
ITEM0008032,ORD003858,PROD00029,1,5799.72,0.0,5799.72
ITEM0008033,ORD003858,PROD00238,4,7201.82,0.0,28807.28
ITEM0008034,ORD003858,PROD00269,1,2135.25,0.0,2135.25
ITEM0008035,ORD003858,PROD00264,1,8008.38,0.0,8008.38
ITEM0008036,ORD003859,PROD00160,1,1750.19,0.0,1750.19
ITEM0008037,ORD003859,PROD00227,2,3250.8,0.0,6501.6
ITEM0008038,ORD003860,PROD00213,2,9402.56,0.0,18805.12
ITEM0008039,ORD003860,PROD00127,1,5321.52,0.03,5161.87
ITEM0008040,ORD003860,PROD00063,1,1083.33,0.06,1018.33
ITEM0008041,ORD003860,PROD00087,2,4546.57,0.0,9093.14
ITEM0008042,ORD003861,PROD00227,2,3250.8,0.0,6501.6
ITEM0008043,ORD003862,PROD00112,2,3435.2,0.0,6870.4
ITEM0008044,ORD003862,PROD00279,1,7168.01,0.0,7168.01
ITEM0008045,ORD003863,PROD00140,1,1718.72,0.12,1512.47
ITEM0008046,ORD003863,PROD00266,1,5956.89,0.0,5956.89
ITEM0008047,ORD003863,PROD00209,1,3816.19,0.0,3816.19
ITEM0008048,ORD003863,PROD00206,1,8632.13,0.07,8027.88
ITEM0008049,ORD003864,PROD00038,2,1983.28,0.0,3966.56
ITEM0008050,ORD003865,PROD00044,1,5424.36,0.0,5424.36
ITEM0008051,ORD003865,PROD00106,1,3963.99,0.0,3963.99
ITEM0008052,ORD003866,PROD00152,1,1231.99,0.0,1231.99
ITEM0008053,ORD003867,PROD00270,1,4350.17,0.0,4350.17
ITEM0008054,ORD003867,PROD00276,1,8701.77,0.0,8701.77
ITEM0008055,ORD003868,PROD00280,1,4625.83,0.0,4625.83
ITEM0008056,ORD003869,PROD00035,3,2576.9,0.0,7730.7
ITEM0008057,ORD003869,PROD00241,1,1123.94,0.24,854.19
ITEM0008058,ORD003869,PROD00045,1,4706.05,0.08,4329.57
ITEM0008059,ORD003870,PROD00049,2,5326.74,0.0,10653.48
ITEM0008060,ORD003870,PROD00054,2,5941.63,0.0,11883.26
ITEM0008061,ORD003871,PROD00147,1,4961.76,0.0,4961.76
ITEM0008062,ORD003872,PROD00266,1,5956.89,0.0,5956.89
ITEM0008063,ORD003873,PROD00265,2,4207.25,0.19,6815.75
ITEM0008064,ORD003873,PROD00052,2,1689.78,0.21,2669.85
ITEM0008065,ORD003874,PROD00074,2,9420.21,0.22,14695.53
ITEM0008066,ORD003874,PROD00028,2,214.4,0.0,428.8
ITEM0008067,ORD003875,PROD00203,3,477.27,0.0,1431.81
ITEM0008068,ORD003876,PROD00053,4,7229.99,0.18,23714.37
ITEM0008069,ORD003876,PROD00256,2,256.57,0.0,513.14
ITEM0008070,ORD003877,PROD00254,2,3623.42,0.06,6812.03
ITEM0008071,ORD003877,PROD00159,2,198.83,0.24,302.22
ITEM0008072,ORD003878,PROD00173,1,2248.87,0.0,2248.87
ITEM0008073,ORD003878,PROD00124,4,2025.14,0.0,8100.56
ITEM0008074,ORD003879,PROD00262,2,1460.84,0.13,2541.86
ITEM0008075,ORD003879,PROD00176,2,5492.71,0.23,8458.77
ITEM0008076,ORD003880,PROD00273,1,4432.81,0.0,4432.81
ITEM0008077,ORD003880,PROD00192,2,5116.05,0.0,10232.1
ITEM0008078,ORD003881,PROD00234,1,9552.76,0.0,9552.76
ITEM0008079,ORD003881,PROD00264,1,8008.38,0.0,8008.38
ITEM0008080,ORD003881,PROD00161,3,2894.21,0.24,6598.8
ITEM0008081,ORD003881,PROD00263,1,4979.64,0.0,4979.64
ITEM0008082,ORD003881,PROD00242,1,2496.43,0.0,2496.43
ITEM0008083,ORD003882,PROD00067,1,996.38,0.12,876.81
ITEM0008084,ORD003882,PROD00289,1,3097.21,0.0,3097.21
ITEM0008085,ORD003882,PROD00227,2,3250.8,0.04,6241.54
ITEM0008086,ORD003883,PROD00031,2,4066.81,0.01,8052.28
ITEM0008087,ORD003883,PROD00124,2,2025.14,0.0,4050.28
ITEM0008088,ORD003883,PROD00081,1,2624.19,0.0,2624.19
ITEM0008089,ORD003883,PROD00130,2,3445.25,0.0,6890.5
ITEM0008090,ORD003883,PROD00220,2,6168.69,0.0,12337.38
ITEM0008091,ORD003884,PROD00156,1,1816.09,0.0,1816.09
ITEM0008092,ORD003885,PROD00230,1,8026.94,0.03,7786.13
ITEM0008093,ORD003885,PROD00220,1,6168.69,0.0,6168.69
ITEM0008094,ORD003886,PROD00273,1,4432.81,0.0,4432.81
ITEM0008095,ORD003886,PROD00115,1,3250.57,0.0,3250.57
ITEM0008096,ORD003887,PROD00135,2,2086.2,0.0,4172.4
ITEM0008097,ORD003887,PROD00279,1,7168.01,0.0,7168.01
ITEM0008098,ORD003887,PROD00133,1,7313.64,0.0,7313.64
ITEM0008099,ORD003888,PROD00143,1,1075.34,0.25,806.5
ITEM0008100,ORD003889,PROD00084,2,7622.23,0.0,15244.46
ITEM0008101,ORD003889,PROD00076,2,6038.15,0.0,12076.3
ITEM0008102,ORD003890,PROD00138,1,10725.29,0.0,10725.29
ITEM0008103,ORD003890,PROD00177,1,5446.6,0.0,5446.6
ITEM0008104,ORD003891,PROD00076,1,6038.15,0.0,6038.15
ITEM0008105,ORD003891,PROD00264,1,8008.38,0.04,7688.04
ITEM0008106,ORD003892,PROD00148,1,3870.28,0.15,3289.74
ITEM0008107,ORD003893,PROD00129,2,2500.46,0.18,4100.75
ITEM0008108,ORD003893,PROD00045,1,4706.05,0.0,4706.05
ITEM0008109,ORD003893,PROD00172,4,734.93,0.0,2939.72
ITEM0008110,ORD003894,PROD00197,1,8766.75,0.15,7451.74
ITEM0008111,ORD003894,PROD00175,1,8513.93,0.0,8513.93
ITEM0008112,ORD003895,PROD00241,1,2864.26,0.14,2463.27
ITEM0008113,ORD003895,PROD00181,1,2887.17,0.22,2251.99
ITEM0008114,ORD003896,PROD00239,1,467.33,0.21,369.19
ITEM0008115,ORD003896,PROD00221,1,901.85,0.0,901.85
ITEM0008116,ORD003896,PROD00207,1,6547.46,0.0,6547.46
ITEM0008117,ORD003897,PROD00009,1,5332.96,0.0,5332.96
ITEM0008118,ORD003897,PROD00025,1,3078.83,0.0,3078.83
ITEM0008119,ORD003897,PROD00015,1,5418.41,0.0,5418.41
ITEM0008120,ORD003898,PROD00201,2,3944.29,0.0,7888.58
ITEM0008121,ORD003898,PROD00101,1,1373.9,0.0,1373.9
ITEM0008122,ORD003898,PROD00091,2,1302.09,0.0,2604.18
ITEM0008123,ORD003898,PROD00093,2,3802.74,0.0,7605.48
ITEM0008124,ORD003899,PROD00257,1,806.26,0.17,669.19
ITEM0008125,ORD003899,PROD00266,1,5956.89,0.0,5956.89
ITEM0008126,ORD003899,PROD00249,1,4279.09,0.0,4279.09
ITEM0008127,ORD003900,PROD00028,1,214.4,0.0,214.4
ITEM0008128,ORD003900,PROD00296,1,1188.71,0.0,1188.71
ITEM0008129,ORD003900,PROD00001,1,9272.65,0.0,9272.65
ITEM0008130,ORD003901,PROD00265,1,4207.25,0.21,3323.73
ITEM0008131,ORD003902,PROD00174,1,4285.14,0.0,4285.14
ITEM0008132,ORD003903,PROD00109,2,7944.57,0.0,15889.14
ITEM0008133,ORD003903,PROD00058,1,4592.96,0.0,4592.96
ITEM0008134,ORD003903,PROD00071,1,534.87,0.02,524.17
ITEM0008135,ORD003903,PROD00179,3,6055.62,0.0,18166.86
ITEM0008136,ORD003904,PROD00017,1,9163.85,0.0,9163.85
ITEM0008137,ORD003904,PROD00001,2,9272.65,0.0,18545.3
ITEM0008138,ORD003904,PROD00218,2,6300.23,0.0,12600.46
ITEM0008139,ORD003904,PROD00137,1,5635.51,0.0,5635.51
ITEM0008140,ORD003904,PROD00154,3,5526.27,0.0,16578.81
ITEM0008141,ORD003905,PROD00071,2,534.87,0.0,1069.74
ITEM0008142,ORD003906,PROD00061,2,4205.57,0.0,8411.14
ITEM0008143,ORD003907,PROD00013,2,10508.19,0.0,21016.38
ITEM0008144,ORD003907,PROD00067,3,996.38,0.0,2989.14
ITEM0008145,ORD003908,PROD00116,2,3835.95,0.03,7441.74
ITEM0008146,ORD003908,PROD00043,1,1789.22,0.0,1789.22
ITEM0008147,ORD003908,PROD00079,1,7182.12,0.08,6607.55
ITEM0008148,ORD003909,PROD00085,2,1960.53,0.0,3921.06
ITEM0008149,ORD003910,PROD00263,1,4979.64,0.0,4979.64
ITEM0008150,ORD003910,PROD00063,2,1083.33,0.0,2166.66
ITEM0008151,ORD003910,PROD00133,1,7313.64,0.29,5192.68
ITEM0008152,ORD003911,PROD00123,2,2950.23,0.2,4720.37
ITEM0008153,ORD003911,PROD00181,-1,2887.17,0.14,-2482.97
ITEM0008154,ORD003912,PROD00186,1,1445.96,0.0,1445.96
ITEM0008155,ORD003913,PROD00145,1,5845.69,0.0,5845.69
ITEM0008156,ORD003914,PROD00039,1,6419.63,0.14,5520.88
ITEM0008157,ORD003915,PROD00254,3,3623.42,0.0,10870.26
ITEM0008158,ORD003915,PROD00292,1,5910.44,0.3,4137.31
ITEM0008159,ORD003915,PROD00009,3,5332.96,0.0,15998.88
ITEM0008160,ORD003916,PROD00022,1,1547.99,0.0,1547.99
ITEM0008161,ORD003916,PROD00259,1,1489.83,0.0,1489.83
ITEM0008162,ORD003917,PROD00024,1,10115.71,0.0,10115.71
ITEM0008163,ORD003918,PROD00116,4,3835.95,0.0,15343.8
ITEM0008164,ORD003918,PROD00066,4,899.86,0.12,3167.51
ITEM0008165,ORD003918,PROD00224,1,8522.29,0.0,8522.29
ITEM0008166,ORD003919,PROD00267,2,3457.61,0.0,6915.22
ITEM0008167,ORD003919,PROD00267,2,3457.61,0.0,6915.22
ITEM0008168,ORD003919,PROD00139,1,5962.8,0.0,5962.8
ITEM0008169,ORD003919,PROD00173,1,1616.28,0.0,1616.28
ITEM0008170,ORD003919,PROD00085,1,1960.53,0.0,1960.53
ITEM0008171,ORD003920,PROD00119,1,9197.85,0.0,9197.85
ITEM0008172,ORD003920,PROD00122,1,11549.43,0.08,10625.48
ITEM0008173,ORD003921,PROD00176,2,5492.71,0.14,9447.46
ITEM0008174,ORD003921,PROD00285,1,2757.81,0.0,2757.81
ITEM0008175,ORD003922,PROD00194,1,535.55,0.0,535.55
ITEM0008176,ORD003922,PROD00284,2,1981.58,0.01,3923.53
ITEM0008177,ORD003923,PROD00215,1,379.53,0.0,379.53
ITEM0008178,ORD003923,PROD00100,1,8661.69,0.0,8661.69
ITEM0008179,ORD003923,PROD00024,2,10115.71,0.0,20231.42
ITEM0008180,ORD003923,PROD00179,1,6055.62,0.0,6055.62
ITEM0008181,ORD003924,PROD00190,1,3528.69,0.0,3528.69
ITEM0008182,ORD003924,PROD00219,2,344.65,0.2,551.44
ITEM0008183,ORD003925,PROD00166,1,7134.8,0.03,6920.76
ITEM0008184,ORD003926,PROD00099,1,6088.4,0.0,6088.4
ITEM0008185,ORD003926,PROD00143,2,1075.34,0.0,2150.68
ITEM0008186,ORD003926,PROD00029,2,5799.72,0.14,9975.52
ITEM0008187,ORD003926,PROD00206,3,8632.13,0.19,20976.08
ITEM0008188,ORD003927,PROD00143,1,1075.34,0.0,1075.34
ITEM0008189,ORD003928,PROD00156,2,1816.09,0.0,3632.18
ITEM0008190,ORD003928,PROD00256,1,256.57,0.0,256.57
ITEM0008191,ORD003928,PROD00184,2,1498.15,0.0,2996.3
ITEM0008192,ORD003929,PROD00136,3,621.23,0.0,1863.69
ITEM0008193,ORD003930,PROD00263,1,4979.64,0.02,4880.05
ITEM0008194,ORD003930,PROD00063,1,1083.33,0.01,1072.5
ITEM0008195,ORD003930,PROD00288,1,2790.22,0.0,2790.22
ITEM0008196,ORD003930,PROD00144,1,9953.38,0.22,7763.64
ITEM0008197,ORD003930,PROD00269,1,2135.25,0.0,2135.25
ITEM0008198,ORD003931,PROD00068,2,1589.23,0.0,3178.46
ITEM0008199,ORD003931,PROD00273,2,4432.81,0.19,7181.15
ITEM0008200,ORD003931,PROD00297,4,10930.45,0.0,43721.8
ITEM0008201,ORD003932,PROD00093,2,3802.74,0.25,5704.11
ITEM0008202,ORD003933,PROD00300,1,1343.36,0.24,1020.95
ITEM0008203,ORD003933,PROD00263,1,4979.64,0.26,3684.93
ITEM0008204,ORD003933,PROD00255,2,7383.63,0.0,14767.26
ITEM0008205,ORD003934,PROD00026,3,992.19,0.28,2143.13
ITEM0008206,ORD003934,PROD00275,1,5765.78,0.0,5765.78
ITEM0008207,ORD003935,PROD00158,3,8138.6,0.0,24415.8
ITEM0008208,ORD003936,PROD00004,1,4097.38,0.06,3851.54
ITEM0008209,ORD003937,PROD00183,3,526.69,0.0,1580.07
ITEM0008210,ORD003937,PROD00029,1,5799.72,0.0,5799.72
ITEM0008211,ORD003938,PROD00185,1,2719.98,0.0,2719.98
ITEM0008212,ORD003939,PROD00090,2,494.65,0.0,989.3
ITEM0008213,ORD003940,PROD00007,1,7518.69,0.0,7518.69
ITEM0008214,ORD003940,PROD00098,2,2402.47,0.02,4708.84
ITEM0008215,ORD003941,PROD00075,2,6662.95,0.0,13325.9
ITEM0008216,ORD003942,PROD00029,2,5799.72,0.17,9627.54
ITEM0008217,ORD003942,PROD00175,2,8513.93,0.0,17027.86
ITEM0008218,ORD003942,PROD00089,1,781.78,0.0,781.78
ITEM0008219,ORD003942,PROD00267,1,3457.61,0.0,3457.61
ITEM0008220,ORD003943,PROD00254,1,3623.42,0.0,3623.42
ITEM0008221,ORD003943,PROD00035,2,2576.9,0.12,4535.34
ITEM0008222,ORD003944,PROD00197,1,8766.75,0.03,8503.75
ITEM0008223,ORD003945,PROD00128,1,4199.76,0.0,4199.76
ITEM0008224,ORD003945,PROD00076,1,6038.15,0.0,6038.15
ITEM0008225,ORD003946,PROD00130,1,3445.25,0.22,2687.3
ITEM0008226,ORD003947,PROD00209,2,3816.19,0.16,6411.2
ITEM0008227,ORD003947,PROD00079,2,7182.12,0.0,14364.24
ITEM0008228,ORD003948,PROD00126,2,10802.22,0.0,21604.44
ITEM0008229,ORD003949,PROD00033,1,1942.09,0.3,1359.46
ITEM0008230,ORD003949,PROD00131,1,576.16,0.0,576.16
ITEM0008231,ORD003949,PROD00141,1,4481.31,0.0,4481.31
ITEM0008232,ORD003949,PROD00248,1,10128.22,0.0,10128.22
ITEM0008233,ORD003950,PROD00098,1,2402.47,0.04,2306.37
ITEM0008234,ORD003950,PROD00210,3,6680.3,0.0,20040.9
ITEM0008235,ORD003951,PROD00185,2,2719.98,0.0,5439.96
ITEM0008236,ORD003952,PROD00043,1,1789.22,0.0,1789.22
ITEM0008237,ORD003952,PROD00190,1,3528.69,0.15,2999.39
ITEM0008238,ORD003953,PROD00150,1,290.6,0.03,281.88
ITEM0008239,ORD003953,PROD00137,2,5635.51,0.0,11271.02
ITEM0008240,ORD003954,PROD00166,2,7134.8,0.01,14126.9
ITEM0008241,ORD003955,PROD00099,4,6088.4,0.18,19969.95
ITEM0008242,ORD003955,PROD00159,2,198.83,0.0,397.66
ITEM0008243,ORD003956,PROD00294,2,8182.59,0.05,15546.92
ITEM0008244,ORD003956,PROD00129,2,2500.46,0.0,5000.92
ITEM0008245,ORD003957,PROD00203,1,477.27,0.04,458.18
ITEM0008246,ORD003957,PROD00072,1,6999.91,0.0,6999.91
ITEM0008247,ORD003958,PROD00016,1,6005.27,0.0,6005.27
ITEM0008248,ORD003959,PROD00276,1,8701.77,0.19,7048.43
ITEM0008249,ORD003959,PROD00156,1,1816.09,0.1,1634.48
ITEM0008250,ORD003960,PROD00138,1,10725.29,0.0,10725.29
ITEM0008251,ORD003961,PROD00130,1,3445.25,0.0,3445.25
ITEM0008252,ORD003961,PROD00254,1,3623.42,0.19,2934.97
ITEM0008253,ORD003962,PROD00175,1,8513.93,0.0,8513.93
ITEM0008254,ORD003962,PROD00158,4,8138.6,0.03,31577.77
ITEM0008255,ORD003962,PROD00237,1,8123.36,0.11,7229.79
ITEM0008256,ORD003963,PROD00016,2,6005.27,0.21,9488.33
ITEM0008257,ORD003964,PROD00101,2,1373.9,0.0,2747.8
ITEM0008258,ORD003964,PROD00098,1,2402.47,0.0,2402.47
ITEM0008259,ORD003964,PROD00210,1,6680.3,0.0,6680.3
ITEM0008260,ORD003964,PROD00139,2,5962.8,0.0,11925.6
ITEM0008261,ORD003964,PROD00130,2,3445.25,0.0,6890.5
ITEM0008262,ORD003965,PROD00269,1,2135.25,0.0,2135.25
ITEM0008263,ORD003966,PROD00008,3,5338.8,0.0,16016.4
ITEM0008264,ORD003966,PROD00214,2,8107.58,0.2,12972.13
ITEM0008265,ORD003967,PROD00029,4,5799.72,0.0,23198.88
ITEM0008266,ORD003967,PROD00178,1,7985.04,0.26,5908.93
ITEM0008267,ORD003967,PROD00144,1,9953.38,0.0,9953.38
ITEM0008268,ORD003967,PROD00081,2,2624.19,0.11,4671.06
ITEM0008269,ORD003968,PROD00233,1,3164.97,0.2,2531.98
ITEM0008270,ORD003969,PROD00086,1,5791.83,0.0,5791.83
ITEM0008271,ORD003969,PROD00075,4,6662.95,0.0,26651.8
ITEM0008272,ORD003969,PROD00082,1,3992.96,0.0,3992.96
ITEM0008273,ORD003970,PROD00144,1,9953.38,0.0,9953.38
ITEM0008274,ORD003970,PROD00023,4,3506.84,0.29,9959.43
ITEM0008275,ORD003971,PROD00062,1,5673.89,0.0,5673.89
ITEM0008276,ORD003971,PROD00161,1,2894.21,0.0,2894.21
ITEM0008277,ORD003972,PROD00230,2,8026.94,0.0,16053.88
ITEM0008278,ORD003972,PROD00268,3,852.32,0.0,2556.96
ITEM0008279,ORD003972,PROD00071,1,534.87,0.0,534.87
ITEM0008280,ORD003973,PROD00077,3,7101.66,0.0,21304.98
ITEM0008281,ORD003974,PROD00013,2,10508.19,0.21,16602.94
ITEM0008282,ORD003975,PROD00178,2,7985.04,0.0,15970.08
ITEM0008283,ORD003976,PROD00245,1,6215.91,0.0,6215.91
ITEM0008284,ORD003977,PROD00093,2,3802.74,0.05,7225.21
ITEM0008285,ORD003977,PROD00038,1,1983.28,0.0,1983.28
ITEM0008286,ORD003978,PROD00049,1,5326.74,0.0,5326.74
ITEM0008287,ORD003978,PROD00100,2,8661.69,0.0,17323.38
ITEM0008288,ORD003979,PROD00019,1,2406.67,0.11,2141.94
ITEM0008289,ORD003980,PROD00255,1,7383.63,0.0,7383.63
ITEM0008290,ORD003980,PROD00068,1,1589.23,0.25,1191.92
ITEM0008291,ORD003981,PROD00207,1,6547.46,0.0,6547.46
ITEM0008292,ORD003982,PROD00067,1,996.38,0.0,996.38
ITEM0008293,ORD003982,PROD00066,3,899.86,0.0,2699.58
ITEM0008294,ORD003982,PROD00253,1,791.63,0.0,791.63
ITEM0008295,ORD003983,PROD00186,2,1445.96,0.25,2168.94
ITEM0008296,ORD003984,PROD00079,1,7182.12,0.0,7182.12
ITEM0008297,ORD003985,PROD00199,4,3657.98,0.2,11705.54
ITEM0008298,ORD003985,PROD00006,1,8153.69,0.0,8153.69
ITEM0008299,ORD003986,PROD00252,1,910.14,0.27,664.4
ITEM0008300,ORD003986,PROD00119,1,9197.85,0.0,9197.85
ITEM0008301,ORD003986,PROD00249,4,4279.09,0.0,17116.36
ITEM0008302,ORD003986,PROD00242,2,2496.43,0.0,4992.86
ITEM0008303,ORD003987,PROD00154,1,5526.27,0.0,5526.27
ITEM0008304,ORD003987,PROD00260,1,8617.38,0.0,8617.38
ITEM0008305,ORD003987,PROD00127,4,5321.52,0.0,21286.08
ITEM0008306,ORD003988,PROD00220,3,6168.69,0.0,18506.07
ITEM0008307,ORD003988,PROD00163,1,2745.97,0.14,2361.53
ITEM0008308,ORD003988,PROD00237,4,8123.36,0.0,32493.44
ITEM0008309,ORD003988,PROD00057,1,4595.24,0.07,4273.57
ITEM0008310,ORD003989,PROD00086,3,5791.83,0.0,17375.49
ITEM0008311,ORD003989,PROD00211,1,1624.33,0.0,1624.33
ITEM0008312,ORD003990,PROD00035,2,2576.9,0.16,4329.19
ITEM0008313,ORD003991,PROD00201,1,3944.29,0.0,3944.29
ITEM0008314,ORD003991,PROD00101,1,1373.9,0.0,1373.9
ITEM0008315,ORD003991,PROD00105,4,3095.41,0.0,12381.64
ITEM0008316,ORD003992,PROD00144,1,9953.38,0.26,7365.5
ITEM0008317,ORD003992,PROD00247,2,7341.91,0.0,14683.82
ITEM0008318,ORD003993,PROD00030,1,4937.89,0.0,4937.89
ITEM0008319,ORD003993,PROD00271,1,439.58,0.2,351.66
ITEM0008320,ORD003994,PROD00087,1,4546.57,0.11,4046.45
ITEM0008321,ORD003994,PROD00172,2,734.93,0.05,1396.37
ITEM0008322,ORD003994,PROD00092,1,1552.76,0.0,1552.76
ITEM0008323,ORD003995,PROD00084,4,7622.23,0.0,30488.92
ITEM0008324,ORD003995,PROD00283,1,7427.34,0.0,7427.34
ITEM0008325,ORD003996,PROD00046,1,8988.77,0.0,8988.77
ITEM0008326,ORD003997,PROD00067,2,996.38,0.0,1992.76
ITEM0008327,ORD003997,PROD00142,2,8354.87,0.0,16709.74
ITEM0008328,ORD003998,PROD00268,1,852.32,0.0,852.32
ITEM0008329,ORD003998,PROD00090,1,494.65,0.0,494.65
ITEM0008330,ORD003999,PROD00105,4,3095.41,0.0,12381.64
ITEM0008331,ORD004000,PROD00042,1,8235.83,0.0,8235.83
ITEM0008332,ORD004000,PROD00171,1,546.18,0.03,529.79
ITEM0008333,ORD004001,PROD00039,1,6419.63,0.0,6419.63
ITEM0008334,ORD004001,PROD00157,1,2525.54,0.0,2525.54
ITEM0008335,ORD004001,PROD00147,1,4961.76,0.24,3770.94
ITEM0008336,ORD004001,PROD00194,1,535.55,0.0,535.55
ITEM0008337,ORD004002,PROD00035,1,2576.9,0.0,2576.9
ITEM0008338,ORD004002,PROD00101,2,1373.9,0.0,2747.8
ITEM0008339,ORD004003,PROD00212,1,7782.48,0.0,7782.48
ITEM0008340,ORD004003,PROD00296,2,1188.71,0.27,1735.52
ITEM0008341,ORD004003,PROD00008,1,5338.8,0.0,5338.8
ITEM0008342,ORD004004,PROD00272,1,7587.4,0.0,7587.4
ITEM0008343,ORD004004,PROD00237,1,8123.36,0.0,8123.36
ITEM0008344,ORD004005,PROD00209,1,3816.19,0.0,3816.19
ITEM0008345,ORD004005,PROD00058,1,4592.96,0.0,4592.96
ITEM0008346,ORD004006,PROD00023,2,3506.84,0.0,7013.68
ITEM0008347,ORD004006,PROD00255,2,7383.63,0.0,14767.26
ITEM0008348,ORD004007,PROD00119,1,9197.85,0.0,9197.85
ITEM0008349,ORD004007,PROD00215,1,379.53,0.0,379.53
ITEM0008350,ORD004008,PROD00176,2,5492.71,0.0,10985.42
ITEM0008351,ORD004008,PROD00100,1,8661.69,0.0,8661.69
ITEM0008352,ORD004009,PROD00218,1,6300.23,0.0,6300.23
ITEM0008353,ORD004010,PROD00172,-1,734.93,0.22,-573.25
ITEM0008354,ORD004010,PROD00131,1,576.16,0.0,576.16
ITEM0008355,ORD004010,PROD00023,2,3506.84,0.14,6031.76
ITEM0008356,ORD004011,PROD00295,2,895.09,0.17,1485.85
ITEM0008357,ORD004011,PROD00034,2,2533.01,0.0,5066.02
ITEM0008358,ORD004012,PROD00281,4,7979.23,0.25,23937.69
ITEM0008359,ORD004012,PROD00267,1,3457.61,0.3,2420.33
ITEM0008360,ORD004013,PROD00124,2,2025.14,0.1,3645.25
ITEM0008361,ORD004014,PROD00057,3,4595.24,0.18,11304.29
ITEM0008362,ORD004015,PROD00015,2,5418.41,0.0,10836.82
ITEM0008363,ORD004015,PROD00147,4,4961.76,0.03,19251.63
ITEM0008364,ORD004015,PROD00044,1,5424.36,0.0,5424.36
ITEM0008365,ORD004016,PROD00068,1,1589.23,0.0,1589.23
ITEM0008366,ORD004016,PROD00169,1,5358.09,0.0,5358.09
ITEM0008367,ORD004016,PROD00006,1,8153.69,0.0,8153.69
ITEM0008368,ORD004017,PROD00096,1,4639.15,0.0,4639.15
ITEM0008369,ORD004017,PROD00290,2,1195.14,0.0,2390.28
ITEM0008370,ORD004018,PROD00213,1,9402.56,0.0,9402.56
ITEM0008371,ORD004018,PROD00158,2,8138.6,0.0,16277.2
ITEM0008372,ORD004019,PROD00093,2,3802.74,0.07,7073.1
ITEM0008373,ORD004019,PROD00149,4,832.87,0.0,3331.48
ITEM0008374,ORD004019,PROD00064,1,4268.27,0.0,4268.27
ITEM0008375,ORD004019,PROD00065,1,6570.64,0.0,6570.64
ITEM0008376,ORD004020,PROD00152,1,1231.99,0.0,1231.99
ITEM0008377,ORD004020,PROD00254,4,3623.42,0.0,14493.68
ITEM0008378,ORD004020,PROD00195,1,9608.14,0.0,9608.14
ITEM0008379,ORD004020,PROD00159,1,198.83,0.01,196.84
ITEM0008380,ORD004020,PROD00051,2,8693.03,0.0,17386.06
ITEM0008381,ORD004021,PROD00030,2,4937.89,0.0,9875.78
ITEM0008382,ORD004022,PROD00231,1,3622.68,0.23,2789.46
ITEM0008383,ORD004022,PROD00120,2,1288.16,0.0,2576.32
ITEM0008384,ORD004022,PROD00064,1,4268.27,0.0,4268.27
ITEM0008385,ORD004023,PROD00252,1,910.14,0.0,910.14
ITEM0008386,ORD004023,PROD00114,1,2295.26,0.0,2295.26
ITEM0008387,ORD004024,PROD00283,1,7427.34,0.0,7427.34
ITEM0008388,ORD004024,PROD00235,2,1155.59,0.0,2311.18
ITEM0008389,ORD004024,PROD00272,1,7587.4,0.0,7587.4
ITEM0008390,ORD004025,PROD00159,1,198.83,0.0,198.83
ITEM0008391,ORD004025,PROD00040,1,3631.49,0.0,3631.49
ITEM0008392,ORD004026,PROD00294,1,8182.59,0.0,8182.59
ITEM0008393,ORD004027,PROD00082,3,3992.96,0.0,11978.88
ITEM0008394,ORD004027,PROD00094,1,6449.58,0.0,6449.58
ITEM0008395,ORD004027,PROD00005,2,246.43,0.0,492.86
ITEM0008396,ORD004027,PROD00225,2,6042.7,0.0,12085.4
ITEM0008397,ORD004027,PROD00169,2,5358.09,0.0,10716.18
ITEM0008398,ORD004028,PROD00134,3,1127.73,0.0,3383.19
ITEM0008399,ORD004029,PROD00272,2,7587.4,0.16,12746.83
ITEM0008400,ORD004029,PROD00297,1,10930.45,0.16,9181.58
ITEM0008401,ORD004029,PROD00278,1,629.94,0.0,629.94
ITEM0008402,ORD004030,PROD00018,1,2803.77,0.0,2803.77
ITEM0008403,ORD004031,PROD00025,4,3078.83,0.0,12315.32
ITEM0008404,ORD004032,PROD00167,1,2019.38,0.21,1595.31
ITEM0008405,ORD004032,PROD00278,2,629.94,0.0,1259.88
ITEM0008406,ORD004032,PROD00080,3,862.91,0.0,2588.73
ITEM0008407,ORD004032,PROD00270,3,4350.17,0.0,13050.51
ITEM0008408,ORD004033,PROD00010,2,2259.53,0.0,4519.06
ITEM0008409,ORD004033,PROD00150,1,290.6,0.0,290.6
ITEM0008410,ORD004033,PROD00261,1,2154.14,0.0,2154.14
ITEM0008411,ORD004033,PROD00144,2,9953.38,0.0,19906.76
ITEM0008412,ORD004034,PROD00250,1,4610.44,0.13,4011.08
ITEM0008413,ORD004034,PROD00224,1,8522.29,0.0,8522.29
ITEM0008414,ORD004034,PROD00196,1,6703.46,0.0,6703.46
ITEM0008415,ORD004034,PROD00030,1,4937.89,0.0,4937.89
ITEM0008416,ORD004035,PROD00243,2,6308.05,0.0,12616.1
ITEM0008417,ORD004036,PROD00251,1,3365.3,0.0,3365.3
ITEM0008418,ORD004037,PROD00084,3,7622.23,0.0,22866.69
ITEM0008419,ORD004037,PROD00282,1,3504.39,0.0,3504.39
ITEM0008420,ORD004038,PROD00117,2,498.3,0.13,867.04
ITEM0008421,ORD004038,PROD00079,1,7182.12,0.0,7182.12
ITEM0008422,ORD004038,PROD00212,2,7782.48,0.0,15564.96
ITEM0008423,ORD004038,PROD00276,1,8701.77,0.14,7483.52
ITEM0008424,ORD004038,PROD00235,1,1155.59,0.0,1155.59
ITEM0008425,ORD004039,PROD00085,1,1960.53,0.0,1960.53
ITEM0008426,ORD004040,PROD00074,4,9420.21,0.0,37680.84
ITEM0008427,ORD004041,PROD00159,1,198.83,0.0,198.83
ITEM0008428,ORD004042,PROD00030,2,4937.89,0.0,9875.78
ITEM0008429,ORD004042,PROD00106,2,3963.99,0.0,7927.98
ITEM0008430,ORD004043,PROD00078,2,2028.86,0.0,4057.72
ITEM0008431,ORD004043,PROD00287,2,6559.01,0.07,12199.76
ITEM0008432,ORD004043,PROD00263,2,4979.64,0.0,9959.28
ITEM0008433,ORD004043,PROD00008,1,5338.8,0.0,5338.8
ITEM0008434,ORD004044,PROD00127,1,5321.52,0.0,5321.52
ITEM0008435,ORD004044,PROD00275,1,5765.78,0.0,5765.78
ITEM0008436,ORD004044,PROD00228,1,1263.16,0.0,1263.16
ITEM0008437,ORD004044,PROD00248,1,10128.22,0.0,10128.22
ITEM0008438,ORD004045,PROD00133,1,7313.64,0.0,7313.64
ITEM0008439,ORD004045,PROD00086,1,5791.83,0.25,4343.87
ITEM0008440,ORD004046,PROD00274,2,5633.46,0.25,8450.19
ITEM0008441,ORD004046,PROD00262,2,1460.84,0.0,2921.68
ITEM0008442,ORD004047,PROD00178,2,7985.04,0.0,15970.08
ITEM0008443,ORD004047,PROD00245,1,6215.91,0.24,4724.09
ITEM0008444,ORD004048,PROD00222,3,3002.04,0.22,7024.77
ITEM0008445,ORD004048,PROD00205,1,6283.38,0.0,6283.38
ITEM0008446,ORD004048,PROD00177,1,5446.6,0.28,3921.55
ITEM0008447,ORD004049,PROD00256,1,256.57,0.0,256.57
ITEM0008448,ORD004049,PROD00294,2,8182.59,0.0,16365.18
ITEM0008449,ORD004050,PROD00060,1,532.72,0.0,532.72
ITEM0008450,ORD004051,PROD00225,1,6042.7,0.19,4894.59
ITEM0008451,ORD004052,PROD00026,1,992.19,0.19,803.67
ITEM0008452,ORD004053,PROD00006,1,8153.69,0.0,8153.69
ITEM0008453,ORD004054,PROD00103,1,9136.07,0.0,9136.07
ITEM0008454,ORD004054,PROD00248,1,10128.22,0.25,7596.16
ITEM0008455,ORD004055,PROD00154,1,5526.27,0.16,4642.07
ITEM0008456,ORD004055,PROD00146,1,504.1,0.13,438.57
ITEM0008457,ORD004055,PROD00059,4,11784.91,0.09,42897.07
ITEM0008458,ORD004055,PROD00084,-1,7622.23,0.0,-7622.23
ITEM0008459,ORD004056,PROD00047,1,1589.57,0.0,1589.57
ITEM0008460,ORD004056,PROD00108,1,7407.37,0.0,7407.37
ITEM0008461,ORD004056,PROD00102,1,6509.4,0.0,6509.4
ITEM0008462,ORD004057,PROD00267,1,3457.61,0.17,2869.82
ITEM0008463,ORD004058,PROD00267,2,3457.61,0.0,6915.22
ITEM0008464,ORD004058,PROD00072,2,6999.91,0.0,13999.82
ITEM0008465,ORD004058,PROD00140,1,1718.72,0.06,1615.6
ITEM0008466,ORD004059,PROD00230,1,8026.94,0.0,8026.94
ITEM0008467,ORD004059,PROD00280,4,4625.83,0.2,14802.66
ITEM0008468,ORD004059,PROD00298,1,5321.16,0.0,5321.16
ITEM0008469,ORD004060,PROD00093,2,3802.74,0.04,7301.26
ITEM0008470,ORD004060,PROD00288,2,2790.22,0.0,5580.44
ITEM0008471,ORD004060,PROD00083,3,9425.24,0.0,28275.72
ITEM0008472,ORD004060,PROD00145,2,5845.69,0.0,11691.38
ITEM0008473,ORD004060,PROD00293,2,5361.88,0.0,10723.76
ITEM0008474,ORD004061,PROD00005,1,246.43,0.27,179.89
ITEM0008475,ORD004062,PROD00161,1,2894.21,0.03,2807.38
ITEM0008476,ORD004062,PROD00225,1,6042.7,0.0,6042.7
ITEM0008477,ORD004062,PROD00043,1,1789.22,0.0,1789.22
ITEM0008478,ORD004062,PROD00195,1,9608.14,0.0,9608.14
ITEM0008479,ORD004063,PROD00102,1,6509.4,0.0,6509.4
ITEM0008480,ORD004063,PROD00112,1,3435.2,0.0,3435.2
ITEM0008481,ORD004064,PROD00254,1,3623.42,0.0,3623.42
ITEM0008482,ORD004064,PROD00187,2,6641.17,0.0,13282.34
ITEM0008483,ORD004064,PROD00166,1,7134.8,0.0,7134.8
ITEM0008484,ORD004065,PROD00047,2,1589.57,0.0,3179.14
ITEM0008485,ORD004066,PROD00286,1,945.94,0.16,794.59
ITEM0008486,ORD004067,PROD00192,1,5116.05,0.0,5116.05
ITEM0008487,ORD004067,PROD00271,1,439.58,0.0,439.58
ITEM0008488,ORD004068,PROD00292,1,5910.44,0.0,5910.44
ITEM0008489,ORD004069,PROD00091,1,1302.09,0.0,1302.09
ITEM0008490,ORD004069,PROD00064,3,4268.27,0.0,12804.81
ITEM0008491,ORD004070,PROD00103,1,9136.07,0.11,8131.1
ITEM0008492,ORD004070,PROD00199,3,3657.98,0.11,9766.81
ITEM0008493,ORD004070,PROD00077,2,7101.66,0.0,14203.32
ITEM0008494,ORD004071,PROD00266,2,5956.89,0.22,9292.75
ITEM0008495,ORD004071,PROD00034,1,2533.01,0.0,2533.01
ITEM0008496,ORD004071,PROD00185,1,2719.98,0.12,2393.58
ITEM0008497,ORD004071,PROD00231,2,3622.68,0.0,7245.36
ITEM0008498,ORD004072,PROD00086,1,5791.83,0.0,5791.83
ITEM0008499,ORD004073,PROD00012,1,7089.43,0.0,7089.43
ITEM0008500,ORD004074,PROD00093,1,3802.74,0.0,3802.74
ITEM0008501,ORD004075,PROD00054,2,5941.63,0.04,11407.93
ITEM0008502,ORD004075,PROD00275,2,5765.78,0.0,11531.56
ITEM0008503,ORD004076,PROD00123,1,2950.23,0.27,2153.67
ITEM0008504,ORD004076,PROD00222,1,3002.04,0.05,2851.94
ITEM0008505,ORD004076,PROD00281,2,7979.23,0.16,13405.11
ITEM0008506,ORD004076,PROD00199,2,3657.98,0.0,7315.96
ITEM0008507,ORD004076,PROD00291,1,1173.69,0.0,1173.69
ITEM0008508,ORD004077,PROD00243,1,6308.05,0.29,4478.72
ITEM0008509,ORD004077,PROD00247,2,7341.91,0.06,13802.79
ITEM0008510,ORD004078,PROD00137,1,5635.51,0.15,4790.18
ITEM0008511,ORD004079,PROD00070,1,6693.56,0.0,6693.56
ITEM0008512,ORD004079,PROD00158,1,8138.6,0.05,7731.67
ITEM0008513,ORD004080,PROD00274,1,5633.46,0.0,5633.46
ITEM0008514,ORD004081,PROD00137,1,5635.51,0.0,5635.51
ITEM0008515,ORD004082,PROD00113,1,3472.93,0.0,3472.93
ITEM0008516,ORD004083,PROD00261,3,2154.14,0.05,6139.3
ITEM0008517,ORD004083,PROD00219,2,344.65,0.0,689.3
ITEM0008518,ORD004084,PROD00045,1,4706.05,0.21,3717.78
ITEM0008519,ORD004084,PROD00032,4,301.12,0.04,1156.3
ITEM0008520,ORD004084,PROD00044,2,5424.36,0.04,10414.77
ITEM0008521,ORD004085,PROD00085,4,1960.53,0.0,7842.12
ITEM0008522,ORD004085,PROD00116,2,3835.95,0.0,7671.9
ITEM0008523,ORD004085,PROD00095,3,1505.02,0.0,4515.06
ITEM0008524,ORD004086,PROD00247,4,7341.91,0.0,29367.64
ITEM0008525,ORD004087,PROD00171,1,546.18,0.0,546.18
ITEM0008526,ORD004088,PROD00139,1,5962.8,0.08,5485.78
ITEM0008527,ORD004088,PROD00268,1,852.32,0.0,852.32
ITEM0008528,ORD004088,PROD00121,1,11305.27,0.23,8705.06
ITEM0008529,ORD004089,PROD00032,1,301.12,0.0,301.12
ITEM0008530,ORD004089,PROD00055,1,2678.2,0.14,2303.25
ITEM0008531,ORD004090,PROD00087,1,4546.57,0.27,3319.0
ITEM0008532,ORD004091,PROD00295,1,895.09,0.0,895.09
ITEM0008533,ORD004092,PROD00014,1,1451.31,0.0,1451.31
ITEM0008534,ORD004093,PROD00166,3,7134.8,0.0,21404.4
ITEM0008535,ORD004094,PROD00217,1,260.84,0.0,260.84
ITEM0008536,ORD004095,PROD00081,1,2624.19,0.26,1941.9
ITEM0008537,ORD004095,PROD00288,2,2790.22,0.0,5580.44
ITEM0008538,ORD004095,PROD00273,2,4432.81,0.01,8776.96
ITEM0008539,ORD004095,PROD00285,1,2757.81,0.0,2757.81
ITEM0008540,ORD004096,PROD00265,2,4207.25,0.0,8414.5
ITEM0008541,ORD004096,PROD00218,1,6300.23,0.0,6300.23
ITEM0008542,ORD004096,PROD00029,1,5799.72,0.0,5799.72
ITEM0008543,ORD004096,PROD00084,2,7622.23,0.0,15244.46
ITEM0008544,ORD004097,PROD00059,4,11784.91,0.0,47139.64
ITEM0008545,ORD004097,PROD00127,1,5321.52,0.02,5215.09
ITEM0008546,ORD004098,PROD00089,1,781.78,0.0,781.78
ITEM0008547,ORD004098,PROD00111,1,5596.44,0.0,5596.44
ITEM0008548,ORD004098,PROD00236,2,2661.51,0.0,5323.02
ITEM0008549,ORD004098,PROD00110,1,7163.14,0.21,5658.88
ITEM0008550,ORD004098,PROD00024,2,10115.71,0.24,15375.88
ITEM0008551,ORD004099,PROD00132,1,5296.2,0.0,5296.2
ITEM0008552,ORD004100,PROD00045,1,4706.05,0.01,4658.99
ITEM0008553,ORD004101,PROD00285,1,2757.81,0.29,1958.05
ITEM0008554,ORD004101,PROD00077,3,7101.66,0.19,17257.03
ITEM0008555,ORD004101,PROD00230,1,8026.94,0.2,6421.55
ITEM0008556,ORD004101,PROD00163,1,2745.97,0.0,2745.97
ITEM0008557,ORD004101,PROD00028,1,214.4,0.02,210.11
ITEM0008558,ORD004102,PROD00113,2,3472.93,0.0,6945.86
ITEM0008559,ORD004103,PROD00136,3,621.23,0.0,1863.69
ITEM0008560,ORD004103,PROD00204,1,3352.35,0.09,3050.64
ITEM0008561,ORD004104,PROD00263,1,4979.64,0.0,4979.64
ITEM0008562,ORD004104,PROD00167,2,2019.38,0.27,2948.29
ITEM0008563,ORD004104,PROD00230,2,8026.94,0.18,13164.18
ITEM0008564,ORD004104,PROD00121,1,11305.27,0.0,11305.27
ITEM0008565,ORD004105,PROD00234,2,9552.76,0.0,19105.52
ITEM0008566,ORD004106,PROD00160,1,1750.19,0.13,1522.67
ITEM0008567,ORD004107,PROD00218,3,6300.23,0.0,18900.69
ITEM0008568,ORD004107,PROD00071,3,534.87,0.04,1540.43
ITEM0008569,ORD004107,PROD00117,2,498.3,0.0,996.6
ITEM0008570,ORD004107,PROD00226,2,648.79,0.0,1297.58
ITEM0008571,ORD004108,PROD00190,-1,3528.69,0.19,-2858.24
ITEM0008572,ORD004108,PROD00241,3,1554.33,0.0,4662.98
ITEM0008573,ORD004109,PROD00133,2,7313.64,0.25,10970.46
ITEM0008574,ORD004109,PROD00140,2,1718.72,0.0,3437.44
ITEM0008575,ORD004110,PROD00229,2,726.54,0.0,1453.08
ITEM0008576,ORD004110,PROD00138,4,10725.29,0.0,42901.16
ITEM0008577,ORD004110,PROD00145,1,5845.69,0.0,5845.69
ITEM0008578,ORD004111,PROD00285,1,2757.81,0.0,2757.81
ITEM0008579,ORD004111,PROD00218,3,6300.23,0.0,18900.69
ITEM0008580,ORD004112,PROD00234,1,9552.76,0.24,7260.1
ITEM0008581,ORD004112,PROD00196,1,6703.46,0.0,6703.46
ITEM0008582,ORD004113,PROD00114,2,2295.26,0.01,4544.61
ITEM0008583,ORD004113,PROD00114,1,2295.26,0.2,1836.21
ITEM0008584,ORD004113,PROD00004,1,4097.38,0.0,4097.38
ITEM0008585,ORD004114,PROD00085,1,1960.53,0.2,1568.42
ITEM0008586,ORD004115,PROD00223,2,2430.88,0.0,4861.76
ITEM0008587,ORD004115,PROD00208,1,4099.5,0.08,3771.54
ITEM0008588,ORD004116,PROD00218,-1,6300.23,0.0,-6300.23
ITEM0008589,ORD004116,PROD00101,1,1373.9,0.23,1057.9
ITEM0008590,ORD004117,PROD00259,1,1489.83,0.0,1489.83
ITEM0008591,ORD004117,PROD00181,1,2887.17,0.06,2713.94
ITEM0008592,ORD004118,PROD00251,1,3365.3,0.05,3197.04
ITEM0008593,ORD004119,PROD00112,1,3435.2,0.0,3435.2
ITEM0008594,ORD004120,PROD00209,4,3816.19,0.03,14806.82
ITEM0008595,ORD004120,PROD00184,1,1498.15,0.0,1498.15
ITEM0008596,ORD004121,PROD00041,1,3958.75,0.06,3721.22
ITEM0008597,ORD004122,PROD00284,1,1981.58,0.26,1466.37
ITEM0008598,ORD004122,PROD00254,2,3623.42,0.0,7246.84
ITEM0008599,ORD004122,PROD00245,3,6215.91,0.0,18647.73
ITEM0008600,ORD004122,PROD00234,2,9552.76,0.0,19105.52
ITEM0008601,ORD004122,PROD00040,1,3631.49,0.0,3631.49
ITEM0008602,ORD004123,PROD00121,3,11305.27,0.0,33915.81
ITEM0008603,ORD004124,PROD00257,1,273.23,0.17,226.78
ITEM0008604,ORD004125,PROD00017,1,9163.85,0.12,8064.19
ITEM0008605,ORD004125,PROD00040,3,3631.49,0.0,10894.47
ITEM0008606,ORD004126,PROD00232,1,3144.6,0.02,3081.71
ITEM0008607,ORD004126,PROD00108,1,7407.37,0.0,7407.37
ITEM0008608,ORD004127,PROD00257,2,1528.1,0.0,3056.2
ITEM0008609,ORD004127,PROD00154,2,5526.27,0.29,7847.3
ITEM0008610,ORD004128,PROD00143,1,1075.34,0.0,1075.34
ITEM0008611,ORD004129,PROD00179,2,6055.62,0.0,12111.24
ITEM0008612,ORD004129,PROD00048,1,1926.71,0.0,1926.71
ITEM0008613,ORD004130,PROD00146,1,504.1,0.0,504.1
ITEM0008614,ORD004130,PROD00268,1,852.32,0.0,852.32
ITEM0008615,ORD004130,PROD00210,2,6680.3,0.0,13360.6
ITEM0008616,ORD004130,PROD00065,1,6570.64,0.0,6570.64
ITEM0008617,ORD004131,PROD00036,2,7308.78,0.0,14617.56
ITEM0008618,ORD004132,PROD00279,1,7168.01,0.0,7168.01
ITEM0008619,ORD004132,PROD00165,1,1721.94,0.0,1721.94
ITEM0008620,ORD004132,PROD00074,1,9420.21,0.27,6876.75
ITEM0008621,ORD004133,PROD00268,2,852.32,0.0,1704.64
ITEM0008622,ORD004134,PROD00063,1,1083.33,0.0,1083.33
ITEM0008623,ORD004134,PROD00243,1,6308.05,0.0,6308.05
ITEM0008624,ORD004135,PROD00090,2,494.65,0.24,751.87
ITEM0008625,ORD004136,PROD00025,1,3078.83,0.0,3078.83
ITEM0008626,ORD004137,PROD00028,1,214.4,0.0,214.4
ITEM0008627,ORD004137,PROD00202,1,1016.59,0.0,1016.59
ITEM0008628,ORD004137,PROD00054,1,5941.63,0.02,5822.8
ITEM0008629,ORD004137,PROD00039,1,6419.63,0.0,6419.63
ITEM0008630,ORD004138,PROD00215,3,379.53,0.08,1047.5
ITEM0008631,ORD004139,PROD00295,1,895.09,0.25,671.32
ITEM0008632,ORD004139,PROD00220,-1,6168.69,0.0,-6168.69
ITEM0008633,ORD004139,PROD00210,1,6680.3,0.0,6680.3
ITEM0008634,ORD004140,PROD00152,1,1231.99,0.04,1182.71
ITEM0008635,ORD004141,PROD00215,1,379.53,0.0,379.53
ITEM0008636,ORD004141,PROD00214,4,8107.58,0.0,32430.32
ITEM0008637,ORD004142,PROD00084,2,7622.23,0.0,15244.46
ITEM0008638,ORD004143,PROD00107,1,6282.37,0.0,6282.37
ITEM0008639,ORD004143,PROD00086,1,5791.83,0.0,5791.83
ITEM0008640,ORD004143,PROD00020,1,7970.85,0.0,7970.85
ITEM0008641,ORD004143,PROD00024,3,10115.71,0.17,25188.12
ITEM0008642,ORD004144,PROD00157,1,2525.54,0.28,1818.39
ITEM0008643,ORD004145,PROD00163,1,2745.97,0.0,2745.97
ITEM0008644,ORD004145,PROD00036,1,7308.78,0.0,7308.78
ITEM0008645,ORD004146,PROD00124,1,2025.14,0.0,2025.14
ITEM0008646,ORD004147,PROD00280,-2,4625.83,0.0,-9251.66
ITEM0008647,ORD004147,PROD00029,2,5799.72,0.0,11599.44
ITEM0008648,ORD004147,PROD00276,2,8701.77,0.28,12530.55
ITEM0008649,ORD004147,PROD00215,1,379.53,0.0,379.53
ITEM0008650,ORD004148,PROD00109,1,7944.57,0.0,7944.57
ITEM0008651,ORD004148,PROD00262,1,1460.84,0.05,1387.8
ITEM0008652,ORD004149,PROD00025,3,3078.83,0.0,9236.49
ITEM0008653,ORD004149,PROD00150,1,290.6,0.0,290.6
ITEM0008654,ORD004150,PROD00266,2,5956.89,0.0,11913.78
ITEM0008655,ORD004151,PROD00211,1,1624.33,0.0,1624.33
ITEM0008656,ORD004151,PROD00268,1,852.32,0.0,852.32
ITEM0008657,ORD004152,PROD00273,3,4432.81,0.0,13298.43
ITEM0008658,ORD004152,PROD00262,1,1460.84,0.0,1460.84
ITEM0008659,ORD004153,PROD00153,1,4010.2,0.19,3248.26
ITEM0008660,ORD004153,PROD00027,1,5723.51,0.0,5723.51
ITEM0008661,ORD004153,PROD00240,2,4510.78,0.0,9021.56
ITEM0008662,ORD004154,PROD00081,2,2624.19,0.17,4356.16
ITEM0008663,ORD004154,PROD00274,4,5633.46,0.23,17351.06
ITEM0008664,ORD004155,PROD00246,1,8011.14,0.0,8011.14
ITEM0008665,ORD004156,PROD00014,1,1451.31,0.21,1146.53
ITEM0008666,ORD004156,PROD00019,2,2406.67,0.0,4813.34
ITEM0008667,ORD004157,PROD00159,2,198.83,0.13,345.96
ITEM0008668,ORD004157,PROD00192,3,5116.05,0.0,15348.15
ITEM0008669,ORD004158,PROD00223,2,2430.88,0.0,4861.76
ITEM0008670,ORD004158,PROD00180,1,7030.69,0.0,7030.69
ITEM0008671,ORD004159,PROD00298,1,5321.16,0.2,4256.93
ITEM0008672,ORD004160,PROD00052,1,1689.78,0.0,1689.78
ITEM0008673,ORD004160,PROD00271,3,439.58,0.0,1318.74
ITEM0008674,ORD004160,PROD00087,1,4546.57,0.0,4546.57
ITEM0008675,ORD004160,PROD00246,1,8011.14,0.26,5928.24
ITEM0008676,ORD004160,PROD00230,1,8026.94,0.27,5859.67
ITEM0008677,ORD004161,PROD00287,1,6559.01,0.0,6559.01
ITEM0008678,ORD004161,PROD00126,1,10802.22,0.0,10802.22
ITEM0008679,ORD004162,PROD00011,1,2615.05,0.0,2615.05
ITEM0008680,ORD004163,PROD00200,4,7131.42,0.0,28525.68
ITEM0008681,ORD004163,PROD00105,1,3095.41,0.0,3095.41
ITEM0008682,ORD004164,PROD00044,1,5424.36,0.0,5424.36
ITEM0008683,ORD004164,PROD00076,2,6038.15,0.28,8694.94
ITEM0008684,ORD004165,PROD00158,4,8138.6,0.0,32554.4
ITEM0008685,ORD004166,PROD00157,4,2525.54,0.0,10102.16
ITEM0008686,ORD004167,PROD00135,1,2086.2,0.0,2086.2
ITEM0008687,ORD004167,PROD00229,1,726.54,0.0,726.54
ITEM0008688,ORD004167,PROD00093,3,3802.74,0.0,11408.22
ITEM0008689,ORD004168,PROD00053,4,7229.99,0.0,28919.96
ITEM0008690,ORD004169,PROD00169,1,5358.09,0.29,3804.24
ITEM0008691,ORD004169,PROD00226,1,648.79,0.0,648.79
ITEM0008692,ORD004169,PROD00228,1,1263.16,0.15,1073.69
ITEM0008693,ORD004169,PROD00005,2,246.43,0.0,492.86
ITEM0008694,ORD004169,PROD00163,2,2745.97,0.0,5491.94
ITEM0008695,ORD004170,PROD00013,1,10508.19,0.0,10508.19
ITEM0008696,ORD004170,PROD00037,1,5435.74,0.0,5435.74
ITEM0008697,ORD004170,PROD00152,2,1231.99,0.13,2143.66
ITEM0008698,ORD004171,PROD00041,1,3958.75,0.0,3958.75
ITEM0008699,ORD004172,PROD00177,1,5446.6,0.0,5446.6
ITEM0008700,ORD004172,PROD00145,1,5845.69,0.26,4325.81
ITEM0008701,ORD004172,PROD00147,1,4961.76,0.0,4961.76
ITEM0008702,ORD004172,PROD00234,1,9552.76,0.0,9552.76
ITEM0008703,ORD004172,PROD00246,2,8011.14,0.0,16022.28
ITEM0008704,ORD004173,PROD00156,3,1816.09,0.0,5448.27
ITEM0008705,ORD004173,PROD00284,1,1981.58,0.0,1981.58
ITEM0008706,ORD004173,PROD00043,1,1789.22,0.29,1270.35
ITEM0008707,ORD004174,PROD00032,3,301.12,0.25,677.52
ITEM0008708,ORD004175,PROD00256,1,256.57,0.25,192.43
ITEM0008709,ORD004175,PROD00051,1,8693.03,0.0,8693.03
ITEM0008710,ORD004175,PROD00112,3,3435.2,0.0,10305.6
ITEM0008711,ORD004176,PROD00291,2,1173.69,0.0,2347.38
ITEM0008712,ORD004176,PROD00239,2,467.33,0.3,654.26
ITEM0008713,ORD004177,PROD00024,1,10115.71,0.0,10115.71
ITEM0008714,ORD004177,PROD00290,2,1195.14,0.0,2390.28
ITEM0008715,ORD004178,PROD00064,1,4268.27,0.01,4225.59
ITEM0008716,ORD004179,PROD00051,2,8693.03,0.0,17386.06
ITEM0008717,ORD004179,PROD00127,1,5321.52,0.0,5321.52
ITEM0008718,ORD004180,PROD00038,1,1983.28,0.0,1983.28
ITEM0008719,ORD004180,PROD00206,1,8632.13,0.13,7509.95
ITEM0008720,ORD004180,PROD00281,1,7979.23,0.28,5745.05
ITEM0008721,ORD004181,PROD00194,1,535.55,0.0,535.55
ITEM0008722,ORD004181,PROD00012,1,7089.43,0.24,5387.97
ITEM0008723,ORD004181,PROD00134,1,1127.73,0.3,789.41
ITEM0008724,ORD004182,PROD00086,1,5791.83,0.25,4343.87
ITEM0008725,ORD004183,PROD00288,2,2790.22,0.0,5580.44
ITEM0008726,ORD004183,PROD00171,1,546.18,0.0,546.18
ITEM0008727,ORD004183,PROD00228,1,1263.16,0.0,1263.16
ITEM0008728,ORD004184,PROD00184,2,1498.15,0.0,2996.3
ITEM0008729,ORD004185,PROD00093,1,3802.74,0.03,3688.66
ITEM0008730,ORD004186,PROD00043,1,1789.22,0.0,1789.22
ITEM0008731,ORD004186,PROD00053,1,7229.99,0.08,6651.59
ITEM0008732,ORD004187,PROD00138,1,10725.29,0.0,10725.29
ITEM0008733,ORD004187,PROD00268,3,852.32,0.0,2556.96
ITEM0008734,ORD004187,PROD00283,1,7427.34,0.06,6981.7
ITEM0008735,ORD004187,PROD00288,2,2790.22,0.0,5580.44
ITEM0008736,ORD004187,PROD00107,3,6282.37,0.0,18847.11
ITEM0008737,ORD004188,PROD00072,1,6999.91,0.0,6999.91
ITEM0008738,ORD004188,PROD00232,1,3144.6,0.23,2421.34
ITEM0008739,ORD004188,PROD00047,2,1589.57,0.0,3179.14
ITEM0008740,ORD004189,PROD00235,2,1155.59,0.0,2311.18
ITEM0008741,ORD004189,PROD00233,2,3164.97,0.0,6329.94
ITEM0008742,ORD004190,PROD00002,1,231.58,0.16,194.53
ITEM0008743,ORD004190,PROD00285,2,2757.81,0.0,5515.62
ITEM0008744,ORD004191,PROD00259,1,1489.83,0.0,1489.83
ITEM0008745,ORD004191,PROD00161,2,2894.21,0.05,5499.0
ITEM0008746,ORD004191,PROD00171,1,546.18,0.27,398.71
ITEM0008747,ORD004191,PROD00008,3,5338.8,0.0,16016.4
ITEM0008748,ORD004192,PROD00136,2,621.23,0.25,931.84
ITEM0008749,ORD004192,PROD00160,1,1750.19,0.0,1750.19
ITEM0008750,ORD004192,PROD00195,1,9608.14,0.0,9608.14
ITEM0008751,ORD004192,PROD00292,1,5910.44,0.0,5910.44
ITEM0008752,ORD004193,PROD00046,1,8988.77,0.0,8988.77
ITEM0008753,ORD004193,PROD00152,2,1231.99,0.0,2463.98
ITEM0008754,ORD004194,PROD00262,1,1460.84,0.0,1460.84
ITEM0008755,ORD004195,PROD00079,1,7182.12,0.0,7182.12
ITEM0008756,ORD004195,PROD00226,1,648.79,0.18,532.01
ITEM0008757,ORD004196,PROD00265,1,4207.25,0.0,4207.25
ITEM0008758,ORD004196,PROD00080,2,862.91,0.04,1656.79
ITEM0008759,ORD004197,PROD00143,1,1075.34,0.11,957.05
ITEM0008760,ORD004197,PROD00102,4,6509.4,0.21,20569.7
ITEM0008761,ORD004197,PROD00007,1,7518.69,0.0,7518.69
ITEM0008762,ORD004197,PROD00085,1,1960.53,0.0,1960.53
ITEM0008763,ORD004198,PROD00076,1,6038.15,0.07,5615.48
ITEM0008764,ORD004199,PROD00157,3,2525.54,0.29,5379.4
ITEM0008765,ORD004200,PROD00100,2,8661.69,0.0,17323.38
ITEM0008766,ORD004200,PROD00011,2,2615.05,0.0,5230.1
ITEM0008767,ORD004200,PROD00108,1,7407.37,0.0,7407.37
ITEM0008768,ORD004200,PROD00189,2,7636.65,0.0,15273.3
ITEM0008769,ORD004201,PROD00053,1,7229.99,0.0,7229.99
ITEM0008770,ORD004201,PROD00087,1,4546.57,0.0,4546.57
ITEM0008771,ORD004202,PROD00299,1,10649.19,0.0,10649.19
ITEM0008772,ORD004202,PROD00216,1,3307.17,0.0,3307.17
ITEM0008773,ORD004203,PROD00177,1,5446.6,0.0,5446.6
ITEM0008774,ORD004203,PROD00170,2,2259.76,0.0,4519.53
ITEM0008775,ORD004204,PROD00113,2,3472.93,0.0,6945.86
ITEM0008776,ORD004204,PROD00210,3,6680.3,0.0,20040.9
ITEM0008777,ORD004204,PROD00223,2,2430.88,0.0,4861.76
ITEM0008778,ORD004205,PROD00090,2,494.65,0.0,989.3
ITEM0008779,ORD004206,PROD00020,1,7970.85,0.0,7970.85
ITEM0008780,ORD004206,PROD00183,1,526.69,0.0,526.69
ITEM0008781,ORD004207,PROD00233,1,3164.97,0.05,3006.72
ITEM0008782,ORD004207,PROD00020,3,7970.85,0.0,23912.55
ITEM0008783,ORD004208,PROD00136,1,621.23,0.0,621.23
ITEM0008784,ORD004209,PROD00179,1,6055.62,0.0,6055.62
ITEM0008785,ORD004209,PROD00244,2,4549.33,0.12,8006.82
ITEM0008786,ORD004210,PROD00250,1,4610.44,0.0,4610.44
ITEM0008787,ORD004210,PROD00075,1,6662.95,0.0,6662.95
ITEM0008788,ORD004211,PROD00286,2,945.94,0.27,1381.07
ITEM0008789,ORD004211,PROD00035,1,2576.9,0.0,2576.9
ITEM0008790,ORD004212,PROD00279,1,7168.01,0.0,7168.01
ITEM0008791,ORD004212,PROD00165,1,1721.94,0.0,1721.94
ITEM0008792,ORD004213,PROD00218,1,6300.23,0.0,6300.23
ITEM0008793,ORD004214,PROD00059,2,11784.91,0.0,23569.82
ITEM0008794,ORD004214,PROD00041,2,3958.75,0.0,7917.5
ITEM0008795,ORD004214,PROD00199,1,3657.98,0.07,3401.92
ITEM0008796,ORD004214,PROD00288,1,2790.22,0.0,2790.22
ITEM0008797,ORD004214,PROD00009,2,5332.96,0.0,10665.92
ITEM0008798,ORD004215,PROD00005,3,246.43,0.11,657.97
ITEM0008799,ORD004216,PROD00290,1,1195.14,0.28,860.5
ITEM0008800,ORD004217,PROD00092,1,1552.76,0.0,1552.76
ITEM0008801,ORD004218,PROD00168,3,5760.76,0.14,14862.76
ITEM0008802,ORD004218,PROD00036,2,7308.78,0.14,12571.1
ITEM0008803,ORD004219,PROD00178,2,7985.04,0.0,15970.08
ITEM0008804,ORD004219,PROD00108,3,7407.37,0.0,22222.11
ITEM0008805,ORD004219,PROD00270,2,4350.17,0.0,8700.34
ITEM0008806,ORD004220,PROD00170,1,774.85,0.19,627.62
ITEM0008807,ORD004221,PROD00170,1,2028.09,0.29,1439.94
ITEM0008808,ORD004222,PROD00046,1,8988.77,0.0,8988.77
ITEM0008809,ORD004222,PROD00049,2,5326.74,0.0,10653.48
ITEM0008810,ORD004223,PROD00097,3,1492.36,0.0,4477.08
ITEM0008811,ORD004223,PROD00141,1,4481.31,0.0,4481.31
ITEM0008812,ORD004224,PROD00055,2,2678.2,0.11,4767.2
ITEM0008813,ORD004224,PROD00119,1,9197.85,0.0,9197.85
ITEM0008814,ORD004224,PROD00192,2,5116.05,0.0,10232.1
ITEM0008815,ORD004225,PROD00131,1,576.16,0.0,576.16
ITEM0008816,ORD004226,PROD00206,2,8632.13,0.0,17264.26
ITEM0008817,ORD004226,PROD00202,1,1016.59,0.0,1016.59
ITEM0008818,ORD004226,PROD00138,1,10725.29,0.0,10725.29
ITEM0008819,ORD004226,PROD00027,1,5723.51,0.0,5723.51
ITEM0008820,ORD004226,PROD00290,3,1195.14,0.0,3585.42
ITEM0008821,ORD004227,PROD00288,1,2790.22,0.0,2790.22
ITEM0008822,ORD004228,PROD00271,1,439.58,0.0,439.58
ITEM0008823,ORD004228,PROD00202,1,1016.59,0.0,1016.59
ITEM0008824,ORD004229,PROD00282,1,3504.39,0.0,3504.39
ITEM0008825,ORD004230,PROD00141,1,4481.31,0.25,3360.98
ITEM0008826,ORD004230,PROD00255,1,7383.63,0.26,5463.89
ITEM0008827,ORD004230,PROD00060,4,532.72,0.0,2130.88
ITEM0008828,ORD004230,PROD00262,1,1460.84,0.05,1387.8
ITEM0008829,ORD004231,PROD00232,1,3144.6,0.24,2389.9
ITEM0008830,ORD004231,PROD00272,1,7587.4,0.0,7587.4
ITEM0008831,ORD004231,PROD00281,1,7979.23,0.0,7979.23
ITEM0008832,ORD004231,PROD00186,1,1445.96,0.0,1445.96
ITEM0008833,ORD004231,PROD00019,1,2406.67,0.0,2406.67
ITEM0008834,ORD004232,PROD00154,2,5526.27,0.21,8731.51
ITEM0008835,ORD004232,PROD00132,1,5296.2,0.0,5296.2
ITEM0008836,ORD004232,PROD00234,4,9552.76,0.0,38211.04
ITEM0008837,ORD004233,PROD00233,1,3164.97,0.0,3164.97
ITEM0008838,ORD004233,PROD00134,1,1127.73,0.0,1127.73
ITEM0008839,ORD004233,PROD00092,1,1552.76,0.0,1552.76
ITEM0008840,ORD004234,PROD00261,1,2154.14,0.29,1529.44
ITEM0008841,ORD004234,PROD00072,1,6999.91,0.28,5039.94
ITEM0008842,ORD004234,PROD00086,1,5791.83,0.14,4980.97
ITEM0008843,ORD004234,PROD00096,2,4639.15,0.0,9278.3
ITEM0008844,ORD004235,PROD00141,1,4481.31,0.0,4481.31
ITEM0008845,ORD004235,PROD00037,1,5435.74,0.0,5435.74
ITEM0008846,ORD004235,PROD00085,1,1960.53,0.0,1960.53
ITEM0008847,ORD004236,PROD00012,1,7089.43,0.0,7089.43
ITEM0008848,ORD004237,PROD00273,2,4432.81,0.0,8865.62
ITEM0008849,ORD004237,PROD00254,1,3623.42,0.21,2862.5
ITEM0008850,ORD004237,PROD00034,2,2533.01,0.0,5066.02
ITEM0008851,ORD004237,PROD00277,1,556.92,0.0,556.92
ITEM0008852,ORD004238,PROD00251,3,3365.3,0.0,10095.9
ITEM0008853,ORD004239,PROD00293,3,5361.88,0.0,16085.64
ITEM0008854,ORD004239,PROD00270,1,4350.17,0.0,4350.17
ITEM0008855,ORD004239,PROD00008,1,5338.8,0.0,5338.8
ITEM0008856,ORD004239,PROD00292,2,5910.44,0.0,11820.88
ITEM0008857,ORD004239,PROD00181,1,2887.17,0.0,2887.17
ITEM0008858,ORD004240,PROD00022,3,1547.99,0.0,4643.97
ITEM0008859,ORD004241,PROD00166,1,7134.8,0.0,7134.8
ITEM0008860,ORD004242,PROD00209,2,3816.19,0.13,6640.17
ITEM0008861,ORD004242,PROD00038,4,1983.28,0.14,6822.48
ITEM0008862,ORD004243,PROD00119,1,9197.85,0.0,9197.85
ITEM0008863,ORD004243,PROD00245,1,6215.91,0.0,6215.91
ITEM0008864,ORD004244,PROD00267,3,3457.61,0.0,10372.83
ITEM0008865,ORD004244,PROD00039,2,6419.63,0.0,12839.26
ITEM0008866,ORD004245,PROD00160,1,1750.19,0.0,1750.19
ITEM0008867,ORD004245,PROD00123,2,2950.23,0.0,5900.46
ITEM0008868,ORD004246,PROD00145,3,5845.69,0.25,13152.8
ITEM0008869,ORD004247,PROD00077,2,7101.66,0.0,14203.32
ITEM0008870,ORD004248,PROD00018,1,2803.77,0.0,2803.77
ITEM0008871,ORD004248,PROD00080,1,862.91,0.0,862.91
ITEM0008872,ORD004249,PROD00158,3,8138.6,0.13,21241.75
ITEM0008873,ORD004250,PROD00134,1,1127.73,0.14,969.85
ITEM0008874,ORD004251,PROD00091,1,1302.09,0.0,1302.09
ITEM0008875,ORD004251,PROD00187,2,6641.17,0.28,9563.28
ITEM0008876,ORD004251,PROD00266,1,5956.89,0.09,5420.77
ITEM0008877,ORD004252,PROD00155,1,1532.82,0.0,1532.82
ITEM0008878,ORD004252,PROD00082,1,3992.96,0.0,3992.96
ITEM0008879,ORD004253,PROD00181,3,2887.17,0.0,8661.51
ITEM0008880,ORD004254,PROD00275,1,5765.78,0.24,4381.99
ITEM0008881,ORD004255,PROD00218,2,6300.23,0.0,12600.46
ITEM0008882,ORD004256,PROD00176,1,5492.71,0.06,5163.15
ITEM0008883,ORD004257,PROD00171,3,546.18,0.0,1638.54
ITEM0008884,ORD004257,PROD00234,2,9552.76,0.1,17194.97
ITEM0008885,ORD004258,PROD00013,3,10508.19,0.23,24273.92
ITEM0008886,ORD004258,PROD00040,1,3631.49,0.06,3413.6
ITEM0008887,ORD004259,PROD00139,1,5962.8,0.0,5962.8
ITEM0008888,ORD004260,PROD00054,1,5941.63,0.0,5941.63
ITEM0008889,ORD004260,PROD00287,1,6559.01,0.0,6559.01
ITEM0008890,ORD004261,PROD00188,1,1657.41,0.04,1591.11
ITEM0008891,ORD004261,PROD00201,3,3944.29,0.3,8283.01
ITEM0008892,ORD004261,PROD00274,1,5633.46,0.0,5633.46
ITEM0008893,ORD004262,PROD00188,1,1657.41,0.0,1657.41
ITEM0008894,ORD004262,PROD00124,2,2025.14,0.0,4050.28
ITEM0008895,ORD004263,PROD00011,2,2615.05,0.0,5230.1
ITEM0008896,ORD004264,PROD00179,2,6055.62,0.0,12111.24
ITEM0008897,ORD004264,PROD00159,1,198.83,0.0,198.83
ITEM0008898,ORD004264,PROD00118,3,8273.55,0.0,24820.65
ITEM0008899,ORD004265,PROD00054,2,5941.63,0.0,11883.26
ITEM0008900,ORD004266,PROD00060,1,532.72,0.0,532.72
ITEM0008901,ORD004266,PROD00254,1,3623.42,0.25,2717.56
ITEM0008902,ORD004267,PROD00049,1,5326.74,0.09,4847.33
ITEM0008903,ORD004268,PROD00120,4,1288.16,0.0,5152.64
ITEM0008904,ORD004268,PROD00170,-1,2511.98,0.0,-2511.98
ITEM0008905,ORD004269,PROD00279,4,7168.01,0.0,28672.04
ITEM0008906,ORD004269,PROD00011,2,2615.05,0.0,5230.1
ITEM0008907,ORD004270,PROD00285,2,2757.81,0.19,4467.65
ITEM0008908,ORD004271,PROD00112,1,3435.2,0.0,3435.2
ITEM0008909,ORD004271,PROD00056,2,6326.27,0.0,12652.54
ITEM0008910,ORD004271,PROD00224,1,8522.29,0.0,8522.29
ITEM0008911,ORD004271,PROD00300,3,1343.36,0.0,4030.08
ITEM0008912,ORD004272,PROD00187,1,6641.17,0.0,6641.17
ITEM0008913,ORD004273,PROD00033,1,1942.09,0.17,1611.93
ITEM0008914,ORD004274,PROD00137,3,5635.51,0.0,16906.53
ITEM0008915,ORD004274,PROD00037,2,5435.74,0.0,10871.48
ITEM0008916,ORD004274,PROD00107,2,6282.37,0.0,12564.74
ITEM0008917,ORD004275,PROD00004,1,4097.38,0.0,4097.38
ITEM0008918,ORD004276,PROD00268,4,852.32,0.0,3409.28
ITEM0008919,ORD004276,PROD00213,2,9402.56,0.07,17488.76
ITEM0008920,ORD004277,PROD00055,2,2678.2,0.0,5356.4
ITEM0008921,ORD004277,PROD00075,2,6662.95,0.0,13325.9
ITEM0008922,ORD004278,PROD00042,1,8235.83,0.0,8235.83
ITEM0008923,ORD004279,PROD00059,1,11784.91,0.26,8720.83
ITEM0008924,ORD004279,PROD00269,1,2135.25,0.21,1686.85
ITEM0008925,ORD004279,PROD00053,1,7229.99,0.0,7229.99
ITEM0008926,ORD004280,PROD00186,3,1445.96,0.0,4337.88
ITEM0008927,ORD004280,PROD00040,3,3631.49,0.0,10894.47
ITEM0008928,ORD004280,PROD00044,1,5424.36,0.18,4447.98
ITEM0008929,ORD004281,PROD00154,1,5526.27,0.0,5526.27
ITEM0008930,ORD004281,PROD00212,1,7782.48,0.16,6537.28
ITEM0008931,ORD004281,PROD00257,2,1937.55,0.0,3875.1
ITEM0008932,ORD004282,PROD00005,3,246.43,0.0,739.29
ITEM0008933,ORD004282,PROD00058,1,4592.96,0.13,3995.88
ITEM0008934,ORD004283,PROD00286,1,945.94,0.08,870.26
ITEM0008935,ORD004283,PROD00173,1,2688.99,0.2,2151.19
ITEM0008936,ORD004284,PROD00292,4,5910.44,0.0,23641.76
ITEM0008937,ORD004285,PROD00126,3,10802.22,0.26,23980.93
ITEM0008938,ORD004286,PROD00166,2,7134.8,0.16,11986.46
ITEM0008939,ORD004287,PROD00075,1,6662.95,0.22,5197.1
ITEM0008940,ORD004288,PROD00292,3,5910.44,0.0,17731.32
ITEM0008941,ORD004288,PROD00206,2,8632.13,0.05,16401.05
ITEM0008942,ORD004289,PROD00244,1,4549.33,0.1,4094.4
ITEM0008943,ORD004289,PROD00214,1,8107.58,0.0,8107.58
ITEM0008944,ORD004289,PROD00060,1,532.72,0.0,532.72
ITEM0008945,ORD004290,PROD00200,1,7131.42,0.04,6846.16
ITEM0008946,ORD004291,PROD00190,2,3528.69,0.0,7057.38
ITEM0008947,ORD004291,PROD00020,1,7970.85,0.29,5659.3
ITEM0008948,ORD004291,PROD00172,1,734.93,0.25,551.2
ITEM0008949,ORD004291,PROD00048,4,1926.71,0.15,6550.81
ITEM0008950,ORD004291,PROD00272,3,7587.4,0.0,22762.2
ITEM0008951,ORD004292,PROD00092,1,1552.76,0.0,1552.76
ITEM0008952,ORD004292,PROD00011,2,2615.05,0.0,5230.1
ITEM0008953,ORD004292,PROD00032,1,301.12,0.0,301.12
ITEM0008954,ORD004292,PROD00182,1,3616.25,0.0,3616.25
ITEM0008955,ORD004292,PROD00054,1,5941.63,0.0,5941.63
ITEM0008956,ORD004293,PROD00263,1,4979.64,0.0,4979.64
ITEM0008957,ORD004294,PROD00264,1,8008.38,0.0,8008.38
ITEM0008958,ORD004295,PROD00049,2,5326.74,0.0,10653.48
ITEM0008959,ORD004295,PROD00056,4,6326.27,0.18,20750.17
ITEM0008960,ORD004296,PROD00088,1,4559.98,0.0,4559.98
ITEM0008961,ORD004296,PROD00164,1,5504.82,0.29,3908.42
ITEM0008962,ORD004296,PROD00009,2,5332.96,0.0,10665.92
ITEM0008963,ORD004297,PROD00106,4,3963.99,0.11,14111.8
ITEM0008964,ORD004297,PROD00006,1,8153.69,0.0,8153.69
ITEM0008965,ORD004297,PROD00104,1,2043.03,0.0,2043.03
ITEM0008966,ORD004297,PROD00169,1,5358.09,0.0,5358.09
ITEM0008967,ORD004298,PROD00071,1,534.87,0.0,534.87
ITEM0008968,ORD004298,PROD00112,3,3435.2,0.23,7935.31
ITEM0008969,ORD004299,PROD00007,2,7518.69,0.0,15037.38
ITEM0008970,ORD004300,PROD00209,1,3816.19,0.0,3816.19
ITEM0008971,ORD004300,PROD00159,1,198.83,0.0,198.83
ITEM0008972,ORD004300,PROD00060,1,532.72,0.29,378.23
ITEM0008973,ORD004301,PROD00104,1,2043.03,0.0,2043.03
ITEM0008974,ORD004301,PROD00116,1,3835.95,0.0,3835.95
ITEM0008975,ORD004302,PROD00124,2,2025.14,0.0,4050.28
ITEM0008976,ORD004302,PROD00154,2,5526.27,0.0,11052.54
ITEM0008977,ORD004303,PROD00291,1,1173.69,0.0,1173.69
ITEM0008978,ORD004303,PROD00014,1,1451.31,0.0,1451.31
ITEM0008979,ORD004304,PROD00189,2,7636.65,0.0,15273.3
ITEM0008980,ORD004304,PROD00059,1,11784.91,0.16,9899.32
ITEM0008981,ORD004305,PROD00192,3,5116.05,0.0,15348.15
ITEM0008982,ORD004306,PROD00150,1,290.6,0.0,290.6
ITEM0008983,ORD004306,PROD00055,1,2678.2,0.05,2544.29
ITEM0008984,ORD004306,PROD00216,1,3307.17,0.0,3307.17
ITEM0008985,ORD004306,PROD00263,1,4979.64,0.0,4979.64
ITEM0008986,ORD004307,PROD00119,2,9197.85,0.0,18395.7
ITEM0008987,ORD004308,PROD00226,2,648.79,0.0,1297.58
ITEM0008988,ORD004309,PROD00176,1,5492.71,0.0,5492.71
ITEM0008989,ORD004309,PROD00285,1,2757.81,0.06,2592.34
ITEM0008990,ORD004310,PROD00144,1,9953.38,0.0,9953.38
ITEM0008991,ORD004311,PROD00097,2,1492.36,0.25,2238.54
ITEM0008992,ORD004312,PROD00122,1,11549.43,0.0,11549.43
ITEM0008993,ORD004312,PROD00274,2,5633.46,0.0,11266.92
ITEM0008994,ORD004312,PROD00025,1,3078.83,0.0,3078.83
ITEM0008995,ORD004313,PROD00291,3,1173.69,0.0,3521.07
ITEM0008996,ORD004314,PROD00257,2,216.93,0.0,433.86
ITEM0008997,ORD004314,PROD00035,1,2576.9,0.0,2576.9
ITEM0008998,ORD004314,PROD00194,1,535.55,0.21,423.08
ITEM0008999,ORD004314,PROD00056,-4,6326.27,0.12,-22268.47
ITEM0009000,ORD004315,PROD00043,1,1789.22,0.0,1789.22
ITEM0009001,ORD004315,PROD00127,1,5321.52,0.29,3778.28
ITEM0009002,ORD004316,PROD00037,4,5435.74,0.0,21742.96
ITEM0009003,ORD004316,PROD00088,2,4559.98,0.15,7751.97
ITEM0009004,ORD004316,PROD00045,2,4706.05,0.0,9412.1
ITEM0009005,ORD004316,PROD00154,1,5526.27,0.0,5526.27
ITEM0009006,ORD004317,PROD00231,1,3622.68,0.0,3622.68
ITEM0009007,ORD004317,PROD00275,1,5765.78,0.0,5765.78
ITEM0009008,ORD004317,PROD00206,1,8632.13,0.0,8632.13
ITEM0009009,ORD004317,PROD00165,3,1721.94,0.17,4287.63
ITEM0009010,ORD004317,PROD00173,1,654.86,0.0,654.86
ITEM0009011,ORD004318,PROD00160,2,1750.19,0.25,2625.28
ITEM0009012,ORD004318,PROD00201,2,3944.29,0.09,7178.61
ITEM0009013,ORD004318,PROD00021,1,6443.82,0.0,6443.82
ITEM0009014,ORD004318,PROD00268,2,852.32,0.0,1704.64
ITEM0009015,ORD004318,PROD00252,2,910.14,0.04,1747.47
ITEM0009016,ORD004319,PROD00133,4,7313.64,0.26,21648.37
ITEM0009017,ORD004320,PROD00259,1,1489.83,0.05,1415.34
ITEM0009018,ORD004320,PROD00200,1,7131.42,0.0,7131.42
ITEM0009019,ORD004321,PROD00295,1,895.09,0.0,895.09
ITEM0009020,ORD004322,PROD00008,1,5338.8,0.0,5338.8
ITEM0009021,ORD004322,PROD00286,1,945.94,0.0,945.94
ITEM0009022,ORD004322,PROD00053,1,7229.99,0.3,5060.99
ITEM0009023,ORD004322,PROD00095,1,1505.02,0.0,1505.02
ITEM0009024,ORD004323,PROD00171,1,546.18,0.0,546.18
ITEM0009025,ORD004323,PROD00243,1,6308.05,0.0,6308.05
ITEM0009026,ORD004324,PROD00201,1,3944.29,0.0,3944.29
ITEM0009027,ORD004325,PROD00053,3,7229.99,0.25,16267.48
ITEM0009028,ORD004326,PROD00160,3,1750.19,0.0,5250.57
ITEM0009029,ORD004326,PROD00016,1,6005.27,0.0,6005.27
ITEM0009030,ORD004326,PROD00176,2,5492.71,0.26,8129.21
ITEM0009031,ORD004326,PROD00229,3,726.54,0.0,2179.62
ITEM0009032,ORD004327,PROD00249,1,4279.09,0.0,4279.09
ITEM0009033,ORD004327,PROD00181,1,2887.17,0.0,2887.17
ITEM0009034,ORD004328,PROD00149,2,832.87,0.0,1665.74
ITEM0009035,ORD004328,PROD00175,1,8513.93,0.04,8173.37
ITEM0009036,ORD004329,PROD00089,1,781.78,0.0,781.78
ITEM0009037,ORD004329,PROD00226,1,648.79,0.1,583.91
ITEM0009038,ORD004330,PROD00017,2,9163.85,0.0,18327.7
ITEM0009039,ORD004330,PROD00234,1,9552.76,0.0,9552.76
ITEM0009040,ORD004330,PROD00157,1,2525.54,0.03,2449.77
ITEM0009041,ORD004330,PROD00247,2,7341.91,0.0,14683.82
ITEM0009042,ORD004331,PROD00262,1,1460.84,0.07,1358.58
ITEM0009043,ORD004332,PROD00285,2,2757.81,0.0,5515.62
ITEM0009044,ORD004333,PROD00033,1,1942.09,0.14,1670.2
ITEM0009045,ORD004334,PROD00253,1,791.63,0.0,791.63
ITEM0009046,ORD004334,PROD00111,1,5596.44,0.0,5596.44
ITEM0009047,ORD004334,PROD00117,1,498.3,0.01,493.32
ITEM0009048,ORD004334,PROD00287,1,6559.01,0.0,6559.01
ITEM0009049,ORD004334,PROD00257,1,1912.12,0.13,1663.54
ITEM0009050,ORD004335,PROD00258,1,5858.08,0.23,4510.72
ITEM0009051,ORD004335,PROD00163,1,2745.97,0.0,2745.97
ITEM0009052,ORD004335,PROD00153,1,4010.2,0.29,2847.24
ITEM0009053,ORD004336,PROD00299,3,10649.19,0.17,26516.48
ITEM0009054,ORD004337,PROD00299,1,10649.19,0.0,10649.19
ITEM0009055,ORD004337,PROD00031,1,4066.81,0.0,4066.81
ITEM0009056,ORD004338,PROD00280,1,4625.83,0.18,3793.18
ITEM0009057,ORD004338,PROD00259,4,1489.83,0.0,5959.32
ITEM0009058,ORD004339,PROD00202,1,1016.59,0.03,986.09
ITEM0009059,ORD004340,PROD00168,1,5760.76,0.0,5760.76
ITEM0009060,ORD004340,PROD00208,3,4099.5,0.0,12298.5
ITEM0009061,ORD004340,PROD00095,1,1505.02,0.27,1098.66
ITEM0009062,ORD004341,PROD00152,4,1231.99,0.29,3498.85
ITEM0009063,ORD004341,PROD00083,1,9425.24,0.0,9425.24
ITEM0009064,ORD004341,PROD00271,2,439.58,0.0,879.16
ITEM0009065,ORD004341,PROD00225,3,6042.7,0.06,17040.41
ITEM0009066,ORD004342,PROD00228,1,1263.16,0.0,1263.16
ITEM0009067,ORD004343,PROD00109,1,7944.57,0.0,7944.57
ITEM0009068,ORD004343,PROD00081,1,2624.19,0.0,2624.19
ITEM0009069,ORD004344,PROD00176,1,5492.71,0.0,5492.71
ITEM0009070,ORD004344,PROD00101,3,1373.9,0.0,4121.7
ITEM0009071,ORD004345,PROD00080,2,862.91,0.11,1535.98
ITEM0009072,ORD004345,PROD00195,1,9608.14,0.0,9608.14
ITEM0009073,ORD004345,PROD00194,1,535.55,0.0,535.55
ITEM0009074,ORD004346,PROD00145,1,5845.69,0.0,5845.69
ITEM0009075,ORD004347,PROD00126,1,10802.22,0.07,10046.06
ITEM0009076,ORD004348,PROD00189,1,7636.65,0.27,5574.75
ITEM0009077,ORD004348,PROD00125,1,5694.29,0.25,4270.72
ITEM0009078,ORD004349,PROD00095,1,1505.02,0.0,1505.02
ITEM0009079,ORD004349,PROD00018,1,2803.77,0.0,2803.77
ITEM0009080,ORD004350,PROD00156,1,1816.09,0.0,1816.09
ITEM0009081,ORD004350,PROD00058,2,4592.96,0.0,9185.92
ITEM0009082,ORD004350,PROD00105,2,3095.41,0.0,6190.82
ITEM0009083,ORD004350,PROD00180,3,7030.69,0.0,21092.07
ITEM0009084,ORD004351,PROD00028,1,214.4,0.0,214.4
ITEM0009085,ORD004352,PROD00114,3,2295.26,0.29,4888.9
ITEM0009086,ORD004353,PROD00210,1,6680.3,0.02,6546.69
ITEM0009087,ORD004353,PROD00261,3,2154.14,0.19,5234.56
ITEM0009088,ORD004353,PROD00184,1,1498.15,0.0,1498.15
ITEM0009089,ORD004353,PROD00013,4,10508.19,0.0,42032.76
ITEM0009090,ORD004353,PROD00180,2,7030.69,0.19,11389.72
ITEM0009091,ORD004354,PROD00032,1,301.12,0.0,301.12
ITEM0009092,ORD004354,PROD00172,2,734.93,0.0,1469.86
ITEM0009093,ORD004355,PROD00118,2,8273.55,0.0,16547.1
ITEM0009094,ORD004355,PROD00006,1,8153.69,0.0,8153.69
ITEM0009095,ORD004355,PROD00245,4,6215.91,0.0,24863.64
ITEM0009096,ORD004355,PROD00022,1,1547.99,0.0,1547.99
ITEM0009097,ORD004356,PROD00241,2,2569.02,0.0,5138.04
ITEM0009098,ORD004357,PROD00032,1,301.12,0.0,301.12
ITEM0009099,ORD004357,PROD00111,1,5596.44,0.0,5596.44
ITEM0009100,ORD004358,PROD00080,1,862.91,0.0,862.91
ITEM0009101,ORD004358,PROD00079,2,7182.12,0.0,14364.24
ITEM0009102,ORD004359,PROD00094,2,6449.58,0.0,12899.16
ITEM0009103,ORD004359,PROD00030,2,4937.89,0.0,9875.78
ITEM0009104,ORD004359,PROD00041,2,3958.75,0.0,7917.5
ITEM0009105,ORD004359,PROD00182,2,3616.25,0.0,7232.5
ITEM0009106,ORD004359,PROD00280,1,4625.83,0.0,4625.83
ITEM0009107,ORD004360,PROD00100,1,8661.69,0.0,8661.69
ITEM0009108,ORD004360,PROD00210,3,6680.3,0.0,20040.9
ITEM0009109,ORD004361,PROD00054,2,5941.63,0.0,11883.26
ITEM0009110,ORD004362,PROD00145,2,5845.69,0.07,10872.98
ITEM0009111,ORD004362,PROD00114,3,2295.26,0.0,6885.78
ITEM0009112,ORD004363,PROD00219,1,344.65,0.16,289.51
ITEM0009113,ORD004364,PROD00297,1,10930.45,0.0,10930.45
ITEM0009114,ORD004364,PROD00159,4,198.83,0.0,795.32
ITEM0009115,ORD004364,PROD00152,1,1231.99,0.28,887.03
ITEM0009116,ORD004365,PROD00074,1,9420.21,0.17,7818.77
ITEM0009117,ORD004366,PROD00277,1,556.92,0.0,556.92
ITEM0009118,ORD004366,PROD00062,1,5673.89,0.0,5673.89
ITEM0009119,ORD004367,PROD00278,1,629.94,0.0,629.94
ITEM0009120,ORD004367,PROD00195,1,9608.14,0.0,9608.14
ITEM0009121,ORD004367,PROD00242,3,2496.43,0.12,6590.58
ITEM0009122,ORD004367,PROD00085,2,1960.53,0.0,3921.06
ITEM0009123,ORD004368,PROD00233,2,3164.97,0.0,6329.94
ITEM0009124,ORD004368,PROD00092,2,1552.76,0.0,3105.52
ITEM0009125,ORD004368,PROD00102,1,6509.4,0.0,6509.4
ITEM0009126,ORD004369,PROD00230,1,8026.94,0.15,6822.9
ITEM0009127,ORD004369,PROD00071,1,534.87,0.04,513.48
ITEM0009128,ORD004369,PROD00193,3,9202.76,0.0,27608.28
ITEM0009129,ORD004370,PROD00101,2,1373.9,0.0,2747.8
ITEM0009130,ORD004370,PROD00070,1,6693.56,0.0,6693.56
ITEM0009131,ORD004371,PROD00292,1,5910.44,0.0,5910.44
ITEM0009132,ORD004372,PROD00161,2,2894.21,0.0,5788.42
ITEM0009133,ORD004372,PROD00139,1,5962.8,0.0,5962.8
ITEM0009134,ORD004372,PROD00274,2,5633.46,0.14,9689.55
ITEM0009135,ORD004372,PROD00206,1,8632.13,0.17,7164.67
ITEM0009136,ORD004372,PROD00262,1,1460.84,0.0,1460.84
ITEM0009137,ORD004373,PROD00010,1,2259.53,0.0,2259.53
ITEM0009138,ORD004373,PROD00028,1,214.4,0.0,214.4
ITEM0009139,ORD004374,PROD00151,1,5518.05,0.0,5518.05
ITEM0009140,ORD004375,PROD00197,2,8766.75,0.0,17533.5
ITEM0009141,ORD004375,PROD00145,2,5845.69,0.0,11691.38
ITEM0009142,ORD004375,PROD00292,1,5910.44,0.03,5733.13
ITEM0009143,ORD004376,PROD00233,1,3164.97,0.0,3164.97
ITEM0009144,ORD004376,PROD00052,1,1689.78,0.0,1689.78
ITEM0009145,ORD004377,PROD00215,1,379.53,0.0,379.53
ITEM0009146,ORD004377,PROD00214,1,8107.58,0.0,8107.58
ITEM0009147,ORD004378,PROD00255,1,7383.63,0.2,5906.9
ITEM0009148,ORD004378,PROD00156,1,1816.09,0.0,1816.09
ITEM0009149,ORD004378,PROD00191,3,4249.81,0.0,12749.43
ITEM0009150,ORD004378,PROD00010,2,2259.53,0.12,3976.77
ITEM0009151,ORD004379,PROD00072,2,6999.91,0.0,13999.82
ITEM0009152,ORD004380,PROD00014,1,1451.31,0.0,1451.31
ITEM0009153,ORD004381,PROD00200,1,7131.42,0.0,7131.42
ITEM0009154,ORD004381,PROD00023,1,3506.84,0.0,3506.84
ITEM0009155,ORD004382,PROD00204,1,3352.35,0.0,3352.35
ITEM0009156,ORD004382,PROD00028,1,214.4,0.0,214.4
ITEM0009157,ORD004383,PROD00243,1,6308.05,0.0,6308.05
ITEM0009158,ORD004383,PROD00055,4,2678.2,0.0,10712.8
ITEM0009159,ORD004383,PROD00223,1,2430.88,0.0,2430.88
ITEM0009160,ORD004384,PROD00186,1,1445.96,0.02,1417.04
ITEM0009161,ORD004384,PROD00086,1,5791.83,0.14,4980.97
ITEM0009162,ORD004385,PROD00090,4,494.65,0.0,1978.6
ITEM0009163,ORD004385,PROD00078,2,2028.86,0.01,4017.14
ITEM0009164,ORD004386,PROD00036,2,7308.78,0.19,11840.22
ITEM0009165,ORD004386,PROD00106,1,3963.99,0.0,3963.99
ITEM0009166,ORD004387,PROD00034,1,2533.01,0.0,2533.01
ITEM0009167,ORD004388,PROD00287,1,6559.01,0.0,6559.01
ITEM0009168,ORD004389,PROD00296,1,1188.71,0.0,1188.71
ITEM0009169,ORD004389,PROD00162,1,3555.3,0.19,2879.79
ITEM0009170,ORD004390,PROD00039,1,6419.63,0.18,5264.1
ITEM0009171,ORD004391,PROD00075,1,6662.95,0.06,6263.17
ITEM0009172,ORD004391,PROD00248,1,10128.22,0.25,7596.16
ITEM0009173,ORD004392,PROD00248,1,10128.22,0.0,10128.22
ITEM0009174,ORD004392,PROD00215,1,379.53,0.0,379.53
ITEM0009175,ORD004392,PROD00291,1,1173.69,0.0,1173.69
ITEM0009176,ORD004392,PROD00245,1,6215.91,0.0,6215.91
ITEM0009177,ORD004393,PROD00290,1,1195.14,0.21,944.16
ITEM0009178,ORD004393,PROD00098,2,2402.47,0.0,4804.94
ITEM0009179,ORD004394,PROD00150,3,290.6,0.25,653.85
ITEM0009180,ORD004395,PROD00057,2,4595.24,0.24,6984.76
ITEM0009181,ORD004395,PROD00078,1,2028.86,0.0,2028.86
ITEM0009182,ORD004396,PROD00294,2,8182.59,0.25,12273.88
ITEM0009183,ORD004396,PROD00094,1,6449.58,0.04,6191.6
ITEM0009184,ORD004396,PROD00183,1,526.69,0.0,526.69
ITEM0009185,ORD004396,PROD00091,1,1302.09,0.0,1302.09
ITEM0009186,ORD004396,PROD00163,3,2745.97,0.21,6507.95
ITEM0009187,ORD004397,PROD00057,1,4595.24,0.0,4595.24
ITEM0009188,ORD004398,PROD00154,1,5526.27,0.0,5526.27
ITEM0009189,ORD004399,PROD00040,1,3631.49,0.22,2832.56
ITEM0009190,ORD004400,PROD00028,2,214.4,0.0,428.8
ITEM0009191,ORD004400,PROD00122,1,11549.43,0.0,11549.43
ITEM0009192,ORD004401,PROD00158,1,8138.6,0.05,7731.67
ITEM0009193,ORD004401,PROD00156,2,1816.09,0.0,3632.18
ITEM0009194,ORD004402,PROD00047,2,1589.57,0.0,3179.14
ITEM0009195,ORD004403,PROD00087,1,4546.57,0.0,4546.57
ITEM0009196,ORD004403,PROD00251,1,3365.3,0.04,3230.69
ITEM0009197,ORD004404,PROD00113,1,3472.93,0.0,3472.93
ITEM0009198,ORD004405,PROD00079,1,7182.12,0.0,7182.12
ITEM0009199,ORD004405,PROD00077,2,7101.66,0.0,14203.32
ITEM0009200,ORD004406,PROD00134,1,1127.73,0.18,924.74
ITEM0009201,ORD004406,PROD00119,1,9197.85,0.0,9197.85
ITEM0009202,ORD004407,PROD00219,1,344.65,0.01,341.2
ITEM0009203,ORD004408,PROD00235,2,1155.59,0.0,2311.18
ITEM0009204,ORD004408,PROD00097,1,1492.36,0.0,1492.36
ITEM0009205,ORD004408,PROD00245,2,6215.91,0.0,12431.82
ITEM0009206,ORD004409,PROD00270,1,4350.17,0.27,3175.62
ITEM0009207,ORD004409,PROD00059,2,11784.91,0.09,21448.54
ITEM0009208,ORD004410,PROD00076,1,6038.15,0.0,6038.15
ITEM0009209,ORD004410,PROD00115,2,3250.57,0.0,6501.14
ITEM0009210,ORD004411,PROD00285,1,2757.81,0.0,2757.81
ITEM0009211,ORD004411,PROD00174,1,4285.14,0.0,4285.14
ITEM0009212,ORD004412,PROD00225,2,6042.7,0.17,10030.88
ITEM0009213,ORD004413,PROD00146,1,504.1,0.16,423.44
ITEM0009214,ORD004413,PROD00101,4,1373.9,0.14,4726.22
ITEM0009215,ORD004413,PROD00009,3,5332.96,0.0,15998.88
ITEM0009216,ORD004414,PROD00279,2,7168.01,0.28,10321.93
ITEM0009217,ORD004414,PROD00107,1,6282.37,0.0,6282.37
ITEM0009218,ORD004414,PROD00167,1,2019.38,0.0,2019.38
ITEM0009219,ORD004414,PROD00290,2,1195.14,0.0,2390.28
ITEM0009220,ORD004414,PROD00004,1,4097.38,0.22,3195.96
ITEM0009221,ORD004415,PROD00064,1,4268.27,0.0,4268.27
ITEM0009222,ORD004415,PROD00163,1,2745.97,0.0,2745.97
ITEM0009223,ORD004415,PROD00106,2,3963.99,0.28,5708.15
ITEM0009224,ORD004415,PROD00190,1,3528.69,0.0,3528.69
ITEM0009225,ORD004416,PROD00178,2,7985.04,0.18,13095.47
ITEM0009226,ORD004416,PROD00068,1,1589.23,0.0,1589.23
ITEM0009227,ORD004416,PROD00271,1,439.58,0.01,435.18
ITEM0009228,ORD004417,PROD00013,2,10508.19,0.0,21016.38
ITEM0009229,ORD004417,PROD00090,1,494.65,0.0,494.65
ITEM0009230,ORD004417,PROD00028,1,214.4,0.0,214.4
ITEM0009231,ORD004417,PROD00073,1,9071.35,0.21,7166.37
ITEM0009232,ORD004417,PROD00145,2,5845.69,0.0,11691.38
ITEM0009233,ORD004418,PROD00091,1,1302.09,0.12,1145.84
ITEM0009234,ORD004419,PROD00280,1,4625.83,0.0,4625.83
ITEM0009235,ORD004420,PROD00131,1,576.16,0.0,576.16
ITEM0009236,ORD004420,PROD00242,1,2496.43,0.19,2022.11
ITEM0009237,ORD004420,PROD00188,1,1657.41,0.0,1657.41
ITEM0009238,ORD004420,PROD00268,-2,852.32,0.15,-1448.94
ITEM0009239,ORD004421,PROD00219,1,344.65,0.29,244.7
ITEM0009240,ORD004422,PROD00142,1,8354.87,0.0,8354.87
ITEM0009241,ORD004423,PROD00056,1,6326.27,0.0,6326.27
ITEM0009242,ORD004423,PROD00166,1,7134.8,0.0,7134.8
ITEM0009243,ORD004423,PROD00047,1,1589.57,0.0,1589.57
ITEM0009244,ORD004424,PROD00124,-1,2025.14,0.02,-1984.64
ITEM0009245,ORD004424,PROD00050,3,5338.68,0.0,16016.04
ITEM0009246,ORD004424,PROD00028,2,214.4,0.15,364.48
ITEM0009247,ORD004425,PROD00134,1,1127.73,0.0,1127.73
ITEM0009248,ORD004426,PROD00294,2,8182.59,0.0,16365.18
ITEM0009249,ORD004426,PROD00023,1,3506.84,0.3,2454.79
ITEM0009250,ORD004427,PROD00044,2,5424.36,0.0,10848.72
ITEM0009251,ORD004427,PROD00278,1,629.94,0.0,629.94
ITEM0009252,ORD004427,PROD00261,1,2154.14,0.0,2154.14
ITEM0009253,ORD004427,PROD00037,1,5435.74,0.0,5435.74
ITEM0009254,ORD004428,PROD00002,2,231.58,0.0,463.16
ITEM0009255,ORD004428,PROD00059,3,11784.91,0.13,30758.62
ITEM0009256,ORD004428,PROD00153,2,4010.2,0.0,8020.4
ITEM0009257,ORD004428,PROD00133,4,7313.64,0.0,29254.56
ITEM0009258,ORD004428,PROD00073,1,9071.35,0.14,7801.36
ITEM0009259,ORD004429,PROD00290,-1,1195.14,0.0,-1195.14
ITEM0009260,ORD004429,PROD00211,2,1624.33,0.0,3248.66
ITEM0009261,ORD004430,PROD00082,1,3992.96,0.0,3992.96
ITEM0009262,ORD004430,PROD00080,1,862.91,0.17,716.22
ITEM0009263,ORD004431,PROD00085,3,1960.53,0.0,5881.59
ITEM0009264,ORD004431,PROD00147,4,4961.76,0.0,19847.04
ITEM0009265,ORD004431,PROD00290,1,1195.14,0.0,1195.14
ITEM0009266,ORD004432,PROD00150,1,290.6,0.0,290.6
ITEM0009267,ORD004432,PROD00097,2,1492.36,0.26,2208.69
ITEM0009268,ORD004433,PROD00080,1,862.91,0.0,862.91
ITEM0009269,ORD004433,PROD00205,3,6283.38,0.0,18850.14
ITEM0009270,ORD004434,PROD00145,1,5845.69,0.0,5845.69
ITEM0009271,ORD004434,PROD00005,1,246.43,0.0,246.43
ITEM0009272,ORD004435,PROD00162,1,3555.3,0.0,3555.3
ITEM0009273,ORD004436,PROD00080,2,862.91,0.0,1725.82
ITEM0009274,ORD004437,PROD00011,2,2615.05,0.0,5230.1
ITEM0009275,ORD004437,PROD00294,1,8182.59,0.0,8182.59
ITEM0009276,ORD004438,PROD00210,1,6680.3,0.0,6680.3
ITEM0009277,ORD004438,PROD00232,1,3144.6,0.19,2547.13
ITEM0009278,ORD004438,PROD00188,1,1657.41,0.0,1657.41
ITEM0009279,ORD004439,PROD00226,1,648.79,0.0,648.79
ITEM0009280,ORD004439,PROD00264,2,8008.38,0.0,16016.76
ITEM0009281,ORD004439,PROD00191,2,4249.81,0.0,8499.62
ITEM0009282,ORD004439,PROD00232,1,3144.6,0.0,3144.6
ITEM0009283,ORD004440,PROD00044,1,5424.36,0.0,5424.36
ITEM0009284,ORD004440,PROD00085,1,1960.53,0.05,1862.5
ITEM0009285,ORD004440,PROD00269,1,2135.25,0.0,2135.25
ITEM0009286,ORD004440,PROD00062,2,5673.89,0.0,11347.78
ITEM0009287,ORD004441,PROD00201,2,3944.29,0.0,7888.58
ITEM0009288,ORD004441,PROD00270,1,4350.17,0.0,4350.17
ITEM0009289,ORD004441,PROD00069,1,1387.34,0.0,1387.34
ITEM0009290,ORD004442,PROD00294,1,8182.59,0.15,6955.2
ITEM0009291,ORD004442,PROD00008,1,5338.8,0.14,4591.37
ITEM0009292,ORD004443,PROD00215,1,379.53,0.0,379.53
ITEM0009293,ORD004444,PROD00086,1,5791.83,0.0,5791.83
ITEM0009294,ORD004444,PROD00041,2,3958.75,0.14,6809.05
ITEM0009295,ORD004445,PROD00109,2,7944.57,0.0,15889.14
ITEM0009296,ORD004445,PROD00050,2,5338.68,0.0,10677.36
ITEM0009297,ORD004445,PROD00160,2,1750.19,0.0,3500.38
ITEM0009298,ORD004445,PROD00059,1,11784.91,0.27,8602.98
ITEM0009299,ORD004446,PROD00076,1,6038.15,0.0,6038.15
ITEM0009300,ORD004446,PROD00134,1,1127.73,0.0,1127.73
ITEM0009301,ORD004446,PROD00132,2,5296.2,0.17,8791.69
ITEM0009302,ORD004447,PROD00192,1,5116.05,0.0,5116.05
ITEM0009303,ORD004447,PROD00091,1,1302.09,0.0,1302.09
ITEM0009304,ORD004447,PROD00203,1,477.27,0.0,477.27
ITEM0009305,ORD004447,PROD00138,2,10725.29,0.0,21450.58
ITEM0009306,ORD004447,PROD00115,2,3250.57,0.19,5265.92
ITEM0009307,ORD004448,PROD00151,1,5518.05,0.0,5518.05
ITEM0009308,ORD004448,PROD00043,2,1789.22,0.0,3578.44
ITEM0009309,ORD004449,PROD00067,1,996.38,0.0,996.38
ITEM0009310,ORD004449,PROD00005,2,246.43,0.0,492.86
ITEM0009311,ORD004450,PROD00163,1,2745.97,0.0,2745.97
ITEM0009312,ORD004451,PROD00241,1,1059.72,0.0,1059.72
ITEM0009313,ORD004452,PROD00146,1,504.1,0.0,504.1
ITEM0009314,ORD004452,PROD00247,2,7341.91,0.0,14683.82
ITEM0009315,ORD004452,PROD00283,1,7427.34,0.1,6684.61
ITEM0009316,ORD004452,PROD00064,1,4268.27,0.14,3670.71
ITEM0009317,ORD004453,PROD00085,1,1960.53,0.0,1960.53
ITEM0009318,ORD004454,PROD00164,1,5504.82,0.0,5504.82
ITEM0009319,ORD004455,PROD00180,1,7030.69,0.0,7030.69
ITEM0009320,ORD004455,PROD00017,1,9163.85,0.0,9163.85
ITEM0009321,ORD004455,PROD00262,1,1460.84,0.0,1460.84
ITEM0009322,ORD004456,PROD00046,3,8988.77,0.23,20764.06
ITEM0009323,ORD004456,PROD00280,1,4625.83,0.16,3885.7
ITEM0009324,ORD004457,PROD00152,1,1231.99,0.0,1231.99
ITEM0009325,ORD004457,PROD00033,2,1942.09,0.0,3884.18
ITEM0009326,ORD004457,PROD00102,2,6509.4,0.26,9633.91
ITEM0009327,ORD004458,PROD00107,3,6282.37,0.0,18847.11
ITEM0009328,ORD004458,PROD00001,2,9272.65,0.0,18545.3
ITEM0009329,ORD004459,PROD00187,1,6641.17,0.0,6641.17
ITEM0009330,ORD004460,PROD00205,2,6283.38,0.0,12566.76
ITEM0009331,ORD004461,PROD00286,2,945.94,0.18,1551.34
ITEM0009332,ORD004461,PROD00084,1,7622.23,0.0,7622.23
ITEM0009333,ORD004462,PROD00051,4,8693.03,0.05,33033.51
ITEM0009334,ORD004462,PROD00139,3,5962.8,0.0,17888.4
ITEM0009335,ORD004462,PROD00151,1,5518.05,0.0,5518.05
ITEM0009336,ORD004462,PROD00046,2,8988.77,0.22,14022.48
ITEM0009337,ORD004462,PROD00164,1,5504.82,0.12,4844.24
ITEM0009338,ORD004463,PROD00294,2,8182.59,0.0,16365.18
ITEM0009339,ORD004463,PROD00109,2,7944.57,0.07,14776.9
ITEM0009340,ORD004464,PROD00207,3,6547.46,0.0,19642.38
ITEM0009341,ORD004465,PROD00187,1,6641.17,0.0,6641.17
ITEM0009342,ORD004465,PROD00253,2,791.63,0.0,1583.26
ITEM0009343,ORD004466,PROD00215,1,379.53,0.08,349.17
ITEM0009344,ORD004466,PROD00160,2,1750.19,0.03,3395.37
ITEM0009345,ORD004466,PROD00295,1,895.09,0.0,895.09
ITEM0009346,ORD004467,PROD00035,2,2576.9,0.0,5153.8
ITEM0009347,ORD004468,PROD00210,-1,6680.3,0.0,-6680.3
ITEM0009348,ORD004469,PROD00021,1,6443.82,0.08,5928.31
ITEM0009349,ORD004470,PROD00259,2,1489.83,0.23,2294.34
ITEM0009350,ORD004470,PROD00229,1,726.54,0.0,726.54
ITEM0009351,ORD004470,PROD00016,-1,6005.27,0.0,-6005.27
ITEM0009352,ORD004471,PROD00171,1,546.18,0.0,546.18
ITEM0009353,ORD004471,PROD00059,1,11784.91,0.0,11784.91
ITEM0009354,ORD004471,PROD00060,1,532.72,0.07,495.43
ITEM0009355,ORD004471,PROD00066,1,899.86,0.0,899.86
ITEM0009356,ORD004471,PROD00171,1,546.18,0.01,540.72
ITEM0009357,ORD004472,PROD00028,2,214.4,0.0,428.8
ITEM0009358,ORD004472,PROD00152,1,1231.99,0.08,1133.43
ITEM0009359,ORD004472,PROD00280,2,4625.83,0.0,9251.66
ITEM0009360,ORD004473,PROD00182,1,3616.25,0.0,3616.25
ITEM0009361,ORD004473,PROD00177,2,5446.6,0.0,10893.2
ITEM0009362,ORD004474,PROD00159,1,198.83,0.0,198.83
ITEM0009363,ORD004474,PROD00260,2,8617.38,0.23,13270.77
ITEM0009364,ORD004474,PROD00248,2,10128.22,0.0,20256.44
ITEM0009365,ORD004475,PROD00232,1,3144.6,0.02,3081.71
ITEM0009366,ORD004476,PROD00224,1,8522.29,0.0,8522.29
ITEM0009367,ORD004477,PROD00135,1,2086.2,0.0,2086.2
ITEM0009368,ORD004478,PROD00238,1,7201.82,0.16,6049.53
ITEM0009369,ORD004479,PROD00035,1,2576.9,0.27,1881.14
ITEM0009370,ORD004480,PROD00220,1,6168.69,0.0,6168.69
ITEM0009371,ORD004481,PROD00288,2,2790.22,0.0,5580.44
ITEM0009372,ORD004481,PROD00116,2,3835.95,0.0,7671.9
ITEM0009373,ORD004481,PROD00281,3,7979.23,0.0,23937.69
ITEM0009374,ORD004481,PROD00179,1,6055.62,0.0,6055.62
ITEM0009375,ORD004482,PROD00137,2,5635.51,0.0,11271.02
ITEM0009376,ORD004483,PROD00214,1,8107.58,0.0,8107.58
ITEM0009377,ORD004483,PROD00254,4,3623.42,0.0,14493.68
ITEM0009378,ORD004483,PROD00076,2,6038.15,0.2,9661.04
ITEM0009379,ORD004484,PROD00244,2,4549.33,0.0,9098.66
ITEM0009380,ORD004484,PROD00247,4,7341.91,0.05,27899.26
ITEM0009381,ORD004485,PROD00102,1,6509.4,0.0,6509.4
ITEM0009382,ORD004485,PROD00028,1,214.4,0.0,214.4
ITEM0009383,ORD004486,PROD00003,3,2902.0,0.0,8706.0
ITEM0009384,ORD004486,PROD00172,1,734.93,0.0,734.93
ITEM0009385,ORD004487,PROD00151,1,5518.05,0.0,5518.05
ITEM0009386,ORD004487,PROD00133,2,7313.64,0.25,10970.46
ITEM0009387,ORD004487,PROD00069,1,2467.54,0.0,2467.54
ITEM0009388,ORD004488,PROD00264,2,8008.38,0.0,16016.76
ITEM0009389,ORD004488,PROD00039,2,6419.63,0.0,12839.26
ITEM0009390,ORD004488,PROD00066,1,899.86,0.0,899.86
ITEM0009391,ORD004489,PROD00215,1,379.53,0.0,379.53
ITEM0009392,ORD004490,PROD00228,2,1263.16,0.0,2526.32
ITEM0009393,ORD004491,PROD00183,2,526.69,0.24,800.57
ITEM0009394,ORD004491,PROD00036,2,7308.78,0.0,14617.56
ITEM0009395,ORD004492,PROD00116,1,3835.95,0.0,3835.95
ITEM0009396,ORD004493,PROD00048,1,1926.71,0.1,1734.04
ITEM0009397,ORD004494,PROD00260,2,8617.38,0.0,17234.76
ITEM0009398,ORD004495,PROD00005,3,246.43,0.24,561.86
ITEM0009399,ORD004496,PROD00026,1,992.19,0.0,992.19
ITEM0009400,ORD004497,PROD00030,1,4937.89,0.0,4937.89
ITEM0009401,ORD004498,PROD00275,2,5765.78,0.07,10724.35
ITEM0009402,ORD004499,PROD00021,1,6443.82,0.0,6443.82
ITEM0009403,ORD004499,PROD00215,2,379.53,0.0,759.06
ITEM0009404,ORD004500,PROD00023,1,3506.84,0.0,3506.84
ITEM0009405,ORD004500,PROD00080,1,862.91,0.0,862.91
ITEM0009406,ORD004500,PROD00280,1,4625.83,0.2,3700.66
ITEM0009407,ORD004500,PROD00055,3,2678.2,0.03,7793.56
ITEM0009408,ORD004501,PROD00101,1,1373.9,0.0,1373.9
ITEM0009409,ORD004502,PROD00188,2,1657.41,0.06,3115.93
ITEM0009410,ORD004503,PROD00184,2,1498.15,0.28,2157.34
ITEM0009411,ORD004504,PROD00137,1,5635.51,0.08,5184.67
ITEM0009412,ORD004504,PROD00183,1,526.69,0.0,526.69
ITEM0009413,ORD004504,PROD00297,1,10930.45,0.16,9181.58
ITEM0009414,ORD004505,PROD00235,1,1155.59,0.0,1155.59
ITEM0009415,ORD004506,PROD00265,1,4207.25,0.0,4207.25
ITEM0009416,ORD004506,PROD00068,1,1589.23,0.0,1589.23
ITEM0009417,ORD004506,PROD00151,2,5518.05,0.0,11036.1
ITEM0009418,ORD004507,PROD00027,1,5723.51,0.15,4864.98
ITEM0009419,ORD004507,PROD00220,1,6168.69,0.0,6168.69
ITEM0009420,ORD004508,PROD00209,2,3816.19,0.18,6258.55
ITEM0009421,ORD004508,PROD00007,2,7518.69,0.0,15037.38
ITEM0009422,ORD004508,PROD00132,1,5296.2,0.25,3972.15
ITEM0009423,ORD004508,PROD00078,1,2028.86,0.11,1805.69
ITEM0009424,ORD004509,PROD00131,1,576.16,0.0,576.16
ITEM0009425,ORD004510,PROD00262,1,1460.84,0.0,1460.84
ITEM0009426,ORD004510,PROD00062,1,5673.89,0.0,5673.89
ITEM0009427,ORD004510,PROD00097,1,1492.36,0.0,1492.36
ITEM0009428,ORD004510,PROD00294,2,8182.59,0.0,16365.18
ITEM0009429,ORD004511,PROD00238,4,7201.82,0.0,28807.28
ITEM0009430,ORD004511,PROD00088,1,4559.98,0.0,4559.98
ITEM0009431,ORD004512,PROD00104,1,2043.03,0.0,2043.03
ITEM0009432,ORD004513,PROD00169,2,5358.09,0.0,10716.18
ITEM0009433,ORD004514,PROD00002,3,231.58,0.15,590.53
ITEM0009434,ORD004514,PROD00285,1,2757.81,0.0,2757.81
ITEM0009435,ORD004515,PROD00063,1,1083.33,0.0,1083.33
ITEM0009436,ORD004516,PROD00180,2,7030.69,0.0,14061.38
ITEM0009437,ORD004517,PROD00085,3,1960.53,0.2,4705.27
ITEM0009438,ORD004517,PROD00227,1,3250.8,0.25,2438.1
ITEM0009439,ORD004517,PROD00168,3,5760.76,0.0,17282.28
ITEM0009440,ORD004517,PROD00029,1,5799.72,0.07,5393.74
ITEM0009441,ORD004518,PROD00138,1,10725.29,0.0,10725.29
ITEM0009442,ORD004518,PROD00104,1,2043.03,0.26,1511.84
ITEM0009443,ORD004519,PROD00006,2,8153.69,0.0,16307.38
ITEM0009444,ORD004520,PROD00141,2,4481.31,0.0,8962.62
ITEM0009445,ORD004520,PROD00159,2,198.83,0.0,397.66
ITEM0009446,ORD004521,PROD00212,2,7782.48,0.0,15564.96
ITEM0009447,ORD004521,PROD00214,1,8107.58,0.0,8107.58
ITEM0009448,ORD004522,PROD00097,2,1492.36,0.1,2686.25
ITEM0009449,ORD004522,PROD00226,1,648.79,0.02,635.81
ITEM0009450,ORD004523,PROD00137,3,5635.51,0.0,16906.53
ITEM0009451,ORD004524,PROD00044,1,5424.36,0.19,4393.73
ITEM0009452,ORD004524,PROD00255,1,7383.63,0.0,7383.63
ITEM0009453,ORD004525,PROD00072,1,6999.91,0.0,6999.91
ITEM0009454,ORD004526,PROD00264,2,8008.38,0.0,16016.76
ITEM0009455,ORD004526,PROD00137,1,5635.51,0.0,5635.51
ITEM0009456,ORD004526,PROD00292,-1,5910.44,0.26,-4373.73
ITEM0009457,ORD004526,PROD00232,1,3144.6,0.11,2798.69
ITEM0009458,ORD004527,PROD00131,2,576.16,0.0,1152.32
ITEM0009459,ORD004528,PROD00028,1,214.4,0.0,214.4
ITEM0009460,ORD004528,PROD00048,1,1926.71,0.0,1926.71
ITEM0009461,ORD004528,PROD00213,2,9402.56,0.0,18805.12
ITEM0009462,ORD004528,PROD00104,1,2043.03,0.11,1818.3
ITEM0009463,ORD004529,PROD00204,3,3352.35,0.12,8850.2
ITEM0009464,ORD004529,PROD00142,1,8354.87,0.0,8354.87
ITEM0009465,ORD004529,PROD00249,1,4279.09,0.0,4279.09
ITEM0009466,ORD004530,PROD00099,3,6088.4,0.0,18265.2
ITEM0009467,ORD004530,PROD00282,1,3504.39,0.0,3504.39
ITEM0009468,ORD004531,PROD00171,1,546.18,0.0,546.18
ITEM0009469,ORD004531,PROD00061,1,4205.57,0.0,4205.57
ITEM0009470,ORD004531,PROD00142,2,8354.87,0.0,16709.74
ITEM0009471,ORD004531,PROD00038,1,1983.28,0.0,1983.28
ITEM0009472,ORD004532,PROD00001,2,9272.65,0.0,18545.3
ITEM0009473,ORD004533,PROD00023,1,3506.84,0.0,3506.84
ITEM0009474,ORD004533,PROD00112,1,3435.2,0.0,3435.2
ITEM0009475,ORD004534,PROD00207,1,6547.46,0.25,4910.6
ITEM0009476,ORD004534,PROD00262,3,1460.84,0.0,4382.52
ITEM0009477,ORD004534,PROD00061,3,4205.57,0.0,12616.71
ITEM0009478,ORD004534,PROD00119,1,9197.85,0.26,6806.41
ITEM0009479,ORD004534,PROD00238,1,7201.82,0.0,7201.82
ITEM0009480,ORD004535,PROD00107,4,6282.37,0.0,25129.48
ITEM0009481,ORD004535,PROD00133,2,7313.64,0.24,11116.73
ITEM0009482,ORD004536,PROD00091,1,1302.09,0.0,1302.09
ITEM0009483,ORD004537,PROD00109,2,7944.57,0.1,14300.23
ITEM0009484,ORD004537,PROD00153,1,4010.2,0.0,4010.2
ITEM0009485,ORD004538,PROD00056,1,6326.27,0.0,6326.27
ITEM0009486,ORD004538,PROD00117,1,498.3,0.0,498.3
ITEM0009487,ORD004539,PROD00104,1,2043.03,0.16,1716.15
ITEM0009488,ORD004539,PROD00030,2,4937.89,0.0,9875.78
ITEM0009489,ORD004540,PROD00182,1,3616.25,0.0,3616.25
ITEM0009490,ORD004540,PROD00019,1,2406.67,0.0,2406.67
ITEM0009491,ORD004541,PROD00163,1,2745.97,0.08,2526.29
ITEM0009492,ORD004541,PROD00147,1,4961.76,0.0,4961.76
ITEM0009493,ORD004542,PROD00047,2,1589.57,0.0,3179.14
ITEM0009494,ORD004542,PROD00051,2,8693.03,0.0,17386.06
ITEM0009495,ORD004542,PROD00153,1,4010.2,0.0,4010.2
ITEM0009496,ORD004543,PROD00173,1,384.43,0.0,384.43
ITEM0009497,ORD004543,PROD00003,1,2902.0,0.0,2902.0
ITEM0009498,ORD004544,PROD00120,3,1288.16,0.0,3864.48
ITEM0009499,ORD004544,PROD00210,4,6680.3,0.0,26721.2
ITEM0009500,ORD004545,PROD00068,1,1589.23,0.0,1589.23
ITEM0009501,ORD004546,PROD00107,2,6282.37,0.21,9926.14
ITEM0009502,ORD004547,PROD00051,2,8693.03,0.08,15995.18
ITEM0009503,ORD004547,PROD00047,1,1589.57,0.05,1510.09
ITEM0009504,ORD004547,PROD00013,4,10508.19,0.16,35307.52
ITEM0009505,ORD004548,PROD00208,1,4099.5,0.0,4099.5
ITEM0009506,ORD004549,PROD00237,1,8123.36,0.0,8123.36
ITEM0009507,ORD004549,PROD00141,1,4481.31,0.0,4481.31
ITEM0009508,ORD004549,PROD00222,2,3002.04,0.0,6004.08
ITEM0009509,ORD004550,PROD00042,2,8235.83,0.0,16471.66
ITEM0009510,ORD004551,PROD00034,2,2533.01,0.0,5066.02
ITEM0009511,ORD004552,PROD00264,2,8008.38,0.08,14735.42
ITEM0009512,ORD004552,PROD00209,1,3816.19,0.0,3816.19
ITEM0009513,ORD004552,PROD00271,1,439.58,0.0,439.58
ITEM0009514,ORD004553,PROD00030,1,4937.89,0.0,4937.89
ITEM0009515,ORD004554,PROD00075,1,6662.95,0.0,6662.95
ITEM0009516,ORD004555,PROD00189,1,7636.65,0.2,6109.32
ITEM0009517,ORD004556,PROD00233,2,3164.97,0.1,5696.95
ITEM0009518,ORD004557,PROD00163,4,2745.97,0.03,10654.36
ITEM0009519,ORD004557,PROD00269,1,2135.25,0.0,2135.25
ITEM0009520,ORD004558,PROD00211,3,1624.33,0.0,4872.99
ITEM0009521,ORD004558,PROD00061,2,4205.57,0.24,6392.47
ITEM0009522,ORD004558,PROD00269,1,2135.25,0.0,2135.25
ITEM0009523,ORD004558,PROD00068,2,1589.23,0.0,3178.46
ITEM0009524,ORD004559,PROD00049,1,5326.74,0.0,5326.74
ITEM0009525,ORD004559,PROD00046,1,8988.77,0.0,8988.77
ITEM0009526,ORD004559,PROD00036,1,7308.78,0.24,5554.67
ITEM0009527,ORD004560,PROD00258,1,5858.08,0.0,5858.08
ITEM0009528,ORD004560,PROD00243,2,6308.05,0.16,10597.52
ITEM0009529,ORD004561,PROD00133,2,7313.64,0.0,14627.28
ITEM0009530,ORD004561,PROD00200,1,7131.42,0.0,7131.42
ITEM0009531,ORD004561,PROD00139,1,5962.8,0.0,5962.8
ITEM0009532,ORD004561,PROD00108,1,7407.37,0.0,7407.37
ITEM0009533,ORD004562,PROD00111,3,5596.44,0.0,16789.32
ITEM0009534,ORD004563,PROD00100,1,8661.69,0.0,8661.69
ITEM0009535,ORD004563,PROD00150,1,290.6,0.0,290.6
ITEM0009536,ORD004563,PROD00258,2,5858.08,0.0,11716.16
ITEM0009537,ORD004564,PROD00138,1,10725.29,0.0,10725.29
ITEM0009538,ORD004565,PROD00033,1,1942.09,0.19,1573.09
ITEM0009539,ORD004566,PROD00214,1,8107.58,0.23,6242.84
ITEM0009540,ORD004566,PROD00238,2,7201.82,0.0,14403.64
ITEM0009541,ORD004566,PROD00156,2,1816.09,0.02,3559.54
ITEM0009542,ORD004567,PROD00041,1,3958.75,0.0,3958.75
ITEM0009543,ORD004568,PROD00085,4,1960.53,0.0,7842.12
ITEM0009544,ORD004569,PROD00035,1,2576.9,0.0,2576.9
ITEM0009545,ORD004569,PROD00181,1,2887.17,0.24,2194.25
ITEM0009546,ORD004569,PROD00056,4,6326.27,0.0,25305.08
ITEM0009547,ORD004570,PROD00009,4,5332.96,0.12,18772.02
ITEM0009548,ORD004571,PROD00191,3,4249.81,0.0,12749.43
ITEM0009549,ORD004572,PROD00084,1,7622.23,0.0,7622.23
ITEM0009550,ORD004572,PROD00017,1,9163.85,0.0,9163.85
ITEM0009551,ORD004573,PROD00026,2,992.19,0.0,1984.38
ITEM0009552,ORD004574,PROD00256,2,256.57,0.25,384.86
ITEM0009553,ORD004574,PROD00012,1,7089.43,0.01,7018.54
ITEM0009554,ORD004574,PROD00223,1,2430.88,0.0,2430.88
ITEM0009555,ORD004575,PROD00240,2,4510.78,0.0,9021.56
ITEM0009556,ORD004575,PROD00256,3,256.57,0.0,769.71
ITEM0009557,ORD004576,PROD00162,1,3555.3,0.0,3555.3
ITEM0009558,ORD004577,PROD00010,2,2259.53,0.05,4293.11
ITEM0009559,ORD004577,PROD00011,1,2615.05,0.0,2615.05
ITEM0009560,ORD004578,PROD00043,3,1789.22,0.0,5367.66
ITEM0009561,ORD004578,PROD00083,2,9425.24,0.0,18850.48
ITEM0009562,ORD004578,PROD00111,1,5596.44,0.0,5596.44
ITEM0009563,ORD004578,PROD00147,1,4961.76,0.0,4961.76
ITEM0009564,ORD004579,PROD00120,1,1288.16,0.22,1004.76
ITEM0009565,ORD004579,PROD00294,2,8182.59,0.0,16365.18
ITEM0009566,ORD004580,PROD00223,1,2430.88,0.11,2163.48
ITEM0009567,ORD004580,PROD00296,4,1188.71,0.0,4754.84
ITEM0009568,ORD004580,PROD00082,1,3992.96,0.27,2914.86
ITEM0009569,ORD004580,PROD00114,3,2295.26,0.19,5577.48
ITEM0009570,ORD004581,PROD00291,3,1173.69,0.0,3521.07
ITEM0009571,ORD004581,PROD00099,1,6088.4,0.0,6088.4
ITEM0009572,ORD004582,PROD00264,2,8008.38,0.0,16016.76
ITEM0009573,ORD004582,PROD00211,1,1624.33,0.06,1526.87
ITEM0009574,ORD004583,PROD00212,1,7782.48,0.0,7782.48
ITEM0009575,ORD004583,PROD00258,1,5858.08,0.0,5858.08
ITEM0009576,ORD004584,PROD00258,1,5858.08,0.0,5858.08
ITEM0009577,ORD004584,PROD00038,-3,1983.28,0.0,-5949.84
ITEM0009578,ORD004585,PROD00204,1,3352.35,0.0,3352.35
ITEM0009579,ORD004585,PROD00237,1,8123.36,0.12,7148.56
ITEM0009580,ORD004586,PROD00197,3,8766.75,0.0,26300.25
ITEM0009581,ORD004586,PROD00094,-4,6449.58,0.0,-25798.32
ITEM0009582,ORD004587,PROD00278,1,629.94,0.21,497.65
ITEM0009583,ORD004588,PROD00156,2,1816.09,0.0,3632.18
ITEM0009584,ORD004589,PROD00117,1,498.3,0.0,498.3
ITEM0009585,ORD004590,PROD00100,1,8661.69,0.1,7795.52
ITEM0009586,ORD004590,PROD00230,3,8026.94,0.11,21431.93
ITEM0009587,ORD004590,PROD00181,2,2887.17,0.0,5774.34
ITEM0009588,ORD004591,PROD00232,1,3144.6,0.0,3144.6
ITEM0009589,ORD004592,PROD00169,1,5358.09,0.0,5358.09
ITEM0009590,ORD004593,PROD00143,1,1075.34,0.0,1075.34
ITEM0009591,ORD004594,PROD00058,4,4592.96,0.0,18371.84
ITEM0009592,ORD004594,PROD00125,2,5694.29,0.0,11388.58
ITEM0009593,ORD004595,PROD00101,1,1373.9,0.0,1373.9
ITEM0009594,ORD004596,PROD00037,2,5435.74,0.0,10871.48
ITEM0009595,ORD004596,PROD00001,2,9272.65,0.0,18545.3
ITEM0009596,ORD004596,PROD00093,3,3802.74,0.0,11408.22
ITEM0009597,ORD004596,PROD00221,4,901.85,0.13,3138.44
ITEM0009598,ORD004596,PROD00108,1,7407.37,0.0,7407.37
ITEM0009599,ORD004597,PROD00026,1,992.19,0.0,992.19
ITEM0009600,ORD004597,PROD00239,1,467.33,0.0,467.33
ITEM0009601,ORD004598,PROD00075,1,6662.95,0.0,6662.95
ITEM0009602,ORD004598,PROD00203,2,477.27,0.0,954.54
ITEM0009603,ORD004598,PROD00154,1,5526.27,0.0,5526.27
ITEM0009604,ORD004598,PROD00043,1,1789.22,0.0,1789.22
ITEM0009605,ORD004599,PROD00194,3,535.55,0.13,1397.79
ITEM0009606,ORD004599,PROD00071,1,534.87,0.0,534.87
ITEM0009607,ORD004600,PROD00290,1,1195.14,0.21,944.16
ITEM0009608,ORD004600,PROD00108,1,7407.37,0.0,7407.37
ITEM0009609,ORD004600,PROD00127,1,5321.52,0.11,4736.15
ITEM0009610,ORD004601,PROD00005,2,246.43,0.0,492.86
ITEM0009611,ORD004601,PROD00211,2,1624.33,0.0,3248.66
ITEM0009612,ORD004601,PROD00152,2,1231.99,0.0,2463.98
ITEM0009613,ORD004602,PROD00234,1,9552.76,0.0,9552.76
ITEM0009614,ORD004603,PROD00215,2,379.53,0.0,759.06
ITEM0009615,ORD004603,PROD00203,3,477.27,0.0,1431.81
ITEM0009616,ORD004604,PROD00061,1,4205.57,0.0,4205.57
ITEM0009617,ORD004604,PROD00123,1,2950.23,0.0,2950.23
ITEM0009618,ORD004604,PROD00094,1,6449.58,0.24,4901.68
ITEM0009619,ORD004605,PROD00053,1,7229.99,0.0,7229.99
ITEM0009620,ORD004605,PROD00142,2,8354.87,0.0,16709.74
ITEM0009621,ORD004605,PROD00164,1,5504.82,0.19,4458.9
ITEM0009622,ORD004606,PROD00147,1,4961.76,0.03,4812.91
ITEM0009623,ORD004606,PROD00234,4,9552.76,0.07,35536.27
ITEM0009624,ORD004607,PROD00233,1,3164.97,0.0,3164.97
ITEM0009625,ORD004608,PROD00258,1,5858.08,0.0,5858.08
ITEM0009626,ORD004608,PROD00132,1,5296.2,0.11,4713.62
ITEM0009627,ORD004608,PROD00250,2,4610.44,0.0,9220.88
ITEM0009628,ORD004608,PROD00293,3,5361.88,0.0,16085.64
ITEM0009629,ORD004608,PROD00161,1,2894.21,0.0,2894.21
ITEM0009630,ORD004609,PROD00286,1,945.94,0.19,766.21
ITEM0009631,ORD004610,PROD00292,1,5910.44,0.0,5910.44
ITEM0009632,ORD004610,PROD00284,1,1981.58,0.0,1981.58
ITEM0009633,ORD004610,PROD00281,1,7979.23,0.0,7979.23
ITEM0009634,ORD004610,PROD00008,3,5338.8,0.27,11691.97
ITEM0009635,ORD004611,PROD00066,1,899.86,0.0,899.86
ITEM0009636,ORD004611,PROD00100,1,8661.69,0.14,7449.05
ITEM0009637,ORD004611,PROD00247,2,7341.91,0.0,14683.82
ITEM0009638,ORD004612,PROD00052,1,1689.78,0.22,1318.03
ITEM0009639,ORD004613,PROD00141,2,4481.31,0.0,8962.62
ITEM0009640,ORD004614,PROD00042,1,8235.83,0.18,6753.38
ITEM0009641,ORD004614,PROD00185,1,2719.98,0.04,2611.18
ITEM0009642,ORD004615,PROD00017,4,9163.85,0.0,36655.4
ITEM0009643,ORD004616,PROD00223,1,2430.88,0.08,2236.41
ITEM0009644,ORD004616,PROD00214,1,8107.58,0.0,8107.58
ITEM0009645,ORD004617,PROD00272,2,7587.4,0.05,14416.06
ITEM0009646,ORD004617,PROD00248,2,10128.22,0.0,20256.44
ITEM0009647,ORD004618,PROD00077,1,7101.66,0.0,7101.66
ITEM0009648,ORD004618,PROD00146,1,504.1,0.0,504.1
ITEM0009649,ORD004619,PROD00139,1,5962.8,0.18,4889.5
ITEM0009650,ORD004619,PROD00178,1,7985.04,0.03,7745.49
ITEM0009651,ORD004620,PROD00126,1,10802.22,0.0,10802.22
ITEM0009652,ORD004620,PROD00032,3,301.12,0.0,903.36
ITEM0009653,ORD004621,PROD00265,4,4207.25,0.0,16829.0
ITEM0009654,ORD004621,PROD00263,1,4979.64,0.0,4979.64
ITEM0009655,ORD004621,PROD00084,1,7622.23,0.0,7622.23
ITEM0009656,ORD004621,PROD00160,1,1750.19,0.0,1750.19
ITEM0009657,ORD004622,PROD00181,2,2887.17,0.0,5774.34
ITEM0009658,ORD004623,PROD00288,1,2790.22,0.16,2343.78
ITEM0009659,ORD004624,PROD00221,2,901.85,0.0,1803.7
ITEM0009660,ORD004625,PROD00113,2,3472.93,0.15,5903.98
ITEM0009661,ORD004625,PROD00112,2,3435.2,0.0,6870.4
ITEM0009662,ORD004626,PROD00129,1,2500.46,0.02,2450.45
ITEM0009663,ORD004626,PROD00164,2,5504.82,0.0,11009.64
ITEM0009664,ORD004626,PROD00110,2,7163.14,0.0,14326.28
ITEM0009665,ORD004626,PROD00201,1,3944.29,0.14,3392.09
ITEM0009666,ORD004627,PROD00214,2,8107.58,0.0,16215.16
ITEM0009667,ORD004628,PROD00298,3,5321.16,0.0,15963.48
ITEM0009668,ORD004629,PROD00196,1,6703.46,0.0,6703.46
ITEM0009669,ORD004629,PROD00171,4,546.18,0.23,1682.23
ITEM0009670,ORD004629,PROD00225,1,6042.7,0.0,6042.7
ITEM0009671,ORD004630,PROD00062,3,5673.89,0.0,17021.67
ITEM0009672,ORD004630,PROD00284,1,1981.58,0.02,1941.95
ITEM0009673,ORD004630,PROD00079,1,7182.12,0.0,7182.12
ITEM0009674,ORD004630,PROD00259,1,1489.83,0.0,1489.83
ITEM0009675,ORD004631,PROD00068,1,1589.23,0.0,1589.23
ITEM0009676,ORD004632,PROD00237,2,8123.36,0.0,16246.72
ITEM0009677,ORD004633,PROD00188,1,1657.41,0.16,1392.22
ITEM0009678,ORD004634,PROD00191,1,4249.81,0.0,4249.81
ITEM0009679,ORD004635,PROD00266,1,5956.89,0.15,5063.36
ITEM0009680,ORD004636,PROD00293,1,5361.88,0.04,5147.4
ITEM0009681,ORD004637,PROD00229,2,726.54,0.0,1453.08
ITEM0009682,ORD004637,PROD00066,1,899.86,0.0,899.86
ITEM0009683,ORD004637,PROD00161,2,2894.21,0.0,5788.42
ITEM0009684,ORD004637,PROD00021,1,6443.82,0.24,4897.3
ITEM0009685,ORD004638,PROD00263,1,4979.64,0.0,4979.64
ITEM0009686,ORD004638,PROD00012,1,7089.43,0.27,5175.28
ITEM0009687,ORD004638,PROD00070,2,6693.56,0.0,13387.12
ITEM0009688,ORD004639,PROD00274,2,5633.46,0.16,9464.21
ITEM0009689,ORD004639,PROD00149,1,832.87,0.0,832.87
ITEM0009690,ORD004639,PROD00253,1,791.63,0.0,791.63
ITEM0009691,ORD004639,PROD00283,2,7427.34,0.0,14854.68
ITEM0009692,ORD004640,PROD00061,1,4205.57,0.17,3490.62
ITEM0009693,ORD004641,PROD00144,2,9953.38,0.0,19906.76
ITEM0009694,ORD004641,PROD00022,1,1547.99,0.17,1284.83
ITEM0009695,ORD004642,PROD00028,1,214.4,0.0,214.4
ITEM0009696,ORD004643,PROD00251,1,3365.3,0.0,3365.3
ITEM0009697,ORD004643,PROD00112,1,3435.2,0.0,3435.2
ITEM0009698,ORD004644,PROD00286,1,945.94,0.0,945.94
ITEM0009699,ORD004644,PROD00269,1,2135.25,0.0,2135.25
ITEM0009700,ORD004645,PROD00237,1,8123.36,0.0,8123.36
ITEM0009701,ORD004645,PROD00091,2,1302.09,0.0,2604.18
ITEM0009702,ORD004646,PROD00125,2,5694.29,0.0,11388.58
ITEM0009703,ORD004647,PROD00291,2,1173.69,0.15,1995.27
ITEM0009704,ORD004648,PROD00105,2,3095.41,0.0,6190.82
ITEM0009705,ORD004648,PROD00255,1,7383.63,0.18,6054.58
ITEM0009706,ORD004649,PROD00209,1,3816.19,0.0,3816.19
ITEM0009707,ORD004649,PROD00211,2,1624.33,0.0,3248.66
ITEM0009708,ORD004649,PROD00014,1,1451.31,0.0,1451.31
ITEM0009709,ORD004649,PROD00186,2,1445.96,0.0,2891.92
ITEM0009710,ORD004650,PROD00157,1,2525.54,0.24,1919.41
ITEM0009711,ORD004650,PROD00113,2,3472.93,0.0,6945.86
ITEM0009712,ORD004651,PROD00291,1,1173.69,0.0,1173.69
ITEM0009713,ORD004652,PROD00098,3,2402.47,0.0,7207.41
ITEM0009714,ORD004652,PROD00003,2,2902.0,0.0,5804.0
ITEM0009715,ORD004653,PROD00262,1,1460.84,0.0,1460.84
ITEM0009716,ORD004653,PROD00131,2,576.16,0.0,1152.32
ITEM0009717,ORD004654,PROD00174,4,4285.14,0.0,17140.56
ITEM0009718,ORD004655,PROD00135,2,2086.2,0.0,4172.4
ITEM0009719,ORD004655,PROD00002,1,231.58,0.0,231.58
ITEM0009720,ORD004656,PROD00069,2,1538.86,0.0,3077.71
ITEM0009721,ORD004656,PROD00186,1,1445.96,0.23,1113.39
ITEM0009722,ORD004656,PROD00111,1,5596.44,0.0,5596.44
ITEM0009723,ORD004656,PROD00300,1,1343.36,0.0,1343.36
ITEM0009724,ORD004656,PROD00095,2,1505.02,0.29,2137.13
ITEM0009725,ORD004657,PROD00261,1,2154.14,0.0,2154.14
ITEM0009726,ORD004657,PROD00093,1,3802.74,0.0,3802.74
ITEM0009727,ORD004658,PROD00158,2,8138.6,0.0,16277.2
ITEM0009728,ORD004658,PROD00239,2,467.33,0.0,934.66
ITEM0009729,ORD004658,PROD00051,1,8693.03,0.0,8693.03
ITEM0009730,ORD004658,PROD00169,3,5358.09,0.0,16074.27
ITEM0009731,ORD004659,PROD00198,4,1516.26,0.0,6065.04
ITEM0009732,ORD004659,PROD00285,1,2757.81,0.0,2757.81
ITEM0009733,ORD004660,PROD00132,1,5296.2,0.0,5296.2
ITEM0009734,ORD004661,PROD00214,4,8107.58,0.0,32430.32
ITEM0009735,ORD004661,PROD00197,1,8766.75,0.06,8240.74
ITEM0009736,ORD004662,PROD00097,3,1492.36,0.0,4477.08
ITEM0009737,ORD004662,PROD00069,2,1927.61,0.0,3855.22
ITEM0009738,ORD004662,PROD00105,2,3095.41,0.0,6190.82
ITEM0009739,ORD004662,PROD00069,1,1905.95,0.0,1905.95
ITEM0009740,ORD004663,PROD00180,1,7030.69,0.0,7030.69
ITEM0009741,ORD004663,PROD00134,1,1127.73,0.25,845.8
ITEM0009742,ORD004663,PROD00033,1,1942.09,0.0,1942.09
ITEM0009743,ORD004664,PROD00220,1,6168.69,0.01,6107.0
ITEM0009744,ORD004665,PROD00009,1,5332.96,0.0,5332.96
ITEM0009745,ORD004666,PROD00078,2,2028.86,0.2,3246.18
ITEM0009746,ORD004666,PROD00276,1,8701.77,0.19,7048.43
ITEM0009747,ORD004667,PROD00193,2,9202.76,0.0,18405.52
ITEM0009748,ORD004668,PROD00158,1,8138.6,0.0,8138.6
ITEM0009749,ORD004668,PROD00032,1,301.12,0.0,301.12
ITEM0009750,ORD004669,PROD00036,4,7308.78,0.0,29235.12
ITEM0009751,ORD004670,PROD00135,1,2086.2,0.19,1689.82
ITEM0009752,ORD004670,PROD00130,2,3445.25,0.05,6545.98
ITEM0009753,ORD004671,PROD00218,1,6300.23,0.13,5481.2
ITEM0009754,ORD004672,PROD00114,2,2295.26,0.0,4590.52
ITEM0009755,ORD004673,PROD00024,1,10115.71,0.0,10115.71
ITEM0009756,ORD004674,PROD00171,2,546.18,0.0,1092.36
ITEM0009757,ORD004674,PROD00260,2,8617.38,0.0,17234.76
ITEM0009758,ORD004674,PROD00242,2,2496.43,0.0,4992.86
ITEM0009759,ORD004675,PROD00138,1,10725.29,0.0,10725.29
ITEM0009760,ORD004675,PROD00020,2,7970.85,0.0,15941.7
ITEM0009761,ORD004675,PROD00174,3,4285.14,0.0,12855.42
ITEM0009762,ORD004676,PROD00269,1,2135.25,0.14,1836.32
ITEM0009763,ORD004676,PROD00093,4,3802.74,0.0,15210.96
ITEM0009764,ORD004676,PROD00179,1,6055.62,0.29,4299.49
ITEM0009765,ORD004676,PROD00162,3,3555.3,0.0,10665.9
ITEM0009766,ORD004677,PROD00144,1,9953.38,0.0,9953.38
ITEM0009767,ORD004677,PROD00264,1,8008.38,0.16,6727.04
ITEM0009768,ORD004678,PROD00168,2,5760.76,0.0,11521.52
ITEM0009769,ORD004679,PROD00037,1,5435.74,0.15,4620.38
ITEM0009770,ORD004679,PROD00094,2,6449.58,0.0,12899.16
ITEM0009771,ORD004679,PROD00182,1,3616.25,0.0,3616.25
ITEM0009772,ORD004680,PROD00151,1,5518.05,0.0,5518.05
ITEM0009773,ORD004681,PROD00148,3,3870.28,0.0,11610.84
ITEM0009774,ORD004681,PROD00023,1,3506.84,0.0,3506.84
ITEM0009775,ORD004682,PROD00103,1,9136.07,0.02,8953.35
ITEM0009776,ORD004682,PROD00208,1,4099.5,0.0,4099.5
ITEM0009777,ORD004683,PROD00119,1,9197.85,0.29,6530.47
ITEM0009778,ORD004683,PROD00273,1,4432.81,0.0,4432.81
ITEM0009779,ORD004683,PROD00191,1,4249.81,0.0,4249.81
ITEM0009780,ORD004684,PROD00286,2,945.94,0.0,1891.88
ITEM0009781,ORD004685,PROD00100,3,8661.69,0.1,23386.56
ITEM0009782,ORD004685,PROD00273,2,4432.81,0.18,7269.81
ITEM0009783,ORD004686,PROD00259,1,1489.83,0.0,1489.83
ITEM0009784,ORD004686,PROD00268,2,852.32,0.23,1312.57
ITEM0009785,ORD004687,PROD00292,2,5910.44,0.0,11820.88
ITEM0009786,ORD004687,PROD00268,1,852.32,0.26,630.72
ITEM0009787,ORD004688,PROD00083,2,9425.24,0.04,18096.46
ITEM0009788,ORD004689,PROD00116,2,3835.95,0.0,7671.9
ITEM0009789,ORD004690,PROD00108,1,7407.37,0.11,6592.56
ITEM0009790,ORD004690,PROD00038,2,1983.28,0.0,3966.56
ITEM0009791,ORD004690,PROD00049,3,5326.74,0.0,15980.22
ITEM0009792,ORD004691,PROD00007,1,7518.69,0.0,7518.69
ITEM0009793,ORD004691,PROD00254,1,3623.42,0.0,3623.42
ITEM0009794,ORD004691,PROD00271,1,439.58,0.28,316.5
ITEM0009795,ORD004692,PROD00235,3,1155.59,0.1,3120.09
ITEM0009796,ORD004692,PROD00271,1,439.58,0.0,439.58
ITEM0009797,ORD004693,PROD00043,1,1789.22,0.0,1789.22
ITEM0009798,ORD004694,PROD00130,2,3445.25,0.22,5374.59
ITEM0009799,ORD004694,PROD00132,1,5296.2,0.0,5296.2
ITEM0009800,ORD004695,PROD00117,1,498.3,0.0,498.3
ITEM0009801,ORD004695,PROD00088,2,4559.98,0.0,9119.96
ITEM0009802,ORD004696,PROD00195,3,9608.14,0.0,28824.42
ITEM0009803,ORD004696,PROD00285,2,2757.81,0.25,4136.72
ITEM0009804,ORD004697,PROD00040,1,3631.49,0.0,3631.49
ITEM0009805,ORD004697,PROD00009,3,5332.96,0.2,12799.1
ITEM0009806,ORD004697,PROD00287,3,6559.01,0.21,15544.85
ITEM0009807,ORD004698,PROD00117,1,498.3,0.0,498.3
ITEM0009808,ORD004698,PROD00015,1,5418.41,0.12,4768.2
ITEM0009809,ORD004698,PROD00070,2,6693.56,0.0,13387.12
ITEM0009810,ORD004699,PROD00136,1,621.23,0.0,621.23
ITEM0009811,ORD004700,PROD00294,1,8182.59,0.0,8182.59
ITEM0009812,ORD004701,PROD00241,2,2357.85,0.0,4715.7
ITEM0009813,ORD004702,PROD00270,4,4350.17,0.0,17400.68
ITEM0009814,ORD004702,PROD00287,1,6559.01,0.0,6559.01
ITEM0009815,ORD004703,PROD00188,1,1657.41,0.0,1657.41
ITEM0009816,ORD004703,PROD00065,2,6570.64,0.0,13141.28
ITEM0009817,ORD004703,PROD00241,1,1451.59,0.0,1451.59
ITEM0009818,ORD004704,PROD00220,1,6168.69,0.0,6168.69
ITEM0009819,ORD004704,PROD00096,1,4639.15,0.0,4639.15
ITEM0009820,ORD004705,PROD00239,1,467.33,0.0,467.33
ITEM0009821,ORD004706,PROD00203,1,477.27,0.0,477.27
ITEM0009822,ORD004707,PROD00014,1,1451.31,0.0,1451.31
ITEM0009823,ORD004708,PROD00262,2,1460.84,0.0,2921.68
ITEM0009824,ORD004708,PROD00010,1,2259.53,0.0,2259.53
ITEM0009825,ORD004708,PROD00070,1,6693.56,0.0,6693.56
ITEM0009826,ORD004709,PROD00285,2,2757.81,0.0,5515.62
ITEM0009827,ORD004710,PROD00198,1,1516.26,0.0,1516.26
ITEM0009828,ORD004711,PROD00036,1,7308.78,0.0,7308.78
ITEM0009829,ORD004711,PROD00205,1,6283.38,0.0,6283.38
ITEM0009830,ORD004711,PROD00066,2,899.86,0.0,1799.72
ITEM0009831,ORD004711,PROD00225,1,6042.7,0.0,6042.7
ITEM0009832,ORD004712,PROD00267,2,3457.61,0.0,6915.22
ITEM0009833,ORD004713,PROD00151,2,5518.05,0.0,11036.1
ITEM0009834,ORD004714,PROD00035,1,2576.9,0.0,2576.9
ITEM0009835,ORD004715,PROD00238,1,7201.82,0.0,7201.82
ITEM0009836,ORD004716,PROD00173,2,1222.23,0.16,2053.34
ITEM0009837,ORD004716,PROD00165,2,1721.94,0.24,2617.35
ITEM0009838,ORD004716,PROD00160,1,1750.19,0.11,1557.67
ITEM0009839,ORD004717,PROD00122,1,11549.43,0.0,11549.43
ITEM0009840,ORD004718,PROD00164,3,5504.82,0.0,16514.46
ITEM0009841,ORD004719,PROD00157,2,2525.54,0.0,5051.08
ITEM0009842,ORD004720,PROD00069,1,1958.98,0.0,1958.98
ITEM0009843,ORD004720,PROD00016,4,6005.27,0.0,24021.08
ITEM0009844,ORD004720,PROD00175,1,8513.93,0.0,8513.93
ITEM0009845,ORD004721,PROD00114,1,2295.26,0.0,2295.26
ITEM0009846,ORD004721,PROD00207,4,6547.46,0.0,26189.84
ITEM0009847,ORD004721,PROD00285,1,2757.81,0.0,2757.81
ITEM0009848,ORD004721,PROD00258,2,5858.08,0.0,11716.16
ITEM0009849,ORD004721,PROD00202,1,1016.59,0.23,782.77
ITEM0009850,ORD004722,PROD00225,1,6042.7,0.03,5861.42
ITEM0009851,ORD004722,PROD00017,1,9163.85,0.0,9163.85
ITEM0009852,ORD004722,PROD00299,1,10649.19,0.0,10649.19
ITEM0009853,ORD004723,PROD00048,1,1926.71,0.03,1868.91
ITEM0009854,ORD004723,PROD00047,2,1589.57,0.09,2893.02
ITEM0009855,ORD004723,PROD00079,2,7182.12,0.22,11204.11
ITEM0009856,ORD004724,PROD00159,3,198.83,0.17,495.09
ITEM0009857,ORD004725,PROD00088,1,4559.98,0.0,4559.98
ITEM0009858,ORD004726,PROD00237,3,8123.36,0.0,24370.08
ITEM0009859,ORD004726,PROD00138,1,10725.29,0.0,10725.29
ITEM0009860,ORD004727,PROD00125,3,5694.29,0.03,16570.38
ITEM0009861,ORD004728,PROD00180,3,7030.69,0.22,16451.81
ITEM0009862,ORD004728,PROD00228,2,1263.16,0.0,2526.32
ITEM0009863,ORD004728,PROD00049,1,5326.74,0.02,5220.21
ITEM0009864,ORD004729,PROD00135,1,2086.2,0.0,2086.2
ITEM0009865,ORD004729,PROD00220,1,6168.69,0.16,5181.7
ITEM0009866,ORD004729,PROD00049,1,5326.74,0.21,4208.12
ITEM0009867,ORD004729,PROD00163,4,2745.97,0.0,10983.88
ITEM0009868,ORD004729,PROD00017,2,9163.85,0.0,18327.7
ITEM0009869,ORD004730,PROD00259,1,1489.83,0.0,1489.83
ITEM0009870,ORD004730,PROD00013,2,10508.19,0.15,17863.92
ITEM0009871,ORD004730,PROD00047,1,1589.57,0.08,1462.4
ITEM0009872,ORD004730,PROD00125,1,5694.29,0.0,5694.29
ITEM0009873,ORD004731,PROD00144,2,9953.38,0.0,19906.76
ITEM0009874,ORD004731,PROD00279,1,7168.01,0.0,7168.01
ITEM0009875,ORD004732,PROD00107,2,6282.37,0.0,12564.74
ITEM0009876,ORD004732,PROD00152,1,1231.99,0.29,874.71
ITEM0009877,ORD004733,PROD00083,1,9425.24,0.0,9425.24
ITEM0009878,ORD004734,PROD00290,1,1195.14,0.0,1195.14
ITEM0009879,ORD004735,PROD00020,3,7970.85,0.0,23912.55
ITEM0009880,ORD004735,PROD00160,1,1750.19,0.0,1750.19
ITEM0009881,ORD004735,PROD00010,1,2259.53,0.3,1581.67
ITEM0009882,ORD004735,PROD00081,4,2624.19,0.0,10496.76
ITEM0009883,ORD004736,PROD00132,1,5296.2,0.07,4925.47
ITEM0009884,ORD004736,PROD00047,2,1589.57,0.0,3179.14
ITEM0009885,ORD004736,PROD00248,1,10128.22,0.0,10128.22
ITEM0009886,ORD004737,PROD00297,1,10930.45,0.0,10930.45
ITEM0009887,ORD004737,PROD00285,2,2757.81,0.0,5515.62
ITEM0009888,ORD004738,PROD00169,1,5358.09,0.0,5358.09
ITEM0009889,ORD004739,PROD00273,4,4432.81,0.0,17731.24
ITEM0009890,ORD004739,PROD00161,-1,2894.21,0.22,-2257.48
ITEM0009891,ORD004739,PROD00265,1,4207.25,0.22,3281.66
ITEM0009892,ORD004739,PROD00005,1,246.43,0.0,246.43
ITEM0009893,ORD004739,PROD00117,1,498.3,0.0,498.3
ITEM0009894,ORD004740,PROD00092,1,1552.76,0.2,1242.21
ITEM0009895,ORD004741,PROD00292,1,5910.44,0.0,5910.44
ITEM0009896,ORD004741,PROD00175,2,8513.93,0.19,13792.57
ITEM0009897,ORD004742,PROD00071,1,534.87,0.0,534.87
ITEM0009898,ORD004742,PROD00220,1,6168.69,0.0,6168.69
ITEM0009899,ORD004743,PROD00112,1,3435.2,0.0,3435.2
ITEM0009900,ORD004743,PROD00180,1,7030.69,0.12,6187.01
ITEM0009901,ORD004743,PROD00255,1,7383.63,0.18,6054.58
ITEM0009902,ORD004744,PROD00279,2,7168.01,0.0,14336.02
ITEM0009903,ORD004744,PROD00182,1,3616.25,0.0,3616.25
ITEM0009904,ORD004745,PROD00286,1,945.94,0.0,945.94
ITEM0009905,ORD004745,PROD00240,3,4510.78,0.06,12720.4
ITEM0009906,ORD004745,PROD00014,1,1451.31,0.0,1451.31
ITEM0009907,ORD004746,PROD00052,1,1689.78,0.0,1689.78
ITEM0009908,ORD004746,PROD00264,4,8008.38,0.0,32033.52
ITEM0009909,ORD004746,PROD00029,4,5799.72,0.0,23198.88
ITEM0009910,ORD004746,PROD00282,1,3504.39,0.0,3504.39
ITEM0009911,ORD004747,PROD00146,3,504.1,0.0,1512.3
ITEM0009912,ORD004747,PROD00212,3,7782.48,0.0,23347.44
ITEM0009913,ORD004748,PROD00024,3,10115.71,0.21,23974.23
ITEM0009914,ORD004748,PROD00192,2,5116.05,0.0,10232.1
ITEM0009915,ORD004749,PROD00234,1,9552.76,0.0,9552.76
ITEM0009916,ORD004749,PROD00076,1,6038.15,0.08,5555.1
ITEM0009917,ORD004750,PROD00025,1,3078.83,0.0,3078.83
ITEM0009918,ORD004750,PROD00215,2,379.53,0.0,759.06
ITEM0009919,ORD004751,PROD00254,2,3623.42,0.09,6594.62
ITEM0009920,ORD004751,PROD00117,1,498.3,0.01,493.32
ITEM0009921,ORD004752,PROD00125,1,5694.29,0.0,5694.29
ITEM0009922,ORD004752,PROD00185,1,2719.98,0.0,2719.98
ITEM0009923,ORD004753,PROD00073,1,9071.35,0.0,9071.35
ITEM0009924,ORD004753,PROD00153,2,4010.2,0.3,5614.28
ITEM0009925,ORD004753,PROD00138,1,10725.29,0.0,10725.29
ITEM0009926,ORD004754,PROD00066,1,899.86,0.0,899.86
ITEM0009927,ORD004754,PROD00141,1,4481.31,0.04,4302.06
ITEM0009928,ORD004755,PROD00030,1,4937.89,0.0,4937.89
ITEM0009929,ORD004755,PROD00124,1,2025.14,0.0,2025.14
ITEM0009930,ORD004755,PROD00048,2,1926.71,0.0,3853.42
ITEM0009931,ORD004755,PROD00078,1,2028.86,0.08,1866.55
ITEM0009932,ORD004756,PROD00103,2,9136.07,0.0,18272.14
ITEM0009933,ORD004757,PROD00012,4,7089.43,0.02,27790.57
ITEM0009934,ORD004757,PROD00109,1,7944.57,0.0,7944.57
ITEM0009935,ORD004758,PROD00125,1,5694.29,0.0,5694.29
ITEM0009936,ORD004759,PROD00124,1,2025.14,0.3,1417.6
ITEM0009937,ORD004759,PROD00221,1,901.85,0.0,901.85
ITEM0009938,ORD004759,PROD00138,1,10725.29,0.27,7829.46
ITEM0009939,ORD004759,PROD00274,1,5633.46,0.0,5633.46
ITEM0009940,ORD004759,PROD00219,1,344.65,0.27,251.59
ITEM0009941,ORD004760,PROD00031,1,4066.81,0.0,4066.81
ITEM0009942,ORD004760,PROD00280,1,4625.83,0.0,4625.83
ITEM0009943,ORD004760,PROD00261,1,2154.14,0.19,1744.85
ITEM0009944,ORD004760,PROD00192,1,5116.05,0.0,5116.05
ITEM0009945,ORD004760,PROD00179,2,6055.62,0.0,12111.24
ITEM0009946,ORD004761,PROD00224,1,8522.29,0.0,8522.29
ITEM0009947,ORD004761,PROD00047,1,1589.57,0.0,1589.57
ITEM0009948,ORD004761,PROD00116,4,3835.95,0.0,15343.8
ITEM0009949,ORD004761,PROD00233,2,3164.97,0.19,5127.25
ITEM0009950,ORD004762,PROD00118,2,8273.55,0.0,16547.1
ITEM0009951,ORD004763,PROD00287,1,6559.01,0.0,6559.01
ITEM0009952,ORD004764,PROD00162,1,3555.3,0.0,3555.3
ITEM0009953,ORD004764,PROD00188,1,1657.41,0.0,1657.41
ITEM0009954,ORD004764,PROD00234,1,9552.76,0.0,9552.76
ITEM0009955,ORD004764,PROD00214,3,8107.58,0.21,19214.96
ITEM0009956,ORD004765,PROD00221,2,901.85,0.12,1587.26
ITEM0009957,ORD004765,PROD00021,1,6443.82,0.0,6443.82
ITEM0009958,ORD004766,PROD00179,2,6055.62,0.0,12111.24
ITEM0009959,ORD004766,PROD00232,2,3144.6,0.08,5786.06
ITEM0009960,ORD004766,PROD00162,1,3555.3,0.22,2773.13
ITEM0009961,ORD004767,PROD00014,1,1451.31,0.0,1451.31
ITEM0009962,ORD004768,PROD00272,2,7587.4,0.0,15174.8
ITEM0009963,ORD004768,PROD00141,1,4481.31,0.0,4481.31
ITEM0009964,ORD004769,PROD00175,1,8513.93,0.0,8513.93
ITEM0009965,ORD004769,PROD00218,1,6300.23,0.0,6300.23
ITEM0009966,ORD004770,PROD00028,1,214.4,0.0,214.4
ITEM0009967,ORD004770,PROD00032,1,301.12,0.0,301.12
ITEM0009968,ORD004771,PROD00080,1,862.91,0.0,862.91
ITEM0009969,ORD004772,PROD00196,1,6703.46,0.11,5966.08
ITEM0009970,ORD004772,PROD00297,1,10930.45,0.0,10930.45
ITEM0009971,ORD004773,PROD00149,3,832.87,0.0,2498.61
ITEM0009972,ORD004773,PROD00198,1,1516.26,0.0,1516.26
ITEM0009973,ORD004774,PROD00115,1,3250.57,0.0,3250.57
ITEM0009974,ORD004774,PROD00002,1,231.58,0.0,231.58
ITEM0009975,ORD004775,PROD00245,1,6215.91,0.0,6215.91
ITEM0009976,ORD004775,PROD00035,1,2576.9,0.0,2576.9
ITEM0009977,ORD004775,PROD00092,1,1552.76,0.0,1552.76
ITEM0009978,ORD004776,PROD00277,1,556.92,0.0,556.92
ITEM0009979,ORD004776,PROD00085,2,1960.53,0.0,3921.06
ITEM0009980,ORD004777,PROD00096,3,4639.15,0.0,13917.45
ITEM0009981,ORD004777,PROD00117,2,498.3,0.22,777.35
ITEM0009982,ORD004777,PROD00090,3,494.65,0.0,1483.95
ITEM0009983,ORD004778,PROD00288,1,2790.22,0.06,2622.81
ITEM0009984,ORD004779,PROD00132,2,5296.2,0.0,10592.4
ITEM0009985,ORD004779,PROD00221,1,901.85,0.0,901.85
ITEM0009986,ORD004780,PROD00158,1,8138.6,0.0,8138.6
ITEM0009987,ORD004780,PROD00021,4,6443.82,0.0,25775.28
ITEM0009988,ORD004781,PROD00031,1,4066.81,0.0,4066.81
ITEM0009989,ORD004781,PROD00030,2,4937.89,0.0,9875.78
ITEM0009990,ORD004781,PROD00142,1,8354.87,0.0,8354.87
ITEM0009991,ORD004782,PROD00244,1,4549.33,0.0,4549.33
ITEM0009992,ORD004782,PROD00022,4,1547.99,0.03,6006.2
ITEM0009993,ORD004783,PROD00256,2,256.57,0.14,441.3
ITEM0009994,ORD004783,PROD00205,2,6283.38,0.0,12566.76
ITEM0009995,ORD004784,PROD00223,3,2430.88,0.0,7292.64
ITEM0009996,ORD004784,PROD00206,1,8632.13,0.0,8632.13
ITEM0009997,ORD004784,PROD00229,2,726.54,0.0,1453.08
ITEM0009998,ORD004784,PROD00032,1,301.12,0.2,240.9
ITEM0009999,ORD004784,PROD00051,1,8693.03,0.0,8693.03
ITEM0010000,ORD004785,PROD00283,3,7427.34,0.0,22282.02
ITEM0010001,ORD004785,PROD00214,1,8107.58,0.28,5837.46
ITEM0010002,ORD004786,PROD00089,-1,781.78,0.0,-781.78
ITEM0010003,ORD004786,PROD00072,1,6999.91,0.0,6999.91
ITEM0010004,ORD004787,PROD00158,2,8138.6,0.04,15626.11
ITEM0010005,ORD004788,PROD00117,1,498.3,0.0,498.3
ITEM0010006,ORD004788,PROD00146,1,504.1,0.0,504.1
ITEM0010007,ORD004789,PROD00190,2,3528.69,0.0,7057.38
ITEM0010008,ORD004789,PROD00031,1,4066.81,0.0,4066.81
ITEM0010009,ORD004790,PROD00018,1,2803.77,0.0,2803.77
ITEM0010010,ORD004791,PROD00104,1,2043.03,0.0,2043.03
ITEM0010011,ORD004792,PROD00130,1,3445.25,0.03,3341.89
ITEM0010012,ORD004792,PROD00130,1,3445.25,0.0,3445.25
ITEM0010013,ORD004793,PROD00020,2,7970.85,0.0,15941.7
ITEM0010014,ORD004793,PROD00264,1,8008.38,0.0,8008.38
ITEM0010015,ORD004794,PROD00034,2,2533.01,0.0,5066.02
ITEM0010016,ORD004795,PROD00008,1,5338.8,0.0,5338.8
ITEM0010017,ORD004796,PROD00287,2,6559.01,0.0,13118.02
ITEM0010018,ORD004797,PROD00027,3,5723.51,0.0,17170.53
ITEM0010019,ORD004798,PROD00204,1,3352.35,0.0,3352.35
ITEM0010020,ORD004799,PROD00292,1,5910.44,0.0,5910.44
ITEM0010021,ORD004800,PROD00179,4,6055.62,0.13,21073.56
ITEM0010022,ORD004800,PROD00005,1,246.43,0.0,246.43
ITEM0010023,ORD004800,PROD00115,1,3250.57,0.0,3250.57
ITEM0010024,ORD004800,PROD00126,1,10802.22,0.17,8965.84
ITEM0010025,ORD004800,PROD00081,1,2624.19,0.07,2440.5
ITEM0010026,ORD004801,PROD00069,1,2068.26,0.23,1592.56
ITEM0010027,ORD004801,PROD00247,1,7341.91,0.0,7341.91
ITEM0010028,ORD004801,PROD00061,2,4205.57,0.0,8411.14
ITEM0010029,ORD004801,PROD00022,2,1547.99,0.2,2476.78
ITEM0010030,ORD004802,PROD00013,1,10508.19,0.0,10508.19
ITEM0010031,ORD004803,PROD00235,1,1155.59,0.0,1155.59
ITEM0010032,ORD004803,PROD00060,1,532.72,0.0,532.72
ITEM0010033,ORD004804,PROD00034,1,2533.01,0.0,2533.01
ITEM0010034,ORD004805,PROD00129,1,2500.46,0.0,2500.46
ITEM0010035,ORD004806,PROD00197,1,8766.75,0.03,8503.75
ITEM0010036,ORD004806,PROD00266,1,5956.89,0.0,5956.89
ITEM0010037,ORD004807,PROD00168,2,5760.76,0.0,11521.52
ITEM0010038,ORD004808,PROD00102,2,6509.4,0.0,13018.8
ITEM0010039,ORD004809,PROD00056,1,6326.27,0.0,6326.27
ITEM0010040,ORD004810,PROD00149,2,832.87,0.13,1449.19
ITEM0010041,ORD004811,PROD00169,1,5358.09,0.0,5358.09
ITEM0010042,ORD004811,PROD00127,3,5321.52,0.03,15485.62
ITEM0010043,ORD004811,PROD00112,1,3435.2,0.03,3332.14
ITEM0010044,ORD004812,PROD00099,1,6088.4,0.0,6088.4
ITEM0010045,ORD004812,PROD00069,2,1609.36,0.0,3218.72
ITEM0010046,ORD004812,PROD00152,2,1231.99,0.0,2463.98
ITEM0010047,ORD004812,PROD00141,2,4481.31,0.0,8962.62
ITEM0010048,ORD004812,PROD00131,2,576.16,0.0,1152.32
ITEM0010049,ORD004813,PROD00220,1,6168.69,0.22,4811.58
ITEM0010050,ORD004814,PROD00295,1,895.09,0.0,895.09
ITEM0010051,ORD004815,PROD00064,2,4268.27,0.0,8536.54
ITEM0010052,ORD004816,PROD00171,1,546.18,0.16,458.79
ITEM0010053,ORD004817,PROD00049,2,5326.74,0.0,10653.48
ITEM0010054,ORD004817,PROD00048,1,1926.71,0.0,1926.71
ITEM0010055,ORD004818,PROD00263,1,4979.64,0.0,4979.64
ITEM0010056,ORD004819,PROD00155,1,1532.82,0.0,1532.82
ITEM0010057,ORD004819,PROD00182,2,3616.25,0.0,7232.5
ITEM0010058,ORD004819,PROD00138,3,10725.29,0.0,32175.87
ITEM0010059,ORD004819,PROD00097,2,1492.36,0.0,2984.72
ITEM0010060,ORD004819,PROD00133,3,7313.64,0.0,21940.92
ITEM0010061,ORD004820,PROD00183,1,526.69,0.0,526.69
ITEM0010062,ORD004820,PROD00227,1,3250.8,0.0,3250.8
ITEM0010063,ORD004821,PROD00011,2,2615.05,0.26,3870.27
ITEM0010064,ORD004821,PROD00283,3,7427.34,0.0,22282.02
ITEM0010065,ORD004822,PROD00009,1,5332.96,0.23,4106.38
ITEM0010066,ORD004822,PROD00123,1,2950.23,0.0,2950.23
ITEM0010067,ORD004822,PROD00144,2,9953.38,0.0,19906.76
ITEM0010068,ORD004822,PROD00132,1,5296.2,0.17,4395.85
ITEM0010069,ORD004822,PROD00090,2,494.65,0.14,850.8
ITEM0010070,ORD004823,PROD00026,1,992.19,0.07,922.74
ITEM0010071,ORD004824,PROD00195,1,9608.14,0.0,9608.14
ITEM0010072,ORD004825,PROD00157,4,2525.54,0.0,10102.16
ITEM0010073,ORD004825,PROD00200,1,7131.42,0.0,7131.42
ITEM0010074,ORD004825,PROD00126,1,10802.22,0.0,10802.22
ITEM0010075,ORD004826,PROD00019,2,2406.67,0.26,3561.87
ITEM0010076,ORD004826,PROD00155,2,1532.82,0.06,2881.7
ITEM0010077,ORD004826,PROD00109,2,7944.57,0.0,15889.14
ITEM0010078,ORD004827,PROD00158,2,8138.6,0.26,12045.13
ITEM0010079,ORD004827,PROD00157,2,2525.54,0.0,5051.08
ITEM0010080,ORD004828,PROD00202,2,1016.59,0.0,2033.18
ITEM0010081,ORD004828,PROD00133,1,7313.64,0.0,7313.64
ITEM0010082,ORD004829,PROD00233,2,3164.97,0.0,6329.94
ITEM0010083,ORD004830,PROD00140,2,1718.72,0.0,3437.44
ITEM0010084,ORD004830,PROD00021,1,6443.82,0.0,6443.82
ITEM0010085,ORD004831,PROD00211,1,1624.33,0.0,1624.33
ITEM0010086,ORD004831,PROD00091,2,1302.09,0.0,2604.18
ITEM0010087,ORD004832,PROD00043,3,1789.22,0.0,5367.66
ITEM0010088,ORD004832,PROD00255,1,7383.63,0.0,7383.63
ITEM0010089,ORD004833,PROD00260,1,8617.38,0.0,8617.38
ITEM0010090,ORD004833,PROD00192,2,5116.05,0.0,10232.1
ITEM0010091,ORD004834,PROD00068,1,1589.23,0.0,1589.23
ITEM0010092,ORD004834,PROD00296,1,1188.71,0.23,915.31
ITEM0010093,ORD004835,PROD00226,2,648.79,0.16,1089.97
ITEM0010094,ORD004836,PROD00018,1,2803.77,0.0,2803.77
ITEM0010095,ORD004836,PROD00245,2,6215.91,0.0,12431.82
ITEM0010096,ORD004836,PROD00045,4,4706.05,0.05,17882.99
ITEM0010097,ORD004836,PROD00024,2,10115.71,0.0,20231.42
ITEM0010098,ORD004837,PROD00141,1,4481.31,0.04,4302.06
ITEM0010099,ORD004837,PROD00279,2,7168.01,0.0,14336.02
ITEM0010100,ORD004837,PROD00131,2,576.16,0.0,1152.32
ITEM0010101,ORD004838,PROD00074,1,9420.21,0.0,9420.21
ITEM0010102,ORD004838,PROD00010,2,2259.53,0.0,4519.06
ITEM0010103,ORD004838,PROD00123,1,2950.23,0.0,2950.23
ITEM0010104,ORD004838,PROD00231,3,3622.68,0.0,10868.04
ITEM0010105,ORD004838,PROD00113,2,3472.93,0.0,6945.86
ITEM0010106,ORD004839,PROD00161,2,2894.21,0.0,5788.42
ITEM0010107,ORD004840,PROD00044,1,5424.36,0.0,5424.36
ITEM0010108,ORD004840,PROD00129,1,2500.46,0.0,2500.46
ITEM0010109,ORD004841,PROD00265,4,4207.25,0.0,16829.0
ITEM0010110,ORD004842,PROD00248,4,10128.22,0.0,40512.88
ITEM0010111,ORD004842,PROD00227,1,3250.8,0.12,2860.7
ITEM0010112,ORD004842,PROD00090,1,494.65,0.0,494.65
ITEM0010113,ORD004842,PROD00223,1,2430.88,0.0,2430.88
ITEM0010114,ORD004843,PROD00152,1,1231.99,0.1,1108.79
ITEM0010115,ORD004843,PROD00068,1,1589.23,0.06,1493.88
ITEM0010116,ORD004844,PROD00115,1,3250.57,0.15,2762.98
ITEM0010117,ORD004845,PROD00221,1,901.85,0.0,901.85
ITEM0010118,ORD004845,PROD00132,1,5296.2,0.0,5296.2
ITEM0010119,ORD004846,PROD00125,1,5694.29,0.0,5694.29
ITEM0010120,ORD004846,PROD00281,1,7979.23,0.0,7979.23
ITEM0010121,ORD004846,PROD00237,3,8123.36,0.0,24370.08
ITEM0010122,ORD004847,PROD00021,3,6443.82,0.0,19331.46
ITEM0010123,ORD004848,PROD00116,2,3835.95,0.0,7671.9
ITEM0010124,ORD004848,PROD00114,1,2295.26,0.0,2295.26
ITEM0010125,ORD004848,PROD00204,2,3352.35,0.0,6704.7
ITEM0010126,ORD004849,PROD00179,1,6055.62,0.0,6055.62
ITEM0010127,ORD004849,PROD00261,1,2154.14,0.11,1917.18
ITEM0010128,ORD004850,PROD00004,1,4097.38,0.17,3400.83
ITEM0010129,ORD004851,PROD00023,2,3506.84,0.0,7013.68
ITEM0010130,ORD004851,PROD00223,2,2430.88,0.0,4861.76
ITEM0010131,ORD004852,PROD00282,2,3504.39,0.0,7008.78
ITEM0010132,ORD004852,PROD00118,2,8273.55,0.0,16547.1
ITEM0010133,ORD004853,PROD00240,1,4510.78,0.0,4510.78
ITEM0010134,ORD004853,PROD00088,2,4559.98,0.03,8846.36
ITEM0010135,ORD004853,PROD00186,1,1445.96,0.0,1445.96
ITEM0010136,ORD004854,PROD00130,1,3445.25,0.0,3445.25
ITEM0010137,ORD004854,PROD00199,1,3657.98,0.0,3657.98
ITEM0010138,ORD004855,PROD00121,1,11305.27,0.11,10061.69
ITEM0010139,ORD004855,PROD00231,2,3622.68,0.03,7028.0
ITEM0010140,ORD004855,PROD00148,1,3870.28,0.0,3870.28
ITEM0010141,ORD004855,PROD00194,1,535.55,0.0,535.55
ITEM0010142,ORD004856,PROD00093,2,3802.74,0.0,7605.48
ITEM0010143,ORD004856,PROD00218,2,6300.23,0.02,12348.45
ITEM0010144,ORD004856,PROD00240,1,4510.78,0.0,4510.78
ITEM0010145,ORD004857,PROD00067,3,996.38,0.0,2989.14
ITEM0010146,ORD004857,PROD00161,-1,2894.21,0.25,-2170.66
ITEM0010147,ORD004857,PROD00296,2,1188.71,0.23,1830.61
ITEM0010148,ORD004857,PROD00250,1,4610.44,0.0,4610.44
ITEM0010149,ORD004858,PROD00116,1,3835.95,0.0,3835.95
ITEM0010150,ORD004858,PROD00262,1,1460.84,0.0,1460.84
ITEM0010151,ORD004859,PROD00241,1,1792.79,0.2,1434.23
ITEM0010152,ORD004859,PROD00003,4,2902.0,0.0,11608.0
ITEM0010153,ORD004859,PROD00153,2,4010.2,0.0,8020.4
ITEM0010154,ORD004860,PROD00091,3,1302.09,0.0,3906.27
ITEM0010155,ORD004860,PROD00034,2,2533.01,0.0,5066.02
ITEM0010156,ORD004860,PROD00088,1,4559.98,0.03,4423.18
ITEM0010157,ORD004861,PROD00226,1,648.79,0.26,480.1
ITEM0010158,ORD004861,PROD00037,2,5435.74,0.14,9349.47
ITEM0010159,ORD004861,PROD00205,1,6283.38,0.0,6283.38
ITEM0010160,ORD004861,PROD00101,1,1373.9,0.2,1099.12
ITEM0010161,ORD004862,PROD00292,1,5910.44,0.0,5910.44
ITEM0010162,ORD004863,PROD00238,1,7201.82,0.0,7201.82
ITEM0010163,ORD004864,PROD00087,1,4546.57,0.0,4546.57
ITEM0010164,ORD004864,PROD00049,4,5326.74,0.07,19815.47
ITEM0010165,ORD004864,PROD00276,1,8701.77,0.0,8701.77
ITEM0010166,ORD004865,PROD00142,3,8354.87,0.26,18547.81
ITEM0010167,ORD004865,PROD00121,1,11305.27,0.0,11305.27
ITEM0010168,ORD004866,PROD00117,1,498.3,0.0,498.3
ITEM0010169,ORD004867,PROD00029,1,5799.72,0.0,5799.72
ITEM0010170,ORD004867,PROD00095,1,1505.02,0.0,1505.02
ITEM0010171,ORD004868,PROD00255,1,7383.63,0.05,7014.45
ITEM0010172,ORD004868,PROD00154,1,5526.27,0.0,5526.27
ITEM0010173,ORD004869,PROD00210,1,6680.3,0.09,6079.07
ITEM0010174,ORD004869,PROD00193,1,9202.76,0.0,9202.76
ITEM0010175,ORD004870,PROD00120,1,1288.16,0.26,953.24
ITEM0010176,ORD004871,PROD00290,1,1195.14,0.0,1195.14
ITEM0010177,ORD004871,PROD00293,1,5361.88,0.0,5361.88
ITEM0010178,ORD004871,PROD00099,1,6088.4,0.0,6088.4
ITEM0010179,ORD004872,PROD00264,4,8008.38,0.0,32033.52
ITEM0010180,ORD004873,PROD00082,1,3992.96,0.16,3354.09
ITEM0010181,ORD004873,PROD00078,1,2028.86,0.0,2028.86
ITEM0010182,ORD004874,PROD00255,1,7383.63,0.09,6719.1
ITEM0010183,ORD004874,PROD00179,4,6055.62,0.0,24222.48
ITEM0010184,ORD004874,PROD00297,2,10930.45,0.01,21642.29
ITEM0010185,ORD004875,PROD00098,3,2402.47,0.0,7207.41
ITEM0010186,ORD004875,PROD00208,1,4099.5,0.26,3033.63
ITEM0010187,ORD004875,PROD00054,1,5941.63,0.0,5941.63
ITEM0010188,ORD004875,PROD00203,1,477.27,0.0,477.27
ITEM0010189,ORD004876,PROD00244,1,4549.33,0.0,4549.33
ITEM0010190,ORD004877,PROD00027,1,5723.51,0.08,5265.63
ITEM0010191,ORD004877,PROD00022,4,1547.99,0.27,4520.13
ITEM0010192,ORD004877,PROD00285,1,2757.81,0.0,2757.81
ITEM0010193,ORD004878,PROD00101,1,1373.9,0.0,1373.9
ITEM0010194,ORD004878,PROD00007,1,7518.69,0.01,7443.5
ITEM0010195,ORD004879,PROD00182,1,3616.25,0.12,3182.3
ITEM0010196,ORD004879,PROD00027,2,5723.51,0.0,11447.02
ITEM0010197,ORD004879,PROD00087,3,4546.57,0.0,13639.71
ITEM0010198,ORD004880,PROD00074,1,9420.21,0.0,9420.21
ITEM0010199,ORD004881,PROD00128,4,4199.76,0.0,16799.04
ITEM0010200,ORD004881,PROD00210,1,6680.3,0.0,6680.3
ITEM0010201,ORD004881,PROD00210,1,6680.3,0.0,6680.3
ITEM0010202,ORD004881,PROD00054,2,5941.63,0.0,11883.26
ITEM0010203,ORD004882,PROD00177,1,5446.6,0.0,5446.6
ITEM0010204,ORD004883,PROD00165,1,1721.94,0.21,1360.33
ITEM0010205,ORD004884,PROD00122,1,11549.43,0.16,9701.52
ITEM0010206,ORD004884,PROD00123,2,2950.23,0.0,5900.46
ITEM0010207,ORD004885,PROD00071,1,534.87,0.21,422.55
ITEM0010208,ORD004885,PROD00290,2,1195.14,0.0,2390.28
ITEM0010209,ORD004885,PROD00216,1,3307.17,0.0,3307.17
ITEM0010210,ORD004885,PROD00019,2,2406.67,0.24,3658.14
ITEM0010211,ORD004886,PROD00233,2,3164.97,0.0,6329.94
ITEM0010212,ORD004886,PROD00129,2,2500.46,0.0,5000.92
ITEM0010213,ORD004886,PROD00176,2,5492.71,0.0,10985.42
ITEM0010214,ORD004887,PROD00262,1,1460.84,0.26,1081.02
ITEM0010215,ORD004887,PROD00287,2,6559.01,0.18,10756.78
ITEM0010216,ORD004888,PROD00006,1,8153.69,0.0,8153.69
ITEM0010217,ORD004888,PROD00042,1,8235.83,0.29,5847.44
ITEM0010218,ORD004888,PROD00070,1,6693.56,0.0,6693.56
ITEM0010219,ORD004889,PROD00034,1,2533.01,0.0,2533.01
ITEM0010220,ORD004889,PROD00251,2,3365.3,0.27,4913.34
ITEM0010221,ORD004889,PROD00251,1,3365.3,0.0,3365.3
ITEM0010222,ORD004889,PROD00294,2,8182.59,0.25,12273.88
ITEM0010223,ORD004890,PROD00203,1,477.27,0.0,477.27
ITEM0010224,ORD004890,PROD00093,1,3802.74,0.0,3802.74
ITEM0010225,ORD004890,PROD00187,3,6641.17,0.0,19923.51
ITEM0010226,ORD004890,PROD00062,1,5673.89,0.21,4482.37
ITEM0010227,ORD004891,PROD00127,1,5321.52,0.0,5321.52
ITEM0010228,ORD004891,PROD00128,1,4199.76,0.0,4199.76
ITEM0010229,ORD004892,PROD00122,1,11549.43,0.0,11549.43
ITEM0010230,ORD004892,PROD00107,1,6282.37,0.0,6282.37
ITEM0010231,ORD004893,PROD00203,1,477.27,0.0,477.27
ITEM0010232,ORD004894,PROD00057,3,4595.24,0.0,13785.72
ITEM0010233,ORD004894,PROD00076,1,6038.15,0.0,6038.15
ITEM0010234,ORD004895,PROD00151,1,5518.05,0.0,5518.05
ITEM0010235,ORD004895,PROD00252,3,910.14,0.0,2730.42
ITEM0010236,ORD004896,PROD00029,1,5799.72,0.0,5799.72
ITEM0010237,ORD004897,PROD00286,3,945.94,0.0,2837.82
ITEM0010238,ORD004898,PROD00138,1,10725.29,0.0,10725.29
ITEM0010239,ORD004899,PROD00216,1,3307.17,0.0,3307.17
ITEM0010240,ORD004899,PROD00059,1,11784.91,0.0,11784.91
ITEM0010241,ORD004900,PROD00039,3,6419.63,0.0,19258.89
ITEM0010242,ORD004901,PROD00169,1,5358.09,0.0,5358.09
ITEM0010243,ORD004901,PROD00107,1,6282.37,0.0,6282.37
ITEM0010244,ORD004901,PROD00075,2,6662.95,0.18,10927.24
ITEM0010245,ORD004902,PROD00197,2,8766.75,0.0,17533.5
ITEM0010246,ORD004902,PROD00126,1,10802.22,0.1,9722.0
ITEM0010247,ORD004902,PROD00249,1,4279.09,0.0,4279.09
ITEM0010248,ORD004902,PROD00253,1,791.63,0.0,791.63
ITEM0010249,ORD004903,PROD00222,1,3002.04,0.0,3002.04
ITEM0010250,ORD004903,PROD00165,2,1721.94,0.0,3443.88
ITEM0010251,ORD004903,PROD00145,4,5845.69,0.0,23382.76
ITEM0010252,ORD004903,PROD00066,1,899.86,0.0,899.86
ITEM0010253,ORD004904,PROD00249,3,4279.09,0.0,12837.27
ITEM0010254,ORD004904,PROD00291,2,1173.69,0.0,2347.38
ITEM0010255,ORD004904,PROD00154,1,5526.27,0.21,4365.75
ITEM0010256,ORD004904,PROD00002,1,231.58,0.0,231.58
ITEM0010257,ORD004904,PROD00213,1,9402.56,0.0,9402.56
ITEM0010258,ORD004905,PROD00114,2,2295.26,0.0,4590.52
ITEM0010259,ORD004906,PROD00055,1,2678.2,0.0,2678.2
ITEM0010260,ORD004907,PROD00219,1,344.65,0.28,248.15
ITEM0010261,ORD004908,PROD00209,1,3816.19,0.0,3816.19
ITEM0010262,ORD004909,PROD00083,1,9425.24,0.0,9425.24
ITEM0010263,ORD004909,PROD00035,1,2576.9,0.0,2576.9
ITEM0010264,ORD004910,PROD00157,1,2525.54,0.06,2374.01
ITEM0010265,ORD004911,PROD00216,1,3307.17,0.0,3307.17
ITEM0010266,ORD004912,PROD00108,1,7407.37,0.0,7407.37
ITEM0010267,ORD004912,PROD00158,2,8138.6,0.0,16277.2
ITEM0010268,ORD004912,PROD00033,3,1942.09,0.0,5826.27
ITEM0010269,ORD004912,PROD00268,3,852.32,0.14,2198.99
ITEM0010270,ORD004913,PROD00099,1,6088.4,0.04,5844.86
ITEM0010271,ORD004913,PROD00069,2,775.06,0.0,1550.11
ITEM0010272,ORD004914,PROD00118,2,8273.55,0.24,12575.8
ITEM0010273,ORD004915,PROD00126,1,10802.22,0.0,10802.22
ITEM0010274,ORD004916,PROD00265,1,4207.25,0.0,4207.25
ITEM0010275,ORD004917,PROD00196,1,6703.46,0.22,5228.7
ITEM0010276,ORD004917,PROD00002,4,231.58,0.0,926.32
ITEM0010277,ORD004917,PROD00188,3,1657.41,0.02,4872.79
ITEM0010278,ORD004917,PROD00217,1,260.84,0.0,260.84
ITEM0010279,ORD004917,PROD00288,3,2790.22,0.02,8203.25
ITEM0010280,ORD004918,PROD00071,2,534.87,0.0,1069.74
ITEM0010281,ORD004919,PROD00282,1,3504.39,0.0,3504.39
ITEM0010282,ORD004919,PROD00283,1,7427.34,0.0,7427.34
ITEM0010283,ORD004919,PROD00150,1,290.6,0.0,290.6
ITEM0010284,ORD004919,PROD00011,1,2615.05,0.0,2615.05
ITEM0010285,ORD004919,PROD00186,1,1445.96,0.0,1445.96
ITEM0010286,ORD004920,PROD00084,1,7622.23,0.0,7622.23
ITEM0010287,ORD004921,PROD00001,1,9272.65,0.0,9272.65
ITEM0010288,ORD004921,PROD00183,4,526.69,0.0,2106.76
ITEM0010289,ORD004922,PROD00164,1,5504.82,0.13,4789.19
ITEM0010290,ORD004922,PROD00281,2,7979.23,0.0,15958.46
ITEM0010291,ORD004922,PROD00027,3,5723.51,0.0,17170.53
ITEM0010292,ORD004923,PROD00023,1,3506.84,0.0,3506.84
ITEM0010293,ORD004924,PROD00027,1,5723.51,0.0,5723.51
ITEM0010294,ORD004925,PROD00118,1,8273.55,0.0,8273.55
ITEM0010295,ORD004925,PROD00068,1,1589.23,0.0,1589.23
ITEM0010296,ORD004925,PROD00029,3,5799.72,0.0,17399.16
ITEM0010297,ORD004925,PROD00253,1,791.63,0.0,791.63
ITEM0010298,ORD004926,PROD00162,2,3555.3,0.0,7110.6
ITEM0010299,ORD004927,PROD00238,2,7201.82,0.01,14259.6
ITEM0010300,ORD004928,PROD00168,1,5760.76,0.11,5127.08
ITEM0010301,ORD004929,PROD00139,2,5962.8,0.03,11567.83
ITEM0010302,ORD004930,PROD00192,3,5116.05,0.0,15348.15
ITEM0010303,ORD004930,PROD00201,1,3944.29,0.0,3944.29
ITEM0010304,ORD004930,PROD00224,1,8522.29,0.27,6221.27
ITEM0010305,ORD004931,PROD00060,2,532.72,0.0,1065.44
ITEM0010306,ORD004932,PROD00065,1,6570.64,0.05,6242.11
ITEM0010307,ORD004932,PROD00270,1,4350.17,0.0,4350.17
ITEM0010308,ORD004932,PROD00279,1,7168.01,0.0,7168.01
ITEM0010309,ORD004932,PROD00138,2,10725.29,0.18,17589.48
ITEM0010310,ORD004933,PROD00174,4,4285.14,0.0,17140.56
ITEM0010311,ORD004933,PROD00142,1,8354.87,0.0,8354.87
ITEM0010312,ORD004934,PROD00078,3,2028.86,0.27,4443.2
ITEM0010313,ORD004934,PROD00062,3,5673.89,0.15,14468.42
ITEM0010314,ORD004934,PROD00023,1,3506.84,0.0,3506.84
ITEM0010315,ORD004934,PROD00107,1,6282.37,0.0,6282.37
ITEM0010316,ORD004935,PROD00196,2,6703.46,0.0,13406.92
ITEM0010317,ORD004935,PROD00272,1,7587.4,0.0,7587.4
ITEM0010318,ORD004936,PROD00201,1,3944.29,0.0,3944.29
ITEM0010319,ORD004937,PROD00193,2,9202.76,0.0,18405.52
ITEM0010320,ORD004937,PROD00242,1,2496.43,0.12,2196.86
ITEM0010321,ORD004938,PROD00126,1,10802.22,0.0,10802.22
ITEM0010322,ORD004938,PROD00052,2,1689.78,0.0,3379.56
ITEM0010323,ORD004939,PROD00157,1,2525.54,0.0,2525.54
ITEM0010324,ORD004940,PROD00288,1,2790.22,0.0,2790.22
ITEM0010325,ORD004940,PROD00187,1,6641.17,0.06,6242.7
ITEM0010326,ORD004941,PROD00027,2,5723.51,0.0,11447.02
ITEM0010327,ORD004941,PROD00245,3,6215.91,0.0,18647.73
ITEM0010328,ORD004942,PROD00126,1,10802.22,0.0,10802.22
ITEM0010329,ORD004943,PROD00249,2,4279.09,0.0,8558.18
ITEM0010330,ORD004943,PROD00115,1,3250.57,0.0,3250.57
ITEM0010331,ORD004943,PROD00125,1,5694.29,0.0,5694.29
ITEM0010332,ORD004944,PROD00005,1,246.43,0.0,246.43
ITEM0010333,ORD004945,PROD00023,3,3506.84,0.0,10520.52
ITEM0010334,ORD004945,PROD00086,1,5791.83,0.0,5791.83
ITEM0010335,ORD004946,PROD00082,1,3992.96,0.0,3992.96
ITEM0010336,ORD004946,PROD00032,1,301.12,0.12,264.99
ITEM0010337,ORD004947,PROD00188,1,1657.41,0.0,1657.41
ITEM0010338,ORD004948,PROD00022,2,1547.99,0.0,3095.98
ITEM0010339,ORD004948,PROD00276,1,8701.77,0.0,8701.77
ITEM0010340,ORD004948,PROD00113,1,3472.93,0.06,3264.55
ITEM0010341,ORD004949,PROD00165,1,1721.94,0.29,1222.58
ITEM0010342,ORD004950,PROD00289,2,3097.21,0.0,6194.42
ITEM0010343,ORD004950,PROD00163,2,2745.97,0.0,5491.94
ITEM0010344,ORD004950,PROD00008,1,5338.8,0.0,5338.8
ITEM0010345,ORD004950,PROD00113,1,3472.93,0.21,2743.61
ITEM0010346,ORD004950,PROD00298,1,5321.16,0.12,4682.62
ITEM0010347,ORD004951,PROD00103,3,9136.07,0.0,27408.21
ITEM0010348,ORD004952,PROD00242,3,2496.43,0.0,7489.29
ITEM0010349,ORD004953,PROD00209,2,3816.19,0.0,7632.38
ITEM0010350,ORD004954,PROD00100,1,8661.69,0.0,8661.69
ITEM0010351,ORD004954,PROD00074,1,9420.21,0.0,9420.21
ITEM0010352,ORD004955,PROD00075,4,6662.95,0.0,26651.8
ITEM0010353,ORD004956,PROD00192,1,5116.05,0.0,5116.05
ITEM0010354,ORD004956,PROD00288,2,2790.22,0.0,5580.44
ITEM0010355,ORD004956,PROD00139,1,5962.8,0.0,5962.8
ITEM0010356,ORD004956,PROD00095,3,1505.02,0.0,4515.06
ITEM0010357,ORD004957,PROD00017,1,9163.85,0.09,8339.1
ITEM0010358,ORD004957,PROD00287,1,6559.01,0.0,6559.01
ITEM0010359,ORD004957,PROD00262,4,1460.84,0.0,5843.36
ITEM0010360,ORD004957,PROD00097,1,1492.36,0.0,1492.36
ITEM0010361,ORD004958,PROD00300,3,1343.36,0.0,4030.08
ITEM0010362,ORD004958,PROD00241,2,1681.07,0.12,2958.68
ITEM0010363,ORD004958,PROD00109,3,7944.57,0.0,23833.71
ITEM0010364,ORD004958,PROD00283,2,7427.34,0.0,14854.68
ITEM0010365,ORD004958,PROD00102,1,6509.4,0.0,6509.4
ITEM0010366,ORD004959,PROD00003,1,2902.0,0.0,2902.0
ITEM0010367,ORD004959,PROD00044,4,5424.36,0.0,21697.44
ITEM0010368,ORD004960,PROD00251,1,3365.3,0.0,3365.3
ITEM0010369,ORD004960,PROD00238,3,7201.82,0.16,18148.59
ITEM0010370,ORD004961,PROD00010,1,2259.53,0.0,2259.53
ITEM0010371,ORD004962,PROD00234,1,9552.76,0.0,9552.76
ITEM0010372,ORD004963,PROD00123,1,2950.23,0.3,2065.16
ITEM0010373,ORD004964,PROD00105,1,3095.41,0.02,3033.5
ITEM0010374,ORD004965,PROD00131,1,576.16,0.13,501.26
ITEM0010375,ORD004965,PROD00169,1,5358.09,0.06,5036.6
ITEM0010376,ORD004965,PROD00294,2,8182.59,0.24,12437.54
ITEM0010377,ORD004966,PROD00195,1,9608.14,0.0,9608.14
ITEM0010378,ORD004966,PROD00121,3,11305.27,0.15,28828.44
ITEM0010379,ORD004966,PROD00138,1,10725.29,0.18,8794.74
ITEM0010380,ORD004966,PROD00178,1,7985.04,0.0,7985.04
ITEM0010381,ORD004967,PROD00097,2,1492.36,0.0,2984.72
ITEM0010382,ORD004968,PROD00162,2,3555.3,0.24,5404.06
ITEM0010383,ORD004968,PROD00293,1,5361.88,0.0,5361.88
ITEM0010384,ORD004969,PROD00140,1,1718.72,0.0,1718.72
ITEM0010385,ORD004969,PROD00059,4,11784.91,0.0,47139.64
ITEM0010386,ORD004970,PROD00024,2,10115.71,0.28,14566.62
ITEM0010387,ORD004970,PROD00297,1,10930.45,0.0,10930.45
ITEM0010388,ORD004970,PROD00215,3,379.53,0.0,1138.59
ITEM0010389,ORD004970,PROD00093,-1,3802.74,0.0,-3802.74
ITEM0010390,ORD004970,PROD00064,1,4268.27,0.0,4268.27
ITEM0010391,ORD004971,PROD00125,2,5694.29,0.0,11388.58
ITEM0010392,ORD004971,PROD00075,2,6662.95,0.0,13325.9
ITEM0010393,ORD004972,PROD00225,1,6042.7,0.0,6042.7
ITEM0010394,ORD004972,PROD00053,1,7229.99,0.0,7229.99
ITEM0010395,ORD004972,PROD00255,1,7383.63,0.0,7383.63
ITEM0010396,ORD004972,PROD00207,4,6547.46,0.0,26189.84
ITEM0010397,ORD004973,PROD00205,1,6283.38,0.04,6032.04
ITEM0010398,ORD004973,PROD00226,1,648.79,0.0,648.79
ITEM0010399,ORD004974,PROD00113,2,3472.93,0.0,6945.86
ITEM0010400,ORD004975,PROD00264,1,8008.38,0.0,8008.38
ITEM0010401,ORD004975,PROD00074,2,9420.21,0.0,18840.42
ITEM0010402,ORD004976,PROD00058,3,4592.96,0.24,10471.95
ITEM0010403,ORD004976,PROD00294,1,8182.59,0.0,8182.59
ITEM0010404,ORD004977,PROD00054,1,5941.63,0.0,5941.63
ITEM0010405,ORD004978,PROD00118,2,8273.55,0.0,16547.1
ITEM0010406,ORD004978,PROD00027,1,5723.51,0.25,4292.63
ITEM0010407,ORD004979,PROD00227,3,3250.8,0.22,7606.87
ITEM0010408,ORD004979,PROD00089,2,781.78,0.0,1563.56
ITEM0010409,ORD004980,PROD00278,1,629.94,0.04,604.74
ITEM0010410,ORD004981,PROD00292,1,5910.44,0.0,5910.44
ITEM0010411,ORD004981,PROD00228,2,1263.16,0.0,2526.32
ITEM0010412,ORD004981,PROD00222,1,3002.04,0.0,3002.04
ITEM0010413,ORD004982,PROD00079,1,7182.12,0.0,7182.12
ITEM0010414,ORD004982,PROD00247,1,7341.91,0.22,5726.69
ITEM0010415,ORD004982,PROD00131,4,576.16,0.13,2005.04
ITEM0010416,ORD004982,PROD00226,1,648.79,0.0,648.79
ITEM0010417,ORD004982,PROD00013,1,10508.19,0.0,10508.19
ITEM0010418,ORD004983,PROD00256,2,256.57,0.0,513.14
ITEM0010419,ORD004983,PROD00106,4,3963.99,0.0,15855.96
ITEM0010420,ORD004984,PROD00181,1,2887.17,0.0,2887.17
ITEM0010421,ORD004984,PROD00200,1,7131.42,0.0,7131.42
ITEM0010422,ORD004985,PROD00027,3,5723.51,0.0,17170.53
ITEM0010423,ORD004986,PROD00182,1,3616.25,0.0,3616.25
ITEM0010424,ORD004986,PROD00232,2,3144.6,0.0,6289.2
ITEM0010425,ORD004986,PROD00133,2,7313.64,0.0,14627.28
ITEM0010426,ORD004986,PROD00061,2,4205.57,0.06,7906.47
ITEM0010427,ORD004987,PROD00296,2,1188.71,0.06,2234.77
ITEM0010428,ORD004988,PROD00168,2,5760.76,0.0,11521.52
ITEM0010429,ORD004988,PROD00059,2,11784.91,0.0,23569.82
ITEM0010430,ORD004988,PROD00298,1,5321.16,0.0,5321.16
ITEM0010431,ORD004988,PROD00266,1,5956.89,0.02,5837.75
ITEM0010432,ORD004989,PROD00222,1,3002.04,0.0,3002.04
ITEM0010433,ORD004990,PROD00294,2,8182.59,0.0,16365.18
ITEM0010434,ORD004990,PROD00004,1,4097.38,0.0,4097.38
ITEM0010435,ORD004991,PROD00060,4,532.72,0.0,2130.88
ITEM0010436,ORD004991,PROD00198,2,1516.26,0.0,3032.52
ITEM0010437,ORD004992,PROD00106,1,3963.99,0.0,3963.99
ITEM0010438,ORD004992,PROD00291,1,1173.69,0.0,1173.69
ITEM0010439,ORD004992,PROD00190,4,3528.69,0.0,14114.76
ITEM0010440,ORD004992,PROD00085,1,1960.53,0.17,1627.24
ITEM0010441,ORD004993,PROD00144,1,9953.38,0.0,9953.38
ITEM0010442,ORD004993,PROD00021,2,6443.82,0.0,12887.64
ITEM0010443,ORD004993,PROD00283,1,7427.34,0.0,7427.34
ITEM0010444,ORD004994,PROD00166,1,7134.8,0.0,7134.8
ITEM0010445,ORD004994,PROD00004,-3,4097.38,0.02,-12046.3
ITEM0010446,ORD004995,PROD00060,2,532.72,0.17,884.32
ITEM0010447,ORD004995,PROD00105,1,3095.41,0.09,2816.82
ITEM0010448,ORD004995,PROD00048,2,1926.71,0.0,3853.42
ITEM0010449,ORD004996,PROD00161,1,2894.21,0.0,2894.21
ITEM0010450,ORD004996,PROD00005,1,246.43,0.0,246.43
ITEM0010451,ORD004997,PROD00060,2,532.72,0.0,1065.44
ITEM0010452,ORD004997,PROD00177,3,5446.6,0.0,16339.8
ITEM0010453,ORD004998,PROD00193,1,9202.76,0.0,9202.76
ITEM0010454,ORD004998,PROD00125,2,5694.29,0.12,10021.95
ITEM0010455,ORD004998,PROD00273,3,4432.81,0.0,13298.43
ITEM0010456,ORD004998,PROD00235,1,1155.59,0.26,855.14
ITEM0010457,ORD004999,PROD00167,1,2019.38,0.25,1514.54
ITEM0010458,ORD005000,PROD00190,1,3528.69,0.0,3528.69
ITEM0010459,ORD005000,PROD00134,2,1127.73,0.0,2255.46
ITEM0010460,ORD005000,PROD00258,2,5858.08,0.0,11716.16
ITEM0010461,ORD005000,PROD00234,1,9552.76,0.0,9552.76
