payment_id,order_id,payment_date,payment_method,amount_paid,status,order_date,total_amount,date_key,payment_gap
PAY0000001,ORD000001,2024-04-05,Wallet,3178.46,Success,2024-04-04,3178.46,20240404,0.0
PAY0000002,ORD000002,2023-05-19,Net Banking,48460.54,Success,2023-05-18,48460.54,20230518,0.0
PAY0000003,ORD000003,2023-03-30,Net Banking,11571.96,Success,2023-03-27,11571.96,20230327,0.0
PAY0000004,ORD000004,2023-11-27,Wallet,5446.6,Success,2023-11-25,5446.6,20231125,0.0
PAY0000005,ORD000005,2023-08-26,Credit Card,1173.69,Success,2023-08-26,1173.69,20230826,0.0
PAY0000006,ORD000006,2024-06-05,UPI,30558.07,Pending,2024-06-04,30558.07,20240604,0.0
PAY0000007,ORD000007,2023-02-13,Debit Card,22346.87,Success,2023-02-12,22346.87,20230212,0.0
PAY0000008,ORD000008,2023-04-12,Wallet,22610.54,Pending,2023-04-12,22610.54,20230412,0.0
PAY0000009,ORD000009,2023-06-26,UPI,910.14,Success,2023-06-23,910.14,20230623,0.0
PAY0000010,ORD000010,2023-05-28,Wallet,21447.52,Failed,2023-05-25,21447.52,20230525,0.0
PAY0000011,ORD000011,2024-02-10,Cash on Delivery,31334.29,Success,2024-02-10,31334.29,20240210,0.0
PAY0000012,ORD000012,2024-01-17,Net Banking,4907.02,Refunded,2024-01-14,4762.41,20240114,-144.61000000000058
PAY0000013,ORD000013,2023-05-11,Credit Card,9144.69,Success,2023-05-10,9144.69,20230510,0.0
PAY0000014,ORD000014,2024-04-02,Net Banking,11549.43,Success,2024-03-31,11549.43,20240331,0.0
PAY0000015,ORD000015,2023-12-29,Debit Card,21419.52,Pending,2023-12-29,21419.52,20231229,0.0
PAY0000016,ORD000016,2024-06-06,Debit Card,7908.32,Success,2024-06-03,8153.69,20240603,245.3699999999999
PAY0000017,ORD000017,2023-11-21,Cash on Delivery,535.55,Success,2023-11-19,535.55,20231119,0.0
PAY0000018,ORD000018,2025-07-26,Wallet,5494.06,Refunded,2025-07-25,6309.81,20250725,815.75
PAY0000019,ORD000019,2024-01-22,Credit Card,22308.21,Success,2024-01-21,22308.21,20240121,0.0
PAY0000020,ORD000020,2024-05-23,UPI,10665.92,Success,2024-05-23,10665.92,20240523,0.0
PAY0000021,ORD000021,2023-01-05,Debit Card,38211.04,Success,2023-01-04,38211.04,20230104,0.0
PAY0000022,ORD000022,2024-03-04,Debit Card,10720.76,Success,2024-03-04,10720.76,20240304,0.0
PAY0000023,ORD000023,2024-05-11,Cash on Delivery,10793.98,Success,2024-05-10,10793.98,20240510,0.0
PAY0000024,ORD000024,2024-05-19,Cash on Delivery,901.85,Success,2024-05-16,901.85,20240516,0.0
PAY0000025,ORD000025,2023-04-28,Net Banking,705.35,Success,2023-04-26,705.35,20230426,0.0
PAY0000026,ORD000026,2023-05-02,Debit Card,48557.08,Success,2023-04-29,48557.08,20230429,0.0
PAY0000027,ORD000027,2023-05-14,Debit Card,5321.16,Success,2023-05-12,5321.16,20230512,0.0
PAY0000028,ORD000028,2023-01-30,Wallet,9461.39,Success,2023-01-30,9461.39,20230130,0.0
PAY0000029,ORD000029,2023-09-26,Net Banking,995.79,Refunded,2023-09-25,995.79,20230925,0.0
PAY0000030,ORD000030,2023-10-03,Net Banking,10243.69,Success,2023-10-02,10243.69,20231002,0.0
PAY0000031,ORD000031,2024-08-09,Credit Card,5300.18,Success,2024-08-09,5300.18,20240809,0.0
PAY0000032,ORD000032,2024-09-17,Net Banking,8133.62,Success,2024-09-17,8133.62,20240917,0.0
PAY0000033,ORD000033,2023-04-04,Credit Card,21404.4,Success,2023-04-03,21404.4,20230403,0.0
PAY0000034,ORD000034,2023-08-05,Debit Card,1926.71,Success,2023-08-04,1926.71,20230804,0.0
PAY0000035,ORD000035,2023-10-25,Credit Card,760.83,Refunded,2023-10-25,760.83,20231025,0.0
PAY0000036,ORD000036,2023-01-17,UPI,2999.54,Success,2023-01-14,2999.54,20230114,0.0
PAY0000037,ORD000037,2023-02-15,Net Banking,4396.0,Success,2023-02-13,4396.0,20230213,0.0
PAY0000038,ORD000038,2023-02-07,Wallet,16492.0,Success,2023-02-04,16492.0,20230204,0.0
PAY0000039,ORD000039,2023-03-31,Wallet,25243.92,Failed,2023-03-28,25243.920000000002,20230328,3.637978807091713e-12
PAY0000040,ORD000040,2023-01-16,Net Banking,11231.84,Success,2023-01-16,11231.84,20230116,0.0
PAY0000041,ORD000041,2023-07-18,Net Banking,2924.63,Success,2023-07-18,2924.6299999999997,20230718,-4.547473508864641e-13
PAY0000042,ORD000042,2023-11-07,UPI,546.18,Success,2023-11-06,546.18,20231106,0.0
PAY0000043,ORD000043,2024-01-24,Wallet,12791.44,Failed,2024-01-21,12791.439999999999,20240121,-1.8189894035458565e-12
PAY0000044,ORD000044,2024-07-02,Wallet,9948.66,Success,2024-06-30,9948.66,20240630,0.0
PAY0000045,ORD000045,2024-07-14,Credit Card,9529.44,Success,2024-07-13,9529.44,20240713,0.0
PAY0000046,ORD000046,2024-04-04,Wallet,7891.1,Success,2024-04-02,7891.1,20240402,0.0
PAY0000047,ORD000047,2023-04-08,Wallet,16965.28,Success,2023-04-08,16965.28,20230408,0.0
PAY0000048,ORD000048,2024-02-17,Debit Card,12770.419999999998,Success,2024-02-17,12770.419999999998,20240217,0.0
PAY0000049,ORD000049,2023-09-19,Wallet,11543.29,Success,2023-09-16,11543.289999999999,20230916,-1.8189894035458565e-12
PAY0000050,ORD000050,2024-09-05,Wallet,14061.23,Success,2024-09-05,14061.230000000001,20240905,1.8189894035458565e-12
PAY0000051,ORD000051,2024-07-13,UPI,26731.35,Success,2024-07-12,26731.35,20240712,0.0
PAY0000052,ORD000052,2024-06-10,UPI,23355.45,Success,2024-06-10,23355.45,20240610,0.0
PAY0000053,ORD000053,2023-01-15,Debit Card,14542.99,Success,2023-01-14,14542.99,20230114,0.0
PAY0000054,ORD000054,2023-02-11,Debit Card,11453.38,Success,2023-02-09,11453.38,20230209,0.0
PAY0000055,ORD000055,2024-07-15,Debit Card,12652.54,Success,2024-07-14,12652.54,20240714,0.0
PAY0000056,ORD000056,2024-06-20,Net Banking,54338.810000000005,Failed,2024-06-19,54338.810000000005,20240619,0.0
PAY0000057,ORD000057,2024-06-22,UPI,3200.1,Success,2024-06-19,3200.1,20240619,0.0
PAY0000058,ORD000058,2024-04-30,Credit Card,8661.69,Success,2024-04-28,8661.69,20240428,0.0
PAY0000059,ORD000059,2023-06-20,UPI,14439.2,Success,2023-06-18,14439.2,20230618,0.0
PAY0000060,ORD000060,2023-03-11,Credit Card,33205.96,Success,2023-03-10,33205.96,20230310,0.0
PAY0000061,ORD000061,2023-12-06,UPI,2533.01,Success,2023-12-05,2533.01,20231205,0.0
PAY0000062,ORD000062,2023-08-22,Net Banking,6653.98,Pending,2023-08-20,6653.98,20230820,0.0
PAY0000063,ORD000063,2024-08-24,Credit Card,4270.5,Pending,2024-08-21,4270.5,20240821,0.0
PAY0000064,ORD000064,2024-10-18,UPI,14848.04,Success,2024-10-18,14848.039999999999,20241018,-1.8189894035458565e-12
PAY0000065,ORD000065,2023-07-05,Net Banking,27636.73,Success,2023-07-02,27636.73,20230702,0.0
PAY0000066,ORD000066,2023-12-06,UPI,7406.55,Success,2023-12-05,7406.55,20231205,0.0
PAY0000067,ORD000067,2023-08-03,Credit Card,12616.1,Success,2023-08-03,12616.1,20230803,0.0
PAY0000068,ORD000068,2023-05-31,Net Banking,2699.29,Failed,2023-05-31,2699.29,20230531,0.0
PAY0000069,ORD000069,2023-05-23,Wallet,8988.77,Success,2023-05-21,8988.77,20230521,0.0
PAY0000070,ORD000070,2023-09-07,Debit Card,6251.21,Success,2023-09-04,6251.21,20230904,0.0
PAY0000071,ORD000071,2024-06-18,Cash on Delivery,28427.56,Refunded,2024-06-18,28427.559999999998,20240618,-3.637978807091713e-12
PAY0000072,ORD000072,2024-10-13,Wallet,10326.16,Success,2024-10-10,10326.16,20241010,0.0
PAY0000073,ORD000073,2023-05-05,Wallet,7511.04,Refunded,2023-05-04,7511.04,20230504,0.0
PAY0000074,ORD000074,2024-11-19,Wallet,24985.91,Success,2024-11-17,24985.909999999996,20241117,-3.637978807091713e-12
PAY0000075,ORD000075,2024-01-30,Wallet,18699.93,Success,2024-01-27,18699.93,20240127,0.0
PAY0000076,ORD000076,2023-07-21,Cash on Delivery,7782.48,Success,2023-07-19,7782.48,20230719,0.0
PAY0000077,ORD000077,2024-06-01,Credit Card,29137.29,Success,2024-05-29,29137.29,20240529,0.0
PAY0000078,ORD000078,2024-02-15,Debit Card,19224.06,Success,2024-02-12,19224.06,20240212,0.0
PAY0000079,ORD000079,2024-04-30,Debit Card,4120.97,Success,2024-04-27,4120.97,20240427,0.0
PAY0000080,ORD000080,2023-04-20,Cash on Delivery,14061.38,Pending,2023-04-17,14061.38,20230417,0.0
PAY0000081,ORD000081,2023-05-16,Credit Card,16022.28,Success,2023-05-15,16022.28,20230515,0.0
PAY0000082,ORD000082,2023-11-20,Cash on Delivery,32297.31,Refunded,2023-11-18,32297.309999999998,20231118,-3.637978807091713e-12
PAY0000083,ORD000083,2023-12-07,Debit Card,30290.4,Success,2023-12-07,30290.4,20231207,0.0
PAY0000084,ORD000084,2024-06-15,Wallet,7566.03,Pending,2024-06-12,7318.76,20240612,-247.26999999999953
PAY0000085,ORD000085,2024-05-31,Net Banking,6641.17,Success,2024-05-28,6641.17,20240528,0.0
PAY0000086,ORD000086,2024-06-03,Credit Card,5610.31,Success,2024-06-01,5610.31,20240601,0.0
PAY0000087,ORD000087,2023-05-01,Net Banking,6626.22,Success,2023-05-01,6626.22,20230501,0.0
PAY0000088,ORD000088,2023-04-01,Credit Card,18402.14,Success,2023-04-01,18402.14,20230401,0.0
PAY0000089,ORD000089,2023-06-23,Credit Card,6218.68,Success,2023-06-23,7172.78,20230623,954.0999999999995
PAY0000090,ORD000090,2023-11-13,Wallet,5332.96,Success,2023-11-12,5332.96,20231112,0.0
PAY0000091,ORD000091,2023-10-24,Debit Card,2615.05,Success,2023-10-21,2615.05,20231021,0.0
PAY0000092,ORD000092,2023-10-08,UPI,397.66,Success,2023-10-07,397.66,20231007,0.0
PAY0000093,ORD000093,2023-04-05,UPI,1161.86,Success,2023-04-05,1161.8600000000001,20230405,2.2737367544323206e-13
PAY0000094,ORD000094,2024-10-10,Credit Card,1882.84,Success,2024-10-08,1882.84,20241008,0.0
PAY0000095,ORD000095,2023-08-05,Credit Card,5703.96,Success,2023-08-04,5703.96,20230804,0.0
PAY0000096,ORD000096,2024-06-02,Credit Card,6883.09,Success,2024-05-30,6883.09,20240530,0.0
PAY0000097,ORD000097,2023-02-02,Debit Card,28796.42,Success,2023-02-02,28796.42,20230202,0.0
PAY0000098,ORD000098,2024-08-24,Net Banking,41478.240000000005,Success,2024-08-23,41478.24,20240823,-7.275957614183426e-12
PAY0000099,ORD000099,2023-04-18,Cash on Delivery,6206.47,Success,2023-04-18,6206.47,20230418,0.0
PAY0000100,ORD000100,2023-12-14,Net Banking,14761.41,Success,2023-12-11,14761.41,20231211,0.0
PAY0000101,ORD000101,2023-07-11,Cash on Delivery,2525.54,Success,2023-07-10,2525.54,20230710,0.0
PAY0000102,ORD000102,2024-02-13,UPI,3608.45,Success,2024-02-13,3608.45,20240213,0.0
PAY0000103,ORD000103,2023-11-04,Wallet,32863.11,Pending,2023-11-04,32863.11,20231104,0.0
PAY0000104,ORD000104,2024-08-17,Debit Card,1550.09,Success,2024-08-14,1550.09,20240814,0.0
PAY0000105,ORD000105,2024-06-21,Credit Card,2028.86,Success,2024-06-20,2028.86,20240620,0.0
PAY0000106,ORD000106,2023-04-06,Wallet,5323.02,Success,2023-04-03,5323.02,20230403,0.0
PAY0000107,ORD000107,2024-11-07,Credit Card,4900.6,Success,2024-11-05,4900.6,20241105,0.0
PAY0000108,ORD000108,2023-07-30,Cash on Delivery,20404.06,Success,2023-07-28,20404.06,20230728,0.0
PAY0000109,ORD000109,2023-01-09,Credit Card,21806.91,Success,2023-01-06,21806.91,20230106,0.0
PAY0000110,ORD000110,2024-05-01,Credit Card,13558.41,Success,2024-04-28,13558.41,20240428,0.0
PAY0000111,ORD000111,2024-02-02,Net Banking,4207.25,Pending,2024-02-01,4207.25,20240201,0.0
PAY0000112,ORD000112,2024-11-24,Net Banking,8354.87,Success,2024-11-21,8354.87,20241121,0.0
PAY0000113,ORD000113,2023-01-30,Cash on Delivery,3729.49,Success,2023-01-28,3729.49,20230128,0.0
PAY0000114,ORD000114,2023-01-05,Wallet,9805.97,Success,2023-01-02,9805.97,20230102,0.0
PAY0000115,ORD000115,2023-07-12,Credit Card,15148.33,Success,2023-07-12,15148.330000000002,20230712,1.8189894035458565e-12
PAY0000116,ORD000116,2024-03-12,Cash on Delivery,30195.93,Success,2024-03-11,30195.93,20240311,0.0
PAY0000117,ORD000117,2024-03-08,Wallet,3555.3,Pending,2024-03-07,3555.3,20240307,0.0
PAY0000118,ORD000118,2023-12-22,UPI,52639.240000000005,Success,2023-12-21,52639.240000000005,20231221,0.0
PAY0000119,ORD000119,2023-11-25,Cash on Delivery,19036.22,Success,2023-11-23,19036.219999999998,20231123,-3.637978807091713e-12
PAY0000120,ORD000120,2024-03-08,Cash on Delivery,13804.31,Success,2024-03-08,13804.310000000001,20240308,1.8189894035458565e-12
PAY0000121,ORD000121,2024-04-09,Debit Card,36536.84,Failed,2024-04-06,36536.84,20240406,0.0
PAY0000122,ORD000122,2023-04-28,Debit Card,10134.87,Success,2023-04-25,10134.869999999999,20230425,-1.8189894035458565e-12
PAY0000123,ORD000123,2023-06-04,Wallet,18451.78,Success,2023-06-03,18451.78,20230603,0.0
PAY0000124,ORD000124,2024-09-23,Net Banking,31591.09,Refunded,2024-09-21,31591.089999999997,20240921,-3.637978807091713e-12
PAY0000125,ORD000125,2024-04-19,Cash on Delivery,17297.34,Success,2024-04-16,17297.34,20240416,0.0
PAY0000126,ORD000126,2024-11-23,Net Banking,9601.68,Success,2024-11-22,9601.68,20241122,0.0
PAY0000127,ORD000127,2024-04-05,UPI,3009.32,Success,2024-04-02,3164.97,20240402,155.64999999999964
PAY0000128,ORD000128,2024-06-29,Debit Card,12090.910000000002,Success,2024-06-28,12090.91,20240628,-1.8189894035458565e-12
PAY0000129,ORD000129,2024-10-11,UPI,4191.28,Success,2024-10-10,4191.28,20241010,0.0
PAY0000130,ORD000130,2023-09-08,Cash on Delivery,23300.74,Success,2023-09-07,23300.739999999998,20230907,-3.637978807091713e-12
PAY0000131,ORD000131,2023-06-01,Debit Card,3231.19,Success,2023-05-31,3231.19,20230531,0.0
PAY0000132,ORD000132,2024-03-09,Credit Card,14839.55,Failed,2024-03-08,14839.55,20240308,0.0
PAY0000133,ORD000133,2024-03-19,Credit Card,1489.83,Success,2024-03-19,1489.83,20240319,0.0
PAY0000134,ORD000134,2024-06-11,Wallet,3250.8,Success,2024-06-10,3250.8,20240610,0.0
PAY0000135,ORD000135,2024-03-26,Cash on Delivery,10705.27,Success,2024-03-23,10705.27,20240323,0.0
PAY0000136,ORD000136,2024-11-27,Cash on Delivery,17098.16,Success,2024-11-25,17098.16,20241125,0.0
PAY0000137,ORD000137,2024-11-05,Credit Card,18957.86,Success,2024-11-03,18957.86,20241103,0.0
PAY0000138,ORD000138,2023-04-13,Credit Card,3356.08,Success,2023-04-10,3356.08,20230410,0.0
PAY0000139,ORD000139,2023-10-22,Debit Card,6289.2,Success,2023-10-22,6289.2,20231022,0.0
PAY0000140,ORD000140,2024-07-08,Debit Card,28403.59,Success,2024-07-08,28403.59,20240708,0.0
PAY0000141,ORD000141,2024-04-01,Cash on Delivery,5791.83,Success,2024-03-31,5791.83,20240331,0.0
PAY0000142,ORD000142,2024-11-22,Wallet,26544.01,Success,2024-11-20,26544.010000000002,20241120,3.637978807091713e-12
PAY0000143,ORD000143,2024-10-09,Credit Card,40679.3,Success,2024-10-08,40679.299999999996,20241008,-7.275957614183426e-12
PAY0000144,ORD000144,2023-11-10,Credit Card,44070.92,Success,2023-11-08,44070.92,20231108,0.0
PAY0000145,ORD000145,2023-06-23,Debit Card,2135.25,Success,2023-06-20,2135.25,20230620,0.0
PAY0000146,ORD000146,2024-07-23,Credit Card,33401.53,Success,2024-07-23,33401.53,20240723,0.0
PAY0000147,ORD000147,2024-09-13,Wallet,36713.19,Refunded,2024-09-13,32321.65,20240913,-4391.540000000001
PAY0000148,ORD000148,2023-10-24,Wallet,25189.78,Success,2023-10-24,25189.78,20231024,0.0
PAY0000149,ORD000149,2023-12-29,Net Banking,18850.48,Success,2023-12-27,18850.48,20231227,0.0
PAY0000150,ORD000150,2024-10-09,Credit Card,17985.7,Success,2024-10-07,17985.7,20241007,0.0
PAY0000151,ORD000151,2024-05-21,Credit Card,8748.11,Success,2024-05-21,8748.11,20240521,0.0
PAY0000152,ORD000152,2024-02-14,Cash on Delivery,42931.98,Refunded,2024-02-14,42931.979999999996,20240214,-7.275957614183426e-12
PAY0000153,ORD000153,2024-12-01,Debit Card,6870.4,Success,2024-11-30,6870.4,20241130,0.0
PAY0000154,ORD000154,2023-07-15,UPI,9749.59,Success,2023-07-13,9749.59,20230713,0.0
PAY0000155,ORD000155,2024-09-07,Net Banking,4715.91,Refunded,2024-09-05,4715.91,20240905,0.0
PAY0000156,ORD000156,2024-10-02,Wallet,10352.66,Success,2024-10-02,10352.66,20241002,0.0
PAY0000157,ORD000157,2024-07-20,UPI,15899.11,Success,2024-07-19,15899.11,20240719,0.0
PAY0000158,ORD000158,2023-07-01,UPI,30588.05,Success,2023-06-29,32835.799999999996,20230629,2247.7499999999964
PAY0000159,ORD000159,2024-08-17,Net Banking,50125.06,Success,2024-08-14,50125.06,20240814,0.0
PAY0000160,ORD000160,2024-04-17,Credit Card,27409.84,Failed,2024-04-17,27409.84,20240417,0.0
PAY0000161,ORD000161,2023-09-09,Credit Card,16699.91,Refunded,2023-09-08,16699.91,20230908,0.0
PAY0000162,ORD000162,2024-06-18,Credit Card,19301.88,Success,2024-06-16,19301.88,20240616,0.0
PAY0000163,ORD000163,2023-05-04,Wallet,27358.3,Success,2023-05-04,27358.3,20230504,0.0
PAY0000164,ORD000164,2023-03-06,Net Banking,8138.6,Success,2023-03-03,8138.6,20230303,0.0
PAY0000165,ORD000165,2024-06-09,Debit Card,23732.46,Success,2024-06-07,23732.46,20240607,0.0
PAY0000166,ORD000166,2024-08-18,Net Banking,35771.009999999995,Success,2024-08-16,35771.009999999995,20240816,0.0
PAY0000167,ORD000167,2023-09-07,Cash on Delivery,11794.56,Success,2023-09-06,11794.560000000001,20230906,1.8189894035458565e-12
PAY0000168,ORD000168,2024-04-16,Wallet,784.13,Success,2024-04-14,784.13,20240414,0.0
PAY0000169,ORD000169,2023-12-05,Wallet,2574.26,Pending,2023-12-05,2574.26,20231205,0.0
PAY0000170,ORD000170,2023-06-04,UPI,30347.14,Success,2023-06-01,30347.14,20230601,0.0
PAY0000171,ORD000171,2023-11-12,Net Banking,26834.74,Failed,2023-11-11,25907.190000000002,20231111,-927.5499999999993
PAY0000172,ORD000172,2023-06-09,Credit Card,1750.19,Success,2023-06-08,1750.19,20230608,0.0
PAY0000173,ORD000173,2023-01-31,Credit Card,18647.73,Success,2023-01-29,18647.73,20230129,0.0
PAY0000174,ORD000174,2024-06-06,UPI,3457.61,Success,2024-06-04,3457.61,20240604,0.0
PAY0000175,ORD000175,2024-10-24,Wallet,11059.73,Success,2024-10-21,11059.73,20241021,0.0
PAY0000176,ORD000176,2024-10-28,Debit Card,24914.48,Success,2024-10-25,24914.48,20241025,0.0
PAY0000177,ORD000177,2023-12-20,Credit Card,6874.280000000001,Success,2023-12-17,6874.280000000001,20231217,0.0
PAY0000178,ORD000178,2024-10-29,UPI,2255.46,Success,2024-10-27,2255.46,20241027,0.0
PAY0000179,ORD000179,2024-06-22,Cash on Delivery,6522.28,Success,2024-06-20,6522.28,20240620,0.0
PAY0000180,ORD000180,2023-12-04,Wallet,9463.73,Refunded,2023-12-04,9463.73,20231204,0.0
PAY0000181,ORD000181,2023-02-27,Wallet,9552.76,Success,2023-02-27,9552.76,20230227,0.0
PAY0000182,ORD000182,2024-10-29,Cash on Delivery,4961.76,Success,2024-10-28,4961.76,20241028,0.0
PAY0000183,ORD000183,2023-09-30,Wallet,5296.2,Refunded,2023-09-30,5296.2,20230930,0.0
PAY0000184,ORD000184,2023-05-18,UPI,11699.55,Success,2023-05-16,11699.55,20230516,0.0
PAY0000185,ORD000185,2024-05-04,Cash on Delivery,21860.9,Success,2024-05-03,21860.9,20240503,0.0
PAY0000186,ORD000186,2023-07-21,Cash on Delivery,31099.960000000003,Success,2023-07-21,31099.960000000003,20230721,0.0
PAY0000187,ORD000187,2023-08-12,UPI,22101.38,Success,2023-08-09,22101.38,20230809,0.0
PAY0000188,ORD000188,2024-04-01,Credit Card,10677.36,Success,2024-03-29,10677.36,20240329,0.0
PAY0000189,ORD000189,2023-09-18,Wallet,18038.02,Success,2023-09-15,18038.02,20230915,0.0
PAY0000190,ORD000190,2024-05-10,Debit Card,1231.99,Success,2024-05-09,1231.99,20240509,0.0
PAY0000191,ORD000191,2023-12-16,Credit Card,14300.34,Success,2023-12-16,14300.34,20231216,0.0
PAY0000192,ORD000192,2024-05-16,Wallet,1516.26,Success,2024-05-14,1516.26,20240514,0.0
PAY0000193,ORD000193,2023-03-11,Cash on Delivery,18124.47,Success,2023-03-09,18124.47,20230309,0.0
PAY0000194,ORD000194,2024-10-15,Debit Card,2402.47,Success,2024-10-15,2402.47,20241015,0.0
PAY0000195,ORD000195,2023-08-08,Credit Card,10811.009999999998,Success,2023-08-07,10811.009999999998,20230807,0.0
PAY0000196,ORD000196,2024-09-17,Credit Card,7162.6,Success,2024-09-16,7162.6,20240916,0.0
PAY0000197,ORD000197,2023-06-26,Cash on Delivery,1623.69,Success,2023-06-25,1623.69,20230625,0.0
PAY0000198,ORD000198,2024-11-02,Debit Card,46959.240000000005,Success,2024-10-31,46959.240000000005,20241031,0.0
PAY0000199,ORD000199,2023-11-10,Debit Card,26250.890000000003,Success,2023-11-07,26250.890000000003,20231107,0.0
PAY0000200,ORD000200,2025-04-07,Credit Card,12566.76,Failed,2025-04-05,12566.76,20250405,0.0
PAY0000201,ORD000201,2023-02-26,Wallet,2430.88,Success,2023-02-26,2430.88,20230226,0.0
PAY0000202,ORD000202,2023-01-20,Cash on Delivery,33734.2,Success,2023-01-20,33734.2,20230120,0.0
PAY0000203,ORD000203,2023-01-27,Cash on Delivery,30236.39,Success,2023-01-25,30236.39,20230125,0.0
PAY0000204,ORD000204,2023-08-09,Net Banking,48752.850000000006,Success,2023-08-09,48752.850000000006,20230809,0.0
PAY0000205,ORD000205,2023-12-01,UPI,5799.72,Success,2023-11-30,5799.72,20231130,0.0
PAY0000206,ORD000206,2024-11-07,Cash on Delivery,10614.67,Success,2024-11-06,10614.67,20241106,0.0
PAY0000207,ORD000207,2023-03-02,UPI,18329.39,Success,2023-02-27,18329.39,20230227,0.0
PAY0000208,ORD000208,2024-04-28,Net Banking,25703.04,Success,2024-04-28,25703.04,20240428,0.0
PAY0000209,ORD000209,2024-08-28,Debit Card,12439.87,Success,2024-08-26,12439.869999999999,20240826,-1.8189894035458565e-12
PAY0000210,ORD000210,2024-07-16,Credit Card,3870.28,Success,2024-07-13,3870.28,20240713,0.0
PAY0000211,ORD000211,2023-11-19,UPI,643.2,Success,2023-11-18,643.2,20231118,0.0
PAY0000212,ORD000212,2023-11-25,UPI,11185.61,Success,2023-11-25,11185.61,20231125,0.0
PAY0000213,ORD000213,2023-09-19,Cash on Delivery,8107.58,Success,2023-09-19,8107.58,20230919,0.0
PAY0000214,ORD000214,2023-02-19,Wallet,16291.489999999998,Pending,2023-02-19,16291.49,20230219,1.8189894035458565e-12
PAY0000215,ORD000215,2023-02-04,Net Banking,50365.65,Success,2023-02-02,50365.65,20230202,0.0
PAY0000216,ORD000216,2024-08-12,Credit Card,17891.71,Success,2024-08-11,17891.71,20240811,0.0
PAY0000217,ORD000217,2024-06-30,Wallet,1127.73,Success,2024-06-28,1127.73,20240628,0.0
PAY0000218,ORD000218,2024-10-28,UPI,2526.32,Success,2024-10-27,2526.32,20241027,0.0
PAY0000219,ORD000219,2023-06-07,UPI,10565.28,Refunded,2023-06-05,10565.279999999999,20230605,-1.8189894035458565e-12
PAY0000220,ORD000220,2025-03-20,Wallet,2750.94,Success,2025-03-18,2750.94,20250318,0.0
PAY0000221,ORD000221,2023-01-23,Cash on Delivery,12565.02,Success,2023-01-20,12565.02,20230120,0.0
PAY0000222,ORD000222,2024-11-21,Debit Card,16488.84,Success,2024-11-21,16488.84,20241121,0.0
PAY0000223,ORD000223,2023-12-30,Debit Card,-1225.4399999999987,Success,2023-12-30,-1225.4399999999987,20231230,0.0
PAY0000224,ORD000224,2023-01-28,UPI,6737.44,Success,2023-01-27,6737.44,20230127,0.0
PAY0000225,ORD000225,2023-03-15,Wallet,12334.39,Success,2023-03-12,12334.39,20230312,0.0
PAY0000226,ORD000226,2024-03-10,Net Banking,21190.13,Success,2024-03-10,21190.13,20240310,0.0
PAY0000227,ORD000227,2024-03-29,Debit Card,5799.72,Success,2024-03-26,5799.72,20240326,0.0
PAY0000228,ORD000228,2023-02-23,Wallet,8940.39,Success,2023-02-20,8940.39,20230220,0.0
PAY0000229,ORD000229,2023-04-09,Debit Card,2533.01,Success,2023-04-06,2533.01,20230406,0.0
PAY0000230,ORD000230,2023-08-05,Debit Card,12230.920000000002,Success,2023-08-03,12230.920000000002,20230803,0.0
PAY0000231,ORD000231,2023-07-18,Credit Card,3250.8,Success,2023-07-15,3250.8,20230715,0.0
PAY0000232,ORD000232,2024-04-12,Credit Card,12302.55,Refunded,2024-04-12,12302.55,20240412,0.0
PAY0000233,ORD000233,2023-12-31,Cash on Delivery,4835.06,Success,2023-12-30,5145.24,20231230,310.1799999999994
PAY0000234,ORD000234,2023-08-26,Net Banking,467.33,Success,2023-08-23,467.33,20230823,0.0
PAY0000235,ORD000235,2024-10-24,Cash on Delivery,15146.09,Pending,2024-10-24,15146.09,20241024,0.0
PAY0000236,ORD000236,2024-06-17,Cash on Delivery,50150.36,Pending,2024-06-15,50150.36,20240615,0.0
PAY0000237,ORD000237,2024-11-08,Wallet,3966.56,Refunded,2024-11-07,3966.56,20241107,0.0
PAY0000238,ORD000238,2023-06-05,Debit Card,8628.18,Success,2023-06-05,8628.18,20230605,0.0
PAY0000239,ORD000239,2023-07-30,UPI,34428.99,Success,2023-07-28,34428.99,20230728,0.0
PAY0000240,ORD000240,2023-12-09,Debit Card,31349.06,Success,2023-12-06,31349.06,20231206,0.0
PAY0000241,ORD000241,2024-01-22,UPI,22762.2,Success,2024-01-22,22762.2,20240122,0.0
PAY0000242,ORD000242,2023-08-18,Cash on Delivery,5006.3,Success,2023-08-17,5006.3,20230817,0.0
PAY0000243,ORD000243,2025-07-04,Wallet,6629.64,Success,2025-07-03,6629.64,20250703,0.0
PAY0000244,ORD000244,2023-09-24,Credit Card,15423.5,Success,2023-09-21,15423.5,20230921,0.0
PAY0000245,ORD000245,2024-05-04,Cash on Delivery,-7624.27,Success,2024-05-04,-7624.27,20240504,0.0
PAY0000246,ORD000246,2023-08-22,Cash on Delivery,10440.92,Failed,2023-08-19,10440.92,20230819,0.0
PAY0000247,ORD000247,2023-04-18,Credit Card,7229.99,Success,2023-04-18,7229.99,20230418,0.0
PAY0000248,ORD000248,2024-11-18,UPI,19885.99,Success,2024-11-15,19885.99,20241115,0.0
PAY0000249,ORD000249,2024-03-09,Debit Card,36056.75,Success,2024-03-08,36056.75,20240308,0.0
PAY0000250,ORD000250,2024-10-11,Cash on Delivery,15555.61,Success,2024-10-09,15555.61,20241009,0.0
PAY0000251,ORD000251,2023-06-18,Credit Card,1406.92,Success,2023-06-15,1406.92,20230615,0.0
PAY0000252,ORD000252,2023-07-13,UPI,2892.4,Success,2023-07-12,2892.4,20230712,0.0
PAY0000253,ORD000253,2024-03-27,Cash on Delivery,6443.84,Success,2024-03-26,6443.84,20240326,0.0
PAY0000254,ORD000254,2023-09-21,Debit Card,10698.91,Success,2023-09-19,12554.97,20230919,1856.0599999999995
PAY0000255,ORD000255,2024-06-17,Debit Card,28539.2,Success,2024-06-15,28539.2,20240615,0.0
PAY0000256,ORD000256,2023-05-12,Wallet,61953.41,Success,2023-05-10,61953.409999999996,20230510,-7.275957614183426e-12
PAY0000257,ORD000257,2023-05-11,UPI,199.39,Success,2023-05-10,199.39,20230510,0.0
PAY0000258,ORD000258,2024-06-02,UPI,11651.6,Success,2024-05-31,11651.599999999999,20240531,-1.8189894035458565e-12
PAY0000259,ORD000259,2023-01-19,Cash on Delivery,22490.96,Success,2023-01-18,22490.96,20230118,0.0
PAY0000260,ORD000260,2023-02-20,Credit Card,2813.48,Success,2023-02-18,3002.04,20230218,188.55999999999995
PAY0000261,ORD000261,2024-01-21,Debit Card,22762.2,Failed,2024-01-19,22762.2,20240119,0.0
PAY0000262,ORD000262,2023-06-08,Net Banking,3100.27,Success,2023-06-05,3100.27,20230605,0.0
PAY0000263,ORD000263,2023-11-01,UPI,6662.95,Success,2023-10-31,6662.95,20231031,0.0
PAY0000264,ORD000264,2023-01-04,Cash on Delivery,11675.260000000002,Success,2023-01-01,11675.26,20230101,-1.8189894035458565e-12
PAY0000265,ORD000265,2024-09-01,Debit Card,1204.59,Success,2024-08-31,1204.59,20240831,0.0
PAY0000266,ORD000266,2023-09-08,Credit Card,5303.45,Success,2023-09-06,6055.62,20230906,752.1700000000001
PAY0000267,ORD000267,2023-03-17,Credit Card,23316.25,Success,2023-03-14,23316.25,20230314,0.0
PAY0000268,ORD000268,2024-11-19,Credit Card,7341.91,Success,2024-11-19,7341.91,20241119,0.0
PAY0000269,ORD000269,2024-10-16,Wallet,31645.34,Success,2024-10-14,31645.34,20241014,0.0
PAY0000270,ORD000270,2023-08-27,Credit Card,6629.64,Success,2023-08-26,6629.64,20230826,0.0
PAY0000271,ORD000271,2023-06-08,UPI,25248.76,Success,2023-06-07,25248.76,20230607,0.0
PAY0000272,ORD000272,2023-04-26,UPI,2667.6800000000003,Pending,2023-04-26,2667.6800000000003,20230426,0.0
PAY0000273,ORD000273,2023-10-28,Wallet,14053.12,Pending,2023-10-26,14053.119999999999,20231026,-1.8189894035458565e-12
PAY0000274,ORD000274,2023-09-07,Debit Card,1984.38,Success,2023-09-05,1984.38,20230905,0.0
PAY0000275,ORD000275,2023-10-15,Wallet,9136.07,Success,2023-10-14,9136.07,20231014,0.0
PAY0000276,ORD000276,2024-01-02,Credit Card,23586.58,Success,2024-01-01,23586.58,20240101,0.0
PAY0000277,ORD000277,2024-08-29,Cash on Delivery,11917.88,Success,2024-08-28,11917.880000000001,20240828,1.8189894035458565e-12
PAY0000278,ORD000278,2024-01-23,Net Banking,1624.33,Success,2024-01-20,1624.33,20240120,0.0
PAY0000279,ORD000279,2024-08-27,Debit Card,52831.22,Success,2024-08-27,52831.219999999994,20240827,-7.275957614183426e-12
PAY0000280,ORD000280,2024-08-17,Cash on Delivery,5845.69,Success,2024-08-17,5845.69,20240817,0.0
PAY0000281,ORD000281,2024-10-27,Debit Card,1607.62,Success,2024-10-24,1607.62,20241024,0.0
PAY0000282,ORD000282,2024-10-07,UPI,14617.56,Success,2024-10-05,14617.56,20241005,0.0
PAY0000283,ORD000283,2024-10-09,Credit Card,20205.38,Success,2024-10-07,20205.38,20241007,0.0
PAY0000284,ORD000284,2023-09-20,Debit Card,1343.36,Success,2023-09-17,1343.36,20230917,0.0
PAY0000285,ORD000285,2023-11-30,Wallet,34417.73,Success,2023-11-29,34417.73,20231129,0.0
PAY0000286,ORD000286,2024-10-28,Net Banking,621.23,Success,2024-10-25,621.23,20241025,0.0
PAY0000287,ORD000287,2023-12-08,Debit Card,17110.21,Refunded,2023-12-08,15018.240000000002,20231208,-2091.9699999999975
PAY0000288,ORD000288,2023-04-05,UPI,16189.96,Pending,2023-04-03,16189.96,20230403,0.0
PAY0000289,ORD000289,2023-07-29,Debit Card,31613.4,Success,2023-07-27,31613.4,20230727,0.0
PAY0000290,ORD000290,2023-06-24,Net Banking,16455.36,Success,2023-06-22,16455.36,20230622,0.0
PAY0000291,ORD000291,2023-11-03,Debit Card,2166.36,Success,2023-10-31,2166.36,20231031,0.0
PAY0000292,ORD000292,2023-04-09,UPI,2406.67,Success,2023-04-06,2406.67,20230406,0.0
PAY0000293,ORD000293,2023-12-18,Cash on Delivery,5075.87,Success,2023-12-15,5075.87,20231215,0.0
PAY0000294,ORD000294,2024-09-22,Wallet,1302.09,Success,2024-09-20,1302.09,20240920,0.0
PAY0000295,ORD000295,2024-07-18,Credit Card,20812.21,Success,2024-07-15,19070.33,20240715,-1741.8799999999974
PAY0000296,ORD000296,2023-08-22,Credit Card,25990.32,Success,2023-08-20,25990.32,20230820,0.0
PAY0000297,ORD000297,2024-05-09,Net Banking,44669.4,Success,2024-05-09,44669.4,20240509,0.0
PAY0000298,ORD000298,2023-07-11,Cash on Delivery,12184.399999999998,Success,2023-07-10,12184.4,20230710,1.8189894035458565e-12
PAY0000299,ORD000299,2023-09-28,Wallet,29235.12,Success,2023-09-25,29235.12,20230925,0.0
PAY0000300,ORD000300,2023-11-25,Debit Card,4510.78,Success,2023-11-24,4510.78,20231124,0.0
PAY0000301,ORD000301,2024-07-06,Debit Card,12049.19,Success,2024-07-05,12049.19,20240705,0.0
PAY0000302,ORD000302,2023-04-21,Wallet,1848.81,Success,2023-04-18,1848.8100000000002,20230418,2.2737367544323206e-13
PAY0000303,ORD000303,2023-08-19,Net Banking,21354.72,Success,2023-08-18,21354.72,20230818,0.0
PAY0000304,ORD000304,2024-08-28,Debit Card,15715.48,Success,2024-08-28,15715.48,20240828,0.0
PAY0000305,ORD000305,2024-10-28,Net Banking,35963.0,Success,2024-10-27,35963.0,20241027,0.0
PAY0000306,ORD000306,2023-03-11,Wallet,23395.04,Success,2023-03-08,23395.04,20230308,0.0
PAY0000307,ORD000307,2024-03-18,Debit Card,16225.96,Pending,2024-03-17,16225.96,20240317,0.0
PAY0000308,ORD000308,2024-11-22,Net Banking,2705.55,Success,2024-11-21,2705.55,20241121,0.0
PAY0000309,ORD000309,2024-11-29,Cash on Delivery,11065.61,Success,2024-11-28,11065.61,20241128,0.0
PAY0000310,ORD000310,2024-08-27,Wallet,8007.879999999999,Success,2024-08-24,8007.879999999999,20240824,0.0
PAY0000311,ORD000311,2023-09-13,Net Banking,9881.64,Success,2023-09-12,9881.64,20230912,0.0
PAY0000312,ORD000312,2023-12-09,Debit Card,5799.44,Success,2023-12-06,5799.44,20231206,0.0
PAY0000313,ORD000313,2024-02-23,Debit Card,18500.67,Success,2024-02-22,19411.09,20240222,910.4200000000019
PAY0000314,ORD000314,2023-07-04,Credit Card,10649.19,Success,2023-07-01,10649.19,20230701,0.0
PAY0000315,ORD000315,2023-07-27,Debit Card,14350.759999999998,Success,2023-07-25,14350.759999999998,20230725,0.0
PAY0000316,ORD000316,2024-06-23,Cash on Delivery,12433.19,Success,2024-06-20,12433.19,20240620,0.0
PAY0000317,ORD000317,2023-04-10,Wallet,57769.93,Success,2023-04-08,57769.93,20230408,0.0
PAY0000318,ORD000318,2023-11-13,UPI,10677.36,Success,2023-11-10,10677.36,20231110,0.0
PAY0000319,ORD000319,2024-05-27,Cash on Delivery,4804.96,Success,2024-05-25,4804.96,20240525,0.0
PAY0000320,ORD000320,2024-09-09,Wallet,477.27,Refunded,2024-09-06,477.27,20240906,0.0
PAY0000321,ORD000321,2024-06-03,Cash on Delivery,5650.61,Success,2024-06-03,5650.61,20240603,0.0
PAY0000322,ORD000322,2023-11-18,Net Banking,10334.51,Success,2023-11-16,10334.51,20231116,0.0
PAY0000323,ORD000323,2023-04-13,Credit Card,12826.97,Success,2023-04-13,12826.970000000001,20230413,1.8189894035458565e-12
PAY0000324,ORD000324,2024-11-05,Wallet,22424.15,Success,2024-11-05,22424.15,20241105,0.0
PAY0000325,ORD000325,2023-09-13,Wallet,1942.09,Success,2023-09-10,1942.09,20230910,0.0
PAY0000326,ORD000326,2024-01-03,Net Banking,6825.24,Success,2024-01-02,6825.24,20240102,0.0
PAY0000327,ORD000327,2023-04-12,Credit Card,16335.41,Pending,2023-04-12,16335.41,20230412,0.0
PAY0000328,ORD000328,2024-08-14,UPI,22279.64,Success,2024-08-11,22279.64,20240811,0.0
PAY0000329,ORD000329,2023-05-22,Cash on Delivery,7557.629999999999,Success,2023-05-19,7557.63,20230519,9.094947017729282e-13
PAY0000330,ORD000330,2023-03-27,UPI,13609.33,Success,2023-03-26,11973.51,20230326,-1635.8199999999997
PAY0000331,ORD000331,2023-11-12,Cash on Delivery,3864.48,Success,2023-11-10,3864.48,20231110,0.0
PAY0000332,ORD000332,2023-07-15,Cash on Delivery,33647.58,Success,2023-07-12,33647.58,20230712,0.0
PAY0000333,ORD000333,2023-06-28,Cash on Delivery,5515.62,Success,2023-06-27,5515.62,20230627,0.0
PAY0000334,ORD000334,2024-02-02,Debit Card,11430.81,Success,2024-01-30,11430.810000000001,20240130,1.8189894035458565e-12
PAY0000335,ORD000335,2024-06-05,UPI,18597.28,Success,2024-06-04,18597.28,20240604,0.0
PAY0000336,ORD000336,2023-04-15,Credit Card,14944.759999999998,Success,2023-04-12,14944.76,20230412,1.8189894035458565e-12
PAY0000337,ORD000337,2024-05-25,Net Banking,17249.190000000002,Success,2024-05-22,17249.190000000002,20240522,0.0
PAY0000338,ORD000338,2023-05-02,Debit Card,2154.14,Success,2023-04-30,2154.14,20230430,0.0
PAY0000339,ORD000339,2023-07-04,Cash on Delivery,1463.65,Refunded,2023-07-01,1463.65,20230701,0.0
PAY0000340,ORD000340,2023-09-12,UPI,20615.21,Success,2023-09-10,20615.21,20230910,0.0
PAY0000341,ORD000341,2023-07-31,Debit Card,9953.38,Success,2023-07-29,9953.38,20230729,0.0
PAY0000342,ORD000342,2023-10-13,Cash on Delivery,17631.510000000002,Success,2023-10-12,17631.510000000002,20231012,0.0
PAY0000343,ORD000343,2023-02-14,Net Banking,5492.71,Success,2023-02-12,5492.71,20230212,0.0
PAY0000344,ORD000344,2023-04-30,Cash on Delivery,7006.610000000001,Failed,2023-04-29,7006.610000000001,20230429,0.0
PAY0000345,ORD000345,2024-11-29,UPI,8569.52,Success,2024-11-28,8569.52,20241128,0.0
PAY0000346,ORD000346,2023-04-24,UPI,6818.39,Success,2023-04-22,6818.39,20230422,0.0
PAY0000347,ORD000347,2023-07-25,UPI,11301.92,Pending,2023-07-25,11301.92,20230725,0.0
PAY0000348,ORD000348,2023-02-10,Cash on Delivery,8194.76,Success,2023-02-08,8194.76,20230208,0.0
PAY0000349,ORD000349,2024-09-22,UPI,6546.09,Success,2024-09-22,6546.09,20240922,0.0
PAY0000350,ORD000350,2023-07-16,Credit Card,9655.16,Success,2023-07-13,9655.16,20230713,0.0
PAY0000351,ORD000351,2023-12-17,UPI,18087.25,Success,2023-12-16,18087.25,20231216,0.0
PAY0000352,ORD000352,2024-02-06,Cash on Delivery,15260.83,Success,2024-02-05,15260.83,20240205,0.0
PAY0000353,ORD000353,2023-12-11,Credit Card,5580.44,Success,2023-12-10,5580.44,20231210,0.0
PAY0000354,ORD000354,2024-06-25,UPI,20038.53,Pending,2024-06-25,20038.53,20240625,0.0
PAY0000355,ORD000355,2023-03-10,Credit Card,21298.38,Success,2023-03-08,21298.38,20230308,0.0
PAY0000356,ORD000356,2024-01-17,Credit Card,2608.67,Success,2024-01-15,2608.67,20240115,0.0
PAY0000357,ORD000357,2024-07-31,UPI,-14627.28,Success,2024-07-30,-14627.28,20240730,0.0
PAY0000358,ORD000358,2024-08-03,Cash on Delivery,7738.0,Success,2024-07-31,7738.0,20240731,0.0
PAY0000359,ORD000359,2024-10-25,Cash on Delivery,13813.88,Success,2024-10-22,13813.88,20241022,0.0
PAY0000360,ORD000360,2024-12-03,Debit Card,10568.5,Success,2024-11-30,10568.5,20241130,0.0
PAY0000361,ORD000361,2024-04-11,Credit Card,5117.6,Success,2024-04-10,5117.6,20240410,0.0
PAY0000362,ORD000362,2023-09-24,Credit Card,21899.5,Success,2023-09-21,24742.7,20230921,2843.2000000000007
PAY0000363,ORD000363,2023-02-13,Debit Card,11230.08,Success,2023-02-13,11230.08,20230213,0.0
PAY0000364,ORD000364,2024-10-05,UPI,3250.8,Pending,2024-10-03,3250.8,20241003,0.0
PAY0000365,ORD000365,2024-03-31,UPI,9071.35,Success,2024-03-30,9071.35,20240330,0.0
PAY0000366,ORD000366,2024-06-27,Cash on Delivery,14221.2,Success,2024-06-26,14221.2,20240626,0.0
PAY0000367,ORD000367,2024-01-08,Net Banking,22336.47,Success,2024-01-08,22336.47,20240108,0.0
PAY0000368,ORD000368,2024-02-10,Wallet,11120.04,Success,2024-02-07,11120.039999999999,20240207,-1.8189894035458565e-12
PAY0000369,ORD000369,2024-02-28,Wallet,1981.58,Pending,2024-02-27,1981.58,20240227,0.0
PAY0000370,ORD000370,2024-06-15,Cash on Delivery,687.54,Pending,2024-06-13,687.54,20240613,0.0
PAY0000371,ORD000371,2024-11-14,Wallet,14762.19,Success,2024-11-14,14762.189999999999,20241114,-1.8189894035458565e-12
PAY0000372,ORD000372,2024-08-13,Cash on Delivery,22608.72,Success,2024-08-11,22608.72,20240811,0.0
PAY0000373,ORD000373,2024-05-14,Debit Card,45960.05,Success,2024-05-13,45960.05,20240513,0.0
PAY0000374,ORD000374,2024-11-26,Net Banking,2980.13,Success,2024-11-23,2980.13,20241123,0.0
PAY0000375,ORD000375,2023-12-06,Wallet,6306.57,Success,2023-12-06,6306.57,20231206,0.0
PAY0000376,ORD000376,2023-11-11,Net Banking,42405.99,Success,2023-11-11,42405.99,20231111,0.0
PAY0000377,ORD000377,2024-05-04,UPI,15233.16,Success,2024-05-01,15233.16,20240501,0.0
PAY0000378,ORD000378,2023-06-20,Debit Card,14878.39,Success,2023-06-17,14878.39,20230617,0.0
PAY0000379,ORD000379,2024-10-05,Credit Card,2974.9400000000005,Success,2024-10-05,2974.9400000000005,20241005,0.0
PAY0000380,ORD000380,2024-04-01,Wallet,3119.49,Success,2024-03-31,3119.49,20240331,0.0
PAY0000381,ORD000381,2023-01-24,UPI,2086.2,Success,2023-01-21,2086.2,20230121,0.0
PAY0000382,ORD000382,2024-05-20,Credit Card,5446.6,Success,2024-05-18,5446.6,20240518,0.0
PAY0000383,ORD000383,2023-03-15,Net Banking,5202.1,Success,2023-03-12,5285.280000000001,20230312,83.18000000000029
PAY0000384,ORD000384,2024-11-15,Credit Card,10684.48,Success,2024-11-15,10684.48,20241115,0.0
PAY0000385,ORD000385,2023-01-19,Wallet,41749.95999999999,Failed,2023-01-17,41749.96,20230117,7.275957614183426e-12
PAY0000386,ORD000386,2024-06-11,Debit Card,3851.89,Success,2024-06-09,3851.8900000000003,20240609,4.547473508864641e-13
PAY0000387,ORD000387,2023-02-25,UPI,9477.78,Success,2023-02-23,9477.78,20230223,0.0
PAY0000388,ORD000388,2023-02-11,Credit Card,19473.33,Refunded,2023-02-11,19473.33,20230211,0.0
PAY0000389,ORD000389,2023-01-14,Debit Card,6718.91,Success,2023-01-11,6718.91,20230111,0.0
PAY0000390,ORD000390,2024-01-25,UPI,5845.69,Success,2024-01-25,5845.69,20240125,0.0
PAY0000391,ORD000391,2024-06-11,UPI,20179.05,Failed,2024-06-08,20179.05,20240608,0.0
PAY0000392,ORD000392,2024-07-22,UPI,18785.77,Success,2024-07-19,18785.769999999997,20240719,-3.637978807091713e-12
PAY0000393,ORD000393,2024-11-16,Net Banking,25856.79,Success,2024-11-13,25856.79,20241113,0.0
PAY0000394,ORD000394,2023-09-07,Wallet,26881.01,Success,2023-09-06,26881.01,20230906,0.0
PAY0000395,ORD000395,2023-03-22,Debit Card,3616.25,Success,2023-03-19,3616.25,20230319,0.0
PAY0000396,ORD000396,2023-06-09,Credit Card,19538.58,Success,2023-06-09,19538.58,20230609,0.0
PAY0000397,ORD000397,2023-05-06,Wallet,5435.74,Success,2023-05-05,5435.74,20230505,0.0
PAY0000398,ORD000398,2023-04-05,Cash on Delivery,10870.26,Success,2023-04-04,10870.26,20230404,0.0
PAY0000399,ORD000399,2024-02-01,Net Banking,14885.27,Success,2024-02-01,14885.27,20240201,0.0
PAY0000400,ORD000400,2023-07-13,Wallet,10649.19,Success,2023-07-10,10649.19,20230710,0.0
PAY0000401,ORD000401,2023-07-10,Cash on Delivery,21835.56,Success,2023-07-09,22293.620000000003,20230709,458.0600000000013
PAY0000402,ORD000402,2024-08-14,Cash on Delivery,558.88,Success,2024-08-12,558.88,20240812,0.0
PAY0000403,ORD000403,2023-11-29,Wallet,72151.11,Success,2023-11-26,72151.11,20231126,0.0
PAY0000404,ORD000404,2024-03-01,Credit Card,53226.5,Success,2024-02-27,53226.5,20240227,0.0
PAY0000405,ORD000405,2024-06-27,Wallet,13820.07,Failed,2024-06-27,13820.07,20240627,0.0
PAY0000406,ORD000406,2023-12-20,Debit Card,849.9000000000005,Refunded,2023-12-19,849.9000000000005,20231219,0.0
PAY0000407,ORD000407,2023-01-15,Cash on Delivery,16480.5,Refunded,2023-01-13,16480.5,20230113,0.0
PAY0000408,ORD000408,2024-08-06,Cash on Delivery,32595.71,Success,2024-08-05,32595.71,20240805,0.0
PAY0000409,ORD000409,2023-11-05,Cash on Delivery,7427.34,Success,2023-11-04,7427.34,20231104,0.0
PAY0000410,ORD000410,2023-02-15,Cash on Delivery,8997.419999999998,Pending,2023-02-13,8997.419999999998,20230213,0.0
PAY0000411,ORD000411,2024-04-20,Wallet,27989.1,Success,2024-04-19,27989.1,20240419,0.0
PAY0000412,ORD000412,2023-01-27,Credit Card,534.87,Success,2023-01-26,534.87,20230126,0.0
PAY0000413,ORD000413,2024-02-17,Wallet,7407.37,Success,2024-02-14,7407.37,20240214,0.0
PAY0000414,ORD000414,2023-07-10,Wallet,5845.69,Pending,2023-07-08,5845.69,20230708,0.0
PAY0000415,ORD000415,2023-07-25,Debit Card,38484.31,Success,2023-07-22,38484.31,20230722,0.0
PAY0000416,ORD000416,2023-10-13,Debit Card,13094.92,Success,2023-10-12,13094.92,20231012,0.0
PAY0000417,ORD000417,2024-05-16,Debit Card,6276.21,Success,2024-05-14,6276.21,20240514,0.0
PAY0000418,ORD000418,2024-09-17,Credit Card,8785.57,Pending,2024-09-14,8785.57,20240914,0.0
PAY0000419,ORD000419,2023-01-15,Debit Card,5356.4,Failed,2023-01-14,5356.4,20230114,0.0
PAY0000420,ORD000420,2024-03-18,Cash on Delivery,25074.92,Success,2024-03-15,25074.920000000002,20240315,3.637978807091713e-12
PAY0000421,ORD000421,2023-05-12,Cash on Delivery,5202.66,Success,2023-05-12,5202.66,20230512,0.0
PAY0000422,ORD000422,2023-09-12,Wallet,534.87,Failed,2023-09-10,534.87,20230910,0.0
PAY0000423,ORD000423,2023-10-17,Cash on Delivery,4501.1,Success,2023-10-15,4501.1,20231015,0.0
PAY0000424,ORD000424,2023-11-26,UPI,21845.96,Success,2023-11-26,21845.96,20231126,0.0
PAY0000425,ORD000425,2023-09-16,Wallet,29623.22,Success,2023-09-13,29623.22,20230913,0.0
PAY0000426,ORD000426,2024-01-30,Cash on Delivery,2478.95,Success,2024-01-29,2478.95,20240129,0.0
PAY0000427,ORD000427,2023-10-02,Debit Card,15580.91,Success,2023-09-30,16547.18,20230930,966.2700000000004
PAY0000428,ORD000428,2024-01-11,UPI,7561.12,Success,2024-01-08,7561.12,20240108,0.0
PAY0000429,ORD000429,2024-09-30,Net Banking,8094.11,Success,2024-09-27,8094.11,20240927,0.0
PAY0000430,ORD000430,2024-09-12,Debit Card,198.83,Success,2024-09-11,198.83,20240911,0.0
PAY0000431,ORD000431,2024-09-11,Cash on Delivery,13039.33,Success,2024-09-11,13039.33,20240911,0.0
PAY0000432,ORD000432,2023-10-18,Credit Card,4160.88,Success,2023-10-17,4160.88,20231017,0.0
PAY0000433,ORD000433,2023-11-03,UPI,14846.19,Success,2023-10-31,14846.19,20231031,0.0
PAY0000434,ORD000434,2024-04-05,Net Banking,14326.28,Success,2024-04-02,14326.28,20240402,0.0
PAY0000435,ORD000435,2023-10-10,Wallet,22995.96,Refunded,2023-10-08,22995.96,20231008,0.0
PAY0000436,ORD000436,2023-05-12,Debit Card,12673.67,Refunded,2023-05-12,12673.67,20230512,0.0
PAY0000437,ORD000437,2023-11-19,Net Banking,2086.2,Success,2023-11-19,2086.2,20231119,0.0
PAY0000438,ORD000438,2023-07-05,Cash on Delivery,19356.0,Success,2023-07-02,19356.0,20230702,0.0
PAY0000439,ORD000439,2024-08-07,Credit Card,6478.9,Success,2024-08-05,6478.9,20240805,0.0
PAY0000440,ORD000440,2023-03-12,UPI,6756.43,Success,2023-03-11,6756.43,20230311,0.0
PAY0000441,ORD000441,2024-01-07,Net Banking,7182.12,Success,2024-01-04,7182.12,20240104,0.0
PAY0000442,ORD000442,2024-02-18,Credit Card,871.8,Success,2024-02-15,871.8,20240215,0.0
PAY0000443,ORD000443,2024-07-18,UPI,3883.8,Success,2024-07-15,3883.8,20240715,0.0
PAY0000444,ORD000444,2023-08-22,Net Banking,8123.36,Success,2023-08-21,8123.36,20230821,0.0
PAY0000445,ORD000445,2024-05-07,Credit Card,4559.98,Success,2024-05-05,4559.98,20240505,0.0
PAY0000446,ORD000446,2024-05-28,Wallet,7374.91,Success,2024-05-27,8411.14,20240527,1036.2299999999996
PAY0000447,ORD000447,2023-10-24,Net Banking,38054.48,Pending,2023-10-24,38054.48,20231024,0.0
PAY0000448,ORD000448,2023-07-25,UPI,21689.97,Success,2023-07-24,21689.97,20230724,0.0
PAY0000449,ORD000449,2024-08-19,Credit Card,12133.78,Success,2024-08-18,12133.779999999999,20240818,-1.8189894035458565e-12
PAY0000450,ORD000450,2023-01-10,Credit Card,20365.27,Success,2023-01-08,20365.27,20230108,0.0
PAY0000451,ORD000451,2023-07-28,Net Banking,4912.14,Success,2023-07-26,4912.14,20230726,0.0
PAY0000452,ORD000452,2023-05-03,Net Banking,9420.21,Success,2023-05-03,9420.21,20230503,0.0
PAY0000453,ORD000453,2024-02-20,Credit Card,15469.86,Success,2024-02-20,15469.86,20240220,0.0
PAY0000454,ORD000454,2023-07-26,Debit Card,6760.96,Refunded,2023-07-24,6760.96,20230724,0.0
PAY0000455,ORD000455,2024-08-30,Debit Card,22603.05,Success,2024-08-30,22603.05,20240830,0.0
PAY0000456,ORD000456,2023-09-17,Credit Card,4270.5,Success,2023-09-16,4270.5,20230916,0.0
PAY0000457,ORD000457,2023-08-02,Wallet,1075.34,Success,2023-07-31,1075.34,20230731,0.0
PAY0000458,ORD000458,2024-05-19,Net Banking,2653.58,Success,2024-05-18,2653.58,20240518,0.0
PAY0000459,ORD000459,2024-09-25,Wallet,1343.36,Success,2024-09-23,1343.36,20240923,0.0
PAY0000460,ORD000460,2023-01-01,UPI,17021.67,Success,2023-01-01,17021.67,20230101,0.0
PAY0000461,ORD000461,2024-01-13,Credit Card,27186.49,Success,2024-01-12,27186.49,20240112,0.0
PAY0000462,ORD000462,2024-03-04,Wallet,23558.94,Success,2024-03-03,23558.94,20240303,0.0
PAY0000463,ORD000463,2023-09-28,Wallet,4481.31,Failed,2023-09-27,4481.31,20230927,0.0
PAY0000464,ORD000464,2024-05-04,Net Banking,18842.94,Success,2024-05-02,18842.94,20240502,0.0
PAY0000465,ORD000465,2024-07-27,Wallet,9119.96,Success,2024-07-24,9119.96,20240724,0.0
PAY0000466,ORD000466,2023-08-12,Debit Card,836.93,Pending,2023-08-09,836.93,20230809,0.0
PAY0000467,ORD000467,2024-02-29,Credit Card,6055.62,Success,2024-02-27,6055.62,20240227,0.0
PAY0000468,ORD000468,2023-10-18,Wallet,24863.64,Success,2023-10-16,24863.64,20231016,0.0
PAY0000469,ORD000469,2023-08-29,Wallet,4279.09,Pending,2023-08-29,4279.09,20230829,0.0
PAY0000470,ORD000470,2024-07-29,Cash on Delivery,42988.58,Success,2024-07-26,42988.58,20240726,0.0
PAY0000471,ORD000471,2024-01-09,Net Banking,30340.15,Success,2024-01-08,30340.15,20240108,0.0
PAY0000472,ORD000472,2024-07-18,Credit Card,36280.96,Refunded,2024-07-18,36280.96,20240718,0.0
PAY0000473,ORD000473,2024-02-19,UPI,4706.05,Success,2024-02-16,4706.05,20240216,0.0
PAY0000474,ORD000474,2024-11-24,Credit Card,18175.81,Success,2024-11-22,18175.81,20241122,0.0
PAY0000475,ORD000475,2023-12-07,UPI,38573.47,Success,2023-12-07,38573.47,20231207,0.0
PAY0000476,ORD000476,2023-02-13,UPI,220.7,Success,2023-02-13,198.83,20230213,-21.869999999999976
PAY0000477,ORD000477,2024-10-09,Debit Card,35215.94,Success,2024-10-09,35215.94,20241009,0.0
PAY0000478,ORD000478,2024-02-12,Net Banking,16567.030000000002,Success,2024-02-10,16567.03,20240210,-3.637978807091713e-12
PAY0000479,ORD000479,2024-08-14,Net Banking,17828.82,Success,2024-08-12,17828.82,20240812,0.0
PAY0000480,ORD000480,2024-12-01,Wallet,5863.4,Refunded,2024-12-01,5863.4,20241201,0.0
PAY0000481,ORD000481,2024-07-17,Debit Card,4819.23,Success,2024-07-15,4268.02,20240715,-551.2099999999991
PAY0000482,ORD000482,2023-04-22,Net Banking,9327.64,Success,2023-04-19,9327.64,20230419,0.0
PAY0000483,ORD000483,2024-06-02,Credit Card,20732.82,Success,2024-05-31,20732.82,20240531,0.0
PAY0000484,ORD000484,2024-02-22,Wallet,-10724.21,Success,2024-02-20,-10724.21,20240220,0.0
PAY0000485,ORD000485,2023-01-17,Wallet,4872.99,Failed,2023-01-17,4872.99,20230117,0.0
PAY0000486,ORD000486,2023-03-12,Wallet,36873.09,Success,2023-03-10,36873.090000000004,20230310,7.275957614183426e-12
PAY0000487,ORD000487,2023-01-13,Cash on Delivery,17925.24,Pending,2023-01-11,17925.24,20230111,0.0
PAY0000488,ORD000488,2024-09-26,Credit Card,24949.33,Success,2024-09-26,24949.33,20240926,0.0
PAY0000489,ORD000489,2024-05-28,UPI,30445.02,Success,2024-05-26,30445.02,20240526,0.0
PAY0000490,ORD000490,2024-07-06,Net Banking,9199.85,Success,2024-07-05,9199.85,20240705,0.0
PAY0000491,ORD000491,2023-01-31,Debit Card,5760.76,Pending,2023-01-28,5760.76,20230128,0.0
PAY0000492,ORD000492,2023-03-26,Wallet,20914.72,Success,2023-03-26,23098.86,20230326,2184.1399999999994
PAY0000493,ORD000493,2023-02-07,Wallet,4546.57,Failed,2023-02-05,4546.57,20230205,0.0
PAY0000494,ORD000494,2024-02-28,Cash on Delivery,15450.44,Success,2024-02-25,15450.439999999999,20240225,-1.8189894035458565e-12
PAY0000495,ORD000495,2024-06-04,Debit Card,55633.26,Success,2024-06-02,55633.26,20240602,0.0
PAY0000496,ORD000496,2024-07-05,UPI,15515.08,Success,2024-07-02,15515.08,20240702,0.0
PAY0000497,ORD000497,2024-04-07,Cash on Delivery,57235.9,Success,2024-04-07,57235.9,20240407,0.0
PAY0000498,ORD000498,2023-03-23,Wallet,5850.05,Success,2023-03-20,5850.05,20230320,0.0
PAY0000499,ORD000499,2024-01-22,UPI,24062.09,Failed,2024-01-21,24062.09,20240121,0.0
PAY0000500,ORD000500,2023-08-23,Debit Card,27636.11,Success,2023-08-23,27636.11,20230823,0.0
PAY0000501,ORD000501,2024-09-14,Net Banking,36307.19,Success,2024-09-11,36307.19,20240911,0.0
PAY0000502,ORD000502,2024-06-21,Cash on Delivery,1606.65,Failed,2024-06-21,1606.65,20240621,0.0
PAY0000503,ORD000503,2024-03-22,Net Banking,14079.39,Refunded,2024-03-22,14079.390000000001,20240322,1.8189894035458565e-12
PAY0000504,ORD000504,2024-05-03,Credit Card,15964.56,Failed,2024-05-01,15964.56,20240501,0.0
PAY0000505,ORD000505,2024-08-09,Net Banking,2522.54,Success,2024-08-07,2522.54,20240807,0.0
PAY0000506,ORD000506,2023-03-11,UPI,759.06,Success,2023-03-10,759.06,20230310,0.0
PAY0000507,ORD000507,2023-05-31,Net Banking,996.38,Success,2023-05-31,996.38,20230531,0.0
PAY0000508,ORD000508,2023-01-14,Net Banking,1277.73,Success,2023-01-13,1277.73,20230113,0.0
PAY0000509,ORD000509,2023-11-26,Credit Card,17234.76,Success,2023-11-24,17234.76,20231124,0.0
PAY0000510,ORD000510,2024-05-05,Wallet,344.65,Success,2024-05-05,344.65,20240505,0.0
PAY0000511,ORD000511,2023-05-30,Debit Card,1498.15,Success,2023-05-30,1498.15,20230530,0.0
PAY0000512,ORD000512,2024-06-10,Net Banking,23051.42,Success,2024-06-09,23051.42,20240609,0.0
PAY0000513,ORD000513,2023-08-20,Net Banking,9569.65,Success,2023-08-19,9569.65,20230819,0.0
PAY0000514,ORD000514,2023-01-29,Net Banking,7383.63,Success,2023-01-29,7383.63,20230129,0.0
PAY0000515,ORD000515,2024-05-05,Wallet,44546.45,Success,2024-05-05,44546.45,20240505,0.0
PAY0000516,ORD000516,2023-09-05,UPI,2275.49,Success,2023-09-05,2275.49,20230905,0.0
PAY0000517,ORD000517,2023-03-12,Cash on Delivery,8354.87,Success,2023-03-09,8354.87,20230309,0.0
PAY0000518,ORD000518,2023-10-13,Credit Card,29485.620000000003,Success,2023-10-12,29485.620000000003,20231012,0.0
PAY0000519,ORD000519,2023-12-01,Credit Card,8007.18,Refunded,2023-12-01,8007.18,20231201,0.0
PAY0000520,ORD000520,2024-07-30,Credit Card,3528.69,Success,2024-07-27,3528.69,20240727,0.0
PAY0000521,ORD000521,2024-05-19,Credit Card,29421.76,Success,2024-05-16,29421.76,20240516,0.0
PAY0000522,ORD000522,2023-10-05,Wallet,29909.51,Success,2023-10-05,29909.51,20231005,0.0
PAY0000523,ORD000523,2023-09-05,Cash on Delivery,5041.47,Refunded,2023-09-03,5041.47,20230903,0.0
PAY0000524,ORD000524,2024-11-24,UPI,14814.74,Pending,2024-11-23,14814.74,20241123,0.0
PAY0000525,ORD000525,2023-05-24,Cash on Delivery,3884.18,Success,2023-05-23,3884.18,20230523,0.0
PAY0000526,ORD000526,2023-11-28,Wallet,9128.23,Success,2023-11-25,9128.23,20231125,0.0
PAY0000527,ORD000527,2024-10-17,UPI,1057.9,Success,2024-10-15,1057.9,20241015,0.0
PAY0000528,ORD000528,2024-01-21,Net Banking,23522.210000000003,Success,2024-01-19,23522.210000000003,20240119,0.0
PAY0000529,ORD000529,2023-12-18,Credit Card,534.87,Failed,2023-12-16,534.87,20231216,0.0
PAY0000530,ORD000530,2024-02-09,UPI,31030.78,Success,2024-02-07,28963.23,20240207,-2067.5499999999993
PAY0000531,ORD000531,2024-08-21,Debit Card,45289.48,Success,2024-08-20,45289.479999999996,20240820,-7.275957614183426e-12
PAY0000532,ORD000532,2024-10-05,Cash on Delivery,15113.2,Refunded,2024-10-05,15113.2,20241005,0.0
PAY0000533,ORD000533,2023-07-07,Net Banking,35338.09,Success,2023-07-05,35338.09,20230705,0.0
PAY0000534,ORD000534,2023-04-24,Cash on Delivery,28160.15,Success,2023-04-21,28160.15,20230421,0.0
PAY0000535,ORD000535,2023-07-29,Wallet,6826.85,Success,2023-07-29,6826.85,20230729,0.0
PAY0000536,ORD000536,2023-10-19,Cash on Delivery,4804.94,Success,2023-10-19,4804.94,20231019,0.0
PAY0000537,ORD000537,2024-07-19,Cash on Delivery,26135.86,Success,2024-07-19,26135.86,20240719,0.0
PAY0000538,ORD000538,2023-06-25,UPI,12672.76,Success,2023-06-25,12672.76,20230625,0.0
PAY0000539,ORD000539,2024-08-07,UPI,19930.75,Success,2024-08-07,19930.75,20240807,0.0
PAY0000540,ORD000540,2023-09-10,Net Banking,9981.94,Success,2023-09-10,9981.94,20230910,0.0
PAY0000541,ORD000541,2023-08-17,Debit Card,2984.72,Success,2023-08-14,2984.72,20230814,0.0
PAY0000542,ORD000542,2024-09-06,UPI,15717.1,Success,2024-09-06,15717.1,20240906,0.0
PAY0000543,ORD000543,2024-03-31,Wallet,-3210.32,Success,2024-03-30,-3210.3199999999997,20240330,4.547473508864641e-13
PAY0000544,ORD000544,2023-01-27,Debit Card,2576.9,Success,2023-01-24,2576.9,20230124,0.0
PAY0000545,ORD000545,2023-12-17,Cash on Delivery,12465.06,Success,2023-12-17,12465.06,20231217,0.0
PAY0000546,ORD000546,2023-07-31,Credit Card,517.65,Success,2023-07-30,537.65,20230730,20.0
PAY0000547,ORD000547,2023-06-24,Debit Card,3802.74,Success,2023-06-22,3802.74,20230622,0.0
PAY0000548,ORD000548,2023-10-25,Cash on Delivery,12230.920000000002,Success,2023-10-25,12230.920000000002,20231025,0.0
PAY0000549,ORD000549,2023-09-07,Credit Card,5512.17,Success,2023-09-07,5512.17,20230907,0.0
PAY0000550,ORD000550,2024-01-29,Wallet,14907.29,Success,2024-01-26,14907.289999999999,20240126,-1.8189894035458565e-12
PAY0000551,ORD000551,2023-09-21,UPI,33113.33,Pending,2023-09-19,33113.33,20230919,0.0
PAY0000552,ORD000552,2024-08-22,Debit Card,-3656.63,Refunded,2024-08-22,-3656.63,20240822,0.0
PAY0000553,ORD000553,2023-02-19,Debit Card,1477.83,Success,2023-02-19,1477.83,20230219,0.0
PAY0000554,ORD000554,2023-02-23,Credit Card,513.14,Success,2023-02-21,513.14,20230221,0.0
PAY0000555,ORD000555,2024-03-22,Cash on Delivery,-11052.54,Pending,2024-03-22,-11052.54,20240322,0.0
PAY0000556,ORD000556,2023-04-06,Cash on Delivery,21306.6,Pending,2023-04-05,21306.600000000002,20230405,3.637978807091713e-12
PAY0000557,ORD000557,2024-03-12,Debit Card,10535.990000000002,Success,2024-03-09,10535.99,20240309,-1.8189894035458565e-12
PAY0000558,ORD000558,2023-04-17,Cash on Delivery,11557.81,Success,2023-04-14,11557.810000000001,20230414,1.8189894035458565e-12
PAY0000559,ORD000559,2023-06-07,Debit Card,13235.579999999998,Success,2023-06-06,13235.580000000002,20230606,3.637978807091713e-12
PAY0000560,ORD000560,2024-06-11,Wallet,13642.34,Success,2024-06-09,13642.34,20240609,0.0
PAY0000561,ORD000561,2024-04-25,Net Banking,25074.41,Success,2024-04-25,25074.41,20240425,0.0
PAY0000562,ORD000562,2024-04-19,Net Banking,16107.19,Success,2024-04-18,16107.19,20240418,0.0
PAY0000563,ORD000563,2023-02-14,Wallet,4012.22,Success,2023-02-13,3816.19,20230213,-196.02999999999975
PAY0000564,ORD000564,2024-11-25,Wallet,5147.24,Success,2024-11-24,5147.24,20241124,0.0
PAY0000565,ORD000565,2024-10-26,Cash on Delivery,55120.05,Failed,2024-10-24,55120.05,20241024,0.0
PAY0000566,ORD000566,2023-09-18,Debit Card,23310.24,Success,2023-09-15,23310.239999999998,20230915,-3.637978807091713e-12
PAY0000567,ORD000567,2023-03-17,Net Banking,25008.22,Success,2023-03-17,25008.219999999998,20230317,-3.637978807091713e-12
PAY0000568,ORD000568,2024-01-20,Debit Card,3835.95,Success,2024-01-20,3835.95,20240120,0.0
PAY0000569,ORD000569,2024-03-21,Wallet,20115.97,Success,2024-03-21,20115.969999999998,20240321,-3.637978807091713e-12
PAY0000570,ORD000570,2024-10-27,Cash on Delivery,29649.44,Success,2024-10-26,29649.440000000002,20241026,3.637978807091713e-12
PAY0000571,ORD000571,2023-09-19,Cash on Delivery,3323.73,Success,2023-09-16,3323.73,20230916,0.0
PAY0000572,ORD000572,2023-05-14,UPI,8706.18,Failed,2023-05-14,9197.85,20230514,491.6700000000001
PAY0000573,ORD000573,2023-10-30,UPI,12347.830000000002,Success,2023-10-30,12347.830000000002,20231030,0.0
PAY0000574,ORD000574,2023-03-23,UPI,25815.07,Success,2023-03-21,27698.85,20230321,1883.7799999999988
PAY0000575,ORD000575,2023-03-11,Wallet,1885.16,Pending,2023-03-11,1885.16,20230311,0.0
PAY0000576,ORD000576,2024-08-01,Net Banking,8166.71,Success,2024-07-29,8166.71,20240729,0.0
PAY0000577,ORD000577,2024-04-05,Debit Card,6774.01,Success,2024-04-04,6774.01,20240404,0.0
PAY0000578,ORD000578,2024-01-14,Net Banking,5986.15,Pending,2024-01-12,5986.15,20240112,0.0
PAY0000579,ORD000579,2023-02-08,Net Banking,17423.96,Success,2023-02-07,17423.96,20230207,0.0
PAY0000580,ORD000580,2024-01-25,UPI,29697.27,Success,2024-01-22,29697.27,20240122,0.0
PAY0000581,ORD000581,2023-04-08,Cash on Delivery,9220.88,Success,2023-04-06,9220.88,20230406,0.0
PAY0000582,ORD000582,2023-05-18,UPI,10196.36,Success,2023-05-17,10196.36,20230517,0.0
PAY0000583,ORD000583,2025-03-16,Credit Card,8019.76,Success,2025-03-13,7256.78,20250313,-762.9800000000005
PAY0000584,ORD000584,2023-02-08,Net Banking,2658.71,Failed,2023-02-08,2658.71,20230208,0.0
PAY0000585,ORD000585,2023-04-30,Cash on Delivery,1689.78,Success,2023-04-27,1689.78,20230427,0.0
PAY0000586,ORD000586,2023-09-24,Cash on Delivery,10930.45,Success,2023-09-22,10930.45,20230922,0.0
PAY0000587,ORD000587,2024-06-25,Wallet,3132.12,Success,2024-06-23,3132.12,20240623,0.0
PAY0000588,ORD000588,2023-08-20,Credit Card,10649.19,Success,2023-08-20,10649.19,20230820,0.0
PAY0000589,ORD000589,2024-05-28,UPI,10989.43,Success,2024-05-25,10989.43,20240525,0.0
PAY0000590,ORD000590,2023-04-21,Credit Card,30316.870000000003,Success,2023-04-20,30316.870000000003,20230420,0.0
PAY0000591,ORD000591,2023-06-09,Credit Card,4191.93,Success,2023-06-06,4191.93,20230606,0.0
PAY0000592,ORD000592,2024-03-06,Cash on Delivery,29766.26,Success,2024-03-05,29766.26,20240305,0.0
PAY0000593,ORD000593,2023-11-21,Wallet,3631.49,Success,2023-11-18,3631.49,20231118,0.0
PAY0000594,ORD000594,2023-12-11,UPI,4682.59,Success,2023-12-08,4682.59,20231208,0.0
PAY0000595,ORD000595,2024-08-27,Credit Card,8093.62,Success,2024-08-25,8093.62,20240825,0.0
PAY0000596,ORD000596,2023-12-12,Wallet,9286.23,Success,2023-12-11,9286.23,20231211,0.0
PAY0000597,ORD000597,2023-03-29,Credit Card,3870.28,Success,2023-03-26,3870.28,20230326,0.0
PAY0000598,ORD000598,2023-02-23,UPI,24750.46,Success,2023-02-22,24750.46,20230222,0.0
PAY0000599,ORD000599,2024-11-28,Cash on Delivery,22931.2,Success,2024-11-26,22931.199999999997,20241126,-3.637978807091713e-12
PAY0000600,ORD000600,2023-12-05,Cash on Delivery,6953.87,Success,2023-12-05,6953.87,20231205,0.0
PAY0000601,ORD000601,2023-07-17,Net Banking,17403.82,Pending,2023-07-16,17403.82,20230716,0.0
PAY0000602,ORD000602,2024-09-24,Net Banking,13986.11,Success,2024-09-22,13986.11,20240922,0.0
PAY0000603,ORD000603,2024-09-15,Cash on Delivery,6555.07,Success,2024-09-12,7048.46,20240912,493.3900000000003
PAY0000604,ORD000604,2023-08-18,Wallet,22335.18,Success,2023-08-18,22335.18,20230818,0.0
PAY0000605,ORD000605,2024-04-08,Net Banking,6038.15,Success,2024-04-08,6038.15,20240408,0.0
PAY0000606,ORD000606,2023-09-01,Cash on Delivery,41189.16,Success,2023-08-29,41189.16,20230829,0.0
PAY0000607,ORD000607,2023-02-08,Cash on Delivery,24904.43,Failed,2023-02-07,24904.43,20230207,0.0
PAY0000608,ORD000608,2023-06-05,Cash on Delivery,6410.08,Success,2023-06-02,7246.84,20230602,836.7600000000002
PAY0000609,ORD000609,2024-05-10,Net Banking,51044.93,Success,2024-05-08,51044.93,20240508,0.0
PAY0000610,ORD000610,2024-08-25,Credit Card,4508.36,Success,2024-08-24,4245.59,20240824,-262.7699999999995
PAY0000611,ORD000611,2023-07-17,Wallet,10127.91,Success,2023-07-16,10127.91,20230716,0.0
PAY0000612,ORD000612,2024-04-20,UPI,9420.21,Success,2024-04-19,9420.21,20240419,0.0
PAY0000613,ORD000613,2024-03-08,Wallet,15641.4,Success,2024-03-08,15641.4,20240308,0.0
PAY0000614,ORD000614,2023-06-20,Wallet,35506.58,Success,2023-06-18,35506.58,20230618,0.0
PAY0000615,ORD000615,2023-02-13,Cash on Delivery,9236.49,Success,2023-02-13,9236.49,20230213,0.0
PAY0000616,ORD000616,2023-07-07,Net Banking,3992.96,Success,2023-07-04,3992.96,20230704,0.0
PAY0000617,ORD000617,2024-01-17,Cash on Delivery,38879.26,Success,2024-01-17,38879.26,20240117,0.0
PAY0000618,ORD000618,2024-11-30,Credit Card,15264.46,Success,2024-11-27,15264.460000000001,20241127,1.8189894035458565e-12
PAY0000619,ORD000619,2024-09-18,Wallet,14944.84,Success,2024-09-18,14944.84,20240918,0.0
PAY0000620,ORD000620,2024-07-14,Credit Card,2006.36,Success,2024-07-14,2006.36,20240714,0.0
PAY0000621,ORD000621,2024-02-25,Wallet,8758.13,Success,2024-02-22,8758.13,20240222,0.0
PAY0000622,ORD000622,2024-08-11,Net Banking,8273.55,Pending,2024-08-08,8273.55,20240808,0.0
PAY0000623,ORD000623,2024-08-23,Cash on Delivery,6069.51,Success,2024-08-22,6069.51,20240822,0.0
PAY0000624,ORD000624,2023-08-17,Wallet,5338.87,Success,2023-08-16,6055.62,20230816,716.75
PAY0000625,ORD000625,2023-10-09,Cash on Delivery,782.7200000000003,Failed,2023-10-08,782.7200000000003,20231008,0.0
PAY0000626,ORD000626,2024-09-08,Wallet,1127.73,Success,2024-09-06,1127.73,20240906,0.0
PAY0000627,ORD000627,2023-10-24,UPI,18663.57,Success,2023-10-22,18663.57,20231022,0.0
PAY0000628,ORD000628,2024-07-14,Cash on Delivery,8063.219999999999,Success,2024-07-12,8063.219999999999,20240712,0.0
PAY0000629,ORD000629,2024-05-06,Net Banking,871.8,Success,2024-05-06,871.8,20240506,0.0
PAY0000630,ORD000630,2024-11-19,Cash on Delivery,1816.09,Success,2024-11-18,1816.09,20241118,0.0
PAY0000631,ORD000631,2023-04-11,Debit Card,5846.12,Success,2023-04-10,5846.12,20230410,0.0
PAY0000632,ORD000632,2023-03-20,UPI,3144.6,Pending,2023-03-20,3144.6,20230320,0.0
PAY0000633,ORD000633,2023-07-03,UPI,14694.85,Success,2023-07-03,14694.849999999999,20230703,-1.8189894035458565e-12
PAY0000634,ORD000634,2024-04-21,UPI,3488.8,Success,2024-04-21,3488.8,20240421,0.0
PAY0000635,ORD000635,2023-04-06,Debit Card,6194.42,Success,2023-04-05,6194.42,20230405,0.0
PAY0000636,ORD000636,2024-09-30,Wallet,2678.2,Refunded,2024-09-27,2678.2,20240927,0.0
PAY0000637,ORD000637,2024-07-03,UPI,30021.11,Success,2024-07-01,30021.11,20240701,0.0
PAY0000638,ORD000638,2024-03-18,UPI,13132.59,Refunded,2024-03-18,13132.59,20240318,0.0
PAY0000639,ORD000639,2024-10-17,Net Banking,11212.19,Success,2024-10-14,11212.19,20241014,0.0
PAY0000640,ORD000640,2024-11-05,Net Banking,4965.08,Success,2024-11-03,4965.08,20241103,0.0
PAY0000641,ORD000641,2024-07-23,Debit Card,11845.23,Success,2024-07-22,11845.23,20240722,0.0
PAY0000642,ORD000642,2024-11-14,UPI,2405.11,Success,2024-11-11,2405.1099999999997,20241111,-4.547473508864641e-13
PAY0000643,ORD000643,2024-04-19,Net Banking,29099.06,Success,2024-04-19,32767.649999999998,20240419,3668.5899999999965
PAY0000644,ORD000644,2024-09-01,Wallet,3250.8,Failed,2024-08-30,3250.8,20240830,0.0
PAY0000645,ORD000645,2024-10-02,UPI,4758.06,Success,2024-10-01,4758.0599999999995,20241001,-9.094947017729282e-13
PAY0000646,ORD000646,2024-03-12,Wallet,8484.58,Success,2024-03-11,8484.58,20240311,0.0
PAY0000647,ORD000647,2023-09-24,UPI,3755.01,Success,2023-09-22,3755.01,20230922,0.0
PAY0000648,ORD000648,2024-06-29,Wallet,33803.24,Failed,2024-06-27,33803.24,20240627,0.0
PAY0000649,ORD000649,2023-10-22,Net Banking,1818.39,Success,2023-10-19,1818.39,20231019,0.0
PAY0000650,ORD000650,2023-04-14,Credit Card,1381.96,Success,2023-04-13,1381.96,20230413,0.0
PAY0000651,ORD000651,2023-07-10,Net Banking,14458.09,Success,2023-07-07,14458.09,20230707,0.0
PAY0000652,ORD000652,2024-07-18,UPI,3002.04,Success,2024-07-17,3002.04,20240717,0.0
PAY0000653,ORD000653,2024-07-14,Debit Card,8857.24,Success,2024-07-13,8857.24,20240713,0.0
PAY0000654,ORD000654,2023-11-17,UPI,7872.57,Success,2023-11-16,7872.57,20231116,0.0
PAY0000655,ORD000655,2023-03-14,Credit Card,41786.39,Success,2023-03-12,41786.39,20230312,0.0
PAY0000656,ORD000656,2024-01-08,Cash on Delivery,4393.56,Refunded,2024-01-05,4393.56,20240105,0.0
PAY0000657,ORD000657,2023-03-27,Credit Card,862.91,Success,2023-03-25,862.91,20230325,0.0
PAY0000658,ORD000658,2024-04-27,Wallet,21620.29,Success,2024-04-26,21620.289999999997,20240426,-3.637978807091713e-12
PAY0000659,ORD000659,2024-11-30,Debit Card,11822.25,Success,2024-11-28,11822.25,20241128,0.0
PAY0000660,ORD000660,2024-07-17,UPI,37821.21,Success,2024-07-14,37821.21,20240714,0.0
PAY0000661,ORD000661,2023-10-30,Debit Card,18174.01,Success,2023-10-27,17721.95,20231027,-452.0599999999977
PAY0000662,ORD000662,2023-10-06,Cash on Delivery,20897.16,Success,2023-10-03,20897.16,20231003,0.0
PAY0000663,ORD000663,2024-05-26,Wallet,23561.02,Success,2024-05-24,23561.02,20240524,0.0
PAY0000664,ORD000664,2024-08-15,Debit Card,7643.51,Success,2024-08-13,7643.51,20240813,0.0
PAY0000665,ORD000665,2023-08-27,Cash on Delivery,1092.36,Failed,2023-08-25,1092.36,20230825,0.0
PAY0000666,ORD000666,2023-10-11,Net Banking,46712.91,Success,2023-10-11,46712.91,20231011,0.0
PAY0000667,ORD000667,2024-03-01,Cash on Delivery,15683.43,Success,2024-02-28,15683.43,20240228,0.0
PAY0000668,ORD000668,2024-01-16,Debit Card,18720.41,Success,2024-01-13,18720.41,20240113,0.0
PAY0000669,ORD000669,2024-10-15,Debit Card,39062.58,Success,2024-10-12,39062.579999999994,20241012,-7.275957614183426e-12
PAY0000670,ORD000670,2025-05-18,Cash on Delivery,7444.76,Success,2025-05-16,7444.76,20250516,0.0
PAY0000671,ORD000671,2023-03-04,Net Banking,10677.6,Success,2023-03-04,10677.6,20230304,0.0
PAY0000672,ORD000672,2023-10-24,Wallet,15564.96,Success,2023-10-22,15564.96,20231022,0.0
PAY0000673,ORD000673,2023-03-11,Net Banking,31096.84,Success,2023-03-08,31096.84,20230308,0.0
PAY0000674,ORD000674,2024-05-06,Wallet,7917.5,Success,2024-05-03,7917.5,20240503,0.0
PAY0000675,ORD000675,2023-01-18,Net Banking,22650.9,Pending,2023-01-18,22650.9,20230118,0.0
PAY0000676,ORD000676,2024-06-07,Cash on Delivery,20904.75,Pending,2024-06-05,18601.760000000002,20240605,-2302.989999999998
PAY0000677,ORD000677,2023-10-08,UPI,21654.52,Success,2023-10-06,21654.52,20231006,0.0
PAY0000678,ORD000678,2023-04-21,Wallet,21947.69,Refunded,2023-04-20,21947.69,20230420,0.0
PAY0000679,ORD000679,2024-09-20,UPI,21980.08,Success,2024-09-20,21980.08,20240920,0.0
PAY0000680,ORD000680,2023-06-02,Net Banking,30540.02,Success,2023-06-02,30540.02,20230602,0.0
PAY0000681,ORD000681,2023-12-19,Debit Card,32690.64,Success,2023-12-16,32690.64,20231216,0.0
PAY0000682,ORD000682,2023-09-17,UPI,10719.03,Success,2023-09-15,10719.029999999999,20230915,-1.8189894035458565e-12
PAY0000683,ORD000683,2024-08-02,Credit Card,8410.960000000001,Success,2024-08-01,8410.960000000001,20240801,0.0
PAY0000684,ORD000684,2023-11-29,Wallet,1030.43,Success,2023-11-29,1030.43,20231129,0.0
PAY0000685,ORD000685,2024-03-20,Credit Card,4267.61,Success,2024-03-17,4706.05,20240317,438.4400000000005
PAY0000686,ORD000686,2023-08-27,Cash on Delivery,34806.08,Success,2023-08-25,34806.08,20230825,0.0
PAY0000687,ORD000687,2023-04-19,Cash on Delivery,2096.1,Success,2023-04-16,2096.1,20230416,0.0
PAY0000688,ORD000688,2024-01-18,UPI,10128.22,Success,2024-01-15,10128.22,20240115,0.0
PAY0000689,ORD000689,2024-04-07,Wallet,24674.39,Success,2024-04-05,24674.39,20240405,0.0
PAY0000690,ORD000690,2024-09-06,Credit Card,11847.97,Pending,2024-09-04,11847.970000000001,20240904,1.8189894035458565e-12
PAY0000691,ORD000691,2024-05-18,Cash on Delivery,4151.12,Refunded,2024-05-16,4151.12,20240516,0.0
PAY0000692,ORD000692,2023-08-26,Debit Card,3599.44,Success,2023-08-23,3599.44,20230823,0.0
PAY0000693,ORD000693,2024-04-10,Cash on Delivery,14500.430000000002,Success,2024-04-08,14500.43,20240408,-1.8189894035458565e-12
PAY0000694,ORD000694,2024-11-17,Credit Card,38777.38,Refunded,2024-11-14,38777.38,20241114,0.0
PAY0000695,ORD000695,2023-07-20,Debit Card,4883.150000000001,Success,2023-07-20,4883.150000000001,20230720,0.0
PAY0000696,ORD000696,2023-08-23,Credit Card,6509.4,Success,2023-08-20,6509.4,20230820,0.0
PAY0000697,ORD000697,2024-10-07,Wallet,7245.36,Success,2024-10-04,7245.36,20241004,0.0
PAY0000698,ORD000698,2024-04-30,Credit Card,14602.02,Success,2024-04-30,14602.02,20240430,0.0
PAY0000699,ORD000699,2023-04-22,Net Banking,5563.47,Success,2023-04-22,5563.47,20230422,0.0
PAY0000700,ORD000700,2023-06-23,Cash on Delivery,26198.68,Failed,2023-06-20,26198.68,20230620,0.0
PAY0000701,ORD000701,2024-08-22,UPI,7313.64,Success,2024-08-22,7313.64,20240822,0.0
PAY0000702,ORD000702,2024-04-06,Wallet,-7967.66,Success,2024-04-04,-7967.66,20240404,0.0
PAY0000703,ORD000703,2023-08-10,Cash on Delivery,3147.95,Success,2023-08-08,3577.3599999999997,20230808,429.40999999999985
PAY0000704,ORD000704,2023-04-05,Net Banking,14313.16,Success,2023-04-04,14313.16,20230404,0.0
PAY0000705,ORD000705,2024-07-03,Wallet,9440.86,Success,2024-06-30,9440.86,20240630,0.0
PAY0000706,ORD000706,2023-02-26,Net Banking,1544.01,Success,2023-02-24,1544.01,20230224,0.0
PAY0000707,ORD000707,2024-06-07,Net Banking,14439.32,Success,2024-06-04,14439.32,20240604,0.0
PAY0000708,ORD000708,2023-12-16,Debit Card,41458.23,Success,2023-12-14,41458.23,20231214,0.0
PAY0000709,ORD000709,2023-02-18,Wallet,6730.6,Success,2023-02-15,6730.6,20230215,0.0
PAY0000710,ORD000710,2024-10-15,Debit Card,27359.9,Success,2024-10-13,27359.899999999998,20241013,-3.637978807091713e-12
PAY0000711,ORD000711,2023-03-24,Credit Card,20819.68,Success,2023-03-24,20819.68,20230324,0.0
PAY0000712,ORD000712,2023-02-01,Credit Card,18644.64,Success,2023-01-31,18644.64,20230131,0.0
PAY0000713,ORD000713,2023-03-27,Cash on Delivery,3555.3,Success,2023-03-27,3555.3,20230327,0.0
PAY0000714,ORD000714,2024-05-07,Cash on Delivery,4986.879999999999,Success,2024-05-07,4986.879999999999,20240507,0.0
PAY0000715,ORD000715,2023-01-30,Wallet,47288.14,Failed,2023-01-27,47288.14,20230127,0.0
PAY0000716,ORD000716,2024-10-24,UPI,8138.6,Success,2024-10-23,8138.6,20241023,0.0
PAY0000717,ORD000717,2024-11-17,Debit Card,7195.4800000000005,Success,2024-11-15,7195.48,20241115,-9.094947017729282e-13
PAY0000718,ORD000718,2023-06-07,Wallet,3761.62,Success,2023-06-04,3761.62,20230604,0.0
PAY0000719,ORD000719,2024-06-05,Cash on Delivery,16958.71,Success,2024-06-03,16958.71,20240603,0.0
PAY0000720,ORD000720,2023-09-11,Cash on Delivery,10482.76,Success,2023-09-09,10482.76,20230909,0.0
PAY0000721,ORD000721,2024-06-28,Cash on Delivery,21106.18,Success,2024-06-26,21106.18,20240626,0.0
PAY0000722,ORD000722,2024-06-10,Debit Card,3900.71,Refunded,2024-06-07,3900.71,20240607,0.0
PAY0000723,ORD000723,2024-08-14,Net Banking,5480.59,Pending,2024-08-13,5480.59,20240813,0.0
PAY0000724,ORD000724,2023-08-02,Net Banking,871.8,Success,2023-08-01,871.8,20230801,0.0
PAY0000725,ORD000725,2023-01-19,Cash on Delivery,14260.670000000002,Success,2023-01-18,14260.670000000002,20230118,0.0
PAY0000726,ORD000726,2023-10-03,Wallet,14989.52,Success,2023-10-02,14989.52,20231002,0.0
PAY0000727,ORD000727,2024-07-24,Cash on Delivery,46479.55,Success,2024-07-23,46479.55,20240723,0.0
PAY0000728,ORD000728,2024-07-16,UPI,18052.93,Success,2024-07-14,18052.93,20240714,0.0
PAY0000729,ORD000729,2024-06-25,Credit Card,8189.45,Success,2024-06-25,7646.59,20240625,-542.8599999999997
PAY0000730,ORD000730,2024-02-16,Wallet,25914.41,Success,2024-02-14,25914.41,20240214,0.0
PAY0000731,ORD000731,2024-02-22,Wallet,88230.94,Success,2024-02-22,80114.23999999999,20240222,-8116.700000000012
PAY0000732,ORD000732,2024-06-28,UPI,19059.23,Success,2024-06-25,19059.23,20240625,0.0
PAY0000733,ORD000733,2024-02-05,Credit Card,38048.01,Success,2024-02-04,38048.01,20240204,0.0
PAY0000734,ORD000734,2023-07-11,Cash on Delivery,14546.78,Success,2023-07-11,14546.779999999999,20230711,-1.8189894035458565e-12
PAY0000735,ORD000735,2023-10-30,Wallet,1153.83,Failed,2023-10-28,1153.83,20231028,0.0
PAY0000736,ORD000736,2023-10-26,Wallet,5230.1,Success,2023-10-25,5230.1,20231025,0.0
PAY0000737,ORD000737,2023-08-20,Credit Card,3835.95,Success,2023-08-20,3835.95,20230820,0.0
PAY0000738,ORD000738,2023-10-10,Net Banking,11061.39,Failed,2023-10-10,11061.39,20231010,0.0
PAY0000739,ORD000739,2023-02-11,UPI,13298.43,Success,2023-02-08,13298.43,20230208,0.0
PAY0000740,ORD000740,2023-08-04,Wallet,7163.14,Success,2023-08-02,7163.14,20230802,0.0
PAY0000741,ORD000741,2024-02-09,UPI,33186.89,Success,2024-02-09,33186.89,20240209,0.0
PAY0000742,ORD000742,2024-04-12,Cash on Delivery,19790.65,Pending,2024-04-10,19216.28,20240410,-574.3700000000026
PAY0000743,ORD000743,2023-09-05,Credit Card,21128.17,Success,2023-09-04,21128.170000000002,20230904,3.637978807091713e-12
PAY0000744,ORD000744,2024-10-23,UPI,18748.58,Pending,2024-10-21,18748.58,20241021,0.0
PAY0000745,ORD000745,2023-03-30,Wallet,4189.099999999999,Success,2023-03-27,4189.099999999999,20230327,0.0
PAY0000746,ORD000746,2023-04-11,UPI,26394.730000000003,Success,2023-04-08,26394.730000000003,20230408,0.0
PAY0000747,ORD000747,2023-01-12,Net Banking,3730.85,Pending,2023-01-11,3730.85,20230111,0.0
PAY0000748,ORD000748,2023-04-20,Cash on Delivery,6804.24,Success,2023-04-20,6804.24,20230420,0.0
PAY0000749,ORD000749,2023-09-08,Wallet,10077.87,Failed,2023-09-08,10077.87,20230908,0.0
PAY0000750,ORD000750,2024-09-03,Net Banking,7563.389999999999,Success,2024-09-02,7563.389999999999,20240902,0.0
PAY0000751,ORD000751,2024-09-17,Net Banking,11601.18,Success,2024-09-16,11601.18,20240916,0.0
PAY0000752,ORD000752,2023-05-08,Wallet,879.16,Success,2023-05-07,879.16,20230507,0.0
PAY0000753,ORD000753,2023-08-22,Debit Card,8920.33,Success,2023-08-20,8920.33,20230820,0.0
PAY0000754,ORD000754,2024-02-24,Cash on Delivery,7172.38,Success,2024-02-22,7172.38,20240222,0.0
PAY0000755,ORD000755,2024-06-03,Net Banking,19889.84,Pending,2024-06-01,19889.84,20240601,0.0
PAY0000756,ORD000756,2023-04-07,Wallet,18847.11,Success,2023-04-05,18847.11,20230405,0.0
PAY0000757,ORD000757,2024-02-23,Debit Card,41179.12,Success,2024-02-22,41179.12,20240222,0.0
PAY0000758,ORD000758,2023-09-04,Credit Card,15447.55,Success,2023-09-01,15447.55,20230901,0.0
PAY0000759,ORD000759,2023-05-01,UPI,1010.4,Success,2023-04-30,1010.4,20230430,0.0
PAY0000760,ORD000760,2023-02-27,Cash on Delivery,19480.45,Success,2023-02-26,19480.449999999997,20230226,-3.637978807091713e-12
PAY0000761,ORD000761,2024-01-31,UPI,7030.69,Success,2024-01-31,7030.69,20240131,0.0
PAY0000762,ORD000762,2023-08-12,Cash on Delivery,11300.93,Success,2023-08-12,11300.93,20230812,0.0
PAY0000763,ORD000763,2024-08-09,Credit Card,6283.38,Refunded,2024-08-08,6283.38,20240808,0.0
PAY0000764,ORD000764,2024-09-30,Cash on Delivery,13094.92,Success,2024-09-28,13094.92,20240928,0.0
PAY0000765,ORD000765,2023-09-08,UPI,11382.169999999998,Success,2023-09-05,11382.169999999998,20230905,0.0
PAY0000766,ORD000766,2023-12-17,UPI,26579.02,Success,2023-12-17,26579.019999999997,20231217,-3.637978807091713e-12
PAY0000767,ORD000767,2023-05-23,Cash on Delivery,12653.96,Success,2023-05-20,12653.96,20230520,0.0
PAY0000768,ORD000768,2023-02-24,Cash on Delivery,26984.25,Success,2023-02-24,26984.25,20230224,0.0
PAY0000769,ORD000769,2024-06-05,Debit Card,3939.03,Success,2024-06-03,3939.03,20240603,0.0
PAY0000770,ORD000770,2023-07-07,UPI,21161.51,Refunded,2023-07-06,21161.510000000002,20230706,3.637978807091713e-12
PAY0000771,ORD000771,2024-02-20,Cash on Delivery,44135.19,Success,2024-02-17,44135.19,20240217,0.0
PAY0000772,ORD000772,2024-08-09,Cash on Delivery,5910.44,Success,2024-08-09,5910.44,20240809,0.0
PAY0000773,ORD000773,2024-09-09,Credit Card,40814.44,Success,2024-09-06,40814.44,20240906,0.0
PAY0000774,ORD000774,2024-08-16,Cash on Delivery,15561.23,Refunded,2024-08-16,15561.23,20240816,0.0
PAY0000775,ORD000775,2024-05-27,Wallet,23589.06,Success,2024-05-27,23589.059999999998,20240527,-3.637978807091713e-12
PAY0000776,ORD000776,2023-04-21,UPI,29131.41,Success,2023-04-21,29131.41,20230421,0.0
PAY0000777,ORD000777,2024-08-02,UPI,1721.94,Success,2024-07-31,1721.94,20240731,0.0
PAY0000778,ORD000778,2023-06-09,Debit Card,16034.47,Success,2023-06-08,16034.47,20230608,0.0
PAY0000779,ORD000779,2023-06-30,Net Banking,47728.71,Success,2023-06-28,47728.71,20230628,0.0
PAY0000780,ORD000780,2023-11-30,Debit Card,16092.68,Refunded,2023-11-30,16092.68,20231130,0.0
PAY0000781,ORD000781,2023-05-22,UPI,33713.850000000006,Success,2023-05-22,33713.85,20230522,-7.275957614183426e-12
PAY0000782,ORD000782,2024-02-24,Credit Card,9719.05,Success,2024-02-22,9719.05,20240222,0.0
PAY0000783,ORD000783,2023-02-01,Net Banking,11945.14,Success,2023-01-31,11945.14,20230131,0.0
PAY0000784,ORD000784,2024-11-10,Wallet,12110.420000000002,Success,2024-11-07,12110.420000000002,20241107,0.0
PAY0000785,ORD000785,2024-10-08,Debit Card,14839.57,Pending,2024-10-07,14839.57,20241007,0.0
PAY0000786,ORD000786,2024-11-22,UPI,5538.76,Refunded,2024-11-19,5538.76,20241119,0.0
PAY0000787,ORD000787,2023-09-15,Wallet,3080.94,Success,2023-09-15,3080.94,20230915,0.0
PAY0000788,ORD000788,2023-11-15,Credit Card,3527.8,Success,2023-11-15,3527.8,20231115,0.0
PAY0000789,ORD000789,2024-05-06,Debit Card,7622.23,Success,2024-05-04,7622.23,20240504,0.0
PAY0000790,ORD000790,2024-09-08,Credit Card,155.09,Success,2024-09-06,155.09,20240906,0.0
PAY0000791,ORD000791,2024-05-31,Net Banking,21717.31,Success,2024-05-30,21717.309999999998,20240530,-3.637978807091713e-12
PAY0000792,ORD000792,2023-02-22,UPI,1981.58,Success,2023-02-19,1981.58,20230219,0.0
PAY0000793,ORD000793,2023-10-30,Debit Card,21486.28,Success,2023-10-28,21486.28,20231028,0.0
PAY0000794,ORD000794,2023-07-02,Wallet,2894.21,Failed,2023-07-01,2894.21,20230701,0.0
PAY0000795,ORD000795,2024-10-06,UPI,10149.33,Success,2024-10-04,10149.33,20241004,0.0
PAY0000796,ORD000796,2024-05-24,UPI,47139.64,Success,2024-05-22,47139.64,20240522,0.0
PAY0000797,ORD000797,2023-05-27,UPI,26228.19,Success,2023-05-24,26228.190000000002,20230524,3.637978807091713e-12
PAY0000798,ORD000798,2023-12-21,Debit Card,8795.79,Refunded,2023-12-19,8795.79,20231219,0.0
PAY0000799,ORD000799,2024-01-30,Net Banking,1587.36,Success,2024-01-29,1541.55,20240129,-45.809999999999945
PAY0000800,ORD000800,2023-09-28,Wallet,27385.01,Success,2023-09-27,24674.76,20230927,-2710.25
PAY0000801,ORD000801,2023-07-24,Credit Card,16494.56,Success,2023-07-23,18125.58,20230723,1631.0200000000004
PAY0000802,ORD000802,2023-06-28,Debit Card,7645.6,Success,2023-06-25,7645.6,20230625,0.0
PAY0000803,ORD000803,2024-04-23,Credit Card,8222.46,Success,2024-04-20,8222.46,20240420,0.0
PAY0000804,ORD000804,2023-06-19,Credit Card,3789.48,Success,2023-06-17,3789.48,20230617,0.0
PAY0000805,ORD000805,2023-05-16,Debit Card,12448.429999999998,Success,2023-05-16,12448.429999999998,20230516,0.0
PAY0000806,ORD000806,2024-04-04,Credit Card,12290.74,Success,2024-04-03,11166.35,20240403,-1124.3899999999994
PAY0000807,ORD000807,2024-08-16,Credit Card,5788.42,Success,2024-08-15,5788.42,20240815,0.0
PAY0000808,ORD000808,2024-03-17,Cash on Delivery,14354.51,Success,2024-03-17,14354.51,20240317,0.0
PAY0000809,ORD000809,2023-04-16,Debit Card,9615.91,Success,2023-04-15,9615.91,20230415,0.0
PAY0000810,ORD000810,2024-11-17,Cash on Delivery,7101.66,Success,2024-11-14,7101.66,20241114,0.0
PAY0000811,ORD000811,2024-05-19,Cash on Delivery,546.18,Success,2024-05-18,546.18,20240518,0.0
PAY0000812,ORD000812,2024-06-16,Credit Card,5941.63,Success,2024-06-15,5941.63,20240615,0.0
PAY0000813,ORD000813,2024-09-14,Debit Card,7979.23,Success,2024-09-13,7979.23,20240913,0.0
PAY0000814,ORD000814,2023-04-28,Net Banking,8304.51,Success,2023-04-28,8304.51,20230428,0.0
PAY0000815,ORD000815,2023-12-15,Cash on Delivery,2719.98,Success,2023-12-13,2719.98,20231213,0.0
PAY0000816,ORD000816,2024-07-12,Credit Card,25524.33,Success,2024-07-11,25524.329999999998,20240711,-3.637978807091713e-12
PAY0000817,ORD000817,2024-02-17,Net Banking,7284.62,Success,2024-02-17,7284.62,20240217,0.0
PAY0000818,ORD000818,2023-01-16,Credit Card,5116.05,Pending,2023-01-16,5116.05,20230116,0.0
PAY0000819,ORD000819,2023-07-05,Cash on Delivery,16606.85,Success,2023-07-04,16606.85,20230704,0.0
PAY0000820,ORD000820,2023-01-19,Cash on Delivery,3457.61,Success,2023-01-16,3457.61,20230116,0.0
PAY0000821,ORD000821,2024-02-20,Debit Card,14909.81,Success,2024-02-19,14909.81,20240219,0.0
PAY0000822,ORD000822,2023-03-16,UPI,9163.85,Success,2023-03-16,9163.85,20230316,0.0
PAY0000823,ORD000823,2023-02-10,Net Banking,25968.43,Success,2023-02-10,25968.43,20230210,0.0
PAY0000824,ORD000824,2024-09-15,Debit Card,6198.85,Success,2024-09-15,6198.85,20240915,0.0
PAY0000825,ORD000825,2023-12-05,Credit Card,10356.25,Success,2023-12-05,10356.25,20231205,0.0
PAY0000826,ORD000826,2024-03-22,Cash on Delivery,11521.52,Success,2024-03-19,11521.52,20240319,0.0
PAY0000827,ORD000827,2023-11-03,Wallet,15219.44,Success,2023-11-02,15219.44,20231102,0.0
PAY0000828,ORD000828,2024-10-26,Wallet,6561.81,Success,2024-10-24,6561.81,20241024,0.0
PAY0000829,ORD000829,2024-11-04,Debit Card,19138.06,Success,2024-11-01,19138.06,20241101,0.0
PAY0000830,ORD000830,2024-04-04,Wallet,3179.14,Success,2024-04-03,3179.14,20240403,0.0
PAY0000831,ORD000831,2024-04-08,Cash on Delivery,12706.02,Success,2024-04-07,12706.02,20240407,0.0
PAY0000832,ORD000832,2024-05-24,Cash on Delivery,22696.3,Success,2024-05-21,22696.3,20240521,0.0
PAY0000833,ORD000833,2024-03-25,UPI,8810.93,Success,2024-03-22,8810.93,20240322,0.0
PAY0000834,ORD000834,2024-06-14,Wallet,11925.6,Success,2024-06-12,11925.6,20240612,0.0
PAY0000835,ORD000835,2023-11-24,Net Banking,6478.9,Failed,2023-11-22,6478.9,20231122,0.0
PAY0000836,ORD000836,2024-01-14,Net Banking,8783.130000000001,Success,2024-01-13,8783.130000000001,20240113,0.0
PAY0000837,ORD000837,2024-01-26,Credit Card,9452.82,Success,2024-01-26,9452.82,20240126,0.0
PAY0000838,ORD000838,2023-06-22,UPI,661.44,Refunded,2023-06-21,661.44,20230621,0.0
PAY0000839,ORD000839,2023-09-16,Net Banking,8617.38,Success,2023-09-15,8617.38,20230915,0.0
PAY0000840,ORD000840,2024-09-20,Cash on Delivery,32310.07,Success,2024-09-18,32310.07,20240918,0.0
PAY0000841,ORD000841,2024-08-13,Cash on Delivery,26902.57,Success,2024-08-12,26902.57,20240812,0.0
PAY0000842,ORD000842,2024-08-09,Wallet,1721.94,Success,2024-08-09,1721.94,20240809,0.0
PAY0000843,ORD000843,2023-07-14,Cash on Delivery,8010.269999999999,Success,2023-07-11,8010.2699999999995,20230711,9.094947017729282e-13
PAY0000844,ORD000844,2024-02-04,Credit Card,1273.26,Success,2024-02-03,1273.26,20240203,0.0
PAY0000845,ORD000845,2023-12-19,UPI,2757.81,Success,2023-12-18,2757.81,20231218,0.0
PAY0000846,ORD000846,2023-04-20,Credit Card,1960.53,Success,2023-04-19,1960.53,20230419,0.0
PAY0000847,ORD000847,2023-09-30,Wallet,13985.73,Success,2023-09-27,13985.73,20230927,0.0
PAY0000848,ORD000848,2025-05-17,Cash on Delivery,11421.89,Success,2025-05-14,11421.89,20250514,0.0
PAY0000849,ORD000849,2023-05-06,Cash on Delivery,1552.76,Refunded,2023-05-03,1552.76,20230503,0.0
PAY0000850,ORD000850,2024-09-05,Net Banking,1016.59,Success,2024-09-05,1016.59,20240905,0.0
PAY0000851,ORD000851,2023-08-31,Cash on Delivery,5937.209999999999,Success,2023-08-30,5937.209999999999,20230830,0.0
PAY0000852,ORD000852,2023-12-03,Net Banking,9163.39,Success,2023-11-30,8247.17,20231130,-916.2199999999993
PAY0000853,ORD000853,2024-01-13,Debit Card,24446.92,Pending,2024-01-10,24446.92,20240110,0.0
PAY0000854,ORD000854,2023-04-11,Net Banking,12927.93,Pending,2023-04-10,12927.93,20230410,0.0
PAY0000855,ORD000855,2023-10-02,Debit Card,13831.6,Success,2023-09-30,13831.599999999999,20230930,-1.8189894035458565e-12
PAY0000856,ORD000856,2023-02-09,Wallet,856.79,Success,2023-02-06,856.79,20230206,0.0
PAY0000857,ORD000857,2024-08-31,Wallet,781.78,Success,2024-08-28,781.78,20240828,0.0
PAY0000858,ORD000858,2023-01-08,Debit Card,9653.51,Success,2023-01-07,9653.51,20230107,0.0
PAY0000859,ORD000859,2024-02-17,Debit Card,22517.59,Success,2024-02-16,22517.59,20240216,0.0
PAY0000860,ORD000860,2024-03-04,Net Banking,8808.99,Success,2024-03-02,8808.99,20240302,0.0
PAY0000861,ORD000861,2024-07-06,Net Banking,11608.18,Pending,2024-07-05,11608.18,20240705,0.0
PAY0000862,ORD000862,2024-06-07,Cash on Delivery,9136.07,Refunded,2024-06-06,9136.07,20240606,0.0
PAY0000863,ORD000863,2023-11-21,Wallet,30347.13,Pending,2023-11-21,30347.13,20231121,0.0
PAY0000864,ORD000864,2023-05-04,Wallet,29098.34,Success,2023-05-02,29098.34,20230502,0.0
PAY0000865,ORD000865,2023-01-08,Credit Card,1689.78,Success,2023-01-07,1689.78,20230107,0.0
PAY0000866,ORD000866,2024-10-27,Credit Card,14553.4,Success,2024-10-24,14553.400000000001,20241024,1.8189894035458565e-12
PAY0000867,ORD000867,2023-12-02,UPI,7284.99,Refunded,2023-11-30,7284.99,20231130,0.0
PAY0000868,ORD000868,2024-06-20,UPI,7917.5,Success,2024-06-18,7917.5,20240618,0.0
PAY0000869,ORD000869,2023-10-22,Cash on Delivery,37700.96,Success,2023-10-19,37700.96,20231019,0.0
PAY0000870,ORD000870,2023-05-29,Debit Card,8990.82,Success,2023-05-28,8990.82,20230528,0.0
PAY0000871,ORD000871,2024-10-21,Cash on Delivery,26415.47,Success,2024-10-20,26415.469999999998,20241020,-3.637978807091713e-12
PAY0000872,ORD000872,2024-01-15,Credit Card,12065.91,Success,2024-01-13,12065.91,20240113,0.0
PAY0000873,ORD000873,2024-07-12,UPI,14014.51,Success,2024-07-10,14014.51,20240710,0.0
PAY0000874,ORD000874,2024-09-15,Net Banking,14323.94,Success,2024-09-13,14323.94,20240913,0.0
PAY0000875,ORD000875,2023-04-03,Cash on Delivery,6367.629999999999,Refunded,2023-04-03,6367.629999999999,20230403,0.0
PAY0000876,ORD000876,2024-04-19,Wallet,4233.8,Success,2024-04-19,4233.8,20240419,0.0
PAY0000877,ORD000877,2024-11-14,UPI,20577.92,Success,2024-11-12,20577.92,20241112,0.0
PAY0000878,ORD000878,2024-01-08,Credit Card,19421.56,Success,2024-01-07,19421.559999999998,20240107,-3.637978807091713e-12
PAY0000879,ORD000879,2023-12-01,Wallet,4639.15,Success,2023-11-30,4639.15,20231130,0.0
PAY0000880,ORD000880,2023-09-05,Cash on Delivery,13781.06,Success,2023-09-04,13781.060000000001,20230904,1.8189894035458565e-12
PAY0000881,ORD000881,2023-05-07,Net Banking,3391.57,Success,2023-05-04,3391.57,20230504,0.0
PAY0000882,ORD000882,2023-08-11,Credit Card,6514.55,Failed,2023-08-11,6514.55,20230811,0.0
PAY0000883,ORD000883,2023-12-02,Wallet,16907.3,Success,2023-11-30,16907.3,20231130,0.0
PAY0000884,ORD000884,2023-06-27,UPI,7383.63,Pending,2023-06-25,7383.63,20230625,0.0
PAY0000885,ORD000885,2024-10-19,Net Banking,29978.26,Success,2024-10-17,29978.26,20241017,0.0
PAY0000886,ORD000886,2024-10-30,Cash on Delivery,10128.92,Refunded,2024-10-30,10128.92,20241030,0.0
PAY0000887,ORD000887,2023-10-04,Debit Card,11347.78,Success,2023-10-01,11347.78,20231001,0.0
PAY0000888,ORD000888,2023-08-16,Cash on Delivery,16389.52,Refunded,2023-08-13,16389.52,20230813,0.0
PAY0000889,ORD000889,2024-08-14,Debit Card,17488.13,Success,2024-08-14,17488.13,20240814,0.0
PAY0000890,ORD000890,2024-09-13,Wallet,10665.92,Success,2024-09-10,10665.92,20240910,0.0
PAY0000891,ORD000891,2023-06-17,Debit Card,38581.27,Failed,2023-06-15,38581.270000000004,20230615,7.275957614183426e-12
PAY0000892,ORD000892,2023-04-27,UPI,8824.91,Success,2023-04-26,9694.72,20230426,869.8099999999995
PAY0000893,ORD000893,2024-06-16,Net Banking,49477.95,Success,2024-06-15,49477.95,20240615,0.0
PAY0000894,ORD000894,2024-01-11,Credit Card,3695.97,Success,2024-01-09,3695.97,20240109,0.0
PAY0000895,ORD000895,2024-07-23,Credit Card,18649.43,Failed,2024-07-21,18649.43,20240721,0.0
PAY0000896,ORD000896,2024-06-02,Net Banking,23422.57,Success,2024-06-02,23422.57,20240602,0.0
PAY0000897,ORD000897,2024-11-15,Cash on Delivery,12043.86,Success,2024-11-14,12043.859999999999,20241114,-1.8189894035458565e-12
PAY0000898,ORD000898,2023-02-12,Net Banking,15273.3,Success,2023-02-11,15273.3,20230211,0.0
PAY0000899,ORD000899,2024-08-12,UPI,6464.360000000001,Success,2024-08-09,6464.36,20240809,-9.094947017729282e-13
PAY0000900,ORD000900,2023-08-06,Cash on Delivery,35350.6,Success,2023-08-04,35350.6,20230804,0.0
PAY0000901,ORD000901,2023-06-23,Credit Card,33725.05,Success,2023-06-21,33725.05,20230621,0.0
PAY0000902,ORD000902,2024-05-04,Wallet,2940.64,Success,2024-05-04,2940.64,20240504,0.0
PAY0000903,ORD000903,2024-08-14,Cash on Delivery,9165.57,Success,2024-08-13,9165.57,20240813,0.0
PAY0000904,ORD000904,2023-04-28,Credit Card,31490.46,Success,2023-04-28,31490.46,20230428,0.0
PAY0000905,ORD000905,2023-06-14,Debit Card,3816.19,Success,2023-06-11,3816.19,20230611,0.0
PAY0000906,ORD000906,2024-11-21,UPI,16080.28,Success,2024-11-20,16080.28,20241120,0.0
PAY0000907,ORD000907,2023-02-14,UPI,12105.92,Success,2023-02-12,12105.92,20230212,0.0
PAY0000908,ORD000908,2024-03-27,Debit Card,37146.9,Success,2024-03-24,37146.9,20240324,0.0
PAY0000909,ORD000909,2023-10-30,Wallet,59561.89,Success,2023-10-28,59561.89,20231028,0.0
PAY0000910,ORD000910,2024-04-12,Cash on Delivery,5553.41,Success,2024-04-11,5553.41,20240411,0.0
PAY0000911,ORD000911,2023-07-02,Wallet,13973.5,Failed,2023-06-30,13973.5,20230630,0.0
PAY0000912,ORD000912,2023-05-25,Net Banking,21799.93,Pending,2023-05-24,21799.93,20230524,0.0
PAY0000913,ORD000913,2024-09-04,Credit Card,19653.63,Success,2024-09-02,19653.63,20240902,0.0
PAY0000914,ORD000914,2023-12-28,Net Banking,5409.58,Success,2023-12-25,5409.58,20231225,0.0
PAY0000915,ORD000915,2023-08-11,Credit Card,10725.29,Success,2023-08-08,10725.29,20230808,0.0
PAY0000916,ORD000916,2023-01-21,Wallet,12254.51,Success,2023-01-18,12254.51,20230118,0.0
PAY0000917,ORD000917,2024-03-13,Credit Card,2534.67,Success,2024-03-10,2534.67,20240310,0.0
PAY0000918,ORD000918,2023-08-07,Cash on Delivery,37230.72,Success,2023-08-06,37230.72,20230806,0.0
PAY0000919,ORD000919,2023-01-28,Wallet,27203.55,Success,2023-01-27,27203.55,20230127,0.0
PAY0000920,ORD000920,2024-05-07,Credit Card,2951.21,Success,2024-05-05,2951.21,20240505,0.0
PAY0000921,ORD000921,2024-04-01,Credit Card,11712.6,Success,2024-03-29,11712.599999999999,20240329,-1.8189894035458565e-12
PAY0000922,ORD000922,2023-05-13,Credit Card,10894.47,Success,2023-05-10,10894.47,20230510,0.0
PAY0000923,ORD000923,2024-12-01,Debit Card,513.14,Success,2024-12-01,513.14,20241201,0.0
PAY0000924,ORD000924,2023-03-02,Debit Card,65600.45,Refunded,2023-03-02,64552.42,20230302,-1048.0299999999988
PAY0000925,ORD000925,2024-01-13,Net Banking,1231.99,Success,2024-01-13,1231.99,20240113,0.0
PAY0000926,ORD000926,2024-01-16,Credit Card,37325.64,Success,2024-01-16,37325.64,20240116,0.0
PAY0000927,ORD000927,2023-05-22,Net Banking,4450.34,Success,2023-05-21,4450.34,20230521,0.0
PAY0000928,ORD000928,2023-05-03,Cash on Delivery,-8375.46,Success,2023-05-02,-8375.46,20230502,0.0
PAY0000929,ORD000929,2024-07-24,Cash on Delivery,19644.12,Failed,2024-07-21,19644.12,20240721,0.0
PAY0000930,ORD000930,2023-06-16,UPI,290.29,Pending,2023-06-15,290.29,20230615,0.0
PAY0000931,ORD000931,2024-04-03,Debit Card,9911.07,Success,2024-04-03,9911.07,20240403,0.0
PAY0000932,ORD000932,2024-04-21,Wallet,198.83,Refunded,2024-04-19,198.83,20240419,0.0
PAY0000933,ORD000933,2024-04-21,Wallet,5361.88,Success,2024-04-18,5361.88,20240418,0.0
PAY0000934,ORD000934,2024-06-27,Net Banking,10649.19,Success,2024-06-27,10649.19,20240627,0.0
PAY0000935,ORD000935,2023-07-22,Net Banking,22072.2,Success,2023-07-21,22072.2,20230721,0.0
PAY0000936,ORD000936,2024-11-23,UPI,21252.16,Success,2024-11-23,21252.16,20241123,0.0
PAY0000937,ORD000937,2023-07-31,Net Banking,22747.76,Success,2023-07-29,22747.760000000002,20230729,3.637978807091713e-12
PAY0000938,ORD000938,2024-09-15,Credit Card,1075.34,Success,2024-09-13,1075.34,20240913,0.0
PAY0000939,ORD000939,2024-02-10,Net Banking,7998.76,Success,2024-02-08,7998.76,20240208,0.0
PAY0000940,ORD000940,2024-05-03,Cash on Delivery,4961.8,Refunded,2024-05-01,4961.8,20240501,0.0
PAY0000941,ORD000941,2023-11-18,Net Banking,25152.84,Success,2023-11-15,25152.84,20231115,0.0
PAY0000942,ORD000942,2023-02-21,Wallet,11687.49,Success,2023-02-21,11687.49,20230221,0.0
PAY0000943,ORD000943,2023-01-23,Wallet,12159.96,Success,2023-01-21,12159.960000000001,20230121,1.8189894035458565e-12
PAY0000944,ORD000944,2024-07-30,Net Banking,12170.9,Success,2024-07-30,10649.19,20240730,-1521.7099999999991
PAY0000945,ORD000945,2023-11-23,Credit Card,4629.72,Success,2023-11-21,4629.72,20231121,0.0
PAY0000946,ORD000946,2023-11-02,Debit Card,19067.65,Success,2023-11-01,19067.65,20231101,0.0
PAY0000947,ORD000947,2024-10-19,UPI,36478.14,Success,2024-10-16,36478.14,20241016,0.0
PAY0000948,ORD000948,2024-01-27,Credit Card,3400.45,Success,2024-01-27,3762.27,20240127,361.82000000000016
PAY0000949,ORD000949,2023-06-04,Net Banking,852.32,Success,2023-06-02,852.32,20230602,0.0
PAY0000950,ORD000950,2023-09-14,Wallet,2746.29,Success,2023-09-12,2746.29,20230912,0.0
PAY0000951,ORD000951,2024-11-18,UPI,2526.32,Success,2024-11-16,2526.32,20241116,0.0
PAY0000952,ORD000952,2023-01-17,UPI,42368.76,Success,2023-01-16,42368.76,20230116,0.0
PAY0000953,ORD000953,2023-01-27,UPI,13203.68,Success,2023-01-27,13203.68,20230127,0.0
PAY0000954,ORD000954,2023-04-22,Debit Card,13972.990000000002,Refunded,2023-04-19,13972.990000000002,20230419,0.0
PAY0000955,ORD000955,2024-10-09,Debit Card,36688.83,Refunded,2024-10-07,36688.83,20241007,0.0
PAY0000956,ORD000956,2023-08-30,Wallet,9240.11,Success,2023-08-29,9240.11,20230829,0.0
PAY0000957,ORD000957,2024-04-06,Net Banking,26590.07,Failed,2024-04-04,26590.07,20240404,0.0
PAY0000958,ORD000958,2024-07-06,Credit Card,7131.42,Success,2024-07-04,7131.42,20240704,0.0
PAY0000959,ORD000959,2024-07-16,Debit Card,15800.63,Success,2024-07-13,15800.630000000001,20240713,1.8189894035458565e-12
PAY0000960,ORD000960,2024-04-10,Cash on Delivery,2591.69,Success,2024-04-07,2591.69,20240407,0.0
PAY0000961,ORD000961,2024-06-05,Wallet,7063.290000000001,Success,2024-06-03,7063.29,20240603,-9.094947017729282e-13
PAY0000962,ORD000962,2023-09-24,Net Banking,13098.32,Success,2023-09-23,13098.32,20230923,0.0
PAY0000963,ORD000963,2023-07-15,Wallet,7222.71,Success,2023-07-13,7222.71,20230713,0.0
PAY0000964,ORD000964,2023-06-13,Wallet,16196.28,Success,2023-06-11,16196.28,20230611,0.0
PAY0000965,ORD000965,2024-11-18,Wallet,4494.26,Success,2024-11-17,4494.26,20241117,0.0
PAY0000966,ORD000966,2024-08-17,UPI,11599.44,Success,2024-08-15,11599.44,20240815,0.0
PAY0000967,ORD000967,2023-08-24,Debit Card,37487.74,Success,2023-08-23,37487.74,20230823,0.0
PAY0000968,ORD000968,2023-12-30,Net Banking,7464.360000000001,Success,2023-12-30,7464.36,20231230,-9.094947017729282e-13
PAY0000969,ORD000969,2023-10-21,Net Banking,17441.34,Success,2023-10-18,17441.34,20231018,0.0
PAY0000970,ORD000970,2024-04-19,Wallet,21006.86,Success,2024-04-16,21006.86,20240416,0.0
PAY0000971,ORD000971,2024-10-20,Net Banking,2130.88,Success,2024-10-17,2130.88,20241017,0.0
PAY0000972,ORD000972,2024-03-18,Credit Card,4819.87,Success,2024-03-15,4819.87,20240315,0.0
PAY0000973,ORD000973,2023-06-07,Debit Card,8570.28,Success,2023-06-06,8570.28,20230606,0.0
PAY0000974,ORD000974,2024-08-19,Net Banking,3992.0,Success,2024-08-16,3992.0,20240816,0.0
PAY0000975,ORD000975,2023-01-02,Debit Card,6283.38,Success,2023-01-01,6283.38,20230101,0.0
PAY0000976,ORD000976,2024-05-31,Debit Card,34216.59,Success,2024-05-28,34216.59,20240528,0.0
PAY0000977,ORD000977,2024-05-07,Cash on Delivery,14478.59,Success,2024-05-06,14478.59,20240506,0.0
PAY0000978,ORD000978,2023-03-09,UPI,-11691.38,Success,2023-03-06,-11691.38,20230306,0.0
PAY0000979,ORD000979,2024-01-02,Cash on Delivery,16090.82,Success,2024-01-02,16090.82,20240102,0.0
PAY0000980,ORD000980,2024-02-24,UPI,13711.62,Failed,2024-02-22,13711.619999999999,20240222,-1.8189894035458565e-12
PAY0000981,ORD000981,2023-07-13,Net Banking,28081.71,Success,2023-07-11,28081.71,20230711,0.0
PAY0000982,ORD000982,2023-12-07,Wallet,13354.47,Success,2023-12-07,13354.47,20231207,0.0
PAY0000983,ORD000983,2024-05-23,Credit Card,16988.53,Success,2024-05-22,16988.53,20240522,0.0
PAY0000984,ORD000984,2023-07-18,Wallet,3004.16,Pending,2023-07-17,3004.16,20230717,0.0
PAY0000985,ORD000985,2024-04-27,UPI,5619.07,Failed,2024-04-26,5619.07,20240426,0.0
PAY0000986,ORD000986,2023-09-22,UPI,4279.09,Success,2023-09-22,4279.09,20230922,0.0
PAY0000987,ORD000987,2023-01-03,Cash on Delivery,27176.35,Success,2023-01-03,27176.350000000002,20230103,3.637978807091713e-12
PAY0000988,ORD000988,2024-03-29,Net Banking,19709.72,Success,2024-03-29,19709.72,20240329,0.0
PAY0000989,ORD000989,2024-09-30,Debit Card,21050.9,Success,2024-09-29,21050.9,20240929,0.0
PAY0000990,ORD000990,2024-09-24,Wallet,8103.57,Success,2024-09-24,8103.57,20240924,0.0
PAY0000991,ORD000991,2024-03-29,Cash on Delivery,25585.17,Success,2024-03-26,25585.17,20240326,0.0
PAY0000992,ORD000992,2023-12-03,Debit Card,524.17,Success,2023-12-02,524.17,20231202,0.0
PAY0000993,ORD000993,2023-05-11,Wallet,40947.21,Success,2023-05-08,40947.21,20230508,0.0
PAY0000994,ORD000994,2024-01-07,UPI,23674.94,Success,2024-01-05,21648.19,20240105,-2026.75
PAY0000995,ORD000995,2023-03-25,Debit Card,14281.94,Success,2023-03-22,14281.94,20230322,0.0
PAY0000996,ORD000996,2024-02-12,UPI,1249.65,Success,2024-02-09,1249.65,20240209,0.0
PAY0000997,ORD000997,2023-04-14,Net Banking,5492.71,Success,2023-04-13,5492.71,20230413,0.0
PAY0000998,ORD000998,2023-01-08,Net Banking,21086.02,Success,2023-01-08,21086.02,20230108,0.0
PAY0000999,ORD000999,2023-11-05,UPI,8963.71,Success,2023-11-02,8963.71,20231102,0.0
PAY0001000,ORD001000,2024-12-01,Net Banking,18537.32,Success,2024-11-29,18537.32,20241129,0.0
PAY0001001,ORD001001,2024-03-17,UPI,33666.8,Success,2024-03-17,33666.8,20240317,0.0
PAY0001002,ORD001002,2023-11-19,UPI,2624.19,Success,2023-11-19,2624.19,20231119,0.0
PAY0001003,ORD001003,2024-08-07,Cash on Delivery,29196.99,Success,2024-08-07,29196.989999999998,20240807,-3.637978807091713e-12
PAY0001004,ORD001004,2023-01-31,Cash on Delivery,14724.9,Success,2023-01-30,14724.9,20230130,0.0
PAY0001005,ORD001005,2023-05-14,UPI,10871.48,Success,2023-05-14,10871.48,20230514,0.0
PAY0001006,ORD001006,2024-02-11,Net Banking,24521.32,Success,2024-02-11,24521.32,20240211,0.0
PAY0001007,ORD001007,2024-11-24,Credit Card,791.63,Success,2024-11-22,791.63,20241122,0.0
PAY0001008,ORD001008,2024-04-10,Wallet,8088.23,Success,2024-04-07,8088.23,20240407,0.0
PAY0001009,ORD001009,2024-09-21,Cash on Delivery,8674.710000000001,Success,2024-09-19,8674.71,20240919,-1.8189894035458565e-12
PAY0001010,ORD001010,2023-04-06,Debit Card,6229.92,Failed,2023-04-05,6229.92,20230405,0.0
PAY0001011,ORD001011,2023-03-04,Net Banking,629.94,Success,2023-03-03,629.94,20230303,0.0
PAY0001012,ORD001012,2024-05-07,Net Banking,29095.03,Success,2024-05-07,31968.36,20240507,2873.3300000000017
PAY0001013,ORD001013,2024-08-17,Debit Card,7721.15,Success,2024-08-14,7721.15,20240814,0.0
PAY0001014,ORD001014,2023-05-22,UPI,13711.28,Success,2023-05-19,13711.279999999999,20230519,-1.8189894035458565e-12
PAY0001015,ORD001015,2023-06-02,Debit Card,12927.82,Success,2023-05-31,12927.82,20230531,0.0
PAY0001016,ORD001016,2024-05-08,Debit Card,39602.03,Success,2024-05-05,39602.03,20240505,0.0
PAY0001017,ORD001017,2023-02-20,Cash on Delivery,17080.32,Refunded,2023-02-19,17080.32,20230219,0.0
PAY0001018,ORD001018,2023-07-02,Credit Card,14158.58,Success,2023-06-29,14158.58,20230629,0.0
PAY0001019,ORD001019,2023-11-30,Net Banking,26450.4,Refunded,2023-11-29,26450.4,20231129,0.0
PAY0001020,ORD001020,2023-09-20,UPI,3490.0,Success,2023-09-18,3490.0,20230918,0.0
PAY0001021,ORD001021,2023-03-23,Net Banking,5900.46,Refunded,2023-03-20,5900.46,20230320,0.0
PAY0001022,ORD001022,2024-07-06,Debit Card,1188.71,Success,2024-07-04,1188.71,20240704,0.0
PAY0001023,ORD001023,2024-03-26,Debit Card,43639.99,Success,2024-03-24,43639.99,20240324,0.0
PAY0001024,ORD001024,2024-05-18,Wallet,6314.04,Success,2024-05-16,6314.04,20240516,0.0
PAY0001025,ORD001025,2023-03-18,Wallet,9672.69,Success,2023-03-16,9672.689999999999,20230316,-1.8189894035458565e-12
PAY0001026,ORD001026,2024-09-16,Net Banking,3657.98,Success,2024-09-13,3657.98,20240913,0.0
PAY0001027,ORD001027,2023-02-05,Cash on Delivery,12660.54,Success,2023-02-03,12660.54,20230203,0.0
PAY0001028,ORD001028,2023-05-29,UPI,25887.0,Success,2023-05-29,28189.109999999997,20230529,2302.109999999997
PAY0001029,ORD001029,2023-01-14,Cash on Delivery,9220.88,Success,2023-01-13,9220.88,20230113,0.0
PAY0001030,ORD001030,2024-06-03,UPI,2630.13,Success,2024-06-01,2630.13,20240601,0.0
PAY0001031,ORD001031,2023-09-19,Cash on Delivery,1188.71,Success,2023-09-18,1188.71,20230918,0.0
PAY0001032,ORD001032,2024-07-03,Credit Card,20693.85,Failed,2024-07-01,20693.85,20240701,0.0
PAY0001033,ORD001033,2024-07-22,Debit Card,42411.47,Success,2024-07-19,42411.47,20240719,0.0
PAY0001034,ORD001034,2023-09-06,UPI,70964.19,Success,2023-09-04,70964.19,20230904,0.0
PAY0001035,ORD001035,2024-11-07,UPI,3521.07,Success,2024-11-07,3521.07,20241107,0.0
PAY0001036,ORD001036,2024-06-26,Wallet,10571.36,Success,2024-06-24,10571.36,20240624,0.0
PAY0001037,ORD001037,2024-05-09,Debit Card,1232.65,Refunded,2024-05-07,1232.65,20240507,0.0
PAY0001038,ORD001038,2023-09-19,Debit Card,1288.16,Success,2023-09-17,1288.16,20230917,0.0
PAY0001039,ORD001039,2024-01-29,Debit Card,29648.730000000003,Success,2024-01-26,29648.73,20240126,-3.637978807091713e-12
PAY0001040,ORD001040,2024-10-26,Debit Card,4194.62,Success,2024-10-26,4194.62,20241026,0.0
PAY0001041,ORD001041,2023-06-04,UPI,435.18,Success,2023-06-04,435.18,20230604,0.0
PAY0001042,ORD001042,2023-06-11,Debit Card,4779.12,Success,2023-06-10,4779.12,20230610,0.0
PAY0001043,ORD001043,2024-08-16,Cash on Delivery,15031.52,Success,2024-08-14,15031.52,20240814,0.0
PAY0001044,ORD001044,2023-07-10,Wallet,4069.11,Refunded,2023-07-09,4069.11,20230709,0.0
PAY0001045,ORD001045,2024-04-20,Cash on Delivery,30717.93,Success,2024-04-17,30717.93,20240417,0.0
PAY0001046,ORD001046,2024-11-18,Cash on Delivery,18073.71,Success,2024-11-18,18073.71,20241118,0.0
PAY0001047,ORD001047,2023-01-14,Cash on Delivery,16721.12,Success,2023-01-12,16721.12,20230112,0.0
PAY0001048,ORD001048,2023-10-25,Net Banking,12764.84,Success,2023-10-23,12764.84,20231023,0.0
PAY0001049,ORD001049,2024-10-21,Cash on Delivery,25555.14,Refunded,2024-10-18,25555.14,20241018,0.0
PAY0001050,ORD001050,2024-07-17,Wallet,9379.97,Success,2024-07-17,9379.970000000001,20240717,1.8189894035458565e-12
PAY0001051,ORD001051,2024-11-25,UPI,32126.75,Success,2024-11-23,32126.75,20241123,0.0
PAY0001052,ORD001052,2024-02-19,Cash on Delivery,5723.51,Success,2024-02-18,5723.51,20240218,0.0
PAY0001053,ORD001053,2024-08-28,Cash on Delivery,26869.77,Success,2024-08-25,26869.77,20240825,0.0
PAY0001054,ORD001054,2024-03-25,Cash on Delivery,4767.349999999999,Success,2024-03-22,4767.349999999999,20240322,0.0
PAY0001055,ORD001055,2024-01-15,UPI,7147.8,Success,2024-01-15,7147.8,20240115,0.0
PAY0001056,ORD001056,2023-10-18,Debit Card,9942.91,Success,2023-10-16,9942.91,20231016,0.0
PAY0001057,ORD001057,2023-10-04,Wallet,3958.75,Success,2023-10-03,3958.75,20231003,0.0
PAY0001058,ORD001058,2023-07-22,Cash on Delivery,22053.36,Success,2023-07-19,22053.36,20230719,0.0
PAY0001059,ORD001059,2024-08-06,Cash on Delivery,7314.06,Success,2024-08-04,7314.06,20240804,0.0
PAY0001060,ORD001060,2024-06-24,Net Banking,21718.79,Success,2024-06-24,21718.79,20240624,0.0
PAY0001061,ORD001061,2023-05-03,Wallet,14290.2,Success,2023-05-02,12943.75,20230502,-1346.4500000000007
PAY0001062,ORD001062,2023-03-19,Cash on Delivery,8026.94,Success,2023-03-16,8026.94,20230316,0.0
PAY0001063,ORD001063,2023-03-21,Wallet,20570.75,Success,2023-03-21,20570.75,20230321,0.0
PAY0001064,ORD001064,2023-01-25,UPI,16946.72,Success,2023-01-23,16946.72,20230123,0.0
PAY0001065,ORD001065,2024-10-10,Debit Card,4823.12,Success,2024-10-08,4823.12,20241008,0.0
PAY0001066,ORD001066,2024-07-22,Credit Card,30384.66,Success,2024-07-20,30384.66,20240720,0.0
PAY0001067,ORD001067,2024-04-20,Wallet,24021.39,Failed,2024-04-17,24021.39,20240417,0.0
PAY0001068,ORD001068,2023-04-05,Debit Card,16292.32,Success,2023-04-03,16292.32,20230403,0.0
PAY0001069,ORD001069,2023-04-10,Cash on Delivery,4979.64,Refunded,2023-04-09,4979.64,20230409,0.0
PAY0001070,ORD001070,2023-05-22,UPI,2179.62,Success,2023-05-22,2179.62,20230522,0.0
PAY0001071,ORD001071,2024-06-11,Wallet,23439.23,Refunded,2024-06-08,23439.23,20240608,0.0
PAY0001072,ORD001072,2024-01-13,Debit Card,2533.01,Success,2024-01-11,2533.01,20240111,0.0
PAY0001073,ORD001073,2024-05-15,Debit Card,51605.74,Success,2024-05-12,51605.74,20240512,0.0
PAY0001074,ORD001074,2023-05-26,UPI,10592.4,Refunded,2023-05-25,10592.4,20230525,0.0
PAY0001075,ORD001075,2023-03-07,Credit Card,74595.63,Success,2023-03-06,74595.63,20230306,0.0
PAY0001076,ORD001076,2023-02-24,UPI,5172.97,Failed,2023-02-24,5172.97,20230224,0.0
PAY0001077,ORD001077,2023-07-04,Cash on Delivery,1877.9,Success,2023-07-01,1877.9,20230701,0.0
PAY0001078,ORD001078,2023-01-06,Cash on Delivery,10594.9,Success,2023-01-06,10594.9,20230106,0.0
PAY0001079,ORD001079,2023-07-09,Wallet,18405.01,Success,2023-07-07,18405.01,20230707,0.0
PAY0001080,ORD001080,2025-02-02,Credit Card,3622.68,Success,2025-02-02,3622.68,20250202,0.0
PAY0001081,ORD001081,2023-12-26,Debit Card,5424.36,Success,2023-12-26,5424.36,20231226,0.0
PAY0001082,ORD001082,2023-01-04,Cash on Delivery,21072.17,Success,2023-01-02,21072.17,20230102,0.0
PAY0001083,ORD001083,2023-11-22,Debit Card,20248.59,Success,2023-11-19,20248.59,20231119,0.0
PAY0001084,ORD001084,2023-02-26,Wallet,7021.72,Success,2023-02-24,7021.72,20230224,0.0
PAY0001085,ORD001085,2024-09-02,Cash on Delivery,19269.09,Success,2024-08-30,21030.1,20240830,1761.0099999999984
PAY0001086,ORD001086,2024-05-31,Net Banking,27999.64,Success,2024-05-31,27999.64,20240531,0.0
PAY0001087,ORD001087,2024-08-07,Wallet,5515.62,Success,2024-08-04,5515.62,20240804,0.0
PAY0001088,ORD001088,2023-12-20,Wallet,2500.46,Success,2023-12-19,2500.46,20231219,0.0
PAY0001089,ORD001089,2024-10-02,Wallet,16934.65,Success,2024-10-01,16934.65,20241001,0.0
PAY0001090,ORD001090,2023-03-27,Debit Card,-594.6000000000001,Success,2023-03-26,-594.6000000000001,20230326,0.0
PAY0001091,ORD001091,2024-11-12,UPI,13619.05,Success,2024-11-10,13619.05,20241110,0.0
PAY0001092,ORD001092,2023-08-08,UPI,4553.28,Success,2023-08-07,4553.28,20230807,0.0
PAY0001093,ORD001093,2023-12-12,Credit Card,20970.38,Success,2023-12-12,20970.379999999997,20231212,-3.637978807091713e-12
PAY0001094,ORD001094,2024-03-24,Net Banking,18506.07,Success,2024-03-21,18506.07,20240321,0.0
PAY0001095,ORD001095,2023-11-06,Wallet,12988.7,Success,2023-11-03,12988.7,20231103,0.0
PAY0001096,ORD001096,2023-08-22,Credit Card,996.38,Success,2023-08-22,996.38,20230822,0.0
PAY0001097,ORD001097,2023-02-26,Credit Card,46173.33,Failed,2023-02-24,46173.33,20230224,0.0
PAY0001098,ORD001098,2024-09-29,Cash on Delivery,9663.63,Success,2024-09-26,9663.63,20240926,0.0
PAY0001099,ORD001099,2023-01-13,Net Banking,9984.52,Success,2023-01-10,10893.2,20230110,908.6800000000003
PAY0001100,ORD001100,2023-02-15,Wallet,2519.22,Failed,2023-02-13,2519.22,20230213,0.0
PAY0001101,ORD001101,2023-04-16,UPI,11583.66,Success,2023-04-13,11583.66,20230413,0.0
PAY0001102,ORD001102,2023-04-09,Credit Card,5439.96,Success,2023-04-08,5439.96,20230408,0.0
PAY0001103,ORD001103,2023-02-25,Credit Card,20135.86,Success,2023-02-25,20135.86,20230225,0.0
PAY0001104,ORD001104,2023-08-28,Net Banking,4510.78,Success,2023-08-28,4510.78,20230828,0.0
PAY0001105,ORD001105,2024-11-15,Debit Card,17223.41,Success,2024-11-13,17223.41,20241113,0.0
PAY0001106,ORD001106,2024-01-03,Net Banking,57996.63,Success,2024-01-01,57996.63,20240101,0.0
PAY0001107,ORD001107,2023-03-24,Wallet,3666.42,Success,2023-03-22,3666.42,20230322,0.0
PAY0001108,ORD001108,2024-11-03,Cash on Delivery,5574.75,Success,2024-11-01,5574.75,20241101,0.0
PAY0001109,ORD001109,2024-03-24,Cash on Delivery,24339.28,Success,2024-03-24,24339.280000000002,20240324,3.637978807091713e-12
PAY0001110,ORD001110,2023-05-13,Wallet,14269.6,Success,2023-05-13,14269.6,20230513,0.0
PAY0001111,ORD001111,2024-10-21,Wallet,9960.11,Success,2024-10-21,9960.11,20241021,0.0
PAY0001112,ORD001112,2024-11-26,Cash on Delivery,13984.05,Success,2024-11-24,13984.05,20241124,0.0
PAY0001113,ORD001113,2023-05-02,Debit Card,38975.79,Success,2023-05-02,38975.79,20230502,0.0
PAY0001114,ORD001114,2024-06-05,Net Banking,6247.200000000001,Success,2024-06-02,6247.200000000001,20240602,0.0
PAY0001115,ORD001115,2023-08-15,Credit Card,9770.17,Success,2023-08-15,9770.17,20230815,0.0
PAY0001116,ORD001116,2024-01-04,Debit Card,1696.57,Success,2024-01-03,1696.57,20240103,0.0
PAY0001117,ORD001117,2024-01-07,Debit Card,3823.25,Refunded,2024-01-06,3823.25,20240106,0.0
PAY0001118,ORD001118,2023-01-16,Credit Card,13255.17,Success,2023-01-14,13255.17,20230114,0.0
PAY0001119,ORD001119,2023-03-05,Wallet,16016.76,Success,2023-03-02,16016.76,20230302,0.0
PAY0001120,ORD001120,2024-05-07,Wallet,6291.700000000001,Success,2024-05-05,6291.700000000001,20240505,0.0
PAY0001121,ORD001121,2024-11-11,Net Banking,29901.84,Success,2024-11-09,29901.839999999997,20241109,-3.637978807091713e-12
PAY0001122,ORD001122,2023-08-22,Wallet,6104.780000000001,Success,2023-08-19,6104.780000000001,20230819,0.0
PAY0001123,ORD001123,2023-12-09,Net Banking,-20099.35,Success,2023-12-09,-18552.29,20231209,1547.0599999999977
PAY0001124,ORD001124,2024-05-23,Wallet,3510.1400000000003,Success,2024-05-20,3510.1400000000003,20240520,0.0
PAY0001125,ORD001125,2023-04-20,Debit Card,5941.63,Refunded,2023-04-19,5941.63,20230419,0.0
PAY0001126,ORD001126,2023-06-03,UPI,16244.63,Success,2023-06-03,16244.629999999997,20230603,-1.8189894035458565e-12
PAY0001127,ORD001127,2024-08-08,Net Banking,13038.63,Success,2024-08-08,13038.63,20240808,0.0
PAY0001128,ORD001128,2024-07-23,Net Banking,8174.699999999999,Success,2024-07-23,8174.7,20240723,9.094947017729282e-13
PAY0001129,ORD001129,2023-04-03,UPI,17838.84,Success,2023-04-01,17838.84,20230401,0.0
PAY0001130,ORD001130,2024-11-28,UPI,2204.79,Success,2024-11-25,2204.79,20241125,0.0
PAY0001131,ORD001131,2023-11-29,UPI,22444.840000000004,Success,2023-11-28,22444.840000000004,20231128,0.0
PAY0001132,ORD001132,2024-03-10,Net Banking,11539.67,Success,2024-03-09,11539.67,20240309,0.0
PAY0001133,ORD001133,2024-11-19,UPI,12030.6,Failed,2024-11-18,12030.6,20241118,0.0
PAY0001134,ORD001134,2024-06-18,Debit Card,11925.29,Failed,2024-06-17,11925.29,20240617,0.0
PAY0001135,ORD001135,2023-05-11,UPI,16517.24,Pending,2023-05-10,16517.24,20230510,0.0
PAY0001136,ORD001136,2023-01-07,Credit Card,9798.01,Success,2023-01-07,9798.01,20230107,0.0
PAY0001137,ORD001137,2024-11-07,Cash on Delivery,10605.18,Pending,2024-11-07,10605.18,20241107,0.0
PAY0001138,ORD001138,2024-05-18,Wallet,40859.09,Success,2024-05-15,40859.09,20240515,0.0
PAY0001139,ORD001139,2024-06-01,Net Banking,6217.79,Success,2024-05-30,6217.79,20240530,0.0
PAY0001140,ORD001140,2023-11-18,Credit Card,4073.11,Success,2023-11-17,4073.1099999999997,20231117,-4.547473508864641e-13
PAY0001141,ORD001141,2024-01-27,Wallet,11110.13,Success,2024-01-26,11110.130000000001,20240126,1.8189894035458565e-12
PAY0001142,ORD001142,2023-09-02,Wallet,20448.7,Success,2023-08-31,20448.7,20230831,0.0
PAY0001143,ORD001143,2024-07-15,Wallet,13401.52,Success,2024-07-14,13401.52,20240714,0.0
PAY0001144,ORD001144,2024-06-07,UPI,9889.03,Refunded,2024-06-05,9889.03,20240605,0.0
PAY0001145,ORD001145,2024-06-12,Credit Card,2028.86,Success,2024-06-10,2028.86,20240610,0.0
PAY0001146,ORD001146,2024-07-19,Credit Card,56837.11,Success,2024-07-18,56837.11,20240718,0.0
PAY0001147,ORD001147,2023-05-20,Credit Card,2588.73,Success,2023-05-19,2588.73,20230519,0.0
PAY0001148,ORD001148,2024-11-01,Credit Card,26036.0,Success,2024-11-01,26036.0,20241101,0.0
PAY0001149,ORD001149,2024-01-07,Wallet,1816.09,Success,2024-01-04,1816.09,20240104,0.0
PAY0001150,ORD001150,2023-05-13,UPI,13625.39,Success,2023-05-11,13625.39,20230511,0.0
PAY0001151,ORD001151,2023-08-15,Wallet,5446.6,Failed,2023-08-13,5446.6,20230813,0.0
PAY0001152,ORD001152,2023-04-17,Debit Card,22715.84,Failed,2023-04-16,22715.84,20230416,0.0
PAY0001153,ORD001153,2024-06-02,Cash on Delivery,34674.04,Success,2024-05-30,32912.07,20240530,-1761.9700000000012
PAY0001154,ORD001154,2023-01-06,Wallet,1335.37,Success,2023-01-03,1335.37,20230103,0.0
PAY0001155,ORD001155,2024-04-12,Wallet,1993.2,Success,2024-04-12,1993.2,20240412,0.0
PAY0001156,ORD001156,2023-05-16,Wallet,20327.67,Success,2023-05-16,20327.67,20230516,0.0
PAY0001157,ORD001157,2024-03-01,Debit Card,35135.49,Success,2024-03-01,35135.49,20240301,0.0
PAY0001158,ORD001158,2024-08-19,Debit Card,2086.2,Success,2024-08-19,2086.2,20240819,0.0
PAY0001159,ORD001159,2023-10-10,Credit Card,18223.29,Success,2023-10-10,18223.29,20231010,0.0
PAY0001160,ORD001160,2023-05-05,Debit Card,15958.46,Success,2023-05-02,15958.46,20230502,0.0
PAY0001161,ORD001161,2024-01-16,Cash on Delivery,18521.75,Success,2024-01-13,18521.75,20240113,0.0
PAY0001162,ORD001162,2024-01-28,Cash on Delivery,8138.6,Success,2024-01-28,8138.6,20240128,0.0
PAY0001163,ORD001163,2024-01-08,UPI,5811.86,Success,2024-01-06,5811.86,20240106,0.0
PAY0001164,ORD001164,2023-11-07,Credit Card,7499.11,Success,2023-11-04,7499.110000000001,20231104,9.094947017729282e-13
PAY0001165,ORD001165,2024-09-11,Cash on Delivery,14912.67,Success,2024-09-11,14912.67,20240911,0.0
PAY0001166,ORD001166,2024-10-26,Credit Card,387.88,Success,2024-10-24,387.88,20241024,0.0
PAY0001167,ORD001167,2023-05-21,Net Banking,11271.02,Pending,2023-05-18,11271.02,20230518,0.0
PAY0001168,ORD001168,2024-11-12,Wallet,1532.82,Failed,2024-11-12,1532.82,20241112,0.0
PAY0001169,ORD001169,2023-04-14,Net Banking,198.83,Success,2023-04-14,198.83,20230414,0.0
PAY0001170,ORD001170,2024-05-19,Cash on Delivery,7636.65,Success,2024-05-19,7636.65,20240519,0.0
PAY0001171,ORD001171,2023-06-03,Debit Card,19216.28,Success,2023-06-01,19216.28,20230601,0.0
PAY0001172,ORD001172,2024-12-02,Net Banking,32787.91,Success,2024-11-30,32787.909999999996,20241130,-7.275957614183426e-12
PAY0001173,ORD001173,2023-10-19,UPI,17683.809999999998,Success,2023-10-16,17683.809999999998,20231016,0.0
PAY0001174,ORD001174,2024-01-11,Debit Card,9824.65,Success,2024-01-09,9824.650000000001,20240109,1.8189894035458565e-12
PAY0001175,ORD001175,2023-09-06,Cash on Delivery,28672.03,Refunded,2023-09-04,28672.03,20230904,0.0
PAY0001176,ORD001176,2024-02-21,UPI,24210.09,Success,2024-02-20,24210.09,20240220,0.0
PAY0001177,ORD001177,2024-08-02,Debit Card,2154.14,Success,2024-07-31,2154.14,20240731,0.0
PAY0001178,ORD001178,2024-10-13,Credit Card,14462.23,Success,2024-10-12,14462.230000000001,20241012,1.8189894035458565e-12
PAY0001179,ORD001179,2023-10-06,Wallet,40259.53,Success,2023-10-05,40259.53,20231005,0.0
PAY0001180,ORD001180,2024-03-18,Cash on Delivery,3144.6,Success,2024-03-17,3144.6,20240317,0.0
PAY0001181,ORD001181,2024-07-04,Net Banking,7944.57,Success,2024-07-02,7944.57,20240702,0.0
PAY0001182,ORD001182,2023-04-03,UPI,231.58,Success,2023-03-31,231.58,20230331,0.0
PAY0001183,ORD001183,2024-08-13,UPI,21203.34,Success,2024-08-12,21203.34,20240812,0.0
PAY0001184,ORD001184,2023-01-17,Net Banking,16696.09,Success,2023-01-14,16696.09,20230114,0.0
PAY0001185,ORD001185,2023-10-01,Net Banking,6680.3,Success,2023-09-30,6680.3,20230930,0.0
PAY0001186,ORD001186,2024-10-31,UPI,17984.23,Success,2024-10-28,17984.23,20241028,0.0
PAY0001187,ORD001187,2023-11-06,UPI,6157.6,Success,2023-11-05,6157.6,20231105,0.0
PAY0001188,ORD001188,2024-08-06,UPI,6509.4,Success,2024-08-03,6509.4,20240803,0.0
PAY0001189,ORD001189,2023-01-31,Debit Card,301.12,Success,2023-01-31,301.12,20230131,0.0
PAY0001190,ORD001190,2023-05-26,UPI,7089.43,Success,2023-05-26,7089.43,20230526,0.0
PAY0001191,ORD001191,2023-10-16,Credit Card,3966.56,Failed,2023-10-15,3966.56,20231015,0.0
PAY0001192,ORD001192,2024-03-20,Credit Card,644.8600000000006,Success,2024-03-19,644.8600000000006,20240319,0.0
PAY0001193,ORD001193,2023-02-19,Credit Card,6904.86,Success,2023-02-19,6904.86,20230219,0.0
PAY0001194,ORD001194,2024-06-26,Debit Card,20630.15,Success,2024-06-25,20630.15,20240625,0.0
PAY0001195,ORD001195,2024-04-11,Net Banking,12566.76,Success,2024-04-08,12566.76,20240408,0.0
PAY0001196,ORD001196,2024-04-27,UPI,15258.86,Success,2024-04-24,15258.859999999999,20240424,-1.8189894035458565e-12
PAY0001197,ORD001197,2023-06-06,Net Banking,9425.24,Success,2023-06-06,9425.24,20230606,0.0
PAY0001198,ORD001198,2023-11-30,Net Banking,6055.62,Success,2023-11-30,6055.62,20231130,0.0
PAY0001199,ORD001199,2024-05-10,Wallet,7610.019999999999,Success,2024-05-10,7610.0199999999995,20240510,9.094947017729282e-13
PAY0001200,ORD001200,2024-11-11,Debit Card,10010.07,Pending,2024-11-09,10010.07,20241109,0.0
PAY0001201,ORD001201,2023-05-09,Cash on Delivery,-8138.6,Failed,2023-05-07,-8138.6,20230507,0.0
PAY0001202,ORD001202,2024-05-22,Wallet,7564.630000000001,Success,2024-05-21,7564.630000000001,20240521,0.0
PAY0001203,ORD001203,2023-06-09,Net Banking,35354.73,Refunded,2023-06-07,35354.73,20230607,0.0
PAY0001204,ORD001204,2024-08-14,Net Banking,14801.08,Success,2024-08-12,14801.08,20240812,0.0
PAY0001205,ORD001205,2023-12-30,Net Banking,11146.89,Success,2023-12-27,11146.89,20231227,0.0
PAY0001206,ORD001206,2023-08-21,Net Banking,13870.16,Success,2023-08-21,13870.16,20230821,0.0
PAY0001207,ORD001207,2023-10-23,UPI,15035.71,Refunded,2023-10-22,15035.71,20231022,0.0
PAY0001208,ORD001208,2023-08-21,Credit Card,20622.660000000003,Success,2023-08-21,20622.660000000003,20230821,0.0
PAY0001209,ORD001209,2023-04-04,Debit Card,6650.71,Success,2023-04-04,6650.71,20230404,0.0
PAY0001210,ORD001210,2024-09-16,UPI,3254.48,Success,2024-09-13,3254.48,20240913,0.0
PAY0001211,ORD001211,2023-02-09,Cash on Delivery,9867.27,Success,2023-02-09,9867.27,20230209,0.0
PAY0001212,ORD001212,2023-08-17,Wallet,996.38,Success,2023-08-16,996.38,20230816,0.0
PAY0001213,ORD001213,2024-05-22,Cash on Delivery,14627.28,Success,2024-05-19,14627.28,20240519,0.0
PAY0001214,ORD001214,2024-05-06,Cash on Delivery,9518.67,Success,2024-05-04,9518.67,20240504,0.0
PAY0001215,ORD001215,2023-06-07,Cash on Delivery,5296.2,Success,2023-06-06,5296.2,20230606,0.0
PAY0001216,ORD001216,2023-10-27,UPI,19318.92,Success,2023-10-27,19318.92,20231027,0.0
PAY0001217,ORD001217,2024-11-12,UPI,633.24,Success,2024-11-11,633.24,20241111,0.0
PAY0001218,ORD001218,2024-09-26,Credit Card,15556.03,Success,2024-09-24,15556.029999999999,20240924,-1.8189894035458565e-12
PAY0001219,ORD001219,2023-09-08,UPI,18992.85,Success,2023-09-08,18992.85,20230908,0.0
PAY0001220,ORD001220,2023-10-13,Credit Card,4872.99,Success,2023-10-10,4872.99,20231010,0.0
PAY0001221,ORD001221,2023-11-12,Cash on Delivery,8354.87,Success,2023-11-09,8354.87,20231109,0.0
PAY0001222,ORD001222,2023-08-15,Net Banking,49600.11,Success,2023-08-14,49600.11,20230814,0.0
PAY0001223,ORD001223,2024-11-11,Debit Card,39985.15,Success,2024-11-10,39985.15,20241110,0.0
PAY0001224,ORD001224,2023-03-06,Debit Card,50563.92999999999,Success,2023-03-06,50563.93,20230306,7.275957614183426e-12
PAY0001225,ORD001225,2023-03-18,UPI,4635.2,Success,2023-03-16,5229.0599999999995,20230316,593.8599999999997
PAY0001226,ORD001226,2023-10-02,Credit Card,15210.96,Success,2023-10-02,15210.96,20231002,0.0
PAY0001227,ORD001227,2023-01-18,Credit Card,1961.29,Success,2023-01-18,1961.29,20230118,0.0
PAY0001228,ORD001228,2023-11-25,UPI,18298.09,Success,2023-11-25,18298.089999999997,20231125,-3.637978807091713e-12
PAY0001229,ORD001229,2023-05-21,Wallet,17429.620000000003,Success,2023-05-21,17429.62,20230521,-3.637978807091713e-12
PAY0001230,ORD001230,2024-11-01,Wallet,23188.03,Pending,2024-10-29,23188.03,20241029,0.0
PAY0001231,ORD001231,2023-07-29,Debit Card,9135.35,Success,2023-07-26,9135.35,20230726,0.0
PAY0001232,ORD001232,2024-04-19,Debit Card,34614.83,Success,2024-04-18,34614.83,20240418,0.0
PAY0001233,ORD001233,2024-05-01,Net Banking,5324.92,Success,2024-04-30,5324.92,20240430,0.0
PAY0001234,ORD001234,2024-09-09,Credit Card,15807.38,Success,2024-09-08,15807.380000000001,20240908,1.8189894035458565e-12
PAY0001235,ORD001235,2024-04-16,Cash on Delivery,25403.67,Success,2024-04-16,25403.670000000002,20240416,3.637978807091713e-12
PAY0001236,ORD001236,2024-03-09,Net Banking,4025.43,Success,2024-03-06,4025.4300000000003,20240306,4.547473508864641e-13
PAY0001237,ORD001237,2023-11-16,Net Banking,726.54,Success,2023-11-13,726.54,20231113,0.0
PAY0001238,ORD001238,2023-07-15,Debit Card,8181.79,Success,2023-07-12,8181.79,20230712,0.0
PAY0001239,ORD001239,2023-05-11,Debit Card,10577.72,Success,2023-05-08,10577.720000000001,20230508,1.8189894035458565e-12
PAY0001240,ORD001240,2023-12-26,UPI,9379.36,Pending,2023-12-24,9379.36,20231224,0.0
PAY0001241,ORD001241,2024-05-08,Credit Card,64946.02,Success,2024-05-06,64946.020000000004,20240506,7.275957614183426e-12
PAY0001242,ORD001242,2024-02-12,Cash on Delivery,4337.76,Success,2024-02-10,4337.76,20240210,0.0
PAY0001243,ORD001243,2024-04-05,Net Banking,28791.25,Success,2024-04-03,28791.25,20240403,0.0
PAY0001244,ORD001244,2023-12-25,Credit Card,15524.44,Success,2023-12-22,15524.44,20231222,0.0
PAY0001245,ORD001245,2023-12-30,Debit Card,15076.67,Success,2023-12-28,15076.67,20231228,0.0
PAY0001246,ORD001246,2024-08-02,UPI,1790.18,Success,2024-08-01,1790.18,20240801,0.0
PAY0001247,ORD001247,2024-10-27,Net Banking,7970.85,Success,2024-10-27,7970.85,20241027,0.0
PAY0001248,ORD001248,2024-01-18,Cash on Delivery,9991.49,Success,2024-01-15,9991.49,20240115,0.0
PAY0001249,ORD001249,2024-06-28,UPI,13052.66,Success,2024-06-25,13052.66,20240625,0.0
PAY0001250,ORD001250,2023-11-20,Wallet,1942.09,Success,2023-11-18,1942.09,20231118,0.0
PAY0001251,ORD001251,2023-12-11,Debit Card,5212.65,Success,2023-12-10,5212.65,20231210,0.0
PAY0001252,ORD001252,2023-11-03,Debit Card,24292.77,Success,2023-11-02,24292.77,20231102,0.0
PAY0001253,ORD001253,2023-03-16,Cash on Delivery,14449.54,Success,2023-03-16,14449.54,20230316,0.0
PAY0001254,ORD001254,2023-09-08,Credit Card,12570.38,Success,2023-09-08,12657.13,20230908,86.75
PAY0001255,ORD001255,2024-08-16,UPI,1273.66,Success,2024-08-15,1273.66,20240815,0.0
PAY0001256,ORD001256,2024-06-24,Debit Card,3782.15,Success,2024-06-22,3782.15,20240622,0.0
PAY0001257,ORD001257,2024-03-08,Credit Card,4256.76,Success,2024-03-06,4256.76,20240306,0.0
PAY0001258,ORD001258,2024-10-22,UPI,27951.94,Success,2024-10-19,27951.94,20241019,0.0
PAY0001259,ORD001259,2023-01-09,Cash on Delivery,35480.86,Success,2023-01-09,41576.59,20230109,6095.729999999996
PAY0001260,ORD001260,2023-02-17,Cash on Delivery,2396.57,Success,2023-02-14,2396.57,20230214,0.0
PAY0001261,ORD001261,2024-01-15,Cash on Delivery,29531.23,Refunded,2024-01-15,29531.23,20240115,0.0
PAY0001262,ORD001262,2023-09-08,Wallet,19966.5,Success,2023-09-08,19966.5,20230908,0.0
PAY0001263,ORD001263,2023-03-08,UPI,17022.01,Success,2023-03-07,15305.05,20230307,-1716.9599999999991
PAY0001264,ORD001264,2023-04-22,Net Banking,5072.02,Success,2023-04-20,5072.02,20230420,0.0
PAY0001265,ORD001265,2024-06-26,Cash on Delivery,1847.36,Success,2024-06-25,1847.36,20240625,0.0
PAY0001266,ORD001266,2023-01-06,UPI,2287.98,Success,2023-01-03,2287.98,20230103,0.0
PAY0001267,ORD001267,2023-03-12,Cash on Delivery,20237.57,Success,2023-03-12,20237.57,20230312,0.0
PAY0001268,ORD001268,2024-02-03,Debit Card,53804.92,Failed,2024-02-02,53804.92,20240202,0.0
PAY0001269,ORD001269,2023-11-01,Wallet,12500.3,Success,2023-10-31,12246.67,20231031,-253.6299999999992
PAY0001270,ORD001270,2023-02-04,Debit Card,22025.73,Success,2023-02-04,22025.73,20230204,0.0
PAY0001271,ORD001271,2023-08-02,Wallet,25215.03,Success,2023-08-01,25215.03,20230801,0.0
PAY0001272,ORD001272,2024-03-04,Net Banking,18255.24,Success,2024-03-01,18255.239999999998,20240301,-3.637978807091713e-12
PAY0001273,ORD001273,2024-10-28,Credit Card,10151.93,Success,2024-10-28,10151.93,20241028,0.0
PAY0001274,ORD001274,2023-06-09,Debit Card,10904.66,Success,2023-06-06,10642.32,20230606,-262.34000000000015
PAY0001275,ORD001275,2024-04-23,Cash on Delivery,15131.82,Success,2024-04-21,15131.82,20240421,0.0
PAY0001276,ORD001276,2023-06-08,Wallet,7872.57,Refunded,2023-06-08,7872.57,20230608,0.0
PAY0001277,ORD001277,2024-07-27,Cash on Delivery,9923.52,Success,2024-07-26,9923.52,20240726,0.0
PAY0001278,ORD001278,2023-06-16,UPI,7518.69,Success,2023-06-13,7518.69,20230613,0.0
PAY0001279,ORD001279,2023-05-23,Cash on Delivery,8622.22,Success,2023-05-20,7843.92,20230520,-778.2999999999993
PAY0001280,ORD001280,2023-01-11,Net Banking,43236.67,Success,2023-01-11,43236.67,20230111,0.0
PAY0001281,ORD001281,2023-05-07,Cash on Delivery,9030.4,Success,2023-05-06,9030.4,20230506,0.0
PAY0001282,ORD001282,2024-03-14,UPI,22429.6,Refunded,2024-03-13,22429.6,20240313,0.0
PAY0001283,ORD001283,2023-03-03,Credit Card,6436.13,Success,2023-02-28,6436.13,20230228,0.0
PAY0001284,ORD001284,2023-08-27,Net Banking,33682.18,Success,2023-08-25,33682.18,20230825,0.0
PAY0001285,ORD001285,2023-02-01,Wallet,22234.01,Success,2023-01-30,22234.010000000002,20230130,3.637978807091713e-12
PAY0001286,ORD001286,2024-04-15,Cash on Delivery,33902.68,Success,2024-04-14,33902.68,20240414,0.0
PAY0001287,ORD001287,2023-06-18,UPI,32208.08,Success,2023-06-17,32208.08,20230617,0.0
PAY0001288,ORD001288,2023-09-24,Cash on Delivery,24041.6,Success,2023-09-23,24041.6,20230923,0.0
PAY0001289,ORD001289,2023-11-28,Credit Card,23576.730000000003,Success,2023-11-25,23576.730000000003,20231125,0.0
PAY0001290,ORD001290,2023-09-29,Net Banking,36402.24,Refunded,2023-09-28,31682.98,20230928,-4719.259999999998
PAY0001291,ORD001291,2023-06-10,Credit Card,3352.35,Success,2023-06-07,3352.35,20230607,0.0
PAY0001292,ORD001292,2023-07-06,Net Banking,41988.64,Success,2023-07-04,41988.64,20230704,0.0
PAY0001293,ORD001293,2024-02-10,Net Banking,8988.77,Pending,2024-02-08,8988.77,20240208,0.0
PAY0001294,ORD001294,2023-09-14,UPI,8640.7,Success,2023-09-11,8640.7,20230911,0.0
PAY0001295,ORD001295,2023-07-12,Cash on Delivery,2115.62,Success,2023-07-10,2115.62,20230710,0.0
PAY0001296,ORD001296,2023-02-13,UPI,30684.64,Success,2023-02-12,30684.64,20230212,0.0
PAY0001297,ORD001297,2023-02-22,Wallet,10241.22,Success,2023-02-21,10241.22,20230221,0.0
PAY0001298,ORD001298,2023-02-07,Debit Card,22792.72,Success,2023-02-06,20295.32,20230206,-2497.4000000000015
PAY0001299,ORD001299,2024-09-27,Cash on Delivery,2569.61,Success,2024-09-24,2295.26,20240924,-274.3499999999999
PAY0001300,ORD001300,2024-05-20,UPI,11263.91,Success,2024-05-20,11263.91,20240520,0.0
PAY0001301,ORD001301,2023-09-14,Wallet,16514.46,Success,2023-09-13,16514.46,20230913,0.0
PAY0001302,ORD001302,2023-06-03,Wallet,14459.98,Success,2023-06-03,14459.98,20230603,0.0
PAY0001303,ORD001303,2024-08-29,Wallet,11275.82,Success,2024-08-28,11275.82,20240828,0.0
PAY0001304,ORD001304,2024-07-08,Debit Card,33517.45,Refunded,2024-07-06,33517.45,20240706,0.0
PAY0001305,ORD001305,2023-11-12,Wallet,21518.44,Success,2023-11-09,21518.44,20231109,0.0
PAY0001306,ORD001306,2023-10-05,Credit Card,41156.64,Success,2023-10-05,41156.64,20231005,0.0
PAY0001307,ORD001307,2024-06-05,Wallet,4505.17,Success,2024-06-03,4505.17,20240603,0.0
PAY0001308,ORD001308,2024-05-25,Debit Card,454.64,Success,2024-05-23,454.64,20240523,0.0
PAY0001309,ORD001309,2023-06-13,UPI,2547.13,Pending,2023-06-13,2547.13,20230613,0.0
PAY0001310,ORD001310,2024-05-24,Wallet,1541.55,Success,2024-05-24,1541.55,20240524,0.0
PAY0001311,ORD001311,2023-01-19,UPI,3816.19,Success,2023-01-18,3816.19,20230118,0.0
PAY0001312,ORD001312,2023-05-21,UPI,4066.81,Success,2023-05-18,4066.81,20230518,0.0
PAY0001313,ORD001313,2023-03-15,Credit Card,5669.64,Failed,2023-03-15,5669.64,20230315,0.0
PAY0001314,ORD001314,2024-02-17,Net Banking,23198.88,Success,2024-02-16,23198.88,20240216,0.0
PAY0001315,ORD001315,2023-06-26,Credit Card,5326.74,Success,2023-06-26,5326.74,20230626,0.0
PAY0001316,ORD001316,2024-03-18,Wallet,14278.36,Success,2024-03-17,14326.28,20240317,47.92000000000007
PAY0001317,ORD001317,2023-12-14,UPI,13316.509999999998,Success,2023-12-14,13316.509999999998,20231214,0.0
PAY0001318,ORD001318,2023-02-14,Net Banking,28438.27,Success,2023-02-14,28438.27,20230214,0.0
PAY0001319,ORD001319,2024-10-21,UPI,8138.6,Success,2024-10-19,8138.6,20241019,0.0
PAY0001320,ORD001320,2024-01-18,UPI,28275.72,Success,2024-01-17,28275.72,20240117,0.0
PAY0001321,ORD001321,2024-03-23,Credit Card,3594.67,Success,2024-03-21,3594.67,20240321,0.0
PAY0001322,ORD001322,2024-08-20,Debit Card,6005.27,Success,2024-08-19,6005.27,20240819,0.0
PAY0001323,ORD001323,2024-11-08,Credit Card,3695.97,Success,2024-11-08,3695.97,20241108,0.0
PAY0001324,ORD001324,2023-07-02,UPI,7944.57,Success,2023-07-01,7944.57,20230701,0.0
PAY0001325,ORD001325,2023-09-09,Cash on Delivery,41749.16,Success,2023-09-08,41749.16,20230908,0.0
PAY0001326,ORD001326,2023-10-16,Debit Card,26375.9,Success,2023-10-16,26375.9,20231016,0.0
PAY0001327,ORD001327,2023-08-11,Net Banking,7030.69,Success,2023-08-11,7030.69,20230811,0.0
PAY0001328,ORD001328,2023-07-03,Debit Card,734.93,Success,2023-07-03,734.93,20230703,0.0
PAY0001329,ORD001329,2023-06-19,UPI,9071.35,Success,2023-06-17,9071.35,20230617,0.0
PAY0001330,ORD001330,2024-08-05,Credit Card,7407.37,Success,2024-08-04,7407.37,20240804,0.0
PAY0001331,ORD001331,2024-08-27,UPI,7898.41,Success,2024-08-25,7898.41,20240825,0.0
PAY0001332,ORD001332,2024-11-01,Debit Card,7979.23,Failed,2024-10-29,7979.23,20241029,0.0
PAY0001333,ORD001333,2023-08-13,UPI,4590.52,Success,2023-08-13,4590.52,20230813,0.0
PAY0001334,ORD001334,2023-01-03,Wallet,9418.34,Success,2023-01-03,9418.34,20230103,0.0
PAY0001335,ORD001335,2024-07-20,Net Banking,26368.27,Success,2024-07-17,26368.27,20240717,0.0
PAY0001336,ORD001336,2023-12-04,UPI,48225.380000000005,Success,2023-12-01,48225.380000000005,20231201,0.0
PAY0001337,ORD001337,2024-01-02,Wallet,41330.59,Success,2023-12-30,41330.59,20231230,0.0
PAY0001338,ORD001338,2024-09-18,Cash on Delivery,4057.4,Success,2024-09-18,4057.4,20240918,0.0
PAY0001339,ORD001339,2024-03-23,Debit Card,2558.63,Success,2024-03-22,2558.63,20240322,0.0
PAY0001340,ORD001340,2024-05-30,Credit Card,2757.81,Success,2024-05-28,2757.81,20240528,0.0
PAY0001341,ORD001341,2023-03-29,Debit Card,19868.66,Success,2023-03-27,19868.66,20230327,0.0
PAY0001342,ORD001342,2023-07-04,UPI,7131.42,Success,2023-07-01,7131.42,20230701,0.0
PAY0001343,ORD001343,2023-01-04,Wallet,26338.71,Success,2023-01-01,26338.71,20230101,0.0
PAY0001344,ORD001344,2023-08-21,Cash on Delivery,19673.620000000003,Success,2023-08-20,19673.620000000003,20230820,0.0
PAY0001345,ORD001345,2023-12-27,Credit Card,6999.91,Success,2023-12-24,6999.91,20231224,0.0
PAY0001346,ORD001346,2024-05-04,UPI,14414.0,Success,2024-05-03,14414.0,20240503,0.0
PAY0001347,ORD001347,2025-03-09,UPI,2606.79,Failed,2025-03-08,2606.79,20250308,0.0
PAY0001348,ORD001348,2024-06-19,Wallet,7859.54,Success,2024-06-19,7859.54,20240619,0.0
PAY0001349,ORD001349,2024-04-03,Credit Card,11879.2,Success,2024-03-31,11879.2,20240331,0.0
PAY0001350,ORD001350,2024-03-06,Net Banking,23049.43,Success,2024-03-05,23049.43,20240305,0.0
PAY0001351,ORD001351,2023-07-04,Debit Card,8749.5,Success,2023-07-02,8749.5,20230702,0.0
PAY0001352,ORD001352,2024-01-14,Cash on Delivery,379.5,Success,2024-01-13,379.5,20240113,0.0
PAY0001353,ORD001353,2023-04-07,Debit Card,20323.46,Refunded,2023-04-07,20323.46,20230407,0.0
PAY0001354,ORD001354,2023-06-17,Wallet,40512.88,Pending,2023-06-16,40512.88,20230616,0.0
PAY0001355,ORD001355,2024-04-02,Net Banking,949.33,Success,2024-03-31,949.3299999999999,20240331,-1.1368683772161603e-13
PAY0001356,ORD001356,2023-10-05,UPI,6036.06,Success,2023-10-02,6036.0599999999995,20231002,-9.094947017729282e-13
PAY0001357,ORD001357,2023-03-07,Cash on Delivery,945.94,Success,2023-03-06,945.94,20230306,0.0
PAY0001358,ORD001358,2024-07-22,Debit Card,3365.3,Success,2024-07-20,3365.3,20240720,0.0
PAY0001359,ORD001359,2023-12-30,Credit Card,2652.64,Pending,2023-12-27,2652.64,20231227,0.0
PAY0001360,ORD001360,2023-07-20,Debit Card,2950.23,Success,2023-07-18,2950.23,20230718,0.0
PAY0001361,ORD001361,2023-10-23,Net Banking,11309.04,Success,2023-10-23,11309.04,20231023,0.0
PAY0001362,ORD001362,2024-07-05,UPI,39267.06,Success,2024-07-03,39267.06,20240703,0.0
PAY0001363,ORD001363,2023-02-01,Credit Card,24175.65,Success,2023-01-29,24175.649999999998,20230129,-3.637978807091713e-12
PAY0001364,ORD001364,2024-02-10,UPI,9853.85,Success,2024-02-08,9853.85,20240208,0.0
PAY0001365,ORD001365,2023-06-17,Net Banking,28394.620000000003,Success,2023-06-17,28394.620000000003,20230617,0.0
PAY0001366,ORD001366,2024-09-11,Wallet,1051.72,Success,2024-09-08,1051.72,20240908,0.0
PAY0001367,ORD001367,2024-09-18,Wallet,3632.18,Success,2024-09-15,3632.18,20240915,0.0
PAY0001368,ORD001368,2024-08-12,Net Banking,5364.65,Success,2024-08-09,5364.65,20240809,0.0
PAY0001369,ORD001369,2024-07-20,Cash on Delivery,11601.19,Success,2024-07-18,11601.19,20240718,0.0
PAY0001370,ORD001370,2024-07-23,UPI,10176.88,Success,2024-07-20,10176.880000000001,20240720,1.8189894035458565e-12
PAY0001371,ORD001371,2024-01-17,Cash on Delivery,8235.83,Success,2024-01-15,8235.83,20240115,0.0
PAY0001372,ORD001372,2024-11-29,UPI,-1410.6,Success,2024-11-26,-1410.6,20241126,0.0
PAY0001373,ORD001373,2024-01-04,Credit Card,2943.38,Success,2024-01-02,2943.38,20240102,0.0
PAY0001374,ORD001374,2024-07-09,Net Banking,27462.37,Success,2024-07-08,27462.37,20240708,0.0
PAY0001375,ORD001375,2023-01-23,Cash on Delivery,6820.63,Success,2023-01-20,6820.63,20230120,0.0
PAY0001376,ORD001376,2023-02-03,Cash on Delivery,16867.760000000002,Success,2023-02-01,16867.760000000002,20230201,0.0
PAY0001377,ORD001377,2023-10-31,UPI,31307.83,Success,2023-10-30,31307.829999999998,20231030,-3.637978807091713e-12
PAY0001378,ORD001378,2023-10-09,Cash on Delivery,19550.49,Success,2023-10-08,19550.489999999998,20231008,-3.637978807091713e-12
PAY0001379,ORD001379,2023-06-20,Credit Card,8013.210000000001,Success,2023-06-18,8013.210000000001,20230618,0.0
PAY0001380,ORD001380,2024-09-19,UPI,1709.04,Pending,2024-09-17,1709.04,20240917,0.0
PAY0001381,ORD001381,2023-07-09,UPI,38823.11,Refunded,2023-07-08,38823.11,20230708,0.0
PAY0001382,ORD001382,2024-03-27,UPI,2615.05,Failed,2024-03-26,2615.05,20240326,0.0
PAY0001383,ORD001383,2024-07-09,UPI,10871.29,Success,2024-07-08,12070.89,20240708,1199.5999999999985
PAY0001384,ORD001384,2024-04-09,Credit Card,5809.73,Success,2024-04-08,5809.73,20240408,0.0
PAY0001385,ORD001385,2023-05-24,UPI,5791.83,Success,2023-05-21,5791.83,20230521,0.0
PAY0001386,ORD001386,2023-03-02,Credit Card,10823.72,Success,2023-02-27,10823.720000000001,20230227,1.8189894035458565e-12
PAY0001387,ORD001387,2024-05-01,Cash on Delivery,4323.79,Success,2024-04-28,4323.79,20240428,0.0
PAY0001388,ORD001388,2024-07-03,Wallet,14298.2,Failed,2024-07-02,14298.2,20240702,0.0
PAY0001389,ORD001389,2024-07-21,Debit Card,16605.35,Success,2024-07-21,17354.22,20240721,748.8700000000026
PAY0001390,ORD001390,2023-05-24,UPI,5435.74,Success,2023-05-24,5435.74,20230524,0.0
PAY0001391,ORD001391,2024-01-14,Debit Card,1992.76,Success,2024-01-13,1992.76,20240113,0.0
PAY0001392,ORD001392,2024-10-16,Debit Card,9104.21,Success,2024-10-14,10235.84,20241014,1131.630000000001
PAY0001393,ORD001393,2023-10-04,Net Banking,1488.81,Success,2023-10-03,1488.81,20231003,0.0
PAY0001394,ORD001394,2023-11-01,Cash on Delivery,318.81,Success,2023-11-01,318.81,20231101,0.0
PAY0001395,ORD001395,2023-05-02,Net Banking,494.65,Success,2023-05-02,494.65,20230502,0.0
PAY0001396,ORD001396,2024-09-12,Credit Card,6190.82,Success,2024-09-09,6190.82,20240909,0.0
PAY0001397,ORD001397,2023-07-19,Cash on Delivery,11243.32,Success,2023-07-19,11243.32,20230719,0.0
PAY0001398,ORD001398,2023-09-04,Cash on Delivery,38121.240000000005,Success,2023-09-03,38121.24,20230903,-7.275957614183426e-12
PAY0001399,ORD001399,2024-05-01,Credit Card,24457.01,Success,2024-04-30,24457.010000000002,20240430,3.637978807091713e-12
PAY0001400,ORD001400,2024-05-06,UPI,19280.54,Success,2024-05-06,19280.54,20240506,0.0
PAY0001401,ORD001401,2023-11-22,Cash on Delivery,1889.82,Refunded,2023-11-20,1889.82,20231120,0.0
PAY0001402,ORD001402,2023-12-04,Debit Card,6459.71,Success,2023-12-01,6459.71,20231201,0.0
PAY0001403,ORD001403,2023-02-21,Credit Card,4031.62,Success,2023-02-21,4477.08,20230221,445.46000000000004
PAY0001404,ORD001404,2023-07-12,Credit Card,5157.139999999999,Success,2023-07-12,5157.139999999999,20230712,0.0
PAY0001405,ORD001405,2024-01-23,Cash on Delivery,33964.11,Success,2024-01-23,33964.11,20240123,0.0
PAY0001406,ORD001406,2023-08-19,Net Banking,2016.4,Success,2023-08-18,2016.4,20230818,0.0
PAY0001407,ORD001407,2024-10-08,Net Banking,12149.26,Success,2024-10-06,12149.26,20241006,0.0
PAY0001408,ORD001408,2024-08-23,Cash on Delivery,1802.27,Success,2024-08-22,1926.71,20240822,124.44000000000005
PAY0001409,ORD001409,2023-12-17,Debit Card,19158.230000000003,Success,2023-12-15,19158.23,20231215,-3.637978807091713e-12
PAY0001410,ORD001410,2023-06-17,Net Banking,4961.76,Success,2023-06-17,4961.76,20230617,0.0
PAY0001411,ORD001411,2023-06-26,Net Banking,22282.02,Success,2023-06-24,22282.02,20230624,0.0
PAY0001412,ORD001412,2023-11-02,Wallet,10135.88,Success,2023-11-01,10135.88,20231101,0.0
PAY0001413,ORD001413,2024-01-15,Cash on Delivery,53538.01,Success,2024-01-15,53538.01,20240115,0.0
PAY0001414,ORD001414,2023-05-12,Wallet,32618.459999999995,Success,2023-05-10,32618.459999999995,20230510,0.0
PAY0001415,ORD001415,2024-03-28,Credit Card,10711.84,Refunded,2024-03-27,10711.84,20240327,0.0
PAY0001416,ORD001416,2023-05-21,Credit Card,54474.67,Success,2023-05-21,54474.67,20230521,0.0
PAY0001417,ORD001417,2023-03-26,Net Banking,18611.54,Success,2023-03-25,18611.54,20230325,0.0
PAY0001418,ORD001418,2023-12-03,Wallet,594.28,Success,2023-12-03,629.33,20231203,35.05000000000007
PAY0001419,ORD001419,2024-06-22,Net Banking,4012.17,Success,2024-06-19,4012.17,20240619,0.0
PAY0001420,ORD001420,2023-08-03,UPI,2028.86,Success,2023-08-03,2028.86,20230803,0.0
PAY0001421,ORD001421,2024-08-16,Net Banking,7612.47,Success,2024-08-14,7612.47,20240814,0.0
PAY0001422,ORD001422,2023-12-14,Credit Card,19311.83,Success,2023-12-11,19311.829999999998,20231211,-3.637978807091713e-12
PAY0001423,ORD001423,2024-10-09,Debit Card,5900.46,Success,2024-10-07,5900.46,20241007,0.0
PAY0001424,ORD001424,2023-11-21,UPI,43855.27,Success,2023-11-20,43855.27,20231120,0.0
PAY0001425,ORD001425,2023-04-04,UPI,21070.01,Success,2023-04-02,21070.010000000002,20230402,3.637978807091713e-12
PAY0001426,ORD001426,2023-01-13,Cash on Delivery,27811.95,Success,2023-01-13,27811.95,20230113,0.0
PAY0001427,ORD001427,2023-05-05,Wallet,5864.13,Success,2023-05-05,5864.13,20230505,0.0
PAY0001428,ORD001428,2023-05-10,Credit Card,22376.92,Success,2023-05-09,22376.92,20230509,0.0
PAY0001429,ORD001429,2023-12-24,Credit Card,3506.84,Success,2023-12-24,3506.84,20231224,0.0
PAY0001430,ORD001430,2023-12-03,Wallet,3435.42,Success,2023-12-02,3435.42,20231202,0.0
PAY0001431,ORD001431,2023-12-02,Wallet,4267.35,Pending,2023-12-02,4267.35,20231202,0.0
PAY0001432,ORD001432,2023-12-21,Net Banking,6530.38,Success,2023-12-18,6530.38,20231218,0.0
PAY0001433,ORD001433,2023-03-22,Wallet,18395.7,Refunded,2023-03-22,18395.7,20230322,0.0
PAY0001434,ORD001434,2023-12-29,Net Banking,15261.7,Success,2023-12-28,15261.699999999999,20231228,-1.8189894035458565e-12
PAY0001435,ORD001435,2024-03-18,Credit Card,30286.29,Success,2024-03-16,30286.29,20240316,0.0
PAY0001436,ORD001436,2024-10-31,Wallet,16277.2,Success,2024-10-28,16277.2,20241028,0.0
PAY0001437,ORD001437,2024-01-02,Credit Card,5415.5,Success,2024-01-01,6217.48,20240101,801.9799999999996
PAY0001438,ORD001438,2023-02-15,Credit Card,4266.37,Failed,2023-02-13,4266.37,20230213,0.0
PAY0001439,ORD001439,2023-01-31,Cash on Delivery,-3058.2500000000023,Success,2023-01-29,-3058.2500000000023,20230129,0.0
PAY0001440,ORD001440,2024-02-27,Debit Card,13375.9,Success,2024-02-24,13375.9,20240224,0.0
PAY0001441,ORD001441,2023-09-21,Net Banking,18541.67,Refunded,2023-09-19,18541.67,20230919,0.0
PAY0001442,ORD001442,2024-10-01,Cash on Delivery,17751.31,Success,2024-09-30,16812.58,20240930,-938.7299999999996
PAY0001443,ORD001443,2024-07-04,Credit Card,2019.38,Success,2024-07-02,2019.38,20240702,0.0
PAY0001444,ORD001444,2023-02-10,Wallet,8431.769999999999,Success,2023-02-08,8431.769999999999,20230208,0.0
PAY0001445,ORD001445,2023-09-30,Net Banking,5584.9,Failed,2023-09-28,5584.9,20230928,0.0
PAY0001446,ORD001446,2023-04-15,Wallet,14295.37,Success,2023-04-15,14295.369999999999,20230415,-1.8189894035458565e-12
PAY0001447,ORD001447,2023-08-25,Credit Card,29708.95,Success,2023-08-24,29708.95,20230824,0.0
PAY0001448,ORD001448,2024-03-07,Wallet,25232.2,Success,2024-03-04,25232.2,20240304,0.0
PAY0001449,ORD001449,2024-08-08,Wallet,7052.72,Success,2024-08-06,7052.72,20240806,0.0
PAY0001450,ORD001450,2023-10-06,UPI,19744.44,Success,2023-10-04,19744.440000000002,20231004,3.637978807091713e-12
PAY0001451,ORD001451,2023-12-03,Wallet,4686.86,Success,2023-12-03,4686.86,20231203,0.0
PAY0001452,ORD001452,2023-01-25,Cash on Delivery,38474.79,Success,2023-01-22,38474.79,20230122,0.0
PAY0001453,ORD001453,2024-01-31,Cash on Delivery,3768.66,Success,2024-01-28,3472.93,20240128,-295.73
PAY0001454,ORD001454,2024-08-30,Debit Card,29707.83,Success,2024-08-27,29707.829999999998,20240827,-3.637978807091713e-12
PAY0001455,ORD001455,2024-03-31,Debit Card,9623.65,Success,2024-03-29,9623.650000000001,20240329,1.8189894035458565e-12
PAY0001456,ORD001456,2023-10-18,Wallet,10918.77,Success,2023-10-18,10918.77,20231018,0.0
PAY0001457,ORD001457,2024-09-11,Wallet,3383.19,Success,2024-09-11,3383.19,20240911,0.0
PAY0001458,ORD001458,2023-01-26,Net Banking,3616.25,Success,2023-01-24,3616.25,20230124,0.0
PAY0001459,ORD001459,2023-02-11,Wallet,9032.74,Success,2023-02-10,9114.99,20230210,82.25
PAY0001460,ORD001460,2025-09-18,Cash on Delivery,48038.59,Refunded,2025-09-17,48038.59,20250917,0.0
PAY0001461,ORD001461,2023-03-09,Wallet,19530.48,Success,2023-03-09,19530.48,20230309,0.0
PAY0001462,ORD001462,2023-04-14,Net Banking,23911.46,Success,2023-04-13,23911.46,20230413,0.0
PAY0001463,ORD001463,2024-10-20,Cash on Delivery,12439.87,Success,2024-10-20,12439.87,20241020,0.0
PAY0001464,ORD001464,2023-05-29,Wallet,14913.83,Success,2023-05-28,14913.83,20230528,0.0
PAY0001465,ORD001465,2024-05-01,Wallet,8679.57,Success,2024-05-01,8679.57,20240501,0.0
PAY0001466,ORD001466,2024-01-19,Credit Card,14519.37,Success,2024-01-18,14519.37,20240118,0.0
PAY0001467,ORD001467,2024-10-25,Cash on Delivery,3944.29,Success,2024-10-23,3944.29,20241023,0.0
PAY0001468,ORD001468,2023-02-23,Wallet,2887.17,Success,2023-02-22,2887.17,20230222,0.0
PAY0001469,ORD001469,2023-08-11,Net Banking,13852.76,Success,2023-08-09,13852.76,20230809,0.0
PAY0001470,ORD001470,2023-03-02,Net Banking,12123.84,Success,2023-02-27,12123.84,20230227,0.0
PAY0001471,ORD001471,2024-02-06,UPI,3144.6,Success,2024-02-05,3144.6,20240205,0.0
PAY0001472,ORD001472,2024-07-13,Wallet,38016.52,Success,2024-07-10,38016.52,20240710,0.0
PAY0001473,ORD001473,2023-02-01,Credit Card,7740.56,Success,2023-01-31,7740.56,20230131,0.0
PAY0001474,ORD001474,2023-01-14,Credit Card,4592.96,Success,2023-01-13,4592.96,20230113,0.0
PAY0001475,ORD001475,2024-11-04,Cash on Delivery,11784.77,Failed,2024-11-01,11784.77,20241101,0.0
PAY0001476,ORD001476,2024-08-05,Credit Card,7101.66,Success,2024-08-02,7101.66,20240802,0.0
PAY0001477,ORD001477,2023-07-12,Net Banking,16519.7,Success,2023-07-10,16519.7,20230710,0.0
PAY0001478,ORD001478,2024-02-25,Net Banking,6283.38,Success,2024-02-22,6283.38,20240222,0.0
PAY0001479,ORD001479,2024-04-30,UPI,17222.53,Success,2024-04-30,17222.53,20240430,0.0
PAY0001480,ORD001480,2023-08-20,Wallet,14789.13,Success,2023-08-19,14789.13,20230819,0.0
PAY0001481,ORD001481,2024-10-25,Credit Card,1926.71,Success,2024-10-25,1926.71,20241025,0.0
PAY0001482,ORD001482,2023-03-27,Cash on Delivery,1617.83,Success,2023-03-26,1617.83,20230326,0.0
PAY0001483,ORD001483,2023-07-06,Net Banking,14076.64,Success,2023-07-04,14076.64,20230704,0.0
PAY0001484,ORD001484,2023-11-22,Debit Card,5843.54,Success,2023-11-20,5843.54,20231120,0.0
PAY0001485,ORD001485,2024-09-09,Cash on Delivery,40342.96,Success,2024-09-09,40342.96,20240909,0.0
PAY0001486,ORD001486,2023-10-05,Cash on Delivery,14095.04,Success,2023-10-04,14095.04,20231004,0.0
PAY0001487,ORD001487,2024-01-28,Credit Card,13924.35,Success,2024-01-27,13924.349999999999,20240127,-1.8189894035458565e-12
PAY0001488,ORD001488,2024-08-19,Debit Card,1359.31,Success,2024-08-18,1359.31,20240818,0.0
PAY0001489,ORD001489,2024-09-13,Net Banking,3864.48,Success,2024-09-13,3864.48,20240913,0.0
PAY0001490,ORD001490,2024-11-24,Cash on Delivery,20397.14,Success,2024-11-21,20397.14,20241121,0.0
PAY0001491,ORD001491,2024-05-28,Debit Card,15808.580000000002,Success,2024-05-27,15808.58,20240527,-1.8189894035458565e-12
PAY0001492,ORD001492,2024-03-25,Credit Card,1460.84,Success,2024-03-24,1460.84,20240324,0.0
PAY0001493,ORD001493,2023-10-28,Debit Card,-6672.71,Success,2023-10-26,-6672.71,20231026,0.0
PAY0001494,ORD001494,2024-08-09,Wallet,18609.79,Pending,2024-08-07,18609.79,20240807,0.0
PAY0001495,ORD001495,2023-07-25,UPI,19940.97,Success,2023-07-22,18818.58,20230722,-1122.3899999999994
PAY0001496,ORD001496,2023-10-04,Net Banking,18119.61,Success,2023-10-04,18119.61,20231004,0.0
PAY0001497,ORD001497,2024-02-25,Wallet,19081.12,Success,2024-02-25,19081.12,20240225,0.0
PAY0001498,ORD001498,2023-03-12,Cash on Delivery,945.94,Success,2023-03-09,945.94,20230309,0.0
PAY0001499,ORD001499,2023-01-17,UPI,14814.74,Pending,2023-01-15,14814.74,20230115,0.0
PAY0001500,ORD001500,2023-03-05,Credit Card,35518.59,Refunded,2023-03-04,35518.59,20230304,0.0
PAY0001501,ORD001501,2025-04-12,UPI,23569.82,Pending,2025-04-09,23569.82,20250409,0.0
PAY0001502,ORD001502,2024-08-04,Wallet,27860.87,Success,2024-08-04,27860.87,20240804,0.0
PAY0001503,ORD001503,2023-04-05,UPI,12010.54,Success,2023-04-05,12010.54,20230405,0.0
PAY0001504,ORD001504,2024-05-21,Cash on Delivery,39709.93,Success,2024-05-21,39709.93,20240521,0.0
PAY0001505,ORD001505,2024-04-17,Cash on Delivery,6559.01,Success,2024-04-15,6559.01,20240415,0.0
PAY0001506,ORD001506,2023-11-07,Credit Card,1302.09,Success,2023-11-04,1302.09,20231104,0.0
PAY0001507,ORD001507,2023-09-09,Cash on Delivery,9421.14,Success,2023-09-08,9421.140000000001,20230908,1.8189894035458565e-12
PAY0001508,ORD001508,2024-06-12,Wallet,23098.86,Success,2024-06-11,23098.86,20240611,0.0
PAY0001509,ORD001509,2024-04-02,UPI,34151.46,Success,2024-04-01,34151.46,20240401,0.0
PAY0001510,ORD001510,2024-07-24,UPI,6584.83,Success,2024-07-22,6584.83,20240722,0.0
PAY0001511,ORD001511,2023-11-16,Wallet,12850.9,Success,2023-11-13,12850.900000000001,20231113,1.8189894035458565e-12
PAY0001512,ORD001512,2023-03-12,Wallet,1259.88,Success,2023-03-12,1259.88,20230312,0.0
PAY0001513,ORD001513,2024-04-05,Cash on Delivery,7150.39,Refunded,2024-04-02,7150.39,20240402,0.0
PAY0001514,ORD001514,2023-10-07,UPI,1950.63,Success,2023-10-07,2285.83,20231007,335.1999999999998
PAY0001515,ORD001515,2024-07-17,Credit Card,22070.36,Success,2024-07-17,22070.36,20240717,0.0
PAY0001516,ORD001516,2023-04-07,UPI,23778.59,Success,2023-04-04,23778.59,20230404,0.0
PAY0001517,ORD001517,2024-09-02,Debit Card,2450.45,Success,2024-09-02,2450.45,20240902,0.0
PAY0001518,ORD001518,2023-02-05,Wallet,39112.72,Success,2023-02-04,39112.72,20230204,0.0
PAY0001519,ORD001519,2023-05-20,Credit Card,11449.94,Success,2023-05-20,11449.94,20230520,0.0
PAY0001520,ORD001520,2023-11-16,Wallet,38201.66,Success,2023-11-16,38201.66,20231116,0.0
PAY0001521,ORD001521,2023-06-14,Cash on Delivery,1907.13,Success,2023-06-13,1907.13,20230613,0.0
PAY0001522,ORD001522,2023-04-22,Wallet,3443.88,Success,2023-04-20,3443.88,20230420,0.0
PAY0001523,ORD001523,2023-12-21,Cash on Delivery,6285.11,Failed,2023-12-21,6957.29,20231221,672.1800000000003
PAY0001524,ORD001524,2024-04-20,Credit Card,438.59,Success,2024-04-20,438.59,20240420,0.0
PAY0001525,ORD001525,2023-03-30,Debit Card,23332.19,Success,2023-03-29,23332.19,20230329,0.0
PAY0001526,ORD001526,2023-06-29,Debit Card,18805.79,Failed,2023-06-29,18805.789999999997,20230629,-3.637978807091713e-12
PAY0001527,ORD001527,2023-05-11,Net Banking,3963.16,Failed,2023-05-09,3963.16,20230509,0.0
PAY0001528,ORD001528,2024-03-24,Wallet,1903.95,Success,2024-03-21,1903.95,20240321,0.0
PAY0001529,ORD001529,2023-11-16,Cash on Delivery,18312.29,Success,2023-11-16,18312.29,20231116,0.0
PAY0001530,ORD001530,2024-03-27,UPI,6649.3,Success,2024-03-26,6649.3,20240326,0.0
PAY0001531,ORD001531,2023-04-20,Debit Card,11013.5,Success,2023-04-20,11486.07,20230420,472.5699999999997
PAY0001532,ORD001532,2023-11-15,UPI,25634.77,Success,2023-11-13,25634.769999999997,20231113,-3.637978807091713e-12
PAY0001533,ORD001533,2024-05-19,Debit Card,3087.9,Success,2024-05-17,2803.77,20240517,-284.1300000000001
PAY0001534,ORD001534,2024-04-14,Debit Card,1399.56,Success,2024-04-14,1589.23,20240414,189.67000000000007
PAY0001535,ORD001535,2024-02-01,Cash on Delivery,18545.3,Success,2024-02-01,18545.3,20240201,0.0
PAY0001536,ORD001536,2023-10-10,UPI,17574.24,Success,2023-10-10,17574.24,20231010,0.0
PAY0001537,ORD001537,2023-10-05,Net Banking,45971.61,Pending,2023-10-04,45971.61,20231004,0.0
PAY0001538,ORD001538,2024-08-18,Cash on Delivery,1498.15,Success,2024-08-15,1498.15,20240815,0.0
PAY0001539,ORD001539,2024-06-07,Net Banking,13258.99,Success,2024-06-06,13258.99,20240606,0.0
PAY0001540,ORD001540,2023-11-17,Cash on Delivery,10925.12,Success,2023-11-17,10925.119999999999,20231117,-1.8189894035458565e-12
PAY0001541,ORD001541,2024-01-25,UPI,-7032.85,Success,2024-01-23,-7032.85,20240123,0.0
PAY0001542,ORD001542,2023-09-19,Cash on Delivery,21125.38,Success,2023-09-16,21125.379999999997,20230916,-3.637978807091713e-12
PAY0001543,ORD001543,2024-02-16,Cash on Delivery,4658.28,Success,2024-02-14,4658.28,20240214,0.0
PAY0001544,ORD001544,2023-04-15,UPI,3992.96,Success,2023-04-14,3992.96,20230414,0.0
PAY0001545,ORD001545,2023-06-02,Net Banking,37941.8,Success,2023-05-31,37941.8,20230531,0.0
PAY0001546,ORD001546,2023-08-20,Cash on Delivery,22081.56,Success,2023-08-19,22081.559999999998,20230819,-3.637978807091713e-12
PAY0001547,ORD001547,2023-03-10,Net Banking,36534.1,Success,2023-03-08,36534.1,20230308,0.0
PAY0001548,ORD001548,2023-09-26,Credit Card,6917.48,Success,2023-09-23,6917.48,20230923,0.0
PAY0001549,ORD001549,2023-04-06,Credit Card,14714.27,Failed,2023-04-04,14222.920000000002,20230404,-491.34999999999854
PAY0001550,ORD001550,2023-09-11,Cash on Delivery,24174.7,Success,2023-09-11,24174.7,20230911,0.0
PAY0001551,ORD001551,2024-03-13,Cash on Delivery,8706.0,Success,2024-03-10,8706.0,20240310,0.0
PAY0001552,ORD001552,2024-01-30,Net Banking,25175.26,Success,2024-01-30,25175.26,20240130,0.0
PAY0001553,ORD001553,2024-09-01,Credit Card,50674.37,Failed,2024-08-31,50674.37,20240831,0.0
PAY0001554,ORD001554,2023-03-25,Credit Card,3944.29,Success,2023-03-24,3944.29,20230324,0.0
PAY0001555,ORD001555,2023-05-01,Net Banking,17378.81,Success,2023-04-30,17378.81,20230430,0.0
PAY0001556,ORD001556,2024-10-31,Cash on Delivery,260.84,Success,2024-10-29,260.84,20241029,0.0
PAY0001557,ORD001557,2023-06-10,Wallet,4353.93,Success,2023-06-09,4353.93,20230609,0.0
PAY0001558,ORD001558,2023-09-24,Wallet,6484.969999999999,Success,2023-09-22,6484.969999999999,20230922,0.0
PAY0001559,ORD001559,2024-01-09,Net Banking,13686.56,Success,2024-01-09,13686.56,20240109,0.0
PAY0001560,ORD001560,2023-08-19,Credit Card,21949.09,Success,2023-08-17,21949.09,20230817,0.0
PAY0001561,ORD001561,2024-07-26,Debit Card,10416.57,Success,2024-07-25,10416.57,20240725,0.0
PAY0001562,ORD001562,2024-09-07,Credit Card,8872.210000000001,Success,2024-09-05,8872.210000000001,20240905,0.0
PAY0001563,ORD001563,2024-03-14,Debit Card,6048.22,Success,2024-03-12,6048.22,20240312,0.0
PAY0001564,ORD001564,2023-05-13,Debit Card,62681.33,Success,2023-05-13,62681.33,20230513,0.0
PAY0001565,ORD001565,2024-05-10,UPI,4595.24,Success,2024-05-07,4595.24,20240507,0.0
PAY0001566,ORD001566,2024-04-03,Net Banking,13568.18,Refunded,2024-04-03,13568.18,20240403,0.0
PAY0001567,ORD001567,2023-10-22,Net Banking,4057.72,Success,2023-10-21,4057.72,20231021,0.0
PAY0001568,ORD001568,2024-04-24,Cash on Delivery,31006.83,Success,2024-04-21,31006.83,20240421,0.0
PAY0001569,ORD001569,2023-07-21,Debit Card,9593.51,Success,2023-07-18,9093.08,20230718,-500.4300000000003
PAY0001570,ORD001570,2024-02-06,Cash on Delivery,5119.63,Success,2024-02-05,5119.63,20240205,0.0
PAY0001571,ORD001571,2024-07-21,Debit Card,7371.49,Success,2024-07-18,7371.49,20240718,0.0
PAY0001572,ORD001572,2024-12-02,Net Banking,7282.0,Success,2024-11-29,7282.0,20241129,0.0
PAY0001573,ORD001573,2024-01-10,Wallet,23664.78,Success,2024-01-09,23664.78,20240109,0.0
PAY0001574,ORD001574,2023-11-03,Wallet,12581.37,Success,2023-11-02,12581.37,20231102,0.0
PAY0001575,ORD001575,2023-07-25,Cash on Delivery,17283.12,Success,2023-07-22,17283.12,20230722,0.0
PAY0001576,ORD001576,2023-10-16,Net Banking,17182.83,Success,2023-10-16,17182.83,20231016,0.0
PAY0001577,ORD001577,2024-08-14,Credit Card,535.55,Success,2024-08-14,535.55,20240814,0.0
PAY0001578,ORD001578,2023-01-11,Credit Card,1277.73,Success,2023-01-11,1277.73,20230111,0.0
PAY0001579,ORD001579,2023-11-23,Wallet,21367.55,Success,2023-11-20,21367.55,20231120,0.0
PAY0001580,ORD001580,2024-05-02,Cash on Delivery,16074.27,Success,2024-05-02,16074.27,20240502,0.0
PAY0001581,ORD001581,2024-02-18,Net Banking,19628.73,Success,2024-02-18,19628.73,20240218,0.0
PAY0001582,ORD001582,2024-07-20,Debit Card,10653.43,Success,2024-07-17,10653.43,20240717,0.0
PAY0001583,ORD001583,2024-05-26,Credit Card,16142.64,Success,2024-05-25,16142.64,20240525,0.0
PAY0001584,ORD001584,2024-03-13,Credit Card,7671.9,Success,2024-03-10,7671.9,20240310,0.0
PAY0001585,ORD001585,2023-05-21,Wallet,16349.8,Success,2023-05-21,16349.8,20230521,0.0
PAY0001586,ORD001586,2023-08-31,Cash on Delivery,6107.73,Success,2023-08-28,6107.73,20230828,0.0
PAY0001587,ORD001587,2023-09-23,Credit Card,2432.0,Success,2023-09-23,2432.0,20230923,0.0
PAY0001588,ORD001588,2024-04-17,Net Banking,6769.96,Success,2024-04-17,6769.96,20240417,0.0
PAY0001589,ORD001589,2024-03-24,Wallet,5531.53,Success,2024-03-21,5531.53,20240321,0.0
PAY0001590,ORD001590,2023-02-07,Debit Card,498.3,Refunded,2023-02-07,498.3,20230207,0.0
PAY0001591,ORD001591,2024-04-22,Cash on Delivery,4813.950000000001,Success,2024-04-19,4813.950000000001,20240419,0.0
PAY0001592,ORD001592,2024-10-18,Net Banking,27494.32,Success,2024-10-18,27494.32,20241018,0.0
PAY0001593,ORD001593,2023-11-25,Debit Card,10042.8,Success,2023-11-22,10042.8,20231122,0.0
PAY0001594,ORD001594,2023-11-07,Net Banking,8661.69,Success,2023-11-05,8661.69,20231105,0.0
PAY0001595,ORD001595,2024-07-31,Net Banking,10115.71,Success,2024-07-30,10115.71,20240730,0.0
PAY0001596,ORD001596,2024-04-08,UPI,3250.84,Success,2024-04-06,3250.8399999999997,20240406,-4.547473508864641e-13
PAY0001597,ORD001597,2024-03-15,Credit Card,7168.01,Success,2024-03-14,7168.01,20240314,0.0
PAY0001598,ORD001598,2023-05-29,Credit Card,-7735.539999999999,Success,2023-05-28,-7735.539999999999,20230528,0.0
PAY0001599,ORD001599,2024-07-15,Net Banking,9163.85,Success,2024-07-15,9163.85,20240715,0.0
PAY0001600,ORD001600,2023-08-12,Wallet,24604.34,Success,2023-08-12,24604.34,20230812,0.0
PAY0001601,ORD001601,2024-02-24,Wallet,14382.12,Success,2024-02-21,14382.119999999999,20240221,-1.8189894035458565e-12
PAY0001602,ORD001602,2024-08-29,UPI,28333.92,Refunded,2024-08-28,28333.92,20240828,0.0
PAY0001603,ORD001603,2023-09-25,Cash on Delivery,16519.480000000003,Success,2023-09-23,16519.480000000003,20230923,0.0
PAY0001604,ORD001604,2023-05-31,Net Banking,6704.7,Failed,2023-05-29,6704.7,20230529,0.0
PAY0001605,ORD001605,2024-09-03,Wallet,25210.44,Success,2024-09-02,25210.44,20240902,0.0
PAY0001606,ORD001606,2024-12-02,UPI,27608.28,Success,2024-11-29,27608.28,20241129,0.0
PAY0001607,ORD001607,2024-04-20,Debit Card,5230.1,Success,2024-04-19,5230.1,20240419,0.0
PAY0001608,ORD001608,2023-01-29,Wallet,36016.56,Success,2023-01-29,36016.56,20230129,0.0
PAY0001609,ORD001609,2023-05-15,Net Banking,6282.37,Success,2023-05-14,6282.37,20230514,0.0
PAY0001610,ORD001610,2024-05-09,Debit Card,52845.27,Success,2024-05-08,52845.270000000004,20240508,7.275957614183426e-12
PAY0001611,ORD001611,2024-03-12,Wallet,10075.9,Success,2024-03-12,10075.9,20240312,0.0
PAY0001612,ORD001612,2023-06-14,Net Banking,28209.96,Pending,2023-06-11,28209.96,20230611,0.0
PAY0001613,ORD001613,2024-08-13,Cash on Delivery,2259.53,Success,2024-08-13,2259.53,20240813,0.0
PAY0001614,ORD001614,2024-08-17,Wallet,11837.63,Success,2024-08-15,11837.63,20240815,0.0
PAY0001615,ORD001615,2024-02-28,UPI,602.24,Success,2024-02-28,602.24,20240228,0.0
PAY0001616,ORD001616,2023-07-09,Wallet,3719.14,Success,2023-07-08,3504.39,20230708,-214.75
PAY0001617,ORD001617,2023-03-18,Debit Card,6109.009999999999,Success,2023-03-15,6109.009999999999,20230315,0.0
PAY0001618,ORD001618,2024-02-15,UPI,24827.3,Success,2024-02-14,24827.3,20240214,0.0
PAY0001619,ORD001619,2023-02-03,Credit Card,1235.89,Success,2023-02-03,1235.89,20230203,0.0
PAY0001620,ORD001620,2023-09-18,Credit Card,6094.88,Success,2023-09-17,6094.88,20230917,0.0
PAY0001621,ORD001621,2023-06-13,Net Banking,2915.56,Success,2023-06-13,2915.56,20230613,0.0
PAY0001622,ORD001622,2023-01-08,Debit Card,11264.9,Success,2023-01-06,11264.9,20230106,0.0
PAY0001623,ORD001623,2023-09-26,Debit Card,4979.64,Success,2023-09-24,4979.64,20230924,0.0
PAY0001624,ORD001624,2023-11-29,Cash on Delivery,14029.04,Pending,2023-11-29,14029.039999999999,20231129,-1.8189894035458565e-12
PAY0001625,ORD001625,2024-05-22,Credit Card,1373.9,Success,2024-05-20,1373.9,20240520,0.0
PAY0001626,ORD001626,2023-08-17,Net Banking,16592.829999999998,Success,2023-08-16,16592.829999999998,20230816,0.0
PAY0001627,ORD001627,2024-03-19,Cash on Delivery,19561.44,Success,2024-03-16,19561.44,20240316,0.0
PAY0001628,ORD001628,2023-06-20,Credit Card,10736.19,Success,2023-06-20,10736.19,20230620,0.0
PAY0001629,ORD001629,2025-10-05,Cash on Delivery,16297.16,Success,2025-10-03,16297.16,20251003,0.0
PAY0001630,ORD001630,2024-03-22,Credit Card,875.76,Success,2024-03-21,875.76,20240321,0.0
PAY0001631,ORD001631,2023-01-26,Wallet,14617.56,Success,2023-01-23,14617.56,20230123,0.0
PAY0001632,ORD001632,2023-06-28,Cash on Delivery,9197.85,Success,2023-06-25,9197.85,20230625,0.0
PAY0001633,ORD001633,2023-09-03,Wallet,6539.82,Success,2023-09-01,6539.82,20230901,0.0
PAY0001634,ORD001634,2023-08-19,Debit Card,20109.79,Success,2023-08-19,20109.79,20230819,0.0
PAY0001635,ORD001635,2023-06-21,Net Banking,7249.6,Success,2023-06-21,7249.6,20230621,0.0
PAY0001636,ORD001636,2023-12-21,Wallet,10649.19,Success,2023-12-19,10649.19,20231219,0.0
PAY0001637,ORD001637,2023-12-03,Wallet,1127.73,Success,2023-12-03,1127.73,20231203,0.0
PAY0001638,ORD001638,2024-07-29,Cash on Delivery,6949.639999999999,Success,2024-07-27,6949.639999999999,20240727,0.0
PAY0001639,ORD001639,2024-09-10,Net Banking,1704.64,Success,2024-09-09,1704.64,20240909,0.0
PAY0001640,ORD001640,2023-12-22,Cash on Delivery,2371.61,Success,2023-12-22,2371.61,20231222,0.0
PAY0001641,ORD001641,2023-10-05,UPI,2494.33,Success,2023-10-04,2494.33,20231004,0.0
PAY0001642,ORD001642,2024-02-10,Debit Card,12814.2,Success,2024-02-07,12814.2,20240207,0.0
PAY0001643,ORD001643,2023-09-07,Debit Card,9012.72,Success,2023-09-06,9012.72,20230906,0.0
PAY0001644,ORD001644,2024-01-17,Net Banking,71852.21,Success,2024-01-16,71852.21,20240116,0.0
PAY0001645,ORD001645,2024-10-20,Credit Card,18188.97,Pending,2024-10-18,17302.96,20241018,-886.010000000002
PAY0001646,ORD001646,2024-08-23,Net Banking,9665.8,Success,2024-08-23,9665.8,20240823,0.0
PAY0001647,ORD001647,2024-01-20,Debit Card,3536.79,Success,2024-01-17,3536.79,20240117,0.0
PAY0001648,ORD001648,2023-11-26,Wallet,7915.14,Success,2023-11-23,7915.14,20231123,0.0
PAY0001649,ORD001649,2023-01-27,UPI,13360.6,Success,2023-01-27,13360.6,20230127,0.0
PAY0001650,ORD001650,2023-01-07,UPI,6449.58,Success,2023-01-05,6449.58,20230105,0.0
PAY0001651,ORD001651,2023-11-21,Net Banking,5906.9,Success,2023-11-19,5906.9,20231119,0.0
PAY0001652,ORD001652,2024-12-30,Debit Card,36853.77,Refunded,2024-12-28,36853.77,20241228,0.0
PAY0001653,ORD001653,2023-08-06,Wallet,15729.81,Success,2023-08-03,15729.81,20230803,0.0
PAY0001654,ORD001654,2024-06-14,Credit Card,9006.12,Success,2024-06-13,9006.12,20240613,0.0
PAY0001655,ORD001655,2024-04-23,Cash on Delivery,8051.81,Success,2024-04-22,8051.81,20240422,0.0
PAY0001656,ORD001656,2023-04-09,Debit Card,9197.85,Success,2023-04-06,9197.85,20230406,0.0
PAY0001657,ORD001657,2024-07-08,Credit Card,556.92,Success,2024-07-06,556.92,20240706,0.0
PAY0001658,ORD001658,2024-07-10,Debit Card,17419.87,Success,2024-07-09,17419.87,20240709,0.0
PAY0001659,ORD001659,2023-07-26,Wallet,19775.53,Success,2023-07-23,19775.53,20230723,0.0
PAY0001660,ORD001660,2023-12-31,Cash on Delivery,42856.7,Success,2023-12-29,42856.7,20231229,0.0
PAY0001661,ORD001661,2024-11-12,Wallet,3657.98,Success,2024-11-12,3657.98,20241112,0.0
PAY0001662,ORD001662,2024-06-26,Cash on Delivery,7241.83,Success,2024-06-23,6501.14,20240623,-740.6899999999996
PAY0001663,ORD001663,2024-03-25,Debit Card,15400.350000000002,Failed,2024-03-23,15400.35,20240323,-1.8189894035458565e-12
PAY0001664,ORD001664,2024-02-14,Net Banking,16063.81,Success,2024-02-12,16063.81,20240212,0.0
PAY0001665,ORD001665,2024-10-15,Debit Card,11081.02,Success,2024-10-14,10646.04,20241014,-434.97999999999956
PAY0001666,ORD001666,2025-07-22,Credit Card,546.18,Success,2025-07-22,546.18,20250722,0.0
PAY0001667,ORD001667,2023-07-08,Cash on Delivery,455.17,Success,2023-07-07,455.17,20230707,0.0
PAY0001668,ORD001668,2023-07-13,Cash on Delivery,18364.7,Failed,2023-07-13,18364.7,20230713,0.0
PAY0001669,ORD001669,2023-06-17,Credit Card,8693.03,Success,2023-06-16,8693.03,20230616,0.0
PAY0001670,ORD001670,2023-01-14,Cash on Delivery,976.57,Success,2023-01-14,976.57,20230114,0.0
PAY0001671,ORD001671,2024-02-13,Cash on Delivery,13208.26,Success,2024-02-13,13208.26,20240213,0.0
PAY0001672,ORD001672,2024-01-07,Cash on Delivery,34159.97,Success,2024-01-05,34159.97,20240105,0.0
PAY0001673,ORD001673,2023-01-21,Net Banking,9358.59,Success,2023-01-20,9358.59,20230120,0.0
PAY0001674,ORD001674,2023-08-13,Net Banking,17297.34,Success,2023-08-13,17297.34,20230813,0.0
PAY0001675,ORD001675,2023-11-02,Wallet,3262.54,Success,2023-11-02,3262.54,20231102,0.0
PAY0001676,ORD001676,2023-02-17,Net Banking,3835.95,Success,2023-02-17,3835.95,20230217,0.0
PAY0001677,ORD001677,2023-11-25,Debit Card,6210.01,Success,2023-11-25,6916.23,20231125,706.2199999999993
PAY0001678,ORD001678,2024-05-03,Debit Card,11729.34,Success,2024-04-30,11729.34,20240430,0.0
PAY0001679,ORD001679,2023-12-31,UPI,803.32,Success,2023-12-29,803.32,20231229,0.0
PAY0001680,ORD001680,2024-03-10,Wallet,17580.77,Success,2024-03-09,17580.77,20240309,0.0
PAY0001681,ORD001681,2023-07-31,Net Banking,16471.66,Failed,2023-07-30,16471.66,20230730,0.0
PAY0001682,ORD001682,2023-09-23,Wallet,5100.87,Refunded,2023-09-23,5518.05,20230923,417.1800000000003
PAY0001683,ORD001683,2024-02-06,Wallet,8624.310000000001,Success,2024-02-03,8624.310000000001,20240203,0.0
PAY0001684,ORD001684,2024-04-18,Debit Card,550.96,Success,2024-04-15,494.65,20240415,-56.31000000000006
PAY0001685,ORD001685,2023-02-04,Credit Card,65570.76,Success,2023-02-02,65570.76000000001,20230202,1.4551915228366852e-11
PAY0001686,ORD001686,2023-10-12,Wallet,43948.65,Success,2023-10-12,43948.649999999994,20231012,-7.275957614183426e-12
PAY0001687,ORD001687,2024-06-08,Credit Card,14963.7,Refunded,2024-06-07,14963.7,20240607,0.0
PAY0001688,ORD001688,2024-09-27,Debit Card,13174.05,Success,2024-09-26,13174.05,20240926,0.0
PAY0001689,ORD001689,2023-10-21,Cash on Delivery,39395.630000000005,Success,2023-10-21,39395.630000000005,20231021,0.0
PAY0001690,ORD001690,2023-06-24,Wallet,1718.72,Success,2023-06-22,1718.72,20230622,0.0
PAY0001691,ORD001691,2024-08-12,Debit Card,24528.92,Success,2024-08-09,24528.92,20240809,0.0
PAY0001692,ORD001692,2024-07-05,Debit Card,8581.47,Success,2024-07-02,8581.47,20240702,0.0
PAY0001693,ORD001693,2023-10-18,Net Banking,22663.74,Success,2023-10-15,22663.739999999998,20231015,-3.637978807091713e-12
PAY0001694,ORD001694,2023-03-08,Credit Card,895.09,Success,2023-03-06,895.09,20230306,0.0
PAY0001695,ORD001695,2023-12-12,Cash on Delivery,7229.99,Success,2023-12-12,7229.99,20231212,0.0
PAY0001696,ORD001696,2023-08-30,UPI,3835.21,Success,2023-08-29,3835.21,20230829,0.0
PAY0001697,ORD001697,2024-07-01,Credit Card,11739.5,Success,2024-06-30,11739.5,20240630,0.0
PAY0001698,ORD001698,2023-04-08,Wallet,5351.1,Success,2023-04-07,5351.1,20230407,0.0
PAY0001699,ORD001699,2023-02-23,Net Banking,1121.41,Failed,2023-02-22,1121.41,20230222,0.0
PAY0001700,ORD001700,2024-03-01,Net Banking,18060.28,Success,2024-03-01,18060.28,20240301,0.0
PAY0001701,ORD001701,2024-02-21,Wallet,629.94,Success,2024-02-18,629.94,20240218,0.0
PAY0001702,ORD001702,2024-01-18,Net Banking,26682.2,Success,2024-01-17,26682.199999999997,20240117,-3.637978807091713e-12
PAY0001703,ORD001703,2024-04-08,Debit Card,29464.15,Failed,2024-04-08,29464.15,20240408,0.0
PAY0001704,ORD001704,2023-12-10,UPI,36811.04,Failed,2023-12-09,36811.04,20231209,0.0
PAY0001705,ORD001705,2024-01-11,Cash on Delivery,32291.64,Success,2024-01-08,32291.64,20240108,0.0
PAY0001706,ORD001706,2023-10-02,UPI,10815.79,Success,2023-10-01,10815.789999999999,20231001,-1.8189894035458565e-12
PAY0001707,ORD001707,2024-10-24,Net Banking,3095.41,Success,2024-10-22,3095.41,20241022,0.0
PAY0001708,ORD001708,2024-07-15,Credit Card,6693.56,Success,2024-07-15,6693.56,20240715,0.0
PAY0001709,ORD001709,2024-08-12,Debit Card,4595.24,Success,2024-08-11,4595.24,20240811,0.0
PAY0001710,ORD001710,2024-06-07,Debit Card,3616.25,Success,2024-06-04,3616.25,20240604,0.0
PAY0001711,ORD001711,2023-02-18,Net Banking,5164.22,Success,2023-02-17,5164.22,20230217,0.0
PAY0001712,ORD001712,2024-06-12,Wallet,19324.28,Success,2024-06-11,19324.28,20240611,0.0
PAY0001713,ORD001713,2023-11-22,Net Banking,4002.16,Success,2023-11-19,4002.16,20231119,0.0
PAY0001714,ORD001714,2023-05-24,Debit Card,13521.78,Success,2023-05-23,13521.78,20230523,0.0
PAY0001715,ORD001715,2024-03-09,Cash on Delivery,6812.46,Success,2024-03-08,6812.46,20240308,0.0
PAY0001716,ORD001716,2024-02-21,Net Banking,3131.44,Success,2024-02-21,3131.44,20240221,0.0
PAY0001717,ORD001717,2024-08-15,Debit Card,989.59,Success,2024-08-14,989.59,20240814,0.0
PAY0001718,ORD001718,2024-09-25,Debit Card,5418.41,Success,2024-09-22,5418.41,20240922,0.0
PAY0001719,ORD001719,2024-03-07,Cash on Delivery,8945.32,Refunded,2024-03-04,8945.32,20240304,0.0
PAY0001720,ORD001720,2023-04-06,UPI,1992.76,Success,2023-04-03,1992.76,20230403,0.0
PAY0001721,ORD001721,2024-08-26,Wallet,1978.6,Success,2024-08-24,1978.6,20240824,0.0
PAY0001722,ORD001722,2023-04-01,Wallet,44435.53,Refunded,2023-03-31,44435.53,20230331,0.0
PAY0001723,ORD001723,2023-01-21,Debit Card,22610.54,Success,2023-01-20,22610.54,20230120,0.0
PAY0001724,ORD001724,2023-01-31,Cash on Delivery,26813.29,Success,2023-01-28,26813.29,20230128,0.0
PAY0001725,ORD001725,2023-07-16,UPI,12161.61,Success,2023-07-14,13655.529999999999,20230714,1493.9199999999983
PAY0001726,ORD001726,2023-08-29,Debit Card,13051.89,Success,2023-08-26,13051.89,20230826,0.0
PAY0001727,ORD001727,2023-05-31,Wallet,4249.81,Success,2023-05-31,4249.81,20230531,0.0
PAY0001728,ORD001728,2023-01-07,Debit Card,43154.06,Success,2023-01-06,43154.06,20230106,0.0
PAY0001729,ORD001729,2023-12-18,Wallet,5435.74,Failed,2023-12-18,5435.74,20231218,0.0
PAY0001730,ORD001730,2024-08-20,Credit Card,552.89,Success,2024-08-17,552.89,20240817,0.0
PAY0001731,ORD001731,2023-07-24,Cash on Delivery,8632.13,Success,2023-07-24,8632.13,20230724,0.0
PAY0001732,ORD001732,2023-06-12,UPI,22743.53,Success,2023-06-09,22743.53,20230609,0.0
PAY0001733,ORD001733,2023-02-04,Wallet,25626.18,Success,2023-02-02,25626.18,20230202,0.0
PAY0001734,ORD001734,2024-03-02,Debit Card,11386.79,Success,2024-02-29,11386.79,20240229,0.0
PAY0001735,ORD001735,2023-12-02,UPI,3376.82,Success,2023-12-01,3376.82,20231201,0.0
PAY0001736,ORD001736,2024-11-08,Net Banking,30384.66,Success,2024-11-06,30384.66,20241106,0.0
PAY0001737,ORD001737,2023-04-03,Credit Card,40535.79,Success,2023-04-01,40535.79,20230401,0.0
PAY0001738,ORD001738,2024-09-08,UPI,35676.05,Success,2024-09-06,35676.05,20240906,0.0
PAY0001739,ORD001739,2023-05-18,UPI,934.66,Success,2023-05-16,934.66,20230516,0.0
PAY0001740,ORD001740,2023-05-05,Wallet,24257.2,Success,2023-05-03,24257.2,20230503,0.0
PAY0001741,ORD001741,2024-11-21,Net Banking,8273.43,Success,2024-11-19,8273.43,20241119,0.0
PAY0001742,ORD001742,2024-10-10,Debit Card,8298.74,Success,2024-10-07,8298.74,20241007,0.0
PAY0001743,ORD001743,2023-01-09,Net Banking,17149.309999999998,Success,2023-01-07,17149.309999999998,20230107,0.0
PAY0001744,ORD001744,2023-11-04,Cash on Delivery,34115.46000000001,Failed,2023-11-02,34115.46,20231102,-7.275957614183426e-12
PAY0001745,ORD001745,2023-08-19,Net Banking,25442.1,Success,2023-08-17,25442.100000000002,20230817,3.637978807091713e-12
PAY0001746,ORD001746,2024-04-07,Cash on Delivery,9608.14,Success,2024-04-07,9608.14,20240407,0.0
PAY0001747,ORD001747,2023-05-16,Credit Card,18272.14,Success,2023-05-16,18272.14,20230516,0.0
PAY0001748,ORD001748,2023-02-14,UPI,2445.54,Success,2023-02-13,2445.54,20230213,0.0
PAY0001749,ORD001749,2024-06-29,Net Banking,9833.03,Success,2024-06-29,9833.029999999999,20240629,-1.8189894035458565e-12
PAY0001750,ORD001750,2024-02-16,Debit Card,26647.69,Success,2024-02-14,26647.690000000002,20240214,3.637978807091713e-12
PAY0001751,ORD001751,2024-08-07,UPI,253.58,Failed,2024-08-06,260.84,20240806,7.2599999999999625
PAY0001752,ORD001752,2024-02-28,Net Banking,2206.54,Success,2024-02-25,2206.54,20240225,0.0
PAY0001753,ORD001753,2024-04-21,UPI,5804.0,Success,2024-04-19,5804.0,20240419,0.0
PAY0001754,ORD001754,2024-01-20,Net Banking,960.0,Success,2024-01-17,960.0,20240117,0.0
PAY0001755,ORD001755,2023-05-21,UPI,24742.75,Refunded,2023-05-19,24742.75,20230519,0.0
PAY0001756,ORD001756,2023-06-21,Wallet,30677.7,Success,2023-06-19,30677.7,20230619,0.0
PAY0001757,ORD001757,2023-03-18,Cash on Delivery,11049.259999999998,Success,2023-03-16,11049.259999999998,20230316,0.0
PAY0001758,ORD001758,2023-12-22,Cash on Delivery,18768.02,Success,2023-12-20,18768.02,20231220,0.0
PAY0001759,ORD001759,2024-09-09,Credit Card,43135.380000000005,Success,2024-09-09,43135.38,20240909,-7.275957614183426e-12
PAY0001760,ORD001760,2024-02-15,UPI,10435.9,Success,2024-02-14,10435.9,20240214,0.0
PAY0001761,ORD001761,2024-03-23,Net Banking,35924.88,Success,2024-03-20,35924.88,20240320,0.0
PAY0001762,ORD001762,2023-09-15,Credit Card,23544.64,Success,2023-09-15,23544.64,20230915,0.0
PAY0001763,ORD001763,2023-07-14,Credit Card,7355.63,Success,2023-07-14,7355.63,20230714,0.0
PAY0001764,ORD001764,2023-03-12,Cash on Delivery,21783.69,Failed,2023-03-10,21783.69,20230310,0.0
PAY0001765,ORD001765,2023-06-03,Cash on Delivery,6965.34,Success,2023-05-31,6965.34,20230531,0.0
PAY0001766,ORD001766,2023-02-06,Debit Card,8123.36,Success,2023-02-04,8123.36,20230204,0.0
PAY0001767,ORD001767,2023-01-20,Net Banking,13327.93,Success,2023-01-18,13327.93,20230118,0.0
PAY0001768,ORD001768,2024-04-27,Wallet,1789.22,Success,2024-04-26,1789.22,20240426,0.0
PAY0001769,ORD001769,2023-11-02,Credit Card,8581.66,Success,2023-11-01,8944.2,20231101,362.5400000000009
PAY0001770,ORD001770,2023-02-27,Debit Card,4244.48,Success,2023-02-26,4244.48,20230226,0.0
PAY0001771,ORD001771,2024-03-13,UPI,15362.76,Success,2024-03-12,15362.76,20240312,0.0
PAY0001772,ORD001772,2024-09-30,Net Banking,7163.14,Success,2024-09-27,7163.14,20240927,0.0
PAY0001773,ORD001773,2023-02-07,Credit Card,8605.63,Pending,2023-02-04,8605.63,20230204,0.0
PAY0001774,ORD001774,2024-11-06,UPI,13488.17,Success,2024-11-05,13488.169999999998,20241105,-1.8189894035458565e-12
PAY0001775,ORD001775,2023-04-14,Debit Card,15003.54,Success,2023-04-13,15003.54,20230413,0.0
PAY0001776,ORD001776,2023-01-10,UPI,3267.01,Success,2023-01-07,3267.01,20230107,0.0
PAY0001777,ORD001777,2023-11-24,Net Banking,20965.86,Success,2023-11-22,20965.86,20231122,0.0
PAY0001778,ORD001778,2023-04-11,Credit Card,8920.26,Success,2023-04-10,8920.26,20230410,0.0
PAY0001779,ORD001779,2024-05-26,Credit Card,832.87,Success,2024-05-23,832.87,20240523,0.0
PAY0001780,ORD001780,2023-02-19,Wallet,22696.04,Success,2023-02-16,22696.04,20230216,0.0
PAY0001781,ORD001781,2024-08-30,Wallet,3506.84,Success,2024-08-27,3506.84,20240827,0.0
PAY0001782,ORD001782,2023-07-08,Credit Card,26371.68,Success,2023-07-08,26371.68,20230708,0.0
PAY0001783,ORD001783,2024-07-17,Debit Card,260.84,Success,2024-07-17,260.84,20240717,0.0
PAY0001784,ORD001784,2024-03-02,Debit Card,1790.18,Success,2024-03-01,1790.18,20240301,0.0
PAY0001785,ORD001785,2024-04-27,Cash on Delivery,2043.82,Success,2024-04-26,1907.57,20240426,-136.25
PAY0001786,ORD001786,2024-07-24,UPI,3065.64,Success,2024-07-24,3065.64,20240724,0.0
PAY0001787,ORD001787,2024-07-05,Net Banking,18137.43,Success,2024-07-05,18137.43,20240705,0.0
PAY0001788,ORD001788,2023-02-08,Credit Card,3095.98,Success,2023-02-07,3095.98,20230207,0.0
PAY0001789,ORD001789,2024-07-11,Credit Card,26370.94,Success,2024-07-11,26370.940000000002,20240711,3.637978807091713e-12
PAY0001790,ORD001790,2023-09-27,Wallet,11079.19,Success,2023-09-24,11079.19,20230924,0.0
PAY0001791,ORD001791,2024-02-13,Cash on Delivery,1348.34,Success,2024-02-12,1348.34,20240212,0.0
PAY0001792,ORD001792,2023-09-10,Wallet,26612.27,Success,2023-09-09,26612.27,20230909,0.0
PAY0001793,ORD001793,2023-10-11,Wallet,12947.84,Refunded,2023-10-10,12947.84,20231010,0.0
PAY0001794,ORD001794,2024-07-09,UPI,1545.9,Success,2024-07-06,1545.9,20240706,0.0
PAY0001795,ORD001795,2023-09-03,Cash on Delivery,3616.25,Success,2023-09-02,3616.25,20230902,0.0
PAY0001796,ORD001796,2024-10-07,Wallet,1083.33,Success,2024-10-05,1083.33,20241005,0.0
PAY0001797,ORD001797,2023-11-29,Debit Card,20703.7,Success,2023-11-26,20703.7,20231126,0.0
PAY0001798,ORD001798,2024-03-24,Credit Card,6891.56,Success,2024-03-23,6891.56,20240323,0.0
PAY0001799,ORD001799,2023-05-19,Debit Card,17448.87,Success,2023-05-16,17448.87,20230516,0.0
PAY0001800,ORD001800,2023-01-22,Wallet,25072.95,Success,2023-01-22,25072.949999999997,20230122,-3.637978807091713e-12
PAY0001801,ORD001801,2024-07-26,Cash on Delivery,33419.48,Success,2024-07-25,33419.48,20240725,0.0
PAY0001802,ORD001802,2024-09-07,Credit Card,290.6,Success,2024-09-05,290.6,20240905,0.0
PAY0001803,ORD001803,2023-08-16,Debit Card,1981.58,Success,2023-08-16,1981.58,20230816,0.0
PAY0001804,ORD001804,2023-04-10,Credit Card,14957.0,Pending,2023-04-09,14957.0,20230409,0.0
PAY0001805,ORD001805,2024-02-15,Cash on Delivery,7762.99,Success,2024-02-13,7762.99,20240213,0.0
PAY0001806,ORD001806,2023-10-31,Cash on Delivery,231.58,Success,2023-10-30,231.58,20231030,0.0
PAY0001807,ORD001807,2024-11-25,Debit Card,4896.65,Success,2024-11-25,4896.65,20241125,0.0
PAY0001808,ORD001808,2024-05-06,Wallet,-2872.880000000001,Success,2024-05-06,-2872.8800000000006,20240506,4.547473508864641e-13
PAY0001809,ORD001809,2024-10-18,Debit Card,34278.09,Success,2024-10-17,34278.09,20241017,0.0
PAY0001810,ORD001810,2024-09-24,Cash on Delivery,1188.71,Pending,2024-09-24,1188.71,20240924,0.0
PAY0001811,ORD001811,2024-02-01,Wallet,11010.15,Success,2024-02-01,11010.15,20240201,0.0
PAY0001812,ORD001812,2024-01-22,Credit Card,19743.7,Success,2024-01-20,19743.7,20240120,0.0
PAY0001813,ORD001813,2024-07-01,UPI,629.94,Success,2024-07-01,629.94,20240701,0.0
PAY0001814,ORD001814,2023-01-09,Credit Card,25458.0,Pending,2023-01-07,25458.0,20230107,0.0
PAY0001815,ORD001815,2024-02-07,UPI,6038.15,Success,2024-02-07,6038.15,20240207,0.0
PAY0001816,ORD001816,2023-02-15,Debit Card,11716.16,Success,2023-02-15,11716.16,20230215,0.0
PAY0001817,ORD001817,2023-01-10,Cash on Delivery,2719.98,Pending,2023-01-09,2719.98,20230109,0.0
PAY0001818,ORD001818,2024-09-01,Wallet,15668.88,Success,2024-08-29,15668.880000000001,20240829,1.8189894035458565e-12
PAY0001819,ORD001819,2024-01-10,Credit Card,38167.23,Success,2024-01-09,38167.23,20240109,0.0
PAY0001820,ORD001820,2024-01-18,Cash on Delivery,2088.46,Success,2024-01-15,2088.46,20240115,0.0
PAY0001821,ORD001821,2024-10-27,Wallet,42954.240000000005,Success,2024-10-26,42954.24,20241026,-7.275957614183426e-12
PAY0001822,ORD001822,2024-03-16,Wallet,29713.19,Success,2024-03-16,29713.19,20240316,0.0
PAY0001823,ORD001823,2023-10-31,Debit Card,7622.23,Success,2023-10-30,7622.23,20231030,0.0
PAY0001824,ORD001824,2023-02-16,Credit Card,379.76,Pending,2023-02-14,379.76,20230214,0.0
PAY0001825,ORD001825,2023-08-21,Net Banking,8499.09,Success,2023-08-19,8499.09,20230819,0.0
PAY0001826,ORD001826,2024-09-04,Debit Card,621.23,Success,2024-09-01,621.23,20240901,0.0
PAY0001827,ORD001827,2023-12-07,Wallet,5110.68,Success,2023-12-05,5110.68,20231205,0.0
PAY0001828,ORD001828,2023-06-02,Cash on Delivery,27424.56,Success,2023-06-02,27424.559999999998,20230602,-3.637978807091713e-12
PAY0001829,ORD001829,2023-01-14,Net Banking,1188.71,Success,2023-01-13,1188.71,20230113,0.0
PAY0001830,ORD001830,2024-03-12,UPI,31361.78,Success,2024-03-09,31361.78,20240309,0.0
PAY0001831,ORD001831,2024-03-08,Net Banking,13665.02,Success,2024-03-07,13665.02,20240307,0.0
PAY0001832,ORD001832,2024-01-13,Cash on Delivery,1809.39,Success,2024-01-10,1794.57,20240110,-14.820000000000164
PAY0001833,ORD001833,2023-03-12,UPI,1460.84,Success,2023-03-11,1460.84,20230311,0.0
PAY0001834,ORD001834,2023-04-10,Credit Card,40800.04,Success,2023-04-07,40800.04,20230407,0.0
PAY0001835,ORD001835,2023-05-15,Net Banking,21489.14,Success,2023-05-13,21489.14,20230513,0.0
PAY0001836,ORD001836,2024-03-28,Debit Card,5814.08,Success,2024-03-28,5814.08,20240328,0.0
PAY0001837,ORD001837,2023-08-10,Net Banking,21791.320000000003,Success,2023-08-07,21791.32,20230807,-3.637978807091713e-12
PAY0001838,ORD001838,2023-05-10,Credit Card,13151.54,Success,2023-05-07,13151.54,20230507,0.0
PAY0001839,ORD001839,2024-03-24,Debit Card,12839.26,Success,2024-03-21,12839.26,20240321,0.0
PAY0001840,ORD001840,2024-02-05,Credit Card,8152.98,Success,2024-02-02,8152.9800000000005,20240202,9.094947017729282e-13
PAY0001841,ORD001841,2024-05-23,Debit Card,11258.96,Success,2024-05-21,11258.96,20240521,0.0
PAY0001842,ORD001842,2023-02-20,Wallet,-9356.25,Success,2023-02-20,-8370.66,20230220,985.5900000000001
PAY0001843,ORD001843,2023-04-03,Cash on Delivery,10985.42,Refunded,2023-04-01,10985.42,20230401,0.0
PAY0001844,ORD001844,2023-07-10,Credit Card,5326.74,Success,2023-07-10,5326.74,20230710,0.0
PAY0001845,ORD001845,2023-05-31,Credit Card,10570.59,Success,2023-05-28,10570.59,20230528,0.0
PAY0001846,ORD001846,2024-08-03,Wallet,12621.75,Success,2024-08-02,12621.75,20240802,0.0
PAY0001847,ORD001847,2023-11-29,Credit Card,4180.3,Failed,2023-11-26,4180.3,20231126,0.0
PAY0001848,ORD001848,2024-10-30,Cash on Delivery,15223.47,Refunded,2024-10-30,15223.470000000001,20241030,1.8189894035458565e-12
PAY0001849,ORD001849,2023-08-19,Wallet,14192.95,Success,2023-08-18,14192.949999999999,20230818,-1.8189894035458565e-12
PAY0001850,ORD001850,2023-07-06,Cash on Delivery,40865.78,Success,2023-07-06,40865.78,20230706,0.0
PAY0001851,ORD001851,2024-09-23,Credit Card,22958.01,Failed,2024-09-23,22958.01,20240923,0.0
PAY0001852,ORD001852,2023-08-08,Net Banking,7338.38,Success,2023-08-06,7338.38,20230806,0.0
PAY0001853,ORD001853,2024-09-14,UPI,8364.64,Refunded,2024-09-14,8364.64,20240914,0.0
PAY0001854,ORD001854,2023-12-20,Net Banking,30907.74,Success,2023-12-17,30907.739999999998,20231217,-3.637978807091713e-12
PAY0001855,ORD001855,2024-09-29,Credit Card,13603.27,Failed,2024-09-29,13603.27,20240929,0.0
PAY0001856,ORD001856,2023-10-20,Cash on Delivery,504.1,Failed,2023-10-19,504.1,20231019,0.0
PAY0001857,ORD001857,2023-05-13,Cash on Delivery,3204.08,Success,2023-05-12,3204.08,20230512,0.0
PAY0001858,ORD001858,2024-06-02,Debit Card,7958.87,Failed,2024-06-02,7958.87,20240602,0.0
PAY0001859,ORD001859,2023-01-29,Wallet,1718.72,Success,2023-01-29,1718.72,20230129,0.0
PAY0001860,ORD001860,2024-01-23,Cash on Delivery,4770.86,Success,2024-01-23,4770.86,20240123,0.0
PAY0001861,ORD001861,2023-05-20,Net Banking,8720.46,Success,2023-05-19,7789.03,20230519,-931.4299999999994
PAY0001862,ORD001862,2023-02-26,Net Banking,25019.74,Success,2023-02-24,25019.74,20230224,0.0
PAY0001863,ORD001863,2024-01-11,Net Banking,17998.83,Success,2024-01-11,17998.83,20240111,0.0
PAY0001864,ORD001864,2024-03-19,Wallet,37775.59,Success,2024-03-16,37775.59,20240316,0.0
PAY0001865,ORD001865,2023-07-16,Credit Card,2275.09,Pending,2023-07-15,2275.09,20230715,0.0
PAY0001866,ORD001866,2023-09-27,Credit Card,1664.05,Success,2023-09-26,1664.05,20230926,0.0
PAY0001867,ORD001867,2024-09-02,Net Banking,45836.16,Success,2024-09-01,45836.16,20240901,0.0
PAY0001868,ORD001868,2024-11-28,Wallet,6699.53,Success,2024-11-26,7039.65,20241126,340.1199999999999
PAY0001869,ORD001869,2023-09-21,Debit Card,2307.13,Success,2023-09-21,2307.13,20230921,0.0
PAY0001870,ORD001870,2023-11-21,Net Banking,11160.670000000002,Success,2023-11-18,11160.670000000002,20231118,0.0
PAY0001871,ORD001871,2024-03-25,Wallet,11936.36,Success,2024-03-22,11936.36,20240322,0.0
PAY0001872,ORD001872,2024-01-28,Wallet,235.39,Success,2024-01-26,235.39,20240126,0.0
PAY0001873,ORD001873,2024-10-30,Net Banking,82166.5,Success,2024-10-28,82166.5,20241028,0.0
PAY0001874,ORD001874,2023-09-16,Wallet,8865.62,Success,2023-09-15,8865.62,20230915,0.0
PAY0001875,ORD001875,2023-05-21,UPI,6164.88,Success,2023-05-21,6164.88,20230521,0.0
PAY0001876,ORD001876,2023-11-04,Credit Card,8832.24,Success,2023-11-04,8832.24,20231104,0.0
PAY0001877,ORD001877,2023-03-09,Credit Card,648.79,Success,2023-03-07,648.79,20230307,0.0
PAY0001878,ORD001878,2023-07-30,Credit Card,24255.01,Success,2023-07-29,24255.01,20230729,0.0
PAY0001879,ORD001879,2023-10-28,Net Banking,28406.64,Success,2023-10-25,28406.64,20231025,0.0
PAY0001880,ORD001880,2023-09-20,Credit Card,27481.44,Success,2023-09-19,27481.440000000002,20230919,3.637978807091713e-12
PAY0001881,ORD001881,2024-07-03,Cash on Delivery,25675.44,Success,2024-07-03,25675.440000000002,20240703,3.637978807091713e-12
PAY0001882,ORD001882,2024-10-01,UPI,4559.42,Success,2024-09-30,4559.42,20240930,0.0
PAY0001883,ORD001883,2023-09-06,Net Banking,6469.47,Success,2023-09-05,6469.47,20230905,0.0
PAY0001884,ORD001884,2023-02-24,Wallet,16006.72,Success,2023-02-21,16006.72,20230221,0.0
PAY0001885,ORD001885,2023-05-18,UPI,1595.31,Success,2023-05-16,1595.31,20230516,0.0
PAY0001886,ORD001886,2024-12-03,Debit Card,5760.06,Success,2024-12-01,5760.06,20241201,0.0
PAY0001887,ORD001887,2024-02-13,Debit Card,23569.82,Success,2024-02-13,23569.82,20240213,0.0
PAY0001888,ORD001888,2024-06-25,Net Banking,11883.58,Success,2024-06-25,11883.58,20240625,0.0
PAY0001889,ORD001889,2024-04-03,Wallet,6267.77,Success,2024-04-02,6267.77,20240402,0.0
PAY0001890,ORD001890,2023-10-29,UPI,6163.62,Success,2023-10-26,6157.56,20231026,-6.059999999999491
PAY0001891,ORD001891,2023-04-23,Credit Card,12896.61,Success,2023-04-20,12896.61,20230420,0.0
PAY0001892,ORD001892,2024-08-28,Cash on Delivery,504.1,Success,2024-08-25,504.1,20240825,0.0
PAY0001893,ORD001893,2023-07-26,Cash on Delivery,15161.85,Success,2023-07-26,15161.85,20230726,0.0
PAY0001894,ORD001894,2023-11-23,UPI,1903.25,Success,2023-11-22,1903.25,20231122,0.0
PAY0001895,ORD001895,2024-02-26,Net Banking,11233.42,Success,2024-02-23,11233.42,20240223,0.0
PAY0001896,ORD001896,2023-08-09,Debit Card,5984.28,Success,2023-08-06,5984.28,20230806,0.0
PAY0001897,ORD001897,2024-07-07,Wallet,25638.14,Success,2024-07-07,25638.14,20240707,0.0
PAY0001898,ORD001898,2023-08-08,Net Banking,6569.13,Refunded,2023-08-06,6569.13,20230806,0.0
PAY0001899,ORD001899,2024-09-14,Debit Card,3623.42,Success,2024-09-13,3623.42,20240913,0.0
PAY0001900,ORD001900,2023-12-14,Debit Card,29451.05,Success,2023-12-11,29451.05,20231211,0.0
PAY0001901,ORD001901,2024-06-24,Wallet,5284.63,Success,2024-06-23,5284.63,20240623,0.0
PAY0001902,ORD001902,2024-05-20,Debit Card,1152.32,Success,2024-05-18,1152.32,20240518,0.0
PAY0001903,ORD001903,2024-08-11,Wallet,19683.63,Success,2024-08-09,19683.63,20240809,0.0
PAY0001904,ORD001904,2023-02-18,Debit Card,4498.49,Success,2023-02-16,4498.49,20230216,0.0
PAY0001905,ORD001905,2023-06-03,Net Banking,7263.2,Success,2023-05-31,7263.2,20230531,0.0
PAY0001906,ORD001906,2023-05-25,Debit Card,4205.57,Success,2023-05-24,4205.57,20230524,0.0
PAY0001907,ORD001907,2023-06-10,Wallet,17103.32,Success,2023-06-07,17103.32,20230607,0.0
PAY0001908,ORD001908,2023-10-22,Cash on Delivery,7870.51,Failed,2023-10-20,7870.51,20231020,0.0
PAY0001909,ORD001909,2024-11-06,Net Banking,1460.84,Success,2024-11-03,1460.84,20241103,0.0
PAY0001910,ORD001910,2023-06-14,UPI,22249.32,Failed,2023-06-12,22249.32,20230612,0.0
PAY0001911,ORD001911,2024-10-19,Net Banking,9190.7,Success,2024-10-18,9190.7,20241018,0.0
PAY0001912,ORD001912,2023-09-09,Net Banking,3734.16,Success,2023-09-08,3734.16,20230908,0.0
PAY0001913,ORD001913,2024-07-17,Debit Card,379.53,Success,2024-07-15,379.53,20240715,0.0
PAY0001914,ORD001914,2023-10-27,Wallet,698.17,Success,2023-10-27,698.17,20231027,0.0
PAY0001915,ORD001915,2024-02-18,Credit Card,10542.7,Success,2024-02-17,10542.7,20240217,0.0
PAY0001916,ORD001916,2023-04-06,Debit Card,12837.27,Success,2023-04-05,12837.27,20230405,0.0
PAY0001917,ORD001917,2023-11-01,Debit Card,30091.09,Success,2023-10-29,30091.09,20231029,0.0
PAY0001918,ORD001918,2024-03-03,Credit Card,8480.41,Success,2024-02-29,8480.41,20240229,0.0
PAY0001919,ORD001919,2023-09-01,Wallet,360.19,Success,2023-08-30,360.19,20230830,0.0
PAY0001920,ORD001920,2024-10-01,Wallet,8354.87,Success,2024-10-01,8354.87,20241001,0.0
PAY0001921,ORD001921,2024-11-27,Debit Card,12391.21,Success,2024-11-26,12391.21,20241126,0.0
PAY0001922,ORD001922,2023-11-20,Cash on Delivery,6300.23,Success,2023-11-20,6300.23,20231120,0.0
PAY0001923,ORD001923,2023-02-27,Cash on Delivery,4365.889999999999,Success,2023-02-26,4365.889999999999,20230226,0.0
PAY0001924,ORD001924,2023-09-26,Wallet,15803.86,Success,2023-09-23,15803.86,20230923,0.0
PAY0001925,ORD001925,2023-03-22,Credit Card,5426.15,Success,2023-03-21,5426.15,20230321,0.0
PAY0001926,ORD001926,2024-04-21,Credit Card,2389.49,Success,2024-04-18,2389.49,20240418,0.0
PAY0001927,ORD001927,2024-07-28,Wallet,15057.35,Success,2024-07-25,15057.35,20240725,0.0
PAY0001928,ORD001928,2023-06-21,Wallet,34810.83,Success,2023-06-21,34810.83,20230621,0.0
PAY0001929,ORD001929,2023-07-30,Net Banking,35955.08,Success,2023-07-30,35955.08,20230730,0.0
PAY0001930,ORD001930,2023-06-07,Cash on Delivery,12481.89,Success,2023-06-04,12481.89,20230604,0.0
PAY0001931,ORD001931,2023-01-30,Net Banking,7751.15,Success,2023-01-29,7751.15,20230129,0.0
PAY0001932,ORD001932,2023-06-09,Net Banking,25035.370000000003,Success,2023-06-08,25035.37,20230608,-3.637978807091713e-12
PAY0001933,ORD001933,2024-06-07,UPI,30967.35,Success,2024-06-07,30967.35,20240607,0.0
PAY0001934,ORD001934,2024-02-18,Credit Card,2086.2,Success,2024-02-16,2086.2,20240216,0.0
PAY0001935,ORD001935,2023-08-13,Net Banking,10392.96,Success,2023-08-13,10392.96,20230813,0.0
PAY0001936,ORD001936,2023-08-19,UPI,4595.24,Success,2023-08-18,4595.24,20230818,0.0
PAY0001937,ORD001937,2023-02-20,Wallet,1528.23,Success,2023-02-17,1528.23,20230217,0.0
PAY0001938,ORD001938,2024-02-28,UPI,23213.57,Success,2024-02-28,21169.34,20240228,-2044.2299999999996
PAY0001939,ORD001939,2023-12-30,Debit Card,10772.16,Success,2023-12-29,10772.16,20231229,0.0
PAY0001940,ORD001940,2023-06-27,Credit Card,4099.89,Success,2023-06-24,4099.89,20230624,0.0
PAY0001941,ORD001941,2024-03-27,UPI,1489.83,Success,2024-03-26,1489.83,20240326,0.0
PAY0001942,ORD001942,2024-09-09,Cash on Delivery,2560.08,Pending,2024-09-09,2560.08,20240909,0.0
PAY0001943,ORD001943,2023-11-16,Wallet,1188.71,Failed,2023-11-15,1188.71,20231115,0.0
PAY0001944,ORD001944,2023-11-13,Debit Card,17164.84,Success,2023-11-12,17164.84,20231112,0.0
PAY0001945,ORD001945,2023-08-23,Wallet,11955.11,Success,2023-08-21,11955.11,20230821,0.0
PAY0001946,ORD001946,2023-12-02,Credit Card,16053.19,Failed,2023-11-29,16053.189999999999,20231129,-1.8189894035458565e-12
PAY0001947,ORD001947,2024-08-22,Debit Card,18734.73,Success,2024-08-19,16307.22,20240819,-2427.51
PAY0001948,ORD001948,2023-05-27,Net Banking,2466.24,Success,2023-05-26,2466.24,20230526,0.0
PAY0001949,ORD001949,2023-10-26,Cash on Delivery,343.63,Success,2023-10-26,343.63,20231026,0.0
PAY0001950,ORD001950,2024-03-09,Cash on Delivery,24504.15,Pending,2024-03-09,24504.15,20240309,0.0
PAY0001951,ORD001951,2024-09-21,UPI,4097.38,Success,2024-09-19,4097.38,20240919,0.0
PAY0001952,ORD001952,2023-12-31,Wallet,3632.18,Success,2023-12-30,3632.18,20231230,0.0
PAY0001953,ORD001953,2024-11-10,Cash on Delivery,42589.24,Success,2024-11-09,42589.240000000005,20241109,7.275957614183426e-12
PAY0001954,ORD001954,2023-02-10,Wallet,8976.75,Success,2023-02-08,8976.75,20230208,0.0
PAY0001955,ORD001955,2024-10-19,UPI,20648.96,Success,2024-10-19,20648.96,20241019,0.0
PAY0001956,ORD001956,2023-03-13,Net Banking,2378.45,Success,2023-03-12,2378.45,20230312,0.0
PAY0001957,ORD001957,2024-02-03,UPI,5544.65,Success,2024-02-03,5544.65,20240203,0.0
PAY0001958,ORD001958,2023-09-18,Cash on Delivery,38536.16,Success,2023-09-18,38536.16,20230918,0.0
PAY0001959,ORD001959,2024-07-13,Cash on Delivery,4791.87,Success,2024-07-11,4791.87,20240711,0.0
PAY0001960,ORD001960,2023-04-28,Debit Card,25305.08,Success,2023-04-28,25305.08,20230428,0.0
PAY0001961,ORD001961,2023-03-20,Cash on Delivery,4363.31,Refunded,2023-03-20,4363.31,20230320,0.0
PAY0001962,ORD001962,2023-04-14,Wallet,4036.07,Refunded,2023-04-12,3631.49,20230412,-404.5800000000004
PAY0001963,ORD001963,2024-08-27,Net Banking,10786.42,Success,2024-08-27,10786.42,20240827,0.0
PAY0001964,ORD001964,2023-05-14,Net Banking,20807.06,Failed,2023-05-12,20807.06,20230512,0.0
PAY0001965,ORD001965,2023-01-31,Debit Card,4881.92,Success,2023-01-30,4881.92,20230130,0.0
PAY0001966,ORD001966,2024-08-11,Net Banking,38812.04,Success,2024-08-11,38812.04,20240811,0.0
PAY0001967,ORD001967,2024-03-02,Wallet,2678.2,Success,2024-03-01,2678.2,20240301,0.0
PAY0001968,ORD001968,2024-03-23,Wallet,32965.57,Success,2024-03-21,32965.57,20240321,0.0
PAY0001969,ORD001969,2023-09-05,UPI,39502.3,Success,2023-09-04,39502.299999999996,20230904,-7.275957614183426e-12
PAY0001970,ORD001970,2023-05-20,Wallet,7979.23,Success,2023-05-17,7979.23,20230517,0.0
PAY0001971,ORD001971,2024-03-25,Credit Card,13827.47,Success,2024-03-24,13827.47,20240324,0.0
PAY0001972,ORD001972,2023-04-09,UPI,24172.4,Success,2023-04-07,24172.399999999998,20230407,-3.637978807091713e-12
PAY0001973,ORD001973,2024-02-18,UPI,4584.08,Success,2024-02-18,4584.08,20240218,0.0
PAY0001974,ORD001974,2023-03-09,UPI,5467.37,Success,2023-03-06,5467.37,20230306,0.0
PAY0001975,ORD001975,2024-01-24,Wallet,6861.610000000001,Success,2024-01-21,6861.610000000001,20240121,0.0
PAY0001976,ORD001976,2024-01-25,Net Banking,31200.58,Success,2024-01-24,31200.58,20240124,0.0
PAY0001977,ORD001977,2024-09-19,Credit Card,12410.07,Success,2024-09-19,12410.07,20240919,0.0
PAY0001978,ORD001978,2024-01-20,Debit Card,22173.84,Success,2024-01-20,22173.84,20240120,0.0
PAY0001979,ORD001979,2024-07-15,Net Banking,10040.26,Success,2024-07-14,10040.26,20240714,0.0
PAY0001980,ORD001980,2023-08-05,Cash on Delivery,1445.96,Success,2023-08-02,1445.96,20230802,0.0
PAY0001981,ORD001981,2024-05-08,Debit Card,52634.23,Refunded,2024-05-07,52634.23,20240507,0.0
PAY0001982,ORD001982,2024-04-26,Wallet,24469.44,Success,2024-04-25,24469.440000000002,20240425,3.637978807091713e-12
PAY0001983,ORD001983,2024-01-23,Credit Card,49118.19,Success,2024-01-23,47598.3,20240123,-1519.8899999999994
PAY0001984,ORD001984,2023-06-02,UPI,19344.69,Success,2023-06-02,19344.690000000002,20230602,3.637978807091713e-12
PAY0001985,ORD001985,2024-06-14,Debit Card,31148.09,Refunded,2024-06-13,31148.09,20240613,0.0
PAY0001986,ORD001986,2023-10-27,Credit Card,6643.89,Success,2023-10-24,6643.89,20231024,0.0
PAY0001987,ORD001987,2024-03-12,Net Banking,2316.14,Success,2024-03-11,2316.14,20240311,0.0
PAY0001988,ORD001988,2023-02-24,Net Banking,28911.75,Success,2023-02-22,28911.75,20230222,0.0
PAY0001989,ORD001989,2023-11-16,Debit Card,1489.83,Success,2023-11-16,1489.83,20231116,0.0
PAY0001990,ORD001990,2024-03-20,Cash on Delivery,24103.94,Success,2024-03-19,26772.940000000002,20240319,2669.0000000000036
PAY0001991,ORD001991,2024-05-15,Wallet,7944.57,Success,2024-05-12,7944.57,20240512,0.0
PAY0001992,ORD001992,2024-10-11,UPI,532.72,Success,2024-10-08,532.72,20241008,0.0
PAY0001993,ORD001993,2024-02-24,Net Banking,42468.09,Success,2024-02-21,36991.56,20240221,-5476.529999999999
PAY0001994,ORD001994,2024-11-06,Cash on Delivery,504.1,Success,2024-11-03,504.1,20241103,0.0
PAY0001995,ORD001995,2023-07-05,Wallet,14123.22,Success,2023-07-03,14123.220000000001,20230703,1.8189894035458565e-12
PAY0001996,ORD001996,2023-02-25,Net Banking,11920.71,Pending,2023-02-25,11920.71,20230225,0.0
PAY0001997,ORD001997,2023-01-23,UPI,4337.88,Refunded,2023-01-20,4337.88,20230120,0.0
PAY0001998,ORD001998,2023-04-09,Cash on Delivery,13349.63,Success,2023-04-09,13349.630000000001,20230409,1.8189894035458565e-12
PAY0001999,ORD001999,2023-03-20,Wallet,1704.64,Success,2023-03-19,1704.64,20230319,0.0
PAY0002000,ORD002000,2024-03-11,Cash on Delivery,12337.38,Success,2024-03-10,12337.38,20240310,0.0
PAY0002001,ORD002001,2023-05-20,Wallet,22583.77,Success,2023-05-20,22583.77,20230520,0.0
PAY0002002,ORD002002,2023-07-09,Credit Card,8942.44,Success,2023-07-08,8942.44,20230708,0.0
PAY0002003,ORD002003,2024-11-12,UPI,7622.29,Failed,2024-11-10,7622.29,20241110,0.0
PAY0002004,ORD002004,2024-07-02,Cash on Delivery,5735.42,Success,2024-07-01,5735.42,20240701,0.0
PAY0002005,ORD002005,2024-01-10,Net Banking,1799.72,Success,2024-01-08,1799.72,20240108,0.0
PAY0002006,ORD002006,2024-09-05,Cash on Delivery,14781.350000000002,Success,2024-09-04,14781.35,20240904,-1.8189894035458565e-12
PAY0002007,ORD002007,2023-08-12,UPI,7869.92,Success,2023-08-10,7869.92,20230810,0.0
PAY0002008,ORD002008,2024-03-30,Debit Card,6052.549999999999,Failed,2024-03-29,6052.549999999999,20240329,0.0
PAY0002009,ORD002009,2023-10-02,Wallet,8315.52,Success,2023-10-02,8315.52,20231002,0.0
PAY0002010,ORD002010,2024-04-10,Debit Card,5765.78,Success,2024-04-09,5765.78,20240409,0.0
PAY0002011,ORD002011,2024-10-15,Debit Card,13090.75,Success,2024-10-14,13090.75,20241014,0.0
PAY0002012,ORD002012,2023-04-05,Wallet,35190.79,Success,2023-04-05,35190.79,20230405,0.0
PAY0002013,ORD002013,2023-03-12,Wallet,7131.42,Refunded,2023-03-09,7131.42,20230309,0.0
PAY0002014,ORD002014,2024-10-18,UPI,8436.23,Refunded,2024-10-16,8436.23,20241016,0.0
PAY0002015,ORD002015,2024-04-29,Net Banking,15889.35,Success,2024-04-29,15889.349999999999,20240429,-1.8189894035458565e-12
PAY0002016,ORD002016,2023-06-13,Debit Card,30789.4,Success,2023-06-13,30789.4,20230613,0.0
PAY0002017,ORD002017,2023-11-24,UPI,4172.4,Failed,2023-11-22,4172.4,20231122,0.0
PAY0002018,ORD002018,2023-05-13,Net Banking,10161.57,Success,2023-05-11,10161.57,20230511,0.0
PAY0002019,ORD002019,2023-07-29,Credit Card,13629.73,Success,2023-07-27,13629.73,20230727,0.0
PAY0002020,ORD002020,2024-05-01,Net Banking,41334.69,Success,2024-05-01,41334.69,20240501,0.0
PAY0002021,ORD002021,2024-10-05,Wallet,5607.54,Success,2024-10-02,5607.54,20241002,0.0
PAY0002022,ORD002022,2024-07-17,Debit Card,41853.59,Success,2024-07-15,41853.59,20240715,0.0
PAY0002023,ORD002023,2023-04-14,Net Banking,1489.83,Success,2023-04-14,1489.83,20230414,0.0
PAY0002024,ORD002024,2024-09-22,UPI,13957.45,Success,2024-09-22,13957.449999999999,20240922,-1.8189894035458565e-12
PAY0002025,ORD002025,2024-11-23,Cash on Delivery,2686.72,Success,2024-11-20,2686.72,20241120,0.0
PAY0002026,ORD002026,2024-04-20,Credit Card,20408.74,Success,2024-04-17,20408.739999999998,20240417,-3.637978807091713e-12
PAY0002027,ORD002027,2024-01-26,Debit Card,59213.72,Success,2024-01-24,59213.719999999994,20240124,-7.275957614183426e-12
PAY0002028,ORD002028,2024-09-23,Credit Card,899.86,Success,2024-09-20,899.86,20240920,0.0
PAY0002029,ORD002029,2024-02-03,Credit Card,8700.34,Success,2024-01-31,8700.34,20240131,0.0
PAY0002030,ORD002030,2024-02-12,UPI,26776.83,Success,2024-02-12,26776.83,20240212,0.0
PAY0002031,ORD002031,2023-07-10,UPI,9627.07,Pending,2023-07-08,9627.07,20230708,0.0
PAY0002032,ORD002032,2024-02-05,Debit Card,40146.280000000006,Pending,2024-02-02,40146.28,20240202,-7.275957614183426e-12
PAY0002033,ORD002033,2024-09-06,Wallet,10802.22,Failed,2024-09-04,10802.22,20240904,0.0
PAY0002034,ORD002034,2023-01-12,Debit Card,6444.509999999999,Success,2023-01-12,6444.509999999999,20230112,0.0
PAY0002035,ORD002035,2024-11-16,Cash on Delivery,16334.7,Success,2024-11-14,16334.7,20241114,0.0
PAY0002036,ORD002036,2024-08-06,Wallet,20312.24,Pending,2024-08-03,20312.239999999998,20240803,-3.637978807091713e-12
PAY0002037,ORD002037,2024-11-30,Cash on Delivery,16537.600000000002,Success,2024-11-29,16537.6,20241129,-3.637978807091713e-12
PAY0002038,ORD002038,2023-04-21,Wallet,6108.43,Success,2023-04-18,6108.43,20230418,0.0
PAY0002039,ORD002039,2023-04-27,Wallet,16177.34,Success,2023-04-27,16177.34,20230427,0.0
PAY0002040,ORD002040,2023-07-22,UPI,8026.94,Success,2023-07-19,8026.94,20230719,0.0
PAY0002041,ORD002041,2024-05-10,Wallet,16101.57,Success,2024-05-08,16101.57,20240508,0.0
PAY0002042,ORD002042,2023-02-17,Wallet,7206.1,Success,2023-02-16,7206.1,20230216,0.0
PAY0002043,ORD002043,2023-03-16,UPI,12790.04,Success,2023-03-14,12790.04,20230314,0.0
PAY0002044,ORD002044,2023-04-06,Wallet,9795.13,Success,2023-04-04,9795.13,20230404,0.0
PAY0002045,ORD002045,2024-11-12,Cash on Delivery,1526.56,Success,2024-11-09,1526.56,20241109,0.0
PAY0002046,ORD002046,2023-02-11,Cash on Delivery,22739.69,Success,2023-02-09,22739.690000000002,20230209,3.637978807091713e-12
PAY0002047,ORD002047,2024-02-18,Credit Card,1689.78,Success,2024-02-18,1689.78,20240218,0.0
PAY0002048,ORD002048,2024-09-09,Credit Card,19797.85,Success,2024-09-08,19797.85,20240908,0.0
PAY0002049,ORD002049,2023-09-22,Net Banking,28260.63,Success,2023-09-22,28260.63,20230922,0.0
PAY0002050,ORD002050,2023-11-25,Net Banking,34768.9,Success,2023-11-23,34768.9,20231123,0.0
PAY0002051,ORD002051,2024-05-14,Credit Card,1820.28,Success,2024-05-12,1820.28,20240512,0.0
PAY0002052,ORD002052,2024-05-08,UPI,15104.79,Success,2024-05-07,15104.79,20240507,0.0
PAY0002053,ORD002053,2024-08-21,Debit Card,29608.37,Success,2024-08-19,29608.37,20240819,0.0
PAY0002054,ORD002054,2024-11-16,Net Banking,992.19,Success,2024-11-16,992.19,20241116,0.0
PAY0002055,ORD002055,2023-10-26,Debit Card,27729.38,Pending,2023-10-24,27729.38,20231024,0.0
PAY0002056,ORD002056,2023-11-21,Credit Card,20637.92,Pending,2023-11-21,20637.92,20231121,0.0
PAY0002057,ORD002057,2024-03-25,Cash on Delivery,5837.900000000001,Success,2024-03-22,5837.900000000001,20240322,0.0
PAY0002058,ORD002058,2024-09-12,Wallet,19270.32,Success,2024-09-11,19270.32,20240911,0.0
PAY0002059,ORD002059,2023-11-05,Wallet,43201.67,Refunded,2023-11-05,38155.28,20231105,-5046.389999999999
PAY0002060,ORD002060,2023-06-23,Debit Card,5161.53,Success,2023-06-23,5161.53,20230623,0.0
PAY0002061,ORD002061,2023-03-29,Cash on Delivery,27512.18,Success,2023-03-26,27512.18,20230326,0.0
PAY0002062,ORD002062,2024-11-09,Debit Card,5560.16,Success,2024-11-08,5560.16,20241108,0.0
PAY0002063,ORD002063,2023-06-22,Wallet,7120.34,Success,2023-06-21,7120.34,20230621,0.0
PAY0002064,ORD002064,2023-01-03,Debit Card,20544.79,Success,2023-01-03,20544.789999999997,20230103,-3.637978807091713e-12
PAY0002065,ORD002065,2024-08-22,UPI,2629.19,Success,2024-08-20,2629.19,20240820,0.0
PAY0002066,ORD002066,2024-03-15,Net Banking,4161.92,Success,2024-03-12,4161.92,20240312,0.0
PAY0002067,ORD002067,2023-03-03,Net Banking,36766.63,Success,2023-03-01,36766.63,20230301,0.0
PAY0002068,ORD002068,2024-04-08,Cash on Delivery,12830.61,Success,2024-04-07,12830.61,20240407,0.0
PAY0002069,ORD002069,2023-07-10,Debit Card,5914.26,Success,2023-07-08,5914.26,20230708,0.0
PAY0002070,ORD002070,2024-02-21,Credit Card,6641.17,Success,2024-02-19,6641.17,20240219,0.0
PAY0002071,ORD002071,2024-03-28,Wallet,15587.47,Success,2024-03-25,15587.470000000001,20240325,1.8189894035458565e-12
PAY0002072,ORD002072,2024-06-07,Debit Card,30541.35,Pending,2024-06-05,30541.35,20240605,0.0
PAY0002073,ORD002073,2024-04-01,UPI,7497.12,Success,2024-03-31,7497.12,20240331,0.0
PAY0002074,ORD002074,2024-02-26,Debit Card,3181.73,Success,2024-02-23,3181.73,20240223,0.0
PAY0002075,ORD002075,2024-05-13,Credit Card,8363.0,Success,2024-05-12,8363.0,20240512,0.0
PAY0002076,ORD002076,2023-04-24,Debit Card,31497.88,Success,2023-04-24,31497.88,20230424,0.0
PAY0002077,ORD002077,2024-07-19,Cash on Delivery,5673.89,Success,2024-07-19,5673.89,20240719,0.0
PAY0002078,ORD002078,2024-04-30,Net Banking,7308.78,Success,2024-04-27,7308.78,20240427,0.0
PAY0002079,ORD002079,2023-11-01,Net Banking,6420.74,Success,2023-11-01,6420.74,20231101,0.0
PAY0002080,ORD002080,2024-04-11,Wallet,8536.54,Success,2024-04-08,8536.54,20240408,0.0
PAY0002081,ORD002081,2023-12-23,Net Banking,1173.69,Success,2023-12-22,1173.69,20231222,0.0
PAY0002082,ORD002082,2023-06-02,Wallet,4825.08,Failed,2023-05-30,4825.08,20230530,0.0
PAY0002083,ORD002083,2023-05-04,UPI,18292.86,Success,2023-05-01,18292.86,20230501,0.0
PAY0002084,ORD002084,2024-06-21,Cash on Delivery,13778.88,Success,2024-06-20,13778.88,20240620,0.0
PAY0002085,ORD002085,2023-11-05,Debit Card,4848.41,Success,2023-11-04,4848.41,20231104,0.0
PAY0002086,ORD002086,2023-03-24,UPI,12898.6,Refunded,2023-03-21,12898.6,20230321,0.0
PAY0002087,ORD002087,2024-11-03,UPI,9491.490000000002,Success,2024-11-02,9491.490000000002,20241102,0.0
PAY0002088,ORD002088,2024-07-17,Credit Card,5436.49,Success,2024-07-17,5436.49,20240717,0.0
PAY0002089,ORD002089,2023-08-17,Cash on Delivery,6704.7,Success,2023-08-17,6704.7,20230817,0.0
PAY0002090,ORD002090,2024-10-21,Credit Card,6038.15,Success,2024-10-19,6038.15,20241019,0.0
PAY0002091,ORD002091,2024-11-15,UPI,18364.93,Success,2024-11-14,18364.93,20241114,0.0
PAY0002092,ORD002092,2023-09-15,Wallet,8328.34,Success,2023-09-14,8328.34,20230914,0.0
PAY0002093,ORD002093,2023-12-08,Credit Card,3500.38,Success,2023-12-06,3500.38,20231206,0.0
PAY0002094,ORD002094,2023-11-10,Net Banking,12556.39,Success,2023-11-10,12556.39,20231110,0.0
PAY0002095,ORD002095,2024-03-07,Cash on Delivery,42192.08,Success,2024-03-05,44396.35,20240305,2204.269999999997
PAY0002096,ORD002096,2024-06-19,Net Banking,29902.29,Success,2024-06-16,29902.29,20240616,0.0
PAY0002097,ORD002097,2023-12-08,Net Banking,51315.1,Success,2023-12-06,51315.1,20231206,0.0
PAY0002098,ORD002098,2023-02-15,Wallet,13177.13,Success,2023-02-14,13177.130000000001,20230214,1.8189894035458565e-12
PAY0002099,ORD002099,2024-03-06,Net Banking,1942.09,Success,2024-03-04,1942.09,20240304,0.0
PAY0002100,ORD002100,2024-01-03,Net Banking,32933.02,Success,2024-01-02,32933.02,20240102,0.0
PAY0002101,ORD002101,2024-09-20,Wallet,28218.61,Success,2024-09-20,28218.61,20240920,0.0
PAY0002102,ORD002102,2023-07-04,Wallet,13810.32,Pending,2023-07-04,13810.32,20230704,0.0
PAY0002103,ORD002103,2023-09-17,UPI,7648.400000000001,Success,2023-09-14,7648.400000000001,20230914,0.0
PAY0002104,ORD002104,2024-04-11,Wallet,9377.45,Success,2024-04-10,9425.24,20240410,47.789999999999054
PAY0002105,ORD002105,2024-09-07,Cash on Delivery,6168.69,Success,2024-09-06,6168.69,20240906,0.0
PAY0002106,ORD002106,2023-02-01,Wallet,10842.77,Success,2023-01-30,10842.77,20230130,0.0
PAY0002107,ORD002107,2023-10-12,Debit Card,23887.04,Success,2023-10-12,23887.04,20231012,0.0
PAY0002108,ORD002108,2024-11-05,Wallet,4755.82,Success,2024-11-03,4755.82,20241103,0.0
PAY0002109,ORD002109,2023-08-18,Wallet,27739.300000000003,Success,2023-08-16,27739.3,20230816,-3.637978807091713e-12
PAY0002110,ORD002110,2024-02-02,Net Banking,26358.45,Success,2024-02-01,26358.45,20240201,0.0
PAY0002111,ORD002111,2024-09-25,Credit Card,22060.2,Success,2024-09-24,22060.2,20240924,0.0
PAY0002112,ORD002112,2024-09-07,Cash on Delivery,23748.35,Success,2024-09-06,23748.35,20240906,0.0
PAY0002113,ORD002113,2023-05-03,Cash on Delivery,2910.33,Success,2023-05-03,2910.33,20230503,0.0
PAY0002114,ORD002114,2023-01-08,Debit Card,4595.24,Failed,2023-01-06,4595.24,20230106,0.0
PAY0002115,ORD002115,2023-05-06,Wallet,12895.77,Success,2023-05-05,12895.77,20230505,0.0
PAY0002116,ORD002116,2023-01-09,Debit Card,2950.23,Success,2023-01-08,2950.23,20230108,0.0
PAY0002117,ORD002117,2024-08-13,Cash on Delivery,6453.59,Pending,2024-08-13,6453.59,20240813,0.0
PAY0002118,ORD002118,2023-03-28,Wallet,11098.49,Refunded,2023-03-28,11098.49,20230328,0.0
PAY0002119,ORD002119,2024-10-26,Wallet,9243.3,Pending,2024-10-25,9243.3,20241025,0.0
PAY0002120,ORD002120,2024-11-27,Debit Card,4249.81,Success,2024-11-24,4249.81,20241124,0.0
PAY0002121,ORD002121,2023-11-16,Cash on Delivery,3144.6,Success,2023-11-13,3144.6,20231113,0.0
PAY0002122,ORD002122,2023-01-03,Cash on Delivery,48513.34,Success,2023-01-01,48513.340000000004,20230101,7.275957614183426e-12
PAY0002123,ORD002123,2024-02-01,Cash on Delivery,18816.81,Success,2024-01-30,18816.809999999998,20240130,-3.637978807091713e-12
PAY0002124,ORD002124,2024-01-24,Wallet,26160.45,Refunded,2024-01-21,26160.449999999997,20240121,-3.637978807091713e-12
PAY0002125,ORD002125,2024-09-21,Cash on Delivery,953.24,Success,2024-09-21,953.24,20240921,0.0
PAY0002126,ORD002126,2024-11-19,Cash on Delivery,28296.82,Success,2024-11-17,28296.82,20241117,0.0
PAY0002127,ORD002127,2023-12-20,Wallet,8655.32,Success,2023-12-19,8655.32,20231219,0.0
PAY0002128,ORD002128,2023-06-13,Net Banking,21400.52,Failed,2023-06-13,21400.52,20230613,0.0
PAY0002129,ORD002129,2024-02-24,Wallet,2025.14,Success,2024-02-21,2025.14,20240221,0.0
PAY0002130,ORD002130,2023-03-12,Net Banking,42526.96000000001,Success,2023-03-12,42526.96,20230312,-7.275957614183426e-12
PAY0002131,ORD002131,2023-01-26,Debit Card,35320.48,Refunded,2023-01-25,35320.479999999996,20230125,-7.275957614183426e-12
PAY0002132,ORD002132,2023-07-24,Wallet,5585.13,Success,2023-07-23,5585.13,20230723,0.0
PAY0002133,ORD002133,2024-01-26,Wallet,24769.58,Success,2024-01-23,24769.58,20240123,0.0
PAY0002134,ORD002134,2024-05-25,Cash on Delivery,17400.68,Success,2024-05-24,17400.68,20240524,0.0
PAY0002135,ORD002135,2023-02-11,Wallet,14048.73,Success,2023-02-11,14048.73,20230211,0.0
PAY0002136,ORD002136,2024-07-07,Credit Card,30260.870000000003,Success,2024-07-04,30260.87,20240704,-3.637978807091713e-12
PAY0002137,ORD002137,2023-09-23,UPI,8701.77,Success,2023-09-23,8701.77,20230923,0.0
PAY0002138,ORD002138,2024-09-21,Cash on Delivery,17577.97,Success,2024-09-19,16701.35,20240919,-876.6200000000026
PAY0002139,ORD002139,2024-11-05,Credit Card,12600.46,Success,2024-11-05,12600.46,20241105,0.0
PAY0002140,ORD002140,2023-12-18,Debit Card,15094.259999999998,Refunded,2023-12-16,15094.259999999998,20231216,0.0
PAY0002141,ORD002141,2024-11-14,Net Banking,34635.66,Success,2024-11-14,34635.66,20241114,0.0
PAY0002142,ORD002142,2023-10-30,UPI,3722.14,Success,2023-10-27,3722.14,20231027,0.0
PAY0002143,ORD002143,2023-05-28,Cash on Delivery,22816.62,Success,2023-05-28,22816.62,20230528,0.0
PAY0002144,ORD002144,2024-05-15,Net Banking,9400.28,Failed,2024-05-15,9400.28,20240515,0.0
PAY0002145,ORD002145,2024-04-25,Wallet,7449.74,Success,2024-04-25,7449.74,20240425,0.0
PAY0002146,ORD002146,2023-06-21,UPI,32601.48,Success,2023-06-18,32601.48,20230618,0.0
PAY0002147,ORD002147,2024-02-23,Wallet,17224.32,Success,2024-02-21,17224.32,20240221,0.0
PAY0002148,ORD002148,2024-03-07,Cash on Delivery,8466.71,Success,2024-03-04,8466.71,20240304,0.0
PAY0002149,ORD002149,2024-03-07,Cash on Delivery,5321.16,Success,2024-03-07,5321.16,20240307,0.0
PAY0002150,ORD002150,2023-08-27,Credit Card,12600.46,Success,2023-08-25,12600.46,20230825,0.0
PAY0002151,ORD002151,2023-09-22,Net Banking,3928.28,Success,2023-09-21,3928.2799999999997,20230921,-4.547473508864641e-13
PAY0002152,ORD002152,2024-03-25,Debit Card,31196.74,Success,2024-03-23,31196.74,20240323,0.0
PAY0002153,ORD002153,2024-05-21,Wallet,12420.67,Success,2024-05-20,12420.67,20240520,0.0
PAY0002154,ORD002154,2023-10-23,Net Banking,15404.16,Success,2023-10-21,15404.16,20231021,0.0
PAY0002155,ORD002155,2024-01-19,Wallet,2498.33,Success,2024-01-18,2498.33,20240118,0.0
PAY0002156,ORD002156,2023-08-24,Cash on Delivery,3055.75,Success,2023-08-24,3055.75,20230824,0.0
PAY0002157,ORD002157,2023-09-06,Debit Card,16837.96,Success,2023-09-06,16837.96,20230906,0.0
PAY0002158,ORD002158,2023-10-04,Credit Card,1257.02,Success,2023-10-04,1257.02,20231004,0.0
PAY0002159,ORD002159,2023-01-13,UPI,16816.0,Success,2023-01-13,16816.0,20230113,0.0
PAY0002160,ORD002160,2024-03-15,Credit Card,535.55,Success,2024-03-12,535.55,20240312,0.0
PAY0002161,ORD002161,2023-01-28,UPI,22331.79,Success,2023-01-28,22331.79,20230128,0.0
PAY0002162,ORD002162,2023-10-03,Debit Card,498.3,Success,2023-10-02,498.3,20231002,0.0
PAY0002163,ORD002163,2024-03-11,Net Banking,11299.26,Success,2024-03-09,12289.89,20240309,990.6299999999992
PAY0002164,ORD002164,2023-06-20,Debit Card,42943.06,Success,2023-06-20,42943.06,20230620,0.0
PAY0002165,ORD002165,2023-07-31,Debit Card,6454.12,Failed,2023-07-31,6454.12,20230731,0.0
PAY0002166,ORD002166,2024-03-24,Credit Card,19331.46,Success,2024-03-21,19331.46,20240321,0.0
PAY0002167,ORD002167,2023-10-14,Cash on Delivery,15247.28,Success,2023-10-14,15247.279999999999,20231014,-1.8189894035458565e-12
PAY0002168,ORD002168,2023-04-08,UPI,29930.78,Success,2023-04-06,29930.78,20230406,0.0
PAY0002169,ORD002169,2023-03-23,Net Banking,25105.04,Refunded,2023-03-21,25105.04,20230321,0.0
PAY0002170,ORD002170,2024-10-19,Wallet,3242.38,Success,2024-10-19,3242.38,20241019,0.0
PAY0002171,ORD002171,2024-08-15,UPI,2474.04,Success,2024-08-13,2474.04,20240813,0.0
PAY0002172,ORD002172,2023-10-06,Cash on Delivery,15348.79,Success,2023-10-06,15348.789999999999,20231006,-1.8189894035458565e-12
PAY0002173,ORD002173,2023-08-09,UPI,2533.01,Success,2023-08-07,2533.01,20230807,0.0
PAY0002174,ORD002174,2024-10-26,Net Banking,28265.01,Success,2024-10-23,28265.01,20241023,0.0
PAY0002175,ORD002175,2023-02-14,Credit Card,14555.7,Failed,2023-02-13,14555.699999999999,20230213,-1.8189894035458565e-12
PAY0002176,ORD002176,2023-10-16,Cash on Delivery,9508.67,Success,2023-10-16,9508.67,20231016,0.0
PAY0002177,ORD002177,2024-09-16,Cash on Delivery,25573.71,Success,2024-09-14,25573.71,20240914,0.0
PAY0002178,ORD002178,2024-06-25,Credit Card,30218.44,Success,2024-06-23,30218.44,20240623,0.0
PAY0002179,ORD002179,2023-04-08,Credit Card,28378.11,Success,2023-04-06,28378.11,20230406,0.0
PAY0002180,ORD002180,2024-03-08,Net Banking,27125.69,Success,2024-03-08,27125.690000000002,20240308,3.637978807091713e-12
PAY0002181,ORD002181,2024-01-01,Debit Card,13825.28,Refunded,2023-12-31,13825.28,20231231,0.0
PAY0002182,ORD002182,2023-02-12,Credit Card,791.63,Success,2023-02-12,791.63,20230212,0.0
PAY0002183,ORD002183,2024-01-21,Wallet,12010.54,Success,2024-01-19,12010.54,20240119,0.0
PAY0002184,ORD002184,2023-12-05,Credit Card,7979.23,Success,2023-12-02,7979.23,20231202,0.0
PAY0002185,ORD002185,2024-08-17,UPI,9197.85,Success,2024-08-15,9197.85,20240815,0.0
PAY0002186,ORD002186,2024-02-17,Debit Card,4965.61,Success,2024-02-14,4965.61,20240214,0.0
PAY0002187,ORD002187,2023-03-10,Wallet,28164.15,Success,2023-03-10,28164.15,20230310,0.0
PAY0002188,ORD002188,2024-05-11,Cash on Delivery,20472.17,Success,2024-05-11,20472.170000000002,20240511,3.637978807091713e-12
PAY0002189,ORD002189,2023-06-06,UPI,23184.56,Pending,2023-06-05,23184.559999999998,20230605,-3.637978807091713e-12
PAY0002190,ORD002190,2024-05-08,Cash on Delivery,535.55,Success,2024-05-05,535.55,20240505,0.0
PAY0002191,ORD002191,2023-11-22,Cash on Delivery,5356.4,Success,2023-11-21,5356.4,20231121,0.0
PAY0002192,ORD002192,2025-06-17,UPI,9754.77,Success,2025-06-14,9754.77,20250614,0.0
PAY0002193,ORD002193,2023-07-17,UPI,23200.32,Pending,2023-07-15,23200.32,20230715,0.0
PAY0002194,ORD002194,2024-10-19,Net Banking,899.86,Success,2024-10-16,899.86,20241016,0.0
PAY0002195,ORD002195,2024-05-01,Net Banking,1804.42,Success,2024-05-01,1804.42,20240501,0.0
PAY0002196,ORD002196,2023-10-28,UPI,3352.35,Success,2023-10-27,3352.35,20231027,0.0
PAY0002197,ORD002197,2023-07-23,Debit Card,23347.44,Success,2023-07-23,23347.44,20230723,0.0
PAY0002198,ORD002198,2023-02-21,UPI,31520.63,Success,2023-02-19,31520.63,20230219,0.0
PAY0002199,ORD002199,2024-05-15,Debit Card,4350.17,Success,2024-05-15,4350.17,20240515,0.0
PAY0002200,ORD002200,2024-04-28,Wallet,10677.6,Success,2024-04-25,10677.6,20240425,0.0
PAY0002201,ORD002201,2024-11-27,Wallet,1799.72,Success,2024-11-25,1799.72,20241125,0.0
PAY0002202,ORD002202,2024-03-22,Debit Card,13160.45,Success,2024-03-20,13160.45,20240320,0.0
PAY0002203,ORD002203,2024-09-19,UPI,13916.05,Success,2024-09-16,13916.05,20240916,0.0
PAY0002204,ORD002204,2023-01-19,Cash on Delivery,1745.29,Success,2023-01-17,1745.29,20230117,0.0
PAY0002205,ORD002205,2023-05-25,UPI,26897.56,Success,2023-05-22,26897.56,20230522,0.0
PAY0002206,ORD002206,2023-07-27,Cash on Delivery,231.58,Success,2023-07-25,231.58,20230725,0.0
PAY0002207,ORD002207,2023-09-10,Cash on Delivery,400.02,Success,2023-09-07,400.02,20230907,0.0
PAY0002208,ORD002208,2024-03-09,Net Banking,3097.21,Success,2024-03-07,3097.21,20240307,0.0
PAY0002209,ORD002209,2023-02-08,Net Banking,14914.75,Success,2023-02-08,14914.75,20230208,0.0
PAY0002210,ORD002210,2024-03-06,Debit Card,10849.45,Success,2024-03-05,10849.45,20240305,0.0
PAY0002211,ORD002211,2023-08-05,Net Banking,36771.51,Success,2023-08-02,36771.51,20230802,0.0
PAY0002212,ORD002212,2023-07-29,Credit Card,4037.0,Success,2023-07-28,4037.0,20230728,0.0
PAY0002213,ORD002213,2023-04-04,UPI,2223.9700000000003,Pending,2023-04-02,2223.9700000000003,20230402,0.0
PAY0002214,ORD002214,2023-09-18,Wallet,18580.35,Success,2023-09-16,18580.35,20230916,0.0
PAY0002215,ORD002215,2023-10-18,Debit Card,1071.1,Success,2023-10-18,1071.1,20231018,0.0
PAY0002216,ORD002216,2023-05-25,Cash on Delivery,19850.41,Success,2023-05-23,19850.41,20230523,0.0
PAY0002217,ORD002217,2024-02-07,Debit Card,17972.010000000002,Refunded,2024-02-07,17972.01,20240207,-3.637978807091713e-12
PAY0002218,ORD002218,2024-11-16,Credit Card,23043.85,Success,2024-11-16,23043.85,20241116,0.0
PAY0002219,ORD002219,2023-01-23,Wallet,29516.27,Success,2023-01-22,29516.27,20230122,0.0
PAY0002220,ORD002220,2023-01-21,Wallet,12266.04,Success,2023-01-18,12266.04,20230118,0.0
PAY0002221,ORD002221,2023-05-27,Debit Card,17460.780000000002,Success,2023-05-27,17460.780000000002,20230527,0.0
PAY0002222,ORD002222,2023-08-31,Debit Card,19961.92,Success,2023-08-29,19961.92,20230829,0.0
PAY0002223,ORD002223,2023-01-15,UPI,24918.050000000003,Success,2023-01-14,24918.05,20230114,-3.637978807091713e-12
PAY0002224,ORD002224,2024-08-25,Debit Card,42272.78,Success,2024-08-25,42272.78,20240825,0.0
PAY0002225,ORD002225,2024-07-01,Cash on Delivery,9231.07,Success,2024-06-28,9231.07,20240628,0.0
PAY0002226,ORD002226,2023-10-15,Net Banking,1665.74,Success,2023-10-13,1665.74,20231013,0.0
PAY0002227,ORD002227,2024-09-29,Cash on Delivery,6226.31,Success,2024-09-28,6226.31,20240928,0.0
PAY0002228,ORD002228,2024-03-03,Net Banking,14932.61,Success,2024-03-03,14932.61,20240303,0.0
PAY0002229,ORD002229,2024-06-10,Debit Card,447.29,Success,2024-06-08,447.29,20240608,0.0
PAY0002230,ORD002230,2023-03-12,Credit Card,2894.21,Success,2023-03-10,2894.21,20230310,0.0
PAY0002231,ORD002231,2023-01-04,Debit Card,17467.940000000002,Success,2023-01-04,17467.940000000002,20230104,0.0
PAY0002232,ORD002232,2023-02-09,UPI,3412.69,Success,2023-02-07,3412.69,20230207,0.0
PAY0002233,ORD002233,2024-09-19,Cash on Delivery,6227.610000000001,Success,2024-09-19,6227.610000000001,20240919,0.0
PAY0002234,ORD002234,2023-05-23,Net Banking,20914.2,Success,2023-05-23,20914.199999999997,20230523,-3.637978807091713e-12
PAY0002235,ORD002235,2024-09-14,Debit Card,5424.36,Success,2024-09-12,5424.36,20240912,0.0
PAY0002236,ORD002236,2023-04-19,Debit Card,9098.66,Failed,2023-04-17,9098.66,20230417,0.0
PAY0002237,ORD002237,2024-05-07,Wallet,15323.15,Success,2024-05-05,15323.150000000001,20240505,1.8189894035458565e-12
PAY0002238,ORD002238,2023-08-31,Cash on Delivery,7985.04,Success,2023-08-30,7985.04,20230830,0.0
PAY0002239,ORD002239,2024-11-01,Cash on Delivery,4549.33,Success,2024-11-01,4549.33,20241101,0.0
PAY0002240,ORD002240,2024-03-14,Credit Card,39285.91,Success,2024-03-11,39285.91,20240311,0.0
PAY0002241,ORD002241,2024-04-03,Wallet,12598.79,Success,2024-04-03,12598.79,20240403,0.0
PAY0002242,ORD002242,2023-07-12,UPI,17533.5,Success,2023-07-11,17533.5,20230711,0.0
PAY0002243,ORD002243,2024-04-19,Net Banking,29068.3,Success,2024-04-19,29068.3,20240419,0.0
PAY0002244,ORD002244,2023-12-01,Cash on Delivery,7131.42,Success,2023-11-28,7131.42,20231128,0.0
PAY0002245,ORD002245,2024-05-22,Cash on Delivery,10390.04,Success,2024-05-22,10390.04,20240522,0.0
PAY0002246,ORD002246,2023-01-28,UPI,36003.56,Success,2023-01-26,36003.56,20230126,0.0
PAY0002247,ORD002247,2024-03-30,Net Banking,11591.84,Success,2024-03-27,11591.84,20240327,0.0
PAY0002248,ORD002248,2023-05-24,Cash on Delivery,29014.82,Success,2023-05-23,29014.82,20230523,0.0
PAY0002249,ORD002249,2024-03-27,Wallet,7782.48,Success,2024-03-27,7782.48,20240327,0.0
PAY0002250,ORD002250,2024-10-30,Debit Card,8863.66,Success,2024-10-29,8863.66,20241029,0.0
PAY0002251,ORD002251,2024-09-01,Net Banking,31389.59,Success,2024-08-31,31389.59,20240831,0.0
PAY0002252,ORD002252,2023-12-25,Debit Card,15597.61,Success,2023-12-24,15597.61,20231224,0.0
PAY0002253,ORD002253,2024-08-26,Cash on Delivery,3691.04,Success,2024-08-26,3691.04,20240826,0.0
PAY0002254,ORD002254,2023-03-08,Debit Card,4975.96,Success,2023-03-07,4975.96,20230307,0.0
PAY0002255,ORD002255,2024-08-11,UPI,42167.03,Success,2024-08-08,42167.03,20240808,0.0
PAY0002256,ORD002256,2023-06-17,Credit Card,34423.72,Success,2023-06-15,34423.72,20230615,0.0
PAY0002257,ORD002257,2023-01-19,Net Banking,3591.79,Success,2023-01-17,3591.79,20230117,0.0
PAY0002258,ORD002258,2023-01-23,Cash on Delivery,1532.82,Pending,2023-01-21,1532.82,20230121,0.0
PAY0002259,ORD002259,2023-05-24,Credit Card,1460.84,Success,2023-05-23,1460.84,20230523,0.0
PAY0002260,ORD002260,2023-01-28,Cash on Delivery,11305.27,Success,2023-01-26,11305.27,20230126,0.0
PAY0002261,ORD002261,2023-11-12,Credit Card,27774.02,Failed,2023-11-09,27774.02,20231109,0.0
PAY0002262,ORD002262,2023-09-19,Credit Card,8381.49,Refunded,2023-09-19,8381.49,20230919,0.0
PAY0002263,ORD002263,2023-09-19,Cash on Delivery,16478.13,Success,2023-09-17,16478.13,20230917,0.0
PAY0002264,ORD002264,2024-11-03,Net Banking,7848.21,Success,2024-11-02,7848.21,20241102,0.0
PAY0002265,ORD002265,2023-07-23,Cash on Delivery,4558.05,Success,2023-07-23,4558.05,20230723,0.0
PAY0002266,ORD002266,2024-11-09,UPI,5530.05,Refunded,2024-11-08,5530.05,20241108,0.0
PAY0002267,ORD002267,2024-05-21,Net Banking,1655.98,Success,2024-05-21,1655.98,20240521,0.0
PAY0002268,ORD002268,2023-02-03,Debit Card,10840.04,Success,2023-01-31,10840.04,20230131,0.0
PAY0002269,ORD002269,2024-09-16,Net Banking,9402.56,Success,2024-09-15,9402.56,20240915,0.0
PAY0002270,ORD002270,2024-07-30,Wallet,13679.94,Success,2024-07-28,13679.94,20240728,0.0
PAY0002271,ORD002271,2024-07-05,Credit Card,31281.51,Success,2024-07-02,31281.51,20240702,0.0
PAY0002272,ORD002272,2024-01-05,Debit Card,791.63,Success,2024-01-05,791.63,20240105,0.0
PAY0002273,ORD002273,2023-01-10,Wallet,3534.09,Success,2023-01-09,3534.0899999999997,20230109,-4.547473508864641e-13
PAY0002274,ORD002274,2023-07-22,Net Banking,20717.06,Success,2023-07-20,20717.059999999998,20230720,-3.637978807091713e-12
PAY0002275,ORD002275,2023-05-29,UPI,3528.69,Success,2023-05-26,3528.69,20230526,0.0
PAY0002276,ORD002276,2023-09-07,Credit Card,19876.31,Failed,2023-09-05,19876.309999999998,20230905,-3.637978807091713e-12
PAY0002277,ORD002277,2024-12-30,UPI,47424.94,Refunded,2024-12-28,47424.94,20241228,0.0
PAY0002278,ORD002278,2024-11-05,Net Banking,1960.53,Success,2024-11-04,1960.53,20241104,0.0
PAY0002279,ORD002279,2023-05-24,Cash on Delivery,759.06,Success,2023-05-23,759.06,20230523,0.0
PAY0002280,ORD002280,2023-08-20,Credit Card,27331.37,Success,2023-08-18,27331.37,20230818,0.0
PAY0002281,ORD002281,2023-04-27,Wallet,2743.61,Success,2023-04-25,2743.61,20230425,0.0
PAY0002282,ORD002282,2024-02-18,Debit Card,25789.76,Success,2024-02-15,25789.76,20240215,0.0
PAY0002283,ORD002283,2023-07-07,Net Banking,20532.79,Pending,2023-07-07,20532.79,20230707,0.0
PAY0002284,ORD002284,2024-06-26,Net Banking,12595.32,Success,2024-06-25,12595.32,20240625,0.0
PAY0002285,ORD002285,2023-09-24,Credit Card,8426.99,Success,2023-09-23,8426.99,20230923,0.0
PAY0002286,ORD002286,2024-08-22,Wallet,17344.7,Success,2024-08-21,17344.7,20240821,0.0
PAY0002287,ORD002287,2023-12-19,Wallet,4607.92,Success,2023-12-19,4607.92,20231219,0.0
PAY0002288,ORD002288,2024-03-03,UPI,1652.59,Success,2024-03-03,1652.59,20240303,0.0
PAY0002289,ORD002289,2024-03-30,Wallet,27450.61,Success,2024-03-28,27450.61,20240328,0.0
PAY0002290,ORD002290,2024-05-02,UPI,3623.42,Success,2024-05-02,3623.42,20240502,0.0
PAY0002291,ORD002291,2023-04-15,Cash on Delivery,546.18,Refunded,2023-04-14,546.18,20230414,0.0
PAY0002292,ORD002292,2024-02-07,Debit Card,19176.44,Success,2024-02-06,19176.44,20240206,0.0
PAY0002293,ORD002293,2024-09-09,Cash on Delivery,17532.62,Success,2024-09-09,17532.62,20240909,0.0
PAY0002294,ORD002294,2023-03-20,UPI,22698.08,Success,2023-03-17,22698.08,20230317,0.0
PAY0002295,ORD002295,2024-09-23,Cash on Delivery,25274.8,Success,2024-09-22,25274.8,20240922,0.0
PAY0002296,ORD002296,2024-03-27,Wallet,5338.68,Refunded,2024-03-27,5338.68,20240327,0.0
PAY0002297,ORD002297,2024-07-25,Cash on Delivery,14282.52,Success,2024-07-23,14282.52,20240723,0.0
PAY0002298,ORD002298,2024-10-27,Cash on Delivery,11708.999999999998,Success,2024-10-27,11708.999999999998,20241027,0.0
PAY0002299,ORD002299,2024-01-11,Net Banking,18954.58,Failed,2024-01-11,18954.58,20240111,0.0
PAY0002300,ORD002300,2023-05-17,Cash on Delivery,10126.46,Success,2023-05-16,10126.46,20230516,0.0
PAY0002301,ORD002301,2024-09-18,Credit Card,8554.17,Failed,2024-09-16,8554.17,20240916,0.0
PAY0002302,ORD002302,2024-10-05,Net Banking,4984.23,Success,2024-10-05,4984.23,20241005,0.0
PAY0002303,ORD002303,2023-09-12,Wallet,17965.05,Success,2023-09-12,17965.05,20230912,0.0
PAY0002304,ORD002304,2024-11-13,Credit Card,29832.2,Success,2024-11-11,29832.2,20241111,0.0
PAY0002305,ORD002305,2024-02-24,Debit Card,25065.56,Success,2024-02-22,25065.559999999998,20240222,-3.637978807091713e-12
PAY0002306,ORD002306,2024-02-04,Debit Card,3992.96,Success,2024-02-04,3992.96,20240204,0.0
PAY0002307,ORD002307,2023-04-27,Cash on Delivery,21886.99,Success,2023-04-25,21886.989999999998,20230425,-3.637978807091713e-12
PAY0002308,ORD002308,2024-05-15,Debit Card,53007.39,Success,2024-05-15,53007.39,20240515,0.0
PAY0002309,ORD002309,2024-08-06,Debit Card,19700.25,Refunded,2024-08-03,19700.25,20240803,0.0
PAY0002310,ORD002310,2024-05-12,Debit Card,8632.13,Failed,2024-05-10,8632.13,20240510,0.0
PAY0002311,ORD002311,2023-01-05,Credit Card,5417.46,Success,2023-01-02,5417.46,20230102,0.0
PAY0002312,ORD002312,2024-01-18,Wallet,40684.92,Success,2024-01-18,40684.92,20240118,0.0
PAY0002313,ORD002313,2023-01-07,Credit Card,901.85,Success,2023-01-07,901.85,20230107,0.0
PAY0002314,ORD002314,2024-09-20,UPI,14546.34,Success,2024-09-19,14546.34,20240919,0.0
PAY0002315,ORD002315,2023-06-26,Wallet,13647.99,Success,2023-06-24,13647.99,20230624,0.0
PAY0002316,ORD002316,2024-10-27,Cash on Delivery,5858.08,Refunded,2024-10-26,5858.08,20241026,0.0
PAY0002317,ORD002317,2023-10-08,Debit Card,9330.31,Success,2023-10-07,9330.31,20231007,0.0
PAY0002318,ORD002318,2023-09-04,Net Banking,13325.9,Failed,2023-09-03,13325.9,20230903,0.0
PAY0002319,ORD002319,2024-07-19,Credit Card,22760.380000000005,Success,2024-07-16,22760.38,20240716,-3.637978807091713e-12
PAY0002320,ORD002320,2023-04-14,Debit Card,11708.95,Success,2023-04-13,11708.95,20230413,0.0
PAY0002321,ORD002321,2023-06-03,Net Banking,68257.06,Success,2023-06-02,68257.06,20230602,0.0
PAY0002322,ORD002322,2023-06-27,Wallet,16019.12,Success,2023-06-27,16019.12,20230627,0.0
PAY0002323,ORD002323,2024-06-20,Cash on Delivery,3775.43,Success,2024-06-19,3607.56,20240619,-167.8699999999999
PAY0002324,ORD002324,2024-10-26,UPI,18140.44,Success,2024-10-26,18140.440000000002,20241026,3.637978807091713e-12
PAY0002325,ORD002325,2024-06-09,Wallet,6733.06,Failed,2024-06-06,6733.06,20240606,0.0
PAY0002326,ORD002326,2023-01-26,Net Banking,57342.1,Success,2023-01-24,57342.1,20230124,0.0
PAY0002327,ORD002327,2024-05-02,Credit Card,20255.590000000004,Success,2024-04-30,20255.59,20240430,-3.637978807091713e-12
PAY0002328,ORD002328,2023-02-01,Credit Card,6559.01,Success,2023-01-29,6559.01,20230129,0.0
PAY0002329,ORD002329,2023-01-07,Credit Card,5799.72,Success,2023-01-07,5799.72,20230107,0.0
PAY0002330,ORD002330,2024-10-02,Debit Card,1002.05,Success,2024-09-29,1002.05,20240929,0.0
PAY0002331,ORD002331,2024-09-23,Debit Card,9409.76,Success,2024-09-23,9409.76,20240923,0.0
PAY0002332,ORD002332,2024-05-27,Net Banking,11257.72,Success,2024-05-25,11257.72,20240525,0.0
PAY0002333,ORD002333,2024-05-27,Credit Card,31699.91,Success,2024-05-27,31699.91,20240527,0.0
PAY0002334,ORD002334,2023-05-21,Credit Card,13441.57,Success,2023-05-18,13441.57,20230518,0.0
PAY0002335,ORD002335,2023-08-16,Credit Card,12582.47,Refunded,2023-08-13,12582.47,20230813,0.0
PAY0002336,ORD002336,2024-07-12,Wallet,6226.82,Success,2024-07-11,6226.82,20240711,0.0
PAY0002337,ORD002337,2023-05-24,Debit Card,30034.27,Success,2023-05-24,30034.27,20230524,0.0
PAY0002338,ORD002338,2024-01-29,Net Banking,1936.8,Success,2024-01-26,1936.8000000000002,20240126,2.2737367544323206e-13
PAY0002339,ORD002339,2023-03-18,Net Banking,3527.8,Success,2023-03-15,3527.8,20230315,0.0
PAY0002340,ORD002340,2024-01-22,UPI,11980.04,Success,2024-01-19,12616.1,20240119,636.0599999999995
PAY0002341,ORD002341,2023-08-03,Debit Card,7218.41,Success,2023-08-01,7218.41,20230801,0.0
PAY0002342,ORD002342,2024-01-23,Net Banking,8955.28,Success,2024-01-22,8955.28,20240122,0.0
PAY0002343,ORD002343,2024-08-10,UPI,40647.12,Success,2024-08-09,40647.12,20240809,0.0
PAY0002344,ORD002344,2023-08-17,Credit Card,12307.67,Success,2023-08-14,12307.67,20230814,0.0
PAY0002345,ORD002345,2023-12-20,Net Banking,23364.52,Success,2023-12-19,23364.52,20231219,0.0
PAY0002346,ORD002346,2023-04-28,Cash on Delivery,1152.32,Refunded,2023-04-27,1152.32,20230427,0.0
PAY0002347,ORD002347,2023-10-15,Debit Card,4677.29,Pending,2023-10-14,4677.29,20231014,0.0
PAY0002348,ORD002348,2024-08-16,Debit Card,3002.04,Success,2024-08-15,3002.04,20240815,0.0
PAY0002349,ORD002349,2024-05-06,Cash on Delivery,49471.68,Success,2024-05-06,49471.68,20240506,0.0
PAY0002350,ORD002350,2024-02-18,Debit Card,6559.01,Success,2024-02-15,6559.01,20240215,0.0
PAY0002351,ORD002351,2024-09-19,UPI,832.43,Success,2024-09-19,832.43,20240919,0.0
PAY0002352,ORD002352,2024-09-24,Credit Card,2471.37,Success,2024-09-21,2471.37,20240921,0.0
PAY0002353,ORD002353,2023-04-22,Debit Card,4048.25,Refunded,2023-04-20,4048.25,20230420,0.0
PAY0002354,ORD002354,2024-03-06,Debit Card,17810.75,Success,2024-03-03,18394.19,20240303,583.4399999999987
PAY0002355,ORD002355,2023-01-13,Cash on Delivery,1624.33,Success,2023-01-10,1624.33,20230110,0.0
PAY0002356,ORD002356,2024-02-22,Wallet,2430.88,Failed,2024-02-21,2430.88,20240221,0.0
PAY0002357,ORD002357,2024-09-04,Credit Card,4097.38,Success,2024-09-02,4097.38,20240902,0.0
PAY0002358,ORD002358,2023-04-16,Net Banking,-5161.44,Success,2023-04-16,-5161.44,20230416,0.0
PAY0002359,ORD002359,2024-06-06,Net Banking,9117.67,Success,2024-06-03,9117.67,20240603,0.0
PAY0002360,ORD002360,2024-10-26,Wallet,14883.57,Success,2024-10-25,14883.57,20241025,0.0
PAY0002361,ORD002361,2023-04-30,Debit Card,2921.68,Success,2023-04-27,2921.68,20230427,0.0
PAY0002362,ORD002362,2023-12-24,Debit Card,27636.65,Success,2023-12-23,27636.65,20231223,0.0
PAY0002363,ORD002363,2024-03-07,Net Banking,4058.779999999999,Success,2024-03-07,4058.779999999999,20240307,0.0
PAY0002364,ORD002364,2023-12-06,Cash on Delivery,2533.01,Success,2023-12-04,2533.01,20231204,0.0
PAY0002365,ORD002365,2023-09-07,Cash on Delivery,6781.05,Success,2023-09-06,6781.05,20230906,0.0
PAY0002366,ORD002366,2024-05-31,Credit Card,8109.96,Pending,2024-05-30,8815.68,20240530,705.7200000000003
PAY0002367,ORD002367,2024-07-15,Wallet,19395.0,Success,2024-07-15,19395.0,20240715,0.0
PAY0002368,ORD002368,2024-10-11,Cash on Delivery,35537.61,Success,2024-10-09,35537.61,20241009,0.0
PAY0002369,ORD002369,2023-03-15,Wallet,26579.0,Success,2023-03-13,26579.0,20230313,0.0
PAY0002370,ORD002370,2024-10-09,Credit Card,22263.35,Success,2024-10-06,22263.35,20241006,0.0
PAY0002371,ORD002371,2023-07-06,UPI,10642.32,Success,2023-07-06,10642.32,20230706,0.0
PAY0002372,ORD002372,2023-08-27,Cash on Delivery,1983.28,Success,2023-08-27,1983.28,20230827,0.0
PAY0002373,ORD002373,2023-09-16,Wallet,36893.2,Success,2023-09-15,36893.2,20230915,0.0
PAY0002374,ORD002374,2023-09-08,Wallet,13476.75,Success,2023-09-06,13476.75,20230906,0.0
PAY0002375,ORD002375,2023-02-20,Credit Card,4050.28,Pending,2023-02-17,4050.28,20230217,0.0
PAY0002376,ORD002376,2024-07-08,Cash on Delivery,9007.29,Success,2024-07-05,9007.289999999999,20240705,-1.8189894035458565e-12
PAY0002377,ORD002377,2024-09-13,UPI,16241.08,Success,2024-09-11,16241.08,20240911,0.0
PAY0002378,ORD002378,2023-12-04,Wallet,7504.08,Pending,2023-12-03,7504.08,20231203,0.0
PAY0002379,ORD002379,2023-08-11,Credit Card,6088.4,Pending,2023-08-09,6088.4,20230809,0.0
PAY0002380,ORD002380,2023-05-04,Credit Card,10478.15,Success,2023-05-04,10478.15,20230504,0.0
PAY0002381,ORD002381,2023-05-16,Cash on Delivery,862.91,Success,2023-05-16,862.91,20230516,0.0
PAY0002382,ORD002382,2024-09-25,Credit Card,33715.82,Success,2024-09-23,33715.82,20240923,0.0
PAY0002383,ORD002383,2023-07-09,UPI,4610.44,Success,2023-07-09,4610.44,20230709,0.0
PAY0002384,ORD002384,2023-04-14,UPI,14291.43,Success,2023-04-13,14291.43,20230413,0.0
PAY0002385,ORD002385,2023-10-05,Net Banking,45893.88,Success,2023-10-05,48968.6,20231005,3074.720000000001
PAY0002386,ORD002386,2023-01-11,Wallet,8528.72,Success,2023-01-08,8528.72,20230108,0.0
PAY0002387,ORD002387,2023-05-04,Wallet,22447.88,Success,2023-05-01,22447.88,20230501,0.0
PAY0002388,ORD002388,2023-01-10,Cash on Delivery,7341.91,Success,2023-01-09,7341.91,20230109,0.0
PAY0002389,ORD002389,2024-07-07,Debit Card,1492.36,Success,2024-07-06,1492.36,20240706,0.0
PAY0002390,ORD002390,2023-11-07,Net Banking,5714.780000000001,Success,2023-11-04,5714.780000000001,20231104,0.0
PAY0002391,ORD002391,2023-07-03,Net Banking,12314.3,Success,2023-07-03,12314.3,20230703,0.0
PAY0002392,ORD002392,2024-01-30,UPI,28839.980000000003,Success,2024-01-28,28839.98,20240128,-3.637978807091713e-12
PAY0002393,ORD002393,2024-10-14,Wallet,9566.7,Success,2024-10-11,9566.7,20241011,0.0
PAY0002394,ORD002394,2024-11-12,Debit Card,25828.82,Failed,2024-11-10,25828.82,20241110,0.0
PAY0002395,ORD002395,2024-07-04,Wallet,29228.69,Success,2024-07-04,29228.690000000002,20240704,3.637978807091713e-12
PAY0002396,ORD002396,2023-07-18,Net Banking,3820.16,Success,2023-07-16,3820.16,20230716,0.0
PAY0002397,ORD002397,2023-10-17,Cash on Delivery,18706.7,Success,2023-10-15,18706.7,20231015,0.0
PAY0002398,ORD002398,2023-07-15,Debit Card,7636.65,Success,2023-07-12,7636.65,20230712,0.0
PAY0002399,ORD002399,2023-08-24,Credit Card,20647.75,Success,2023-08-24,20647.75,20230824,0.0
PAY0002400,ORD002400,2024-01-26,Credit Card,11006.87,Success,2024-01-26,11006.869999999999,20240126,-1.8189894035458565e-12
PAY0002401,ORD002401,2023-10-24,Credit Card,8884.710000000001,Success,2023-10-22,8884.710000000001,20231022,0.0
PAY0002402,ORD002402,2023-05-19,Wallet,10685.14,Success,2023-05-17,10685.14,20230517,0.0
PAY0002403,ORD002403,2024-08-17,Wallet,14228.09,Success,2024-08-14,14228.09,20240814,0.0
PAY0002404,ORD002404,2024-10-01,Cash on Delivery,6443.82,Failed,2024-09-28,6443.82,20240928,0.0
PAY0002405,ORD002405,2023-09-14,UPI,21577.61,Success,2023-09-12,21577.61,20230912,0.0
PAY0002406,ORD002406,2023-12-03,Cash on Delivery,629.94,Refunded,2023-12-01,629.94,20231201,0.0
PAY0002407,ORD002407,2024-04-14,Credit Card,15273.3,Success,2024-04-13,15273.3,20240413,0.0
PAY0002408,ORD002408,2023-12-18,Credit Card,12616.1,Success,2023-12-15,12616.1,20231215,0.0
PAY0002409,ORD002409,2024-09-18,Net Banking,1195.14,Refunded,2024-09-17,1195.14,20240917,0.0
PAY0002410,ORD002410,2024-08-28,Credit Card,2390.56,Pending,2024-08-26,2390.56,20240826,0.0
PAY0002411,ORD002411,2024-04-14,UPI,8601.91,Success,2024-04-13,8601.91,20240413,0.0
PAY0002412,ORD002412,2024-09-28,Net Banking,16547.1,Success,2024-09-28,16547.1,20240928,0.0
PAY0002413,ORD002413,2023-04-16,Cash on Delivery,76125.31,Success,2023-04-16,76125.31,20230416,0.0
PAY0002414,ORD002414,2023-01-02,Wallet,12855.42,Success,2023-01-01,12855.42,20230101,0.0
PAY0002415,ORD002415,2023-04-12,Net Banking,10456.57,Success,2023-04-09,10456.57,20230409,0.0
PAY0002416,ORD002416,2023-07-30,Net Banking,8766.75,Refunded,2023-07-29,8766.75,20230729,0.0
PAY0002417,ORD002417,2024-08-15,Credit Card,13685.26,Success,2024-08-12,13685.26,20240812,0.0
PAY0002418,ORD002418,2023-11-28,Wallet,37854.02,Success,2023-11-28,37854.020000000004,20231128,7.275957614183426e-12
PAY0002419,ORD002419,2023-08-25,Cash on Delivery,3816.19,Refunded,2023-08-23,3816.19,20230823,0.0
PAY0002420,ORD002420,2023-07-04,UPI,13405.11,Success,2023-07-02,13405.11,20230702,0.0
PAY0002421,ORD002421,2023-06-24,Debit Card,3123.08,Success,2023-06-21,3123.08,20230621,0.0
PAY0002422,ORD002422,2023-12-06,Wallet,3144.6,Pending,2023-12-05,3144.6,20231205,0.0
PAY0002423,ORD002423,2024-01-23,Debit Card,13485.48,Pending,2024-01-21,13485.48,20240121,0.0
PAY0002424,ORD002424,2024-06-13,Wallet,10405.91,Success,2024-06-13,10405.91,20240613,0.0
PAY0002425,ORD002425,2024-11-19,Cash on Delivery,3686.51,Success,2024-11-18,3686.51,20241118,0.0
PAY0002426,ORD002426,2023-01-23,UPI,3078.83,Success,2023-01-23,3078.83,20230123,0.0
PAY0002427,ORD002427,2024-09-08,Cash on Delivery,8231.54,Success,2024-09-07,8231.54,20240907,0.0
PAY0002428,ORD002428,2024-10-20,Net Banking,-18114.45,Success,2024-10-20,-18114.45,20241020,0.0
PAY0002429,ORD002429,2024-04-17,UPI,6637.99,Success,2024-04-15,6637.99,20240415,0.0
PAY0002430,ORD002430,2023-12-02,Wallet,16404.48,Success,2023-12-02,16404.48,20231202,0.0
PAY0002431,ORD002431,2023-11-10,Cash on Delivery,15160.170000000002,Success,2023-11-08,15160.17,20231108,-1.8189894035458565e-12
PAY0002432,ORD002432,2024-01-23,UPI,5337.71,Failed,2024-01-22,5337.71,20240122,0.0
PAY0002433,ORD002433,2023-07-22,Net Banking,7227.46,Success,2023-07-20,7227.46,20230720,0.0
PAY0002434,ORD002434,2024-04-07,Debit Card,28783.06,Success,2024-04-04,28783.059999999998,20240404,-3.637978807091713e-12
PAY0002435,ORD002435,2024-04-19,Debit Card,31710.96,Success,2024-04-17,31710.96,20240417,0.0
PAY0002436,ORD002436,2024-02-08,Credit Card,13813.88,Pending,2024-02-06,13813.88,20240206,0.0
PAY0002437,ORD002437,2024-09-14,Credit Card,6999.91,Success,2024-09-11,6999.91,20240911,0.0
PAY0002438,ORD002438,2024-09-20,Wallet,5673.89,Success,2024-09-19,5673.89,20240919,0.0
PAY0002439,ORD002439,2023-05-22,Net Banking,28525.68,Pending,2023-05-22,28525.68,20230522,0.0
PAY0002440,ORD002440,2023-01-31,Wallet,21016.38,Success,2023-01-29,21016.38,20230129,0.0
PAY0002441,ORD002441,2023-01-28,Net Banking,5962.8,Success,2023-01-26,5962.8,20230126,0.0
PAY0002442,ORD002442,2023-11-15,Wallet,7247.14,Success,2023-11-12,6737.87,20231112,-509.27000000000044
PAY0002443,ORD002443,2023-08-04,UPI,12899.16,Success,2023-08-01,12899.16,20230801,0.0
PAY0002444,ORD002444,2024-08-08,UPI,40180.16,Success,2024-08-07,38432.56,20240807,-1747.6000000000058
PAY0002445,ORD002445,2023-06-04,Cash on Delivery,6061.700000000001,Success,2023-06-03,6061.700000000001,20230603,0.0
PAY0002446,ORD002446,2024-11-01,Credit Card,16900.38,Pending,2024-11-01,16900.38,20241101,0.0
PAY0002447,ORD002447,2024-11-27,Net Banking,28122.76,Success,2024-11-24,28122.76,20241124,0.0
PAY0002448,ORD002448,2023-02-09,UPI,27817.95,Success,2023-02-07,27817.95,20230207,0.0
PAY0002449,ORD002449,2023-09-10,Net Banking,6073.19,Success,2023-09-09,6073.19,20230909,0.0
PAY0002450,ORD002450,2023-03-23,Credit Card,9233.79,Success,2023-03-22,9233.79,20230322,0.0
PAY0002451,ORD002451,2023-03-25,Cash on Delivery,10723.76,Success,2023-03-24,10723.76,20230324,0.0
PAY0002452,ORD002452,2023-10-13,Wallet,6212.29,Success,2023-10-11,6212.29,20231011,0.0
PAY0002453,ORD002453,2024-04-06,UPI,1816.09,Success,2024-04-05,1816.09,20240405,0.0
PAY0002454,ORD002454,2024-08-21,Cash on Delivery,2419.16,Success,2024-08-20,2419.16,20240820,0.0
PAY0002455,ORD002455,2023-01-17,UPI,1790.18,Success,2023-01-17,1790.18,20230117,0.0
PAY0002456,ORD002456,2024-01-20,UPI,14906.72,Success,2024-01-19,14906.72,20240119,0.0
PAY0002457,ORD002457,2023-08-26,Wallet,4424.55,Success,2023-08-26,4424.55,20230826,0.0
PAY0002458,ORD002458,2023-01-20,Credit Card,7985.04,Success,2023-01-18,7985.04,20230118,0.0
PAY0002459,ORD002459,2023-06-28,Credit Card,3659.2,Success,2023-06-28,3659.2,20230628,0.0
PAY0002460,ORD002460,2024-06-29,Net Banking,6449.58,Success,2024-06-28,6449.58,20240628,0.0
PAY0002461,ORD002461,2023-08-09,UPI,2327.01,Success,2023-08-07,2327.01,20230807,0.0
PAY0002462,ORD002462,2023-12-17,Net Banking,29352.3,Success,2023-12-14,26147.07,20231214,-3205.2299999999996
PAY0002463,ORD002463,2023-12-03,Credit Card,24902.8,Pending,2023-12-02,24902.800000000003,20231202,3.637978807091713e-12
PAY0002464,ORD002464,2023-08-22,Cash on Delivery,9830.04,Success,2023-08-20,9830.04,20230820,0.0
PAY0002465,ORD002465,2024-12-01,Wallet,14590.990000000002,Success,2024-11-29,14590.990000000002,20241129,0.0
PAY0002466,ORD002466,2023-04-03,Wallet,10234.6,Success,2023-04-03,10234.599999999999,20230403,-1.8189894035458565e-12
PAY0002467,ORD002467,2023-05-28,Net Banking,5747.2,Success,2023-05-25,5747.2,20230525,0.0
PAY0002468,ORD002468,2023-11-23,Net Banking,3802.6,Success,2023-11-22,3802.6000000000004,20231122,4.547473508864641e-13
PAY0002469,ORD002469,2024-01-11,Net Banking,9774.59,Success,2024-01-09,9774.59,20240109,0.0
PAY0002470,ORD002470,2024-10-01,Net Banking,27526.03,Success,2024-09-29,27526.03,20240929,0.0
PAY0002471,ORD002471,2023-06-26,Cash on Delivery,17116.54,Success,2023-06-24,17116.54,20230624,0.0
PAY0002472,ORD002472,2024-01-22,UPI,13667.92,Refunded,2024-01-21,13667.92,20240121,0.0
PAY0002473,ORD002473,2024-08-27,Cash on Delivery,3443.88,Success,2024-08-24,3443.88,20240824,0.0
PAY0002474,ORD002474,2023-02-27,UPI,6467.11,Success,2023-02-26,6467.11,20230226,0.0
PAY0002475,ORD002475,2023-05-13,Cash on Delivery,1302.09,Success,2023-05-11,1302.09,20230511,0.0
PAY0002476,ORD002476,2024-09-16,Debit Card,11673.74,Success,2024-09-14,11673.74,20240914,0.0
PAY0002477,ORD002477,2024-08-27,Cash on Delivery,16479.27,Success,2024-08-24,16479.27,20240824,0.0
PAY0002478,ORD002478,2023-11-01,Wallet,12906.02,Success,2023-10-30,12906.02,20231030,0.0
PAY0002479,ORD002479,2023-12-08,UPI,23424.33,Failed,2023-12-07,23424.33,20231207,0.0
PAY0002480,ORD002480,2023-02-12,Wallet,29048.59,Success,2023-02-09,29048.59,20230209,0.0
PAY0002481,ORD002481,2023-04-04,Debit Card,47169.54,Success,2023-04-01,47169.54,20230401,0.0
PAY0002482,ORD002482,2024-01-07,Cash on Delivery,12814.34,Refunded,2024-01-05,12814.34,20240105,0.0
PAY0002483,ORD002483,2023-09-04,UPI,4033.08,Success,2023-09-01,4033.08,20230901,0.0
PAY0002484,ORD002484,2024-09-06,UPI,2950.23,Success,2024-09-03,2950.23,20240903,0.0
PAY0002485,ORD002485,2023-12-18,Credit Card,15849.79,Success,2023-12-16,15849.789999999999,20231216,-1.8189894035458565e-12
PAY0002486,ORD002486,2023-01-24,Credit Card,16691.28,Success,2023-01-24,16691.28,20230124,0.0
PAY0002487,ORD002487,2024-09-22,Wallet,9552.76,Success,2024-09-22,9552.76,20240922,0.0
PAY0002488,ORD002488,2023-06-16,Debit Card,29525.34,Success,2023-06-13,27155.35,20230613,-2369.9900000000016
PAY0002489,ORD002489,2024-03-03,Debit Card,6326.27,Success,2024-03-03,6326.27,20240303,0.0
PAY0002490,ORD002490,2024-01-03,Net Banking,13257.04,Success,2023-12-31,13257.04,20231231,0.0
PAY0002491,ORD002491,2023-05-30,Wallet,27773.36,Pending,2023-05-30,27773.36,20230530,0.0
PAY0002492,ORD002492,2023-01-05,Credit Card,17405.84,Success,2023-01-04,17405.84,20230104,0.0
PAY0002493,ORD002493,2024-05-19,Debit Card,15310.66,Success,2024-05-19,15310.66,20240519,0.0
PAY0002494,ORD002494,2023-06-02,Debit Card,34469.52,Success,2023-05-30,34469.52,20230530,0.0
PAY0002495,ORD002495,2024-07-27,Credit Card,39213.65,Success,2024-07-26,39213.65,20240726,0.0
PAY0002496,ORD002496,2024-04-20,Debit Card,19348.74,Pending,2024-04-19,19348.74,20240419,0.0
PAY0002497,ORD002497,2023-02-18,UPI,556.92,Success,2023-02-15,556.92,20230215,0.0
PAY0002498,ORD002498,2024-10-11,Debit Card,12448.42,Success,2024-10-08,12448.42,20241008,0.0
PAY0002499,ORD002499,2023-06-27,UPI,15359.05,Success,2023-06-27,15359.05,20230627,0.0
PAY0002500,ORD002500,2024-05-06,Cash on Delivery,9830.17,Success,2024-05-03,9830.17,20240503,0.0
PAY0002501,ORD002501,2023-02-13,Cash on Delivery,40720.7,Success,2023-02-12,40720.7,20230212,0.0
PAY0002502,ORD002502,2024-06-01,Debit Card,1721.94,Success,2024-06-01,1721.94,20240601,0.0
PAY0002503,ORD002503,2024-02-04,UPI,26028.13,Pending,2024-02-03,29065.62,20240203,3037.489999999998
PAY0002504,ORD002504,2024-06-28,UPI,1822.06,Success,2024-06-27,1589.9099999999999,20240627,-232.1500000000001
PAY0002505,ORD002505,2024-10-02,Cash on Delivery,8513.93,Success,2024-09-30,8513.93,20240930,0.0
PAY0002506,ORD002506,2024-10-26,Cash on Delivery,15037.38,Success,2024-10-24,15037.38,20241024,0.0
PAY0002507,ORD002507,2024-07-24,Net Banking,37554.08,Success,2024-07-23,37554.08,20240723,0.0
PAY0002508,ORD002508,2023-03-24,UPI,17350.489999999998,Success,2023-03-23,17350.489999999998,20230323,0.0
PAY0002509,ORD002509,2023-05-07,Net Banking,8237.91,Success,2023-05-05,8237.91,20230505,0.0
PAY0002510,ORD002510,2023-09-12,Wallet,14830.86,Success,2023-09-09,14830.86,20230909,0.0
PAY0002511,ORD002511,2023-05-05,Credit Card,1498.15,Success,2023-05-05,1498.15,20230505,0.0
PAY0002512,ORD002512,2023-11-13,Net Banking,15530.419999999998,Pending,2023-11-12,15530.42,20231112,1.8189894035458565e-12
PAY0002513,ORD002513,2024-04-30,UPI,8026.94,Success,2024-04-30,8026.94,20240430,0.0
PAY0002514,ORD002514,2024-05-22,Net Banking,6055.62,Success,2024-05-20,6055.62,20240520,0.0
PAY0002515,ORD002515,2024-02-28,Debit Card,25838.53,Success,2024-02-28,25838.53,20240228,0.0
PAY0002516,ORD002516,2024-01-14,UPI,34074.42,Success,2024-01-12,34074.42,20240112,0.0
PAY0002517,ORD002517,2023-01-02,Credit Card,8153.69,Success,2023-01-02,8153.69,20230102,0.0
PAY0002518,ORD002518,2024-03-26,Debit Card,7083.49,Failed,2024-03-23,7083.49,20240323,0.0
PAY0002519,ORD002519,2024-05-14,Credit Card,6383.719999999999,Failed,2024-05-11,6383.719999999999,20240511,0.0
PAY0002520,ORD002520,2023-10-15,UPI,12571.93,Pending,2023-10-13,12571.93,20231013,0.0
PAY0002521,ORD002521,2024-08-14,Credit Card,15884.8,Success,2024-08-11,15884.8,20240811,0.0
PAY0002522,ORD002522,2024-05-06,Cash on Delivery,-4279.09,Success,2024-05-04,-4279.09,20240504,0.0
PAY0002523,ORD002523,2024-05-31,Debit Card,17821.22,Success,2024-05-30,17821.22,20240530,0.0
PAY0002524,ORD002524,2023-03-31,UPI,8412.7,Success,2023-03-31,8412.7,20230331,0.0
PAY0002525,ORD002525,2024-03-16,UPI,10623.33,Success,2024-03-14,10623.33,20240314,0.0
PAY0002526,ORD002526,2024-09-27,Wallet,12592.18,Success,2024-09-25,12592.18,20240925,0.0
PAY0002527,ORD002527,2023-11-25,Cash on Delivery,4519.06,Success,2023-11-22,4519.06,20231122,0.0
PAY0002528,ORD002528,2024-02-17,Cash on Delivery,6382.03,Success,2024-02-17,6382.03,20240217,0.0
PAY0002529,ORD002529,2024-08-04,Debit Card,428.8,Success,2024-08-02,428.8,20240802,0.0
PAY0002530,ORD002530,2024-02-13,Credit Card,33300.25,Success,2024-02-10,33300.25,20240210,0.0
PAY0002531,ORD002531,2024-05-04,Cash on Delivery,9136.07,Success,2024-05-01,9136.07,20240501,0.0
PAY0002532,ORD002532,2024-07-09,Wallet,3800.4,Success,2024-07-08,3800.4,20240708,0.0
PAY0002533,ORD002533,2024-02-28,Cash on Delivery,7427.34,Success,2024-02-25,7427.34,20240225,0.0
PAY0002534,ORD002534,2024-03-26,Net Banking,689.3,Success,2024-03-25,689.3,20240325,0.0
PAY0002535,ORD002535,2023-11-04,Wallet,9126.06,Success,2023-11-04,9126.060000000001,20231104,1.8189894035458565e-12
PAY0002536,ORD002536,2024-01-19,Net Banking,23912.55,Success,2024-01-19,23912.55,20240119,0.0
PAY0002537,ORD002537,2023-12-04,Net Banking,9311.21,Success,2023-12-01,9311.21,20231201,0.0
PAY0002538,ORD002538,2024-02-10,Credit Card,10418.79,Refunded,2024-02-07,10418.79,20240207,0.0
PAY0002539,ORD002539,2024-10-13,Credit Card,10725.29,Success,2024-10-10,10725.29,20241010,0.0
PAY0002540,ORD002540,2024-02-09,Net Banking,21168.53,Success,2024-02-09,21168.53,20240209,0.0
PAY0002541,ORD002541,2024-06-28,Net Banking,1984.38,Success,2024-06-27,1984.38,20240627,0.0
PAY0002542,ORD002542,2024-05-30,UPI,7023.12,Success,2024-05-28,7023.12,20240528,0.0
PAY0002543,ORD002543,2023-11-25,Debit Card,4315.09,Success,2023-11-25,4315.09,20231125,0.0
PAY0002544,ORD002544,2023-11-25,UPI,1200.74,Success,2023-11-24,1200.74,20231124,0.0
PAY0002545,ORD002545,2023-08-13,Cash on Delivery,472.45,Success,2023-08-11,472.45,20230811,0.0
PAY0002546,ORD002546,2024-02-11,Credit Card,-8138.6,Success,2024-02-09,-8138.6,20240209,0.0
PAY0002547,ORD002547,2023-03-29,Debit Card,4067.15,Success,2023-03-26,4067.15,20230326,0.0
PAY0002548,ORD002548,2024-05-12,Cash on Delivery,30193.86,Success,2024-05-09,30193.86,20240509,0.0
PAY0002549,ORD002549,2023-04-12,Net Banking,9804.7,Success,2023-04-09,9804.7,20230409,0.0
PAY0002550,ORD002550,2024-03-17,UPI,19958.64,Success,2024-03-15,19958.64,20240315,0.0
PAY0002551,ORD002551,2024-06-14,UPI,15545.36,Success,2024-06-13,15545.36,20240613,0.0
PAY0002552,ORD002552,2023-12-27,UPI,2463.98,Success,2023-12-25,2463.98,20231225,0.0
PAY0002553,ORD002553,2023-11-08,Net Banking,25471.37,Failed,2023-11-07,25471.37,20231107,0.0
PAY0002554,ORD002554,2023-08-17,Net Banking,764.28,Success,2023-08-16,791.63,20230816,27.350000000000023
PAY0002555,ORD002555,2024-08-01,UPI,8309.52,Success,2024-07-31,8309.52,20240731,0.0
PAY0002556,ORD002556,2024-05-14,Credit Card,15408.990000000002,Success,2024-05-13,15408.990000000002,20240513,0.0
PAY0002557,ORD002557,2024-04-20,Cash on Delivery,12144.91,Success,2024-04-19,12144.91,20240419,0.0
PAY0002558,ORD002558,2024-10-20,Debit Card,5113.29,Success,2024-10-20,5113.29,20241020,0.0
PAY0002559,ORD002559,2023-09-06,Cash on Delivery,6326.27,Success,2023-09-04,6326.27,20230904,0.0
PAY0002560,ORD002560,2023-05-20,Credit Card,30140.38,Success,2023-05-17,30140.379999999997,20230517,-3.637978807091713e-12
PAY0002561,ORD002561,2023-09-18,Cash on Delivery,5220.88,Success,2023-09-18,5220.88,20230918,0.0
PAY0002562,ORD002562,2023-11-16,Credit Card,231.58,Success,2023-11-13,231.58,20231113,0.0
PAY0002563,ORD002563,2024-11-12,Wallet,5490.81,Success,2024-11-12,5490.8099999999995,20241112,-9.094947017729282e-13
PAY0002564,ORD002564,2023-12-26,Credit Card,2043.03,Success,2023-12-24,2043.03,20231224,0.0
PAY0002565,ORD002565,2024-05-15,Net Banking,10514.3,Success,2024-05-12,10514.3,20240512,0.0
PAY0002566,ORD002566,2024-11-02,Cash on Delivery,6443.82,Success,2024-10-31,6443.82,20241031,0.0
PAY0002567,ORD002567,2023-07-20,Wallet,1188.71,Success,2023-07-18,1188.71,20230718,0.0
PAY0002568,ORD002568,2024-03-31,Net Banking,14683.82,Success,2024-03-30,14683.82,20240330,0.0
PAY0002569,ORD002569,2024-04-01,Debit Card,6080.92,Success,2024-03-31,6080.92,20240331,0.0
PAY0002570,ORD002570,2023-10-26,Debit Card,18943.26,Success,2023-10-25,18943.26,20231025,0.0
PAY0002571,ORD002571,2023-08-13,Debit Card,7819.950000000001,Success,2023-08-10,7819.950000000001,20230810,0.0
PAY0002572,ORD002572,2023-07-17,Net Banking,5673.89,Success,2023-07-15,5673.89,20230715,0.0
PAY0002573,ORD002573,2024-11-08,Wallet,7587.4,Success,2024-11-05,7587.4,20241105,0.0
PAY0002574,ORD002574,2024-04-17,UPI,26519.24,Success,2024-04-16,23990.17,20240416,-2529.0700000000033
PAY0002575,ORD002575,2023-07-05,Cash on Delivery,9071.87,Success,2023-07-02,9071.869999999999,20230702,-1.8189894035458565e-12
PAY0002576,ORD002576,2023-04-26,UPI,10836.82,Success,2023-04-23,10836.82,20230423,0.0
PAY0002577,ORD002577,2024-03-13,Credit Card,3884.18,Success,2024-03-10,3884.18,20240310,0.0
PAY0002578,ORD002578,2024-05-14,UPI,10868.61,Success,2024-05-13,10868.61,20240513,0.0
PAY0002579,ORD002579,2023-02-18,Cash on Delivery,6627.58,Success,2023-02-16,6627.58,20230216,0.0
PAY0002580,ORD002580,2023-03-31,Debit Card,45065.59,Success,2023-03-29,45065.59,20230329,0.0
PAY0002581,ORD002581,2024-09-21,Wallet,37519.29,Success,2024-09-18,37519.29,20240918,0.0
PAY0002582,ORD002582,2023-06-20,Credit Card,22596.53,Failed,2023-06-18,22596.53,20230618,0.0
PAY0002583,ORD002583,2023-11-20,Net Banking,1816.09,Success,2023-11-18,1816.09,20231118,0.0
PAY0002584,ORD002584,2023-01-26,Debit Card,22754.11,Refunded,2023-01-23,22754.11,20230123,0.0
PAY0002585,ORD002585,2024-10-05,Net Banking,5332.96,Failed,2024-10-05,5332.96,20241005,0.0
PAY0002586,ORD002586,2023-06-29,Debit Card,8706.0,Failed,2023-06-28,8706.0,20230628,0.0
PAY0002587,ORD002587,2024-08-31,Credit Card,48063.880000000005,Success,2024-08-28,48063.880000000005,20240828,0.0
PAY0002588,ORD002588,2024-02-04,Wallet,16831.28,Success,2024-02-04,16831.28,20240204,0.0
PAY0002589,ORD002589,2023-06-21,Debit Card,7308.78,Success,2023-06-20,7308.78,20230620,0.0
PAY0002590,ORD002590,2023-03-27,Wallet,7201.82,Success,2023-03-26,7201.82,20230326,0.0
PAY0002591,ORD002591,2023-12-08,Credit Card,2463.98,Success,2023-12-08,2463.98,20231208,0.0
PAY0002592,ORD002592,2024-04-09,Debit Card,21412.04,Refunded,2024-04-07,21412.04,20240407,0.0
PAY0002593,ORD002593,2023-07-07,Wallet,41334.91,Success,2023-07-05,41334.909999999996,20230705,-7.275957614183426e-12
PAY0002594,ORD002594,2024-11-14,Debit Card,1175.56,Success,2024-11-12,1175.56,20241112,0.0
PAY0002595,ORD002595,2023-01-19,Wallet,10249.87,Failed,2023-01-19,10249.87,20230119,0.0
PAY0002596,ORD002596,2023-04-15,Credit Card,1589.57,Pending,2023-04-13,1589.57,20230413,0.0
PAY0002597,ORD002597,2024-07-05,Debit Card,31947.57,Success,2024-07-03,31947.57,20240703,0.0
PAY0002598,ORD002598,2023-06-20,Wallet,15110.169999999998,Success,2023-06-19,15110.17,20230619,1.8189894035458565e-12
PAY0002599,ORD002599,2023-10-01,Cash on Delivery,32658.27,Success,2023-10-01,32658.269999999997,20231001,-3.637978807091713e-12
PAY0002600,ORD002600,2024-08-02,Debit Card,5135.9,Success,2024-07-31,5135.9,20240731,0.0
PAY0002601,ORD002601,2023-10-27,Net Banking,13327.22,Success,2023-10-26,13327.22,20231026,0.0
PAY0002602,ORD002602,2024-03-24,Debit Card,19622.54,Success,2024-03-21,19622.54,20240321,0.0
PAY0002603,ORD002603,2024-01-19,Cash on Delivery,988.14,Refunded,2024-01-18,895.09,20240118,-93.04999999999995
PAY0002604,ORD002604,2023-07-12,UPI,13118.02,Success,2023-07-09,13118.02,20230709,0.0
PAY0002605,ORD002605,2024-02-09,Cash on Delivery,477.27,Success,2024-02-09,477.27,20240209,0.0
PAY0002606,ORD002606,2023-08-18,Net Banking,6196.25,Refunded,2023-08-16,6196.25,20230816,0.0
PAY0002607,ORD002607,2024-11-02,Debit Card,23662.97,Success,2024-11-01,23662.97,20241101,0.0
PAY0002608,ORD002608,2024-09-22,Net Banking,37323.13,Refunded,2024-09-19,37323.13,20240919,0.0
PAY0002609,ORD002609,2024-09-15,Net Banking,10983.88,Success,2024-09-15,10983.88,20240915,0.0
PAY0002610,ORD002610,2024-08-02,UPI,-3502.1600000000017,Pending,2024-08-01,-3502.1600000000017,20240801,0.0
PAY0002611,ORD002611,2024-09-05,Credit Card,6194.42,Success,2024-09-02,6194.42,20240902,0.0
PAY0002612,ORD002612,2024-08-12,Cash on Delivery,14786.04,Success,2024-08-10,14786.039999999999,20240810,-1.8189894035458565e-12
PAY0002613,ORD002613,2023-01-15,UPI,32523.83,Success,2023-01-12,32523.829999999998,20230112,-3.637978807091713e-12
PAY0002614,ORD002614,2023-09-15,Cash on Delivery,10841.15,Success,2023-09-12,10841.15,20230912,0.0
PAY0002615,ORD002615,2023-05-27,Cash on Delivery,4962.57,Pending,2023-05-24,4962.57,20230524,0.0
PAY0002616,ORD002616,2024-06-06,Cash on Delivery,16986.91,Success,2024-06-06,16986.91,20240606,0.0
PAY0002617,ORD002617,2023-08-26,UPI,526.69,Success,2023-08-26,526.69,20230826,0.0
PAY0002618,ORD002618,2024-10-16,Cash on Delivery,23529.1,Success,2024-10-16,23529.1,20241016,0.0
PAY0002619,ORD002619,2023-03-28,Wallet,13141.28,Success,2023-03-28,13141.28,20230328,0.0
PAY0002620,ORD002620,2023-05-06,Debit Card,13984.5,Success,2023-05-06,13984.5,20230506,0.0
PAY0002621,ORD002621,2023-06-05,Wallet,1127.73,Failed,2023-06-04,1127.73,20230604,0.0
PAY0002622,ORD002622,2024-10-12,Cash on Delivery,25627.410000000003,Success,2024-10-12,25627.41,20241012,-3.637978807091713e-12
PAY0002623,ORD002623,2024-04-12,Net Banking,5816.76,Success,2024-04-09,5816.76,20240409,0.0
PAY0002624,ORD002624,2023-07-19,Debit Card,1750.19,Success,2023-07-16,1750.19,20230716,0.0
PAY0002625,ORD002625,2023-11-08,UPI,17053.309999999998,Failed,2023-11-07,17053.31,20231107,3.637978807091713e-12
PAY0002626,ORD002626,2024-02-08,Debit Card,6088.4,Success,2024-02-06,6088.4,20240206,0.0
PAY0002627,ORD002627,2023-08-02,UPI,1889.82,Success,2023-08-02,1889.82,20230802,0.0
PAY0002628,ORD002628,2024-02-21,Debit Card,10653.48,Success,2024-02-18,10653.48,20240218,0.0
PAY0002629,ORD002629,2023-10-15,Wallet,13087.44,Success,2023-10-14,13087.439999999999,20231014,-1.8189894035458565e-12
PAY0002630,ORD002630,2024-04-12,Wallet,12503.1,Success,2024-04-10,12503.1,20240410,0.0
PAY0002631,ORD002631,2023-02-18,UPI,43651.44,Success,2023-02-15,43651.44,20230215,0.0
PAY0002632,ORD002632,2023-12-09,Cash on Delivery,10878.11,Success,2023-12-08,11416.32,20231208,538.2099999999991
PAY0002633,ORD002633,2023-01-01,UPI,2738.71,Success,2023-01-01,2610.09,20230101,-128.6199999999999
PAY0002634,ORD002634,2024-03-26,Credit Card,6238.97,Success,2024-03-25,6238.97,20240325,0.0
PAY0002635,ORD002635,2023-01-24,UPI,7818.559999999999,Success,2023-01-21,7818.5599999999995,20230121,9.094947017729282e-13
PAY0002636,ORD002636,2024-08-20,Debit Card,14352.47,Success,2024-08-20,14352.470000000001,20240820,1.8189894035458565e-12
PAY0002637,ORD002637,2024-03-02,Wallet,497.75,Success,2024-02-28,497.75,20240228,0.0
PAY0002638,ORD002638,2024-02-06,Debit Card,28323.22,Success,2024-02-06,28323.22,20240206,0.0
PAY0002639,ORD002639,2024-04-17,Debit Card,1222.46,Success,2024-04-17,1222.46,20240417,0.0
PAY0002640,ORD002640,2023-08-04,Credit Card,7396.04,Success,2023-08-04,7391.58,20230804,-4.460000000000036
PAY0002641,ORD002641,2023-01-14,Wallet,2390.28,Success,2023-01-11,2390.28,20230111,0.0
PAY0002642,ORD002642,2024-03-02,Debit Card,1718.72,Success,2024-03-02,1718.72,20240302,0.0
PAY0002643,ORD002643,2023-03-11,Debit Card,2677.86,Success,2023-03-11,2677.86,20230311,0.0
PAY0002644,ORD002644,2024-10-03,Debit Card,2086.2,Success,2024-10-01,2086.2,20241001,0.0
PAY0002645,ORD002645,2023-02-11,Credit Card,27412.88,Success,2023-02-11,27412.88,20230211,0.0
PAY0002646,ORD002646,2024-04-26,Wallet,26059.820000000003,Success,2024-04-24,26059.82,20240424,-3.637978807091713e-12
PAY0002647,ORD002647,2023-03-01,Cash on Delivery,7969.150000000001,Success,2023-02-26,7969.150000000001,20230226,0.0
PAY0002648,ORD002648,2024-03-05,Cash on Delivery,19118.46,Success,2024-03-05,19118.46,20240305,0.0
PAY0002649,ORD002649,2023-10-25,Wallet,53161.91,Success,2023-10-22,53161.91,20231022,0.0
PAY0002650,ORD002650,2023-05-28,Debit Card,25205.95,Success,2023-05-27,25205.95,20230527,0.0
PAY0002651,ORD002651,2024-02-17,UPI,6250.16,Pending,2024-02-15,6250.16,20240215,0.0
PAY0002652,ORD002652,2023-08-21,Wallet,544.98,Success,2023-08-21,544.98,20230821,0.0
PAY0002653,ORD002653,2024-03-25,UPI,15134.84,Success,2024-03-24,15134.84,20240324,0.0
PAY0002654,ORD002654,2024-06-03,Debit Card,8123.36,Success,2024-06-01,8123.36,20240601,0.0
PAY0002655,ORD002655,2023-09-17,Cash on Delivery,9714.37,Failed,2023-09-17,9714.369999999999,20230917,-1.8189894035458565e-12
PAY0002656,ORD002656,2023-09-11,Wallet,534.87,Success,2023-09-09,534.87,20230909,0.0
PAY0002657,ORD002657,2023-01-12,UPI,6703.46,Success,2023-01-11,6703.46,20230111,0.0
PAY0002658,ORD002658,2023-11-30,Credit Card,10723.76,Success,2023-11-28,10723.76,20231128,0.0
PAY0002659,ORD002659,2023-02-03,Credit Card,2832.52,Success,2023-01-31,2832.52,20230131,0.0
PAY0002660,ORD002660,2024-07-12,Net Banking,15298.3,Pending,2024-07-11,15298.3,20240711,0.0
PAY0002661,ORD002661,2023-06-25,Cash on Delivery,3896.89,Success,2023-06-22,3896.89,20230622,0.0
PAY0002662,ORD002662,2024-09-28,Cash on Delivery,2043.03,Success,2024-09-28,2043.03,20240928,0.0
PAY0002663,ORD002663,2024-08-16,Wallet,34691.04,Success,2024-08-13,34691.04,20240813,0.0
PAY0002664,ORD002664,2023-06-13,Cash on Delivery,19303.98,Success,2023-06-13,19303.98,20230613,0.0
PAY0002665,ORD002665,2023-11-15,Net Banking,33021.11,Success,2023-11-14,33021.11,20231114,0.0
PAY0002666,ORD002666,2024-11-16,Credit Card,9516.57,Success,2024-11-13,9516.57,20241113,0.0
PAY0002667,ORD002667,2024-07-06,Cash on Delivery,6999.91,Success,2024-07-06,6999.91,20240706,0.0
PAY0002668,ORD002668,2023-02-13,Debit Card,21772.53,Success,2023-02-12,21772.53,20230212,0.0
PAY0002669,ORD002669,2023-06-01,Cash on Delivery,18523.9,Success,2023-05-31,18523.9,20230531,0.0
PAY0002670,ORD002670,2024-01-05,UPI,27167.67,Success,2024-01-05,27167.67,20240105,0.0
PAY0002671,ORD002671,2024-09-27,Credit Card,4691.38,Success,2024-09-26,4691.38,20240926,0.0
PAY0002672,ORD002672,2023-11-27,Wallet,25240.69,Success,2023-11-24,25240.690000000002,20231124,3.637978807091713e-12
PAY0002673,ORD002673,2024-04-06,Wallet,3078.83,Success,2024-04-03,3078.83,20240403,0.0
PAY0002674,ORD002674,2023-02-26,Wallet,-565.5700000000003,Success,2023-02-26,-565.5700000000003,20230226,0.0
PAY0002675,ORD002675,2023-07-29,Credit Card,6330.650000000001,Success,2023-07-26,6330.650000000001,20230726,0.0
PAY0002676,ORD002676,2024-07-24,UPI,20621.74,Success,2024-07-22,20621.739999999998,20240722,-3.637978807091713e-12
PAY0002677,ORD002677,2023-09-24,Debit Card,1263.16,Success,2023-09-23,1263.16,20230923,0.0
PAY0002678,ORD002678,2023-03-20,Cash on Delivery,6683.78,Refunded,2023-03-19,6683.78,20230319,0.0
PAY0002679,ORD002679,2023-01-08,UPI,15924.79,Success,2023-01-08,15924.79,20230108,0.0
PAY0002680,ORD002680,2024-05-09,Cash on Delivery,2329.86,Success,2024-05-09,2329.86,20240509,0.0
PAY0002681,ORD002681,2023-02-18,Cash on Delivery,7372.219999999999,Refunded,2023-02-17,7372.219999999999,20230217,0.0
PAY0002682,ORD002682,2023-08-24,Credit Card,2950.23,Success,2023-08-21,2950.23,20230821,0.0
PAY0002683,ORD002683,2024-08-12,Debit Card,19723.04,Success,2024-08-12,19723.04,20240812,0.0
PAY0002684,ORD002684,2023-04-16,Net Banking,2252.47,Success,2023-04-16,2252.47,20230416,0.0
PAY0002685,ORD002685,2023-05-10,Net Banking,3105.41,Success,2023-05-08,3105.41,20230508,0.0
PAY0002686,ORD002686,2024-09-10,UPI,32891.81,Success,2024-09-07,32891.81,20240907,0.0
PAY0002687,ORD002687,2023-11-07,UPI,15464.57,Success,2023-11-06,15464.57,20231106,0.0
PAY0002688,ORD002688,2024-04-23,UPI,13332.63,Success,2024-04-23,13332.630000000001,20240423,1.8189894035458565e-12
PAY0002689,ORD002689,2023-03-23,UPI,28696.28,Success,2023-03-23,28696.280000000002,20230323,3.637978807091713e-12
PAY0002690,ORD002690,2024-04-28,Wallet,18210.91,Success,2024-04-26,18210.91,20240426,0.0
PAY0002691,ORD002691,2024-05-07,Cash on Delivery,3842.08,Success,2024-05-06,3842.08,20240506,0.0
PAY0002692,ORD002692,2023-11-10,Credit Card,781.78,Success,2023-11-08,781.78,20231108,0.0
PAY0002693,ORD002693,2024-01-08,Net Banking,5734.41,Success,2024-01-06,5734.41,20240106,0.0
PAY0002694,ORD002694,2023-08-17,Net Banking,3264.55,Success,2023-08-17,3264.55,20230817,0.0
PAY0002695,ORD002695,2024-08-10,Wallet,18429.75,Pending,2024-08-08,18429.75,20240808,0.0
PAY0002696,ORD002696,2023-05-11,Wallet,4610.44,Success,2023-05-09,4610.44,20230509,0.0
PAY0002697,ORD002697,2023-02-24,Cash on Delivery,2979.66,Success,2023-02-21,2979.66,20230221,0.0
PAY0002698,ORD002698,2024-05-11,Credit Card,35744.42999999999,Success,2024-05-09,35744.43,20240509,7.275957614183426e-12
PAY0002699,ORD002699,2023-05-22,Debit Card,648.79,Success,2023-05-22,648.79,20230522,0.0
PAY0002700,ORD002700,2024-09-08,UPI,6497.639999999999,Refunded,2024-09-05,6497.639999999999,20240905,0.0
PAY0002701,ORD002701,2023-04-16,Net Banking,8766.75,Success,2023-04-13,8766.75,20230413,0.0
PAY0002702,ORD002702,2024-04-17,Credit Card,43742.63999999999,Success,2024-04-16,43742.64,20240416,7.275957614183426e-12
PAY0002703,ORD002703,2024-03-07,Debit Card,6506.99,Success,2024-03-07,6506.99,20240307,0.0
PAY0002704,ORD002704,2024-09-17,Credit Card,26493.02,Success,2024-09-17,26493.02,20240917,0.0
PAY0002705,ORD002705,2024-04-04,Cash on Delivery,38835.45,Success,2024-04-04,38835.45,20240404,0.0
PAY0002706,ORD002706,2024-09-26,UPI,29840.34,Success,2024-09-23,29840.339999999997,20240923,-3.637978807091713e-12
PAY0002707,ORD002707,2023-12-31,Credit Card,2230.8900000000003,Success,2023-12-28,2230.8900000000003,20231228,0.0
PAY0002708,ORD002708,2023-11-05,Cash on Delivery,11701.79,Success,2023-11-05,11701.79,20231105,0.0
PAY0002709,ORD002709,2024-09-12,Credit Card,28263.39,Success,2024-09-11,28263.39,20240911,0.0
PAY0002710,ORD002710,2023-11-07,UPI,11672.91,Success,2023-11-04,11672.91,20231104,0.0
PAY0002711,ORD002711,2024-05-31,Debit Card,1359.49,Success,2024-05-30,1288.16,20240530,-71.32999999999993
PAY0002712,ORD002712,2023-10-19,Debit Card,2686.72,Success,2023-10-18,2686.72,20231018,0.0
PAY0002713,ORD002713,2024-03-20,Debit Card,-1867.8900000000003,Success,2024-03-19,-1867.8900000000003,20240319,0.0
PAY0002714,ORD002714,2023-07-21,UPI,10600.51,Pending,2023-07-21,10600.51,20230721,0.0
PAY0002715,ORD002715,2023-08-08,Net Banking,7489.29,Success,2023-08-06,7489.29,20230806,0.0
PAY0002716,ORD002716,2024-07-25,Cash on Delivery,10868.04,Success,2024-07-25,10868.04,20240725,0.0
PAY0002717,ORD002717,2023-04-12,Net Banking,11447.02,Success,2023-04-11,11447.02,20230411,0.0
PAY0002718,ORD002718,2024-10-08,Debit Card,11108.39,Success,2024-10-06,11108.390000000001,20241006,1.8189894035458565e-12
PAY0002719,ORD002719,2023-06-07,Net Banking,2086.2,Refunded,2023-06-06,2086.2,20230606,0.0
PAY0002720,ORD002720,2023-07-15,Cash on Delivery,4086.06,Success,2023-07-15,4086.06,20230715,0.0
PAY0002721,ORD002721,2023-03-17,Credit Card,3892.13,Success,2023-03-16,4565.15,20230316,673.0199999999995
PAY0002722,ORD002722,2024-05-16,Wallet,5812.74,Success,2024-05-14,6693.56,20240514,880.8200000000006
PAY0002723,ORD002723,2023-02-27,Net Banking,2696.11,Success,2023-02-25,2696.1099999999997,20230225,-4.547473508864641e-13
PAY0002724,ORD002724,2023-10-09,UPI,6023.71,Success,2023-10-07,6023.71,20231007,0.0
PAY0002725,ORD002725,2024-02-09,Debit Card,439.58,Success,2024-02-07,439.58,20240207,0.0
PAY0002726,ORD002726,2023-03-31,Cash on Delivery,4585.35,Refunded,2023-03-31,4804.94,20230331,219.58999999999924
PAY0002727,ORD002727,2023-03-21,UPI,11680.16,Success,2023-03-19,11680.16,20230319,0.0
PAY0002728,ORD002728,2023-12-26,Cash on Delivery,14683.82,Success,2023-12-24,14683.82,20231224,0.0
PAY0002729,ORD002729,2024-09-25,Cash on Delivery,2744.92,Success,2024-09-23,3090.91,20240923,345.9899999999998
PAY0002730,ORD002730,2024-01-05,Cash on Delivery,14743.96,Success,2024-01-02,14743.96,20240102,0.0
PAY0002731,ORD002731,2024-06-13,Credit Card,2025.14,Success,2024-06-11,2025.14,20240611,0.0
PAY0002732,ORD002732,2023-05-06,UPI,10408.65,Success,2023-05-04,10408.65,20230504,0.0
PAY0002733,ORD002733,2025-11-06,UPI,3297.99,Success,2025-11-03,3297.99,20251103,0.0
PAY0002734,ORD002734,2024-04-15,UPI,10267.4,Success,2024-04-14,10267.4,20240414,0.0
PAY0002735,ORD002735,2024-07-29,Wallet,6711.64,Refunded,2024-07-29,6711.64,20240729,0.0
PAY0002736,ORD002736,2024-04-01,Credit Card,19075.7,Success,2024-04-01,19075.7,20240401,0.0
PAY0002737,ORD002737,2023-01-28,UPI,7994.589999999999,Success,2023-01-25,7994.589999999999,20230125,0.0
PAY0002738,ORD002738,2023-10-21,UPI,3324.62,Success,2023-10-19,3324.62,20231019,0.0
PAY0002739,ORD002739,2024-05-14,Debit Card,10802.22,Success,2024-05-12,10802.22,20240512,0.0
PAY0002740,ORD002740,2023-02-10,Debit Card,7975.74,Success,2023-02-09,7975.74,20230209,0.0
PAY0002741,ORD002741,2023-04-27,Debit Card,534.87,Success,2023-04-27,534.87,20230427,0.0
PAY0002742,ORD002742,2023-12-29,Net Banking,7313.64,Success,2023-12-28,7313.64,20231228,0.0
PAY0002743,ORD002743,2024-11-09,Credit Card,19988.85,Success,2024-11-07,19988.85,20241107,0.0
PAY0002744,ORD002744,2024-01-28,Net Banking,9201.89,Success,2024-01-25,9201.89,20240125,0.0
PAY0002745,ORD002745,2023-06-13,Credit Card,4086.06,Success,2023-06-10,4086.06,20230610,0.0
PAY0002746,ORD002746,2024-04-03,Debit Card,10396.29,Success,2024-04-03,12174.93,20240403,1778.6399999999994
PAY0002747,ORD002747,2024-06-15,Cash on Delivery,246.43,Success,2024-06-12,246.43,20240612,0.0
PAY0002748,ORD002748,2024-04-01,Cash on Delivery,5723.51,Success,2024-03-30,5723.51,20240330,0.0
PAY0002749,ORD002749,2023-04-19,Net Banking,5944.74,Success,2023-04-16,5944.74,20230416,0.0
PAY0002750,ORD002750,2024-04-18,Debit Card,34920.95,Failed,2024-04-17,34920.95,20240417,0.0
PAY0002751,ORD002751,2024-01-26,Net Banking,18395.7,Refunded,2024-01-24,18395.7,20240124,0.0
PAY0002752,ORD002752,2023-12-13,UPI,7308.78,Success,2023-12-12,7308.78,20231212,0.0
PAY0002753,ORD002753,2023-02-16,Cash on Delivery,33609.03,Success,2023-02-16,33609.03,20230216,0.0
PAY0002754,ORD002754,2023-04-03,Debit Card,19302.42,Success,2023-04-02,19302.42,20230402,0.0
PAY0002755,ORD002755,2023-01-20,Net Banking,17516.68,Refunded,2023-01-17,17516.68,20230117,0.0
PAY0002756,ORD002756,2023-12-07,UPI,2887.17,Success,2023-12-06,2887.17,20231206,0.0
PAY0002757,ORD002757,2023-01-20,UPI,8693.03,Success,2023-01-19,8693.03,20230119,0.0
PAY0002758,ORD002758,2024-08-29,Net Banking,4379.18,Success,2024-08-29,4379.18,20240829,0.0
PAY0002759,ORD002759,2024-11-23,Debit Card,6005.27,Success,2024-11-20,6005.27,20241120,0.0
PAY0002760,ORD002760,2024-01-19,Cash on Delivery,16053.88,Success,2024-01-19,16053.88,20240119,0.0
PAY0002761,ORD002761,2024-08-28,Cash on Delivery,643.2,Success,2024-08-27,643.2,20240827,0.0
PAY0002762,ORD002762,2024-07-20,Cash on Delivery,16804.86,Success,2024-07-17,16804.86,20240717,0.0
PAY0002763,ORD002763,2024-06-18,Cash on Delivery,33419.48,Success,2024-06-16,33419.48,20240616,0.0
PAY0002764,ORD002764,2023-07-27,Net Banking,6438.53,Success,2023-07-27,6438.53,20230727,0.0
PAY0002765,ORD002765,2023-02-03,Cash on Delivery,11957.32,Success,2023-01-31,11957.32,20230131,0.0
PAY0002766,ORD002766,2023-08-22,Wallet,6779.26,Success,2023-08-20,6779.26,20230820,0.0
PAY0002767,ORD002767,2024-08-02,Debit Card,17206.59,Success,2024-08-02,17206.59,20240802,0.0
PAY0002768,ORD002768,2024-06-08,Credit Card,17870.67,Success,2024-06-08,17870.67,20240608,0.0
PAY0002769,ORD002769,2023-06-12,Cash on Delivery,23478.81,Refunded,2023-06-10,23478.81,20230610,0.0
PAY0002770,ORD002770,2023-06-19,Net Banking,4405.360000000001,Success,2023-06-19,4405.360000000001,20230619,0.0
PAY0002771,ORD002771,2024-01-19,Wallet,19592.410000000003,Success,2024-01-17,19592.41,20240117,-3.637978807091713e-12
PAY0002772,ORD002772,2024-06-16,Credit Card,18454.94,Success,2024-06-15,18454.94,20240615,0.0
PAY0002773,ORD002773,2024-06-03,Credit Card,41008.91,Pending,2024-06-03,41008.91,20240603,0.0
PAY0002774,ORD002774,2023-04-28,Credit Card,6419.63,Success,2023-04-28,6419.63,20230428,0.0
PAY0002775,ORD002775,2023-10-10,Net Banking,8267.400000000001,Success,2023-10-10,8267.400000000001,20231010,0.0
PAY0002776,ORD002776,2023-03-27,Debit Card,7558.35,Success,2023-03-26,7558.35,20230326,0.0
PAY0002777,ORD002777,2023-11-09,Credit Card,22964.33,Success,2023-11-07,22964.33,20231107,0.0
PAY0002778,ORD002778,2023-06-03,Wallet,21648.09,Success,2023-06-02,21648.09,20230602,0.0
PAY0002779,ORD002779,2024-04-19,Credit Card,7197.11,Failed,2024-04-17,7197.11,20240417,0.0
PAY0002780,ORD002780,2023-04-23,Debit Card,15466.07,Success,2023-04-23,15466.07,20230423,0.0
PAY0002781,ORD002781,2023-05-06,Credit Card,8810.25,Success,2023-05-05,8810.25,20230505,0.0
PAY0002782,ORD002782,2024-02-23,Net Banking,11760.89,Pending,2024-02-23,11760.89,20240223,0.0
PAY0002783,ORD002783,2024-05-28,Net Banking,11437.009999999998,Success,2024-05-28,11437.009999999998,20240528,0.0
PAY0002784,ORD002784,2023-11-20,UPI,14204.94,Success,2023-11-19,14204.94,20231119,0.0
PAY0002785,ORD002785,2024-05-12,Credit Card,20271.120000000003,Pending,2024-05-12,20271.120000000003,20240512,0.0
PAY0002786,ORD002786,2023-08-17,Debit Card,13538.1,Success,2023-08-14,13538.1,20230814,0.0
PAY0002787,ORD002787,2024-04-26,Debit Card,14330.98,Success,2024-04-23,14330.98,20240423,0.0
PAY0002788,ORD002788,2023-08-28,Credit Card,17392.989999999998,Pending,2023-08-26,17392.989999999998,20230826,0.0
PAY0002789,ORD002789,2023-11-16,Cash on Delivery,6542.379999999999,Success,2023-11-14,6542.379999999999,20231114,0.0
PAY0002790,ORD002790,2023-02-21,Debit Card,4010.2,Success,2023-02-18,4010.2,20230218,0.0
PAY0002791,ORD002791,2024-06-24,Net Banking,30856.1,Success,2024-06-23,30856.1,20240623,0.0
PAY0002792,ORD002792,2024-02-07,Net Banking,2774.79,Failed,2024-02-04,2774.79,20240204,0.0
PAY0002793,ORD002793,2024-09-07,UPI,16022.28,Success,2024-09-06,16022.28,20240906,0.0
PAY0002794,ORD002794,2023-09-30,Credit Card,8949.239999999998,Success,2023-09-29,8949.24,20230929,1.8189894035458565e-12
PAY0002795,ORD002795,2023-01-04,Wallet,16172.67,Success,2023-01-04,16172.67,20230104,0.0
PAY0002796,ORD002796,2023-10-24,Net Banking,6326.27,Success,2023-10-23,6326.27,20231023,0.0
PAY0002797,ORD002797,2024-02-01,Credit Card,5563.87,Success,2024-01-30,5563.87,20240130,0.0
PAY0002798,ORD002798,2024-10-26,Debit Card,45016.76,Success,2024-10-23,45016.759999999995,20241023,-7.275957614183426e-12
PAY0002799,ORD002799,2023-03-27,Wallet,2950.23,Pending,2023-03-25,2950.23,20230325,0.0
PAY0002800,ORD002800,2023-06-21,Wallet,9439.53,Success,2023-06-19,9439.53,20230619,0.0
PAY0002801,ORD002801,2023-10-15,Net Banking,21420.52,Success,2023-10-15,21420.519999999997,20231015,-3.637978807091713e-12
PAY0002802,ORD002802,2024-01-24,Cash on Delivery,6497.59,Success,2024-01-23,6497.59,20240123,0.0
PAY0002803,ORD002803,2023-03-15,Debit Card,734.93,Success,2023-03-13,734.93,20230313,0.0
PAY0002804,ORD002804,2023-02-24,Wallet,153.1,Success,2023-02-24,153.1,20230224,0.0
PAY0002805,ORD002805,2023-08-19,Wallet,13129.79,Success,2023-08-16,13129.79,20230816,0.0
PAY0002806,ORD002806,2023-02-09,Wallet,8020.4,Success,2023-02-07,8020.4,20230207,0.0
PAY0002807,ORD002807,2023-02-24,UPI,13086.15,Success,2023-02-23,13086.150000000001,20230223,1.8189894035458565e-12
PAY0002808,ORD002808,2023-10-28,Cash on Delivery,2402.47,Success,2023-10-28,2402.47,20231028,0.0
PAY0002809,ORD002809,2023-08-29,Cash on Delivery,9273.38,Failed,2023-08-26,9273.38,20230826,0.0
PAY0002810,ORD002810,2024-01-19,Credit Card,3144.6,Success,2024-01-19,3144.6,20240119,0.0
PAY0002811,ORD002811,2023-08-06,Credit Card,52452.63,Success,2023-08-05,52452.63,20230805,0.0
PAY0002812,ORD002812,2023-11-16,Wallet,29244.84,Success,2023-11-15,29244.84,20231115,0.0
PAY0002813,ORD002813,2024-02-02,Wallet,6559.01,Success,2024-01-31,6559.01,20240131,0.0
PAY0002814,ORD002814,2023-08-31,Credit Card,30506.08,Success,2023-08-30,30506.08,20230830,0.0
PAY0002815,ORD002815,2023-06-10,Cash on Delivery,49816.06,Success,2023-06-08,49816.06,20230608,0.0
PAY0002816,ORD002816,2024-07-29,Cash on Delivery,1155.59,Refunded,2024-07-27,1155.59,20240727,0.0
PAY0002817,ORD002817,2024-09-28,Debit Card,5774.34,Success,2024-09-28,5774.34,20240928,0.0
PAY0002818,ORD002818,2023-09-26,UPI,12437.09,Pending,2023-09-25,10848.72,20230925,-1588.3700000000008
PAY0002819,ORD002819,2024-05-10,Cash on Delivery,9181.14,Success,2024-05-08,9181.14,20240508,0.0
PAY0002820,ORD002820,2024-07-29,Cash on Delivery,6283.38,Success,2024-07-26,6283.38,20240726,0.0
PAY0002821,ORD002821,2023-05-10,UPI,37255.08,Success,2023-05-09,37255.08,20230509,0.0
PAY0002822,ORD002822,2024-07-24,Cash on Delivery,13538.61,Success,2024-07-24,13538.61,20240724,0.0
PAY0002823,ORD002823,2024-02-17,Credit Card,11376.22,Success,2024-02-15,11376.220000000001,20240215,1.8189894035458565e-12
PAY0002824,ORD002824,2024-11-09,UPI,8524.58,Success,2024-11-09,8524.58,20241109,0.0
PAY0002825,ORD002825,2023-09-03,Wallet,1102.46,Pending,2023-09-01,1102.46,20230901,0.0
PAY0002826,ORD002826,2024-08-20,Debit Card,19672.5,Pending,2024-08-20,19672.5,20240820,0.0
PAY0002827,ORD002827,2023-12-04,Credit Card,11762.96,Success,2023-12-04,11762.96,20231204,0.0
PAY0002828,ORD002828,2024-11-15,Net Banking,43656.22,Failed,2024-11-13,43656.22,20241113,0.0
PAY0002829,ORD002829,2024-03-13,UPI,9457.33,Success,2024-03-10,9457.33,20240310,0.0
PAY0002830,ORD002830,2023-09-17,Wallet,44326.77,Success,2023-09-16,44326.770000000004,20230916,7.275957614183426e-12
PAY0002831,ORD002831,2023-01-05,Wallet,46250.49,Success,2023-01-02,46250.49,20230102,0.0
PAY0002832,ORD002832,2024-11-15,Debit Card,12630.77,Success,2024-11-12,12630.77,20241112,0.0
PAY0002833,ORD002833,2024-02-21,Debit Card,19447.9,Success,2024-02-19,19447.899999999998,20240219,-3.637978807091713e-12
PAY0002834,ORD002834,2024-06-28,Cash on Delivery,2200.49,Success,2024-06-25,2200.49,20240625,0.0
PAY0002835,ORD002835,2024-01-07,Cash on Delivery,1259.88,Success,2024-01-07,1259.88,20240107,0.0
PAY0002836,ORD002836,2024-06-29,Cash on Delivery,5272.26,Success,2024-06-27,5272.26,20240627,0.0
PAY0002837,ORD002837,2024-06-25,Debit Card,1888.76,Success,2024-06-22,1888.7600000000002,20240622,2.2737367544323206e-13
PAY0002838,ORD002838,2023-02-01,Cash on Delivery,3519.75,Success,2023-01-30,3519.75,20230130,0.0
PAY0002839,ORD002839,2023-09-03,Credit Card,7228.13,Success,2023-09-02,6521.280000000001,20230902,-706.8499999999995
PAY0002840,ORD002840,2024-04-20,Cash on Delivery,17640.66,Success,2024-04-18,17640.66,20240418,0.0
PAY0002841,ORD002841,2024-11-16,UPI,9016.6,Success,2024-11-13,9016.6,20241113,0.0
PAY0002842,ORD002842,2024-07-01,Debit Card,862.91,Success,2024-06-30,862.91,20240630,0.0
PAY0002843,ORD002843,2023-09-06,UPI,17567.2,Failed,2023-09-04,16852.68,20230904,-714.5200000000004
PAY0002844,ORD002844,2023-07-13,UPI,9643.8,Success,2023-07-10,9643.800000000001,20230710,1.8189894035458565e-12
PAY0002845,ORD002845,2024-12-03,Wallet,43644.65,Success,2024-12-01,43644.65,20241201,0.0
PAY0002846,ORD002846,2024-07-10,Cash on Delivery,15141.94,Success,2024-07-09,15141.939999999999,20240709,-1.8189894035458565e-12
PAY0002847,ORD002847,2023-08-17,Cash on Delivery,23827.52,Success,2023-08-15,23827.52,20230815,0.0
PAY0002848,ORD002848,2024-07-30,UPI,17589.48,Success,2024-07-29,17589.48,20240729,0.0
PAY0002849,ORD002849,2024-11-25,UPI,6086.889999999999,Success,2024-11-22,6086.889999999999,20241122,0.0
PAY0002850,ORD002850,2024-06-29,Net Banking,47139.64,Refunded,2024-06-27,47139.64,20240627,0.0
PAY0002851,ORD002851,2023-01-18,UPI,13491.31,Success,2023-01-17,13491.31,20230117,0.0
PAY0002852,ORD002852,2023-07-05,UPI,13583.929999999998,Success,2023-07-02,13583.929999999998,20230702,0.0
PAY0002853,ORD002853,2024-06-05,Credit Card,30196.52,Success,2024-06-04,29047.14,20240604,-1149.380000000001
PAY0002854,ORD002854,2024-11-05,Debit Card,13104.49,Success,2024-11-04,13104.49,20241104,0.0
PAY0002855,ORD002855,2024-08-07,Wallet,18310.81,Success,2024-08-07,18310.809999999998,20240807,-3.637978807091713e-12
PAY0002856,ORD002856,2023-03-11,Debit Card,1451.31,Success,2023-03-11,1451.31,20230311,0.0
PAY0002857,ORD002857,2023-03-10,Wallet,12192.81,Success,2023-03-07,12192.81,20230307,0.0
PAY0002858,ORD002858,2024-03-13,Credit Card,20578.08,Refunded,2024-03-11,20578.079999999998,20240311,-3.637978807091713e-12
PAY0002859,ORD002859,2023-04-16,Net Banking,344.65,Success,2023-04-16,344.65,20230416,0.0
PAY0002860,ORD002860,2023-08-02,Cash on Delivery,9075.76,Success,2023-08-01,9075.76,20230801,0.0
PAY0002861,ORD002861,2024-06-04,Net Banking,34995.8,Success,2024-06-04,34995.799999999996,20240604,-7.275957614183426e-12
PAY0002862,ORD002862,2023-05-24,Net Banking,14965.74,Failed,2023-05-23,14965.74,20230523,0.0
PAY0002863,ORD002863,2024-11-30,Debit Card,4350.17,Success,2024-11-30,4350.17,20241130,0.0
PAY0002864,ORD002864,2024-03-13,Debit Card,31699.48,Success,2024-03-13,28814.64,20240313,-2884.84
PAY0002865,ORD002865,2023-01-07,Cash on Delivery,7313.64,Success,2023-01-07,7313.64,20230107,0.0
PAY0002866,ORD002866,2024-04-27,Cash on Delivery,18371.53,Refunded,2024-04-26,18371.53,20240426,0.0
PAY0002867,ORD002867,2023-08-06,Wallet,9827.56,Success,2023-08-03,9827.56,20230803,0.0
PAY0002868,ORD002868,2023-12-29,Credit Card,5858.08,Success,2023-12-28,5858.08,20231228,0.0
PAY0002869,ORD002869,2023-02-05,Debit Card,5791.83,Success,2023-02-03,5791.83,20230203,0.0
PAY0002870,ORD002870,2023-05-12,Cash on Delivery,5881.2,Success,2023-05-12,5881.2,20230512,0.0
PAY0002871,ORD002871,2024-04-07,Net Banking,14736.66,Success,2024-04-07,14736.66,20240407,0.0
PAY0002872,ORD002872,2023-08-25,Cash on Delivery,12921.57,Success,2023-08-25,12921.57,20230825,0.0
PAY0002873,ORD002873,2023-07-25,Credit Card,15843.12,Pending,2023-07-22,15843.119999999999,20230722,-1.8189894035458565e-12
PAY0002874,ORD002874,2023-05-26,Debit Card,10128.22,Success,2023-05-25,10128.22,20230525,0.0
PAY0002875,ORD002875,2023-08-18,Wallet,18123.6,Success,2023-08-15,18123.6,20230815,0.0
PAY0002876,ORD002876,2024-04-27,Cash on Delivery,4789.85,Success,2024-04-27,4789.85,20240427,0.0
PAY0002877,ORD002877,2024-01-21,Credit Card,11628.88,Refunded,2024-01-18,11628.880000000001,20240118,1.8189894035458565e-12
PAY0002878,ORD002878,2023-09-29,Cash on Delivery,790.97,Success,2023-09-28,692.77,20230928,-98.20000000000005
PAY0002879,ORD002879,2023-12-07,Credit Card,17797.73,Success,2023-12-06,17797.73,20231206,0.0
PAY0002880,ORD002880,2023-11-04,UPI,22421.81,Success,2023-11-03,22421.809999999998,20231103,-3.637978807091713e-12
PAY0002881,ORD002881,2023-05-14,Credit Card,3144.6,Success,2023-05-13,3144.6,20230513,0.0
PAY0002882,ORD002882,2024-02-23,Credit Card,15617.49,Success,2024-02-22,15617.49,20240222,0.0
PAY0002883,ORD002883,2023-05-07,Debit Card,10714.11,Success,2023-05-06,10714.11,20230506,0.0
PAY0002884,ORD002884,2023-05-18,Wallet,6769.84,Pending,2023-05-17,6769.84,20230517,0.0
PAY0002885,ORD002885,2024-04-14,Cash on Delivery,7407.55,Success,2024-04-11,7407.55,20240411,0.0
PAY0002886,ORD002886,2023-11-12,Cash on Delivery,58640.79,Success,2023-11-10,58640.79,20231110,0.0
PAY0002887,ORD002887,2024-09-03,Wallet,3944.29,Success,2024-09-02,3944.29,20240902,0.0
PAY0002888,ORD002888,2023-11-30,Debit Card,18157.25,Success,2023-11-29,18157.25,20231129,0.0
PAY0002889,ORD002889,2024-07-22,Cash on Delivery,3658.96,Success,2024-07-19,3658.96,20240719,0.0
PAY0002890,ORD002890,2024-06-29,Wallet,17729.43,Success,2024-06-28,19725.36,20240628,1995.9300000000003
PAY0002891,ORD002891,2024-06-30,Debit Card,633.88,Success,2024-06-30,633.88,20240630,0.0
PAY0002892,ORD002892,2024-07-12,Wallet,1065.44,Refunded,2024-07-10,1065.44,20240710,0.0
PAY0002893,ORD002893,2024-09-17,Cash on Delivery,17660.010000000002,Success,2024-09-15,17660.010000000002,20240915,0.0
PAY0002894,ORD002894,2024-11-09,Cash on Delivery,1498.15,Success,2024-11-07,1498.15,20241107,0.0
PAY0002895,ORD002895,2024-08-01,Cash on Delivery,5116.05,Success,2024-07-31,5116.05,20240731,0.0
PAY0002896,ORD002896,2023-04-20,Net Banking,31714.48,Failed,2023-04-20,31714.48,20230420,0.0
PAY0002897,ORD002897,2023-11-12,Net Banking,21450.58,Success,2023-11-09,21450.58,20231109,0.0
PAY0002898,ORD002898,2024-12-02,Debit Card,17870.67,Success,2024-11-30,17870.67,20241130,0.0
PAY0002899,ORD002899,2024-06-30,Wallet,11783.71,Success,2024-06-27,11783.71,20240627,0.0
PAY0002900,ORD002900,2024-11-07,Credit Card,15563.89,Success,2024-11-06,15563.89,20241106,0.0
PAY0002901,ORD002901,2024-09-01,Cash on Delivery,30325.56,Success,2024-09-01,30325.56,20240901,0.0
PAY0002902,ORD002902,2024-11-29,Cash on Delivery,3946.09,Success,2024-11-28,3946.09,20241128,0.0
PAY0002903,ORD002903,2024-08-25,Debit Card,16471.66,Failed,2024-08-23,16471.66,20240823,0.0
PAY0002904,ORD002904,2024-02-05,Credit Card,3500.38,Success,2024-02-04,3500.38,20240204,0.0
PAY0002905,ORD002905,2024-09-12,Wallet,22215.08,Success,2024-09-10,25232.2,20240910,3017.119999999999
PAY0002906,ORD002906,2024-02-09,Debit Card,28029.38,Success,2024-02-08,28029.38,20240208,0.0
PAY0002907,ORD002907,2024-07-08,Credit Card,20210.08,Success,2024-07-07,20210.08,20240707,0.0
PAY0002908,ORD002908,2024-09-24,Debit Card,2500.46,Success,2024-09-21,2500.46,20240921,0.0
PAY0002909,ORD002909,2023-09-01,Debit Card,18334.24,Success,2023-08-29,18334.239999999998,20230829,-3.637978807091713e-12
PAY0002910,ORD002910,2023-01-12,Wallet,5064.43,Success,2023-01-09,5064.43,20230109,0.0
PAY0002911,ORD002911,2024-09-18,Net Banking,6757.07,Success,2024-09-18,6389.200000000001,20240918,-367.869999999999
PAY0002912,ORD002912,2023-11-15,UPI,4518.23,Success,2023-11-14,4518.23,20231114,0.0
PAY0002913,ORD002913,2024-03-14,Credit Card,9869.37,Success,2024-03-12,9869.37,20240312,0.0
PAY0002914,ORD002914,2024-04-08,UPI,13298.43,Success,2024-04-07,13298.43,20240407,0.0
PAY0002915,ORD002915,2023-09-15,Credit Card,6484.56,Success,2023-09-13,7317.610000000001,20230913,833.0500000000002
PAY0002916,ORD002916,2023-12-07,Net Banking,32302.52,Success,2023-12-04,32302.52,20231204,0.0
PAY0002917,ORD002917,2024-03-17,Net Banking,7182.12,Pending,2024-03-15,7182.12,20240315,0.0
PAY0002918,ORD002918,2023-12-04,Net Banking,1491.57,Failed,2023-12-04,1491.57,20231204,0.0
PAY0002919,ORD002919,2023-11-12,Wallet,9452.82,Success,2023-11-10,9452.82,20231110,0.0
PAY0002920,ORD002920,2024-04-23,Wallet,8988.77,Success,2024-04-22,8988.77,20240422,0.0
PAY0002921,ORD002921,2024-11-06,Wallet,6515.19,Pending,2024-11-04,7466.31,20241104,951.1200000000008
PAY0002922,ORD002922,2023-06-04,Debit Card,6899.530000000001,Success,2023-06-02,6899.530000000001,20230602,0.0
PAY0002923,ORD002923,2023-07-16,Credit Card,8399.52,Success,2023-07-13,8399.52,20230713,0.0
PAY0002924,ORD002924,2024-11-30,Net Banking,3551.64,Success,2024-11-29,3551.64,20241129,0.0
PAY0002925,ORD002925,2024-12-03,Debit Card,3523.75,Success,2024-11-30,3523.75,20241130,0.0
PAY0002926,ORD002926,2023-05-04,Wallet,10654.04,Success,2023-05-02,10654.039999999999,20230502,-1.8189894035458565e-12
PAY0002927,ORD002927,2023-05-26,Credit Card,1789.22,Success,2023-05-24,1789.22,20230524,0.0
PAY0002928,ORD002928,2024-09-20,Credit Card,8138.6,Success,2024-09-19,8138.6,20240919,0.0
PAY0002929,ORD002929,2024-04-07,Cash on Delivery,18889.98,Success,2024-04-07,18889.98,20240407,0.0
PAY0002930,ORD002930,2023-07-19,Wallet,31633.45,Success,2023-07-19,31633.45,20230719,0.0
PAY0002931,ORD002931,2024-02-06,UPI,1195.14,Success,2024-02-06,1195.14,20240206,0.0
PAY0002932,ORD002932,2023-04-09,UPI,4012.78,Success,2023-04-06,4012.78,20230406,0.0
PAY0002933,ORD002933,2023-11-29,Debit Card,28269.85,Success,2023-11-29,28269.85,20231129,0.0
PAY0002934,ORD002934,2024-07-08,Cash on Delivery,3623.42,Success,2024-07-08,3623.42,20240708,0.0
PAY0002935,ORD002935,2023-10-19,Wallet,54511.55,Success,2023-10-18,54511.55,20231018,0.0
PAY0002936,ORD002936,2024-01-15,Credit Card,3514.72,Success,2024-01-15,3514.72,20240115,0.0
PAY0002937,ORD002937,2024-02-25,UPI,6525.030000000001,Success,2024-02-22,6525.030000000001,20240222,0.0
PAY0002938,ORD002938,2024-09-14,UPI,46776.75,Success,2024-09-12,46776.75,20240912,0.0
PAY0002939,ORD002939,2024-02-25,UPI,18689.58,Success,2024-02-24,18689.58,20240224,0.0
PAY0002940,ORD002940,2023-02-09,Credit Card,14376.86,Success,2023-02-06,14376.86,20230206,0.0
PAY0002941,ORD002941,2024-01-25,Wallet,21672.07,Success,2024-01-22,21672.07,20240122,0.0
PAY0002942,ORD002942,2023-07-08,Wallet,15595.52,Success,2023-07-08,15595.52,20230708,0.0
PAY0002943,ORD002943,2024-11-25,Debit Card,4809.030000000001,Success,2024-11-23,4809.030000000001,20241123,0.0
PAY0002944,ORD002944,2023-01-28,Credit Card,5326.74,Success,2023-01-25,5326.74,20230125,0.0
PAY0002945,ORD002945,2023-08-04,Debit Card,15318.14,Success,2023-08-01,15318.14,20230801,0.0
PAY0002946,ORD002946,2024-05-05,Cash on Delivery,22245.51,Success,2024-05-02,22245.51,20240502,0.0
PAY0002947,ORD002947,2024-10-29,Net Banking,25273.77,Success,2024-10-26,25273.77,20241026,0.0
PAY0002948,ORD002948,2024-09-03,Wallet,3459.93,Success,2024-09-02,3459.93,20240902,0.0
PAY0002949,ORD002949,2023-12-15,Debit Card,4020.11,Success,2023-12-12,4020.11,20231212,0.0
PAY0002950,ORD002950,2023-02-28,Cash on Delivery,-3966.56,Refunded,2023-02-26,-3966.56,20230226,0.0
PAY0002951,ORD002951,2024-04-03,Net Banking,17375.690000000002,Success,2024-03-31,17375.690000000002,20240331,0.0
PAY0002952,ORD002952,2023-11-28,Debit Card,28699.39,Success,2023-11-28,28699.39,20231128,0.0
PAY0002953,ORD002953,2023-05-30,Debit Card,41653.61,Success,2023-05-29,41653.61,20230529,0.0
PAY0002954,ORD002954,2023-03-24,Credit Card,44058.13,Success,2023-03-23,38897.63,20230323,-5160.5
PAY0002955,ORD002955,2024-03-01,Credit Card,19416.61,Success,2024-03-01,19416.61,20240301,0.0
PAY0002956,ORD002956,2024-05-18,Wallet,20963.51,Success,2024-05-17,20963.51,20240517,0.0
PAY0002957,ORD002957,2024-10-26,Credit Card,14780.46,Success,2024-10-24,14780.46,20241024,0.0
PAY0002958,ORD002958,2023-07-01,Cash on Delivery,2661.51,Refunded,2023-07-01,2661.51,20230701,0.0
PAY0002959,ORD002959,2025-05-24,Debit Card,-3509.880000000001,Success,2025-05-21,-3509.880000000001,20250521,0.0
PAY0002960,ORD002960,2023-10-10,Wallet,19363.22,Success,2023-10-07,19363.22,20231007,0.0
PAY0002961,ORD002961,2023-03-30,Cash on Delivery,1984.21,Success,2023-03-30,1984.21,20230330,0.0
PAY0002962,ORD002962,2024-07-13,UPI,2995.4700000000003,Success,2024-07-12,2995.4700000000003,20240712,0.0
PAY0002963,ORD002963,2023-06-03,UPI,6693.56,Refunded,2023-05-31,6693.56,20230531,0.0
PAY0002964,ORD002964,2023-09-22,Net Banking,7441.97,Success,2023-09-21,7441.97,20230921,0.0
PAY0002965,ORD002965,2024-10-25,Wallet,37622.76,Failed,2024-10-22,37622.76,20241022,0.0
PAY0002966,ORD002966,2024-06-11,Net Banking,832.87,Failed,2024-06-11,832.87,20240611,0.0
PAY0002967,ORD002967,2024-08-16,UPI,2496.43,Success,2024-08-14,2496.43,20240814,0.0
PAY0002968,ORD002968,2023-05-09,UPI,7110.3,Success,2023-05-07,7110.3,20230507,0.0
PAY0002969,ORD002969,2023-09-03,Debit Card,22499.69,Success,2023-09-01,22499.690000000002,20230901,3.637978807091713e-12
PAY0002970,ORD002970,2024-09-10,UPI,39869.87,Success,2024-09-10,39869.87,20240910,0.0
PAY0002971,ORD002971,2023-01-03,Debit Card,8300.4,Success,2023-01-03,8300.4,20230103,0.0
PAY0002972,ORD002972,2024-05-15,UPI,7134.8,Failed,2024-05-12,7134.8,20240512,0.0
PAY0002973,ORD002973,2023-03-01,Debit Card,10786.64,Failed,2023-02-26,10786.64,20230226,0.0
PAY0002974,ORD002974,2024-08-17,Debit Card,33950.93,Success,2024-08-15,33950.93000000001,20240815,7.275957614183426e-12
PAY0002975,ORD002975,2024-03-01,UPI,7232.5,Success,2024-02-27,7232.5,20240227,0.0
PAY0002976,ORD002976,2023-01-02,Net Banking,26788.82,Refunded,2023-01-01,26788.82,20230101,0.0
PAY0002977,ORD002977,2023-01-29,Credit Card,29044.19,Success,2023-01-29,29044.190000000002,20230129,3.637978807091713e-12
PAY0002978,ORD002978,2024-08-02,UPI,28122.76,Refunded,2024-08-01,28122.76,20240801,0.0
PAY0002979,ORD002979,2023-07-01,UPI,15129.24,Success,2023-06-29,15129.24,20230629,0.0
PAY0002980,ORD002980,2024-01-11,Net Banking,3884.18,Success,2024-01-09,3884.18,20240109,0.0
PAY0002981,ORD002981,2024-10-18,Debit Card,22986.270000000004,Success,2024-10-17,22986.270000000004,20241017,0.0
PAY0002982,ORD002982,2023-09-18,Debit Card,13050.51,Pending,2023-09-18,13050.51,20230918,0.0
PAY0002983,ORD002983,2023-09-22,Debit Card,20309.54,Success,2023-09-22,20309.54,20230922,0.0
PAY0002984,ORD002984,2023-08-08,Net Banking,14998.759999999998,Success,2023-08-05,14998.759999999998,20230805,0.0
PAY0002985,ORD002985,2023-09-04,Net Banking,12432.46,Pending,2023-09-02,12432.46,20230902,0.0
PAY0002986,ORD002986,2024-08-10,Credit Card,15727.88,Success,2024-08-10,15727.880000000001,20240810,1.8189894035458565e-12
PAY0002987,ORD002987,2023-01-07,UPI,14404.18,Success,2023-01-05,14404.18,20230105,0.0
PAY0002988,ORD002988,2023-11-08,UPI,6682.66,Success,2023-11-05,6682.66,20231105,0.0
PAY0002989,ORD002989,2024-06-14,Cash on Delivery,4066.81,Success,2024-06-12,4066.81,20240612,0.0
PAY0002990,ORD002990,2023-08-06,Cash on Delivery,16016.04,Refunded,2023-08-05,16016.04,20230805,0.0
PAY0002991,ORD002991,2024-04-01,Credit Card,17381.35,Failed,2024-03-30,17381.35,20240330,0.0
PAY0002992,ORD002992,2023-08-06,Wallet,5373.23,Success,2023-08-03,5373.23,20230803,0.0
PAY0002993,ORD002993,2024-08-31,Wallet,12839.26,Success,2024-08-28,12839.26,20240828,0.0
PAY0002994,ORD002994,2024-01-16,Wallet,11388.58,Failed,2024-01-16,11388.58,20240116,0.0
PAY0002995,ORD002995,2024-09-19,Credit Card,21905.98,Refunded,2024-09-16,21905.98,20240916,0.0
PAY0002996,ORD002996,2024-02-27,Wallet,14580.74,Success,2024-02-26,14580.74,20240226,0.0
PAY0002997,ORD002997,2024-10-30,Credit Card,6915.22,Success,2024-10-28,6915.22,20241028,0.0
PAY0002998,ORD002998,2023-06-03,Debit Card,8487.11,Success,2023-06-01,8487.11,20230601,0.0
PAY0002999,ORD002999,2024-11-12,Credit Card,2337.79,Success,2024-11-09,2337.79,20241109,0.0
PAY0003000,ORD003000,2023-06-20,Wallet,3963.99,Success,2023-06-17,3963.99,20230617,0.0
PAY0003001,ORD003001,2024-09-19,Credit Card,3248.66,Success,2024-09-16,3248.66,20240916,0.0
PAY0003002,ORD003002,2024-09-15,Cash on Delivery,21489.42,Success,2024-09-15,21489.42,20240915,0.0
PAY0003003,ORD003003,2024-08-21,Net Banking,56532.19,Success,2024-08-20,56532.189999999995,20240820,-7.275957614183426e-12
PAY0003004,ORD003004,2024-12-01,Debit Card,10858.09,Success,2024-11-29,10858.09,20241129,0.0
PAY0003005,ORD003005,2023-12-12,Cash on Delivery,33915.81,Success,2023-12-11,33915.81,20231211,0.0
PAY0003006,ORD003006,2024-03-09,Debit Card,10592.4,Success,2024-03-09,10592.4,20240309,0.0
PAY0003007,ORD003007,2024-08-28,Cash on Delivery,16627.33,Success,2024-08-26,16627.33,20240826,0.0
PAY0003008,ORD003008,2024-06-11,Credit Card,23025.92,Success,2024-06-09,23025.920000000002,20240609,3.637978807091713e-12
PAY0003009,ORD003009,2024-09-18,Debit Card,8414.5,Success,2024-09-17,8414.5,20240917,0.0
PAY0003010,ORD003010,2023-01-06,UPI,23781.54,Success,2023-01-04,23781.54,20230104,0.0
PAY0003011,ORD003011,2024-11-11,Debit Card,20189.16,Success,2024-11-10,20189.16,20241110,0.0
PAY0003012,ORD003012,2023-01-28,Wallet,10287.59,Success,2023-01-28,10287.59,20230128,0.0
PAY0003013,ORD003013,2024-09-13,Credit Card,4634.26,Success,2024-09-10,4634.26,20240910,0.0
PAY0003014,ORD003014,2024-01-05,Debit Card,43232.44,Success,2024-01-04,43232.44,20240104,0.0
PAY0003015,ORD003015,2023-03-06,Cash on Delivery,2123.51,Success,2023-03-05,2123.51,20230305,0.0
PAY0003016,ORD003016,2023-01-31,Wallet,23245.54,Success,2023-01-31,23245.54,20230131,0.0
PAY0003017,ORD003017,2024-04-05,Credit Card,5607.54,Success,2024-04-05,5607.54,20240405,0.0
PAY0003018,ORD003018,2024-10-30,UPI,26157.64,Success,2024-10-28,26157.64,20241028,0.0
PAY0003019,ORD003019,2023-11-04,Cash on Delivery,16594.309999999998,Success,2023-11-02,16594.309999999998,20231102,0.0
PAY0003020,ORD003020,2024-10-03,Net Banking,28357.72,Success,2024-10-02,28357.72,20241002,0.0
PAY0003021,ORD003021,2024-07-26,Credit Card,5892.69,Success,2024-07-24,5892.69,20240724,0.0
PAY0003022,ORD003022,2023-11-25,Wallet,7150.39,Success,2023-11-23,7150.39,20231123,0.0
PAY0003023,ORD003023,2023-08-29,Credit Card,10178.44,Success,2023-08-26,10178.44,20230826,0.0
PAY0003024,ORD003024,2023-06-19,Cash on Delivery,1993.2,Pending,2023-06-19,1993.2,20230619,0.0
PAY0003025,ORD003025,2024-11-10,Net Banking,18648.020000000004,Success,2024-11-09,18648.02,20241109,-3.637978807091713e-12
PAY0003026,ORD003026,2024-09-20,UPI,13761.29,Success,2024-09-20,13761.289999999999,20240920,-1.8189894035458565e-12
PAY0003027,ORD003027,2023-06-30,Net Banking,5188.77,Refunded,2023-06-29,5188.77,20230629,0.0
PAY0003028,ORD003028,2023-02-09,Cash on Delivery,15788.07,Success,2023-02-06,15788.07,20230206,0.0
PAY0003029,ORD003029,2024-09-25,Cash on Delivery,5635.51,Success,2024-09-23,5635.51,20240923,0.0
PAY0003030,ORD003030,2023-08-05,Credit Card,13156.89,Success,2023-08-03,13156.89,20230803,0.0
PAY0003031,ORD003031,2024-06-20,Net Banking,1509.77,Success,2024-06-19,1509.77,20240619,0.0
PAY0003032,ORD003032,2024-07-13,Wallet,2995.12,Success,2024-07-12,2995.12,20240712,0.0
PAY0003033,ORD003033,2023-07-13,Wallet,6511.17,Success,2023-07-10,6511.17,20230710,0.0
PAY0003034,ORD003034,2023-06-05,Wallet,16536.82,Success,2023-06-03,14946.189999999999,20230603,-1590.630000000001
PAY0003035,ORD003035,2024-03-27,Debit Card,4080.66,Success,2024-03-24,4080.66,20240324,0.0
PAY0003036,ORD003036,2023-08-25,Net Banking,1512.3,Success,2023-08-22,1512.3,20230822,0.0
PAY0003037,ORD003037,2024-05-06,UPI,10773.95,Success,2024-05-06,10773.949999999999,20240506,-1.8189894035458565e-12
PAY0003038,ORD003038,2024-04-11,Net Banking,20199.58,Success,2024-04-08,20199.579999999998,20240408,-3.637978807091713e-12
PAY0003039,ORD003039,2024-08-24,UPI,15306.48,Success,2024-08-21,15306.48,20240821,0.0
PAY0003040,ORD003040,2023-06-25,Net Banking,10898.55,Success,2023-06-24,10898.55,20230624,0.0
PAY0003041,ORD003041,2023-06-18,Net Banking,23464.59,Pending,2023-06-17,23464.59,20230617,0.0
PAY0003042,ORD003042,2023-12-13,Net Banking,8701.77,Failed,2023-12-12,8701.77,20231212,0.0
PAY0003043,ORD003043,2024-08-15,Credit Card,2887.17,Failed,2024-08-15,2887.17,20240815,0.0
PAY0003044,ORD003044,2023-04-19,Credit Card,14314.0,Success,2023-04-17,14314.0,20230417,0.0
PAY0003045,ORD003045,2024-08-20,Wallet,18745.86,Success,2024-08-20,18745.86,20240820,0.0
PAY0003046,ORD003046,2023-12-19,Credit Card,9654.52,Success,2023-12-18,9654.52,20231218,0.0
PAY0003047,ORD003047,2024-11-19,Net Banking,32251.910000000003,Success,2024-11-18,32251.910000000003,20241118,0.0
PAY0003048,ORD003048,2023-07-11,Debit Card,13997.32,Success,2023-07-11,13997.32,20230711,0.0
PAY0003049,ORD003049,2024-07-12,Cash on Delivery,5450.06,Success,2024-07-11,5450.06,20240711,0.0
PAY0003050,ORD003050,2023-01-11,Debit Card,1343.36,Refunded,2023-01-11,1343.36,20230111,0.0
PAY0003051,ORD003051,2024-08-20,Wallet,29050.05,Success,2024-08-19,29050.05,20240819,0.0
PAY0003052,ORD003052,2023-02-04,Wallet,9272.65,Success,2023-02-02,9272.65,20230202,0.0
PAY0003053,ORD003053,2023-04-01,Net Banking,13298.43,Success,2023-03-29,13298.43,20230329,0.0
PAY0003054,ORD003054,2023-09-05,Debit Card,14874.7,Success,2023-09-05,14874.7,20230905,0.0
PAY0003055,ORD003055,2024-01-03,Net Banking,2500.46,Success,2023-12-31,2500.46,20231231,0.0
PAY0003056,ORD003056,2023-02-11,Net Banking,9674.85,Success,2023-02-09,9674.85,20230209,0.0
PAY0003057,ORD003057,2023-10-16,Wallet,-773.62,Success,2023-10-14,-773.62,20231014,0.0
PAY0003058,ORD003058,2024-05-17,Debit Card,31670.05,Success,2024-05-17,31670.05,20240517,0.0
PAY0003059,ORD003059,2024-01-12,Net Banking,1869.32,Success,2024-01-10,1869.32,20240110,0.0
PAY0003060,ORD003060,2024-11-14,Cash on Delivery,3870.28,Success,2024-11-14,3870.28,20241114,0.0
PAY0003061,ORD003061,2024-08-09,Wallet,534.87,Success,2024-08-06,534.87,20240806,0.0
PAY0003062,ORD003062,2024-10-07,Debit Card,21333.23,Success,2024-10-06,21333.23,20241006,0.0
PAY0003063,ORD003063,2024-06-13,Net Banking,8775.56,Success,2024-06-10,8775.56,20240610,0.0
PAY0003064,ORD003064,2023-11-18,Debit Card,17386.06,Success,2023-11-17,17386.06,20231117,0.0
PAY0003065,ORD003065,2024-10-22,Debit Card,2496.43,Success,2024-10-22,2496.43,20241022,0.0
PAY0003066,ORD003066,2023-03-13,Net Banking,5395.6,Success,2023-03-10,5395.6,20230310,0.0
PAY0003067,ORD003067,2023-11-25,Net Banking,1789.22,Success,2023-11-24,1789.22,20231124,0.0
PAY0003068,ORD003068,2024-04-29,Net Banking,16642.93,Success,2024-04-29,16642.93,20240429,0.0
PAY0003069,ORD003069,2024-07-15,Net Banking,15912.23,Success,2024-07-14,15912.23,20240714,0.0
PAY0003070,ORD003070,2023-06-27,UPI,12195.72,Success,2023-06-26,12195.72,20230626,0.0
PAY0003071,ORD003071,2023-01-11,Net Banking,30971.26,Success,2023-01-10,30971.260000000002,20230110,3.637978807091713e-12
PAY0003072,ORD003072,2024-08-12,UPI,3578.44,Success,2024-08-12,3578.44,20240812,0.0
PAY0003073,ORD003073,2024-01-06,Credit Card,4432.81,Refunded,2024-01-06,4432.81,20240106,0.0
PAY0003074,ORD003074,2023-01-28,Net Banking,76494.84,Failed,2023-01-28,76494.84,20230128,0.0
PAY0003075,ORD003075,2023-06-09,UPI,12859.37,Success,2023-06-07,12859.369999999999,20230607,-1.8189894035458565e-12
PAY0003076,ORD003076,2023-04-29,Debit Card,11490.09,Success,2023-04-27,11490.09,20230427,0.0
PAY0003077,ORD003077,2024-01-14,UPI,5504.82,Success,2024-01-11,5504.82,20240111,0.0
PAY0003078,ORD003078,2023-06-30,Net Banking,5690.18,Success,2023-06-30,5690.18,20230630,0.0
PAY0003079,ORD003079,2023-10-28,Credit Card,9552.76,Failed,2023-10-25,9552.76,20231025,0.0
PAY0003080,ORD003080,2024-09-26,Wallet,33760.46,Success,2024-09-26,30809.059999999998,20240926,-2951.4000000000015
PAY0003081,ORD003081,2023-11-10,Debit Card,15886.6,Success,2023-11-09,15886.6,20231109,0.0
PAY0003082,ORD003082,2024-07-14,UPI,6768.4,Success,2024-07-12,6768.4,20240712,0.0
PAY0003083,ORD003083,2024-01-06,Cash on Delivery,8076.21,Success,2024-01-05,8076.21,20240105,0.0
PAY0003084,ORD003084,2023-02-06,Wallet,14990.18,Success,2023-02-06,14990.18,20230206,0.0
PAY0003085,ORD003085,2023-08-01,Wallet,21958.39,Success,2023-07-31,21958.39,20230731,0.0
PAY0003086,ORD003086,2024-05-15,Credit Card,12270.74,Success,2024-05-15,12270.74,20240515,0.0
PAY0003087,ORD003087,2023-03-30,Credit Card,4510.78,Pending,2023-03-29,4510.78,20230329,0.0
PAY0003088,ORD003088,2024-05-06,Cash on Delivery,4199.76,Success,2024-05-05,4199.76,20240505,0.0
PAY0003089,ORD003089,2023-06-14,Cash on Delivery,19749.23,Success,2023-06-12,19749.23,20230612,0.0
PAY0003090,ORD003090,2024-05-19,Wallet,27863.8,Success,2024-05-19,27863.800000000003,20240519,3.637978807091713e-12
PAY0003091,ORD003091,2024-05-24,UPI,3379.56,Success,2024-05-22,3379.56,20240522,0.0
PAY0003092,ORD003092,2023-06-07,UPI,6053.46,Success,2023-06-05,5491.94,20230605,-561.5200000000004
PAY0003093,ORD003093,2023-07-21,Wallet,18647.73,Success,2023-07-20,18647.73,20230720,0.0
PAY0003094,ORD003094,2023-11-22,Credit Card,12292.14,Success,2023-11-20,12292.14,20231120,0.0
PAY0003095,ORD003095,2024-09-20,Net Banking,4569.0,Failed,2024-09-18,4569.0,20240918,0.0
PAY0003096,ORD003096,2023-12-23,UPI,10923.79,Success,2023-12-20,10923.79,20231220,0.0
PAY0003097,ORD003097,2024-02-13,Wallet,11802.93,Success,2024-02-11,11802.93,20240211,0.0
PAY0003098,ORD003098,2023-08-14,Cash on Delivery,11017.18,Success,2023-08-12,11017.18,20230812,0.0
PAY0003099,ORD003099,2024-06-20,UPI,19699.97,Success,2024-06-19,19699.969999999998,20240619,-3.637978807091713e-12
PAY0003100,ORD003100,2023-10-08,UPI,9374.39,Success,2023-10-08,10989.58,20231008,1615.1900000000005
PAY0003101,ORD003101,2023-08-12,Credit Card,5207.4,Success,2023-08-09,5207.4,20230809,0.0
PAY0003102,ORD003102,2023-10-31,Cash on Delivery,28954.570000000003,Success,2023-10-28,28954.570000000003,20231028,0.0
PAY0003103,ORD003103,2023-09-08,Credit Card,8693.03,Success,2023-09-07,8693.03,20230907,0.0
PAY0003104,ORD003104,2023-05-28,Credit Card,28678.45,Success,2023-05-26,28678.45,20230526,0.0
PAY0003105,ORD003105,2023-12-13,Net Banking,4625.83,Success,2023-12-12,4625.83,20231212,0.0
PAY0003106,ORD003106,2024-08-13,Wallet,6005.27,Success,2024-08-12,6005.27,20240812,0.0
PAY0003107,ORD003107,2023-08-30,Credit Card,5823.71,Success,2023-08-29,5823.71,20230829,0.0
PAY0003108,ORD003108,2024-02-10,Net Banking,2746.09,Success,2024-02-10,2746.09,20240210,0.0
PAY0003109,ORD003109,2023-01-21,Debit Card,2112.77,Success,2023-01-18,2112.77,20230118,0.0
PAY0003110,ORD003110,2023-11-16,Cash on Delivery,13142.95,Success,2023-11-15,14525.98,20231115,1383.0299999999988
PAY0003111,ORD003111,2023-10-01,Net Banking,16778.42,Success,2023-09-30,16778.42,20230930,0.0
PAY0003112,ORD003112,2023-04-21,Net Banking,-379.750000000001,Success,2023-04-19,-379.750000000001,20230419,0.0
PAY0003113,ORD003113,2024-02-10,Credit Card,2205.3,Success,2024-02-08,2205.3,20240208,0.0
PAY0003114,ORD003114,2023-10-03,Debit Card,13294.85,Success,2023-10-03,13294.849999999999,20231003,-1.8189894035458565e-12
PAY0003115,ORD003115,2023-08-08,Net Banking,9234.49,Pending,2023-08-08,9234.49,20230808,0.0
PAY0003116,ORD003116,2023-04-16,Debit Card,13739.34,Success,2023-04-15,13739.34,20230415,0.0
PAY0003117,ORD003117,2024-06-14,Cash on Delivery,4097.28,Success,2024-06-12,4097.28,20240612,0.0
PAY0003118,ORD003118,2023-12-14,UPI,256.57,Success,2023-12-14,256.57,20231214,0.0
PAY0003119,ORD003119,2024-05-28,Wallet,11448.57,Success,2024-05-27,11448.57,20240527,0.0
PAY0003120,ORD003120,2024-05-29,Cash on Delivery,14631.92,Refunded,2024-05-26,14631.92,20240526,0.0
PAY0003121,ORD003121,2024-10-09,UPI,3250.8,Success,2024-10-09,3250.8,20241009,0.0
PAY0003122,ORD003122,2024-03-10,Wallet,13659.43,Success,2024-03-10,13659.43,20240310,0.0
PAY0003123,ORD003123,2024-03-02,UPI,6038.15,Success,2024-02-28,6038.15,20240228,0.0
PAY0003124,ORD003124,2024-01-22,Debit Card,16508.21,Success,2024-01-21,16508.21,20240121,0.0
PAY0003125,ORD003125,2024-10-30,Wallet,6904.86,Success,2024-10-29,6904.86,20241029,0.0
PAY0003126,ORD003126,2024-07-02,Credit Card,8701.77,Refunded,2024-07-01,8701.77,20240701,0.0
PAY0003127,ORD003127,2023-01-23,UPI,11903.78,Success,2023-01-22,11903.78,20230122,0.0
PAY0003128,ORD003128,2023-03-31,Debit Card,4491.93,Success,2023-03-29,4491.93,20230329,0.0
PAY0003129,ORD003129,2023-01-20,Credit Card,3900.41,Success,2023-01-20,3851.18,20230120,-49.23000000000002
PAY0003130,ORD003130,2024-05-02,Credit Card,2705.55,Success,2024-04-30,2705.55,20240430,0.0
PAY0003131,ORD003131,2024-08-07,Cash on Delivery,36544.28,Success,2024-08-07,36544.28,20240807,0.0
PAY0003132,ORD003132,2024-09-03,Debit Card,3992.96,Success,2024-08-31,3992.96,20240831,0.0
PAY0003133,ORD003133,2023-12-05,Wallet,5783.84,Success,2023-12-04,5783.84,20231204,0.0
PAY0003134,ORD003134,2025-03-21,Net Banking,37611.98,Success,2025-03-21,37611.979999999996,20250321,-7.275957614183426e-12
PAY0003135,ORD003135,2024-02-29,Debit Card,5941.63,Success,2024-02-29,5941.63,20240229,0.0
PAY0003136,ORD003136,2024-08-18,Credit Card,5976.360000000001,Pending,2024-08-16,5976.360000000001,20240816,0.0
PAY0003137,ORD003137,2024-11-24,Debit Card,26458.93,Success,2024-11-21,26458.93,20241121,0.0
PAY0003138,ORD003138,2023-10-15,Debit Card,6191.96,Success,2023-10-13,6191.96,20231013,0.0
PAY0003139,ORD003139,2023-02-24,UPI,4729.1,Success,2023-02-24,4729.1,20230224,0.0
PAY0003140,ORD003140,2023-05-11,Wallet,12488.77,Success,2023-05-09,12488.77,20230509,0.0
PAY0003141,ORD003141,2023-09-06,Cash on Delivery,16776.85,Success,2023-09-03,16776.85,20230903,0.0
PAY0003142,ORD003142,2023-10-26,Net Banking,3154.82,Refunded,2023-10-23,3154.8199999999997,20231023,-4.547473508864641e-13
PAY0003143,ORD003143,2023-07-26,Cash on Delivery,27110.96,Success,2023-07-26,30696.02,20230726,3585.0600000000013
PAY0003144,ORD003144,2024-02-20,Cash on Delivery,17685.64,Success,2024-02-20,17685.64,20240220,0.0
PAY0003145,ORD003145,2023-05-24,Cash on Delivery,23434.3,Success,2023-05-22,23434.3,20230522,0.0
PAY0003146,ORD003146,2023-04-10,Wallet,7970.66,Success,2023-04-09,7970.66,20230409,0.0
PAY0003147,ORD003147,2024-06-21,UPI,27846.0,Success,2024-06-21,27846.0,20240621,0.0
PAY0003148,ORD003148,2023-10-15,Credit Card,12067.62,Pending,2023-10-12,12067.619999999999,20231012,-1.8189894035458565e-12
PAY0003149,ORD003149,2023-03-20,UPI,31628.97,Success,2023-03-19,31628.97,20230319,0.0
PAY0003150,ORD003150,2024-08-20,UPI,16534.18,Success,2024-08-19,16534.18,20240819,0.0
PAY0003151,ORD003151,2023-06-26,Net Banking,3358.05,Success,2023-06-26,3358.05,20230626,0.0
PAY0003152,ORD003152,2024-07-16,UPI,27090.47,Pending,2024-07-13,27090.47,20240713,0.0
PAY0003153,ORD003153,2023-10-28,Credit Card,12644.47,Success,2023-10-27,12644.47,20231027,0.0
PAY0003154,ORD003154,2024-10-09,Wallet,2889.4,Success,2024-10-09,2889.4,20241009,0.0
PAY0003155,ORD003155,2024-10-30,Credit Card,6061.67,Success,2024-10-27,6061.67,20241027,0.0
PAY0003156,ORD003156,2024-02-20,Credit Card,7466.66,Success,2024-02-20,7466.66,20240220,0.0
PAY0003157,ORD003157,2024-02-26,Credit Card,3307.17,Success,2024-02-26,3307.17,20240226,0.0
PAY0003158,ORD003158,2024-07-18,UPI,11257.14,Success,2024-07-16,11257.14,20240716,0.0
PAY0003159,ORD003159,2024-02-19,Wallet,6206.48,Success,2024-02-17,6206.48,20240217,0.0
PAY0003160,ORD003160,2023-07-13,UPI,44807.71000000001,Success,2023-07-13,44807.71,20230713,-7.275957614183426e-12
PAY0003161,ORD003161,2024-04-05,Cash on Delivery,7799.320000000001,Failed,2024-04-02,7799.320000000001,20240402,0.0
PAY0003162,ORD003162,2024-03-23,Net Banking,15835.0,Success,2024-03-21,15835.0,20240321,0.0
PAY0003163,ORD003163,2024-08-07,Debit Card,12386.67,Success,2024-08-07,12386.67,20240807,0.0
PAY0003164,ORD003164,2024-05-19,Credit Card,6395.35,Success,2024-05-18,5633.46,20240518,-761.8900000000003
PAY0003165,ORD003165,2024-02-26,Wallet,38620.15,Success,2024-02-24,38620.15,20240224,0.0
PAY0003166,ORD003166,2024-02-10,Debit Card,3992.96,Success,2024-02-09,3992.96,20240209,0.0
PAY0003167,ORD003167,2023-04-05,Net Banking,13714.53,Success,2023-04-02,13714.529999999999,20230402,-1.8189894035458565e-12
PAY0003168,ORD003168,2024-05-26,Credit Card,8522.29,Success,2024-05-25,8522.29,20240525,0.0
PAY0003169,ORD003169,2023-06-02,Debit Card,2087.26,Success,2023-06-02,2087.26,20230602,0.0
PAY0003170,ORD003170,2023-08-10,Wallet,17533.5,Success,2023-08-10,17533.5,20230810,0.0
PAY0003171,ORD003171,2024-04-01,Debit Card,5858.08,Success,2024-03-29,5858.08,20240329,0.0
PAY0003172,ORD003172,2024-04-19,Debit Card,14627.28,Success,2024-04-17,14627.28,20240417,0.0
PAY0003173,ORD003173,2023-03-30,Net Banking,12326.27,Success,2023-03-30,12326.27,20230330,0.0
PAY0003174,ORD003174,2024-05-06,UPI,20029.25,Success,2024-05-05,20029.25,20240505,0.0
PAY0003175,ORD003175,2024-09-02,Net Banking,7970.85,Success,2024-08-30,7970.85,20240830,0.0
PAY0003176,ORD003176,2024-02-15,Debit Card,3946.1,Success,2024-02-14,3946.1,20240214,0.0
PAY0003177,ORD003177,2023-08-26,Debit Card,899.86,Success,2023-08-25,899.86,20230825,0.0
PAY0003178,ORD003178,2023-06-14,Credit Card,21126.31,Success,2023-06-13,21126.31,20230613,0.0
PAY0003179,ORD003179,2024-05-26,Cash on Delivery,16820.88,Success,2024-05-24,16820.88,20240524,0.0
PAY0003180,ORD003180,2023-08-26,Debit Card,66889.47,Success,2023-08-23,66889.47,20230823,0.0
PAY0003181,ORD003181,2023-01-08,Net Banking,8817.09,Success,2023-01-08,9082.710000000001,20230108,265.6200000000008
PAY0003182,ORD003182,2023-07-29,Credit Card,29136.3,Success,2023-07-29,29136.3,20230729,0.0
PAY0003183,ORD003183,2024-12-01,Debit Card,3976.12,Refunded,2024-11-30,3976.1200000000003,20241130,4.547473508864641e-13
PAY0003184,ORD003184,2024-02-14,Debit Card,10323.5,Success,2024-02-13,10323.5,20240213,0.0
PAY0003185,ORD003185,2023-10-04,Credit Card,504.1,Success,2023-10-03,504.1,20231003,0.0
PAY0003186,ORD003186,2024-11-25,Wallet,39975.3,Success,2024-11-24,39975.3,20241124,0.0
PAY0003187,ORD003187,2024-10-30,Cash on Delivery,18784.54,Success,2024-10-30,18784.54,20241030,0.0
PAY0003188,ORD003188,2023-04-11,UPI,10930.45,Success,2023-04-09,10930.45,20230409,0.0
PAY0003189,ORD003189,2024-11-18,Cash on Delivery,2741.29,Success,2024-11-15,2741.29,20241115,0.0
PAY0003190,ORD003190,2023-07-23,Cash on Delivery,5794.19,Pending,2023-07-22,5794.19,20230722,0.0
PAY0003191,ORD003191,2023-05-17,Net Banking,2179.62,Success,2023-05-16,2179.62,20230516,0.0
PAY0003192,ORD003192,2024-09-21,Wallet,28288.29,Success,2024-09-20,28288.29,20240920,0.0
PAY0003193,ORD003193,2024-11-24,Wallet,33915.81,Success,2024-11-24,33915.81,20241124,0.0
PAY0003194,ORD003194,2024-06-08,UPI,3786.88,Success,2024-06-06,3786.88,20240606,0.0
PAY0003195,ORD003195,2023-03-26,Wallet,42128.88,Success,2023-03-24,42128.88,20230324,0.0
PAY0003196,ORD003196,2024-02-20,Cash on Delivery,18996.43,Success,2024-02-19,18996.43,20240219,0.0
PAY0003197,ORD003197,2024-03-06,Credit Card,2719.98,Success,2024-03-03,2719.98,20240303,0.0
PAY0003198,ORD003198,2023-09-10,UPI,15300.86,Pending,2023-09-10,15300.86,20230910,0.0
PAY0003199,ORD003199,2023-08-25,UPI,24982.69,Success,2023-08-25,24982.69,20230825,0.0
PAY0003200,ORD003200,2023-06-08,Credit Card,1589.57,Success,2023-06-06,1589.57,20230606,0.0
PAY0003201,ORD003201,2023-11-01,Net Banking,41097.19,Success,2023-10-30,41097.19,20231030,0.0
PAY0003202,ORD003202,2024-09-23,Net Banking,44500.37,Failed,2024-09-21,44500.37,20240921,0.0
PAY0003203,ORD003203,2023-10-21,UPI,9546.1,Success,2023-10-20,9546.1,20231020,0.0
PAY0003204,ORD003204,2024-04-29,UPI,260.84,Success,2024-04-26,260.84,20240426,0.0
PAY0003205,ORD003205,2023-01-17,Debit Card,17502.83,Success,2023-01-17,17502.83,20230117,0.0
PAY0003206,ORD003206,2023-08-17,Debit Card,10666.99,Success,2023-08-15,10666.99,20230815,0.0
PAY0003207,ORD003207,2023-07-10,UPI,12531.500000000002,Success,2023-07-10,12531.5,20230710,-1.8189894035458565e-12
PAY0003208,ORD003208,2024-09-04,UPI,6748.030000000001,Success,2024-09-04,6748.030000000001,20240904,0.0
PAY0003209,ORD003209,2023-02-05,Cash on Delivery,21455.23,Success,2023-02-04,21455.23,20230204,0.0
PAY0003210,ORD003210,2024-03-29,Wallet,15366.68,Success,2024-03-28,14914.509999999998,20240328,-452.1700000000019
PAY0003211,ORD003211,2024-08-08,UPI,21173.120000000003,Success,2024-08-07,21173.120000000003,20240807,0.0
PAY0003212,ORD003212,2023-04-05,Wallet,13720.02,Success,2023-04-04,13720.02,20230404,0.0
PAY0003213,ORD003213,2024-05-23,Net Banking,14767.26,Success,2024-05-22,14767.26,20240522,0.0
PAY0003214,ORD003214,2023-04-21,Credit Card,50800.16,Success,2023-04-21,50800.16,20230421,0.0
PAY0003215,ORD003215,2024-03-04,Wallet,7893.1,Success,2024-03-04,7893.1,20240304,0.0
PAY0003216,ORD003216,2023-08-31,Debit Card,13414.34,Success,2023-08-28,13414.34,20230828,0.0
PAY0003217,ORD003217,2023-05-16,Wallet,21938.69,Success,2023-05-14,21938.690000000002,20230514,3.637978807091713e-12
PAY0003218,ORD003218,2024-07-20,Credit Card,2742.81,Success,2024-07-20,2742.81,20240720,0.0
PAY0003219,ORD003219,2024-09-02,Wallet,4849.99,Success,2024-08-30,4849.99,20240830,0.0
PAY0003220,ORD003220,2024-01-02,Cash on Delivery,3992.96,Success,2023-12-30,3992.96,20231230,0.0
PAY0003221,ORD003221,2023-02-13,Debit Card,10940.37,Success,2023-02-11,10940.369999999999,20230211,-1.8189894035458565e-12
PAY0003222,ORD003222,2024-08-10,Debit Card,7313.64,Success,2024-08-07,7313.64,20240807,0.0
PAY0003223,ORD003223,2024-10-17,Debit Card,7895.040000000001,Success,2024-10-17,7895.040000000001,20241017,0.0
PAY0003224,ORD003224,2023-09-16,Debit Card,377.04,Success,2023-09-15,377.04,20230915,0.0
PAY0003225,ORD003225,2023-12-31,Wallet,46815.52,Success,2023-12-31,46815.520000000004,20231231,7.275957614183426e-12
PAY0003226,ORD003226,2024-07-16,UPI,5675.99,Success,2024-07-13,5675.99,20240713,0.0
PAY0003227,ORD003227,2024-03-13,UPI,5329.92,Success,2024-03-13,5329.92,20240313,0.0
PAY0003228,ORD003228,2024-03-28,Credit Card,9597.56,Success,2024-03-27,9597.560000000001,20240327,1.8189894035458565e-12
PAY0003229,ORD003229,2024-03-13,Wallet,12229.06,Success,2024-03-12,12229.06,20240312,0.0
PAY0003230,ORD003230,2024-08-11,Debit Card,7636.65,Success,2024-08-11,7636.65,20240811,0.0
PAY0003231,ORD003231,2023-03-16,Debit Card,10952.77,Success,2023-03-13,10952.77,20230313,0.0
PAY0003232,ORD003232,2023-05-06,Net Banking,35930.89,Failed,2023-05-06,35930.89,20230506,0.0
PAY0003233,ORD003233,2024-03-02,Credit Card,2989.14,Refunded,2024-03-01,2989.14,20240301,0.0
PAY0003234,ORD003234,2023-11-20,Wallet,2588.73,Success,2023-11-20,2588.73,20231120,0.0
PAY0003235,ORD003235,2023-07-19,Wallet,26363.26,Success,2023-07-17,26363.260000000002,20230717,3.637978807091713e-12
PAY0003236,ORD003236,2023-03-14,Wallet,5518.05,Success,2023-03-12,5518.05,20230312,0.0
PAY0003237,ORD003237,2024-01-20,Net Banking,24674.76,Success,2024-01-19,24674.76,20240119,0.0
PAY0003238,ORD003238,2024-09-16,Net Banking,20361.14,Success,2024-09-14,20361.14,20240914,0.0
PAY0003239,ORD003239,2023-02-10,Credit Card,20299.26,Success,2023-02-07,20299.260000000002,20230207,3.637978807091713e-12
PAY0003240,ORD003240,2023-08-19,UPI,15984.61,Success,2023-08-16,15984.61,20230816,0.0
PAY0003241,ORD003241,2023-03-22,Debit Card,16717.17,Success,2023-03-20,16717.17,20230320,0.0
PAY0003242,ORD003242,2024-09-05,Credit Card,20592.52,Success,2024-09-03,20592.52,20240903,0.0
PAY0003243,ORD003243,2023-01-18,Credit Card,14309.75,Success,2023-01-18,14309.75,20230118,0.0
PAY0003244,ORD003244,2023-08-04,Credit Card,6671.78,Success,2023-08-01,6671.78,20230801,0.0
PAY0003245,ORD003245,2023-05-20,Credit Card,14012.4,Success,2023-05-19,14012.4,20230519,0.0
PAY0003246,ORD003246,2024-05-04,Net Banking,17089.16,Success,2024-05-04,17089.16,20240504,0.0
PAY0003247,ORD003247,2023-12-26,Wallet,37672.12,Success,2023-12-24,37672.12,20231224,0.0
PAY0003248,ORD003248,2023-04-22,Net Banking,43628.34,Success,2023-04-19,43628.34,20230419,0.0
PAY0003249,ORD003249,2023-03-05,UPI,29456.45,Success,2023-03-02,29456.45,20230302,0.0
PAY0003250,ORD003250,2024-05-19,Wallet,14790.95,Success,2024-05-17,14790.95,20240517,0.0
PAY0003251,ORD003251,2024-07-10,Net Banking,8766.75,Success,2024-07-09,8766.75,20240709,0.0
PAY0003252,ORD003252,2024-11-27,Credit Card,13776.82,Success,2024-11-26,13776.82,20241126,0.0
PAY0003253,ORD003253,2024-08-20,Debit Card,7174.1900000000005,Success,2024-08-20,7174.1900000000005,20240820,0.0
PAY0003254,ORD003254,2024-03-17,Net Banking,10313.56,Success,2024-03-15,10313.56,20240315,0.0
PAY0003255,ORD003255,2024-03-17,UPI,15354.48,Success,2024-03-16,15354.48,20240316,0.0
PAY0003256,ORD003256,2024-02-04,UPI,11345.69,Success,2024-02-01,11345.689999999999,20240201,-1.8189894035458565e-12
PAY0003257,ORD003257,2024-01-06,UPI,15953.17,Success,2024-01-03,15953.17,20240103,0.0
PAY0003258,ORD003258,2024-03-11,Credit Card,16074.27,Success,2024-03-08,16074.27,20240308,0.0
PAY0003259,ORD003259,2023-01-14,Cash on Delivery,9032.54,Success,2023-01-14,9032.539999999999,20230114,-1.8189894035458565e-12
PAY0003260,ORD003260,2023-03-21,Credit Card,35620.11,Success,2023-03-19,35620.11,20230319,0.0
PAY0003261,ORD003261,2023-09-02,Credit Card,10281.63,Success,2023-08-30,10281.630000000001,20230830,1.8189894035458565e-12
PAY0003262,ORD003262,2023-02-01,UPI,31161.99,Success,2023-01-31,31161.99,20230131,0.0
PAY0003263,ORD003263,2024-05-28,UPI,742.11,Success,2024-05-28,742.11,20240528,0.0
PAY0003264,ORD003264,2024-02-13,Cash on Delivery,47139.64,Success,2024-02-12,47139.64,20240212,0.0
PAY0003265,ORD003265,2024-08-09,UPI,194.09,Success,2024-08-08,194.09,20240808,0.0
PAY0003266,ORD003266,2023-11-11,Net Banking,14086.87,Success,2023-11-09,14086.869999999999,20231109,-1.8189894035458565e-12
PAY0003267,ORD003267,2024-03-20,Cash on Delivery,4590.52,Pending,2024-03-17,4590.52,20240317,0.0
PAY0003268,ORD003268,2024-04-11,Cash on Delivery,3095.41,Success,2024-04-10,3095.41,20240410,0.0
PAY0003269,ORD003269,2023-04-10,Net Banking,236.57,Success,2023-04-09,236.57,20230409,0.0
PAY0003270,ORD003270,2024-04-26,UPI,31192.85,Refunded,2024-04-25,31192.850000000002,20240425,3.637978807091713e-12
PAY0003271,ORD003271,2024-02-02,Debit Card,6454.46,Refunded,2024-02-01,6454.46,20240201,0.0
PAY0003272,ORD003272,2024-02-03,Wallet,5067.01,Success,2024-02-01,5067.01,20240201,0.0
PAY0003273,ORD003273,2024-06-18,Wallet,12574.21,Success,2024-06-18,12574.21,20240618,0.0
PAY0003274,ORD003274,2024-05-10,Credit Card,418.57,Success,2024-05-09,418.57,20240509,0.0
PAY0003275,ORD003275,2024-05-17,UPI,18149.65,Success,2024-05-17,18149.65,20240517,0.0
PAY0003276,ORD003276,2023-05-19,Cash on Delivery,1891.88,Success,2023-05-16,1891.88,20230516,0.0
PAY0003277,ORD003277,2023-07-30,Debit Card,40679.99,Success,2023-07-27,40679.99,20230727,0.0
PAY0003278,ORD003278,2024-06-20,Debit Card,4254.42,Success,2024-06-17,4911.7,20240617,657.2799999999997
PAY0003279,ORD003279,2024-04-09,Net Banking,5791.83,Success,2024-04-08,5791.83,20240408,0.0
PAY0003280,ORD003280,2024-10-03,UPI,30855.67,Success,2024-10-02,30855.670000000002,20241002,3.637978807091713e-12
PAY0003281,ORD003281,2023-10-07,Cash on Delivery,24321.46,Success,2023-10-06,24321.46,20231006,0.0
PAY0003282,ORD003282,2023-08-26,Cash on Delivery,8460.09,Success,2023-08-24,8460.09,20230824,0.0
PAY0003283,ORD003283,2023-01-08,Cash on Delivery,8988.77,Success,2023-01-07,8988.77,20230107,0.0
PAY0003284,ORD003284,2023-04-22,Net Banking,30185.72,Success,2023-04-22,30185.72,20230422,0.0
PAY0003285,ORD003285,2024-07-07,Cash on Delivery,4861.55,Success,2024-07-05,5109.93,20240705,248.3800000000001
PAY0003286,ORD003286,2024-11-28,Wallet,7341.91,Success,2024-11-28,7341.91,20241128,0.0
PAY0003287,ORD003287,2023-11-10,UPI,1103.63,Success,2023-11-08,1103.63,20231108,0.0
PAY0003288,ORD003288,2023-08-22,Debit Card,5536.94,Failed,2023-08-22,5536.94,20230822,0.0
PAY0003289,ORD003289,2023-03-24,Cash on Delivery,13813.34,Success,2023-03-24,13813.34,20230324,0.0
PAY0003290,ORD003290,2023-06-07,Cash on Delivery,8958.49,Success,2023-06-04,8958.49,20230604,0.0
PAY0003291,ORD003291,2024-09-24,Net Banking,4226.63,Success,2024-09-23,4226.63,20240923,0.0
PAY0003292,ORD003292,2024-04-07,Debit Card,206.33,Success,2024-04-07,206.33,20240407,0.0
PAY0003293,ORD003293,2023-11-04,Net Banking,10585.46,Success,2023-11-04,10585.46,20231104,0.0
PAY0003294,ORD003294,2024-10-05,Cash on Delivery,16789.32,Success,2024-10-03,16789.32,20241003,0.0
PAY0003295,ORD003295,2023-07-30,Debit Card,11271.02,Success,2023-07-27,11271.02,20230727,0.0
PAY0003296,ORD003296,2023-07-14,UPI,6936.45,Failed,2023-07-11,6936.45,20230711,0.0
PAY0003297,ORD003297,2024-07-21,Debit Card,10033.52,Success,2024-07-21,10033.52,20240721,0.0
PAY0003298,ORD003298,2024-02-11,Cash on Delivery,11932.97,Failed,2024-02-11,11932.970000000001,20240211,1.8189894035458565e-12
PAY0003299,ORD003299,2024-07-08,UPI,7193.17,Success,2024-07-07,7193.17,20240707,0.0
PAY0003300,ORD003300,2023-03-24,Net Banking,13018.8,Success,2023-03-22,13018.8,20230322,0.0
PAY0003301,ORD003301,2024-02-04,Wallet,8159.94,Success,2024-02-04,8159.94,20240204,0.0
PAY0003302,ORD003302,2024-02-10,Debit Card,5504.82,Success,2024-02-10,5504.82,20240210,0.0
PAY0003303,ORD003303,2023-09-22,UPI,1981.58,Success,2023-09-21,1981.58,20230921,0.0
PAY0003304,ORD003304,2023-03-28,UPI,27976.39,Success,2023-03-25,27976.39,20230325,0.0
PAY0003305,ORD003305,2023-11-12,Net Banking,22808.36,Success,2023-11-10,22808.36,20231110,0.0
PAY0003306,ORD003306,2024-05-06,Credit Card,13985.81,Success,2024-05-05,13985.810000000001,20240505,1.8189894035458565e-12
PAY0003307,ORD003307,2023-10-14,Net Banking,8617.38,Success,2023-10-11,8617.38,20231011,0.0
PAY0003308,ORD003308,2024-04-26,Credit Card,19710.16,Failed,2024-04-23,19710.16,20240423,0.0
PAY0003309,ORD003309,2023-08-20,UPI,34273.2,Success,2023-08-20,34273.2,20230820,0.0
PAY0003310,ORD003310,2024-01-02,Cash on Delivery,4863.23,Success,2023-12-31,4863.23,20231231,0.0
PAY0003311,ORD003311,2024-06-02,UPI,7284.8,Success,2024-06-02,7284.8,20240602,0.0
PAY0003312,ORD003312,2023-04-29,Cash on Delivery,18490.160000000003,Success,2023-04-29,18490.16,20230429,-3.637978807091713e-12
PAY0003313,ORD003313,2024-03-25,UPI,29102.73,Success,2024-03-23,29102.73,20240323,0.0
PAY0003314,ORD003314,2023-08-07,UPI,24989.67,Success,2023-08-04,24989.670000000002,20230804,3.637978807091713e-12
PAY0003315,ORD003315,2023-10-01,Debit Card,4590.52,Success,2023-09-28,4590.52,20230928,0.0
PAY0003316,ORD003316,2023-05-04,Cash on Delivery,37767.380000000005,Success,2023-05-01,37767.380000000005,20230501,0.0
PAY0003317,ORD003317,2024-04-28,Debit Card,2245.56,Success,2024-04-27,2245.56,20240427,0.0
PAY0003318,ORD003318,2024-02-26,Net Banking,2576.9,Success,2024-02-25,2576.9,20240225,0.0
PAY0003319,ORD003319,2023-05-26,Cash on Delivery,4181.67,Success,2023-05-23,4181.67,20230523,0.0
PAY0003320,ORD003320,2023-05-12,Debit Card,16120.72,Success,2023-05-11,16120.72,20230511,0.0
PAY0003321,ORD003321,2024-07-06,Debit Card,198.83,Success,2024-07-04,198.83,20240704,0.0
PAY0003322,ORD003322,2023-09-26,Debit Card,11850.57,Success,2023-09-25,11850.57,20230925,0.0
PAY0003323,ORD003323,2024-01-07,Debit Card,35860.49,Success,2024-01-04,35860.49,20240104,0.0
PAY0003324,ORD003324,2024-02-19,Debit Card,18405.52,Success,2024-02-16,18405.52,20240216,0.0
PAY0003325,ORD003325,2023-07-06,Cash on Delivery,7955.639999999999,Success,2023-07-06,7955.639999999999,20230706,0.0
PAY0003326,ORD003326,2023-10-14,Cash on Delivery,11926.88,Success,2023-10-11,11926.880000000001,20231011,1.8189894035458565e-12
PAY0003327,ORD003327,2023-12-28,Cash on Delivery,41425.96,Success,2023-12-26,41425.96,20231226,0.0
PAY0003328,ORD003328,2023-08-31,Wallet,437.86,Success,2023-08-29,437.88,20230829,0.01999999999998181
PAY0003329,ORD003329,2024-07-28,Net Banking,17560.23,Success,2024-07-26,17560.23,20240726,0.0
PAY0003330,ORD003330,2023-03-30,Credit Card,5635.51,Success,2023-03-27,5635.51,20230327,0.0
PAY0003331,ORD003331,2024-10-02,Cash on Delivery,46675.43,Success,2024-10-02,46675.43,20241002,0.0
PAY0003332,ORD003332,2024-05-28,Cash on Delivery,1325.38,Success,2024-05-26,1325.38,20240526,0.0
PAY0003333,ORD003333,2024-02-08,UPI,14178.86,Success,2024-02-08,14178.86,20240208,0.0
PAY0003334,ORD003334,2024-05-21,Credit Card,40280.1,Success,2024-05-19,40280.1,20240519,0.0
PAY0003335,ORD003335,2023-03-17,Cash on Delivery,6762.16,Success,2023-03-15,6762.16,20230315,0.0
PAY0003336,ORD003336,2023-12-24,Debit Card,4797.07,Success,2023-12-21,4797.07,20231221,0.0
PAY0003337,ORD003337,2023-07-03,Net Banking,2810.9700000000003,Success,2023-07-03,2810.9700000000003,20230703,0.0
PAY0003338,ORD003338,2024-11-27,Wallet,10390.240000000002,Success,2024-11-26,10390.240000000002,20241126,0.0
PAY0003339,ORD003339,2023-04-10,Wallet,9847.75,Failed,2023-04-07,9847.75,20230407,0.0
PAY0003340,ORD003340,2023-11-15,Credit Card,45658.13,Success,2023-11-12,45658.13,20231112,0.0
PAY0003341,ORD003341,2023-06-11,Cash on Delivery,46035.78,Success,2023-06-10,46035.78,20230610,0.0
PAY0003342,ORD003342,2024-06-24,Debit Card,7208.1,Success,2024-06-21,7208.1,20240621,0.0
PAY0003343,ORD003343,2024-04-18,UPI,10346.85,Failed,2024-04-16,10346.85,20240416,0.0
PAY0003344,ORD003344,2024-08-07,Net Banking,6289.2,Success,2024-08-07,6289.2,20240807,0.0
PAY0003345,ORD003345,2024-01-29,UPI,5045.82,Pending,2024-01-26,5045.82,20240126,0.0
PAY0003346,ORD003346,2024-04-07,Debit Card,18973.21,Success,2024-04-07,18973.21,20240407,0.0
PAY0003347,ORD003347,2023-07-18,Cash on Delivery,4432.81,Success,2023-07-18,4432.81,20230718,0.0
PAY0003348,ORD003348,2024-06-08,Credit Card,82090.85,Success,2024-06-05,82090.85,20240605,0.0
PAY0003349,ORD003349,2024-01-09,Wallet,25163.71,Success,2024-01-07,25163.71,20240107,0.0
PAY0003350,ORD003350,2024-09-25,Credit Card,899.86,Success,2024-09-24,899.86,20240924,0.0
PAY0003351,ORD003351,2024-11-30,Wallet,9875.78,Pending,2024-11-28,9875.78,20241128,0.0
PAY0003352,ORD003352,2024-08-01,Wallet,4930.75,Refunded,2024-07-29,4930.75,20240729,0.0
PAY0003353,ORD003353,2024-03-11,UPI,10848.72,Success,2024-03-10,10848.72,20240310,0.0
PAY0003354,ORD003354,2024-03-09,Credit Card,576.16,Success,2024-03-06,576.16,20240306,0.0
PAY0003355,ORD003355,2023-07-27,UPI,24631.24,Success,2023-07-25,24631.239999999998,20230725,-3.637978807091713e-12
PAY0003356,ORD003356,2023-10-29,Debit Card,3443.88,Success,2023-10-28,3443.88,20231028,0.0
PAY0003357,ORD003357,2023-10-07,Wallet,7619.93,Pending,2023-10-06,7619.93,20231006,0.0
PAY0003358,ORD003358,2024-05-22,Cash on Delivery,6515.98,Success,2024-05-19,6515.98,20240519,0.0
PAY0003359,ORD003359,2023-12-09,Net Banking,13387.12,Success,2023-12-09,13387.12,20231209,0.0
PAY0003360,ORD003360,2024-10-11,Wallet,26166.88,Success,2024-10-10,26166.879999999997,20241010,-3.637978807091713e-12
PAY0003361,ORD003361,2023-10-10,UPI,13256.68,Success,2023-10-09,13256.68,20231009,0.0
PAY0003362,ORD003362,2023-09-18,Debit Card,17234.76,Pending,2023-09-17,17234.76,20230917,0.0
PAY0003363,ORD003363,2024-07-27,Debit Card,5881.59,Success,2024-07-26,5881.59,20240726,0.0
PAY0003364,ORD003364,2023-08-24,Wallet,11547.87,Success,2023-08-21,11547.869999999999,20230821,-1.8189894035458565e-12
PAY0003365,ORD003365,2023-10-14,Credit Card,15871.27,Success,2023-10-14,15871.27,20231014,0.0
PAY0003366,ORD003366,2024-07-01,UPI,7587.4,Success,2024-06-28,7587.4,20240628,0.0
PAY0003367,ORD003367,2023-07-12,Credit Card,1263.16,Success,2023-07-11,1263.16,20230711,0.0
PAY0003368,ORD003368,2023-02-13,Credit Card,31617.4,Success,2023-02-13,31617.4,20230213,0.0
PAY0003369,ORD003369,2023-03-01,UPI,31673.31,Success,2023-02-26,31673.31,20230226,0.0
PAY0003370,ORD003370,2023-07-02,Net Banking,6413.18,Success,2023-06-30,6413.18,20230630,0.0
PAY0003371,ORD003371,2024-02-25,UPI,4813.34,Success,2024-02-22,4813.34,20240222,0.0
PAY0003372,ORD003372,2023-07-30,Wallet,28489.28,Success,2023-07-30,28489.28,20230730,0.0
PAY0003373,ORD003373,2024-02-08,Cash on Delivery,11766.77,Success,2024-02-08,11766.77,20240208,0.0
PAY0003374,ORD003374,2024-05-13,Debit Card,24662.18,Success,2024-05-12,24662.18,20240512,0.0
PAY0003375,ORD003375,2023-02-27,Debit Card,5338.68,Success,2023-02-24,5338.68,20230224,0.0
PAY0003376,ORD003376,2023-07-05,UPI,51167.8,Success,2023-07-03,51167.8,20230703,0.0
PAY0003377,ORD003377,2023-12-02,Net Banking,258.63,Success,2023-12-02,258.63,20231202,0.0
PAY0003378,ORD003378,2024-05-05,Credit Card,9416.24,Success,2024-05-02,9416.24,20240502,0.0
PAY0003379,ORD003379,2024-03-15,Net Banking,9251.66,Success,2024-03-13,9251.66,20240313,0.0
PAY0003380,ORD003380,2023-10-06,Net Banking,6559.01,Success,2023-10-04,6559.01,20231004,0.0
PAY0003381,ORD003381,2024-11-17,Cash on Delivery,3700.66,Success,2024-11-15,3700.66,20241115,0.0
PAY0003382,ORD003382,2024-06-25,Cash on Delivery,44093.43,Failed,2024-06-24,50690.45,20240624,6597.019999999997
PAY0003383,ORD003383,2024-11-27,Net Banking,2661.51,Success,2024-11-27,2661.51,20241127,0.0
PAY0003384,ORD003384,2023-04-08,Credit Card,7025.130000000001,Failed,2023-04-08,7025.130000000001,20230408,0.0
PAY0003385,ORD003385,2024-01-09,UPI,20090.58,Success,2024-01-08,20090.58,20240108,0.0
PAY0003386,ORD003386,2024-09-12,UPI,11268.09,Success,2024-09-11,11268.09,20240911,0.0
PAY0003387,ORD003387,2023-01-12,Wallet,9811.46,Success,2023-01-12,10696.49,20230112,885.0300000000007
PAY0003388,ORD003388,2024-10-18,Wallet,3250.57,Success,2024-10-18,3250.57,20241018,0.0
PAY0003389,ORD003389,2024-04-10,Debit Card,4768.43,Success,2024-04-10,4768.43,20240410,0.0
PAY0003390,ORD003390,2023-10-03,Debit Card,19508.62,Refunded,2023-10-03,19508.62,20231003,0.0
PAY0003391,ORD003391,2024-04-21,Net Banking,1440.96,Success,2024-04-18,1440.96,20240418,0.0
PAY0003392,ORD003392,2023-10-29,Net Banking,11347.78,Failed,2023-10-26,11347.78,20231026,0.0
PAY0003393,ORD003393,2023-01-11,Wallet,10158.91,Success,2023-01-11,10158.91,20230111,0.0
PAY0003394,ORD003394,2024-11-11,Wallet,10475.11,Success,2024-11-10,10475.11,20241110,0.0
PAY0003395,ORD003395,2024-03-15,UPI,17082.87,Success,2024-03-14,17082.87,20240314,0.0
PAY0003396,ORD003396,2023-10-04,Wallet,9634.75,Success,2023-10-01,9634.75,20231001,0.0
PAY0003397,ORD003397,2023-08-10,Debit Card,-596.2200000000012,Success,2023-08-09,-596.2200000000012,20230809,0.0
PAY0003398,ORD003398,2024-03-22,Cash on Delivery,12688.16,Success,2024-03-22,12688.16,20240322,0.0
PAY0003399,ORD003399,2024-01-07,Cash on Delivery,43959.94,Refunded,2024-01-06,43959.94,20240106,0.0
PAY0003400,ORD003400,2024-09-05,Debit Card,21054.93,Success,2024-09-04,21054.93,20240904,0.0
PAY0003401,ORD003401,2023-06-22,Debit Card,1624.33,Success,2023-06-19,1624.33,20230619,0.0
PAY0003402,ORD003402,2023-09-11,Credit Card,18117.26,Success,2023-09-08,18117.260000000002,20230908,3.637978807091713e-12
PAY0003403,ORD003403,2023-03-03,Net Banking,2484.26,Pending,2023-03-03,2484.26,20230303,0.0
PAY0003404,ORD003404,2023-06-02,Credit Card,746.88,Failed,2023-05-30,746.88,20230530,0.0
PAY0003405,ORD003405,2023-01-07,Net Banking,10311.17,Success,2023-01-05,10311.17,20230105,0.0
PAY0003406,ORD003406,2023-02-10,Net Banking,12252.97,Refunded,2023-02-09,12252.970000000001,20230209,1.8189894035458565e-12
PAY0003407,ORD003407,2024-06-26,Credit Card,6817.34,Success,2024-06-25,6817.34,20240625,0.0
PAY0003408,ORD003408,2023-12-24,UPI,21788.61,Success,2023-12-21,21788.61,20231221,0.0
PAY0003409,ORD003409,2024-03-30,UPI,33182.33,Success,2024-03-30,33182.33,20240330,0.0
PAY0003410,ORD003410,2023-10-08,Credit Card,19994.04,Success,2023-10-05,19994.04,20231005,0.0
PAY0003411,ORD003411,2024-01-19,Cash on Delivery,7803.26,Success,2024-01-19,7803.26,20240119,0.0
PAY0003412,ORD003412,2024-06-13,Wallet,6680.3,Success,2024-06-11,6680.3,20240611,0.0
PAY0003413,ORD003413,2023-04-13,UPI,16449.7,Success,2023-04-11,16449.7,20230411,0.0
PAY0003414,ORD003414,2024-06-26,Net Banking,12010.54,Success,2024-06-24,12010.54,20240624,0.0
PAY0003415,ORD003415,2023-02-13,Credit Card,1328.16,Success,2023-02-12,1328.1599999999999,20230212,-2.2737367544323206e-13
PAY0003416,ORD003416,2023-12-03,Cash on Delivery,10508.19,Success,2023-12-03,10508.19,20231203,0.0
PAY0003417,ORD003417,2023-01-17,Wallet,9496.42,Success,2023-01-16,9496.42,20230116,0.0
PAY0003418,ORD003418,2023-02-04,Net Banking,7881.54,Success,2023-02-01,9190.48,20230201,1308.9399999999996
PAY0003419,ORD003419,2023-02-12,Wallet,8701.77,Success,2023-02-12,8701.77,20230212,0.0
PAY0003420,ORD003420,2023-12-27,Cash on Delivery,12567.04,Success,2023-12-27,12567.04,20231227,0.0
PAY0003421,ORD003421,2024-06-06,UPI,13500.99,Success,2024-06-03,13500.99,20240603,0.0
PAY0003422,ORD003422,2024-04-04,Debit Card,4718.45,Success,2024-04-02,4718.45,20240402,0.0
PAY0003423,ORD003423,2024-01-15,Net Banking,460.93,Success,2024-01-14,460.93,20240114,0.0
PAY0003424,ORD003424,2024-08-25,Cash on Delivery,3157.15,Success,2024-08-23,3157.1499999999996,20240823,-4.547473508864641e-13
PAY0003425,ORD003425,2023-03-06,Wallet,58812.08,Success,2023-03-05,58812.08,20230305,0.0
PAY0003426,ORD003426,2023-11-17,Net Banking,198.83,Success,2023-11-14,198.83,20231114,0.0
PAY0003427,ORD003427,2024-03-22,Cash on Delivery,4279.09,Success,2024-03-22,4279.09,20240322,0.0
PAY0003428,ORD003428,2023-05-04,Wallet,3166.52,Success,2023-05-01,3166.52,20230501,0.0
PAY0003429,ORD003429,2024-04-06,Cash on Delivery,10725.29,Success,2024-04-06,10725.29,20240406,0.0
PAY0003430,ORD003430,2023-05-10,Net Banking,19497.67,Refunded,2023-05-07,19497.670000000002,20230507,3.637978807091713e-12
PAY0003431,ORD003431,2024-02-13,Net Banking,32430.32,Success,2024-02-11,32430.32,20240211,0.0
PAY0003432,ORD003432,2024-10-07,Debit Card,17574.24,Success,2024-10-04,17574.24,20241004,0.0
PAY0003433,ORD003433,2023-10-20,Credit Card,7003.95,Success,2023-10-17,7003.950000000001,20231017,9.094947017729282e-13
PAY0003434,ORD003434,2024-09-30,Cash on Delivery,11192.88,Success,2024-09-29,11192.88,20240929,0.0
PAY0003435,ORD003435,2023-05-08,Cash on Delivery,13044.55,Success,2023-05-06,13044.55,20230506,0.0
PAY0003436,ORD003436,2024-02-29,UPI,9906.36,Success,2024-02-29,9906.36,20240229,0.0
PAY0003437,ORD003437,2024-08-20,Debit Card,16593.64,Success,2024-08-17,16593.64,20240817,0.0
PAY0003438,ORD003438,2024-05-02,Cash on Delivery,756.08,Success,2024-04-30,756.08,20240430,0.0
PAY0003439,ORD003439,2023-04-09,Wallet,6175.139999999999,Success,2023-04-06,6175.139999999999,20230406,0.0
PAY0003440,ORD003440,2023-02-17,Wallet,638.63,Refunded,2023-02-17,657.97,20230217,19.340000000000032
PAY0003441,ORD003441,2023-02-08,Debit Card,20683.31,Success,2023-02-06,20683.309999999998,20230206,-3.637978807091713e-12
PAY0003442,ORD003442,2024-10-24,Net Banking,18608.03,Pending,2024-10-23,18608.03,20241023,0.0
PAY0003443,ORD003443,2023-07-22,Cash on Delivery,4311.049999999999,Refunded,2023-07-21,4311.049999999999,20230721,0.0
PAY0003444,ORD003444,2023-06-18,Cash on Delivery,4510.78,Success,2023-06-15,4510.78,20230615,0.0
PAY0003445,ORD003445,2023-08-12,Net Banking,12691.12,Success,2023-08-11,12691.119999999999,20230811,-1.8189894035458565e-12
PAY0003446,ORD003446,2024-11-12,Net Banking,24176.08,Success,2024-11-12,24176.08,20241112,0.0
PAY0003447,ORD003447,2024-07-30,Net Banking,13327.93,Refunded,2024-07-27,13327.93,20240727,0.0
PAY0003448,ORD003448,2024-06-16,Wallet,7834.41,Success,2024-06-16,7834.41,20240616,0.0
PAY0003449,ORD003449,2023-05-21,Credit Card,42961.04,Refunded,2023-05-19,42961.04,20230519,0.0
PAY0003450,ORD003450,2023-11-01,Wallet,17643.45,Success,2023-10-29,17643.45,20231029,0.0
PAY0003451,ORD003451,2023-11-12,Net Banking,12342.98,Pending,2023-11-11,12342.98,20231111,0.0
PAY0003452,ORD003452,2024-05-21,Debit Card,2782.99,Success,2024-05-21,2782.99,20240521,0.0
PAY0003453,ORD003453,2024-06-14,Credit Card,64790.65000000001,Pending,2024-06-14,64790.65,20240614,-7.275957614183426e-12
PAY0003454,ORD003454,2023-11-15,UPI,689.3,Success,2023-11-15,689.3,20231115,0.0
PAY0003455,ORD003455,2024-01-30,Cash on Delivery,30663.92,Pending,2024-01-29,30663.920000000002,20240129,3.637978807091713e-12
PAY0003456,ORD003456,2023-04-08,Credit Card,23781.62,Pending,2023-04-05,23781.62,20230405,0.0
PAY0003457,ORD003457,2023-07-20,Debit Card,26703.68,Success,2023-07-20,26703.68,20230720,0.0
PAY0003458,ORD003458,2023-01-14,Credit Card,12827.01,Success,2023-01-12,12827.01,20230112,0.0
PAY0003459,ORD003459,2024-02-05,UPI,1127.85,Success,2024-02-02,1127.85,20240202,0.0
PAY0003460,ORD003460,2024-11-08,Wallet,37552.71,Success,2024-11-08,37552.71,20241108,0.0
PAY0003461,ORD003461,2024-11-12,Debit Card,4265.87,Failed,2024-11-11,4265.87,20241111,0.0
PAY0003462,ORD003462,2023-08-23,Debit Card,7055.35,Success,2023-08-20,7055.35,20230820,0.0
PAY0003463,ORD003463,2024-02-04,UPI,10478.11,Success,2024-02-01,10625.48,20240201,147.36999999999898
PAY0003464,ORD003464,2023-12-02,Credit Card,4850.58,Success,2023-12-01,4850.58,20231201,0.0
PAY0003465,ORD003465,2024-01-31,Net Banking,7341.91,Success,2024-01-30,7341.91,20240130,0.0
PAY0003466,ORD003466,2024-04-19,Cash on Delivery,1195.14,Success,2024-04-16,1195.14,20240416,0.0
PAY0003467,ORD003467,2023-03-13,Net Banking,16760.06,Success,2023-03-10,15564.96,20230310,-1195.1000000000022
PAY0003468,ORD003468,2023-09-25,Wallet,14584.09,Success,2023-09-25,14584.09,20230925,0.0
PAY0003469,ORD003469,2023-06-20,Debit Card,30071.82,Success,2023-06-19,30071.82,20230619,0.0
PAY0003470,ORD003470,2023-07-18,Credit Card,5109.93,Success,2023-07-17,5109.93,20230717,0.0
PAY0003471,ORD003471,2023-04-03,Credit Card,6982.34,Failed,2023-03-31,6982.34,20230331,0.0
PAY0003472,ORD003472,2023-05-23,UPI,27719.45,Success,2023-05-21,27719.45,20230521,0.0
PAY0003473,ORD003473,2023-12-23,Credit Card,1532.82,Success,2023-12-22,1532.82,20231222,0.0
PAY0003474,ORD003474,2023-08-20,Debit Card,570.4,Success,2023-08-18,570.4,20230818,0.0
PAY0003475,ORD003475,2023-07-12,UPI,18847.11,Success,2023-07-10,18847.11,20230710,0.0
PAY0003476,ORD003476,2024-02-28,Credit Card,17860.14,Success,2024-02-25,17860.14,20240225,0.0
PAY0003477,ORD003477,2024-10-13,UPI,32088.62,Success,2024-10-12,32397.03,20241012,308.40999999999985
PAY0003478,ORD003478,2024-09-24,UPI,3944.29,Success,2024-09-22,3944.29,20240922,0.0
PAY0003479,ORD003479,2023-05-13,Credit Card,5635.51,Success,2023-05-10,5635.51,20230510,0.0
PAY0003480,ORD003480,2024-08-20,Credit Card,12423.47,Success,2024-08-17,12423.470000000001,20240817,1.8189894035458565e-12
PAY0003481,ORD003481,2024-04-30,Cash on Delivery,5499.44,Success,2024-04-29,5499.44,20240429,0.0
PAY0003482,ORD003482,2023-10-24,Debit Card,29274.36,Success,2023-10-24,29274.36,20231024,0.0
PAY0003483,ORD003483,2023-01-07,Debit Card,3450.61,Success,2023-01-07,3450.61,20230107,0.0
PAY0003484,ORD003484,2023-02-11,Credit Card,12190.41,Success,2023-02-11,12190.41,20230211,0.0
PAY0003485,ORD003485,2023-04-22,Cash on Delivery,3720.79,Success,2023-04-22,3720.79,20230422,0.0
PAY0003486,ORD003486,2024-04-17,UPI,23924.47,Refunded,2024-04-15,26021.86,20240415,2097.3899999999994
PAY0003487,ORD003487,2023-10-20,Wallet,34734.57,Success,2023-10-18,34734.57,20231018,0.0
PAY0003488,ORD003488,2023-07-05,Net Banking,55271.88,Success,2023-07-03,55271.88,20230703,0.0
PAY0003489,ORD003489,2023-07-29,Wallet,10508.19,Success,2023-07-26,10508.19,20230726,0.0
PAY0003490,ORD003490,2023-05-31,UPI,3010.04,Success,2023-05-30,3010.04,20230530,0.0
PAY0003491,ORD003491,2023-02-26,UPI,9263.54,Success,2023-02-25,9263.539999999999,20230225,-1.8189894035458565e-12
PAY0003492,ORD003492,2023-11-20,Credit Card,12922.75,Refunded,2023-11-18,12922.75,20231118,0.0
PAY0003493,ORD003493,2024-07-20,Cash on Delivery,7636.65,Success,2024-07-17,7636.65,20240717,0.0
PAY0003494,ORD003494,2023-03-16,Credit Card,12805.59,Success,2023-03-14,12805.59,20230314,0.0
PAY0003495,ORD003495,2024-09-05,Cash on Delivery,10005.65,Success,2024-09-05,11521.969999999998,20240905,1516.319999999998
PAY0003496,ORD003496,2023-08-25,Cash on Delivery,7605.28,Pending,2023-08-24,7605.28,20230824,0.0
PAY0003497,ORD003497,2023-10-17,UPI,27847.25,Success,2023-10-16,27847.25,20231016,0.0
PAY0003498,ORD003498,2024-05-02,Net Banking,20412.45,Success,2024-04-29,20412.45,20240429,0.0
PAY0003499,ORD003499,2024-06-27,Credit Card,4010.2,Success,2024-06-24,4010.2,20240624,0.0
PAY0003500,ORD003500,2024-06-27,UPI,3443.88,Success,2024-06-25,3443.88,20240625,0.0
PAY0003501,ORD003501,2023-01-28,Net Banking,7524.22,Success,2023-01-26,7524.22,20230126,0.0
PAY0003502,ORD003502,2024-07-14,Cash on Delivery,7518.69,Success,2024-07-11,7518.69,20240711,0.0
PAY0003503,ORD003503,2023-10-20,Net Banking,14336.02,Success,2023-10-19,14336.02,20231019,0.0
PAY0003504,ORD003504,2023-01-08,Debit Card,11627.98,Success,2023-01-07,11627.98,20230107,0.0
PAY0003505,ORD003505,2023-02-27,Cash on Delivery,6385.06,Success,2023-02-24,6385.06,20230224,0.0
PAY0003506,ORD003506,2023-08-30,Cash on Delivery,2979.66,Success,2023-08-27,2979.66,20230827,0.0
PAY0003507,ORD003507,2023-01-14,Net Banking,12065.36,Success,2023-01-11,12065.36,20230111,0.0
PAY0003508,ORD003508,2023-06-23,Debit Card,26268.27,Refunded,2023-06-23,26268.27,20230623,0.0
PAY0003509,ORD003509,2023-04-07,Cash on Delivery,9278.3,Success,2023-04-05,9278.3,20230405,0.0
PAY0003510,ORD003510,2024-04-02,Cash on Delivery,17347.510000000002,Success,2024-03-31,17347.510000000002,20240331,0.0
PAY0003511,ORD003511,2024-08-01,Cash on Delivery,24639.66,Success,2024-07-30,24639.66,20240730,0.0
PAY0003512,ORD003512,2024-01-08,Cash on Delivery,9299.34,Success,2024-01-07,9299.34,20240107,0.0
PAY0003513,ORD003513,2023-09-14,Credit Card,3349.09,Success,2023-09-11,3349.09,20230911,0.0
PAY0003514,ORD003514,2024-10-21,Wallet,19362.74,Success,2024-10-21,19362.739999999998,20241021,-3.637978807091713e-12
PAY0003515,ORD003515,2023-02-16,Debit Card,24483.58,Success,2023-02-14,24483.579999999998,20230214,-3.637978807091713e-12
PAY0003516,ORD003516,2023-06-04,Credit Card,10508.19,Success,2023-06-02,10508.19,20230602,0.0
PAY0003517,ORD003517,2024-01-29,UPI,17217.97,Pending,2024-01-27,17217.97,20240127,0.0
PAY0003518,ORD003518,2024-04-26,Cash on Delivery,2861.92,Success,2024-04-25,2861.92,20240425,0.0
PAY0003519,ORD003519,2023-04-25,Wallet,17487.59,Pending,2023-04-24,17487.59,20230424,0.0
PAY0003520,ORD003520,2023-03-08,Cash on Delivery,9907.94,Refunded,2023-03-08,10192.94,20230308,285.0
PAY0003521,ORD003521,2023-08-15,Net Banking,12585.740000000002,Pending,2023-08-14,12585.740000000002,20230814,0.0
PAY0003522,ORD003522,2023-01-04,Debit Card,12361.79,Success,2023-01-04,12361.79,20230104,0.0
PAY0003523,ORD003523,2023-05-20,Net Banking,6443.82,Success,2023-05-20,6443.82,20230520,0.0
PAY0003524,ORD003524,2024-04-19,Debit Card,1799.72,Success,2024-04-17,1799.72,20240417,0.0
PAY0003525,ORD003525,2024-04-20,UPI,47467.28,Success,2024-04-20,47467.28,20240420,0.0
PAY0003526,ORD003526,2024-10-26,UPI,44447.54,Success,2024-10-25,44447.54,20241025,0.0
PAY0003527,ORD003527,2024-04-05,Cash on Delivery,5991.93,Failed,2024-04-05,5991.93,20240405,0.0
PAY0003528,ORD003528,2023-04-28,UPI,8235.83,Success,2023-04-25,8235.83,20230425,0.0
PAY0003529,ORD003529,2023-07-29,Cash on Delivery,6190.200000000001,Success,2023-07-29,6190.200000000001,20230729,0.0
PAY0003530,ORD003530,2023-10-20,UPI,2353.83,Success,2023-10-17,2353.83,20231017,0.0
PAY0003531,ORD003531,2024-05-23,Cash on Delivery,39460.99,Pending,2024-05-22,39460.990000000005,20240522,7.275957614183426e-12
PAY0003532,ORD003532,2024-03-03,Debit Card,37649.53,Success,2024-03-02,37649.53,20240302,0.0
PAY0003533,ORD003533,2024-05-16,Wallet,33350.920000000006,Success,2024-05-16,33350.920000000006,20240516,0.0
PAY0003534,ORD003534,2024-04-06,Net Banking,48287.6,Success,2024-04-06,48287.6,20240406,0.0
PAY0003535,ORD003535,2024-11-03,Net Banking,7135.45,Pending,2024-11-01,7135.45,20241101,0.0
PAY0003536,ORD003536,2024-08-27,Debit Card,16149.03,Success,2024-08-27,16149.029999999999,20240827,-1.8189894035458565e-12
PAY0003537,ORD003537,2024-09-20,Debit Card,4285.14,Success,2024-09-18,4285.14,20240918,0.0
PAY0003538,ORD003538,2023-06-05,Debit Card,22117.66,Success,2023-06-02,22117.66,20230602,0.0
PAY0003539,ORD003539,2024-08-14,Cash on Delivery,41163.22,Success,2024-08-12,41163.22,20240812,0.0
PAY0003540,ORD003540,2023-09-12,Wallet,1729.51,Refunded,2023-09-09,1729.51,20230909,0.0
PAY0003541,ORD003541,2024-06-29,Cash on Delivery,32103.09,Success,2024-06-27,32103.09,20240627,0.0
PAY0003542,ORD003542,2023-09-01,Wallet,1223.97,Success,2023-08-30,1223.97,20230830,0.0
PAY0003543,ORD003543,2024-11-23,Wallet,2702.27,Success,2024-11-22,2702.27,20241122,0.0
PAY0003544,ORD003544,2023-07-10,Net Banking,5488.06,Success,2023-07-10,5488.06,20230710,0.0
PAY0003545,ORD003545,2023-05-07,Cash on Delivery,35093.39,Success,2023-05-06,35093.39,20230506,0.0
PAY0003546,ORD003546,2023-08-16,Cash on Delivery,39093.48,Success,2023-08-15,39093.48,20230815,0.0
PAY0003547,ORD003547,2023-09-09,Debit Card,8469.22,Success,2023-09-08,8469.22,20230908,0.0
PAY0003548,ORD003548,2023-11-22,Net Banking,11432.91,Success,2023-11-20,11432.91,20231120,0.0
PAY0003549,ORD003549,2023-03-23,Debit Card,7073.4800000000005,Success,2023-03-22,7073.48,20230322,-9.094947017729282e-13
PAY0003550,ORD003550,2024-10-21,Wallet,19427.54,Success,2024-10-18,19427.54,20241018,0.0
PAY0003551,ORD003551,2023-12-05,Net Banking,10840.1,Success,2023-12-05,10840.1,20231205,0.0
PAY0003552,ORD003552,2023-06-13,Net Banking,13679.94,Success,2023-06-11,13679.94,20230611,0.0
PAY0003553,ORD003553,2024-08-28,Credit Card,37222.65,Success,2024-08-28,37222.65,20240828,0.0
PAY0003554,ORD003554,2023-09-23,Debit Card,2142.56,Success,2023-09-20,2142.56,20230920,0.0
PAY0003555,ORD003555,2023-01-08,Net Banking,1907.44,Success,2023-01-05,1907.44,20230105,0.0
PAY0003556,ORD003556,2023-08-25,Net Banking,17889.86,Success,2023-08-22,17889.86,20230822,0.0
PAY0003557,ORD003557,2023-03-14,Debit Card,992.19,Success,2023-03-11,992.19,20230311,0.0
PAY0003558,ORD003558,2023-09-26,Cash on Delivery,2295.26,Refunded,2023-09-24,2295.26,20230924,0.0
PAY0003559,ORD003559,2023-04-21,Wallet,28207.23,Success,2023-04-20,28207.23,20230420,0.0
PAY0003560,ORD003560,2024-03-01,Net Banking,14491.54,Success,2024-03-01,14491.539999999999,20240301,-1.8189894035458565e-12
PAY0003561,ORD003561,2023-09-12,Net Banking,10930.45,Success,2023-09-09,10930.45,20230909,0.0
PAY0003562,ORD003562,2024-10-12,Cash on Delivery,4796.99,Success,2024-10-11,4796.99,20241011,0.0
PAY0003563,ORD003563,2023-11-06,Net Banking,3992.96,Success,2023-11-03,3992.96,20231103,0.0
PAY0003564,ORD003564,2023-10-22,Cash on Delivery,23118.1,Success,2023-10-21,23118.100000000002,20231021,3.637978807091713e-12
PAY0003565,ORD003565,2023-10-21,Net Banking,1075.34,Success,2023-10-18,1075.34,20231018,0.0
PAY0003566,ORD003566,2023-12-17,Cash on Delivery,6486.42,Success,2023-12-16,6486.42,20231216,0.0
PAY0003567,ORD003567,2024-11-12,Credit Card,11036.1,Success,2024-11-10,11036.1,20241110,0.0
PAY0003568,ORD003568,2023-09-13,UPI,22222.11,Success,2023-09-10,22222.11,20230910,0.0
PAY0003569,ORD003569,2023-12-15,Net Banking,5338.68,Success,2023-12-15,5338.68,20231215,0.0
PAY0003570,ORD003570,2023-02-23,Wallet,19690.47,Success,2023-02-21,19690.47,20230221,0.0
PAY0003571,ORD003571,2024-03-30,Credit Card,1842.56,Success,2024-03-28,1842.56,20240328,0.0
PAY0003572,ORD003572,2024-10-10,Net Banking,4821.37,Success,2024-10-09,5338.8,20241009,517.4300000000003
PAY0003573,ORD003573,2024-10-13,Credit Card,25026.09,Success,2024-10-10,25026.09,20241010,0.0
PAY0003574,ORD003574,2023-12-13,Debit Card,24209.28,Success,2023-12-12,24209.28,20231212,0.0
PAY0003575,ORD003575,2023-10-05,Wallet,20858.63,Success,2023-10-04,20858.629999999997,20231004,-3.637978807091713e-12
PAY0003576,ORD003576,2023-05-25,Net Banking,5963.66,Failed,2023-05-24,5963.66,20230524,0.0
PAY0003577,ORD003577,2024-03-18,Credit Card,3802.74,Success,2024-03-17,3802.74,20240317,0.0
PAY0003578,ORD003578,2024-04-29,Wallet,1750.19,Success,2024-04-29,1750.19,20240429,0.0
PAY0003579,ORD003579,2024-09-01,Net Banking,13606.09,Pending,2024-08-29,13606.09,20240829,0.0
PAY0003580,ORD003580,2024-10-31,Debit Card,10250.22,Failed,2024-10-28,10250.220000000001,20241028,1.8189894035458565e-12
PAY0003581,ORD003581,2023-04-25,UPI,8766.75,Success,2023-04-23,8766.75,20230423,0.0
PAY0003582,ORD003582,2024-02-14,Debit Card,23042.74,Success,2024-02-11,23042.739999999998,20240211,-3.637978807091713e-12
PAY0003583,ORD003583,2024-02-28,Credit Card,31135.39,Success,2024-02-27,31135.39,20240227,0.0
PAY0003584,ORD003584,2023-04-22,Credit Card,6625.99,Success,2023-04-21,6625.99,20230421,0.0
PAY0003585,ORD003585,2024-10-25,UPI,20254.92,Success,2024-10-24,20254.92,20241024,0.0
PAY0003586,ORD003586,2024-02-18,Wallet,6042.7,Success,2024-02-17,6042.7,20240217,0.0
PAY0003587,ORD003587,2023-07-11,Debit Card,4725.35,Success,2023-07-11,4725.35,20230711,0.0
PAY0003588,ORD003588,2024-09-13,Debit Card,1725.82,Success,2024-09-13,1725.82,20240913,0.0
PAY0003589,ORD003589,2023-05-07,Debit Card,11041.61,Success,2023-05-07,11041.61,20230507,0.0
PAY0003590,ORD003590,2023-04-09,UPI,5845.69,Success,2023-04-08,5845.69,20230408,0.0
PAY0003591,ORD003591,2024-01-05,Net Banking,34583.48,Success,2024-01-03,34583.479999999996,20240103,-7.275957614183426e-12
PAY0003592,ORD003592,2023-01-14,Net Banking,8063.54,Success,2023-01-13,8063.54,20230113,0.0
PAY0003593,ORD003593,2024-02-12,Debit Card,6994.92,Success,2024-02-09,6994.92,20240209,0.0
PAY0003594,ORD003594,2023-01-13,Debit Card,9752.07,Failed,2023-01-11,9752.07,20230111,0.0
PAY0003595,ORD003595,2024-03-30,Net Banking,9953.38,Pending,2024-03-27,9953.38,20240327,0.0
PAY0003596,ORD003596,2024-09-25,Credit Card,15194.03,Success,2024-09-25,15194.03,20240925,0.0
PAY0003597,ORD003597,2024-07-02,UPI,10337.5,Success,2024-07-02,10337.5,20240702,0.0
PAY0003598,ORD003598,2024-05-28,Credit Card,8231.26,Success,2024-05-26,8231.26,20240526,0.0
PAY0003599,ORD003599,2023-02-26,Cash on Delivery,12639.23,Success,2023-02-23,12639.23,20230223,0.0
PAY0003600,ORD003600,2023-03-19,Debit Card,33152.43,Success,2023-03-16,33152.43,20230316,0.0
PAY0003601,ORD003601,2024-04-18,Net Banking,43977.31,Refunded,2024-04-18,43977.31,20240418,0.0
PAY0003602,ORD003602,2024-03-23,UPI,6889.62,Pending,2024-03-23,6889.62,20240323,0.0
PAY0003603,ORD003603,2023-08-31,Wallet,5007.4,Success,2023-08-28,5007.4,20230828,0.0
PAY0003604,ORD003604,2024-07-20,Credit Card,12039.77,Refunded,2024-07-18,12039.77,20240718,0.0
PAY0003605,ORD003605,2024-04-15,UPI,16055.36,Success,2024-04-15,16055.36,20240415,0.0
PAY0003606,ORD003606,2023-10-10,UPI,8138.6,Success,2023-10-08,8138.6,20231008,0.0
PAY0003607,ORD003607,2024-06-19,Credit Card,18405.52,Failed,2024-06-17,18405.52,20240617,0.0
PAY0003608,ORD003608,2024-12-02,Debit Card,2154.14,Success,2024-11-29,2154.14,20241129,0.0
PAY0003609,ORD003609,2024-11-16,Net Banking,25771.19,Success,2024-11-15,25771.190000000002,20241115,3.637978807091713e-12
PAY0003610,ORD003610,2024-05-25,Debit Card,8830.78,Success,2024-05-22,8950.16,20240522,119.3799999999992
PAY0003611,ORD003611,2024-08-03,Net Banking,8165.889999999999,Success,2024-08-02,8165.889999999999,20240802,0.0
PAY0003612,ORD003612,2024-01-23,Cash on Delivery,21684.16,Success,2024-01-22,21684.16,20240122,0.0
PAY0003613,ORD003613,2024-07-16,UPI,21331.51,Success,2024-07-13,21331.51,20240713,0.0
PAY0003614,ORD003614,2024-07-19,Cash on Delivery,832.87,Success,2024-07-19,832.87,20240719,0.0
PAY0003615,ORD003615,2023-12-08,Cash on Delivery,11881.19,Success,2023-12-07,12697.310000000001,20231207,816.1200000000008
PAY0003616,ORD003616,2024-09-22,Credit Card,61474.07,Success,2024-09-19,67250.32,20240919,5776.250000000007
PAY0003617,ORD003617,2023-04-24,Cash on Delivery,2845.11,Success,2023-04-23,2845.11,20230423,0.0
PAY0003618,ORD003618,2024-11-21,UPI,4768.7,Success,2024-11-19,4768.7,20241119,0.0
PAY0003619,ORD003619,2023-02-02,Credit Card,5282.93,Refunded,2023-02-01,5282.93,20230201,0.0
PAY0003620,ORD003620,2023-05-26,Credit Card,20609.36,Success,2023-05-25,20609.36,20230525,0.0
PAY0003621,ORD003621,2023-02-13,Credit Card,8138.6,Success,2023-02-10,8138.6,20230210,0.0
PAY0003622,ORD003622,2023-04-28,Net Banking,1373.9,Success,2023-04-25,1373.9,20230425,0.0
PAY0003623,ORD003623,2024-10-01,Credit Card,16356.340000000002,Pending,2024-09-29,16356.340000000002,20240929,0.0
PAY0003624,ORD003624,2024-11-30,Net Banking,16814.88,Success,2024-11-29,16814.88,20241129,0.0
PAY0003625,ORD003625,2023-11-21,Wallet,7239.040000000001,Failed,2023-11-21,7239.040000000001,20231121,0.0
PAY0003626,ORD003626,2023-04-02,Wallet,13646.65,Success,2023-03-31,13646.650000000001,20230331,1.8189894035458565e-12
PAY0003627,ORD003627,2024-07-03,Debit Card,10586.07,Success,2024-07-01,10586.07,20240701,0.0
PAY0003628,ORD003628,2024-08-21,Net Banking,5673.89,Success,2024-08-18,5673.89,20240818,0.0
PAY0003629,ORD003629,2023-04-09,Cash on Delivery,5673.89,Failed,2023-04-08,5673.89,20230408,0.0
PAY0003630,ORD003630,2023-04-06,Wallet,28672.04,Failed,2023-04-05,28672.04,20230405,0.0
PAY0003631,ORD003631,2023-03-21,Debit Card,1058.3,Success,2023-03-19,1058.3,20230319,0.0
PAY0003632,ORD003632,2023-09-28,UPI,6884.21,Success,2023-09-26,6884.21,20230926,0.0
PAY0003633,ORD003633,2024-10-21,Wallet,2527.83,Success,2024-10-18,2527.83,20241018,0.0
PAY0003634,ORD003634,2024-05-06,Net Banking,28653.95,Success,2024-05-04,28653.95,20240504,0.0
PAY0003635,ORD003635,2024-10-22,Credit Card,14835.85,Success,2024-10-21,14995.1,20241021,159.25
PAY0003636,ORD003636,2023-04-18,Credit Card,59771.7,Success,2023-04-17,59771.7,20230417,0.0
PAY0003637,ORD003637,2023-01-04,Cash on Delivery,9767.29,Success,2023-01-02,8521.52,20230102,-1245.7700000000004
PAY0003638,ORD003638,2024-01-11,UPI,8273.43,Success,2024-01-11,8273.43,20240111,0.0
PAY0003639,ORD003639,2024-11-30,Debit Card,25170.94,Success,2024-11-28,25170.940000000002,20241128,3.637978807091713e-12
PAY0003640,ORD003640,2023-05-15,Credit Card,428.8,Success,2023-05-14,428.8,20230514,0.0
PAY0003641,ORD003641,2024-07-29,Wallet,32837.79,Success,2024-07-26,32837.79,20240726,0.0
PAY0003642,ORD003642,2024-05-18,Credit Card,7101.66,Success,2024-05-17,7101.66,20240517,0.0
PAY0003643,ORD003643,2024-05-06,UPI,22887.94,Success,2024-05-06,22887.94,20240506,0.0
PAY0003644,ORD003644,2024-08-12,Wallet,24033.42,Success,2024-08-10,24033.42,20240810,0.0
PAY0003645,ORD003645,2024-06-05,Credit Card,20878.74,Success,2024-06-02,20878.739999999998,20240602,-3.637978807091713e-12
PAY0003646,ORD003646,2023-12-17,Debit Card,14160.89,Success,2023-12-16,14160.890000000001,20231216,1.8189894035458565e-12
PAY0003647,ORD003647,2023-08-18,Wallet,1547.99,Success,2023-08-17,1547.99,20230817,0.0
PAY0003648,ORD003648,2024-11-04,Net Banking,14305.580000000002,Pending,2024-11-04,14305.580000000002,20241104,0.0
PAY0003649,ORD003649,2023-12-24,Credit Card,1942.09,Success,2023-12-23,1942.09,20231223,0.0
PAY0003650,ORD003650,2023-04-21,Credit Card,14776.82,Success,2023-04-19,14776.82,20230419,0.0
PAY0003651,ORD003651,2023-02-06,UPI,3530.22,Success,2023-02-03,3530.22,20230203,0.0
PAY0003652,ORD003652,2023-07-07,Wallet,3556.84,Success,2023-07-07,3556.84,20230707,0.0
PAY0003653,ORD003653,2024-08-22,Net Banking,20838.9,Success,2024-08-21,20838.9,20240821,0.0
PAY0003654,ORD003654,2024-10-12,Wallet,23137.92,Success,2024-10-12,23137.92,20241012,0.0
PAY0003655,ORD003655,2023-12-22,Debit Card,9523.08,Success,2023-12-21,9523.08,20231221,0.0
PAY0003656,ORD003656,2023-02-08,Credit Card,30513.07,Success,2023-02-06,30513.07,20230206,0.0
PAY0003657,ORD003657,2024-06-23,Net Banking,14223.88,Success,2024-06-22,14223.88,20240622,0.0
PAY0003658,ORD003658,2023-04-20,Net Banking,30556.33,Success,2023-04-19,30556.33,20230419,0.0
PAY0003659,ORD003659,2023-10-14,Credit Card,25990.46,Success,2023-10-11,25990.46,20231011,0.0
PAY0003660,ORD003660,2023-11-02,Cash on Delivery,28703.68,Success,2023-10-30,28582.57,20231030,-121.11000000000058
PAY0003661,ORD003661,2023-10-15,UPI,1921.98,Success,2023-10-14,1921.98,20231014,0.0
PAY0003662,ORD003662,2023-03-25,Debit Card,3183.6800000000003,Success,2023-03-25,3183.6800000000003,20230325,0.0
PAY0003663,ORD003663,2023-10-28,Wallet,11518.71,Refunded,2023-10-27,11518.71,20231027,0.0
PAY0003664,ORD003664,2023-03-29,UPI,30106.67,Success,2023-03-26,30106.67,20230326,0.0
PAY0003665,ORD003665,2023-08-25,Net Banking,11567.98,Refunded,2023-08-25,11567.98,20230825,0.0
PAY0003666,ORD003666,2023-08-18,Credit Card,1734.1,Success,2023-08-18,1734.1,20230818,0.0
PAY0003667,ORD003667,2024-06-27,Credit Card,14649.61,Success,2024-06-26,14649.61,20240626,0.0
PAY0003668,ORD003668,2023-08-07,UPI,4421.02,Success,2023-08-07,4421.02,20230807,0.0
PAY0003669,ORD003669,2024-03-29,Wallet,16271.38,Success,2024-03-28,16271.380000000001,20240328,1.8189894035458565e-12
PAY0003670,ORD003670,2023-09-25,Wallet,4592.96,Failed,2023-09-25,4592.96,20230925,0.0
PAY0003671,ORD003671,2023-05-05,Credit Card,25895.49,Pending,2023-05-05,25895.49,20230505,0.0
PAY0003672,ORD003672,2023-05-20,Net Banking,11943.6,Refunded,2023-05-20,11943.599999999999,20230520,-1.8189894035458565e-12
PAY0003673,ORD003673,2023-04-12,Wallet,5779.4,Pending,2023-04-10,5779.4,20230410,0.0
PAY0003674,ORD003674,2023-03-01,Cash on Delivery,10716.18,Success,2023-02-28,10716.18,20230228,0.0
PAY0003675,ORD003675,2024-01-01,Credit Card,4706.05,Success,2023-12-29,4706.05,20231229,0.0
PAY0003676,ORD003676,2023-08-04,Cash on Delivery,17556.530000000002,Success,2023-08-04,17556.53,20230804,-3.637978807091713e-12
PAY0003677,ORD003677,2023-03-19,UPI,6800.96,Success,2023-03-16,6800.96,20230316,0.0
PAY0003678,ORD003678,2024-10-20,Wallet,5918.280000000001,Success,2024-10-17,5918.280000000001,20241017,0.0
PAY0003679,ORD003679,2024-10-29,Debit Card,39180.07,Success,2024-10-27,39180.07,20241027,0.0
PAY0003680,ORD003680,2023-03-19,Credit Card,2890.08,Failed,2023-03-19,2890.08,20230319,0.0
PAY0003681,ORD003681,2024-11-02,Net Banking,2984.72,Success,2024-10-31,2984.72,20241031,0.0
PAY0003682,ORD003682,2024-11-19,Net Banking,11549.43,Success,2024-11-16,11549.43,20241116,0.0
PAY0003683,ORD003683,2023-11-18,Credit Card,6228.33,Success,2023-11-17,6228.33,20231117,0.0
PAY0003684,ORD003684,2024-02-29,Credit Card,34879.31,Refunded,2024-02-28,34879.31,20240228,0.0
PAY0003685,ORD003685,2024-07-02,UPI,8693.03,Success,2024-07-02,8693.03,20240702,0.0
PAY0003686,ORD003686,2023-03-06,Wallet,29534.52,Success,2023-03-03,29534.52,20230303,0.0
PAY0003687,ORD003687,2023-02-03,Net Banking,781.78,Success,2023-02-02,781.78,20230202,0.0
PAY0003688,ORD003688,2023-12-24,UPI,513.14,Success,2023-12-23,513.14,20231223,0.0
PAY0003689,ORD003689,2024-10-22,Credit Card,13592.44,Success,2024-10-22,13592.439999999999,20241022,-1.8189894035458565e-12
PAY0003690,ORD003690,2023-11-21,Credit Card,6129.09,Success,2023-11-20,6129.09,20231120,0.0
PAY0003691,ORD003691,2023-08-05,Credit Card,1424.92,Pending,2023-08-05,1424.92,20230805,0.0
PAY0003692,ORD003692,2023-10-17,Credit Card,3489.12,Success,2023-10-15,3489.12,20231015,0.0
PAY0003693,ORD003693,2024-08-04,Debit Card,12947.52,Success,2024-08-02,12947.52,20240802,0.0
PAY0003694,ORD003694,2023-02-24,Wallet,15163.74,Success,2023-02-24,15163.74,20230224,0.0
PAY0003695,ORD003695,2023-05-22,Wallet,6270.36,Failed,2023-05-19,6270.36,20230519,0.0
PAY0003696,ORD003696,2024-01-11,Wallet,10545.04,Success,2024-01-08,10545.04,20240108,0.0
PAY0003697,ORD003697,2023-12-28,UPI,5190.91,Success,2023-12-27,5190.91,20231227,0.0
PAY0003698,ORD003698,2023-05-05,Cash on Delivery,6216.02,Success,2023-05-05,6216.02,20230505,0.0
PAY0003699,ORD003699,2023-07-25,Wallet,8002.84,Success,2023-07-22,8002.84,20230722,0.0
PAY0003700,ORD003700,2023-08-16,Credit Card,11352.509999999998,Pending,2023-08-16,11352.509999999998,20230816,0.0
PAY0003701,ORD003701,2024-01-08,Debit Card,21959.29,Success,2024-01-05,21959.29,20240105,0.0
PAY0003702,ORD003702,2023-03-02,Credit Card,7308.78,Success,2023-02-28,7308.78,20230228,0.0
PAY0003703,ORD003703,2023-11-02,Net Banking,6714.43,Success,2023-11-01,6714.43,20231101,0.0
PAY0003704,ORD003704,2024-04-15,Debit Card,2525.54,Success,2024-04-15,2525.54,20240415,0.0
PAY0003705,ORD003705,2024-05-26,UPI,2881.18,Success,2024-05-26,2881.18,20240526,0.0
PAY0003706,ORD003706,2024-09-12,Debit Card,18142.7,Success,2024-09-11,18142.7,20240911,0.0
PAY0003707,ORD003707,2023-05-01,Cash on Delivery,26651.8,Success,2023-04-29,26651.8,20230429,0.0
PAY0003708,ORD003708,2024-11-28,Debit Card,19398.22,Success,2024-11-28,19398.22,20241128,0.0
PAY0003709,ORD003709,2024-12-02,Wallet,30730.43,Success,2024-11-30,30730.43,20241130,0.0
PAY0003710,ORD003710,2024-05-02,Credit Card,2758.97,Success,2024-05-02,2758.97,20240502,0.0
PAY0003711,ORD003711,2023-02-11,Cash on Delivery,35804.14,Failed,2023-02-11,35804.14,20230211,0.0
PAY0003712,ORD003712,2024-01-25,Wallet,20448.74,Success,2024-01-22,20448.739999999998,20240122,-3.637978807091713e-12
PAY0003713,ORD003713,2023-05-22,Cash on Delivery,19294.13,Success,2023-05-20,19294.13,20230520,0.0
PAY0003714,ORD003714,2024-11-26,Cash on Delivery,12899.16,Success,2024-11-26,12899.16,20241126,0.0
PAY0003715,ORD003715,2023-05-19,UPI,8436.66,Success,2023-05-19,8436.66,20230519,0.0
PAY0003716,ORD003716,2023-11-22,UPI,37223.87,Success,2023-11-22,37223.87,20231122,0.0
PAY0003717,ORD003717,2023-07-19,Wallet,6199.610000000001,Success,2023-07-18,6199.610000000001,20230718,0.0
PAY0003718,ORD003718,2024-08-15,UPI,17530.38,Success,2024-08-15,17530.38,20240815,0.0
PAY0003719,ORD003719,2024-01-25,Net Banking,4350.17,Success,2024-01-24,4350.17,20240124,0.0
PAY0003720,ORD003720,2024-06-19,Debit Card,22229.24,Success,2024-06-18,22229.24,20240618,0.0
PAY0003721,ORD003721,2023-08-10,Credit Card,13387.27,Success,2023-08-10,13387.27,20230810,0.0
PAY0003722,ORD003722,2023-12-31,Net Banking,26811.39,Success,2023-12-31,26811.39,20231231,0.0
PAY0003723,ORD003723,2023-08-17,Debit Card,15963.48,Success,2023-08-16,15963.48,20230816,0.0
PAY0003724,ORD003724,2024-04-23,Cash on Delivery,7634.44,Success,2024-04-23,7634.44,20240423,0.0
PAY0003725,ORD003725,2023-03-31,UPI,7341.91,Failed,2023-03-29,7341.91,20230329,0.0
PAY0003726,ORD003726,2024-12-04,UPI,29578.29,Success,2024-12-01,29578.29,20241201,0.0
PAY0003727,ORD003727,2025-06-25,Net Banking,24745.09,Success,2025-06-22,24745.089999999997,20250622,-3.637978807091713e-12
PAY0003728,ORD003728,2023-06-07,Debit Card,4061.46,Success,2023-06-04,4061.46,20230604,0.0
PAY0003729,ORD003729,2023-05-07,UPI,1505.02,Success,2023-05-05,1505.02,20230505,0.0
PAY0003730,ORD003730,2024-10-22,Credit Card,9021.56,Success,2024-10-20,9021.56,20241020,0.0
PAY0003731,ORD003731,2023-12-05,Debit Card,14459.98,Success,2023-12-02,14459.98,20231202,0.0
PAY0003732,ORD003732,2023-04-28,Net Banking,20844.4,Success,2023-04-28,20844.4,20230428,0.0
PAY0003733,ORD003733,2023-01-17,Debit Card,21518.17,Success,2023-01-15,21518.17,20230115,0.0
PAY0003734,ORD003734,2024-09-12,Debit Card,16255.23,Success,2024-09-11,16255.23,20240911,0.0
PAY0003735,ORD003735,2023-05-05,Credit Card,1490.65,Success,2023-05-05,1490.65,20230505,0.0
PAY0003736,ORD003736,2024-03-11,Credit Card,18137.18,Success,2024-03-09,18137.18,20240309,0.0
PAY0003737,ORD003737,2023-12-13,UPI,2193.46,Success,2023-12-13,1983.28,20231213,-210.18000000000006
PAY0003738,ORD003738,2023-02-16,Cash on Delivery,40782.06,Success,2023-02-14,40782.06,20230214,0.0
PAY0003739,ORD003739,2024-02-29,UPI,3095.98,Success,2024-02-27,3095.98,20240227,0.0
PAY0003740,ORD003740,2023-12-15,Credit Card,952.5,Success,2023-12-14,952.5,20231214,0.0
PAY0003741,ORD003741,2023-11-12,Credit Card,13522.52,Failed,2023-11-12,13522.519999999999,20231112,-1.8189894035458565e-12
PAY0003742,ORD003742,2024-11-30,Cash on Delivery,3504.39,Success,2024-11-29,3504.39,20241129,0.0
PAY0003743,ORD003743,2023-09-26,Cash on Delivery,37757.59,Success,2023-09-25,37757.59,20230925,0.0
PAY0003744,ORD003744,2023-10-24,UPI,9845.13,Success,2023-10-21,10802.22,20231021,957.0900000000001
PAY0003745,ORD003745,2023-09-21,Credit Card,17538.87,Success,2023-09-20,17538.87,20230920,0.0
PAY0003746,ORD003746,2024-08-03,Net Banking,6714.66,Success,2024-07-31,6714.66,20240731,0.0
PAY0003747,ORD003747,2023-02-26,Credit Card,9727.83,Success,2023-02-25,9727.83,20230225,0.0
PAY0003748,ORD003748,2024-05-31,Wallet,19314.14,Success,2024-05-31,19314.14,20240531,0.0
PAY0003749,ORD003749,2023-08-12,UPI,15266.95,Success,2023-08-10,15266.95,20230810,0.0
PAY0003750,ORD003750,2024-03-20,UPI,15547.78,Success,2024-03-17,15547.78,20240317,0.0
PAY0003751,ORD003751,2023-09-11,Credit Card,40912.85,Success,2023-09-10,40912.85,20230910,0.0
PAY0003752,ORD003752,2024-05-12,Credit Card,11215.07,Success,2024-05-09,10643.04,20240509,-572.0299999999988
PAY0003753,ORD003753,2024-01-21,UPI,25713.11,Success,2024-01-18,25713.11,20240118,0.0
PAY0003754,ORD003754,2023-05-23,UPI,9185.92,Failed,2023-05-23,9185.92,20230523,0.0
PAY0003755,ORD003755,2024-04-27,Cash on Delivery,19256.12,Success,2024-04-25,19256.12,20240425,0.0
PAY0003756,ORD003756,2025-05-10,Debit Card,20214.63,Success,2025-05-10,20214.63,20250510,0.0
PAY0003757,ORD003757,2024-04-15,Credit Card,57618.9,Success,2024-04-13,57618.9,20240413,0.0
PAY0003758,ORD003758,2023-08-31,UPI,1292.78,Success,2023-08-28,1292.78,20230828,0.0
PAY0003759,ORD003759,2024-07-08,UPI,14172.79,Success,2024-07-06,14172.789999999999,20240706,-1.8189894035458565e-12
PAY0003760,ORD003760,2023-08-09,Wallet,15221.77,Success,2023-08-06,15221.77,20230806,0.0
PAY0003761,ORD003761,2023-03-18,Credit Card,20984.71,Success,2023-03-16,20984.71,20230316,0.0
PAY0003762,ORD003762,2024-08-27,Debit Card,2251.53,Failed,2024-08-25,2251.53,20240825,0.0
PAY0003763,ORD003763,2024-03-31,Debit Card,38739.600000000006,Success,2024-03-30,38739.600000000006,20240330,0.0
PAY0003764,ORD003764,2024-03-14,UPI,6283.38,Success,2024-03-12,6283.38,20240312,0.0
PAY0003765,ORD003765,2023-09-11,Net Banking,9136.07,Success,2023-09-11,9136.07,20230911,0.0
PAY0003766,ORD003766,2023-03-26,Net Banking,781.78,Success,2023-03-23,781.78,20230323,0.0
PAY0003767,ORD003767,2023-03-28,Wallet,-14562.8,Success,2023-03-26,-14562.8,20230326,0.0
PAY0003768,ORD003768,2024-01-05,Net Banking,39813.52,Success,2024-01-02,39813.52,20240102,0.0
PAY0003769,ORD003769,2023-09-20,Wallet,3670.22,Success,2023-09-19,3670.2200000000003,20230919,4.547473508864641e-13
PAY0003770,ORD003770,2023-10-27,Credit Card,3010.04,Success,2023-10-25,3010.04,20231025,0.0
PAY0003771,ORD003771,2024-06-04,Debit Card,5817.44,Success,2024-06-02,5817.44,20240602,0.0
PAY0003772,ORD003772,2024-06-02,Net Banking,6547.46,Success,2024-05-30,6547.46,20240530,0.0
PAY0003773,ORD003773,2023-06-27,Debit Card,781.78,Success,2023-06-26,781.78,20230626,0.0
PAY0003774,ORD003774,2024-06-23,Net Banking,5753.24,Success,2024-06-20,5753.24,20240620,0.0
PAY0003775,ORD003775,2023-05-07,Net Banking,2477.32,Success,2023-05-06,2477.32,20230506,0.0
PAY0003776,ORD003776,2023-09-22,Wallet,16348.49,Success,2023-09-22,16348.49,20230922,0.0
PAY0003777,ORD003777,2023-04-25,Credit Card,7377.63,Success,2023-04-24,7377.63,20230424,0.0
PAY0003778,ORD003778,2024-03-03,Debit Card,25576.74,Success,2024-03-03,25576.739999999998,20240303,-3.637978807091713e-12
PAY0003779,ORD003779,2023-11-16,Net Banking,18909.81,Success,2023-11-14,18909.809999999998,20231114,-3.637978807091713e-12
PAY0003780,ORD003780,2024-02-16,Debit Card,260.84,Failed,2024-02-14,260.84,20240214,0.0
PAY0003781,ORD003781,2024-05-08,Wallet,4342.88,Success,2024-05-07,4342.88,20240507,0.0
PAY0003782,ORD003782,2024-10-19,Cash on Delivery,3563.55,Success,2024-10-18,3563.55,20241018,0.0
PAY0003783,ORD003783,2023-03-16,Wallet,25037.47,Success,2023-03-14,25037.47,20230314,0.0
PAY0003784,ORD003784,2024-06-25,Debit Card,1646.88,Success,2024-06-25,1646.88,20240625,0.0
PAY0003785,ORD003785,2023-11-03,UPI,40032.55,Success,2023-11-03,40032.549999999996,20231103,-7.275957614183426e-12
PAY0003786,ORD003786,2024-01-08,Debit Card,4482.95,Success,2024-01-06,4147.75,20240106,-335.1999999999998
PAY0003787,ORD003787,2024-04-25,Debit Card,3042.45,Success,2024-04-23,3042.45,20240423,0.0
PAY0003788,ORD003788,2023-03-07,Wallet,27194.9,Success,2023-03-05,27194.899999999998,20230305,-3.637978807091713e-12
PAY0003789,ORD003789,2024-08-21,Debit Card,2402.47,Success,2024-08-21,2402.47,20240821,0.0
PAY0003790,ORD003790,2023-04-03,Debit Card,22164.2,Success,2023-04-02,22164.199999999997,20230402,-3.637978807091713e-12
PAY0003791,ORD003791,2023-04-24,Net Banking,1568.27,Success,2023-04-22,1568.27,20230422,0.0
PAY0003792,ORD003792,2023-12-30,Credit Card,2902.0,Success,2023-12-29,2902.0,20231229,0.0
PAY0003793,ORD003793,2023-05-18,Debit Card,21647.08,Success,2023-05-17,21647.08,20230517,0.0
PAY0003794,ORD003794,2023-10-13,Wallet,21298.38,Success,2023-10-11,21298.38,20231011,0.0
PAY0003795,ORD003795,2023-08-06,Net Banking,39716.66,Success,2023-08-05,39716.66,20230805,0.0
PAY0003796,ORD003796,2024-04-14,Cash on Delivery,5358.09,Success,2024-04-12,5358.09,20240412,0.0
PAY0003797,ORD003797,2024-09-25,Credit Card,7435.09,Success,2024-09-24,7435.09,20240924,0.0
PAY0003798,ORD003798,2024-01-02,UPI,7792.76,Success,2023-12-30,7792.76,20231230,0.0
PAY0003799,ORD003799,2023-05-28,Net Banking,17021.67,Pending,2023-05-25,17021.67,20230525,0.0
PAY0003800,ORD003800,2023-04-24,Credit Card,8230.720000000001,Success,2023-04-24,8230.720000000001,20230424,0.0
PAY0003801,ORD003801,2024-03-07,Debit Card,629.94,Failed,2024-03-07,629.94,20240307,0.0
PAY0003802,ORD003802,2023-10-18,Credit Card,4028.46,Pending,2023-10-18,4028.46,20231018,0.0
PAY0003803,ORD003803,2024-04-16,Net Banking,23978.48,Success,2024-04-13,23978.48,20240413,0.0
PAY0003804,ORD003804,2023-04-05,Net Banking,272.27,Success,2023-04-03,272.27,20230403,0.0
PAY0003805,ORD003805,2024-11-28,Wallet,5892.71,Success,2024-11-26,5892.71,20241126,0.0
PAY0003806,ORD003806,2023-01-12,Cash on Delivery,21565.31,Success,2023-01-10,21565.31,20230110,0.0
PAY0003807,ORD003807,2023-05-09,Cash on Delivery,3078.83,Success,2023-05-08,3078.83,20230508,0.0
PAY0003808,ORD003808,2024-01-27,Net Banking,10487.59,Success,2024-01-27,10487.59,20240127,0.0
PAY0003809,ORD003809,2023-06-06,Wallet,800.69,Success,2023-06-04,800.69,20230604,0.0
PAY0003810,ORD003810,2024-09-11,Credit Card,20991.11,Success,2024-09-08,20991.11,20240908,0.0
PAY0003811,ORD003811,2024-01-30,Cash on Delivery,4042.1,Failed,2024-01-28,4042.1,20240128,0.0
PAY0003812,ORD003812,2023-08-31,UPI,174.97,Refunded,2023-08-29,174.97,20230829,0.0
PAY0003813,ORD003813,2023-03-12,Wallet,8235.83,Failed,2023-03-09,8235.83,20230309,0.0
PAY0003814,ORD003814,2023-11-01,Wallet,15681.22,Success,2023-11-01,15681.22,20231101,0.0
PAY0003815,ORD003815,2023-08-09,UPI,44721.82,Success,2023-08-06,44721.82,20230806,0.0
PAY0003816,ORD003816,2024-09-15,Cash on Delivery,7477.520000000001,Success,2024-09-14,7477.52,20240914,-9.094947017729282e-13
PAY0003817,ORD003817,2023-03-30,Wallet,28580.88,Success,2023-03-30,28580.88,20230330,0.0
PAY0003818,ORD003818,2023-07-01,Cash on Delivery,11604.12,Success,2023-06-28,11604.12,20230628,0.0
PAY0003819,ORD003819,2024-05-01,Credit Card,61437.740000000005,Success,2024-05-01,61437.740000000005,20240501,0.0
PAY0003820,ORD003820,2023-03-11,Debit Card,11305.27,Success,2023-03-08,11305.27,20230308,0.0
PAY0003821,ORD003821,2023-11-14,Credit Card,8371.94,Success,2023-11-14,8371.94,20231114,0.0
PAY0003822,ORD003822,2024-03-17,UPI,15556.66,Success,2024-03-14,15556.66,20240314,0.0
PAY0003823,ORD003823,2023-05-13,Credit Card,22195.1,Success,2023-05-11,22195.1,20230511,0.0
PAY0003824,ORD003824,2023-12-22,Debit Card,12844.51,Success,2023-12-21,12844.51,20231221,0.0
PAY0003825,ORD003825,2024-08-06,Net Banking,19562.95,Refunded,2024-08-06,19562.95,20240806,0.0
PAY0003826,ORD003826,2024-10-22,UPI,26039.96,Success,2024-10-21,26039.96,20241021,0.0
PAY0003827,ORD003827,2023-08-10,Wallet,56760.81,Success,2023-08-09,56760.81,20230809,0.0
PAY0003828,ORD003828,2023-08-16,Credit Card,2295.26,Failed,2023-08-15,2295.26,20230815,0.0
PAY0003829,ORD003829,2024-09-05,UPI,29946.17,Pending,2024-09-05,29946.17,20240905,0.0
PAY0003830,ORD003830,2023-10-22,Cash on Delivery,19261.44,Success,2023-10-22,19261.44,20231022,0.0
PAY0003831,ORD003831,2023-07-04,Net Banking,14153.46,Failed,2023-07-01,14153.46,20230701,0.0
PAY0003832,ORD003832,2023-02-18,Credit Card,2745.97,Success,2023-02-16,2745.97,20230216,0.0
PAY0003833,ORD003833,2024-02-06,Credit Card,31171.52,Success,2024-02-06,31171.52,20240206,0.0
PAY0003834,ORD003834,2024-08-25,Net Banking,4087.73,Success,2024-08-25,4087.73,20240825,0.0
PAY0003835,ORD003835,2024-10-11,Cash on Delivery,648.79,Success,2024-10-08,648.79,20241008,0.0
PAY0003836,ORD003836,2024-02-12,Wallet,14742.46,Success,2024-02-12,14742.460000000001,20240212,1.8189894035458565e-12
PAY0003837,ORD003837,2024-04-02,Wallet,7622.23,Success,2024-04-01,7622.23,20240401,0.0
PAY0003838,ORD003838,2023-07-12,Net Banking,6416.15,Success,2023-07-12,6416.15,20230712,0.0
PAY0003839,ORD003839,2024-11-12,UPI,32800.61,Refunded,2024-11-12,32800.61,20241112,0.0
PAY0003840,ORD003840,2024-10-23,Net Banking,1016.59,Failed,2024-10-22,1016.59,20241022,0.0
PAY0003841,ORD003841,2024-02-28,Credit Card,5660.6,Success,2024-02-28,5660.6,20240228,0.0
PAY0003842,ORD003842,2023-09-07,UPI,3966.56,Success,2023-09-05,3966.56,20230905,0.0
PAY0003843,ORD003843,2024-01-25,UPI,19862.85,Success,2024-01-23,19862.85,20240123,0.0
PAY0003844,ORD003844,2023-12-11,Debit Card,30888.34,Success,2023-12-09,30888.34,20231209,0.0
PAY0003845,ORD003845,2023-07-31,UPI,7664.93,Success,2023-07-28,7664.93,20230728,0.0
PAY0003846,ORD003846,2024-02-11,UPI,17009.86,Success,2024-02-10,17009.86,20240210,0.0
PAY0003847,ORD003847,2023-12-03,Wallet,15479.3,Refunded,2023-12-02,15479.3,20231202,0.0
PAY0003848,ORD003848,2023-08-14,Net Banking,18241.7,Success,2023-08-13,18241.7,20230813,0.0
PAY0003849,ORD003849,2024-06-15,UPI,11026.28,Success,2024-06-12,11026.28,20240612,0.0
PAY0003850,ORD003850,2023-12-03,UPI,467.33,Success,2023-11-30,467.33,20231130,0.0
PAY0003851,ORD003851,2023-07-23,Wallet,4301.34,Success,2023-07-22,4301.34,20230722,0.0
PAY0003852,ORD003852,2023-10-19,UPI,15348.15,Success,2023-10-19,15348.15,20231019,0.0
PAY0003853,ORD003853,2023-02-19,Cash on Delivery,5424.36,Success,2023-02-17,5424.36,20230217,0.0
PAY0003854,ORD003854,2023-05-29,Cash on Delivery,28264.81,Success,2023-05-27,28264.81,20230527,0.0
PAY0003855,ORD003855,2023-11-16,Credit Card,10987.85,Success,2023-11-15,10987.85,20231115,0.0
PAY0003856,ORD003856,2023-03-31,Wallet,46477.26,Success,2023-03-31,46477.26,20230331,0.0
PAY0003857,ORD003857,2024-03-18,UPI,1790.18,Success,2024-03-18,1790.18,20240318,0.0
PAY0003858,ORD003858,2024-04-25,Net Banking,44750.63,Success,2024-04-24,44750.63,20240424,0.0
PAY0003859,ORD003859,2024-04-16,Net Banking,8251.79,Success,2024-04-13,8251.79,20240413,0.0
PAY0003860,ORD003860,2024-02-15,Wallet,34078.46,Success,2024-02-13,34078.46,20240213,0.0
PAY0003861,ORD003861,2024-12-03,Net Banking,6501.6,Pending,2024-12-01,6501.6,20241201,0.0
PAY0003862,ORD003862,2024-02-23,UPI,14038.41,Success,2024-02-23,14038.41,20240223,0.0
PAY0003863,ORD003863,2024-06-27,Debit Card,19313.43,Success,2024-06-26,19313.43,20240626,0.0
PAY0003864,ORD003864,2024-08-07,Cash on Delivery,3966.56,Success,2024-08-07,3966.56,20240807,0.0
PAY0003865,ORD003865,2023-05-28,Debit Card,9388.35,Refunded,2023-05-27,9388.349999999999,20230527,-1.8189894035458565e-12
PAY0003866,ORD003866,2024-02-27,Cash on Delivery,1231.99,Success,2024-02-27,1231.99,20240227,0.0
PAY0003867,ORD003867,2024-12-02,Wallet,13051.94,Success,2024-11-29,13051.94,20241129,0.0
PAY0003868,ORD003868,2024-03-17,Net Banking,4625.83,Success,2024-03-16,4625.83,20240316,0.0
PAY0003869,ORD003869,2024-09-08,UPI,12914.46,Success,2024-09-05,12914.46,20240905,0.0
PAY0003870,ORD003870,2024-02-13,Debit Card,22536.74,Success,2024-02-10,22536.739999999998,20240210,-3.637978807091713e-12
PAY0003871,ORD003871,2024-06-21,Credit Card,4961.76,Pending,2024-06-18,4961.76,20240618,0.0
PAY0003872,ORD003872,2024-09-10,UPI,5956.89,Success,2024-09-10,5956.89,20240910,0.0
PAY0003873,ORD003873,2024-01-05,Debit Card,9485.6,Success,2024-01-04,9485.6,20240104,0.0
PAY0003874,ORD003874,2023-08-25,Cash on Delivery,15124.33,Success,2023-08-24,15124.33,20230824,0.0
PAY0003875,ORD003875,2023-04-17,UPI,1431.81,Success,2023-04-14,1431.81,20230414,0.0
PAY0003876,ORD003876,2023-10-03,Credit Card,24227.51,Success,2023-10-02,24227.51,20231002,0.0
PAY0003877,ORD003877,2024-05-20,Wallet,7114.25,Pending,2024-05-20,7114.25,20240520,0.0
PAY0003878,ORD003878,2023-01-04,Wallet,10349.43,Success,2023-01-03,10349.43,20230103,0.0
PAY0003879,ORD003879,2024-05-31,UPI,11000.63,Success,2024-05-28,11000.630000000001,20240528,1.8189894035458565e-12
PAY0003880,ORD003880,2023-04-14,UPI,14664.91,Success,2023-04-12,14664.91,20230412,0.0
PAY0003881,ORD003881,2024-10-15,UPI,31636.01,Success,2024-10-14,31636.010000000002,20241014,3.637978807091713e-12
PAY0003882,ORD003882,2023-07-04,UPI,10215.56,Success,2023-07-01,10215.56,20230701,0.0
PAY0003883,ORD003883,2024-03-12,Cash on Delivery,33954.63,Success,2024-03-12,33954.63,20240312,0.0
PAY0003884,ORD003884,2023-01-21,UPI,1816.09,Success,2023-01-19,1816.09,20230119,0.0
PAY0003885,ORD003885,2025-08-13,Debit Card,13954.82,Success,2025-08-12,13954.82,20250812,0.0
PAY0003886,ORD003886,2024-10-17,Credit Card,7683.380000000001,Success,2024-10-16,7683.380000000001,20241016,0.0
PAY0003887,ORD003887,2023-06-29,UPI,18654.05,Success,2023-06-28,18654.05,20230628,0.0
PAY0003888,ORD003888,2024-05-09,Net Banking,806.5,Success,2024-05-07,806.5,20240507,0.0
PAY0003889,ORD003889,2024-03-23,Cash on Delivery,27320.76,Success,2024-03-21,27320.76,20240321,0.0
PAY0003890,ORD003890,2024-04-08,Cash on Delivery,16171.89,Success,2024-04-08,16171.890000000001,20240408,1.8189894035458565e-12
PAY0003891,ORD003891,2023-09-18,Credit Card,13726.19,Refunded,2023-09-18,13726.189999999999,20230918,-1.8189894035458565e-12
PAY0003892,ORD003892,2023-01-12,UPI,3289.74,Success,2023-01-10,3289.74,20230110,0.0
PAY0003893,ORD003893,2024-10-18,UPI,11746.52,Success,2024-10-18,11746.52,20241018,0.0
PAY0003894,ORD003894,2023-01-26,Cash on Delivery,15965.67,Success,2023-01-26,15965.67,20230126,0.0
PAY0003895,ORD003895,2024-07-16,Credit Card,4715.26,Success,2024-07-13,4715.26,20240713,0.0
PAY0003896,ORD003896,2023-06-16,Wallet,7818.5,Success,2023-06-14,7818.5,20230614,0.0
PAY0003897,ORD003897,2023-04-26,Net Banking,13830.2,Success,2023-04-25,13830.2,20230425,0.0
PAY0003898,ORD003898,2023-08-09,Credit Card,19472.14,Success,2023-08-09,19472.14,20230809,0.0
PAY0003899,ORD003899,2024-02-17,Cash on Delivery,10905.17,Success,2024-02-15,10905.170000000002,20240215,1.8189894035458565e-12
PAY0003900,ORD003900,2024-02-28,Credit Card,10675.76,Success,2024-02-26,10675.76,20240226,0.0
PAY0003901,ORD003901,2023-07-16,Credit Card,3323.73,Pending,2023-07-13,3323.73,20230713,0.0
PAY0003902,ORD003902,2023-06-25,Credit Card,4285.14,Success,2023-06-24,4285.14,20230624,0.0
PAY0003903,ORD003903,2023-08-04,Net Banking,39173.13,Pending,2023-08-02,39173.130000000005,20230802,7.275957614183426e-12
PAY0003904,ORD003904,2023-03-22,Credit Card,62523.93000000001,Success,2023-03-21,62523.93,20230321,-7.275957614183426e-12
PAY0003905,ORD003905,2024-04-04,Debit Card,922.42,Success,2024-04-03,1069.74,20240403,147.32000000000005
PAY0003906,ORD003906,2024-07-17,Credit Card,8411.14,Success,2024-07-14,8411.14,20240714,0.0
PAY0003907,ORD003907,2024-05-31,UPI,24005.52,Success,2024-05-31,24005.52,20240531,0.0
PAY0003908,ORD003908,2024-11-03,Debit Card,15838.509999999998,Success,2024-11-01,15838.51,20241101,1.8189894035458565e-12
PAY0003909,ORD003909,2023-02-12,Credit Card,3921.06,Success,2023-02-11,3921.06,20230211,0.0
PAY0003910,ORD003910,2024-05-24,Credit Card,12338.98,Success,2024-05-24,12338.98,20240524,0.0
PAY0003911,ORD003911,2023-05-24,Cash on Delivery,2237.4,Success,2023-05-21,2237.4,20230521,0.0
PAY0003912,ORD003912,2023-05-14,UPI,1445.96,Pending,2023-05-14,1445.96,20230514,0.0
PAY0003913,ORD003913,2023-01-31,Credit Card,5954.12,Success,2023-01-29,5845.69,20230129,-108.43000000000029
PAY0003914,ORD003914,2024-09-05,Cash on Delivery,5520.88,Success,2024-09-02,5520.88,20240902,0.0
PAY0003915,ORD003915,2023-03-12,Cash on Delivery,31006.45,Success,2023-03-09,31006.45,20230309,0.0
PAY0003916,ORD003916,2023-04-03,Debit Card,3037.82,Success,2023-04-01,3037.8199999999997,20230401,-4.547473508864641e-13
PAY0003917,ORD003917,2024-08-03,Debit Card,10115.71,Pending,2024-08-03,10115.71,20240803,0.0
PAY0003918,ORD003918,2023-09-21,Wallet,27033.6,Success,2023-09-18,27033.6,20230918,0.0
PAY0003919,ORD003919,2024-07-13,Cash on Delivery,23370.05,Success,2024-07-10,23370.05,20240710,0.0
PAY0003920,ORD003920,2024-08-17,Wallet,19823.33,Success,2024-08-14,19823.33,20240814,0.0
PAY0003921,ORD003921,2024-05-26,Credit Card,12205.27,Success,2024-05-26,12205.269999999999,20240526,-1.8189894035458565e-12
PAY0003922,ORD003922,2023-05-14,Net Banking,4459.08,Pending,2023-05-13,4459.08,20230513,0.0
PAY0003923,ORD003923,2023-06-06,Credit Card,35328.26,Success,2023-06-06,35328.26,20230606,0.0
PAY0003924,ORD003924,2024-04-25,Cash on Delivery,4080.13,Success,2024-04-22,4080.13,20240422,0.0
PAY0003925,ORD003925,2023-09-15,Credit Card,6920.76,Success,2023-09-15,6920.76,20230915,0.0
PAY0003926,ORD003926,2024-03-29,UPI,39190.68,Success,2024-03-26,39190.68,20240326,0.0
PAY0003927,ORD003927,2023-12-28,Net Banking,1075.34,Success,2023-12-28,1075.34,20231228,0.0
PAY0003928,ORD003928,2024-07-22,Credit Card,6885.05,Success,2024-07-22,6885.05,20240722,0.0
PAY0003929,ORD003929,2024-09-29,Cash on Delivery,1863.69,Success,2024-09-26,1863.69,20240926,0.0
PAY0003930,ORD003930,2023-06-20,Wallet,18641.66,Success,2023-06-17,18641.66,20230617,0.0
PAY0003931,ORD003931,2024-11-13,Cash on Delivery,54081.41,Success,2024-11-12,54081.41,20241112,0.0
PAY0003932,ORD003932,2024-06-30,Debit Card,5704.11,Success,2024-06-30,5704.11,20240630,0.0
PAY0003933,ORD003933,2023-11-24,Cash on Delivery,19473.14,Success,2023-11-23,19473.14,20231123,0.0
PAY0003934,ORD003934,2023-03-23,UPI,9079.24,Success,2023-03-21,7908.91,20230321,-1170.33
PAY0003935,ORD003935,2024-05-01,Cash on Delivery,24415.8,Success,2024-04-29,24415.8,20240429,0.0
PAY0003936,ORD003936,2023-01-04,UPI,4152.15,Success,2023-01-04,3851.54,20230104,-300.6099999999997
PAY0003937,ORD003937,2023-07-20,Cash on Delivery,7379.79,Success,2023-07-19,7379.79,20230719,0.0
PAY0003938,ORD003938,2023-04-05,Credit Card,2719.98,Pending,2023-04-05,2719.98,20230405,0.0
PAY0003939,ORD003939,2024-03-04,Wallet,989.3,Success,2024-03-01,989.3,20240301,0.0
PAY0003940,ORD003940,2023-07-21,Credit Card,12227.53,Success,2023-07-19,12227.529999999999,20230719,-1.8189894035458565e-12
PAY0003941,ORD003941,2024-10-30,Net Banking,13325.9,Pending,2024-10-30,13325.9,20241030,0.0
PAY0003942,ORD003942,2023-04-20,Debit Card,30894.79,Refunded,2023-04-18,30894.79,20230418,0.0
PAY0003943,ORD003943,2024-05-05,Credit Card,8158.76,Success,2024-05-04,8158.76,20240504,0.0
PAY0003944,ORD003944,2023-07-03,Cash on Delivery,9032.56,Success,2023-07-03,8503.75,20230703,-528.8099999999995
PAY0003945,ORD003945,2023-06-17,Wallet,10237.91,Success,2023-06-15,10237.91,20230615,0.0
PAY0003946,ORD003946,2023-06-30,UPI,2687.3,Success,2023-06-27,2687.3,20230627,0.0
PAY0003947,ORD003947,2024-03-30,Credit Card,20775.44,Success,2024-03-28,20775.44,20240328,0.0
PAY0003948,ORD003948,2024-09-25,Debit Card,21604.44,Success,2024-09-25,21604.44,20240925,0.0
PAY0003949,ORD003949,2023-09-06,UPI,16545.15,Refunded,2023-09-03,16545.15,20230903,0.0
PAY0003950,ORD003950,2024-10-28,Debit Card,22347.27,Success,2024-10-28,22347.27,20241028,0.0
PAY0003951,ORD003951,2023-08-30,UPI,5439.96,Refunded,2023-08-29,5439.96,20230829,0.0
PAY0003952,ORD003952,2023-03-23,Debit Card,4788.61,Failed,2023-03-20,4788.61,20230320,0.0
PAY0003953,ORD003953,2024-05-05,Net Banking,11552.9,Success,2024-05-04,11552.9,20240504,0.0
PAY0003954,ORD003954,2023-10-05,Net Banking,14126.9,Success,2023-10-03,14126.9,20231003,0.0
PAY0003955,ORD003955,2024-02-04,Cash on Delivery,20367.61,Refunded,2024-02-03,20367.61,20240203,0.0
PAY0003956,ORD003956,2023-11-13,Debit Card,20547.84,Success,2023-11-13,20547.84,20231113,0.0
PAY0003957,ORD003957,2024-06-17,Cash on Delivery,6631.59,Success,2024-06-15,7458.09,20240615,826.5
PAY0003958,ORD003958,2023-01-13,Net Banking,6005.27,Success,2023-01-10,6005.27,20230110,0.0
PAY0003959,ORD003959,2024-01-11,Net Banking,8682.91,Success,2024-01-10,8682.91,20240110,0.0
PAY0003960,ORD003960,2023-03-25,Cash on Delivery,10725.29,Success,2023-03-25,10725.29,20230325,0.0
PAY0003961,ORD003961,2024-05-09,Net Banking,6380.219999999999,Success,2024-05-07,6380.219999999999,20240507,0.0
PAY0003962,ORD003962,2023-08-22,Wallet,47321.49,Success,2023-08-21,47321.49,20230821,0.0
PAY0003963,ORD003963,2023-09-28,Cash on Delivery,9488.33,Success,2023-09-28,9488.33,20230928,0.0
PAY0003964,ORD003964,2024-09-25,UPI,30646.67,Success,2024-09-25,30646.67,20240925,0.0
PAY0003965,ORD003965,2023-09-25,Wallet,2135.25,Refunded,2023-09-25,2135.25,20230925,0.0
PAY0003966,ORD003966,2023-10-04,Credit Card,28988.53,Success,2023-10-04,28988.53,20231004,0.0
PAY0003967,ORD003967,2023-06-26,Debit Card,43732.25,Success,2023-06-23,43732.25,20230623,0.0
PAY0003968,ORD003968,2024-01-13,Cash on Delivery,2531.98,Failed,2024-01-13,2531.98,20240113,0.0
PAY0003969,ORD003969,2023-10-10,Debit Card,36436.59,Success,2023-10-07,36436.590000000004,20231007,7.275957614183426e-12
PAY0003970,ORD003970,2024-09-15,Debit Card,22784.88,Success,2024-09-15,19912.809999999998,20240915,-2872.0700000000033
PAY0003971,ORD003971,2024-08-13,Cash on Delivery,8568.1,Pending,2024-08-11,8568.1,20240811,0.0
PAY0003972,ORD003972,2024-04-27,Wallet,19145.71,Success,2024-04-25,19145.71,20240425,0.0
PAY0003973,ORD003973,2023-04-19,Cash on Delivery,21304.98,Success,2023-04-16,21304.98,20230416,0.0
PAY0003974,ORD003974,2023-12-18,Debit Card,16602.94,Success,2023-12-16,16602.94,20231216,0.0
PAY0003975,ORD003975,2024-10-10,Debit Card,15970.08,Success,2024-10-09,15970.08,20241009,0.0
PAY0003976,ORD003976,2024-03-08,UPI,6215.91,Failed,2024-03-05,6215.91,20240305,0.0
PAY0003977,ORD003977,2024-05-15,Debit Card,9208.49,Success,2024-05-12,9208.49,20240512,0.0
PAY0003978,ORD003978,2023-05-14,Wallet,22650.120000000003,Success,2023-05-13,22650.120000000003,20230513,0.0
PAY0003979,ORD003979,2023-04-17,Debit Card,2141.94,Success,2023-04-17,2141.94,20230417,0.0
PAY0003980,ORD003980,2023-10-31,UPI,8575.55,Success,2023-10-28,8575.55,20231028,0.0
PAY0003981,ORD003981,2024-01-20,Cash on Delivery,6547.46,Success,2024-01-18,6547.46,20240118,0.0
PAY0003982,ORD003982,2024-08-29,Net Banking,4487.59,Success,2024-08-27,4487.59,20240827,0.0
PAY0003983,ORD003983,2023-11-27,UPI,2168.94,Success,2023-11-27,2168.94,20231127,0.0
PAY0003984,ORD003984,2023-06-11,Wallet,7182.12,Success,2023-06-08,7182.12,20230608,0.0
PAY0003985,ORD003985,2023-10-26,Wallet,19859.23,Pending,2023-10-25,19859.23,20231025,0.0
PAY0003986,ORD003986,2023-11-29,Credit Card,31971.47,Success,2023-11-29,31971.47,20231129,0.0
PAY0003987,ORD003987,2024-09-30,Net Banking,35429.73,Success,2024-09-28,35429.73,20240928,0.0
PAY0003988,ORD003988,2024-10-03,UPI,57634.60999999999,Success,2024-10-01,57634.61,20241001,7.275957614183426e-12
PAY0003989,ORD003989,2023-02-27,Wallet,18999.82,Success,2023-02-24,18999.82,20230224,0.0
PAY0003990,ORD003990,2024-03-25,Net Banking,4329.19,Success,2024-03-24,4329.19,20240324,0.0
PAY0003991,ORD003991,2023-05-14,Net Banking,17699.83,Success,2023-05-12,17699.83,20230512,0.0
PAY0003992,ORD003992,2023-08-17,Debit Card,22049.32,Success,2023-08-15,22049.32,20230815,0.0
PAY0003993,ORD003993,2024-05-09,Cash on Delivery,5289.55,Success,2024-05-08,5289.55,20240508,0.0
PAY0003994,ORD003994,2023-05-14,UPI,6995.58,Success,2023-05-14,6995.58,20230514,0.0
PAY0003995,ORD003995,2023-05-25,UPI,37916.26,Success,2023-05-25,37916.259999999995,20230525,-7.275957614183426e-12
PAY0003996,ORD003996,2023-03-13,Wallet,8988.77,Pending,2023-03-12,8988.77,20230312,0.0
PAY0003997,ORD003997,2023-07-03,Wallet,18702.5,Success,2023-07-03,18702.5,20230703,0.0
PAY0003998,ORD003998,2024-06-03,Credit Card,1346.97,Pending,2024-06-03,1346.97,20240603,0.0
PAY0003999,ORD003999,2023-02-22,Debit Card,12381.64,Success,2023-02-19,12381.64,20230219,0.0
PAY0004000,ORD004000,2024-05-31,Credit Card,8765.619999999999,Success,2024-05-31,8765.619999999999,20240531,0.0
PAY0004001,ORD004001,2024-03-06,UPI,13251.66,Success,2024-03-05,13251.66,20240305,0.0
PAY0004002,ORD004002,2023-07-24,Cash on Delivery,5324.700000000001,Success,2023-07-23,5324.700000000001,20230723,0.0
PAY0004003,ORD004003,2024-12-03,Cash on Delivery,14856.8,Success,2024-12-01,14856.8,20241201,0.0
PAY0004004,ORD004004,2024-05-27,UPI,15710.759999999998,Success,2024-05-25,15710.759999999998,20240525,0.0
PAY0004005,ORD004005,2024-04-13,Credit Card,8409.15,Success,2024-04-12,8409.15,20240412,0.0
PAY0004006,ORD004006,2023-08-05,UPI,21780.94,Success,2023-08-02,21780.940000000002,20230802,3.637978807091713e-12
PAY0004007,ORD004007,2023-07-27,Cash on Delivery,8575.86,Success,2023-07-26,9577.380000000001,20230726,1001.5200000000004
PAY0004008,ORD004008,2024-08-10,UPI,19647.11,Success,2024-08-10,19647.11,20240810,0.0
PAY0004009,ORD004009,2023-07-19,Debit Card,6300.23,Success,2023-07-16,6300.23,20230716,0.0
PAY0004010,ORD004010,2023-11-15,Cash on Delivery,6034.67,Success,2023-11-15,6034.67,20231115,0.0
PAY0004011,ORD004011,2023-05-28,UPI,6551.870000000001,Success,2023-05-27,6551.870000000001,20230527,0.0
PAY0004012,ORD004012,2023-01-17,Cash on Delivery,26358.02,Pending,2023-01-15,26358.019999999997,20230115,-3.637978807091713e-12
PAY0004013,ORD004013,2023-11-10,Net Banking,3645.25,Success,2023-11-10,3645.25,20231110,0.0
PAY0004014,ORD004014,2023-10-23,UPI,11304.29,Success,2023-10-20,11304.29,20231020,0.0
PAY0004015,ORD004015,2024-04-09,Cash on Delivery,35512.81,Success,2024-04-09,35512.81,20240409,0.0
PAY0004016,ORD004016,2024-05-04,Wallet,15101.009999999998,Success,2024-05-04,15101.009999999998,20240504,0.0
PAY0004017,ORD004017,2024-06-03,Wallet,7029.43,Success,2024-06-03,7029.43,20240603,0.0
PAY0004018,ORD004018,2024-07-05,Wallet,25679.76,Pending,2024-07-03,25679.760000000002,20240703,3.637978807091713e-12
PAY0004019,ORD004019,2024-11-17,Cash on Delivery,21243.49,Success,2024-11-16,21243.49,20241116,0.0
PAY0004020,ORD004020,2024-01-30,UPI,42916.71,Success,2024-01-29,42916.71,20240129,0.0
PAY0004021,ORD004021,2023-10-12,Cash on Delivery,9875.78,Success,2023-10-10,9875.78,20231010,0.0
PAY0004022,ORD004022,2023-11-29,Net Banking,9634.05,Success,2023-11-26,9634.050000000001,20231126,1.8189894035458565e-12
PAY0004023,ORD004023,2023-06-26,Cash on Delivery,3205.4,Pending,2023-06-23,3205.4,20230623,0.0
PAY0004024,ORD004024,2024-01-10,Credit Card,17325.92,Success,2024-01-10,17325.92,20240110,0.0
PAY0004025,ORD004025,2024-04-28,Cash on Delivery,3830.32,Failed,2024-04-26,3830.3199999999997,20240426,-4.547473508864641e-13
PAY0004026,ORD004026,2024-01-21,Net Banking,8182.59,Success,2024-01-20,8182.59,20240120,0.0
PAY0004027,ORD004027,2024-05-17,Net Banking,41722.9,Success,2024-05-16,41722.9,20240516,0.0
PAY0004028,ORD004028,2023-03-03,Cash on Delivery,3383.19,Success,2023-02-28,3383.19,20230228,0.0
PAY0004029,ORD004029,2024-10-14,Wallet,22558.35,Success,2024-10-12,22558.35,20241012,0.0
PAY0004030,ORD004030,2024-03-01,Wallet,2803.77,Success,2024-02-28,2803.77,20240228,0.0
PAY0004031,ORD004031,2023-05-14,Credit Card,12315.32,Success,2023-05-11,12315.32,20230511,0.0
PAY0004032,ORD004032,2024-05-14,Net Banking,18494.43,Refunded,2024-05-14,18494.43,20240514,0.0
PAY0004033,ORD004033,2023-05-09,Net Banking,26870.56,Success,2023-05-09,26870.559999999998,20230509,-3.637978807091713e-12
PAY0004034,ORD004034,2023-04-06,Cash on Delivery,24174.72,Success,2023-04-03,24174.72,20230403,0.0
PAY0004035,ORD004035,2024-06-05,Debit Card,12616.1,Success,2024-06-04,12616.1,20240604,0.0
PAY0004036,ORD004036,2024-03-03,Credit Card,3365.3,Success,2024-03-01,3365.3,20240301,0.0
PAY0004037,ORD004037,2023-02-15,UPI,26371.08,Success,2023-02-14,26371.079999999998,20230214,-3.637978807091713e-12
PAY0004038,ORD004038,2024-10-18,UPI,32253.23,Success,2024-10-16,32253.23,20241016,0.0
PAY0004039,ORD004039,2023-04-30,Wallet,1960.53,Failed,2023-04-30,1960.53,20230430,0.0
PAY0004040,ORD004040,2023-05-16,Cash on Delivery,37680.84,Success,2023-05-15,37680.84,20230515,0.0
PAY0004041,ORD004041,2024-02-20,Cash on Delivery,198.83,Success,2024-02-18,198.83,20240218,0.0
PAY0004042,ORD004042,2024-04-06,Net Banking,17803.760000000002,Success,2024-04-06,17803.760000000002,20240406,0.0
PAY0004043,ORD004043,2024-07-20,Wallet,31555.56,Success,2024-07-20,31555.56,20240720,0.0
PAY0004044,ORD004044,2023-03-29,Wallet,25423.43,Failed,2023-03-29,22478.68,20230329,-2944.75
PAY0004045,ORD004045,2023-09-24,Cash on Delivery,11657.51,Success,2023-09-24,11657.51,20230924,0.0
PAY0004046,ORD004046,2023-03-23,Wallet,11371.87,Success,2023-03-22,11371.87,20230322,0.0
PAY0004047,ORD004047,2023-10-17,Credit Card,20694.17,Success,2023-10-16,20694.17,20231016,0.0
PAY0004048,ORD004048,2023-04-24,Cash on Delivery,17229.7,Failed,2023-04-21,17229.7,20230421,0.0
PAY0004049,ORD004049,2024-12-02,Debit Card,16621.75,Success,2024-11-29,16621.75,20241129,0.0
PAY0004050,ORD004050,2023-01-06,UPI,532.72,Success,2023-01-05,532.72,20230105,0.0
PAY0004051,ORD004051,2024-04-27,Net Banking,4894.59,Success,2024-04-26,4894.59,20240426,0.0
PAY0004052,ORD004052,2024-06-22,Credit Card,803.67,Success,2024-06-19,803.67,20240619,0.0
PAY0004053,ORD004053,2023-02-06,UPI,8153.69,Success,2023-02-06,8153.69,20230206,0.0
PAY0004054,ORD004054,2024-06-21,Net Banking,16732.23,Success,2024-06-20,16732.23,20240620,0.0
PAY0004055,ORD004055,2023-05-12,Net Banking,40355.48,Success,2023-05-11,40355.479999999996,20230511,-7.275957614183426e-12
PAY0004056,ORD004056,2024-06-03,Credit Card,15506.34,Success,2024-06-03,15506.34,20240603,0.0
PAY0004057,ORD004057,2024-11-19,UPI,2869.82,Pending,2024-11-19,2869.82,20241119,0.0
PAY0004058,ORD004058,2024-11-10,UPI,22530.64,Success,2024-11-08,22530.64,20241108,0.0
PAY0004059,ORD004059,2023-04-19,Wallet,28150.76,Failed,2023-04-16,28150.76,20230416,0.0
PAY0004060,ORD004060,2023-02-01,Debit Card,63572.56,Success,2023-01-31,63572.56,20230131,0.0
PAY0004061,ORD004061,2024-10-28,Cash on Delivery,179.89,Success,2024-10-28,179.89,20241028,0.0
PAY0004062,ORD004062,2023-06-12,Credit Card,20247.44,Refunded,2023-06-12,20247.44,20230612,0.0
PAY0004063,ORD004063,2024-12-03,UPI,9944.6,Success,2024-12-01,9944.599999999999,20241201,-1.8189894035458565e-12
PAY0004064,ORD004064,2023-02-02,Cash on Delivery,24040.56,Failed,2023-02-01,24040.56,20230201,0.0
PAY0004065,ORD004065,2024-11-15,Net Banking,3179.14,Success,2024-11-13,3179.14,20241113,0.0
PAY0004066,ORD004066,2023-05-11,Net Banking,794.59,Success,2023-05-10,794.59,20230510,0.0
PAY0004067,ORD004067,2024-08-20,Credit Card,5555.63,Success,2024-08-19,5555.63,20240819,0.0
PAY0004068,ORD004068,2024-05-28,Wallet,5910.44,Success,2024-05-28,5910.44,20240528,0.0
PAY0004069,ORD004069,2023-12-05,Debit Card,14106.9,Success,2023-12-04,14106.9,20231204,0.0
PAY0004070,ORD004070,2023-03-17,Net Banking,32101.23,Success,2023-03-15,32101.23,20230315,0.0
PAY0004071,ORD004071,2024-06-04,Wallet,21464.7,Success,2024-06-03,21464.7,20240603,0.0
PAY0004072,ORD004072,2024-08-24,Debit Card,5791.83,Success,2024-08-24,5791.83,20240824,0.0
PAY0004073,ORD004073,2023-03-31,Wallet,7089.43,Success,2023-03-28,7089.43,20230328,0.0
PAY0004074,ORD004074,2023-05-19,Net Banking,3802.74,Refunded,2023-05-18,3802.74,20230518,0.0
PAY0004075,ORD004075,2024-08-02,Debit Card,22939.49,Success,2024-07-31,22939.489999999998,20240731,-3.637978807091713e-12
PAY0004076,ORD004076,2024-08-18,UPI,23958.82,Success,2024-08-17,26900.370000000003,20240817,2941.550000000003
PAY0004077,ORD004077,2024-04-16,Cash on Delivery,18281.51,Success,2024-04-14,18281.510000000002,20240414,3.637978807091713e-12
PAY0004078,ORD004078,2024-07-05,Wallet,4790.18,Pending,2024-07-02,4790.18,20240702,0.0
PAY0004079,ORD004079,2024-08-21,UPI,14425.23,Success,2024-08-19,14425.23,20240819,0.0
PAY0004080,ORD004080,2024-06-12,Credit Card,5633.46,Success,2024-06-11,5633.46,20240611,0.0
PAY0004081,ORD004081,2024-08-31,Credit Card,5635.51,Success,2024-08-28,5635.51,20240828,0.0
PAY0004082,ORD004082,2023-04-03,Credit Card,3472.93,Success,2023-03-31,3472.93,20230331,0.0
PAY0004083,ORD004083,2024-11-20,UPI,6828.6,Success,2024-11-18,6828.6,20241118,0.0
PAY0004084,ORD004084,2023-05-21,Cash on Delivery,15288.85,Pending,2023-05-20,15288.85,20230520,0.0
PAY0004085,ORD004085,2024-07-18,Wallet,20029.08,Success,2024-07-17,20029.08,20240717,0.0
PAY0004086,ORD004086,2024-09-26,Cash on Delivery,29367.64,Success,2024-09-24,29367.64,20240924,0.0
PAY0004087,ORD004087,2023-01-21,Credit Card,546.18,Success,2023-01-18,546.18,20230118,0.0
PAY0004088,ORD004088,2024-01-08,Credit Card,15043.16,Success,2024-01-06,15043.16,20240106,0.0
PAY0004089,ORD004089,2023-12-25,Credit Card,2604.37,Success,2023-12-22,2604.37,20231222,0.0
PAY0004090,ORD004090,2024-08-26,UPI,3319.0,Refunded,2024-08-26,3319.0,20240826,0.0
PAY0004091,ORD004091,2023-07-28,Wallet,895.09,Success,2023-07-26,895.09,20230726,0.0
PAY0004092,ORD004092,2023-12-18,Credit Card,1358.82,Success,2023-12-16,1451.31,20231216,92.49000000000001
PAY0004093,ORD004093,2024-11-09,UPI,21404.4,Success,2024-11-07,21404.4,20241107,0.0
PAY0004094,ORD004094,2023-06-14,Debit Card,260.84,Success,2023-06-14,260.84,20230614,0.0
PAY0004095,ORD004095,2024-03-10,Credit Card,20724.06,Success,2024-03-08,19057.11,20240308,-1666.9500000000007
PAY0004096,ORD004096,2023-02-21,Cash on Delivery,35758.91,Success,2023-02-19,35758.91,20230219,0.0
PAY0004097,ORD004097,2023-10-29,UPI,52354.73,Success,2023-10-28,52354.729999999996,20231028,-7.275957614183426e-12
PAY0004098,ORD004098,2023-02-14,Cash on Delivery,32736.0,Success,2023-02-11,32736.0,20230211,0.0
PAY0004099,ORD004099,2024-04-06,Wallet,5296.2,Success,2024-04-06,5296.2,20240406,0.0
PAY0004100,ORD004100,2024-10-07,UPI,4357.15,Success,2024-10-07,4658.99,20241007,301.84000000000015
PAY0004101,ORD004101,2024-10-14,Cash on Delivery,28592.71,Success,2024-10-13,28592.71,20241013,0.0
PAY0004102,ORD004102,2024-06-28,Cash on Delivery,6945.86,Success,2024-06-27,6945.86,20240627,0.0
PAY0004103,ORD004103,2023-07-26,Cash on Delivery,4914.33,Success,2023-07-25,4914.33,20230725,0.0
PAY0004104,ORD004104,2024-11-01,Debit Card,32397.38,Success,2024-11-01,32397.38,20241101,0.0
PAY0004105,ORD004105,2024-11-05,Net Banking,20068.19,Success,2024-11-02,19105.52,20241102,-962.6699999999983
PAY0004106,ORD004106,2024-08-14,Cash on Delivery,1522.67,Success,2024-08-14,1522.67,20240814,0.0
PAY0004107,ORD004107,2024-08-01,Credit Card,22735.3,Success,2024-08-01,22735.3,20240801,0.0
PAY0004108,ORD004108,2023-05-24,Wallet,1804.74,Success,2023-05-23,1804.7399999999998,20230523,-2.2737367544323206e-13
PAY0004109,ORD004109,2024-03-19,Cash on Delivery,14407.9,Success,2024-03-16,14407.9,20240316,0.0
PAY0004110,ORD004110,2023-03-14,Credit Card,50199.93000000001,Success,2023-03-14,50199.93000000001,20230314,0.0
PAY0004111,ORD004111,2024-09-18,Cash on Delivery,21658.5,Success,2024-09-18,21658.5,20240918,0.0
PAY0004112,ORD004112,2023-01-23,Wallet,13963.56,Success,2023-01-22,13963.560000000001,20230122,1.8189894035458565e-12
PAY0004113,ORD004113,2024-11-13,Credit Card,10478.2,Success,2024-11-11,10478.2,20241111,0.0
PAY0004114,ORD004114,2024-01-28,Net Banking,1568.42,Success,2024-01-27,1568.42,20240127,0.0
PAY0004115,ORD004115,2024-07-28,UPI,8633.3,Refunded,2024-07-26,8633.3,20240726,0.0
PAY0004116,ORD004116,2023-03-23,Wallet,-5242.33,Success,2023-03-21,-5242.33,20230321,0.0
PAY0004117,ORD004117,2024-02-22,UPI,4203.77,Failed,2024-02-20,4203.77,20240220,0.0
PAY0004118,ORD004118,2024-07-22,Cash on Delivery,3197.04,Success,2024-07-19,3197.04,20240719,0.0
PAY0004119,ORD004119,2024-03-30,Credit Card,3435.2,Success,2024-03-30,3435.2,20240330,0.0
PAY0004120,ORD004120,2023-09-04,UPI,15557.47,Success,2023-09-01,16304.97,20230901,747.5
PAY0004121,ORD004121,2024-05-10,Credit Card,3721.22,Failed,2024-05-08,3721.22,20240508,0.0
PAY0004122,ORD004122,2024-11-12,Net Banking,50097.95,Success,2024-11-09,50097.95,20241109,0.0
PAY0004123,ORD004123,2023-07-15,UPI,33915.81,Success,2023-07-13,33915.81,20230713,0.0
PAY0004124,ORD004124,2023-04-11,Wallet,226.78,Failed,2023-04-08,226.78,20230408,0.0
PAY0004125,ORD004125,2024-03-30,Net Banking,18958.66,Success,2024-03-30,18958.66,20240330,0.0
PAY0004126,ORD004126,2024-07-01,Credit Card,10489.08,Success,2024-06-28,10489.08,20240628,0.0
PAY0004127,ORD004127,2024-08-11,Debit Card,10903.5,Success,2024-08-10,10903.5,20240810,0.0
PAY0004128,ORD004128,2023-04-28,Net Banking,1075.34,Success,2023-04-25,1075.34,20230425,0.0
PAY0004129,ORD004129,2023-03-19,Debit Card,14037.95,Success,2023-03-18,14037.95,20230318,0.0
PAY0004130,ORD004130,2024-03-02,Cash on Delivery,21287.66,Success,2024-03-02,21287.66,20240302,0.0
PAY0004131,ORD004131,2023-07-30,Net Banking,14617.56,Success,2023-07-27,14617.56,20230727,0.0
PAY0004132,ORD004132,2023-03-05,Credit Card,15766.7,Success,2023-03-03,15766.7,20230303,0.0
PAY0004133,ORD004133,2023-12-19,UPI,1704.64,Success,2023-12-19,1704.64,20231219,0.0
PAY0004134,ORD004134,2023-09-09,Debit Card,7391.38,Success,2023-09-08,7391.38,20230908,0.0
PAY0004135,ORD004135,2024-04-10,Debit Card,751.87,Success,2024-04-07,751.87,20240407,0.0
PAY0004136,ORD004136,2025-10-15,UPI,3078.83,Success,2025-10-15,3078.83,20251015,0.0
PAY0004137,ORD004137,2023-06-22,Wallet,13473.42,Success,2023-06-20,13473.42,20230620,0.0
PAY0004138,ORD004138,2023-04-01,Cash on Delivery,1047.5,Refunded,2023-04-01,1047.5,20230401,0.0
PAY0004139,ORD004139,2024-06-10,UPI,1182.9300000000003,Success,2024-06-07,1182.9300000000003,20240607,0.0
PAY0004140,ORD004140,2024-03-04,Credit Card,1182.71,Success,2024-03-03,1182.71,20240303,0.0
PAY0004141,ORD004141,2024-12-02,Debit Card,32809.85,Success,2024-12-01,32809.85,20241201,0.0
PAY0004142,ORD004142,2023-07-09,Net Banking,15244.46,Success,2023-07-09,15244.46,20230709,0.0
PAY0004143,ORD004143,2023-06-11,Cash on Delivery,45233.17,Success,2023-06-08,45233.17,20230608,0.0
PAY0004144,ORD004144,2023-08-18,Cash on Delivery,1818.39,Success,2023-08-17,1818.39,20230817,0.0
PAY0004145,ORD004145,2023-07-11,Net Banking,10054.75,Pending,2023-07-09,10054.75,20230709,0.0
PAY0004146,ORD004146,2024-01-06,Cash on Delivery,2025.14,Success,2024-01-05,2025.14,20240105,0.0
PAY0004147,ORD004147,2023-11-22,Wallet,15257.86,Success,2023-11-22,15257.86,20231122,0.0
PAY0004148,ORD004148,2023-02-22,Net Banking,9332.37,Success,2023-02-22,9332.369999999999,20230222,-1.8189894035458565e-12
PAY0004149,ORD004149,2024-06-03,Cash on Delivery,9527.09,Success,2024-06-01,9527.09,20240601,0.0
PAY0004150,ORD004150,2023-01-12,UPI,11913.78,Success,2023-01-10,11913.78,20230110,0.0
PAY0004151,ORD004151,2023-04-15,Cash on Delivery,2476.65,Success,2023-04-13,2476.65,20230413,0.0
PAY0004152,ORD004152,2023-06-04,Cash on Delivery,14759.27,Success,2023-06-01,14759.27,20230601,0.0
PAY0004153,ORD004153,2024-07-04,UPI,17993.33,Success,2024-07-03,17993.33,20240703,0.0
PAY0004154,ORD004154,2023-02-24,Debit Card,21707.22,Success,2023-02-21,21707.22,20230221,0.0
PAY0004155,ORD004155,2023-06-27,Wallet,8011.14,Pending,2023-06-24,8011.14,20230624,0.0
PAY0004156,ORD004156,2024-02-09,Debit Card,5959.87,Success,2024-02-09,5959.87,20240209,0.0
PAY0004157,ORD004157,2024-07-23,Debit Card,15694.11,Success,2024-07-21,15694.109999999999,20240721,-1.8189894035458565e-12
PAY0004158,ORD004158,2024-06-12,Cash on Delivery,11892.45,Success,2024-06-10,11892.45,20240610,0.0
PAY0004159,ORD004159,2024-09-18,Cash on Delivery,4256.93,Success,2024-09-15,4256.93,20240915,0.0
PAY0004160,ORD004160,2023-10-18,Cash on Delivery,19343.0,Success,2023-10-16,19343.0,20231016,0.0
PAY0004161,ORD004161,2024-10-29,Debit Card,17361.23,Success,2024-10-29,17361.23,20241029,0.0
PAY0004162,ORD004162,2023-03-07,Net Banking,2615.05,Success,2023-03-04,2615.05,20230304,0.0
PAY0004163,ORD004163,2023-05-28,Debit Card,31621.09,Success,2023-05-28,31621.09,20230528,0.0
PAY0004164,ORD004164,2024-07-01,Debit Card,14119.3,Success,2024-06-30,14119.3,20240630,0.0
PAY0004165,ORD004165,2023-12-27,Net Banking,32554.4,Success,2023-12-27,32554.4,20231227,0.0
PAY0004166,ORD004166,2023-02-07,Net Banking,10102.16,Pending,2023-02-07,10102.16,20230207,0.0
PAY0004167,ORD004167,2024-02-03,Credit Card,14220.96,Success,2024-02-03,14220.96,20240203,0.0
PAY0004168,ORD004168,2023-09-28,Cash on Delivery,28919.96,Success,2023-09-26,28919.96,20230926,0.0
PAY0004169,ORD004169,2023-05-18,Cash on Delivery,11511.52,Failed,2023-05-18,11511.52,20230518,0.0
PAY0004170,ORD004170,2024-07-14,Debit Card,18087.59,Success,2024-07-12,18087.59,20240712,0.0
PAY0004171,ORD004171,2023-03-20,Cash on Delivery,3958.75,Success,2023-03-19,3958.75,20230319,0.0
PAY0004172,ORD004172,2023-08-07,Credit Card,40309.21,Success,2023-08-05,40309.21,20230805,0.0
PAY0004173,ORD004173,2024-04-16,Credit Card,8700.2,Success,2024-04-16,8700.2,20240416,0.0
PAY0004174,ORD004174,2024-09-24,Credit Card,677.52,Failed,2024-09-23,677.52,20240923,0.0
PAY0004175,ORD004175,2024-10-16,Credit Card,16940.54,Success,2024-10-16,19191.06,20241016,2250.5200000000004
PAY0004176,ORD004176,2023-12-15,UPI,3001.6400000000003,Success,2023-12-14,3001.6400000000003,20231214,0.0
PAY0004177,ORD004177,2024-04-14,Net Banking,13139.03,Refunded,2024-04-11,12505.99,20240411,-633.0400000000009
PAY0004178,ORD004178,2024-07-22,Net Banking,4225.59,Success,2024-07-19,4225.59,20240719,0.0
PAY0004179,ORD004179,2024-06-03,Wallet,22707.58,Success,2024-06-03,22707.58,20240603,0.0
PAY0004180,ORD004180,2024-11-29,Debit Card,15238.28,Success,2024-11-27,15238.279999999999,20241127,-1.8189894035458565e-12
PAY0004181,ORD004181,2023-05-07,Debit Card,6712.93,Success,2023-05-04,6712.93,20230504,0.0
PAY0004182,ORD004182,2023-12-04,Credit Card,4343.87,Success,2023-12-02,4343.87,20231202,0.0
PAY0004183,ORD004183,2024-09-07,UPI,7389.78,Success,2024-09-06,7389.78,20240906,0.0
PAY0004184,ORD004184,2024-01-10,Cash on Delivery,2996.3,Success,2024-01-10,2996.3,20240110,0.0
PAY0004185,ORD004185,2024-07-28,UPI,3688.66,Success,2024-07-28,3688.66,20240728,0.0
PAY0004186,ORD004186,2024-05-08,Credit Card,8440.81,Success,2024-05-08,8440.81,20240508,0.0
PAY0004187,ORD004187,2023-06-08,Debit Card,44691.5,Success,2023-06-08,44691.5,20230608,0.0
PAY0004188,ORD004188,2023-01-28,Net Banking,12600.39,Success,2023-01-27,12600.39,20230127,0.0
PAY0004189,ORD004189,2023-05-14,Cash on Delivery,8641.119999999999,Success,2023-05-12,8641.119999999999,20230512,0.0
PAY0004190,ORD004190,2024-11-18,UPI,5710.15,Success,2024-11-18,5710.15,20241118,0.0
PAY0004191,ORD004191,2023-05-01,UPI,23403.94,Success,2023-05-01,23403.94,20230501,0.0
PAY0004192,ORD004192,2024-09-23,Net Banking,18200.61,Pending,2024-09-21,18200.61,20240921,0.0
PAY0004193,ORD004193,2024-08-06,Net Banking,11452.75,Success,2024-08-04,11452.75,20240804,0.0
PAY0004194,ORD004194,2023-02-03,Debit Card,1460.84,Success,2023-01-31,1460.84,20230131,0.0
PAY0004195,ORD004195,2024-06-27,Debit Card,7714.13,Success,2024-06-26,7714.13,20240626,0.0
PAY0004196,ORD004196,2023-10-12,Wallet,5864.04,Success,2023-10-12,5864.04,20231012,0.0
PAY0004197,ORD004197,2024-01-24,Credit Card,31005.97,Refunded,2024-01-23,31005.97,20240123,0.0
PAY0004198,ORD004198,2024-07-25,UPI,5615.48,Success,2024-07-25,5615.48,20240725,0.0
PAY0004199,ORD004199,2024-05-28,Debit Card,5379.4,Success,2024-05-28,5379.4,20240528,0.0
PAY0004200,ORD004200,2024-10-02,Net Banking,45234.15,Success,2024-10-02,45234.15,20241002,0.0
PAY0004201,ORD004201,2024-02-17,Net Banking,11776.56,Success,2024-02-16,11776.56,20240216,0.0
PAY0004202,ORD004202,2024-01-19,Wallet,13956.36,Failed,2024-01-18,13956.36,20240118,0.0
PAY0004203,ORD004203,2023-08-13,UPI,9966.13,Success,2023-08-11,9966.130000000001,20230811,1.8189894035458565e-12
PAY0004204,ORD004204,2023-11-19,Net Banking,31848.520000000004,Success,2023-11-19,31848.520000000004,20231119,0.0
PAY0004205,ORD004205,2024-05-17,Net Banking,989.3,Success,2024-05-14,989.3,20240514,0.0
PAY0004206,ORD004206,2023-01-12,Cash on Delivery,8497.54,Success,2023-01-12,8497.54,20230112,0.0
PAY0004207,ORD004207,2024-02-12,Cash on Delivery,26919.27,Success,2024-02-11,26919.27,20240211,0.0
PAY0004208,ORD004208,2024-04-26,Credit Card,621.23,Success,2024-04-24,621.23,20240424,0.0
PAY0004209,ORD004209,2024-09-11,UPI,14062.44,Success,2024-09-08,14062.439999999999,20240908,-1.8189894035458565e-12
PAY0004210,ORD004210,2024-11-19,Net Banking,11273.39,Success,2024-11-19,11273.39,20241119,0.0
PAY0004211,ORD004211,2023-02-10,Wallet,3957.97,Success,2023-02-10,3957.9700000000003,20230210,4.547473508864641e-13
PAY0004212,ORD004212,2023-12-14,UPI,8889.95,Pending,2023-12-11,8889.95,20231211,0.0
PAY0004213,ORD004213,2024-11-13,Net Banking,6300.23,Success,2024-11-10,6300.23,20241110,0.0
PAY0004214,ORD004214,2024-07-11,Debit Card,48345.38,Success,2024-07-08,48345.38,20240708,0.0
PAY0004215,ORD004215,2023-10-28,Credit Card,657.97,Success,2023-10-28,657.97,20231028,0.0
PAY0004216,ORD004216,2024-10-03,Cash on Delivery,860.5,Success,2024-10-01,860.5,20241001,0.0
PAY0004217,ORD004217,2023-04-17,UPI,1360.56,Failed,2023-04-17,1552.76,20230417,192.20000000000005
PAY0004218,ORD004218,2024-11-25,Net Banking,27433.86,Success,2024-11-24,27433.86,20241124,0.0
PAY0004219,ORD004219,2024-06-02,Debit Card,46892.53,Success,2024-06-02,46892.53,20240602,0.0
PAY0004220,ORD004220,2023-02-02,Credit Card,627.62,Success,2023-02-02,627.62,20230202,0.0
PAY0004221,ORD004221,2024-04-07,UPI,1439.94,Success,2024-04-05,1439.94,20240405,0.0
PAY0004222,ORD004222,2024-07-19,Net Banking,19642.25,Success,2024-07-16,19642.25,20240716,0.0
PAY0004223,ORD004223,2023-06-23,Wallet,8958.39,Pending,2023-06-20,8958.39,20230620,0.0
PAY0004224,ORD004224,2024-01-11,Cash on Delivery,24197.15,Success,2024-01-11,24197.15,20240111,0.0
PAY0004225,ORD004225,2023-01-29,Net Banking,576.16,Success,2023-01-27,576.16,20230127,0.0
PAY0004226,ORD004226,2023-12-09,Net Banking,38315.07,Success,2023-12-09,38315.07,20231209,0.0
PAY0004227,ORD004227,2023-08-10,Debit Card,2790.22,Success,2023-08-08,2790.22,20230808,0.0
PAY0004228,ORD004228,2024-05-23,Credit Card,1456.17,Success,2024-05-20,1456.17,20240520,0.0
PAY0004229,ORD004229,2024-09-20,Net Banking,3504.39,Pending,2024-09-18,3504.39,20240918,0.0
PAY0004230,ORD004230,2023-02-09,Credit Card,12343.55,Success,2023-02-07,12343.55,20230207,0.0
PAY0004231,ORD004231,2023-02-24,Wallet,21809.16,Success,2023-02-22,21809.16,20230222,0.0
PAY0004232,ORD004232,2023-06-14,Wallet,52238.75,Success,2023-06-12,52238.75,20230612,0.0
PAY0004233,ORD004233,2024-11-11,Wallet,5845.46,Success,2024-11-08,5845.46,20241108,0.0
PAY0004234,ORD004234,2023-10-03,Net Banking,20828.65,Success,2023-10-01,20828.65,20231001,0.0
PAY0004235,ORD004235,2024-01-21,Debit Card,11877.58,Failed,2024-01-19,11877.58,20240119,0.0
PAY0004236,ORD004236,2023-10-10,Cash on Delivery,7089.43,Success,2023-10-10,7089.43,20231010,0.0
PAY0004237,ORD004237,2024-11-14,Wallet,17351.059999999998,Success,2024-11-13,17351.06,20241113,3.637978807091713e-12
PAY0004238,ORD004238,2023-05-28,Cash on Delivery,10095.9,Success,2023-05-27,10095.9,20230527,0.0
PAY0004239,ORD004239,2024-05-04,Net Banking,40482.66,Failed,2024-05-03,40482.659999999996,20240503,-7.275957614183426e-12
PAY0004240,ORD004240,2024-05-02,Wallet,4643.97,Success,2024-05-01,4643.97,20240501,0.0
PAY0004241,ORD004241,2023-12-25,UPI,7134.8,Success,2023-12-25,7134.8,20231225,0.0
PAY0004242,ORD004242,2024-11-30,UPI,13462.65,Success,2024-11-29,13462.65,20241129,0.0
PAY0004243,ORD004243,2023-04-25,Net Banking,15413.76,Success,2023-04-24,15413.76,20230424,0.0
PAY0004244,ORD004244,2025-03-27,Debit Card,23212.09,Success,2025-03-25,23212.09,20250325,0.0
PAY0004245,ORD004245,2023-07-05,Credit Card,7650.65,Success,2023-07-02,7650.65,20230702,0.0
PAY0004246,ORD004246,2023-08-07,Wallet,13152.8,Success,2023-08-04,13152.8,20230804,0.0
PAY0004247,ORD004247,2024-02-14,UPI,14203.32,Success,2024-02-12,14203.32,20240212,0.0
PAY0004248,ORD004248,2023-11-18,UPI,3666.68,Success,2023-11-16,3666.68,20231116,0.0
PAY0004249,ORD004249,2023-11-16,Credit Card,21241.75,Success,2023-11-13,21241.75,20231113,0.0
PAY0004250,ORD004250,2024-01-30,Credit Card,969.85,Success,2024-01-29,969.85,20240129,0.0
PAY0004251,ORD004251,2024-11-30,Credit Card,14928.38,Success,2024-11-29,16286.140000000001,20241129,1357.760000000002
PAY0004252,ORD004252,2023-12-29,Credit Card,5525.78,Success,2023-12-26,5525.78,20231226,0.0
PAY0004253,ORD004253,2024-04-30,Net Banking,8661.51,Failed,2024-04-27,8661.51,20240427,0.0
PAY0004254,ORD004254,2024-03-18,Debit Card,4381.99,Success,2024-03-18,4381.99,20240318,0.0
PAY0004255,ORD004255,2023-08-28,Wallet,12600.46,Success,2023-08-28,12600.46,20230828,0.0
PAY0004256,ORD004256,2024-08-01,Net Banking,5163.15,Success,2024-08-01,5163.15,20240801,0.0
PAY0004257,ORD004257,2024-03-23,Net Banking,18833.51,Success,2024-03-20,18833.510000000002,20240320,3.637978807091713e-12
PAY0004258,ORD004258,2023-09-04,Credit Card,26958.74,Success,2023-09-03,27687.519999999997,20230903,728.7799999999952
PAY0004259,ORD004259,2023-08-17,Net Banking,5962.8,Success,2023-08-17,5962.8,20230817,0.0
PAY0004260,ORD004260,2023-12-08,Credit Card,12500.64,Success,2023-12-07,12500.64,20231207,0.0
PAY0004261,ORD004261,2024-01-12,UPI,15507.580000000002,Failed,2024-01-12,15507.580000000002,20240112,0.0
PAY0004262,ORD004262,2024-10-01,Cash on Delivery,5707.6900000000005,Success,2024-09-29,5707.6900000000005,20240929,0.0
PAY0004263,ORD004263,2023-10-25,Credit Card,5230.1,Success,2023-10-24,5230.1,20231024,0.0
PAY0004264,ORD004264,2024-07-15,Wallet,37130.72,Success,2024-07-13,37130.72,20240713,0.0
PAY0004265,ORD004265,2024-02-13,Wallet,11883.26,Success,2024-02-13,11883.26,20240213,0.0
PAY0004266,ORD004266,2024-11-12,Wallet,3250.28,Success,2024-11-12,3250.2799999999997,20241112,-4.547473508864641e-13
PAY0004267,ORD004267,2024-04-02,Cash on Delivery,4847.33,Success,2024-04-02,4847.33,20240402,0.0
PAY0004268,ORD004268,2023-09-16,Credit Card,2640.6600000000003,Success,2023-09-14,2640.6600000000003,20230914,0.0
PAY0004269,ORD004269,2023-09-17,Net Banking,33902.14,Success,2023-09-15,33902.14,20230915,0.0
PAY0004270,ORD004270,2024-03-12,UPI,4467.65,Success,2024-03-09,4467.65,20240309,0.0
PAY0004271,ORD004271,2023-10-12,Credit Card,28640.11,Success,2023-10-11,28640.11,20231011,0.0
PAY0004272,ORD004272,2023-12-11,Wallet,6641.17,Success,2023-12-10,6641.17,20231210,0.0
PAY0004273,ORD004273,2024-04-08,Wallet,1611.93,Success,2024-04-05,1611.93,20240405,0.0
PAY0004274,ORD004274,2023-06-24,Debit Card,40342.75,Success,2023-06-21,40342.75,20230621,0.0
PAY0004275,ORD004275,2024-09-10,Credit Card,4097.38,Success,2024-09-07,4097.38,20240907,0.0
PAY0004276,ORD004276,2023-05-20,Wallet,20898.04,Success,2023-05-20,20898.039999999997,20230520,-3.637978807091713e-12
PAY0004277,ORD004277,2023-01-09,Debit Card,18682.3,Success,2023-01-09,18682.3,20230109,0.0
PAY0004278,ORD004278,2024-09-16,UPI,8235.83,Success,2024-09-14,8235.83,20240914,0.0
PAY0004279,ORD004279,2024-07-14,Debit Card,17637.67,Success,2024-07-13,17637.67,20240713,0.0
PAY0004280,ORD004280,2023-12-15,Net Banking,19680.33,Success,2023-12-15,19680.33,20231215,0.0
PAY0004281,ORD004281,2023-12-14,Debit Card,15938.65,Failed,2023-12-14,15938.65,20231214,0.0
PAY0004282,ORD004282,2024-08-31,Credit Card,4735.17,Failed,2024-08-28,4735.17,20240828,0.0
PAY0004283,ORD004283,2024-02-28,Net Banking,3021.45,Success,2024-02-25,3021.45,20240225,0.0
PAY0004284,ORD004284,2023-06-17,Debit Card,23641.76,Success,2023-06-14,23641.76,20230614,0.0
PAY0004285,ORD004285,2023-05-28,Wallet,23980.93,Success,2023-05-28,23980.93,20230528,0.0
PAY0004286,ORD004286,2024-06-20,Cash on Delivery,11986.46,Success,2024-06-20,11986.46,20240620,0.0
PAY0004287,ORD004287,2024-09-30,UPI,5197.1,Success,2024-09-28,5197.1,20240928,0.0
PAY0004288,ORD004288,2024-09-05,Cash on Delivery,34132.369999999995,Success,2024-09-05,34132.369999999995,20240905,0.0
PAY0004289,ORD004289,2023-03-23,Wallet,12734.7,Success,2023-03-22,12734.699999999999,20230322,-1.8189894035458565e-12
PAY0004290,ORD004290,2024-05-25,Credit Card,6846.16,Success,2024-05-22,6846.16,20240522,0.0
PAY0004291,ORD004291,2024-10-09,Cash on Delivery,42580.89,Success,2024-10-08,42580.89,20241008,0.0
PAY0004292,ORD004292,2023-11-07,UPI,16641.86,Success,2023-11-07,16641.86,20231107,0.0
PAY0004293,ORD004293,2023-10-08,Net Banking,4979.64,Success,2023-10-05,4979.64,20231005,0.0
PAY0004294,ORD004294,2023-11-29,Net Banking,8008.38,Success,2023-11-27,8008.38,20231127,0.0
PAY0004295,ORD004295,2024-07-20,Net Banking,31403.65,Success,2024-07-19,31403.649999999998,20240719,-3.637978807091713e-12
PAY0004296,ORD004296,2023-08-13,Credit Card,19134.32,Success,2023-08-11,19134.32,20230811,0.0
PAY0004297,ORD004297,2024-02-13,Credit Card,29666.61,Success,2024-02-11,29666.61,20240211,0.0
PAY0004298,ORD004298,2024-08-16,Wallet,8470.18,Failed,2024-08-13,8470.18,20240813,0.0
PAY0004299,ORD004299,2024-10-11,Cash on Delivery,15037.38,Success,2024-10-10,15037.38,20241010,0.0
PAY0004300,ORD004300,2023-12-29,UPI,4393.25,Success,2023-12-28,4393.25,20231228,0.0
PAY0004301,ORD004301,2024-09-21,Debit Card,5878.98,Success,2024-09-18,5878.98,20240918,0.0
PAY0004302,ORD004302,2024-02-29,Cash on Delivery,15102.820000000002,Success,2024-02-29,15102.820000000002,20240229,0.0
PAY0004303,ORD004303,2024-02-29,Debit Card,2625.0,Success,2024-02-29,2625.0,20240229,0.0
PAY0004304,ORD004304,2023-05-07,Cash on Delivery,25172.62,Success,2023-05-06,25172.62,20230506,0.0
PAY0004305,ORD004305,2024-10-14,Credit Card,15348.15,Success,2024-10-12,15348.15,20241012,0.0
PAY0004306,ORD004306,2024-06-10,Wallet,11121.7,Pending,2024-06-10,11121.7,20240610,0.0
PAY0004307,ORD004307,2024-03-08,Wallet,18395.7,Success,2024-03-06,18395.7,20240306,0.0
PAY0004308,ORD004308,2023-10-21,Net Banking,1297.58,Success,2023-10-21,1297.58,20231021,0.0
PAY0004309,ORD004309,2024-10-19,Net Banking,8085.05,Success,2024-10-19,8085.05,20241019,0.0
PAY0004310,ORD004310,2023-05-09,Wallet,9953.38,Success,2023-05-07,9953.38,20230507,0.0
PAY0004311,ORD004311,2024-08-12,Wallet,2238.54,Success,2024-08-09,2238.54,20240809,0.0
PAY0004312,ORD004312,2024-04-29,Net Banking,25895.18,Refunded,2024-04-26,25895.18,20240426,0.0
PAY0004313,ORD004313,2023-10-30,Wallet,3521.07,Success,2023-10-30,3521.07,20231030,0.0
PAY0004314,ORD004314,2023-06-29,Wallet,-18834.63,Success,2023-06-27,-18834.63,20230627,0.0
PAY0004315,ORD004315,2024-09-29,Debit Card,5488.97,Success,2024-09-27,5567.5,20240927,78.52999999999975
PAY0004316,ORD004316,2023-05-27,Credit Card,44433.3,Success,2023-05-26,44433.3,20230526,0.0
PAY0004317,ORD004317,2023-10-01,UPI,22963.08,Success,2023-09-28,22963.08,20230928,0.0
PAY0004318,ORD004318,2024-04-14,Wallet,19699.82,Success,2024-04-11,19699.82,20240411,0.0
PAY0004319,ORD004319,2024-11-08,Cash on Delivery,21648.37,Success,2024-11-05,21648.37,20241105,0.0
PAY0004320,ORD004320,2024-06-22,Net Banking,8546.76,Success,2024-06-22,8546.76,20240622,0.0
PAY0004321,ORD004321,2023-08-26,Cash on Delivery,895.09,Success,2023-08-24,895.09,20230824,0.0
PAY0004322,ORD004322,2023-11-01,Debit Card,12850.75,Failed,2023-11-01,12850.75,20231101,0.0
PAY0004323,ORD004323,2024-07-28,Debit Card,6854.2300000000005,Success,2024-07-27,6854.2300000000005,20240727,0.0
PAY0004324,ORD004324,2023-03-02,UPI,3944.29,Success,2023-02-27,3944.29,20230227,0.0
PAY0004325,ORD004325,2023-07-03,Debit Card,16267.48,Success,2023-07-01,16267.48,20230701,0.0
PAY0004326,ORD004326,2023-11-14,UPI,21564.67,Failed,2023-11-14,21564.67,20231114,0.0
PAY0004327,ORD004327,2024-08-31,UPI,7166.26,Success,2024-08-29,7166.26,20240829,0.0
PAY0004328,ORD004328,2024-06-19,Credit Card,9839.11,Success,2024-06-16,9839.11,20240616,0.0
PAY0004329,ORD004329,2023-08-19,Cash on Delivery,1365.69,Success,2023-08-19,1365.69,20230819,0.0
PAY0004330,ORD004330,2024-08-23,UPI,45014.05,Success,2024-08-22,45014.05,20240822,0.0
PAY0004331,ORD004331,2023-08-24,UPI,1358.58,Success,2023-08-24,1358.58,20230824,0.0
PAY0004332,ORD004332,2023-08-10,Wallet,5515.62,Failed,2023-08-07,5515.62,20230807,0.0
PAY0004333,ORD004333,2024-08-22,UPI,1670.2,Success,2024-08-20,1670.2,20240820,0.0
PAY0004334,ORD004334,2024-11-26,UPI,15103.94,Success,2024-11-26,15103.939999999999,20241126,-1.8189894035458565e-12
PAY0004335,ORD004335,2023-05-20,Net Banking,10103.93,Pending,2023-05-19,10103.93,20230519,0.0
PAY0004336,ORD004336,2023-04-13,UPI,29195.3,Success,2023-04-10,26516.48,20230410,-2678.8199999999997
PAY0004337,ORD004337,2024-02-10,UPI,14716.0,Success,2024-02-09,14716.0,20240209,0.0
PAY0004338,ORD004338,2023-09-19,Cash on Delivery,9752.5,Success,2023-09-17,9752.5,20230917,0.0
PAY0004339,ORD004339,2024-04-12,Net Banking,986.09,Success,2024-04-10,986.09,20240410,0.0
PAY0004340,ORD004340,2024-06-13,Credit Card,19157.92,Success,2024-06-11,19157.920000000002,20240611,3.637978807091713e-12
PAY0004341,ORD004341,2024-11-23,Credit Card,30843.66,Success,2024-11-20,30843.66,20241120,0.0
PAY0004342,ORD004342,2024-03-11,Debit Card,1263.16,Failed,2024-03-09,1263.16,20240309,0.0
PAY0004343,ORD004343,2023-04-29,Cash on Delivery,10568.76,Success,2023-04-28,10568.76,20230428,0.0
PAY0004344,ORD004344,2024-11-01,Net Banking,9614.41,Success,2024-10-30,9614.41,20241030,0.0
PAY0004345,ORD004345,2024-04-19,UPI,11679.669999999998,Success,2024-04-19,11679.669999999998,20240419,0.0
PAY0004346,ORD004346,2024-02-05,Debit Card,5845.69,Success,2024-02-02,5845.69,20240202,0.0
PAY0004347,ORD004347,2023-01-11,Wallet,10046.06,Success,2023-01-10,10046.06,20230110,0.0
PAY0004348,ORD004348,2023-03-18,Net Banking,9845.47,Pending,2023-03-18,9845.470000000001,20230318,1.8189894035458565e-12
PAY0004349,ORD004349,2024-11-09,Wallet,4308.79,Success,2024-11-07,4308.79,20241107,0.0
PAY0004350,ORD004350,2024-09-10,Debit Card,38284.9,Success,2024-09-10,38284.9,20240910,0.0
PAY0004351,ORD004351,2024-04-17,Wallet,214.4,Success,2024-04-15,214.4,20240415,0.0
PAY0004352,ORD004352,2024-11-04,Wallet,4888.9,Success,2024-11-03,4888.9,20241103,0.0
PAY0004353,ORD004353,2023-07-21,Debit Card,66701.88,Success,2023-07-21,66701.88,20230721,0.0
PAY0004354,ORD004354,2024-04-03,Credit Card,1770.98,Success,2024-04-01,1770.98,20240401,0.0
PAY0004355,ORD004355,2023-04-08,Debit Card,51112.41999999999,Refunded,2023-04-06,51112.42,20230406,7.275957614183426e-12
PAY0004356,ORD004356,2023-11-04,UPI,5138.04,Success,2023-11-01,5138.04,20231101,0.0
PAY0004357,ORD004357,2023-07-08,Wallet,5897.56,Success,2023-07-07,5897.5599999999995,20230707,-9.094947017729282e-13
PAY0004358,ORD004358,2023-07-30,Debit Card,15227.15,Success,2023-07-29,15227.15,20230729,0.0
PAY0004359,ORD004359,2023-07-02,Net Banking,47933.21,Success,2023-06-30,42550.770000000004,20230630,-5382.439999999995
PAY0004360,ORD004360,2023-02-10,Wallet,28702.590000000004,Success,2023-02-09,28702.590000000004,20230209,0.0
PAY0004361,ORD004361,2023-08-13,Wallet,11883.26,Success,2023-08-11,11883.26,20230811,0.0
PAY0004362,ORD004362,2023-02-27,Wallet,17758.76,Success,2023-02-25,17758.76,20230225,0.0
PAY0004363,ORD004363,2023-11-07,Cash on Delivery,289.51,Success,2023-11-04,289.51,20231104,0.0
PAY0004364,ORD004364,2024-05-04,Cash on Delivery,12612.8,Success,2024-05-02,12612.800000000001,20240502,1.8189894035458565e-12
PAY0004365,ORD004365,2024-09-04,UPI,7818.77,Success,2024-09-01,7818.77,20240901,0.0
PAY0004366,ORD004366,2023-12-12,Credit Card,6230.81,Success,2023-12-09,6230.81,20231209,0.0
PAY0004367,ORD004367,2023-04-03,Cash on Delivery,20749.72,Success,2023-04-02,20749.72,20230402,0.0
PAY0004368,ORD004368,2024-12-02,Cash on Delivery,15944.86,Success,2024-11-29,15944.859999999999,20241129,-1.8189894035458565e-12
PAY0004369,ORD004369,2024-08-12,Wallet,34944.66,Success,2024-08-10,34944.659999999996,20240810,-7.275957614183426e-12
PAY0004370,ORD004370,2024-06-06,Wallet,9441.36,Success,2024-06-05,9441.36,20240605,0.0
PAY0004371,ORD004371,2023-09-14,Debit Card,5910.44,Failed,2023-09-13,5910.44,20230913,0.0
PAY0004372,ORD004372,2023-03-27,Wallet,30066.28,Refunded,2023-03-27,30066.28,20230327,0.0
PAY0004373,ORD004373,2023-03-09,Net Banking,2473.9300000000003,Success,2023-03-06,2473.9300000000003,20230306,0.0
PAY0004374,ORD004374,2024-11-14,Cash on Delivery,5518.05,Success,2024-11-13,5518.05,20241113,0.0
PAY0004375,ORD004375,2024-01-08,Net Banking,34958.009999999995,Success,2024-01-06,34958.01,20240106,7.275957614183426e-12
PAY0004376,ORD004376,2024-03-25,Credit Card,4854.75,Success,2024-03-23,4854.75,20240323,0.0
PAY0004377,ORD004377,2024-09-16,UPI,8487.11,Success,2024-09-14,8487.11,20240914,0.0
PAY0004378,ORD004378,2024-06-26,Wallet,21042.33,Pending,2024-06-23,24449.19,20240623,3406.859999999997
PAY0004379,ORD004379,2024-10-26,Credit Card,13999.82,Success,2024-10-26,13999.82,20241026,0.0
PAY0004380,ORD004380,2024-05-26,Debit Card,1451.31,Success,2024-05-25,1451.31,20240525,0.0
PAY0004381,ORD004381,2024-06-19,Credit Card,10638.26,Success,2024-06-16,10638.26,20240616,0.0
PAY0004382,ORD004382,2024-12-04,Cash on Delivery,3566.75,Success,2024-12-01,3566.75,20241201,0.0
PAY0004383,ORD004383,2023-12-27,Credit Card,19451.73,Success,2023-12-26,19451.73,20231226,0.0
PAY0004384,ORD004384,2023-11-24,UPI,6398.01,Success,2023-11-24,6398.01,20231124,0.0
PAY0004385,ORD004385,2024-05-15,Wallet,5995.74,Success,2024-05-13,5995.74,20240513,0.0
PAY0004386,ORD004386,2024-08-28,Wallet,15804.21,Success,2024-08-25,15804.21,20240825,0.0
PAY0004387,ORD004387,2023-07-18,Cash on Delivery,2533.01,Success,2023-07-18,2533.01,20230718,0.0
PAY0004388,ORD004388,2023-08-15,UPI,6559.01,Success,2023-08-13,6559.01,20230813,0.0
PAY0004389,ORD004389,2023-08-25,Net Banking,4068.5,Success,2023-08-23,4068.5,20230823,0.0
PAY0004390,ORD004390,2023-06-25,Net Banking,5264.1,Success,2023-06-24,5264.1,20230624,0.0
PAY0004391,ORD004391,2024-05-14,Wallet,13859.33,Success,2024-05-11,13859.33,20240511,0.0
PAY0004392,ORD004392,2024-02-22,Cash on Delivery,17897.35,Success,2024-02-21,17897.35,20240221,0.0
PAY0004393,ORD004393,2023-09-17,Debit Card,5749.099999999999,Success,2023-09-16,5749.099999999999,20230916,0.0
PAY0004394,ORD004394,2024-03-16,Wallet,653.85,Success,2024-03-13,653.85,20240313,0.0
PAY0004395,ORD004395,2023-08-31,Credit Card,9013.62,Success,2023-08-30,9013.62,20230830,0.0
PAY0004396,ORD004396,2024-08-18,Cash on Delivery,26802.21,Failed,2024-08-17,26802.21,20240817,0.0
PAY0004397,ORD004397,2024-02-03,Wallet,4595.24,Pending,2024-02-03,4595.24,20240203,0.0
PAY0004398,ORD004398,2024-06-21,Net Banking,5526.27,Success,2024-06-20,5526.27,20240620,0.0
PAY0004399,ORD004399,2024-04-09,Debit Card,2832.56,Success,2024-04-08,2832.56,20240408,0.0
PAY0004400,ORD004400,2023-09-28,Credit Card,11978.23,Success,2023-09-28,11978.23,20230928,0.0
PAY0004401,ORD004401,2023-11-24,Cash on Delivery,11363.85,Success,2023-11-24,11363.85,20231124,0.0
PAY0004402,ORD004402,2024-03-25,Cash on Delivery,3179.14,Success,2024-03-25,3179.14,20240325,0.0
PAY0004403,ORD004403,2024-04-01,UPI,7777.26,Success,2024-03-31,7777.26,20240331,0.0
PAY0004404,ORD004404,2023-03-25,Wallet,3472.93,Success,2023-03-25,3472.93,20230325,0.0
PAY0004405,ORD004405,2024-09-01,Cash on Delivery,21385.44,Success,2024-08-29,21385.44,20240829,0.0
PAY0004406,ORD004406,2023-02-12,Credit Card,10122.59,Success,2023-02-11,10122.59,20230211,0.0
PAY0004407,ORD004407,2023-12-28,Debit Card,341.2,Success,2023-12-26,341.2,20231226,0.0
PAY0004408,ORD004408,2023-02-05,Debit Card,16235.36,Success,2023-02-03,16235.36,20230203,0.0
PAY0004409,ORD004409,2023-10-26,Wallet,24624.16,Success,2023-10-25,24624.16,20231025,0.0
PAY0004410,ORD004410,2023-07-15,Debit Card,12539.29,Success,2023-07-12,12539.29,20230712,0.0
PAY0004411,ORD004411,2023-12-13,Credit Card,7042.950000000001,Success,2023-12-11,7042.950000000001,20231211,0.0
PAY0004412,ORD004412,2024-04-29,Wallet,10030.88,Success,2024-04-28,10030.88,20240428,0.0
PAY0004413,ORD004413,2024-05-31,Cash on Delivery,21148.54,Success,2024-05-30,21148.54,20240530,0.0
PAY0004414,ORD004414,2024-10-07,Wallet,24209.92,Success,2024-10-06,24209.920000000002,20241006,3.637978807091713e-12
PAY0004415,ORD004415,2023-07-16,UPI,16251.08,Success,2023-07-14,16251.08,20230714,0.0
PAY0004416,ORD004416,2024-08-18,UPI,15119.88,Success,2024-08-17,15119.88,20240817,0.0
PAY0004417,ORD004417,2024-08-07,UPI,40583.18,Refunded,2024-08-05,40583.18,20240805,0.0
PAY0004418,ORD004418,2023-01-15,Credit Card,1145.84,Success,2023-01-12,1145.84,20230112,0.0
PAY0004419,ORD004419,2024-03-30,Debit Card,4625.83,Success,2024-03-30,4625.83,20240330,0.0
PAY0004420,ORD004420,2023-03-26,Credit Card,2806.74,Success,2023-03-25,2806.74,20230325,0.0
PAY0004421,ORD004421,2024-02-20,Credit Card,244.7,Success,2024-02-19,244.7,20240219,0.0
PAY0004422,ORD004422,2023-01-19,UPI,8354.87,Success,2023-01-17,8354.87,20230117,0.0
PAY0004423,ORD004423,2023-05-06,UPI,15050.64,Success,2023-05-04,15050.640000000001,20230504,1.8189894035458565e-12
PAY0004424,ORD004424,2023-06-21,Net Banking,14395.88,Success,2023-06-18,14395.880000000001,20230618,1.8189894035458565e-12
PAY0004425,ORD004425,2024-04-18,UPI,1127.73,Success,2024-04-16,1127.73,20240416,0.0
PAY0004426,ORD004426,2023-12-07,UPI,18819.97,Success,2023-12-04,18819.97,20231204,0.0
PAY0004427,ORD004427,2023-07-21,Debit Card,19068.54,Success,2023-07-20,19068.54,20230720,0.0
PAY0004428,ORD004428,2023-08-14,Wallet,76298.1,Success,2023-08-11,76298.09999999999,20230811,-1.4551915228366852e-11
PAY0004429,ORD004429,2023-12-24,UPI,2053.5199999999995,Success,2023-12-24,2053.5199999999995,20231224,0.0
PAY0004430,ORD004430,2023-03-11,Wallet,4709.18,Success,2023-03-08,4709.18,20230308,0.0
PAY0004431,ORD004431,2024-04-06,Net Banking,26923.77,Pending,2024-04-05,26923.77,20240405,0.0
PAY0004432,ORD004432,2023-12-11,UPI,2499.29,Success,2023-12-08,2499.29,20231208,0.0
PAY0004433,ORD004433,2024-08-11,Credit Card,19713.05,Success,2024-08-10,19713.05,20240810,0.0
PAY0004434,ORD004434,2024-03-14,UPI,6092.12,Success,2024-03-12,6092.12,20240312,0.0
PAY0004435,ORD004435,2024-02-22,Wallet,3555.3,Success,2024-02-22,3555.3,20240222,0.0
PAY0004436,ORD004436,2024-06-13,UPI,1725.82,Success,2024-06-12,1725.82,20240612,0.0
PAY0004437,ORD004437,2023-12-13,Credit Card,13412.69,Success,2023-12-11,13412.69,20231211,0.0
PAY0004438,ORD004438,2024-08-02,Net Banking,10884.84,Success,2024-07-31,10884.84,20240731,0.0
PAY0004439,ORD004439,2023-10-27,Net Banking,28309.77,Success,2023-10-25,28309.77,20231025,0.0
PAY0004440,ORD004440,2024-05-07,Wallet,20769.89,Success,2024-05-07,20769.89,20240507,0.0
PAY0004441,ORD004441,2024-07-02,Credit Card,13626.09,Success,2024-06-29,13626.09,20240629,0.0
PAY0004442,ORD004442,2023-11-25,Debit Card,11546.57,Success,2023-11-24,11546.57,20231124,0.0
PAY0004443,ORD004443,2023-10-29,Wallet,379.53,Success,2023-10-26,379.53,20231026,0.0
PAY0004444,ORD004444,2023-06-06,Wallet,12600.88,Success,2023-06-06,12600.880000000001,20230606,1.8189894035458565e-12
PAY0004445,ORD004445,2024-04-24,Cash on Delivery,37500.74,Failed,2024-04-23,38669.86,20240423,1169.1200000000026
PAY0004446,ORD004446,2024-11-18,Net Banking,15957.57,Success,2024-11-18,15957.57,20241118,0.0
PAY0004447,ORD004447,2024-10-06,Credit Card,31516.7,Success,2024-10-06,33611.91,20241006,2095.2100000000028
PAY0004448,ORD004448,2024-03-27,UPI,9096.49,Success,2024-03-27,9096.49,20240327,0.0
PAY0004449,ORD004449,2024-07-21,Net Banking,1489.24,Success,2024-07-19,1489.24,20240719,0.0
PAY0004450,ORD004450,2023-01-27,Cash on Delivery,2745.97,Success,2023-01-24,2745.97,20230124,0.0
PAY0004451,ORD004451,2024-09-16,Cash on Delivery,1059.72,Success,2024-09-13,1059.72,20240913,0.0
PAY0004452,ORD004452,2023-02-13,Net Banking,21748.08,Success,2023-02-11,25543.239999999998,20230211,3795.159999999996
PAY0004453,ORD004453,2023-10-27,Credit Card,1960.53,Success,2023-10-27,1960.53,20231027,0.0
PAY0004454,ORD004454,2023-04-13,Net Banking,5504.82,Success,2023-04-10,5504.82,20230410,0.0
PAY0004455,ORD004455,2024-10-21,Wallet,17655.38,Success,2024-10-20,17655.379999999997,20241020,-3.637978807091713e-12
PAY0004456,ORD004456,2024-10-08,Net Banking,24649.76,Success,2024-10-07,24649.760000000002,20241007,3.637978807091713e-12
PAY0004457,ORD004457,2023-02-06,Net Banking,14750.08,Success,2023-02-05,14750.08,20230205,0.0
PAY0004458,ORD004458,2024-07-13,Wallet,37392.41,Success,2024-07-10,37392.41,20240710,0.0
PAY0004459,ORD004459,2023-01-14,Debit Card,6641.17,Success,2023-01-11,6641.17,20230111,0.0
PAY0004460,ORD004460,2024-05-31,Cash on Delivery,12566.76,Success,2024-05-29,12566.76,20240529,0.0
PAY0004461,ORD004461,2024-05-30,Debit Card,9173.57,Success,2024-05-28,9173.57,20240528,0.0
PAY0004462,ORD004462,2023-04-17,Cash on Delivery,75306.68000000001,Success,2023-04-16,75306.68000000001,20230416,0.0
PAY0004463,ORD004463,2023-04-24,Net Banking,31142.08,Success,2023-04-22,31142.08,20230422,0.0
PAY0004464,ORD004464,2023-12-02,Debit Card,19642.38,Success,2023-11-30,19642.38,20231130,0.0
PAY0004465,ORD004465,2023-06-11,Cash on Delivery,8674.9,Success,2023-06-08,8224.43,20230608,-450.46999999999935
PAY0004466,ORD004466,2024-05-29,Credit Card,4639.63,Success,2024-05-27,4639.63,20240527,0.0
PAY0004467,ORD004467,2024-01-02,Net Banking,5153.8,Success,2023-12-30,5153.8,20231230,0.0
PAY0004468,ORD004468,2023-10-14,Debit Card,-6680.3,Failed,2023-10-14,-6680.3,20231014,0.0
PAY0004469,ORD004469,2024-04-10,UPI,5928.31,Success,2024-04-07,5928.31,20240407,0.0
PAY0004470,ORD004470,2024-05-22,Debit Card,-2984.3900000000003,Success,2024-05-22,-2984.3900000000003,20240522,0.0
PAY0004471,ORD004471,2023-09-29,UPI,14267.1,Failed,2023-09-29,14267.1,20230929,0.0
PAY0004472,ORD004472,2023-09-27,Cash on Delivery,10650.12,Success,2023-09-26,10813.89,20230926,163.76999999999862
PAY0004473,ORD004473,2024-12-02,Credit Card,14509.45,Success,2024-11-29,14509.45,20241129,0.0
PAY0004474,ORD004474,2024-09-05,UPI,33726.04,Success,2024-09-02,33726.04,20240902,0.0
PAY0004475,ORD004475,2023-08-15,Net Banking,3081.71,Success,2023-08-13,3081.71,20230813,0.0
PAY0004476,ORD004476,2023-05-20,Cash on Delivery,8522.29,Success,2023-05-19,8522.29,20230519,0.0
PAY0004477,ORD004477,2024-09-01,Cash on Delivery,2086.2,Success,2024-08-31,2086.2,20240831,0.0
PAY0004478,ORD004478,2024-11-18,Debit Card,6049.53,Success,2024-11-17,6049.53,20241117,0.0
PAY0004479,ORD004479,2024-11-15,Cash on Delivery,1881.14,Success,2024-11-14,1881.14,20241114,0.0
PAY0004480,ORD004480,2023-05-09,UPI,6168.69,Pending,2023-05-07,6168.69,20230507,0.0
PAY0004481,ORD004481,2023-03-31,Net Banking,49438.22,Success,2023-03-30,43245.65,20230330,-6192.57
PAY0004482,ORD004482,2023-08-04,Wallet,10159.87,Refunded,2023-08-01,11271.02,20230801,1111.1499999999996
PAY0004483,ORD004483,2024-08-12,Wallet,32262.300000000003,Pending,2024-08-12,32262.300000000003,20240812,0.0
PAY0004484,ORD004484,2023-05-28,UPI,36997.92,Success,2023-05-25,36997.92,20230525,0.0
PAY0004485,ORD004485,2024-10-18,Wallet,6723.799999999999,Success,2024-10-15,6723.799999999999,20241015,0.0
PAY0004486,ORD004486,2023-01-15,Wallet,9440.93,Success,2023-01-14,9440.93,20230114,0.0
PAY0004487,ORD004487,2023-02-05,Wallet,18956.05,Success,2023-02-03,18956.05,20230203,0.0
PAY0004488,ORD004488,2023-09-15,Net Banking,29755.88,Success,2023-09-12,29755.88,20230912,0.0
PAY0004489,ORD004489,2023-05-09,Wallet,379.53,Success,2023-05-09,379.53,20230509,0.0
PAY0004490,ORD004490,2023-12-10,UPI,2526.32,Success,2023-12-10,2526.32,20231210,0.0
PAY0004491,ORD004491,2024-01-30,Wallet,15418.13,Pending,2024-01-30,15418.13,20240130,0.0
PAY0004492,ORD004492,2024-08-11,Cash on Delivery,3835.95,Success,2024-08-11,3835.95,20240811,0.0
PAY0004493,ORD004493,2024-05-17,Net Banking,1734.04,Success,2024-05-15,1734.04,20240515,0.0
PAY0004494,ORD004494,2024-05-31,Net Banking,17234.76,Success,2024-05-31,17234.76,20240531,0.0
PAY0004495,ORD004495,2024-02-21,Credit Card,561.86,Success,2024-02-19,561.86,20240219,0.0
PAY0004496,ORD004496,2023-02-03,Wallet,992.19,Success,2023-02-02,992.19,20230202,0.0
PAY0004497,ORD004497,2024-05-10,Net Banking,4937.89,Success,2024-05-10,4937.89,20240510,0.0
PAY0004498,ORD004498,2024-07-21,Net Banking,10724.35,Success,2024-07-21,10724.35,20240721,0.0
PAY0004499,ORD004499,2024-06-10,UPI,7202.879999999999,Success,2024-06-08,7202.879999999999,20240608,0.0
PAY0004500,ORD004500,2023-09-13,Cash on Delivery,15863.97,Success,2023-09-13,15863.970000000001,20230913,1.8189894035458565e-12
PAY0004501,ORD004501,2024-06-25,Cash on Delivery,1373.9,Success,2024-06-25,1373.9,20240625,0.0
PAY0004502,ORD004502,2023-12-30,Net Banking,3115.93,Success,2023-12-29,3115.93,20231229,0.0
PAY0004503,ORD004503,2023-09-12,Cash on Delivery,2157.34,Success,2023-09-09,2157.34,20230909,0.0
PAY0004504,ORD004504,2024-03-12,Wallet,14892.94,Success,2024-03-12,14892.94,20240312,0.0
PAY0004505,ORD004505,2023-03-04,Credit Card,1155.59,Success,2023-03-03,1155.59,20230303,0.0
PAY0004506,ORD004506,2023-05-29,Debit Card,16959.35,Success,2023-05-27,16832.58,20230527,-126.7699999999968
PAY0004507,ORD004507,2023-04-19,Credit Card,11033.669999999998,Success,2023-04-18,11033.669999999998,20230418,0.0
PAY0004508,ORD004508,2024-10-18,Debit Card,27073.77,Success,2024-10-18,27073.769999999997,20241018,-3.637978807091713e-12
PAY0004509,ORD004509,2023-10-26,Debit Card,576.16,Success,2023-10-24,576.16,20231024,0.0
PAY0004510,ORD004510,2024-05-24,Net Banking,24992.27,Success,2024-05-23,24992.27,20240523,0.0
PAY0004511,ORD004511,2023-02-09,Net Banking,33367.259999999995,Success,2023-02-08,33367.259999999995,20230208,0.0
PAY0004512,ORD004512,2024-06-27,UPI,2043.03,Success,2024-06-27,2043.03,20240627,0.0
PAY0004513,ORD004513,2024-07-22,Credit Card,10716.18,Success,2024-07-19,10716.18,20240719,0.0
PAY0004514,ORD004514,2023-02-15,Credit Card,3348.34,Success,2023-02-12,3348.34,20230212,0.0
PAY0004515,ORD004515,2023-03-29,Credit Card,1083.33,Success,2023-03-26,1083.33,20230326,0.0
PAY0004516,ORD004516,2024-09-11,UPI,14061.38,Success,2024-09-09,14061.38,20240909,0.0
PAY0004517,ORD004517,2023-07-04,Debit Card,33194.26,Success,2023-07-01,29819.39,20230701,-3374.8700000000026
PAY0004518,ORD004518,2024-05-22,Debit Card,12237.13,Failed,2024-05-19,12237.130000000001,20240519,1.8189894035458565e-12
PAY0004519,ORD004519,2024-06-27,Credit Card,16307.38,Success,2024-06-26,16307.38,20240626,0.0
PAY0004520,ORD004520,2023-12-07,Debit Card,9654.9,Success,2023-12-05,9360.28,20231205,-294.619999999999
PAY0004521,ORD004521,2024-11-20,Cash on Delivery,23672.54,Success,2024-11-17,23672.54,20241117,0.0
PAY0004522,ORD004522,2024-08-29,Wallet,3322.06,Success,2024-08-29,3322.06,20240829,0.0
PAY0004523,ORD004523,2023-10-27,Credit Card,16906.53,Success,2023-10-26,16906.53,20231026,0.0
PAY0004524,ORD004524,2023-10-05,Net Banking,11777.36,Success,2023-10-02,11777.36,20231002,0.0
PAY0004525,ORD004525,2023-06-28,Net Banking,6999.91,Success,2023-06-27,6999.91,20230627,0.0
PAY0004526,ORD004526,2023-09-08,UPI,20077.23,Success,2023-09-05,20077.23,20230905,0.0
PAY0004527,ORD004527,2023-10-16,Credit Card,1152.32,Success,2023-10-14,1152.32,20231014,0.0
PAY0004528,ORD004528,2024-05-27,Net Banking,22764.53,Success,2024-05-26,22764.53,20240526,0.0
PAY0004529,ORD004529,2023-04-29,Cash on Delivery,21484.16,Refunded,2023-04-29,21484.160000000003,20230429,3.637978807091713e-12
PAY0004530,ORD004530,2024-08-24,Credit Card,21769.59,Success,2024-08-24,21769.59,20240824,0.0
PAY0004531,ORD004531,2024-01-19,Cash on Delivery,23444.77,Success,2024-01-19,23444.77,20240119,0.0
PAY0004532,ORD004532,2023-11-17,Net Banking,18545.3,Failed,2023-11-16,18545.3,20231116,0.0
PAY0004533,ORD004533,2023-12-01,Cash on Delivery,6942.04,Success,2023-12-01,6942.04,20231201,0.0
PAY0004534,ORD004534,2023-02-25,UPI,35918.06,Success,2023-02-25,35918.06,20230225,0.0
PAY0004535,ORD004535,2024-02-16,Credit Card,36246.21,Failed,2024-02-13,36246.21,20240213,0.0
PAY0004536,ORD004536,2023-06-12,Wallet,1302.09,Success,2023-06-09,1302.09,20230609,0.0
PAY0004537,ORD004537,2023-05-06,Cash on Delivery,18310.43,Failed,2023-05-04,18310.43,20230504,0.0
PAY0004538,ORD004538,2023-12-10,Credit Card,6824.570000000001,Success,2023-12-09,6824.570000000001,20231209,0.0
PAY0004539,ORD004539,2023-03-20,UPI,11591.93,Success,2023-03-17,11591.93,20230317,0.0
PAY0004540,ORD004540,2024-03-01,Credit Card,6022.92,Success,2024-02-27,6022.92,20240227,0.0
PAY0004541,ORD004541,2023-08-21,Credit Card,7488.05,Success,2023-08-20,7488.05,20230820,0.0
PAY0004542,ORD004542,2023-07-06,Wallet,24575.4,Success,2023-07-06,24575.4,20230706,0.0
PAY0004543,ORD004543,2024-01-23,Wallet,3286.43,Success,2024-01-21,3286.43,20240121,0.0
PAY0004544,ORD004544,2023-06-25,Debit Card,30585.68,Success,2023-06-22,30585.68,20230622,0.0
PAY0004545,ORD004545,2024-04-02,Net Banking,1589.23,Success,2024-03-30,1589.23,20240330,0.0
PAY0004546,ORD004546,2024-05-28,Debit Card,9926.14,Success,2024-05-25,9926.14,20240525,0.0
PAY0004547,ORD004547,2024-09-27,Net Banking,52812.78999999999,Success,2024-09-24,52812.78999999999,20240924,0.0
PAY0004548,ORD004548,2023-05-08,Cash on Delivery,4099.5,Success,2023-05-05,4099.5,20230505,0.0
PAY0004549,ORD004549,2024-09-02,UPI,18608.75,Success,2024-09-01,18608.75,20240901,0.0
PAY0004550,ORD004550,2024-05-06,Cash on Delivery,14171.65,Success,2024-05-03,16471.66,20240503,2300.01
PAY0004551,ORD004551,2023-09-29,Net Banking,5066.02,Success,2023-09-27,5066.02,20230927,0.0
PAY0004552,ORD004552,2024-03-04,UPI,18991.19,Success,2024-03-02,18991.19,20240302,0.0
PAY0004553,ORD004553,2024-04-26,Credit Card,4937.89,Success,2024-04-26,4937.89,20240426,0.0
PAY0004554,ORD004554,2023-11-28,Net Banking,6662.95,Refunded,2023-11-25,6662.95,20231125,0.0
PAY0004555,ORD004555,2023-07-16,Credit Card,6109.32,Success,2023-07-16,6109.32,20230716,0.0
PAY0004556,ORD004556,2024-02-18,Credit Card,5696.95,Success,2024-02-17,5696.95,20240217,0.0
PAY0004557,ORD004557,2023-04-27,Cash on Delivery,12789.61,Success,2023-04-27,12789.61,20230427,0.0
PAY0004558,ORD004558,2024-10-08,Debit Card,16579.17,Success,2024-10-08,16579.17,20241008,0.0
PAY0004559,ORD004559,2024-04-28,Cash on Delivery,19870.18,Success,2024-04-26,19870.18,20240426,0.0
PAY0004560,ORD004560,2024-08-06,UPI,15289.09,Success,2024-08-06,16455.6,20240806,1166.5099999999984
PAY0004561,ORD004561,2024-03-26,Wallet,35128.87,Success,2024-03-24,35128.87,20240324,0.0
PAY0004562,ORD004562,2023-07-30,Net Banking,16789.32,Success,2023-07-30,16789.32,20230730,0.0
PAY0004563,ORD004563,2023-05-09,Debit Card,20668.45,Success,2023-05-06,20668.45,20230506,0.0
PAY0004564,ORD004564,2023-05-31,UPI,10725.29,Success,2023-05-28,10725.29,20230528,0.0
PAY0004565,ORD004565,2023-10-29,Wallet,1573.09,Success,2023-10-28,1573.09,20231028,0.0
PAY0004566,ORD004566,2023-02-28,UPI,24206.02,Success,2023-02-26,24206.02,20230226,0.0
PAY0004567,ORD004567,2024-09-22,UPI,3958.75,Success,2024-09-20,3958.75,20240920,0.0
PAY0004568,ORD004568,2023-03-09,Wallet,7842.12,Success,2023-03-08,7842.12,20230308,0.0
PAY0004569,ORD004569,2023-04-14,Wallet,30076.230000000003,Pending,2023-04-11,30076.230000000003,20230411,0.0
PAY0004570,ORD004570,2024-03-18,Wallet,18772.02,Refunded,2024-03-16,18772.02,20240316,0.0
PAY0004571,ORD004571,2024-05-02,Debit Card,12749.43,Success,2024-05-02,12749.43,20240502,0.0
PAY0004572,ORD004572,2023-09-06,Credit Card,16786.08,Pending,2023-09-05,16786.08,20230905,0.0
PAY0004573,ORD004573,2024-12-04,UPI,2085.49,Success,2024-12-01,1984.38,20241201,-101.10999999999967
PAY0004574,ORD004574,2024-04-08,Credit Card,9834.28,Success,2024-04-08,9834.279999999999,20240408,-1.8189894035458565e-12
PAY0004575,ORD004575,2023-01-18,UPI,9791.27,Success,2023-01-15,9791.27,20230115,0.0
PAY0004576,ORD004576,2024-10-16,Debit Card,3555.3,Success,2024-10-16,3555.3,20241016,0.0
PAY0004577,ORD004577,2024-01-18,Cash on Delivery,6908.16,Pending,2024-01-16,6908.16,20240116,0.0
PAY0004578,ORD004578,2023-04-10,Debit Card,34776.34,Success,2023-04-07,34776.34,20230407,0.0
PAY0004579,ORD004579,2023-09-06,Cash on Delivery,17369.94,Success,2023-09-05,17369.94,20230905,0.0
PAY0004580,ORD004580,2023-08-11,UPI,15410.66,Success,2023-08-08,15410.66,20230808,0.0
PAY0004581,ORD004581,2024-02-14,Wallet,9895.95,Success,2024-02-12,9609.47,20240212,-286.4800000000014
PAY0004582,ORD004582,2024-01-06,Wallet,17543.63,Success,2024-01-03,17543.63,20240103,0.0
PAY0004583,ORD004583,2023-02-06,Credit Card,13640.56,Success,2023-02-03,13640.56,20230203,0.0
PAY0004584,ORD004584,2023-10-04,Credit Card,-91.76000000000022,Success,2023-10-01,-91.76000000000022,20231001,0.0
PAY0004585,ORD004585,2024-09-15,Net Banking,10500.91,Success,2024-09-12,10500.91,20240912,0.0
PAY0004586,ORD004586,2024-09-03,Wallet,450.27,Failed,2024-09-03,501.9300000000003,20240903,51.66000000000031
PAY0004587,ORD004587,2023-07-04,UPI,497.65,Success,2023-07-01,497.65,20230701,0.0
PAY0004588,ORD004588,2024-02-10,UPI,3632.18,Success,2024-02-08,3632.18,20240208,0.0
PAY0004589,ORD004589,2024-04-18,Debit Card,498.3,Success,2024-04-16,498.3,20240416,0.0
PAY0004590,ORD004590,2023-08-03,Net Banking,35001.79,Success,2023-08-03,35001.79,20230803,0.0
PAY0004591,ORD004591,2023-01-03,Net Banking,3144.6,Success,2023-01-03,3144.6,20230103,0.0
PAY0004592,ORD004592,2023-05-08,Cash on Delivery,5358.09,Success,2023-05-07,5358.09,20230507,0.0
PAY0004593,ORD004593,2023-04-07,Debit Card,1075.34,Success,2023-04-05,1075.34,20230405,0.0
PAY0004594,ORD004594,2023-05-30,Net Banking,29760.42,Success,2023-05-28,29760.42,20230528,0.0
PAY0004595,ORD004595,2023-07-04,Debit Card,1373.9,Success,2023-07-04,1373.9,20230704,0.0
PAY0004596,ORD004596,2023-09-19,Wallet,51370.810000000005,Success,2023-09-16,51370.81,20230916,-7.275957614183426e-12
PAY0004597,ORD004597,2024-01-17,UPI,1459.52,Success,2024-01-14,1459.52,20240114,0.0
PAY0004598,ORD004598,2023-12-20,UPI,14932.98,Success,2023-12-17,14932.98,20231217,0.0
PAY0004599,ORD004599,2023-08-22,Wallet,1745.62,Success,2023-08-20,1932.6599999999999,20230820,187.03999999999996
PAY0004600,ORD004600,2024-05-19,Wallet,13087.68,Success,2024-05-18,13087.68,20240518,0.0
PAY0004601,ORD004601,2024-11-20,Wallet,6205.5,Refunded,2024-11-18,6205.5,20241118,0.0
PAY0004602,ORD004602,2023-08-16,Credit Card,8506.09,Success,2023-08-16,9552.76,20230816,1046.67
PAY0004603,ORD004603,2024-08-20,Net Banking,2190.87,Pending,2024-08-19,2190.87,20240819,0.0
PAY0004604,ORD004604,2023-09-06,Net Banking,12057.48,Success,2023-09-03,12057.48,20230903,0.0
PAY0004605,ORD004605,2024-11-23,UPI,28398.630000000005,Refunded,2024-11-23,28398.629999999997,20241123,-7.275957614183426e-12
PAY0004606,ORD004606,2023-10-24,Debit Card,40349.17999999999,Success,2023-10-23,40349.17999999999,20231023,0.0
PAY0004607,ORD004607,2023-08-23,Credit Card,3164.97,Success,2023-08-22,3164.97,20230822,0.0
PAY0004608,ORD004608,2023-11-28,Credit Card,38772.43,Success,2023-11-26,38772.43,20231126,0.0
PAY0004609,ORD004609,2023-04-20,Net Banking,766.21,Success,2023-04-18,766.21,20230418,0.0
PAY0004610,ORD004610,2024-03-27,Cash on Delivery,27563.22,Success,2024-03-26,27563.219999999998,20240326,-3.637978807091713e-12
PAY0004611,ORD004611,2024-03-10,Wallet,23032.73,Success,2024-03-10,23032.73,20240310,0.0
PAY0004612,ORD004612,2024-09-25,Cash on Delivery,1318.03,Success,2024-09-24,1318.03,20240924,0.0
PAY0004613,ORD004613,2023-03-19,Credit Card,8962.62,Success,2023-03-18,8962.62,20230318,0.0
PAY0004614,ORD004614,2024-07-29,Net Banking,9364.56,Success,2024-07-26,9364.56,20240726,0.0
PAY0004615,ORD004615,2023-08-26,Debit Card,36655.4,Success,2023-08-25,36655.4,20230825,0.0
PAY0004616,ORD004616,2024-08-11,UPI,10343.99,Success,2024-08-11,10343.99,20240811,0.0
PAY0004617,ORD004617,2024-05-16,UPI,34672.5,Success,2024-05-14,34672.5,20240514,0.0
PAY0004618,ORD004618,2023-11-27,UPI,7605.76,Success,2023-11-26,7605.76,20231126,0.0
PAY0004619,ORD004619,2024-11-14,Wallet,12634.99,Pending,2024-11-14,12634.99,20241114,0.0
PAY0004620,ORD004620,2024-06-16,Net Banking,11705.58,Success,2024-06-13,11705.58,20240613,0.0
PAY0004621,ORD004621,2024-05-18,Debit Card,31181.06,Success,2024-05-18,31181.06,20240518,0.0
PAY0004622,ORD004622,2024-01-01,Net Banking,5774.34,Success,2023-12-29,5774.34,20231229,0.0
PAY0004623,ORD004623,2023-11-27,Net Banking,2343.78,Success,2023-11-25,2343.78,20231125,0.0
PAY0004624,ORD004624,2024-02-28,Wallet,1803.7,Success,2024-02-25,1803.7,20240225,0.0
PAY0004625,ORD004625,2023-04-05,Wallet,12774.38,Pending,2023-04-03,12774.38,20230403,0.0
PAY0004626,ORD004626,2023-04-20,Net Banking,31178.460000000003,Success,2023-04-17,31178.46,20230417,-3.637978807091713e-12
PAY0004627,ORD004627,2024-05-17,Credit Card,16215.16,Refunded,2024-05-16,16215.16,20240516,0.0
PAY0004628,ORD004628,2024-05-20,Credit Card,15963.48,Success,2024-05-19,15963.48,20240519,0.0
PAY0004629,ORD004629,2024-08-11,Net Banking,14428.39,Success,2024-08-08,14428.39,20240808,0.0
PAY0004630,ORD004630,2023-02-25,Debit Card,23837.38,Success,2023-02-22,27635.57,20230222,3798.1899999999987
PAY0004631,ORD004631,2023-05-30,Debit Card,1589.23,Success,2023-05-28,1589.23,20230528,0.0
PAY0004632,ORD004632,2023-05-13,Wallet,14813.71,Success,2023-05-11,16246.72,20230511,1433.0100000000002
PAY0004633,ORD004633,2023-03-06,Credit Card,1392.22,Success,2023-03-04,1392.22,20230304,0.0
PAY0004634,ORD004634,2023-12-12,Debit Card,4249.81,Success,2023-12-10,4249.81,20231210,0.0
PAY0004635,ORD004635,2023-01-26,Net Banking,5063.36,Success,2023-01-25,5063.36,20230125,0.0
PAY0004636,ORD004636,2024-05-05,UPI,5147.4,Success,2024-05-03,5147.4,20240503,0.0
PAY0004637,ORD004637,2023-01-13,Net Banking,13038.66,Success,2023-01-12,13038.66,20230112,0.0
PAY0004638,ORD004638,2024-07-09,Net Banking,23542.04,Success,2024-07-06,23542.04,20240706,0.0
PAY0004639,ORD004639,2024-07-07,Net Banking,25943.39,Success,2024-07-05,25943.39,20240705,0.0
PAY0004640,ORD004640,2023-11-21,Net Banking,3490.62,Success,2023-11-19,3490.62,20231119,0.0
PAY0004641,ORD004641,2025-11-14,Debit Card,18153.08,Success,2025-11-12,21191.589999999997,20251112,3038.5099999999948
PAY0004642,ORD004642,2023-02-21,Cash on Delivery,214.4,Success,2023-02-19,214.4,20230219,0.0
PAY0004643,ORD004643,2023-02-08,UPI,6800.5,Success,2023-02-06,6800.5,20230206,0.0
PAY0004644,ORD004644,2023-02-05,Cash on Delivery,3081.19,Failed,2023-02-04,3081.19,20230204,0.0
PAY0004645,ORD004645,2023-09-21,Wallet,10727.54,Success,2023-09-18,10727.539999999999,20230918,-1.8189894035458565e-12
PAY0004646,ORD004646,2023-02-21,Wallet,11388.58,Success,2023-02-20,11388.58,20230220,0.0
PAY0004647,ORD004647,2023-09-21,UPI,1995.27,Success,2023-09-18,1995.27,20230918,0.0
PAY0004648,ORD004648,2023-10-30,Credit Card,12245.4,Success,2023-10-30,12245.4,20231030,0.0
PAY0004649,ORD004649,2023-10-16,Wallet,11408.08,Success,2023-10-16,11408.08,20231016,0.0
PAY0004650,ORD004650,2023-05-19,Wallet,8865.27,Success,2023-05-18,8865.27,20230518,0.0
PAY0004651,ORD004651,2024-04-28,Wallet,1173.69,Failed,2024-04-26,1173.69,20240426,0.0
PAY0004652,ORD004652,2024-11-15,Cash on Delivery,13011.41,Success,2024-11-14,13011.41,20241114,0.0
PAY0004653,ORD004653,2023-03-04,Wallet,2613.16,Success,2023-03-03,2613.16,20230303,0.0
PAY0004654,ORD004654,2023-04-24,Debit Card,17140.56,Success,2023-04-22,17140.56,20230422,0.0
PAY0004655,ORD004655,2024-10-12,Cash on Delivery,4218.45,Success,2024-10-09,4403.98,20241009,185.52999999999975
PAY0004656,ORD004656,2023-07-13,UPI,13268.030000000002,Success,2023-07-13,13268.029999999999,20230713,-3.637978807091713e-12
PAY0004657,ORD004657,2023-09-14,Cash on Delivery,5956.879999999999,Success,2023-09-11,5956.879999999999,20230911,0.0
PAY0004658,ORD004658,2024-01-23,Credit Card,41979.16,Success,2024-01-20,41979.16,20240120,0.0
PAY0004659,ORD004659,2023-10-17,Net Banking,8822.85,Refunded,2023-10-17,8822.85,20231017,0.0
PAY0004660,ORD004660,2024-11-13,Credit Card,5296.2,Success,2024-11-11,5296.2,20241111,0.0
PAY0004661,ORD004661,2024-03-30,Wallet,40671.06,Success,2024-03-30,40671.06,20240330,0.0
PAY0004662,ORD004662,2024-09-04,Cash on Delivery,16429.07,Success,2024-09-01,16429.07,20240901,0.0
PAY0004663,ORD004663,2023-04-05,Net Banking,9818.58,Success,2023-04-05,9818.58,20230405,0.0
PAY0004664,ORD004664,2023-11-10,Credit Card,6107.0,Success,2023-11-10,6107.0,20231110,0.0
PAY0004665,ORD004665,2023-09-20,UPI,5332.96,Success,2023-09-19,5332.96,20230919,0.0
PAY0004666,ORD004666,2024-07-30,Net Banking,10294.61,Success,2024-07-27,10294.61,20240727,0.0
PAY0004667,ORD004667,2024-05-06,UPI,18405.52,Success,2024-05-04,18405.52,20240504,0.0
PAY0004668,ORD004668,2024-04-09,Credit Card,8439.720000000001,Refunded,2024-04-08,8439.720000000001,20240408,0.0
PAY0004669,ORD004669,2024-08-01,Debit Card,29235.12,Success,2024-07-30,29235.12,20240730,0.0
PAY0004670,ORD004670,2024-04-04,Net Banking,8235.8,Success,2024-04-02,8235.8,20240402,0.0
PAY0004671,ORD004671,2023-03-01,Credit Card,5481.2,Success,2023-02-28,5481.2,20230228,0.0
PAY0004672,ORD004672,2023-06-17,UPI,4590.52,Success,2023-06-17,4590.52,20230617,0.0
PAY0004673,ORD004673,2023-04-26,Wallet,10115.71,Success,2023-04-26,10115.71,20230426,0.0
PAY0004674,ORD004674,2024-06-28,UPI,25518.33,Success,2024-06-27,23319.98,20240627,-2198.350000000002
PAY0004675,ORD004675,2024-10-05,Debit Card,39522.41,Success,2024-10-05,39522.41,20241005,0.0
PAY0004676,ORD004676,2024-10-30,Credit Card,32012.67,Success,2024-10-29,32012.67,20241029,0.0
PAY0004677,ORD004677,2024-05-06,Debit Card,16680.42,Success,2024-05-03,16680.42,20240503,0.0
PAY0004678,ORD004678,2024-04-27,Wallet,11521.52,Failed,2024-04-24,11521.52,20240424,0.0
PAY0004679,ORD004679,2023-04-01,Cash on Delivery,21135.79,Success,2023-03-29,21135.79,20230329,0.0
PAY0004680,ORD004680,2024-09-29,Cash on Delivery,5518.05,Success,2024-09-29,5518.05,20240929,0.0
PAY0004681,ORD004681,2024-05-19,UPI,15117.68,Success,2024-05-17,15117.68,20240517,0.0
PAY0004682,ORD004682,2024-11-17,Credit Card,13052.85,Success,2024-11-16,13052.85,20241116,0.0
PAY0004683,ORD004683,2023-10-06,Net Banking,15213.09,Success,2023-10-06,15213.09,20231006,0.0
PAY0004684,ORD004684,2024-08-02,Wallet,1891.88,Success,2024-08-01,1891.88,20240801,0.0
PAY0004685,ORD004685,2024-04-26,Net Banking,34246.25,Success,2024-04-26,30656.370000000003,20240426,-3589.8799999999974
PAY0004686,ORD004686,2024-08-10,Credit Card,2802.4,Success,2024-08-08,2802.3999999999996,20240808,-4.547473508864641e-13
PAY0004687,ORD004687,2024-08-19,Cash on Delivery,12451.6,Success,2024-08-18,12451.599999999999,20240818,-1.8189894035458565e-12
PAY0004688,ORD004688,2023-01-27,Wallet,18096.46,Success,2023-01-24,18096.46,20230124,0.0
PAY0004689,ORD004689,2024-04-22,Net Banking,7671.9,Success,2024-04-20,7671.9,20240420,0.0
PAY0004690,ORD004690,2023-10-22,UPI,26539.34,Success,2023-10-20,26539.34,20231020,0.0
PAY0004691,ORD004691,2024-03-18,Wallet,11458.61,Success,2024-03-18,11458.61,20240318,0.0
PAY0004692,ORD004692,2023-10-13,Wallet,3559.67,Success,2023-10-12,3559.67,20231012,0.0
PAY0004693,ORD004693,2023-04-26,UPI,1789.22,Success,2023-04-25,1789.22,20230425,0.0
PAY0004694,ORD004694,2023-06-27,Wallet,10670.79,Success,2023-06-27,10670.79,20230627,0.0
PAY0004695,ORD004695,2023-12-26,Net Banking,9618.259999999998,Refunded,2023-12-24,9618.259999999998,20231224,0.0
PAY0004696,ORD004696,2023-08-05,Cash on Delivery,32961.14,Success,2023-08-02,32961.14,20230802,0.0
PAY0004697,ORD004697,2023-11-14,UPI,31975.44,Success,2023-11-12,31975.440000000002,20231112,3.637978807091713e-12
PAY0004698,ORD004698,2023-11-03,UPI,18653.620000000003,Success,2023-11-03,18653.620000000003,20231103,0.0
PAY0004699,ORD004699,2023-10-16,Debit Card,621.23,Success,2023-10-13,621.23,20231013,0.0
PAY0004700,ORD004700,2024-10-18,Debit Card,8182.59,Success,2024-10-16,8182.59,20241016,0.0
PAY0004701,ORD004701,2023-11-07,UPI,4715.7,Success,2023-11-04,4715.7,20231104,0.0
PAY0004702,ORD004702,2024-07-21,UPI,23959.69,Success,2024-07-20,23959.690000000002,20240720,3.637978807091713e-12
PAY0004703,ORD004703,2023-12-25,Debit Card,16250.28,Success,2023-12-24,16250.28,20231224,0.0
PAY0004704,ORD004704,2024-08-02,Cash on Delivery,10807.84,Success,2024-07-30,10807.84,20240730,0.0
PAY0004705,ORD004705,2024-10-25,Credit Card,405.13,Success,2024-10-23,467.33,20241023,62.19999999999999
PAY0004706,ORD004706,2024-07-25,Credit Card,432.92,Success,2024-07-25,477.27,20240725,44.349999999999966
PAY0004707,ORD004707,2023-06-13,Credit Card,1451.31,Success,2023-06-12,1451.31,20230612,0.0
PAY0004708,ORD004708,2023-11-10,Cash on Delivery,11874.77,Success,2023-11-10,11874.77,20231110,0.0
PAY0004709,ORD004709,2023-07-04,Cash on Delivery,5515.62,Success,2023-07-03,5515.62,20230703,0.0
PAY0004710,ORD004710,2024-08-15,Debit Card,1516.26,Success,2024-08-12,1516.26,20240812,0.0
PAY0004711,ORD004711,2023-12-28,Net Banking,21434.58,Success,2023-12-27,21434.58,20231227,0.0
PAY0004712,ORD004712,2024-11-23,Net Banking,6915.22,Success,2024-11-22,6915.22,20241122,0.0
PAY0004713,ORD004713,2024-04-17,Cash on Delivery,11036.1,Success,2024-04-17,11036.1,20240417,0.0
PAY0004714,ORD004714,2024-08-08,Net Banking,2576.9,Success,2024-08-06,2576.9,20240806,0.0
PAY0004715,ORD004715,2024-03-22,UPI,7201.82,Success,2024-03-22,7201.82,20240322,0.0
PAY0004716,ORD004716,2024-01-30,Net Banking,6228.360000000001,Success,2024-01-28,6228.360000000001,20240128,0.0
PAY0004717,ORD004717,2024-09-03,UPI,11549.43,Success,2024-09-03,11549.43,20240903,0.0
PAY0004718,ORD004718,2023-04-14,Debit Card,16514.46,Success,2023-04-13,16514.46,20230413,0.0
PAY0004719,ORD004719,2023-01-20,Cash on Delivery,5051.08,Failed,2023-01-19,5051.08,20230119,0.0
PAY0004720,ORD004720,2024-08-06,Debit Card,34493.990000000005,Success,2024-08-03,34493.990000000005,20240803,0.0
PAY0004721,ORD004721,2024-04-12,UPI,43741.84,Success,2024-04-12,43741.840000000004,20240412,7.275957614183426e-12
PAY0004722,ORD004722,2024-09-30,Net Banking,25674.46,Success,2024-09-27,25674.46,20240927,0.0
PAY0004723,ORD004723,2024-01-17,Cash on Delivery,15966.04,Success,2024-01-14,15966.04,20240114,0.0
PAY0004724,ORD004724,2024-06-10,Net Banking,488.42,Success,2024-06-07,495.09,20240607,6.669999999999959
PAY0004725,ORD004725,2024-05-03,Wallet,4559.98,Success,2024-05-03,4559.98,20240503,0.0
PAY0004726,ORD004726,2023-10-10,Debit Card,35095.37,Success,2023-10-09,35095.37,20231009,0.0
PAY0004727,ORD004727,2024-05-28,Cash on Delivery,16570.38,Success,2024-05-26,16570.38,20240526,0.0
PAY0004728,ORD004728,2023-08-08,Net Banking,24198.34,Success,2023-08-07,24198.340000000004,20230807,3.637978807091713e-12
PAY0004729,ORD004729,2023-03-27,Cash on Delivery,40787.600000000006,Success,2023-03-27,40787.6,20230327,-7.275957614183426e-12
PAY0004730,ORD004730,2023-03-23,UPI,26510.44,Success,2023-03-20,26510.440000000002,20230320,3.637978807091713e-12
PAY0004731,ORD004731,2023-01-19,Wallet,27074.77,Refunded,2023-01-16,27074.769999999997,20230116,-3.637978807091713e-12
PAY0004732,ORD004732,2024-03-14,Wallet,13439.45,Failed,2024-03-12,13439.45,20240312,0.0
PAY0004733,ORD004733,2023-09-14,Net Banking,9425.24,Failed,2023-09-13,9425.24,20230913,0.0
PAY0004734,ORD004734,2024-07-26,Credit Card,1195.14,Success,2024-07-24,1195.14,20240724,0.0
PAY0004735,ORD004735,2023-03-29,Credit Card,37741.17,Success,2023-03-26,37741.17,20230326,0.0
PAY0004736,ORD004736,2024-09-17,Debit Card,18232.83,Success,2024-09-17,18232.83,20240917,0.0
PAY0004737,ORD004737,2023-10-08,Net Banking,16446.07,Success,2023-10-08,16446.07,20231008,0.0
PAY0004738,ORD004738,2023-09-20,Wallet,5358.09,Success,2023-09-20,5358.09,20230920,0.0
PAY0004739,ORD004739,2023-12-26,Wallet,19500.15,Success,2023-12-25,19500.15,20231225,0.0
PAY0004740,ORD004740,2024-02-03,Net Banking,1242.21,Success,2024-02-01,1242.21,20240201,0.0
PAY0004741,ORD004741,2024-05-18,Wallet,19703.01,Success,2024-05-18,19703.01,20240518,0.0
PAY0004742,ORD004742,2023-04-24,Cash on Delivery,6703.56,Success,2023-04-22,6703.5599999999995,20230422,-9.094947017729282e-13
PAY0004743,ORD004743,2023-02-28,Wallet,15676.79,Success,2023-02-26,15676.79,20230226,0.0
PAY0004744,ORD004744,2023-12-30,Credit Card,17952.27,Pending,2023-12-29,17952.27,20231229,0.0
PAY0004745,ORD004745,2024-01-29,UPI,15117.65,Pending,2024-01-26,15117.65,20240126,0.0
PAY0004746,ORD004746,2023-11-06,Net Banking,60426.57000000001,Success,2023-11-03,60426.57,20231103,-7.275957614183426e-12
PAY0004747,ORD004747,2024-02-20,Cash on Delivery,24859.74,Refunded,2024-02-19,24859.739999999998,20240219,-3.637978807091713e-12
PAY0004748,ORD004748,2023-03-11,UPI,34206.33,Failed,2023-03-08,34206.33,20230308,0.0
PAY0004749,ORD004749,2024-02-27,Debit Card,15107.86,Success,2024-02-25,15107.86,20240225,0.0
PAY0004750,ORD004750,2023-03-06,Debit Card,3837.89,Success,2023-03-06,3837.89,20230306,0.0
PAY0004751,ORD004751,2024-04-01,Cash on Delivery,7087.94,Pending,2024-03-31,7087.94,20240331,0.0
PAY0004752,ORD004752,2024-03-16,UPI,8414.27,Success,2024-03-15,8414.27,20240315,0.0
PAY0004753,ORD004753,2023-06-08,UPI,25410.92,Success,2023-06-07,25410.920000000002,20230607,3.637978807091713e-12
PAY0004754,ORD004754,2023-04-21,Net Banking,5201.92,Success,2023-04-18,5201.92,20230418,0.0
PAY0004755,ORD004755,2023-11-30,Cash on Delivery,12683.0,Success,2023-11-27,12683.0,20231127,0.0
PAY0004756,ORD004756,2023-12-26,Net Banking,18272.14,Refunded,2023-12-23,18272.14,20231223,0.0
PAY0004757,ORD004757,2024-04-30,UPI,35735.14,Success,2024-04-29,35735.14,20240429,0.0
PAY0004758,ORD004758,2024-03-26,Wallet,5694.29,Success,2024-03-23,5694.29,20240323,0.0
PAY0004759,ORD004759,2024-03-16,Wallet,16033.96,Success,2024-03-14,16033.96,20240314,0.0
PAY0004760,ORD004760,2024-07-22,Credit Card,27664.78,Success,2024-07-20,27664.78,20240720,0.0
PAY0004761,ORD004761,2023-06-06,Debit Card,30582.91,Pending,2023-06-04,30582.91,20230604,0.0
PAY0004762,ORD004762,2024-07-01,Credit Card,16547.1,Success,2024-07-01,16547.1,20240701,0.0
PAY0004763,ORD004763,2024-06-21,Cash on Delivery,6559.01,Success,2024-06-20,6559.01,20240620,0.0
PAY0004764,ORD004764,2024-08-23,Net Banking,33980.43,Success,2024-08-21,33980.43,20240821,0.0
PAY0004765,ORD004765,2024-08-29,Debit Card,8031.08,Success,2024-08-28,8031.08,20240828,0.0
PAY0004766,ORD004766,2023-12-17,Wallet,20670.43,Success,2023-12-17,20670.43,20231217,0.0
PAY0004767,ORD004767,2023-01-18,Net Banking,1451.31,Success,2023-01-15,1451.31,20230115,0.0
PAY0004768,ORD004768,2023-03-15,Credit Card,19656.11,Pending,2023-03-13,19656.11,20230313,0.0
PAY0004769,ORD004769,2023-09-07,Net Banking,14814.16,Success,2023-09-04,14814.16,20230904,0.0
PAY0004770,ORD004770,2024-10-02,Wallet,515.52,Success,2024-09-29,515.52,20240929,0.0
PAY0004771,ORD004771,2024-03-25,Cash on Delivery,862.91,Success,2024-03-22,862.91,20240322,0.0
PAY0004772,ORD004772,2024-07-08,Net Banking,16896.53,Success,2024-07-08,16896.53,20240708,0.0
PAY0004773,ORD004773,2023-05-18,Net Banking,4014.87,Success,2023-05-16,4014.87,20230516,0.0
PAY0004774,ORD004774,2023-03-05,Wallet,3482.15,Success,2023-03-04,3482.15,20230304,0.0
PAY0004775,ORD004775,2023-01-24,Net Banking,10345.57,Success,2023-01-21,10345.57,20230121,0.0
PAY0004776,ORD004776,2023-07-29,Net Banking,4477.98,Refunded,2023-07-29,4477.98,20230729,0.0
PAY0004777,ORD004777,2024-10-13,Net Banking,16178.750000000002,Pending,2024-10-13,16178.75,20241013,-1.8189894035458565e-12
PAY0004778,ORD004778,2024-03-25,Credit Card,2622.81,Success,2024-03-23,2622.81,20240323,0.0
PAY0004779,ORD004779,2024-08-02,Wallet,11494.25,Success,2024-07-31,11494.25,20240731,0.0
PAY0004780,ORD004780,2024-10-29,Debit Card,33913.88,Success,2024-10-27,33913.88,20241027,0.0
PAY0004781,ORD004781,2023-02-10,UPI,22297.46,Success,2023-02-09,22297.46,20230209,0.0
PAY0004782,ORD004782,2023-01-06,Net Banking,10555.53,Success,2023-01-06,10555.529999999999,20230106,-1.8189894035458565e-12
PAY0004783,ORD004783,2024-07-21,UPI,13008.06,Success,2024-07-21,13008.06,20240721,0.0
PAY0004784,ORD004784,2024-08-16,Credit Card,26311.78,Success,2024-08-13,26311.78,20240813,0.0
PAY0004785,ORD004785,2023-01-06,Credit Card,28119.48,Success,2023-01-05,28119.48,20230105,0.0
PAY0004786,ORD004786,2024-09-30,UPI,6218.13,Success,2024-09-30,6218.13,20240930,0.0
PAY0004787,ORD004787,2024-06-07,Net Banking,15626.11,Success,2024-06-04,15626.11,20240604,0.0
PAY0004788,ORD004788,2023-06-14,Net Banking,1002.4,Success,2023-06-13,1002.4000000000001,20230613,1.1368683772161603e-13
PAY0004789,ORD004789,2023-08-18,Net Banking,11124.19,Success,2023-08-18,11124.19,20230818,0.0
PAY0004790,ORD004790,2023-11-25,Debit Card,2803.77,Success,2023-11-24,2803.77,20231124,0.0
PAY0004791,ORD004791,2024-04-25,Debit Card,2043.03,Success,2024-04-24,2043.03,20240424,0.0
PAY0004792,ORD004792,2023-01-14,UPI,6787.139999999999,Success,2023-01-14,6787.139999999999,20230114,0.0
PAY0004793,ORD004793,2024-10-14,UPI,26189.09,Success,2024-10-12,23950.08,20241012,-2239.0099999999984
PAY0004794,ORD004794,2023-04-15,UPI,5066.02,Success,2023-04-15,5066.02,20230415,0.0
PAY0004795,ORD004795,2023-10-11,Credit Card,5338.8,Success,2023-10-09,5338.8,20231009,0.0
PAY0004796,ORD004796,2023-08-11,Debit Card,13118.02,Success,2023-08-10,13118.02,20230810,0.0
PAY0004797,ORD004797,2024-07-31,Cash on Delivery,17170.53,Success,2024-07-29,17170.53,20240729,0.0
PAY0004798,ORD004798,2023-07-28,Net Banking,3763.45,Success,2023-07-27,3352.35,20230727,-411.0999999999999
PAY0004799,ORD004799,2024-09-11,Cash on Delivery,5910.44,Refunded,2024-09-09,5910.44,20240909,0.0
PAY0004800,ORD004800,2024-03-25,Cash on Delivery,35976.9,Failed,2024-03-25,35976.9,20240325,0.0
PAY0004801,ORD004801,2023-11-03,UPI,19822.39,Success,2023-11-01,19822.39,20231101,0.0
PAY0004802,ORD004802,2024-08-05,Net Banking,10508.19,Success,2024-08-04,10508.19,20240804,0.0
PAY0004803,ORD004803,2023-08-04,Wallet,1688.31,Success,2023-08-01,1688.31,20230801,0.0
PAY0004804,ORD004804,2023-11-20,Wallet,2533.01,Success,2023-11-19,2533.01,20231119,0.0
PAY0004805,ORD004805,2023-05-02,Wallet,2500.46,Success,2023-05-01,2500.46,20230501,0.0
PAY0004806,ORD004806,2024-01-28,UPI,14460.64,Success,2024-01-26,14460.64,20240126,0.0
PAY0004807,ORD004807,2024-08-16,Credit Card,11521.52,Pending,2024-08-15,11521.52,20240815,0.0
PAY0004808,ORD004808,2023-05-13,Wallet,13018.8,Success,2023-05-12,13018.8,20230512,0.0
PAY0004809,ORD004809,2024-06-22,Net Banking,6326.27,Success,2024-06-21,6326.27,20240621,0.0
PAY0004810,ORD004810,2023-12-01,Wallet,1449.19,Success,2023-11-29,1449.19,20231129,0.0
PAY0004811,ORD004811,2023-01-07,Wallet,24175.85,Success,2023-01-06,24175.850000000002,20230106,3.637978807091713e-12
PAY0004812,ORD004812,2024-03-17,Debit Card,21886.04,Success,2024-03-15,21886.04,20240315,0.0
PAY0004813,ORD004813,2023-06-15,Wallet,4811.58,Success,2023-06-14,4811.58,20230614,0.0
PAY0004814,ORD004814,2023-07-30,Debit Card,895.09,Success,2023-07-27,895.09,20230727,0.0
PAY0004815,ORD004815,2024-06-27,UPI,8536.54,Success,2024-06-26,8536.54,20240626,0.0
PAY0004816,ORD004816,2024-07-31,UPI,458.79,Success,2024-07-31,458.79,20240731,0.0
PAY0004817,ORD004817,2024-05-28,Cash on Delivery,12580.19,Success,2024-05-26,12580.189999999999,20240526,-1.8189894035458565e-12
PAY0004818,ORD004818,2023-04-18,Wallet,4462.44,Pending,2023-04-17,4979.64,20230417,517.2000000000007
PAY0004819,ORD004819,2023-07-15,UPI,65866.83,Failed,2023-07-12,65866.83,20230712,0.0
PAY0004820,ORD004820,2024-03-09,Debit Card,3777.49,Success,2024-03-09,3777.4900000000002,20240309,4.547473508864641e-13
PAY0004821,ORD004821,2024-06-01,Wallet,26152.29,Success,2024-05-31,26152.29,20240531,0.0
PAY0004822,ORD004822,2023-06-18,Wallet,32210.02,Refunded,2023-06-17,32210.02,20230617,0.0
PAY0004823,ORD004823,2024-03-09,UPI,922.74,Success,2024-03-08,922.74,20240308,0.0
PAY0004824,ORD004824,2023-04-16,Net Banking,9608.14,Pending,2023-04-14,9608.14,20230414,0.0
PAY0004825,ORD004825,2023-08-14,Debit Card,28035.800000000003,Success,2023-08-11,28035.8,20230811,-3.637978807091713e-12
PAY0004826,ORD004826,2024-09-25,Net Banking,22332.71,Success,2024-09-24,22332.71,20240924,0.0
PAY0004827,ORD004827,2024-07-19,Net Banking,17096.21,Refunded,2024-07-18,17096.21,20240718,0.0
PAY0004828,ORD004828,2023-07-17,Net Banking,9346.82,Success,2023-07-17,9346.82,20230717,0.0
PAY0004829,ORD004829,2024-10-14,UPI,6329.94,Failed,2024-10-11,6329.94,20241011,0.0
PAY0004830,ORD004830,2023-02-02,Net Banking,9881.26,Success,2023-01-31,9881.26,20230131,0.0
PAY0004831,ORD004831,2024-08-17,Wallet,4228.51,Success,2024-08-14,4228.51,20240814,0.0
PAY0004832,ORD004832,2023-01-11,Wallet,12751.29,Success,2023-01-09,12751.29,20230109,0.0
PAY0004833,ORD004833,2023-09-07,Debit Card,18849.48,Failed,2023-09-04,18849.48,20230904,0.0
PAY0004834,ORD004834,2024-05-26,Cash on Delivery,2504.54,Success,2024-05-23,2504.54,20240523,0.0
PAY0004835,ORD004835,2024-05-14,Credit Card,1089.97,Success,2024-05-13,1089.97,20240513,0.0
PAY0004836,ORD004836,2023-10-21,Net Banking,53350.0,Success,2023-10-18,53350.0,20231018,0.0
PAY0004837,ORD004837,2024-02-03,Debit Card,19790.4,Success,2024-02-02,19790.4,20240202,0.0
PAY0004838,ORD004838,2023-09-12,Debit Card,34703.4,Success,2023-09-10,34703.4,20230910,0.0
PAY0004839,ORD004839,2023-12-29,UPI,5788.42,Success,2023-12-27,5788.42,20231227,0.0
PAY0004840,ORD004840,2023-01-15,Wallet,7924.82,Success,2023-01-15,7924.82,20230115,0.0
PAY0004841,ORD004841,2023-04-28,Debit Card,16829.0,Success,2023-04-28,16829.0,20230428,0.0
PAY0004842,ORD004842,2024-09-08,Credit Card,46299.10999999999,Refunded,2024-09-06,46299.11,20240906,7.275957614183426e-12
PAY0004843,ORD004843,2023-11-21,UPI,2602.67,Success,2023-11-20,2602.67,20231120,0.0
PAY0004844,ORD004844,2024-03-10,Cash on Delivery,2762.98,Success,2024-03-08,2762.98,20240308,0.0
PAY0004845,ORD004845,2023-06-16,Net Banking,6198.05,Success,2023-06-15,6198.05,20230615,0.0
PAY0004846,ORD004846,2023-04-15,Net Banking,38043.600000000006,Success,2023-04-12,38043.600000000006,20230412,0.0
PAY0004847,ORD004847,2024-07-24,Cash on Delivery,19331.46,Success,2024-07-24,19331.46,20240724,0.0
PAY0004848,ORD004848,2024-07-05,Debit Card,16671.86,Success,2024-07-03,16671.86,20240703,0.0
PAY0004849,ORD004849,2024-03-09,Debit Card,7972.8,Success,2024-03-09,7972.8,20240309,0.0
PAY0004850,ORD004850,2023-04-02,Credit Card,3400.83,Success,2023-03-30,3400.83,20230330,0.0
PAY0004851,ORD004851,2023-02-24,Wallet,11875.44,Success,2023-02-23,11875.44,20230223,0.0
PAY0004852,ORD004852,2024-08-17,Cash on Delivery,23555.88,Success,2024-08-16,23555.879999999997,20240816,-3.637978807091713e-12
PAY0004853,ORD004853,2023-02-02,Debit Card,14803.1,Success,2023-02-02,14803.099999999999,20230202,-1.8189894035458565e-12
PAY0004854,ORD004854,2024-10-13,Debit Card,7103.23,Success,2024-10-13,7103.23,20241013,0.0
PAY0004855,ORD004855,2024-08-05,Debit Card,21495.52,Success,2024-08-03,21495.52,20240803,0.0
PAY0004856,ORD004856,2024-01-02,UPI,24605.09,Success,2023-12-31,24464.71,20231231,-140.38000000000102
PAY0004857,ORD004857,2023-02-12,Credit Card,7259.53,Success,2023-02-09,7259.53,20230209,0.0
PAY0004858,ORD004858,2023-05-14,Net Banking,5054.13,Success,2023-05-14,5296.79,20230514,242.65999999999985
PAY0004859,ORD004859,2024-10-25,Net Banking,21062.63,Success,2024-10-24,21062.629999999997,20241024,-3.637978807091713e-12
PAY0004860,ORD004860,2024-08-08,Credit Card,13395.47,Pending,2024-08-07,13395.470000000001,20240807,1.8189894035458565e-12
PAY0004861,ORD004861,2023-06-11,Net Banking,17212.07,Success,2023-06-11,17212.07,20230611,0.0
PAY0004862,ORD004862,2024-08-09,Net Banking,5910.44,Refunded,2024-08-06,5910.44,20240806,0.0
PAY0004863,ORD004863,2023-03-12,UPI,7201.82,Success,2023-03-09,7201.82,20230309,0.0
PAY0004864,ORD004864,2023-01-03,Debit Card,33063.81,Success,2023-01-01,33063.81,20230101,0.0
PAY0004865,ORD004865,2024-04-17,Net Banking,29853.08,Success,2024-04-14,29853.08,20240414,0.0
PAY0004866,ORD004866,2023-12-15,Cash on Delivery,498.3,Refunded,2023-12-13,498.3,20231213,0.0
PAY0004867,ORD004867,2023-10-20,UPI,7304.74,Refunded,2023-10-19,7304.74,20231019,0.0
PAY0004868,ORD004868,2023-06-12,Debit Card,12540.72,Success,2023-06-10,12540.720000000001,20230610,1.8189894035458565e-12
PAY0004869,ORD004869,2024-07-05,Credit Card,13316.41,Pending,2024-07-04,15281.83,20240704,1965.42
PAY0004870,ORD004870,2023-11-23,Net Banking,953.24,Success,2023-11-21,953.24,20231121,0.0
PAY0004871,ORD004871,2023-06-20,Wallet,12645.42,Success,2023-06-17,12645.42,20230617,0.0
PAY0004872,ORD004872,2024-02-15,UPI,32033.52,Success,2024-02-13,32033.52,20240213,0.0
PAY0004873,ORD004873,2024-09-12,Credit Card,5382.95,Success,2024-09-09,5382.95,20240909,0.0
PAY0004874,ORD004874,2023-08-22,Credit Card,52583.87,Pending,2023-08-21,52583.869999999995,20230821,-7.275957614183426e-12
PAY0004875,ORD004875,2024-03-16,Cash on Delivery,16659.940000000002,Success,2024-03-14,16659.94,20240314,-3.637978807091713e-12
PAY0004876,ORD004876,2023-11-02,Credit Card,4549.33,Success,2023-10-30,4549.33,20231030,0.0
PAY0004877,ORD004877,2023-10-09,Debit Card,12543.57,Success,2023-10-08,12543.57,20231008,0.0
PAY0004878,ORD004878,2023-04-16,Net Banking,8817.4,Success,2023-04-16,8817.4,20230416,0.0
PAY0004879,ORD004879,2023-01-25,Debit Card,27738.54,Success,2023-01-23,28269.03,20230123,530.489999999998
PAY0004880,ORD004880,2024-06-07,Debit Card,9420.21,Success,2024-06-04,9420.21,20240604,0.0
PAY0004881,ORD004881,2023-05-06,Cash on Delivery,42042.9,Success,2023-05-05,42042.9,20230505,0.0
PAY0004882,ORD004882,2024-04-27,UPI,5446.6,Success,2024-04-26,5446.6,20240426,0.0
PAY0004883,ORD004883,2023-01-02,Credit Card,1360.33,Success,2023-01-02,1360.33,20230102,0.0
PAY0004884,ORD004884,2023-09-25,UPI,15601.98,Success,2023-09-25,15601.98,20230925,0.0
PAY0004885,ORD004885,2024-10-28,Cash on Delivery,9778.14,Success,2024-10-28,9778.14,20241028,0.0
PAY0004886,ORD004886,2023-01-29,Credit Card,22316.28,Success,2023-01-28,22316.28,20230128,0.0
PAY0004887,ORD004887,2024-08-28,UPI,11837.8,Success,2024-08-28,11837.800000000001,20240828,1.8189894035458565e-12
PAY0004888,ORD004888,2024-11-04,Credit Card,20694.69,Success,2024-11-02,20694.69,20241102,0.0
PAY0004889,ORD004889,2023-05-07,Net Banking,23085.53,Success,2023-05-07,23085.53,20230507,0.0
PAY0004890,ORD004890,2024-02-07,Credit Card,28685.89,Success,2024-02-07,28685.89,20240207,0.0
PAY0004891,ORD004891,2023-09-26,Wallet,9521.28,Success,2023-09-26,9521.28,20230926,0.0
PAY0004892,ORD004892,2024-10-15,UPI,17831.8,Failed,2024-10-12,17831.8,20241012,0.0
PAY0004893,ORD004893,2023-01-27,Net Banking,477.27,Success,2023-01-26,477.27,20230126,0.0
PAY0004894,ORD004894,2024-01-31,Credit Card,19823.87,Refunded,2024-01-30,19823.87,20240130,0.0
PAY0004895,ORD004895,2023-05-15,Net Banking,8248.470000000001,Success,2023-05-14,8248.470000000001,20230514,0.0
PAY0004896,ORD004896,2024-06-21,Cash on Delivery,5799.72,Success,2024-06-21,5799.72,20240621,0.0
PAY0004897,ORD004897,2024-03-29,Net Banking,2837.82,Success,2024-03-27,2837.82,20240327,0.0
PAY0004898,ORD004898,2024-09-27,UPI,10725.29,Failed,2024-09-27,10725.29,20240927,0.0
PAY0004899,ORD004899,2024-06-18,Wallet,15092.08,Success,2024-06-15,15092.08,20240615,0.0
PAY0004900,ORD004900,2024-07-13,Credit Card,19258.89,Success,2024-07-12,19258.89,20240712,0.0
PAY0004901,ORD004901,2023-06-09,Net Banking,22567.7,Success,2023-06-07,22567.7,20230607,0.0
PAY0004902,ORD004902,2024-03-08,Wallet,32326.22,Success,2024-03-05,32326.22,20240305,0.0
PAY0004903,ORD004903,2024-05-08,Net Banking,30728.54,Success,2024-05-08,30728.539999999997,20240508,-3.637978807091713e-12
PAY0004904,ORD004904,2024-01-06,UPI,29184.54,Success,2024-01-05,29184.54,20240105,0.0
PAY0004905,ORD004905,2024-08-11,Net Banking,4590.52,Success,2024-08-10,4590.52,20240810,0.0
PAY0004906,ORD004906,2023-12-06,UPI,2678.2,Success,2023-12-04,2678.2,20231204,0.0
PAY0004907,ORD004907,2024-04-21,Cash on Delivery,248.15,Success,2024-04-20,248.15,20240420,0.0
PAY0004908,ORD004908,2023-02-15,Net Banking,3816.19,Refunded,2023-02-14,3816.19,20230214,0.0
PAY0004909,ORD004909,2024-01-03,Cash on Delivery,12002.14,Success,2024-01-01,12002.14,20240101,0.0
PAY0004910,ORD004910,2023-05-06,Cash on Delivery,2218.24,Success,2023-05-04,2374.01,20230504,155.77000000000044
PAY0004911,ORD004911,2024-10-28,Credit Card,3307.17,Success,2024-10-27,3307.17,20241027,0.0
PAY0004912,ORD004912,2024-05-23,Wallet,31709.83,Success,2024-05-22,31709.83,20240522,0.0
PAY0004913,ORD004913,2024-10-12,Wallet,7394.969999999999,Success,2024-10-10,7394.969999999999,20241010,0.0
PAY0004914,ORD004914,2023-07-14,Wallet,12575.8,Success,2023-07-11,12575.8,20230711,0.0
PAY0004915,ORD004915,2023-04-02,Wallet,12369.85,Success,2023-04-01,10802.22,20230401,-1567.630000000001
PAY0004916,ORD004916,2024-05-19,Credit Card,4207.25,Success,2024-05-18,4207.25,20240518,0.0
PAY0004917,ORD004917,2023-11-17,Debit Card,19491.9,Success,2023-11-14,19491.9,20231114,0.0
PAY0004918,ORD004918,2024-09-02,UPI,1069.74,Failed,2024-08-30,1069.74,20240830,0.0
PAY0004919,ORD004919,2024-11-01,Cash on Delivery,15283.34,Success,2024-10-29,15283.34,20241029,0.0
PAY0004920,ORD004920,2024-08-12,Wallet,7622.23,Success,2024-08-11,7622.23,20240811,0.0
PAY0004921,ORD004921,2024-04-09,UPI,11379.41,Success,2024-04-06,11379.41,20240406,0.0
PAY0004922,ORD004922,2023-03-02,Credit Card,37918.17999999999,Success,2023-03-02,37918.17999999999,20230302,0.0
PAY0004923,ORD004923,2023-02-01,Wallet,3506.84,Success,2023-02-01,3506.84,20230201,0.0
PAY0004924,ORD004924,2024-05-03,UPI,5723.51,Success,2024-05-03,5723.51,20240503,0.0
PAY0004925,ORD004925,2024-03-16,UPI,28053.57,Success,2024-03-15,28053.57,20240315,0.0
PAY0004926,ORD004926,2023-01-11,UPI,7110.6,Success,2023-01-10,7110.6,20230110,0.0
PAY0004927,ORD004927,2023-01-02,Wallet,14259.6,Success,2023-01-02,14259.6,20230102,0.0
PAY0004928,ORD004928,2023-12-17,UPI,5127.08,Success,2023-12-17,5127.08,20231217,0.0
PAY0004929,ORD004929,2024-01-08,UPI,11567.83,Success,2024-01-07,11567.83,20240107,0.0
PAY0004930,ORD004930,2024-05-09,Cash on Delivery,24032.99,Success,2024-05-06,25513.71,20240506,1480.7199999999975
PAY0004931,ORD004931,2023-11-29,Net Banking,1065.44,Pending,2023-11-29,1065.44,20231129,0.0
PAY0004932,ORD004932,2024-09-21,Debit Card,35349.770000000004,Refunded,2024-09-18,35349.770000000004,20240918,0.0
PAY0004933,ORD004933,2023-11-18,Credit Card,25495.43,Success,2023-11-15,25495.43,20231115,0.0
PAY0004934,ORD004934,2023-12-11,UPI,28700.83,Pending,2023-12-09,28700.83,20231209,0.0
PAY0004935,ORD004935,2023-06-20,Cash on Delivery,20994.32,Success,2023-06-18,20994.32,20230618,0.0
PAY0004936,ORD004936,2024-10-14,UPI,3944.29,Success,2024-10-12,3944.29,20241012,0.0
PAY0004937,ORD004937,2023-04-28,Debit Card,20602.38,Success,2023-04-25,20602.38,20230425,0.0
PAY0004938,ORD004938,2024-09-12,UPI,14181.78,Success,2024-09-10,14181.779999999999,20240910,-1.8189894035458565e-12
PAY0004939,ORD004939,2023-10-05,Debit Card,2525.54,Success,2023-10-03,2525.54,20231003,0.0
PAY0004940,ORD004940,2024-03-30,Cash on Delivery,9032.92,Success,2024-03-29,9032.92,20240329,0.0
PAY0004941,ORD004941,2024-03-30,Net Banking,30094.75,Success,2024-03-29,30094.75,20240329,0.0
PAY0004942,ORD004942,2023-10-06,Net Banking,10802.22,Failed,2023-10-05,10802.22,20231005,0.0
PAY0004943,ORD004943,2023-08-15,Debit Card,17503.04,Success,2023-08-13,17503.04,20230813,0.0
PAY0004944,ORD004944,2024-04-11,Credit Card,246.43,Success,2024-04-08,246.43,20240408,0.0
PAY0004945,ORD004945,2024-04-11,Debit Card,16312.35,Pending,2024-04-11,16312.35,20240411,0.0
PAY0004946,ORD004946,2023-07-02,UPI,4257.95,Success,2023-07-01,4257.95,20230701,0.0
PAY0004947,ORD004947,2023-02-07,Wallet,1657.41,Success,2023-02-06,1657.41,20230206,0.0
PAY0004948,ORD004948,2024-08-29,Debit Card,15062.3,Success,2024-08-27,15062.3,20240827,0.0
PAY0004949,ORD004949,2024-01-29,Cash on Delivery,1222.58,Success,2024-01-29,1222.58,20240129,0.0
PAY0004950,ORD004950,2024-04-02,Credit Card,24451.39,Pending,2024-04-01,24451.39,20240401,0.0
PAY0004951,ORD004951,2023-07-07,UPI,27408.21,Success,2023-07-06,27408.21,20230706,0.0
PAY0004952,ORD004952,2024-10-21,Cash on Delivery,7489.29,Success,2024-10-18,7489.29,20241018,0.0
PAY0004953,ORD004953,2024-11-12,Credit Card,7632.38,Success,2024-11-10,7632.38,20241110,0.0
PAY0004954,ORD004954,2024-04-26,Credit Card,18081.9,Success,2024-04-25,18081.9,20240425,0.0
PAY0004955,ORD004955,2023-03-07,Net Banking,26651.8,Success,2023-03-06,26651.8,20230306,0.0
PAY0004956,ORD004956,2023-01-24,Debit Card,21174.35,Success,2023-01-24,21174.35,20230124,0.0
PAY0004957,ORD004957,2023-10-17,Credit Card,22233.83,Success,2023-10-16,22233.83,20231016,0.0
PAY0004958,ORD004958,2023-12-04,Cash on Delivery,52186.55,Success,2023-12-03,52186.55,20231203,0.0
PAY0004959,ORD004959,2024-07-27,Net Banking,24599.44,Success,2024-07-27,24599.44,20240727,0.0
PAY0004960,ORD004960,2023-06-14,UPI,21513.89,Success,2023-06-14,21513.89,20230614,0.0
PAY0004961,ORD004961,2024-11-26,Net Banking,2259.53,Refunded,2024-11-25,2259.53,20241125,0.0
PAY0004962,ORD004962,2023-11-15,UPI,9552.76,Success,2023-11-12,9552.76,20231112,0.0
PAY0004963,ORD004963,2023-04-09,UPI,2065.16,Success,2023-04-09,2065.16,20230409,0.0
PAY0004964,ORD004964,2023-06-17,Debit Card,3033.5,Refunded,2023-06-17,3033.5,20230617,0.0
PAY0004965,ORD004965,2023-12-17,Wallet,17975.4,Pending,2023-12-17,17975.4,20231217,0.0
PAY0004966,ORD004966,2023-09-20,Net Banking,55216.36,Success,2023-09-19,55216.36,20230919,0.0
PAY0004967,ORD004967,2024-05-13,Credit Card,2984.72,Success,2024-05-10,2984.72,20240510,0.0
PAY0004968,ORD004968,2024-01-12,Wallet,10765.94,Success,2024-01-10,10765.94,20240110,0.0
PAY0004969,ORD004969,2024-09-15,Net Banking,48858.36,Success,2024-09-15,48858.36,20240915,0.0
PAY0004970,ORD004970,2024-03-06,Cash on Delivery,27101.19,Success,2024-03-05,27101.190000000002,20240305,3.637978807091713e-12
PAY0004971,ORD004971,2023-08-08,Debit Card,24714.48,Success,2023-08-05,24714.48,20230805,0.0
PAY0004972,ORD004972,2024-02-21,UPI,46846.16,Success,2024-02-18,46846.16,20240218,0.0
PAY0004973,ORD004973,2024-05-15,Debit Card,6680.83,Success,2024-05-12,6680.83,20240512,0.0
PAY0004974,ORD004974,2024-03-10,Credit Card,6945.86,Success,2024-03-08,6945.86,20240308,0.0
PAY0004975,ORD004975,2023-09-30,Wallet,26848.8,Success,2023-09-28,26848.8,20230928,0.0
PAY0004976,ORD004976,2023-05-02,UPI,18654.54,Success,2023-05-01,18654.54,20230501,0.0
PAY0004977,ORD004977,2023-04-15,Credit Card,5941.63,Success,2023-04-13,5941.63,20230413,0.0
PAY0004978,ORD004978,2024-01-14,Debit Card,20839.73,Success,2024-01-13,20839.73,20240113,0.0
PAY0004979,ORD004979,2023-08-11,Net Banking,9170.43,Success,2023-08-09,9170.43,20230809,0.0
PAY0004980,ORD004980,2023-06-05,Credit Card,604.74,Success,2023-06-03,604.74,20230603,0.0
PAY0004981,ORD004981,2023-08-01,UPI,11438.8,Success,2023-07-29,11438.8,20230729,0.0
PAY0004982,ORD004982,2023-12-02,Debit Card,26070.83,Success,2023-11-30,26070.83,20231130,0.0
PAY0004983,ORD004983,2024-01-21,Debit Card,16369.1,Success,2024-01-18,16369.099999999999,20240118,-1.8189894035458565e-12
PAY0004984,ORD004984,2024-06-22,Net Banking,10018.59,Failed,2024-06-19,10018.59,20240619,0.0
PAY0004985,ORD004985,2024-05-03,Credit Card,17170.53,Success,2024-05-02,17170.53,20240502,0.0
PAY0004986,ORD004986,2024-06-18,Net Banking,32439.200000000004,Success,2024-06-18,32439.2,20240618,-3.637978807091713e-12
PAY0004987,ORD004987,2023-06-11,Wallet,2234.77,Success,2023-06-11,2234.77,20230611,0.0
PAY0004988,ORD004988,2024-06-22,Credit Card,46250.25,Success,2024-06-20,46250.25,20240620,0.0
PAY0004989,ORD004989,2023-05-28,Debit Card,3002.04,Success,2023-05-28,3002.04,20230528,0.0
PAY0004990,ORD004990,2024-01-21,Wallet,19978.8,Success,2024-01-18,20462.56,20240118,483.76000000000204
PAY0004991,ORD004991,2023-01-29,Cash on Delivery,5163.4,Success,2023-01-26,5163.4,20230126,0.0
PAY0004992,ORD004992,2024-04-01,UPI,23926.0,Success,2024-03-30,20879.68,20240330,-3046.3199999999997
PAY0004993,ORD004993,2023-08-06,Net Banking,30268.36,Success,2023-08-05,30268.36,20230805,0.0
PAY0004994,ORD004994,2024-04-29,Debit Card,-4911.499999999999,Pending,2024-04-28,-4911.499999999999,20240428,0.0
PAY0004995,ORD004995,2024-06-04,Credit Card,7554.56,Refunded,2024-06-02,7554.56,20240602,0.0
PAY0004996,ORD004996,2023-06-06,Wallet,3140.64,Success,2023-06-03,3140.64,20230603,0.0
PAY0004997,ORD004997,2024-04-09,UPI,17405.239999999998,Success,2024-04-08,17405.239999999998,20240408,0.0
PAY0004998,ORD004998,2023-10-06,Wallet,33378.28,Success,2023-10-04,33378.28,20231004,0.0
PAY0004999,ORD004999,2023-06-09,Credit Card,1718.05,Success,2023-06-08,1514.54,20230608,-203.51
PAY0005000,ORD005000,2023-10-18,Debit Card,27053.07,Success,2023-10-15,27053.07,20231015,0.0
