item_id,order_id,product_id,customer_id,date_key,region_id,quantity,unit_price,discount,line_total,profit
ITEM0000001,ORD000001,PROD00068,CUST00933,20240404,7,2,1589.23,0.0,3178.46,760.3200000000002
ITEM0000002,ORD000002,PROD00230,CUST00752,20230518,3,2,8026.94,0.0,16053.88,8942.38
ITEM0000003,ORD000002,PROD00126,CUST00752,20230518,3,3,10802.22,0.0,32406.66,17874.81
ITEM0000004,ORD000003,PROD00048,CUST00156,20230327,1,3,1926.71,0.0,5780.13,1873.9500000000003
ITEM0000005,ORD000003,PROD00086,CUST00156,20230327,1,1,5791.83,0.0,5791.83,3175.86
ITEM0000006,ORD000004,PROD00177,CUST00450,20231125,3,1,5446.6,0.0,5446.6,3095.1400000000003
ITEM0000007,ORD000005,PROD00291,CUST00305,20230826,8,1,1173.69,0.0,1173.69,495.6700000000001
ITEM0000008,ORD000006,PROD00010,CUST00865,20240604,7,4,2259.53,0.14,7772.78,3967.9399999999996
ITEM0000009,ORD000006,PROD00093,CUST00865,20240604,7,2,3802.74,0.0,7605.48,3080.3399999999992
ITEM0000010,ORD000006,PROD00087,CUST00865,20240604,7,1,4546.57,0.0,4546.57,2373.41
ITEM0000011,ORD000006,PROD00111,CUST00865,20240604,7,2,5596.44,0.05,10633.24,5502.4
ITEM0000012,ORD000007,PROD00287,CUST00834,20230212,4,3,6559.01,0.0,19677.03,9773.069999999998
ITEM0000013,ORD000007,PROD00003,CUST00834,20230212,4,1,2902.0,0.08,2669.84,1258.5600000000002
ITEM0000014,ORD000008,PROD00121,CUST00356,20230412,5,2,11305.27,0.0,22610.54,12949.1
ITEM0000015,ORD000009,PROD00252,CUST00296,20230623,5,1,910.14,0.0,910.14,163.96000000000004
ITEM0000016,ORD000010,PROD00293,CUST00099,20230525,4,4,5361.88,0.0,21447.52,3869.959999999999
ITEM0000017,ORD000011,PROD00180,CUST00983,20240210,9,1,7030.69,0.11,6257.31,3334.7200000000003
ITEM0000018,ORD000011,PROD00206,CUST00983,20240210,9,2,8632.13,0.0,17264.26,7932.539999999999
ITEM0000019,ORD000011,PROD00035,CUST00983,20240210,9,1,2576.9,0.17,2138.83,727.6399999999999
ITEM0000020,ORD000011,PROD00062,CUST00983,20240210,9,1,5673.89,0.0,5673.89,2029.9500000000003
ITEM0000021,ORD000012,PROD00174,CUST00209,20240114,5,1,4285.14,0.0,4285.14,2432.1800000000003
ITEM0000022,ORD000012,PROD00203,CUST00209,20240114,5,1,477.27,0.0,477.27,266.80999999999995
ITEM0000023,ORD000013,PROD00077,CUST00851,20230510,8,1,7101.66,0.0,7101.66,3215.7
ITEM0000024,ORD000013,PROD00104,CUST00851,20230510,8,1,2043.03,0.0,2043.03,773.79
ITEM0000025,ORD000014,PROD00122,CUST00911,20240331,7,1,11549.43,0.0,11549.43,6611.5
ITEM0000026,ORD000015,PROD00265,CUST00823,20231229,2,4,4207.25,0.0,16829.0,5582.200000000001
ITEM0000027,ORD000015,PROD00114,CUST00823,20231229,2,2,2295.26,0.0,4590.52,820.4800000000005
ITEM0000028,ORD000016,PROD00006,CUST00344,20240603,5,1,8153.69,0.0,8153.69,4035.5199999999995
ITEM0000029,ORD000017,PROD00194,CUST00914,20231119,1,1,535.55,0.0,535.55,316.76
ITEM0000030,ORD000018,PROD00124,CUST00677,20250725,1,2,2025.14,0.0,4050.28,818.9200000000001
ITEM0000031,ORD000018,PROD00010,CUST00677,20250725,1,1,2259.53,0.0,2259.53,1308.3200000000002
ITEM0000032,ORD000019,PROD00185,CUST00894,20240121,4,1,2719.98,0.0,2719.98,1485.46
ITEM0000033,ORD000019,PROD00149,CUST00894,20240121,4,1,832.87,0.19,674.62,312.29
ITEM0000034,ORD000019,PROD00258,CUST00894,20240121,4,1,5858.08,0.0,5858.08,3472.5299999999997
ITEM0000035,ORD000019,PROD00072,CUST00894,20240121,4,1,6999.91,0.0,6999.91,3897.43
ITEM0000036,ORD000019,PROD00179,CUST00894,20240121,4,1,6055.62,0.0,6055.62,3585.27
ITEM0000037,ORD000020,PROD00009,CUST00290,20240523,3,2,5332.96,0.0,10665.92,6260.72
ITEM0000038,ORD000021,PROD00234,CUST00445,20230104,2,4,9552.76,0.0,38211.04,20162.72
ITEM0000039,ORD000022,PROD00083,CUST00705,20240304,5,1,9425.24,0.14,8105.71,3799.26
ITEM0000040,ORD000022,PROD00011,CUST00705,20240304,5,1,2615.05,0.0,2615.05,1383.3000000000002
ITEM0000041,ORD000023,PROD00075,CUST00544,20240510,3,2,6662.95,0.19,10793.98,4352.32
ITEM0000042,ORD000024,PROD00221,CUST00816,20240516,7,1,901.85,0.0,901.85,235.49
ITEM0000043,ORD000025,PROD00256,CUST00987,20230426,5,2,256.57,0.0,513.14,192.21999999999997
ITEM0000044,ORD000025,PROD00002,CUST00987,20230426,5,1,231.58,0.17,192.21,54.94
ITEM0000045,ORD000026,PROD00117,CUST00181,20230429,8,1,498.3,0.0,498.3,296.74
ITEM0000046,ORD000026,PROD00250,CUST00181,20230429,8,1,4610.44,0.0,4610.44,2239.2799999999997
ITEM0000047,ORD000026,PROD00074,CUST00181,20230429,8,2,9420.21,0.22,14695.53,6048.950000000001
ITEM0000048,ORD000026,PROD00299,CUST00181,20230429,8,3,10649.19,0.1,28752.81,15260.64
ITEM0000049,ORD000027,PROD00298,CUST00793,20230512,8,1,5321.16,0.0,5321.16,1806.21
ITEM0000050,ORD000028,PROD00075,CUST00298,20230130,5,2,6662.95,0.29,9461.39,3019.7299999999996
ITEM0000051,ORD000029,PROD00241,CUST00692,20230925,6,1,1082.38,0.08,995.79,-3291.62
ITEM0000052,ORD000030,PROD00131,CUST00498,20231002,4,1,576.16,0.0,576.16,215.51
ITEM0000053,ORD000030,PROD00013,CUST00498,20231002,4,1,10508.19,0.08,9667.53,5075.870000000001
ITEM0000054,ORD000031,PROD00136,CUST00897,20240809,3,2,621.23,0.0,1242.46,727.52
ITEM0000055,ORD000031,PROD00078,CUST00897,20240809,3,2,2028.86,0.0,4057.72,954.6199999999999
ITEM0000056,ORD000032,PROD00031,CUST00338,20240917,3,2,4066.81,0.0,8133.62,2820.4799999999996
ITEM0000057,ORD000033,PROD00166,CUST00800,20230403,6,3,7134.8,0.0,21404.4,10201.920000000002
ITEM0000058,ORD000034,PROD00048,CUST00371,20230804,9,1,1926.71,0.0,1926.71,624.6500000000001
ITEM0000059,ORD000035,PROD00295,CUST00821,20231025,3,1,895.09,0.15,760.83,41.48000000000002
ITEM0000060,ORD000036,PROD00199,CUST00037,20230114,1,1,3657.98,0.18,2999.54,1174.22
ITEM0000061,ORD000037,PROD00284,CUST00161,20230213,5,1,1981.58,0.0,1981.58,750.22
ITEM0000062,ORD000037,PROD00105,CUST00161,20230213,5,1,3095.41,0.22,2414.42,686.8600000000001
ITEM0000063,ORD000038,PROD00014,CUST00279,20230204,2,2,1451.31,0.27,2118.91,-77.97000000000025
ITEM0000064,ORD000038,PROD00300,CUST00279,20230204,2,1,1343.36,0.0,1343.36,715.2799999999999
ITEM0000065,ORD000038,PROD00056,CUST00279,20230204,2,1,6326.27,0.0,6326.27,3782.8800000000006
ITEM0000066,ORD000038,PROD00196,CUST00279,20230204,2,1,6703.46,0.0,6703.46,3818.81
ITEM0000067,ORD000039,PROD00246,CUST00079,20230328,2,1,8011.14,0.0,8011.14,3940.9500000000003
ITEM0000068,ORD000039,PROD00196,CUST00079,20230328,2,1,6703.46,0.17,5563.87,2679.22
ITEM0000069,ORD000039,PROD00030,CUST00079,20230328,2,2,4937.89,0.0,9875.78,4933.460000000001
ITEM0000070,ORD000039,PROD00157,CUST00079,20230328,2,1,2525.54,0.29,1793.13,218.76000000000022
ITEM0000071,ORD000040,PROD00240,CUST00761,20230116,9,3,4510.78,0.17,11231.84,5284.43
ITEM0000072,ORD000041,PROD00005,CUST00852,20230718,10,1,246.43,0.0,246.43,70.33000000000001
ITEM0000073,ORD000041,PROD00055,CUST00852,20230718,10,1,2678.2,0.0,2678.2,1021.0599999999997
ITEM0000074,ORD000042,PROD00171,CUST00281,20231106,8,1,546.18,0.0,546.18,279.16999999999996
ITEM0000075,ORD000043,PROD00278,CUST00299,20240121,7,2,629.94,0.0,1259.88,291.1200000000001
ITEM0000076,ORD000043,PROD00275,CUST00299,20240121,7,2,5765.78,0.0,11531.56,6325.759999999999
ITEM0000077,ORD000044,PROD00271,CUST00519,20240630,4,1,439.58,0.0,439.58,218.57999999999998
ITEM0000078,ORD000044,PROD00106,CUST00519,20240630,4,2,3963.99,0.26,5866.71,1015.6300000000001
ITEM0000079,ORD000044,PROD00174,CUST00519,20240630,4,1,4285.14,0.15,3642.37,1789.4099999999999
ITEM0000080,ORD000045,PROD00278,CUST00732,20240713,2,1,629.94,0.0,629.94,145.56000000000006
ITEM0000081,ORD000045,PROD00270,CUST00732,20240713,2,1,4350.17,0.0,4350.17,2211.92
ITEM0000082,ORD000045,PROD00244,CUST00732,20240713,2,1,4549.33,0.0,4549.33,1795.7399999999998
ITEM0000083,ORD000046,PROD00034,CUST00379,20240402,8,1,2533.01,0.0,2533.01,828.0700000000002
ITEM0000084,ORD000046,PROD00169,CUST00379,20240402,8,1,5358.09,0.0,5358.09,2984.67
ITEM0000085,ORD000047,PROD00182,CUST00575,20230408,3,4,3616.25,0.0,14465.0,7242.32
ITEM0000086,ORD000047,PROD00157,CUST00575,20230408,3,1,2525.54,0.01,2500.28,925.9100000000003
ITEM0000087,ORD000048,PROD00060,CUST00632,20240217,8,3,532.72,0.0,1598.16,754.1400000000001
ITEM0000088,ORD000048,PROD00223,CUST00632,20240217,8,1,2430.88,0.0,2430.88,1193.92
ITEM0000089,ORD000048,PROD00060,CUST00632,20240217,8,2,532.72,0.1,958.9,396.22
ITEM0000090,ORD000048,PROD00212,CUST00632,20240217,8,1,7782.48,0.0,7782.48,4237.33
ITEM0000091,ORD000049,PROD00084,CUST00422,20230916,5,1,7622.23,0.0,7622.23,4311.3099999999995
ITEM0000092,ORD000049,PROD00085,CUST00422,20230916,5,2,1960.53,0.0,3921.06,1576.96
ITEM0000093,ORD000050,PROD00251,CUST00417,20240905,1,2,3365.3,0.0,6730.6,3981.6200000000003
ITEM0000094,ORD000050,PROD00041,CUST00417,20240905,1,1,3958.75,0.1,3562.88,1338.87
ITEM0000095,ORD000050,PROD00165,CUST00417,20240905,1,2,1721.94,0.28,2479.59,891.0700000000002
ITEM0000096,ORD000050,PROD00120,CUST00417,20240905,1,1,1288.16,0.0,1288.16,750.72
ITEM0000097,ORD000051,PROD00119,CUST00512,20240712,6,1,9197.85,0.0,9197.85,5466.89
ITEM0000098,ORD000051,PROD00197,CUST00512,20240712,6,2,8766.75,0.0,17533.5,10179.720000000001
ITEM0000099,ORD000052,PROD00018,CUST00569,20240610,2,3,2803.77,0.19,6813.16,1248.79
ITEM0000100,ORD000052,PROD00242,CUST00569,20240610,2,2,2496.43,0.0,4992.86,1023.1599999999999
ITEM0000101,ORD000052,PROD00122,CUST00569,20240610,2,1,11549.43,0.0,11549.43,6611.5
ITEM0000102,ORD000053,PROD00237,CUST00166,20230114,9,1,8123.36,0.0,8123.36,4471.299999999999
ITEM0000103,ORD000053,PROD00039,CUST00166,20230114,9,1,6419.63,0.0,6419.63,1606.46
ITEM0000104,ORD000054,PROD00247,CUST00907,20230209,7,2,7341.91,0.22,11453.38,4140.679999999999
ITEM0000105,ORD000055,PROD00056,CUST00429,20240714,7,2,6326.27,0.0,12652.54,7565.760000000001
ITEM0000106,ORD000056,PROD00013,CUST00331,20240619,10,1,10508.19,0.0,10508.19,5916.530000000001
ITEM0000107,ORD000056,PROD00118,CUST00331,20240619,10,2,8273.55,0.0,16547.1,6605.039999999999
ITEM0000108,ORD000056,PROD00166,CUST00331,20240619,10,3,7134.8,0.13,18621.83,7419.350000000002
ITEM0000109,ORD000056,PROD00100,CUST00331,20240619,10,1,8661.69,0.0,8661.69,4965.460000000001
ITEM0000110,ORD000057,PROD00091,CUST00702,20240619,4,1,1302.09,0.0,1302.09,622.29
ITEM0000111,ORD000057,PROD00010,CUST00702,20240619,4,1,2259.53,0.16,1898.01,946.8
ITEM0000112,ORD000058,PROD00100,CUST00474,20240428,4,1,8661.69,0.0,8661.69,4965.460000000001
ITEM0000113,ORD000059,PROD00054,CUST00537,20230618,8,1,5941.63,0.0,5941.63,3029.28
ITEM0000114,ORD000059,PROD00025,CUST00537,20230618,8,3,3078.83,0.08,8497.57,979.3299999999999
ITEM0000115,ORD000060,PROD00020,CUST00006,20230310,5,2,7970.85,0.0,15941.7,8191.860000000001
ITEM0000116,ORD000060,PROD00206,CUST00006,20230310,5,2,8632.13,0.0,17264.26,7932.539999999999
ITEM0000117,ORD000061,PROD00034,CUST00097,20231205,1,1,2533.01,0.0,2533.01,828.0700000000002
ITEM0000118,ORD000062,PROD00280,CUST00354,20230820,1,1,4625.83,0.13,4024.47,1875.8799999999997
ITEM0000119,ORD000062,PROD00135,CUST00354,20230820,1,1,2086.2,0.0,2086.2,1022.2399999999998
ITEM0000120,ORD000062,PROD00098,CUST00354,20230820,1,1,2402.47,0.0,2402.47,1132.5099999999998
ITEM0000121,ORD000062,PROD00104,CUST00354,20230820,1,1,2043.03,0.09,-1859.16,-3128.4
ITEM0000122,ORD000063,PROD00269,CUST00747,20240821,5,2,2135.25,0.0,4270.5,2070.88
ITEM0000123,ORD000064,PROD00206,CUST00676,20241018,4,1,8632.13,0.0,8632.13,3966.2699999999995
ITEM0000124,ORD000064,PROD00245,CUST00676,20241018,4,1,6215.91,0.0,6215.91,2418.97
ITEM0000125,ORD000065,PROD00105,CUST00270,20230702,10,3,3095.41,0.14,7986.16,2803.4799999999996
ITEM0000126,ORD000065,PROD00083,CUST00270,20230702,10,2,9425.24,0.23,14514.87,5901.970000000001
ITEM0000127,ORD000065,PROD00039,CUST00270,20230702,10,1,6419.63,0.2,5135.7,322.52999999999975
ITEM0000128,ORD000066,PROD00274,CUST00590,20231205,10,1,5633.46,0.03,5464.46,896.2799999999997
ITEM0000129,ORD000066,PROD00033,CUST00590,20231205,10,1,1942.09,0.0,1942.09,782.1899999999998
ITEM0000130,ORD000067,PROD00243,CUST00173,20230803,1,2,6308.05,0.0,12616.1,5948.820000000001
ITEM0000131,ORD000068,PROD00159,CUST00147,20230531,3,1,198.83,0.0,198.83,98.66000000000001
ITEM0000132,ORD000068,PROD00129,CUST00147,20230531,3,1,2500.46,0.0,2500.46,912.6000000000001
ITEM0000133,ORD000069,PROD00046,CUST00524,20230521,8,1,8988.77,0.0,8988.77,4231.92
ITEM0000134,ORD000070,PROD00125,CUST00574,20230904,7,1,5694.29,0.0,5694.29,1506.8500000000004
ITEM0000135,ORD000070,PROD00277,CUST00574,20230904,7,1,556.92,0.0,556.92,297.17999999999995
ITEM0000136,ORD000071,PROD00030,CUST00325,20240618,9,2,4937.89,0.29,7011.8,2069.4800000000005
ITEM0000137,ORD000071,PROD00230,CUST00325,20240618,9,2,8026.94,0.0,16053.88,8942.38
ITEM0000138,ORD000071,PROD00293,CUST00325,20240618,9,1,5361.88,0.0,5361.88,967.4899999999998
ITEM0000139,ORD000072,PROD00265,CUST00854,20241010,5,2,4207.25,0.0,8414.5,2791.1000000000004
ITEM0000140,ORD000072,PROD00090,CUST00854,20241010,5,1,494.65,0.0,494.65,254.57999999999998
ITEM0000141,ORD000072,PROD00262,CUST00854,20241010,5,1,1460.84,0.03,1417.01,693.62
ITEM0000142,ORD000073,PROD00082,CUST00572,20230504,7,1,3992.96,0.0,3992.96,2224.75
ITEM0000143,ORD000073,PROD00256,CUST00572,20230504,7,1,256.57,0.0,256.57,96.10999999999999
ITEM0000144,ORD000073,PROD00198,CUST00572,20230504,7,1,1516.26,0.08,1394.96,363.28999999999996
ITEM0000145,ORD000073,PROD00078,CUST00572,20230504,7,1,2028.86,0.08,1866.55,315.0
ITEM0000146,ORD000074,PROD00082,CUST00355,20241117,7,1,3992.96,0.0,3992.96,2224.75
ITEM0000147,ORD000074,PROD00066,CUST00355,20241117,7,1,899.86,0.0,899.86,296.41999999999996
ITEM0000148,ORD000074,PROD00207,CUST00355,20241117,7,1,6547.46,0.16,5499.87,2724.7599999999998
ITEM0000149,ORD000074,PROD00218,CUST00355,20241117,7,2,6300.23,0.0,12600.46,7165.439999999999
ITEM0000150,ORD000074,PROD00067,CUST00355,20241117,7,2,996.38,0.0,1992.76,762.44
ITEM0000151,ORD000075,PROD00097,CUST00384,20240127,3,2,1492.36,0.0,2984.72,632.8399999999997
ITEM0000152,ORD000075,PROD00034,CUST00384,20240127,3,2,2533.01,0.0,5066.02,1656.1400000000003
ITEM0000153,ORD000075,PROD00299,CUST00384,20240127,3,1,10649.19,0.0,10649.19,6151.8
ITEM0000154,ORD000076,PROD00212,CUST00006,20230719,10,1,7782.48,0.0,7782.48,4237.33
ITEM0000155,ORD000077,PROD00208,CUST00944,20240529,1,3,4099.5,0.0,12298.5,2395.9799999999996
ITEM0000156,ORD000077,PROD00191,CUST00944,20240529,1,1,4249.81,0.0,4249.81,1338.2900000000004
ITEM0000157,ORD000077,PROD00140,CUST00944,20240529,1,1,1718.72,0.0,1718.72,936.76
ITEM0000158,ORD000077,PROD00254,CUST00944,20240529,1,3,3623.42,0.0,10870.26,2175.3599999999988
ITEM0000159,ORD000078,PROD00174,CUST00045,20240212,5,1,4285.14,0.0,4285.14,2432.1800000000003
ITEM0000160,ORD000078,PROD00263,CUST00045,20240212,5,3,4979.64,0.0,14938.92,4996.050000000001
ITEM0000161,ORD000079,PROD00290,CUST00623,20240427,8,3,1195.14,0.0,3585.42,1254.75
ITEM0000162,ORD000079,PROD00194,CUST00623,20240427,8,1,535.55,0.0,535.55,316.76
ITEM0000163,ORD000080,PROD00180,CUST00040,20230417,6,2,7030.69,0.0,14061.38,8216.199999999999
ITEM0000164,ORD000081,PROD00246,CUST00085,20230515,7,2,8011.14,0.0,16022.28,7881.900000000001
ITEM0000165,ORD000082,PROD00285,CUST00100,20231118,9,1,2757.81,0.0,2757.81,1476.6799999999998
ITEM0000166,ORD000082,PROD00056,CUST00100,20231118,9,2,6326.27,0.13,11007.71,5920.929999999999
ITEM0000167,ORD000082,PROD00083,CUST00100,20231118,9,1,9425.24,0.0,9425.24,5118.79
ITEM0000168,ORD000082,PROD00261,CUST00100,20231118,9,4,2154.14,0.01,8530.39,4606.23
ITEM0000169,ORD000082,PROD00131,CUST00100,20231118,9,1,576.16,0.0,576.16,215.51
ITEM0000170,ORD000083,PROD00005,CUST00858,20231207,6,1,246.43,0.0,246.43,70.33000000000001
ITEM0000171,ORD000083,PROD00062,CUST00858,20231207,6,1,5673.89,0.0,5673.89,2029.9500000000003
ITEM0000172,ORD000083,PROD00237,CUST00858,20231207,6,3,8123.36,0.0,24370.08,13413.900000000001
ITEM0000173,ORD000084,PROD00258,CUST00015,20240612,7,1,5858.08,0.2,4686.46,2300.91
ITEM0000174,ORD000084,PROD00156,CUST00015,20240612,7,1,1816.09,0.0,1816.09,1047.7199999999998
ITEM0000175,ORD000084,PROD00149,CUST00015,20240612,7,1,832.87,0.02,816.21,453.88000000000005
ITEM0000176,ORD000085,PROD00187,CUST00152,20240528,5,1,6641.17,0.0,6641.17,2837.6800000000003
ITEM0000177,ORD000086,PROD00077,CUST00420,20240601,3,1,7101.66,0.21,5610.31,1724.3500000000004
ITEM0000178,ORD000087,PROD00002,CUST00350,20230501,8,2,231.58,0.0,463.16,188.62
ITEM0000179,ORD000087,PROD00173,CUST00350,20230501,8,4,1540.77,0.0,6163.06,-11532.46
ITEM0000180,ORD000088,PROD00146,CUST00120,20230401,2,1,504.1,0.0,-504.1,-733.57
ITEM0000181,ORD000088,PROD00015,CUST00120,20230401,2,2,5418.41,0.25,8127.62,381.3000000000002
ITEM0000182,ORD000088,PROD00035,CUST00120,20230401,2,2,2576.9,0.0,5153.8,2331.42
ITEM0000183,ORD000088,PROD00194,CUST00120,20230401,2,1,535.55,0.05,508.77,289.98
ITEM0000184,ORD000088,PROD00192,CUST00120,20230401,2,1,5116.05,0.0,5116.05,1689.69
ITEM0000185,ORD000089,PROD00151,CUST00808,20230623,1,1,5518.05,0.27,4028.18,-183.88999999999987
ITEM0000186,ORD000089,PROD00232,CUST00808,20230623,1,1,3144.6,0.0,3144.6,1610.4499999999998
ITEM0000187,ORD000090,PROD00009,CUST00858,20231112,4,1,5332.96,0.0,5332.96,3130.36
ITEM0000188,ORD000091,PROD00011,CUST00183,20231021,5,1,2615.05,0.0,2615.05,1383.3000000000002
ITEM0000189,ORD000092,PROD00159,CUST00905,20231007,4,2,198.83,0.0,397.66,197.32000000000002
ITEM0000190,ORD000093,PROD00026,CUST00502,20230405,6,1,992.19,0.28,714.38,240.45
ITEM0000191,ORD000093,PROD00060,CUST00502,20230405,6,1,532.72,0.16,447.48,166.14000000000004
ITEM0000192,ORD000094,PROD00011,CUST00704,20241008,3,1,2615.05,0.28,1882.84,651.0899999999999
ITEM0000193,ORD000095,PROD00054,CUST00720,20230804,7,1,5941.63,0.04,5703.96,2791.61
ITEM0000194,ORD000096,PROD00231,CUST00565,20240530,5,2,3622.68,0.05,6883.09,2336.37
ITEM0000195,ORD000097,PROD00012,CUST00945,20230202,2,2,7089.43,0.0,14178.86,7790.740000000001
ITEM0000196,ORD000097,PROD00036,CUST00945,20230202,2,2,7308.78,0.0,14617.56,7478.339999999999
ITEM0000197,ORD000098,PROD00166,CUST00331,20240823,6,1,7134.8,0.0,7134.8,3400.6400000000003
ITEM0000198,ORD000098,PROD00016,CUST00331,20240823,6,3,6005.27,0.0,18015.81,4183.080000000002
ITEM0000199,ORD000098,PROD00199,CUST00331,20240823,6,2,3657.98,0.17,6072.25,2421.61
ITEM0000200,ORD000098,PROD00128,CUST00331,20240823,6,1,4199.76,0.0,4199.76,1536.15
ITEM0000201,ORD000098,PROD00179,CUST00331,20240823,6,1,6055.62,0.0,6055.62,3585.27
ITEM0000202,ORD000099,PROD00190,CUST00645,20230418,6,1,3528.69,0.09,3211.11,1537.43
ITEM0000203,ORD000099,PROD00249,CUST00645,20230418,6,1,4279.09,0.3,2995.36,993.6200000000001
ITEM0000204,ORD000100,PROD00104,CUST00664,20231211,2,2,2043.03,0.04,3922.62,1384.1399999999999
ITEM0000205,ORD000100,PROD00197,CUST00664,20231211,2,1,8766.75,0.0,8766.75,5089.860000000001
ITEM0000206,ORD000100,PROD00242,CUST00664,20231211,2,1,2496.43,0.17,2072.04,87.19000000000005
ITEM0000207,ORD000101,PROD00157,CUST00771,20230710,1,1,2525.54,0.0,2525.54,951.1700000000001
ITEM0000208,ORD000102,PROD00143,CUST00485,20240213,4,3,1075.34,0.0,3226.02,1514.19
ITEM0000209,ORD000102,PROD00271,CUST00485,20240213,4,1,439.58,0.13,382.43,161.43
ITEM0000210,ORD000103,PROD00121,CUST00042,20231104,4,2,11305.27,0.0,22610.54,12949.1
ITEM0000211,ORD000103,PROD00280,CUST00042,20231104,4,1,4625.83,0.18,3793.18,1644.5899999999997
ITEM0000212,ORD000103,PROD00005,CUST00042,20231104,4,1,246.43,0.0,246.43,70.33000000000001
ITEM0000213,ORD000103,PROD00290,CUST00042,20231104,4,3,1195.14,0.09,3262.73,932.06
ITEM0000214,ORD000103,PROD00123,CUST00042,20231104,4,1,2950.23,0.0,2950.23,1140.89
ITEM0000215,ORD000104,PROD00028,CUST00411,20240814,10,2,214.4,0.08,394.5,95.12
ITEM0000216,ORD000104,PROD00235,CUST00411,20240814,10,1,1155.59,0.0,1155.59,671.1999999999999
ITEM0000217,ORD000105,PROD00078,CUST00204,20240620,10,1,2028.86,0.0,2028.86,477.30999999999995
ITEM0000218,ORD000106,PROD00236,CUST00317,20230403,3,2,2661.51,0.0,5323.02,2863.76
ITEM0000219,ORD000107,PROD00234,CUST00152,20241105,4,1,9552.76,0.0,9552.76,5040.68
ITEM0000220,ORD000107,PROD00064,CUST00152,20241105,4,3,4268.27,0.0,-12804.81,-18886.71
ITEM0000221,ORD000107,PROD00230,CUST00152,20241105,4,1,8026.94,0.28,5779.4,2223.6499999999996
ITEM0000222,ORD000107,PROD00161,CUST00152,20241105,4,1,2894.21,0.18,2373.25,98.55000000000018
ITEM0000223,ORD000108,PROD00287,CUST00448,20230728,2,2,6559.01,0.0,13118.02,6515.38
ITEM0000224,ORD000108,PROD00236,CUST00448,20230728,2,1,2661.51,0.11,2368.74,1139.1099999999997
ITEM0000225,ORD000108,PROD00295,CUST00448,20230728,2,2,895.09,0.0,1790.18,351.48
ITEM0000226,ORD000108,PROD00089,CUST00448,20230728,2,4,781.78,0.0,3127.12,567.1999999999998
ITEM0000227,ORD000109,PROD00245,CUST00489,20230106,3,2,6215.91,0.0,12431.82,4837.94
ITEM0000228,ORD000109,PROD00202,CUST00489,20230106,3,2,1016.59,0.0,2033.18,677.5
ITEM0000229,ORD000109,PROD00247,CUST00489,20230106,3,1,7341.91,0.0,7341.91,3685.56
ITEM0000230,ORD000110,PROD00271,CUST00685,20240428,7,1,439.58,0.0,439.58,218.57999999999998
ITEM0000231,ORD000110,PROD00116,CUST00685,20240428,7,2,3835.95,0.0,7671.9,2725.2199999999993
ITEM0000232,ORD000110,PROD00062,CUST00685,20240428,7,1,5673.89,0.04,5446.93,1802.9900000000002
ITEM0000233,ORD000111,PROD00265,CUST00132,20240201,6,1,4207.25,0.0,4207.25,1395.5500000000002
ITEM0000234,ORD000112,PROD00142,CUST00748,20241121,7,1,8354.87,0.0,8354.87,3711.9900000000007
ITEM0000235,ORD000113,PROD00153,CUST00228,20230128,10,1,4010.2,0.07,3729.49,1270.2999999999997
ITEM0000236,ORD000114,PROD00173,CUST00626,20230102,10,1,569.48,0.0,569.48,-3854.4
ITEM0000237,ORD000114,PROD00025,CUST00626,20230102,10,3,3078.83,0.0,9236.49,1718.25
ITEM0000238,ORD000115,PROD00272,CUST00046,20230712,4,2,7587.4,0.28,10925.86,1931.42
ITEM0000239,ORD000115,PROD00005,CUST00046,20230712,4,3,246.43,0.18,606.22,77.92000000000007
ITEM0000240,ORD000115,PROD00182,CUST00046,20230712,4,1,3616.25,0.0,3616.25,1810.58
ITEM0000241,ORD000116,PROD00205,CUST00155,20240311,5,1,6283.38,0.0,6283.38,1439.62
ITEM0000242,ORD000116,PROD00020,CUST00155,20240311,5,3,7970.85,0.0,23912.55,12287.789999999999
ITEM0000243,ORD000117,PROD00162,CUST00184,20240307,3,1,3555.3,0.0,3555.3,1085.0700000000002
ITEM0000244,ORD000118,PROD00063,CUST00703,20231221,2,3,1083.33,0.0,3249.99,1777.4099999999999
ITEM0000245,ORD000118,PROD00137,CUST00703,20231221,2,2,5635.51,0.0,11271.02,4827.9800000000005
ITEM0000246,ORD000118,PROD00214,CUST00703,20231221,2,4,8107.58,0.0,32430.32,14634.96
ITEM0000247,ORD000118,PROD00246,CUST00703,20231221,2,1,8011.14,0.29,5687.91,1617.7199999999998
ITEM0000248,ORD000119,PROD00124,CUST00132,20231123,10,1,2025.14,0.13,1761.87,146.18999999999983
ITEM0000249,ORD000119,PROD00160,CUST00132,20231123,10,3,1750.19,0.0,5250.57,1316.6399999999999
ITEM0000250,ORD000119,PROD00132,CUST00132,20231123,10,2,5296.2,0.0,10592.4,2218.119999999999
ITEM0000251,ORD000119,PROD00043,CUST00132,20231123,10,1,1789.22,0.2,1431.38,352.75
ITEM0000252,ORD000120,PROD00187,CUST00790,20240308,1,1,6641.17,0.0,6641.17,2837.6800000000003
ITEM0000253,ORD000120,PROD00110,CUST00790,20240308,1,1,7163.14,0.0,7163.14,4283.530000000001
ITEM0000254,ORD000121,PROD00250,CUST00515,20240406,6,3,4610.44,0.0,13831.32,6717.84
ITEM0000255,ORD000121,PROD00189,CUST00515,20240406,6,2,7636.65,0.0,15273.3,7592.459999999999
ITEM0000256,ORD000121,PROD00220,CUST00515,20240406,6,1,6168.69,0.11,5490.13,1982.4700000000003
ITEM0000257,ORD000121,PROD00033,CUST00515,20240406,6,1,1942.09,0.0,1942.09,782.1899999999998
ITEM0000258,ORD000122,PROD00278,CUST00805,20230425,3,1,629.94,0.14,541.75,57.370000000000005
ITEM0000259,ORD000122,PROD00134,CUST00805,20230425,3,1,1127.73,0.0,1127.73,268.05000000000007
ITEM0000260,ORD000122,PROD00263,CUST00805,20230425,3,2,4979.64,0.15,8465.39,1836.8099999999995
ITEM0000261,ORD000123,PROD00108,CUST00008,20230603,6,2,7407.37,0.1,13333.27,7312.01
ITEM0000262,ORD000123,PROD00135,CUST00008,20230603,6,2,2086.2,0.0,4172.4,2044.4799999999996
ITEM0000263,ORD000123,PROD00221,CUST00008,20230603,6,1,901.85,0.2,721.48,55.120000000000005
ITEM0000264,ORD000123,PROD00002,CUST00008,20230603,6,1,231.58,0.03,224.63,87.35999999999999
ITEM0000265,ORD000124,PROD00260,CUST00746,20240921,8,1,8617.38,0.24,6549.21,2053.6899999999996
ITEM0000266,ORD000124,PROD00126,CUST00746,20240921,8,2,10802.22,0.0,21604.44,11916.539999999999
ITEM0000267,ORD000124,PROD00140,CUST00746,20240921,8,2,1718.72,0.0,3437.44,1873.52
ITEM0000268,ORD000125,PROD00275,CUST00376,20240416,1,3,5765.78,0.0,17297.34,9488.64
ITEM0000269,ORD000126,PROD00162,CUST00304,20241122,1,2,3555.3,0.0,7110.6,2170.1400000000003
ITEM0000270,ORD000126,PROD00068,CUST00304,20241122,1,1,1589.23,0.0,1589.23,380.1600000000001
ITEM0000271,ORD000126,PROD00221,CUST00304,20241122,1,1,901.85,0.0,901.85,235.49
ITEM0000272,ORD000127,PROD00233,CUST00333,20240402,5,1,3164.97,0.0,3164.97,1502.5599999999997
ITEM0000273,ORD000128,PROD00119,CUST00757,20240628,7,1,9197.85,0.0,9197.85,5466.89
ITEM0000274,ORD000128,PROD00117,CUST00757,20240628,7,4,498.3,0.0,1993.2,1186.96
ITEM0000275,ORD000128,PROD00066,CUST00757,20240628,7,1,899.86,0.0,899.86,296.41999999999996
ITEM0000276,ORD000129,PROD00300,CUST00506,20241010,7,4,1343.36,0.22,4191.28,1678.9599999999996
ITEM0000277,ORD000130,PROD00025,CUST00941,20230907,9,4,3078.83,0.0,12315.32,2291.0
ITEM0000278,ORD000130,PROD00176,CUST00941,20230907,9,2,5492.71,0.0,10985.42,4357.42
ITEM0000279,ORD000131,PROD00140,CUST00624,20230531,2,2,1718.72,0.06,3231.19,1667.27
ITEM0000280,ORD000132,PROD00199,CUST00411,20240308,1,1,3657.98,0.2,2926.38,1101.0600000000002
ITEM0000281,ORD000132,PROD00189,CUST00411,20240308,1,2,7636.65,0.22,11913.17,4232.33
ITEM0000282,ORD000133,PROD00259,CUST00989,20240319,2,1,1489.83,0.0,1489.83,322.39999999999986
ITEM0000283,ORD000134,PROD00227,CUST00553,20240610,4,1,3250.8,0.0,3250.8,1611.5800000000002
ITEM0000284,ORD000135,PROD00125,CUST00282,20240323,3,2,5694.29,0.06,10705.27,2330.3900000000012
ITEM0000285,ORD000136,PROD00041,CUST00292,20241125,5,4,3958.75,0.0,15835.0,6938.959999999999
ITEM0000286,ORD000136,PROD00228,CUST00292,20241125,5,1,1263.16,0.0,1263.16,527.5500000000001
ITEM0000287,ORD000137,PROD00008,CUST00133,20241103,5,2,5338.8,0.0,10677.6,4438.18
ITEM0000288,ORD000137,PROD00261,CUST00133,20241103,5,1,2154.14,0.0,2154.14,1173.1
ITEM0000289,ORD000137,PROD00037,CUST00133,20241103,5,1,5435.74,0.0,5435.74,3199.04
ITEM0000290,ORD000137,PROD00268,CUST00133,20241103,5,1,852.32,0.19,690.38,210.73000000000002
ITEM0000291,ORD000138,PROD00150,CUST00227,20230410,4,1,290.6,0.0,290.6,161.43000000000004
ITEM0000292,ORD000138,PROD00194,CUST00227,20230410,4,2,535.55,0.0,1071.1,633.52
ITEM0000293,ORD000138,PROD00081,CUST00227,20230410,4,1,2624.19,0.24,1994.38,835.3200000000002
ITEM0000294,ORD000139,PROD00232,CUST00746,20231022,10,2,3144.6,0.0,6289.2,3220.8999999999996
ITEM0000295,ORD000140,PROD00068,CUST00399,20240708,8,1,1589.23,0.0,1589.23,380.1600000000001
ITEM0000296,ORD000140,PROD00065,CUST00399,20240708,8,1,6570.64,0.0,6570.64,1731.5900000000001
ITEM0000297,ORD000140,PROD00025,CUST00399,20240708,8,3,3078.83,0.06,8682.3,1164.0599999999995
ITEM0000298,ORD000140,PROD00205,CUST00399,20240708,8,2,6283.38,0.08,11561.42,1873.8999999999996
ITEM0000299,ORD000141,PROD00086,CUST00156,20240331,8,1,5791.83,0.0,5791.83,3175.86
ITEM0000300,ORD000142,PROD00138,CUST00400,20241120,5,1,10725.29,0.0,10725.29,6249.430000000001
ITEM0000301,ORD000142,PROD00294,CUST00400,20241120,5,1,8182.59,0.2,6546.07,2695.0699999999997
ITEM0000302,ORD000142,PROD00001,CUST00400,20241120,5,1,9272.65,0.0,9272.65,4723.48
ITEM0000303,ORD000143,PROD00251,CUST00499,20241008,9,3,3365.3,0.0,10095.9,5972.429999999999
ITEM0000304,ORD000143,PROD00037,CUST00499,20241008,9,2,5435.74,0.0,10871.48,6398.08
ITEM0000305,ORD000143,PROD00065,CUST00499,20241008,9,3,6570.64,0.0,19711.92,5194.769999999997
ITEM0000306,ORD000144,PROD00213,CUST00299,20231108,6,2,9402.56,0.0,18805.12,9296.019999999999
ITEM0000307,ORD000144,PROD00015,CUST00299,20231108,6,1,5418.41,0.0,5418.41,1545.25
ITEM0000308,ORD000144,PROD00227,CUST00299,20231108,6,1,3250.8,0.0,3250.8,1611.5800000000002
ITEM0000309,ORD000144,PROD00013,CUST00299,20231108,6,1,10508.19,0.0,10508.19,5916.530000000001
ITEM0000310,ORD000144,PROD00099,CUST00299,20231108,6,1,6088.4,0.0,6088.4,2560.7899999999995
ITEM0000311,ORD000145,PROD00269,CUST00640,20230620,6,1,2135.25,0.0,2135.25,1035.44
ITEM0000312,ORD000146,PROD00024,CUST00762,20240723,8,1,10115.71,0.09,9205.3,4966.639999999999
ITEM0000313,ORD000146,PROD00197,CUST00762,20240723,8,3,8766.75,0.08,24196.23,13165.56
ITEM0000314,ORD000147,PROD00013,CUST00972,20240913,2,2,10508.19,0.0,21016.38,11833.060000000001
ITEM0000315,ORD000147,PROD00121,CUST00972,20240913,2,1,11305.27,0.0,11305.27,6474.55
ITEM0000316,ORD000148,PROD00154,CUST00183,20231024,3,1,5526.27,0.3,3868.39,903.7599999999998
ITEM0000317,ORD000148,PROD00020,CUST00183,20231024,3,1,7970.85,0.02,7811.43,3936.51
ITEM0000318,ORD000148,PROD00122,CUST00183,20231024,3,1,11549.43,0.0,11549.43,6611.5
ITEM0000319,ORD000148,PROD00085,CUST00183,20231024,3,1,1960.53,0.0,1960.53,788.48
ITEM0000320,ORD000149,PROD00083,CUST00770,20231227,4,2,9425.24,0.0,18850.48,10237.58
ITEM0000321,ORD000150,PROD00273,CUST00109,20241007,6,2,4432.81,0.2,7092.5,797.7200000000003
ITEM0000322,ORD000150,PROD00177,CUST00109,20241007,6,2,5446.6,0.0,10893.2,6190.280000000001
ITEM0000323,ORD000151,PROD00170,CUST00775,20240521,8,1,1237.02,0.13,1076.21,-1263.4899999999998
ITEM0000324,ORD000151,PROD00116,CUST00775,20240521,8,2,3835.95,0.0,7671.9,2725.2199999999993
ITEM0000325,ORD000152,PROD00164,CUST00296,20240214,1,2,5504.82,0.28,7926.94,1678.7799999999997
ITEM0000326,ORD000152,PROD00043,CUST00296,20240214,1,2,1789.22,0.0,3578.44,1421.1799999999998
ITEM0000327,ORD000152,PROD00299,CUST00296,20240214,1,2,10649.19,0.0,21298.38,12303.6
ITEM0000328,ORD000152,PROD00248,CUST00296,20240214,1,1,10128.22,0.0,10128.22,5478.24
ITEM0000329,ORD000153,PROD00112,CUST00930,20241130,2,2,3435.2,0.0,6870.4,3685.2999999999997
ITEM0000330,ORD000154,PROD00100,CUST00652,20230713,1,1,8661.69,0.0,8661.69,4965.460000000001
ITEM0000331,ORD000154,PROD00279,CUST00652,20230713,1,1,7168.01,0.25,-5376.01,-8246.48
ITEM0000332,ORD000154,PROD00079,CUST00652,20230713,1,1,7182.12,0.1,6463.91,3132.45
ITEM0000333,ORD000155,PROD00223,CUST00585,20240905,7,2,2430.88,0.03,4715.91,2241.99
ITEM0000334,ORD000156,PROD00175,CUST00484,20241002,2,1,8513.93,0.0,8513.93,3991.4300000000003
ITEM0000335,ORD000156,PROD00104,CUST00484,20241002,2,1,2043.03,0.1,1838.73,569.49
ITEM0000336,ORD000157,PROD00090,CUST00524,20240719,4,4,494.65,0.21,1563.09,602.81
ITEM0000337,ORD000157,PROD00279,CUST00524,20240719,4,2,7168.01,0.0,14336.02,8595.080000000002
ITEM0000338,ORD000158,PROD00284,CUST00484,20230629,4,3,1981.58,0.19,4815.24,1121.1599999999999
ITEM0000339,ORD000158,PROD00275,CUST00484,20230629,4,3,5765.78,0.0,17297.34,9488.64
ITEM0000340,ORD000158,PROD00041,CUST00484,20230629,4,1,3958.75,0.15,3364.94,1140.9299999999998
ITEM0000341,ORD000158,PROD00119,CUST00484,20230629,4,1,9197.85,0.2,7358.28,3627.3199999999997
ITEM0000342,ORD000159,PROD00065,CUST00473,20240814,8,1,6570.64,0.0,6570.64,1731.5900000000001
ITEM0000343,ORD000159,PROD00208,CUST00473,20240814,8,1,4099.5,0.0,4099.5,798.6599999999999
ITEM0000344,ORD000159,PROD00049,CUST00473,20240814,8,4,5326.74,0.26,15767.15,88.67000000000007
ITEM0000345,ORD000159,PROD00220,CUST00473,20240814,8,4,6168.69,0.04,23687.77,9657.130000000001
ITEM0000346,ORD000160,PROD00248,CUST00513,20240417,2,1,10128.22,0.0,10128.22,5478.24
ITEM0000347,ORD000160,PROD00007,CUST00513,20240417,2,1,7518.69,0.0,7518.69,2553.83
ITEM0000348,ORD000160,PROD00211,CUST00513,20240417,2,1,1624.33,0.0,1624.33,369.80999999999995
ITEM0000349,ORD000160,PROD00158,CUST00513,20240417,2,1,8138.6,0.0,8138.6,4091.0800000000004
ITEM0000350,ORD000161,PROD00160,CUST00474,20230908,2,1,1750.19,0.0,1750.19,438.8800000000001
ITEM0000351,ORD000161,PROD00239,CUST00474,20230908,2,1,467.33,0.0,467.33,263.01
ITEM0000352,ORD000161,PROD00236,CUST00474,20230908,2,1,2661.51,0.0,2661.51,1431.88
ITEM0000353,ORD000161,PROD00292,CUST00474,20230908,2,2,5910.44,0.0,11820.88,5975.959999999999
ITEM0000354,ORD000162,PROD00294,CUST00482,20240616,7,1,8182.59,0.0,8182.59,4331.59
ITEM0000355,ORD000162,PROD00018,CUST00482,20240616,7,1,2803.77,0.0,2803.77,948.98
ITEM0000356,ORD000162,PROD00128,CUST00482,20240616,7,2,4199.76,0.01,8315.52,2988.3
ITEM0000357,ORD000163,PROD00181,CUST00733,20230504,10,2,2887.17,0.2,4619.47,1879.0500000000002
ITEM0000358,ORD000163,PROD00040,CUST00733,20230504,10,1,3631.49,0.03,3522.55,1895.7800000000002
ITEM0000359,ORD000163,PROD00195,CUST00733,20230504,10,2,9608.14,0.0,19216.28,11078.199999999999
ITEM0000360,ORD000164,PROD00158,CUST00300,20230303,7,1,8138.6,0.0,8138.6,4091.0800000000004
ITEM0000361,ORD000165,PROD00039,CUST00645,20240607,8,2,6419.63,0.0,12839.26,3212.92
ITEM0000362,ORD000165,PROD00177,CUST00645,20240607,8,2,5446.6,0.0,10893.2,6190.280000000001
ITEM0000363,ORD000166,PROD00259,CUST00772,20240816,2,2,1489.83,0.0,2979.66,644.7999999999997
ITEM0000364,ORD000166,PROD00297,CUST00772,20240816,2,2,10930.45,0.23,16832.89,7630.389999999999
ITEM0000365,ORD000166,PROD00281,CUST00772,20240816,2,2,7979.23,0.0,15958.46,7936.039999999999
ITEM0000366,ORD000167,PROD00210,CUST00815,20230906,8,1,6680.3,0.0,6680.3,2578.16
ITEM0000367,ORD000167,PROD00099,CUST00815,20230906,8,1,6088.4,0.16,5114.26,1586.65
ITEM0000368,ORD000168,PROD00268,CUST00921,20240414,8,1,852.32,0.08,784.13,304.48
ITEM0000369,ORD000169,PROD00165,CUST00807,20231205,8,1,1721.94,0.0,1721.94,927.6800000000001
ITEM0000370,ORD000169,PROD00268,CUST00807,20231205,8,1,852.32,0.0,852.32,372.6700000000001
ITEM0000371,ORD000170,PROD00128,CUST00535,20230601,5,1,4199.76,0.0,4199.76,1536.15
ITEM0000372,ORD000170,PROD00134,CUST00535,20230601,5,1,1127.73,0.0,1127.73,268.05000000000007
ITEM0000373,ORD000170,PROD00049,CUST00535,20230601,5,2,5326.74,0.0,10653.48,2814.24
ITEM0000374,ORD000170,PROD00011,CUST00535,20230601,5,2,2615.05,0.0,5230.1,2766.6000000000004
ITEM0000375,ORD000170,PROD00103,CUST00535,20230601,5,1,9136.07,0.0,9136.07,4587.94
ITEM0000376,ORD000171,PROD00013,CUST00968,20231111,3,2,10508.19,0.05,19965.56,10782.240000000002
ITEM0000377,ORD000171,PROD00054,CUST00968,20231111,3,1,5941.63,0.0,5941.63,3029.28
ITEM0000378,ORD000172,PROD00160,CUST00762,20230608,3,1,1750.19,0.0,1750.19,438.8800000000001
ITEM0000379,ORD000173,PROD00245,CUST00872,20230129,4,3,6215.91,0.0,18647.73,7256.91
ITEM0000380,ORD000174,PROD00267,CUST00764,20240604,9,1,3457.61,0.0,3457.61,709.4500000000003
ITEM0000381,ORD000175,PROD00239,CUST00160,20241021,10,1,467.33,0.0,467.33,263.01
ITEM0000382,ORD000175,PROD00132,CUST00160,20241021,10,2,5296.2,0.0,10592.4,2218.119999999999
ITEM0000383,ORD000176,PROD00134,CUST00174,20241025,9,3,1127.73,0.0,3383.19,804.1500000000001
ITEM0000384,ORD000176,PROD00094,CUST00174,20241025,9,2,6449.58,0.0,12899.16,5525.54
ITEM0000385,ORD000176,PROD00206,CUST00174,20241025,9,1,8632.13,0.0,8632.13,3966.2699999999995
ITEM0000386,ORD000177,PROD00092,CUST00231,20231217,5,1,1552.76,0.0,1552.76,714.72
ITEM0000387,ORD000177,PROD00127,CUST00231,20231217,5,1,5321.52,0.0,5321.52,2776.7800000000007
ITEM0000388,ORD000178,PROD00134,CUST00202,20241027,6,2,1127.73,0.0,2255.46,536.1000000000001
ITEM0000389,ORD000179,PROD00012,CUST00920,20240620,4,1,7089.43,0.08,6522.28,3328.22
ITEM0000390,ORD000180,PROD00023,CUST00520,20231204,2,1,3506.84,0.0,3506.84,2022.7700000000002
ITEM0000391,ORD000180,PROD00266,CUST00520,20231204,2,1,5956.89,0.0,5956.89,1078.0100000000002
ITEM0000392,ORD000181,PROD00234,CUST00458,20230227,10,1,9552.76,0.0,9552.76,5040.68
ITEM0000393,ORD000182,PROD00147,CUST00879,20241028,4,1,4961.76,0.0,4961.76,1847.2400000000002
ITEM0000394,ORD000183,PROD00132,CUST00566,20230930,5,1,5296.2,0.0,5296.2,1109.0599999999995
ITEM0000395,ORD000184,PROD00275,CUST00536,20230516,5,1,5765.78,0.2,4612.62,2009.7199999999998
ITEM0000396,ORD000184,PROD00128,CUST00536,20230516,5,1,4199.76,0.0,4199.76,1536.15
ITEM0000397,ORD000184,PROD00181,CUST00536,20230516,5,1,2887.17,0.0,2887.17,1516.96
ITEM0000398,ORD000185,PROD00297,CUST00476,20240503,2,2,10930.45,0.0,21860.9,12658.400000000001
ITEM0000399,ORD000186,PROD00237,CUST00490,20230721,2,3,8123.36,0.0,24370.08,13413.900000000001
ITEM0000400,ORD000186,PROD00041,CUST00490,20230721,2,2,3958.75,0.15,6729.88,2281.8599999999997
ITEM0000401,ORD000187,PROD00161,CUST00613,20230809,8,1,2894.21,0.0,2894.21,619.5100000000002
ITEM0000402,ORD000187,PROD00005,CUST00613,20230809,8,2,246.43,0.0,492.86,140.66000000000003
ITEM0000403,ORD000187,PROD00070,CUST00613,20230809,8,3,6693.56,0.21,15863.74,2803.9299999999985
ITEM0000404,ORD000187,PROD00198,CUST00613,20230809,8,2,1516.26,0.06,2850.57,787.23
ITEM0000405,ORD000188,PROD00050,CUST00797,20240329,4,2,5338.68,0.0,10677.36,3452.7000000000007
ITEM0000406,ORD000189,PROD00130,CUST00773,20230915,7,1,3445.25,0.0,3445.25,1121.3400000000001
ITEM0000407,ORD000189,PROD00015,CUST00773,20230915,7,2,5418.41,0.23,8344.35,598.0300000000007
ITEM0000408,ORD000189,PROD00082,CUST00773,20230915,7,1,3992.96,0.0,3992.96,2224.75
ITEM0000409,ORD000189,PROD00134,CUST00773,20230915,7,2,1127.73,0.0,2255.46,536.1000000000001
ITEM0000410,ORD000190,PROD00152,CUST00527,20240509,5,1,1231.99,0.0,1231.99,607.45
ITEM0000411,ORD000191,PROD00165,CUST00282,20231216,9,1,1721.94,0.0,1721.94,927.6800000000001
ITEM0000412,ORD000191,PROD00232,CUST00282,20231216,9,4,3144.6,0.0,12578.4,6441.799999999999
ITEM0000413,ORD000192,PROD00198,CUST00007,20240514,6,1,1516.26,0.0,1516.26,484.5899999999999
ITEM0000414,ORD000193,PROD00284,CUST00779,20230309,7,1,1981.58,0.0,1981.58,750.22
ITEM0000415,ORD000193,PROD00062,CUST00779,20230309,7,3,5673.89,0.15,-14468.42,-25400.239999999998
ITEM0000416,ORD000193,PROD00127,CUST00779,20230309,7,1,5321.52,0.0,5321.52,2776.7800000000007
ITEM0000417,ORD000193,PROD00276,CUST00779,20230309,7,1,8701.77,0.26,6439.31,2846.3900000000003
ITEM0000418,ORD000193,PROD00083,CUST00779,20230309,7,2,9425.24,0.0,18850.48,10237.58
ITEM0000419,ORD000194,PROD00098,CUST00704,20241015,9,1,2402.47,0.0,2402.47,1132.5099999999998
ITEM0000420,ORD000195,PROD00218,CUST00315,20230807,9,1,6300.23,0.0,6300.23,3582.7199999999993
ITEM0000421,ORD000195,PROD00240,CUST00315,20230807,9,1,4510.78,0.0,4510.78,2528.3099999999995
ITEM0000422,ORD000196,PROD00036,CUST00216,20240916,10,1,7308.78,0.02,7162.6,3592.9900000000002
ITEM0000423,ORD000197,PROD00229,CUST00873,20230625,3,1,726.54,0.27,530.37,54.03000000000003
ITEM0000424,ORD000197,PROD00069,CUST00873,20230625,3,2,666.66,0.18,1093.32,-7104.92
ITEM0000425,ORD000198,PROD00287,CUST00610,20241031,7,1,6559.01,0.0,6559.01,3257.69
ITEM0000426,ORD000198,PROD00122,CUST00610,20241031,7,1,11549.43,0.0,11549.43,6611.5
ITEM0000427,ORD000198,PROD00103,CUST00610,20241031,7,1,9136.07,0.19,7400.22,2852.09
ITEM0000428,ORD000198,PROD00138,CUST00610,20241031,7,2,10725.29,0.0,21450.58,12498.860000000002
ITEM0000429,ORD000199,PROD00118,CUST00380,20231107,3,3,8273.55,0.0,24820.65,9907.560000000001
ITEM0000430,ORD000199,PROD00259,CUST00380,20231107,3,1,1489.83,0.04,1430.24,262.80999999999995
ITEM0000431,ORD000200,PROD00205,CUST00316,20250405,7,2,6283.38,0.0,12566.76,2879.24
ITEM0000432,ORD000201,PROD00223,CUST00992,20230226,7,1,2430.88,0.0,2430.88,1193.92
ITEM0000433,ORD000202,PROD00285,CUST00839,20230120,4,1,2757.81,0.0,2757.81,1476.6799999999998
ITEM0000434,ORD000202,PROD00077,CUST00839,20230120,4,1,7101.66,0.0,7101.66,3215.7
ITEM0000435,ORD000202,PROD00030,CUST00839,20230120,4,4,4937.89,0.26,14616.15,4731.51
ITEM0000436,ORD000202,PROD00153,CUST00839,20230120,4,1,4010.2,0.0,4010.2,1551.0099999999998
ITEM0000437,ORD000202,PROD00081,CUST00839,20230120,4,2,2624.19,0.0,5248.38,2930.26
ITEM0000438,ORD000203,PROD00050,CUST00330,20230125,7,1,5338.68,0.28,3843.85,231.51999999999998
ITEM0000439,ORD000203,PROD00037,CUST00330,20230125,7,1,5435.74,0.0,5435.74,3199.04
ITEM0000440,ORD000203,PROD00083,CUST00330,20230125,7,1,9425.24,0.0,9425.24,5118.79
ITEM0000441,ORD000203,PROD00275,CUST00330,20230125,7,2,5765.78,0.0,11531.56,6325.759999999999
ITEM0000442,ORD000204,PROD00296,CUST00633,20230809,9,3,1188.71,0.0,3566.13,812.19
ITEM0000443,ORD000204,PROD00265,CUST00633,20230809,9,4,4207.25,0.0,16829.0,5582.200000000001
ITEM0000444,ORD000204,PROD00012,CUST00633,20230809,9,4,7089.43,0.0,28357.72,15581.480000000001
ITEM0000445,ORD000205,PROD00029,CUST00741,20231130,8,1,5799.72,0.0,5799.72,1511.1599999999999
ITEM0000446,ORD000206,PROD00042,CUST00400,20241106,8,1,8235.83,0.0,8235.83,4137.96
ITEM0000447,ORD000206,PROD00165,CUST00400,20241106,8,1,1721.94,0.0,1721.94,927.6800000000001
ITEM0000448,ORD000206,PROD00066,CUST00400,20241106,8,1,899.86,0.27,656.9,53.45999999999992
ITEM0000449,ORD000207,PROD00216,CUST00655,20230227,6,1,3307.17,0.16,2778.02,961.76
ITEM0000450,ORD000207,PROD00007,CUST00655,20230227,6,1,7518.69,0.0,7518.69,2553.83
ITEM0000451,ORD000207,PROD00057,CUST00655,20230227,6,1,4595.24,0.0,4595.24,2276.5899999999997
ITEM0000452,ORD000207,PROD00140,CUST00655,20230227,6,2,1718.72,0.0,3437.44,1873.52
ITEM0000453,ORD000208,PROD00248,CUST00138,20240428,2,2,10128.22,0.0,20256.44,10956.48
ITEM0000454,ORD000208,PROD00177,CUST00138,20240428,2,1,5446.6,0.0,5446.6,3095.1400000000003
ITEM0000455,ORD000209,PROD00072,CUST00307,20240826,10,1,6999.91,0.0,6999.91,3897.43
ITEM0000456,ORD000209,PROD00185,CUST00307,20240826,10,2,2719.98,0.0,5439.96,2970.92
ITEM0000457,ORD000210,PROD00148,CUST00782,20240713,5,1,3870.28,0.0,3870.28,1942.0400000000002
ITEM0000458,ORD000211,PROD00028,CUST00981,20231118,6,3,214.4,0.0,643.2,194.13000000000005
ITEM0000459,ORD000212,PROD00275,CUST00480,20231125,4,2,5765.78,0.03,11185.61,5979.81
ITEM0000460,ORD000213,PROD00214,CUST00619,20230919,1,1,8107.58,0.0,8107.58,3658.74
ITEM0000461,ORD000214,PROD00042,CUST00852,20230219,9,1,8235.83,0.27,6012.16,1914.29
ITEM0000462,ORD000214,PROD00079,CUST00852,20230219,9,1,7182.12,0.0,7182.12,3850.66
ITEM0000463,ORD000214,PROD00289,CUST00852,20230219,9,1,3097.21,0.0,3097.21,1796.98
ITEM0000464,ORD000215,PROD00222,CUST00983,20230202,9,4,3002.04,0.23,9246.28,1951.2000000000007
ITEM0000465,ORD000215,PROD00246,CUST00983,20230202,9,1,8011.14,0.11,7129.91,3059.72
ITEM0000466,ORD000215,PROD00072,CUST00983,20230202,9,1,6999.91,0.0,6999.91,3897.43
ITEM0000467,ORD000215,PROD00197,CUST00983,20230202,9,3,8766.75,0.0,26300.25,15269.58
ITEM0000468,ORD000215,PROD00219,CUST00983,20230202,9,2,344.65,0.0,689.3,311.97999999999996
ITEM0000469,ORD000216,PROD00086,CUST00342,20240811,2,2,5791.83,0.0,11583.66,6351.72
ITEM0000470,ORD000216,PROD00243,CUST00342,20240811,2,1,6308.05,0.0,6308.05,2974.4100000000003
ITEM0000471,ORD000217,PROD00134,CUST00163,20240628,9,1,1127.73,0.0,1127.73,268.05000000000007
ITEM0000472,ORD000218,PROD00228,CUST00196,20241027,2,2,1263.16,0.0,2526.32,1055.1000000000001
ITEM0000473,ORD000219,PROD00261,CUST00667,20230605,6,1,2154.14,0.0,2154.14,1173.1
ITEM0000474,ORD000219,PROD00061,CUST00667,20230605,6,2,4205.57,0.0,8411.14,1892.3399999999992
ITEM0000475,ORD000220,PROD00198,CUST00911,20250318,1,1,1516.26,0.0,1516.26,484.5899999999999
ITEM0000476,ORD000220,PROD00172,CUST00911,20250318,1,2,734.93,0.16,1234.68,616.8800000000001
ITEM0000477,ORD000221,PROD00102,CUST00009,20230120,4,1,6509.4,0.0,6509.4,3487.4599999999996
ITEM0000478,ORD000221,PROD00179,CUST00009,20230120,4,1,6055.62,0.0,6055.62,3585.27
ITEM0000479,ORD000222,PROD00053,CUST00787,20241121,6,2,7229.99,0.0,14459.98,8302.52
ITEM0000480,ORD000222,PROD00078,CUST00787,20241121,6,1,2028.86,0.0,2028.86,477.30999999999995
ITEM0000481,ORD000223,PROD00237,CUST00915,20231230,10,2,8123.36,0.0,-16246.72,-23550.84
ITEM0000482,ORD000223,PROD00056,CUST00915,20231230,10,2,6326.27,0.0,12652.54,7565.760000000001
ITEM0000483,ORD000223,PROD00236,CUST00915,20231230,10,1,2661.51,0.11,2368.74,1139.1099999999997
ITEM0000484,ORD000224,PROD00002,CUST00547,20230127,10,3,231.58,0.0,694.74,282.92999999999995
ITEM0000485,ORD000224,PROD00225,CUST00547,20230127,10,1,6042.7,0.0,6042.7,1087.0999999999995
ITEM0000486,ORD000225,PROD00139,CUST00336,20230312,6,1,5962.8,0.06,5605.03,2741.8799999999997
ITEM0000487,ORD000225,PROD00246,CUST00336,20230312,6,1,8011.14,0.16,6729.36,2659.1699999999996
ITEM0000488,ORD000226,PROD00042,CUST00278,20240310,4,1,8235.83,0.21,6506.31,2408.4400000000005
ITEM0000489,ORD000226,PROD00247,CUST00278,20240310,4,2,7341.91,0.0,14683.82,7371.12
ITEM0000490,ORD000227,PROD00029,CUST00127,20240326,7,1,5799.72,0.0,5799.72,1511.1599999999999
ITEM0000491,ORD000228,PROD00163,CUST00458,20230220,8,1,2745.97,0.0,2745.97,1370.6399999999999
ITEM0000492,ORD000228,PROD00289,CUST00458,20230220,8,2,3097.21,0.0,6194.42,3593.96
ITEM0000493,ORD000229,PROD00034,CUST00993,20230406,3,1,2533.01,0.0,2533.01,828.0700000000002
ITEM0000494,ORD000230,PROD00251,CUST00124,20230803,8,1,3365.3,0.0,3365.3,1990.8100000000002
ITEM0000495,ORD000230,PROD00273,CUST00124,20230803,8,2,4432.81,0.0,8865.62,2570.840000000001
ITEM0000496,ORD000231,PROD00227,CUST00216,20230715,2,1,3250.8,0.0,3250.8,1611.5800000000002
ITEM0000497,ORD000232,PROD00088,CUST00017,20240412,1,1,4559.98,0.0,4559.98,1282.8999999999996
ITEM0000498,ORD000232,PROD00266,CUST00017,20240412,1,1,5956.89,0.03,5778.18,899.3000000000002
ITEM0000499,ORD000232,PROD00124,CUST00017,20240412,1,1,2025.14,0.03,1964.39,348.71000000000004
ITEM0000500,ORD000233,PROD00134,CUST00370,20231230,5,1,1127.73,0.06,1060.07,200.39
ITEM0000501,ORD000233,PROD00265,CUST00370,20231230,5,1,4207.25,0.09,3828.6,1016.9000000000001
ITEM0000502,ORD000233,PROD00256,CUST00370,20231230,5,1,256.57,0.0,256.57,96.10999999999999
ITEM0000503,ORD000234,PROD00239,CUST00719,20230823,2,1,467.33,0.0,467.33,263.01
ITEM0000504,ORD000235,PROD00065,CUST00919,20241024,6,1,6570.64,0.0,6570.64,1731.5900000000001
ITEM0000505,ORD000235,PROD00029,CUST00919,20241024,6,1,5799.72,0.0,5799.72,1511.1599999999999
ITEM0000506,ORD000235,PROD00018,CUST00919,20241024,6,1,2803.77,0.01,2775.73,920.94
ITEM0000507,ORD000236,PROD00249,CUST00160,20240615,3,1,4279.09,0.08,3936.76,1935.0200000000002
ITEM0000508,ORD000236,PROD00213,CUST00160,20240615,3,1,9402.56,0.0,9402.56,4648.009999999999
ITEM0000509,ORD000236,PROD00193,CUST00160,20240615,3,4,9202.76,0.0,36811.04,20459.84
ITEM0000510,ORD000237,PROD00038,CUST00301,20241107,6,2,1983.28,0.0,3966.56,2071.56
ITEM0000511,ORD000238,PROD00254,CUST00760,20230605,3,1,3623.42,0.0,3623.42,725.1199999999999
ITEM0000512,ORD000238,PROD00185,CUST00760,20230605,3,2,2719.98,0.08,5004.76,2535.7200000000003
ITEM0000513,ORD000239,PROD00180,CUST00314,20230728,7,3,7030.69,0.0,21092.07,12324.3
ITEM0000514,ORD000239,PROD00102,CUST00314,20230728,7,2,6509.4,0.11,11586.73,5542.849999999999
ITEM0000515,ORD000239,PROD00160,CUST00314,20230728,7,1,1750.19,0.0,1750.19,438.8800000000001
ITEM0000516,ORD000240,PROD00073,CUST00030,20231206,8,2,9071.35,0.1,16328.43,7064.8099999999995
ITEM0000517,ORD000240,PROD00079,CUST00030,20231206,8,3,7182.12,0.0,21546.36,11551.98
ITEM0000518,ORD000240,PROD00185,CUST00030,20231206,8,2,2719.98,0.01,5385.56,2916.5200000000004
ITEM0000519,ORD000240,PROD00040,CUST00030,20231206,8,4,3631.49,0.18,-11911.29,-18418.370000000003
ITEM0000520,ORD000241,PROD00272,CUST00781,20240122,10,3,7587.4,0.0,22762.2,9270.54
ITEM0000521,ORD000242,PROD00101,CUST00095,20230817,7,1,1373.9,0.0,1373.9,435.8600000000001
ITEM0000522,ORD000242,PROD00192,CUST00095,20230817,7,1,5116.05,0.29,3632.4,206.03999999999996
ITEM0000523,ORD000243,PROD00188,CUST00451,20250703,3,4,1657.41,0.0,6629.64,1320.1600000000008
ITEM0000524,ORD000244,PROD00033,CUST00132,20230921,6,1,1942.09,0.0,1942.09,782.1899999999998
ITEM0000525,ORD000244,PROD00108,CUST00132,20230921,6,2,7407.37,0.09,13481.41,7460.15
ITEM0000526,ORD000245,PROD00022,CUST00505,20240504,10,1,1547.99,0.0,1547.99,904.4300000000001
ITEM0000527,ORD000245,PROD00107,CUST00505,20240504,10,2,6282.37,0.27,-9172.26,-18008.58
ITEM0000528,ORD000246,PROD00065,CUST00676,20230819,2,1,6570.64,0.0,6570.64,1731.5900000000001
ITEM0000529,ORD000246,PROD00148,CUST00676,20230819,2,1,3870.28,0.0,3870.28,1942.0400000000002
ITEM0000530,ORD000247,PROD00053,CUST00256,20230418,4,1,7229.99,0.0,7229.99,4151.26
ITEM0000531,ORD000248,PROD00201,CUST00605,20241115,9,1,3944.29,0.0,3944.29,1055.44
ITEM0000532,ORD000248,PROD00020,CUST00605,20241115,9,2,7970.85,0.0,15941.7,8191.860000000001
ITEM0000533,ORD000249,PROD00255,CUST00384,20240308,3,3,7383.63,0.21,17499.2,7508.51
ITEM0000534,ORD000249,PROD00087,CUST00384,20240308,3,1,4546.57,0.0,4546.57,2373.41
ITEM0000535,ORD000249,PROD00032,CUST00384,20240308,3,1,301.12,0.0,301.12,56.30000000000001
ITEM0000536,ORD000249,PROD00020,CUST00384,20240308,3,2,7970.85,0.14,13709.86,5960.02
ITEM0000537,ORD000250,PROD00127,CUST00050,20241009,4,1,5321.52,0.0,5321.52,2776.7800000000007
ITEM0000538,ORD000250,PROD00047,CUST00050,20241009,4,2,1589.57,0.04,3051.97,1088.9099999999999
ITEM0000539,ORD000250,PROD00079,CUST00050,20241009,4,1,7182.12,0.0,7182.12,3850.66
ITEM0000540,ORD000251,PROD00284,CUST00407,20230615,6,1,1981.58,0.29,1406.92,175.56000000000017
ITEM0000541,ORD000252,PROD00068,CUST00644,20230712,10,2,1589.23,0.09,2892.4,474.2600000000002
ITEM0000542,ORD000253,PROD00080,CUST00121,20240326,5,1,862.91,0.0,862.91,394.7
ITEM0000543,ORD000253,PROD00068,CUST00121,20240326,5,2,1589.23,0.0,3178.46,760.3200000000002
ITEM0000544,ORD000253,PROD00098,CUST00121,20240326,5,1,2402.47,0.0,2402.47,1132.5099999999998
ITEM0000545,ORD000254,PROD00083,CUST00350,20230919,8,1,9425.24,0.0,9425.24,5118.79
ITEM0000546,ORD000254,PROD00251,CUST00350,20230919,8,1,3365.3,0.07,3129.73,1755.24
ITEM0000547,ORD000255,PROD00166,CUST00270,20240615,2,4,7134.8,0.0,28539.2,13602.560000000001
ITEM0000548,ORD000256,PROD00095,CUST00097,20230510,4,1,1505.02,0.21,1188.97,223.41000000000008
ITEM0000549,ORD000256,PROD00250,CUST00097,20230510,4,2,4610.44,0.0,9220.88,4478.5599999999995
ITEM0000550,ORD000256,PROD00276,CUST00097,20230510,4,2,8701.77,0.18,14270.9,7085.0599999999995
ITEM0000551,ORD000256,PROD00297,CUST00097,20230510,4,3,10930.45,0.0,32791.35,18987.6
ITEM0000552,ORD000256,PROD00141,CUST00097,20230510,4,1,4481.31,0.0,4481.31,1665.3200000000006
ITEM0000553,ORD000257,PROD00028,CUST00895,20230510,6,1,214.4,0.07,199.39,49.69999999999999
ITEM0000554,ORD000258,PROD00097,CUST00187,20240531,7,3,1492.36,0.1,4029.37,501.5499999999997
ITEM0000555,ORD000258,PROD00084,CUST00187,20240531,7,1,7622.23,0.0,7622.23,4311.3099999999995
ITEM0000556,ORD000259,PROD00220,CUST00204,20230118,6,1,6168.69,0.0,6168.69,2661.0299999999997
ITEM0000557,ORD000259,PROD00280,CUST00204,20230118,6,1,4625.83,0.26,3423.11,1274.52
ITEM0000558,ORD000259,PROD00094,CUST00204,20230118,6,2,6449.58,0.0,12899.16,5525.54
ITEM0000559,ORD000260,PROD00222,CUST00820,20230218,9,1,3002.04,0.0,3002.04,1178.27
ITEM0000560,ORD000261,PROD00272,CUST00163,20240119,2,3,7587.4,0.0,22762.2,9270.54
ITEM0000561,ORD000262,PROD00257,CUST00554,20230605,10,3,1111.21,0.07,3100.27,-9659.329999999998
ITEM0000562,ORD000263,PROD00075,CUST00400,20231031,9,1,6662.95,0.0,6662.95,3442.12
ITEM0000563,ORD000264,PROD00022,CUST00077,20230101,5,3,1547.99,0.0,4643.97,2713.2900000000004
ITEM0000564,ORD000264,PROD00154,CUST00077,20230101,5,1,5526.27,0.0,5526.27,2561.6400000000003
ITEM0000565,ORD000264,PROD00095,CUST00077,20230101,5,1,1505.02,0.0,1505.02,539.46
ITEM0000566,ORD000265,PROD00014,CUST00983,20240831,2,1,1451.31,0.17,1204.59,106.14999999999986
ITEM0000567,ORD000266,PROD00179,CUST00401,20230906,3,1,6055.62,0.0,6055.62,3585.27
ITEM0000568,ORD000267,PROD00097,CUST00232,20230314,5,1,1492.36,0.08,1372.97,197.02999999999997
ITEM0000569,ORD000267,PROD00101,CUST00232,20230314,5,3,1373.9,0.0,4121.7,1307.58
ITEM0000570,ORD000267,PROD00120,CUST00232,20230314,5,1,1288.16,0.0,1288.16,750.72
ITEM0000571,ORD000267,PROD00299,CUST00232,20230314,5,1,10649.19,0.0,10649.19,6151.8
ITEM0000572,ORD000267,PROD00012,CUST00232,20230314,5,1,7089.43,0.17,5884.23,2690.1699999999996
ITEM0000573,ORD000268,PROD00247,CUST00156,20241119,4,1,7341.91,0.0,7341.91,3685.56
ITEM0000574,ORD000269,PROD00177,CUST00121,20241014,9,2,5446.6,0.0,10893.2,6190.280000000001
ITEM0000575,ORD000269,PROD00098,CUST00121,20241014,9,1,2402.47,0.0,2402.47,1132.5099999999998
ITEM0000576,ORD000269,PROD00036,CUST00121,20241014,9,1,7308.78,0.0,7308.78,3739.1699999999996
ITEM0000577,ORD000269,PROD00153,CUST00121,20241014,9,1,4010.2,0.0,4010.2,1551.0099999999998
ITEM0000578,ORD000269,PROD00180,CUST00121,20241014,9,1,7030.69,0.0,7030.69,4108.099999999999
ITEM0000579,ORD000270,PROD00188,CUST00677,20230826,8,4,1657.41,0.0,6629.64,1320.1600000000008
ITEM0000580,ORD000271,PROD00196,CUST00073,20230607,6,1,6703.46,0.0,6703.46,3818.81
ITEM0000581,ORD000271,PROD00001,CUST00073,20230607,6,2,9272.65,0.0,18545.3,9446.96
ITEM0000582,ORD000272,PROD00136,CUST00642,20230426,8,3,621.23,0.0,1863.69,1091.28
ITEM0000583,ORD000272,PROD00032,CUST00642,20230426,8,3,301.12,0.11,803.99,69.52999999999997
ITEM0000584,ORD000273,PROD00037,CUST00231,20231026,9,1,5435.74,0.0,5435.74,3199.04
ITEM0000585,ORD000273,PROD00260,CUST00231,20231026,9,1,8617.38,0.0,8617.38,4121.859999999999
ITEM0000586,ORD000274,PROD00026,CUST00891,20230905,8,2,992.19,0.0,1984.38,1036.52
ITEM0000587,ORD000275,PROD00103,CUST00863,20231014,5,1,9136.07,0.0,9136.07,4587.94
ITEM0000588,ORD000276,PROD00167,CUST00086,20240101,1,2,2019.38,0.05,3836.82,800.2200000000003
ITEM0000589,ORD000276,PROD00139,CUST00086,20240101,1,3,5962.8,0.04,17172.86,8583.41
ITEM0000590,ORD000276,PROD00035,CUST00086,20240101,1,1,2576.9,0.0,2576.9,1165.71
ITEM0000591,ORD000277,PROD00107,CUST00445,20240828,5,1,6282.37,0.0,6282.37,1864.21
ITEM0000592,ORD000277,PROD00137,CUST00445,20240828,5,1,5635.51,0.0,5635.51,2413.9900000000002
ITEM0000593,ORD000278,PROD00211,CUST00622,20240120,9,1,1624.33,0.0,1624.33,369.80999999999995
ITEM0000594,ORD000279,PROD00187,CUST00859,20240827,2,1,6641.17,0.02,6508.35,2704.8600000000006
ITEM0000595,ORD000279,PROD00084,CUST00859,20240827,2,4,7622.23,0.0,30488.92,17245.239999999998
ITEM0000596,ORD000279,PROD00206,CUST00859,20240827,2,1,8632.13,0.0,8632.13,3966.2699999999995
ITEM0000597,ORD000279,PROD00238,CUST00859,20240827,2,1,7201.82,0.0,7201.82,3679.9399999999996
ITEM0000598,ORD000280,PROD00145,CUST00689,20240817,10,1,5845.69,0.0,5845.69,3459.5799999999995
ITEM0000599,ORD000281,PROD00239,CUST00808,20241024,8,4,467.33,0.14,1607.62,790.3399999999999
ITEM0000600,ORD000282,PROD00036,CUST00763,20241005,7,2,7308.78,0.0,14617.56,7478.339999999999
ITEM0000601,ORD000283,PROD00149,CUST00969,20241007,6,1,832.87,0.0,832.87,470.54
ITEM0000602,ORD000283,PROD00153,CUST00969,20241007,6,3,4010.2,0.0,12030.6,4653.030000000001
ITEM0000603,ORD000283,PROD00247,CUST00969,20241007,6,1,7341.91,0.0,7341.91,3685.56
ITEM0000604,ORD000284,PROD00300,CUST00368,20230917,6,1,1343.36,0.0,1343.36,715.2799999999999
ITEM0000605,ORD000285,PROD00225,CUST00470,20231129,5,1,6042.7,0.0,6042.7,1087.0999999999995
ITEM0000606,ORD000285,PROD00151,CUST00470,20231129,5,3,5518.05,0.0,16554.15,3917.9400000000023
ITEM0000607,ORD000285,PROD00292,CUST00470,20231129,5,2,5910.44,0.0,11820.88,5975.959999999999
ITEM0000608,ORD000286,PROD00136,CUST00330,20241025,7,1,621.23,0.0,621.23,363.76
ITEM0000609,ORD000287,PROD00141,CUST00361,20231208,10,2,4481.31,0.0,8962.62,3330.6400000000012
ITEM0000610,ORD000287,PROD00179,CUST00361,20231208,10,1,6055.62,0.0,6055.62,3585.27
ITEM0000611,ORD000288,PROD00263,CUST00655,20230403,7,1,4979.64,0.0,4979.64,1665.3500000000004
ITEM0000612,ORD000288,PROD00008,CUST00655,20230403,7,2,5338.8,0.0,10677.6,4438.18
ITEM0000613,ORD000288,PROD00060,CUST00655,20230403,7,1,532.72,0.0,532.72,251.38000000000005
ITEM0000614,ORD000289,PROD00171,CUST00272,20230727,8,1,546.18,0.0,546.18,279.16999999999996
ITEM0000615,ORD000289,PROD00068,CUST00272,20230727,8,3,1589.23,0.0,4767.69,1140.4799999999996
ITEM0000616,ORD000289,PROD00034,CUST00272,20230727,8,1,2533.01,0.0,2533.01,828.0700000000002
ITEM0000617,ORD000289,PROD00054,CUST00272,20230727,8,4,5941.63,0.0,23766.52,12117.12
ITEM0000618,ORD000290,PROD00090,CUST00331,20230622,1,3,494.65,0.0,1483.95,763.74
ITEM0000619,ORD000290,PROD00107,CUST00331,20230622,1,2,6282.37,0.0,12564.74,3728.42
ITEM0000620,ORD000290,PROD00019,CUST00331,20230622,1,1,2406.67,0.0,2406.67,1356.91
ITEM0000621,ORD000291,PROD00131,CUST00775,20231031,9,4,576.16,0.06,2166.36,723.7600000000002
ITEM0000622,ORD000292,PROD00019,CUST00093,20230406,10,1,2406.67,0.0,2406.67,1356.91
ITEM0000623,ORD000293,PROD00225,CUST00546,20231215,6,1,6042.7,0.16,5075.87,120.26999999999953
ITEM0000624,ORD000294,PROD00091,CUST00584,20240920,2,1,1302.09,0.0,1302.09,622.29
ITEM0000625,ORD000295,PROD00018,CUST00159,20240715,5,2,2803.77,0.0,5607.54,1897.96
ITEM0000626,ORD000295,PROD00163,CUST00159,20240715,5,2,2745.97,0.0,5491.94,2741.2799999999997
ITEM0000627,ORD000295,PROD00020,CUST00159,20240715,5,1,7970.85,0.0,7970.85,4095.9300000000003
ITEM0000628,ORD000296,PROD00295,CUST00451,20230820,4,1,895.09,0.0,895.09,175.74
ITEM0000629,ORD000296,PROD00051,CUST00451,20230820,4,3,8693.03,0.08,23992.76,10481.209999999997
ITEM0000630,ORD000296,PROD00259,CUST00451,20230820,4,1,1489.83,0.26,1102.47,-64.96000000000004
ITEM0000631,ORD000297,PROD00070,CUST00859,20240509,8,2,6693.56,0.19,10843.57,2137.029999999999
ITEM0000632,ORD000297,PROD00230,CUST00859,20240509,8,3,8026.94,0.0,24080.82,13413.57
ITEM0000633,ORD000297,PROD00132,CUST00859,20240509,8,2,5296.2,0.08,9745.01,1370.7299999999996
ITEM0000634,ORD000298,PROD00023,CUST00869,20230710,9,1,3506.84,0.0,3506.84,2022.7700000000002
ITEM0000635,ORD000298,PROD00246,CUST00869,20230710,9,1,8011.14,0.13,6969.69,2899.4999999999995
ITEM0000636,ORD000298,PROD00202,CUST00869,20230710,9,2,1016.59,0.16,1707.87,352.1899999999998
ITEM0000637,ORD000299,PROD00036,CUST00724,20230925,6,4,7308.78,0.0,29235.12,14956.679999999998
ITEM0000638,ORD000300,PROD00240,CUST00554,20231124,6,1,4510.78,0.0,4510.78,2528.3099999999995
ITEM0000639,ORD000301,PROD00242,CUST00593,20240705,3,1,2496.43,0.0,2496.43,511.5799999999999
ITEM0000640,ORD000301,PROD00234,CUST00593,20240705,3,1,9552.76,0.0,9552.76,5040.68
ITEM0000641,ORD000302,PROD00069,CUST00827,20230418,10,1,350.66,0.0,350.66,-3748.46
ITEM0000642,ORD000302,PROD00184,CUST00827,20230418,10,1,1498.15,0.0,1498.15,877.6700000000001
ITEM0000643,ORD000303,PROD00050,CUST00477,20230818,5,4,5338.68,0.0,21354.72,6905.4000000000015
ITEM0000644,ORD000304,PROD00128,CUST00447,20240828,2,2,4199.76,0.0,8399.52,3072.3
ITEM0000645,ORD000304,PROD00199,CUST00447,20240828,2,2,3657.98,0.0,7315.96,3665.32
ITEM0000646,ORD000305,PROD00078,CUST00059,20241027,6,1,2028.86,0.22,1582.51,30.960000000000036
ITEM0000647,ORD000305,PROD00196,CUST00059,20241027,6,2,6703.46,0.02,13138.78,7369.4800000000005
ITEM0000648,ORD000305,PROD00215,CUST00059,20241027,6,4,379.53,0.0,1518.12,300.0
ITEM0000649,ORD000305,PROD00045,CUST00059,20241027,6,3,4706.05,0.0,14118.15,5191.17
ITEM0000650,ORD000305,PROD00123,CUST00059,20241027,6,2,2950.23,0.05,5605.44,1986.7599999999998
ITEM0000651,ORD000306,PROD00245,CUST00978,20230308,5,1,6215.91,0.0,6215.91,2418.97
ITEM0000652,ORD000306,PROD00011,CUST00978,20230308,5,2,2615.05,0.0,5230.1,2766.6000000000004
ITEM0000653,ORD000306,PROD00106,CUST00978,20230308,5,1,3963.99,0.0,3963.99,1538.4499999999998
ITEM0000654,ORD000306,PROD00178,CUST00978,20230308,5,1,7985.04,0.0,7985.04,4658.66
ITEM0000655,ORD000307,PROD00220,CUST00722,20240317,3,1,6168.69,0.11,5490.13,1982.4700000000003
ITEM0000656,ORD000307,PROD00014,CUST00722,20240317,3,2,1451.31,0.0,2902.62,705.7399999999998
ITEM0000657,ORD000307,PROD00028,CUST00722,20240317,3,1,214.4,0.0,214.4,64.71000000000001
ITEM0000658,ORD000307,PROD00096,CUST00722,20240317,3,1,4639.15,0.0,4639.15,2414.68
ITEM0000659,ORD000307,PROD00259,CUST00722,20240317,3,2,1489.83,0.0,2979.66,644.7999999999997
ITEM0000660,ORD000308,PROD00221,CUST00312,20241121,6,3,901.85,0.0,2705.55,706.4700000000003
ITEM0000661,ORD000309,PROD00148,CUST00601,20241128,6,2,3870.28,0.08,7121.32,3264.8399999999997
ITEM0000662,ORD000309,PROD00201,CUST00601,20241128,6,1,3944.29,0.0,3944.29,1055.44
ITEM0000663,ORD000310,PROD00300,CUST00123,20240824,2,2,1343.36,0.0,2686.72,1430.5599999999997
ITEM0000664,ORD000310,PROD00298,CUST00123,20240824,2,1,5321.16,0.0,5321.16,1806.21
ITEM0000665,ORD000311,PROD00159,CUST00616,20230912,3,2,198.83,0.0,397.66,197.32000000000002
ITEM0000666,ORD000311,PROD00268,CUST00616,20230912,3,1,852.32,0.0,852.32,372.6700000000001
ITEM0000667,ORD000311,PROD00048,CUST00616,20230912,3,1,1926.71,0.0,1926.71,624.6500000000001
ITEM0000668,ORD000311,PROD00048,CUST00616,20230912,3,4,1926.71,0.13,6704.95,1496.71
ITEM0000669,ORD000312,PROD00021,CUST00092,20231206,2,1,6443.82,0.1,5799.44,2624.99
ITEM0000670,ORD000313,PROD00054,CUST00391,20240222,8,1,5941.63,0.0,5941.63,3029.28
ITEM0000671,ORD000313,PROD00068,CUST00391,20240222,8,3,1589.23,0.0,4767.69,1140.4799999999996
ITEM0000672,ORD000313,PROD00276,CUST00391,20240222,8,1,8701.77,0.0,8701.77,5108.85
ITEM0000673,ORD000314,PROD00299,CUST00725,20230701,7,1,10649.19,0.0,10649.19,6151.8
ITEM0000674,ORD000315,PROD00185,CUST00233,20230725,6,3,2719.98,0.0,8159.94,4456.379999999999
ITEM0000675,ORD000315,PROD00105,CUST00233,20230725,6,2,3095.41,0.0,6190.82,2735.7
ITEM0000676,ORD000316,PROD00133,CUST00264,20240620,1,2,7313.64,0.15,12433.19,4537.610000000001
ITEM0000677,ORD000317,PROD00255,CUST00173,20230408,1,1,7383.63,0.0,7383.63,4053.4
ITEM0000678,ORD000317,PROD00280,CUST00173,20230408,1,1,4625.83,0.01,4579.57,2430.9799999999996
ITEM0000679,ORD000317,PROD00046,CUST00173,20230408,1,3,8988.77,0.0,26966.31,12695.76
ITEM0000680,ORD000317,PROD00074,CUST00173,20230408,1,2,9420.21,0.0,18840.42,10193.839999999998
ITEM0000681,ORD000318,PROD00050,CUST00029,20231110,10,2,5338.68,0.0,10677.36,3452.7000000000007
ITEM0000682,ORD000319,PROD00296,CUST00187,20240525,9,1,1188.71,0.0,1188.71,270.73
ITEM0000683,ORD000319,PROD00182,CUST00187,20240525,9,1,3616.25,0.0,3616.25,1810.58
ITEM0000684,ORD000320,PROD00203,CUST00384,20240906,10,1,477.27,0.0,477.27,266.80999999999995
ITEM0000685,ORD000321,PROD00148,CUST00153,20240603,8,2,3870.28,0.27,5650.61,1794.1299999999997
ITEM0000686,ORD000322,PROD00073,CUST00958,20231116,5,1,9071.35,0.0,9071.35,4439.54
ITEM0000687,ORD000322,PROD00228,CUST00958,20231116,5,1,1263.16,0.0,1263.16,527.5500000000001
ITEM0000688,ORD000323,PROD00020,CUST00510,20230413,4,1,7970.85,0.0,7970.85,4095.9300000000003
ITEM0000689,ORD000323,PROD00093,CUST00510,20230413,4,1,3802.74,0.0,3802.74,1540.1699999999996
ITEM0000690,ORD000323,PROD00183,CUST00510,20230413,4,2,526.69,0.0,1053.38,564.0600000000002
ITEM0000691,ORD000324,PROD00163,CUST00562,20241105,7,1,2745.97,0.0,2745.97,1370.6399999999999
ITEM0000692,ORD000324,PROD00129,CUST00562,20241105,7,3,2500.46,0.0,7501.38,2737.8
ITEM0000693,ORD000324,PROD00099,CUST00562,20241105,7,2,6088.4,0.0,12176.8,5121.579999999999
ITEM0000694,ORD000325,PROD00033,CUST00375,20230910,3,1,1942.09,0.0,1942.09,782.1899999999998
ITEM0000695,ORD000326,PROD00211,CUST00061,20240102,8,1,1624.33,0.0,1624.33,369.80999999999995
ITEM0000696,ORD000326,PROD00115,CUST00061,20240102,8,2,3250.57,0.2,5200.91,1730.27
ITEM0000697,ORD000327,PROD00194,CUST00869,20230412,9,2,535.55,0.0,1071.1,633.52
ITEM0000698,ORD000327,PROD00032,CUST00869,20230412,9,1,301.12,0.0,301.12,56.30000000000001
ITEM0000699,ORD000327,PROD00240,CUST00869,20230412,9,2,4510.78,0.0,9021.56,5056.619999999999
ITEM0000700,ORD000327,PROD00054,CUST00869,20230412,9,1,5941.63,0.0,5941.63,3029.28
ITEM0000701,ORD000328,PROD00009,CUST00720,20240811,9,1,5332.96,0.0,5332.96,3130.36
ITEM0000702,ORD000328,PROD00250,CUST00720,20240811,9,1,4610.44,0.05,4379.92,2008.7600000000002
ITEM0000703,ORD000328,PROD00205,CUST00720,20240811,9,2,6283.38,0.0,12566.76,2879.24
ITEM0000704,ORD000329,PROD00082,CUST00459,20230519,4,1,3992.96,0.15,3394.02,1625.81
ITEM0000705,ORD000329,PROD00268,CUST00459,20230519,4,3,852.32,0.0,2556.96,1118.0100000000002
ITEM0000706,ORD000329,PROD00194,CUST00459,20230519,4,3,535.55,0.0,1606.65,950.2800000000001
ITEM0000707,ORD000330,PROD00229,CUST00503,20230326,1,1,726.54,0.0,726.54,250.2
ITEM0000708,ORD000330,PROD00190,CUST00503,20230326,1,2,3528.69,0.0,7057.38,3710.02
ITEM0000709,ORD000330,PROD00296,CUST00503,20230326,1,1,1188.71,0.08,1093.61,175.62999999999988
ITEM0000710,ORD000330,PROD00022,CUST00503,20230326,1,2,1547.99,0.0,3095.98,1808.8600000000001
ITEM0000711,ORD000331,PROD00120,CUST00510,20231110,5,3,1288.16,0.0,3864.48,2252.16
ITEM0000712,ORD000332,PROD00102,CUST00970,20230712,2,2,6509.4,0.0,13018.8,6974.919999999999
ITEM0000713,ORD000332,PROD00200,CUST00970,20230712,2,2,7131.42,0.0,14262.84,6207.2
ITEM0000714,ORD000332,PROD00132,CUST00970,20230712,2,1,5296.2,0.0,5296.2,1109.0599999999995
ITEM0000715,ORD000332,PROD00071,CUST00970,20230712,2,2,534.87,0.0,1069.74,399.29999999999995
ITEM0000716,ORD000333,PROD00285,CUST00657,20230627,6,2,2757.81,0.0,5515.62,2953.3599999999997
ITEM0000717,ORD000334,PROD00104,CUST00193,20240130,6,1,2043.03,0.0,2043.03,773.79
ITEM0000718,ORD000334,PROD00054,CUST00193,20240130,6,2,5941.63,0.21,9387.78,3563.080000000001
ITEM0000719,ORD000335,PROD00012,CUST00537,20240604,3,1,7089.43,0.0,7089.43,3895.3700000000003
ITEM0000720,ORD000335,PROD00116,CUST00537,20240604,3,3,3835.95,0.0,11507.85,4087.83
ITEM0000721,ORD000336,PROD00037,CUST00469,20230412,3,1,5435.74,0.0,5435.74,3199.04
ITEM0000722,ORD000336,PROD00129,CUST00469,20230412,3,1,2500.46,0.15,2125.39,537.53
ITEM0000723,ORD000336,PROD00255,CUST00469,20230412,3,1,7383.63,0.0,7383.63,4053.4
ITEM0000724,ORD000337,PROD00158,CUST00212,20240522,10,1,8138.6,0.0,8138.6,4091.0800000000004
ITEM0000725,ORD000337,PROD00158,CUST00212,20240522,10,1,8138.6,0.01,8057.21,4009.69
ITEM0000726,ORD000337,PROD00183,CUST00212,20240522,10,2,526.69,0.0,1053.38,564.0600000000002
ITEM0000727,ORD000338,PROD00261,CUST00947,20230430,5,1,2154.14,0.0,2154.14,1173.1
ITEM0000728,ORD000339,PROD00165,CUST00400,20230701,4,1,1721.94,0.15,1463.65,669.3900000000001
ITEM0000729,ORD000340,PROD00197,CUST00637,20230910,5,2,8766.75,0.0,17533.5,10179.720000000001
ITEM0000730,ORD000340,PROD00232,CUST00637,20230910,5,1,3144.6,0.02,3081.71,1547.56
ITEM0000731,ORD000341,PROD00144,CUST00963,20230729,5,1,9953.38,0.0,9953.38,5272.469999999999
ITEM0000732,ORD000342,PROD00115,CUST00863,20231012,4,1,3250.57,0.0,3250.57,1515.2500000000002
ITEM0000733,ORD000342,PROD00033,CUST00863,20231012,4,2,1942.09,0.0,3884.18,1564.3799999999997
ITEM0000734,ORD000342,PROD00081,CUST00863,20231012,4,4,2624.19,0.0,10496.76,5860.52
ITEM0000735,ORD000343,PROD00176,CUST00713,20230212,8,1,5492.71,0.0,5492.71,2178.71
ITEM0000736,ORD000344,PROD00254,CUST00163,20230429,8,1,3623.42,0.0,3623.42,725.1199999999999
ITEM0000737,ORD000344,PROD00134,CUST00163,20230429,8,3,1127.73,0.0,3383.19,804.1500000000001
ITEM0000738,ORD000345,PROD00045,CUST00733,20241128,7,1,4706.05,0.0,4706.05,1730.3900000000003
ITEM0000739,ORD000345,PROD00031,CUST00733,20241128,7,1,4066.81,0.05,3863.47,1206.8999999999996
ITEM0000740,ORD000346,PROD00104,CUST00780,20230422,2,3,2043.03,0.0,6129.09,2321.37
ITEM0000741,ORD000346,PROD00219,CUST00780,20230422,2,2,344.65,0.0,689.3,311.97999999999996
ITEM0000742,ORD000347,PROD00286,CUST00131,20230725,9,1,945.94,0.0,945.94,455.46000000000004
ITEM0000743,ORD000347,PROD00001,CUST00131,20230725,9,1,9272.65,0.0,9272.65,4723.48
ITEM0000744,ORD000347,PROD00063,CUST00131,20230725,9,1,1083.33,0.0,1083.33,592.4699999999999
ITEM0000745,ORD000348,PROD00004,CUST00854,20230208,7,2,4097.38,0.0,8194.76,1396.42
ITEM0000746,ORD000349,PROD00183,CUST00380,20240922,8,2,526.69,0.0,1053.38,564.0600000000002
ITEM0000747,ORD000349,PROD00176,CUST00380,20240922,8,1,5492.71,0.0,5492.71,2178.71
ITEM0000748,ORD000350,PROD00199,CUST00787,20230713,4,1,3657.98,0.0,3657.98,1832.66
ITEM0000749,ORD000350,PROD00133,CUST00787,20230713,4,1,7313.64,0.18,5997.18,2049.3900000000003
ITEM0000750,ORD000351,PROD00294,CUST00881,20231216,5,1,8182.59,0.0,8182.59,4331.59
ITEM0000751,ORD000351,PROD00169,CUST00881,20231216,5,1,5358.09,0.0,5358.09,2984.67
ITEM0000752,ORD000351,PROD00087,CUST00881,20231216,5,1,4546.57,0.0,4546.57,2373.41
ITEM0000753,ORD000352,PROD00170,CUST00390,20240205,3,1,927.91,0.11,825.84,-1513.8599999999997
ITEM0000754,ORD000352,PROD00103,CUST00390,20240205,3,2,9136.07,0.21,14434.99,5338.73
ITEM0000755,ORD000353,PROD00288,CUST00674,20231210,8,2,2790.22,0.0,5580.44,3128.7599999999998
ITEM0000756,ORD000354,PROD00085,CUST00295,20240625,9,2,1960.53,0.0,3921.06,1576.96
ITEM0000757,ORD000354,PROD00262,CUST00295,20240625,9,1,1460.84,0.04,1402.41,679.0200000000001
ITEM0000758,ORD000354,PROD00231,CUST00295,20240625,9,1,3622.68,0.23,2789.46,516.0999999999999
ITEM0000759,ORD000354,PROD00139,CUST00295,20240625,9,2,5962.8,0.0,11925.6,6199.3
ITEM0000760,ORD000355,PROD00299,CUST00420,20230308,9,2,10649.19,0.0,21298.38,12303.6
ITEM0000761,ORD000356,PROD00163,CUST00040,20240115,3,1,2745.97,0.05,2608.67,1233.3400000000001
ITEM0000762,ORD000357,PROD00133,CUST00060,20240730,7,2,7313.64,0.0,-14627.28,-22522.86
ITEM0000763,ORD000358,PROD00264,CUST00559,20240731,2,1,8008.38,0.27,5846.12,2392.3599999999997
ITEM0000764,ORD000358,PROD00286,CUST00559,20240731,2,2,945.94,0.0,1891.88,910.9200000000001
ITEM0000765,ORD000359,PROD00131,CUST00396,20241022,5,3,576.16,0.0,1728.48,646.5300000000002
ITEM0000766,ORD000359,PROD00225,CUST00396,20241022,5,2,6042.7,0.0,12085.4,2174.199999999999
ITEM0000767,ORD000360,PROD00100,CUST00503,20241130,10,1,8661.69,0.03,8401.84,4705.610000000001
ITEM0000768,ORD000360,PROD00063,CUST00503,20241130,10,2,1083.33,0.0,2166.66,1184.9399999999998
ITEM0000769,ORD000361,PROD00194,CUST00550,20240410,6,3,535.55,0.07,1494.18,837.8100000000001
ITEM0000770,ORD000361,PROD00254,CUST00550,20240410,6,1,3623.42,0.0,3623.42,725.1199999999999
ITEM0000771,ORD000362,PROD00039,CUST00904,20230921,3,1,6419.63,0.12,5649.27,836.1000000000004
ITEM0000772,ORD000362,PROD00062,CUST00904,20230921,3,1,5673.89,0.0,5673.89,2029.9500000000003
ITEM0000773,ORD000362,PROD00204,CUST00904,20230921,3,2,3352.35,0.0,6704.7,2678.52
ITEM0000774,ORD000362,PROD00221,CUST00904,20230921,3,1,901.85,0.05,856.76,190.39999999999998
ITEM0000775,ORD000362,PROD00258,CUST00904,20230921,3,1,5858.08,0.0,5858.08,3472.5299999999997
ITEM0000776,ORD000363,PROD00093,CUST00471,20230213,7,1,3802.74,0.0,3802.74,1540.1699999999996
ITEM0000777,ORD000363,PROD00283,CUST00471,20230213,7,1,7427.34,0.0,7427.34,2863.1000000000004
ITEM0000778,ORD000364,PROD00227,CUST00362,20241003,4,1,3250.8,0.0,3250.8,1611.5800000000002
ITEM0000779,ORD000365,PROD00073,CUST00976,20240330,7,1,9071.35,0.0,9071.35,4439.54
ITEM0000780,ORD000366,PROD00162,CUST00211,20240626,4,4,3555.3,0.0,14221.2,4340.280000000001
ITEM0000781,ORD000367,PROD00097,CUST00922,20240108,8,1,1492.36,0.0,1492.36,316.41999999999985
ITEM0000782,ORD000367,PROD00123,CUST00922,20240108,8,1,2950.23,0.0,2950.23,1140.89
ITEM0000783,ORD000367,PROD00245,CUST00922,20240108,8,2,6215.91,0.03,12058.87,4464.990000000001
ITEM0000784,ORD000367,PROD00162,CUST00922,20240108,8,1,3555.3,0.0,3555.3,1085.0700000000002
ITEM0000785,ORD000367,PROD00034,CUST00922,20240108,8,1,2533.01,0.1,2279.71,574.77
ITEM0000786,ORD000368,PROD00001,CUST00145,20240207,8,1,9272.65,0.0,9272.65,4723.48
ITEM0000787,ORD000368,PROD00219,CUST00145,20240207,8,4,344.65,0.0,1378.6,623.9599999999999
ITEM0000788,ORD000368,PROD00060,CUST00145,20240207,8,1,532.72,0.12,468.79,187.45000000000005
ITEM0000789,ORD000369,PROD00284,CUST00053,20240227,4,1,1981.58,0.0,1981.58,750.22
ITEM0000790,ORD000370,PROD00005,CUST00443,20240613,3,3,246.43,0.07,687.54,159.24
ITEM0000791,ORD000371,PROD00090,CUST00177,20241114,5,2,494.65,0.0,989.3,509.15999999999997
ITEM0000792,ORD000371,PROD00173,CUST00177,20241114,5,3,2154.7,0.0,6464.11,-6807.53
ITEM0000793,ORD000371,PROD00036,CUST00177,20241114,5,1,7308.78,0.0,7308.78,3739.1699999999996
ITEM0000794,ORD000372,PROD00230,CUST00801,20240811,4,1,8026.94,0.0,8026.94,4471.19
ITEM0000795,ORD000372,PROD00246,CUST00801,20240811,4,1,8011.14,0.0,8011.14,3940.9500000000003
ITEM0000796,ORD000372,PROD00065,CUST00801,20240811,4,1,6570.64,0.0,6570.64,1731.5900000000001
ITEM0000797,ORD000373,PROD00111,CUST00324,20240513,10,1,5596.44,0.0,5596.44,3031.0199999999995
ITEM0000798,ORD000373,PROD00099,CUST00324,20240513,10,2,6088.4,0.18,9984.98,2929.7599999999993
ITEM0000799,ORD000373,PROD00118,CUST00324,20240513,10,1,8273.55,0.0,8273.55,3302.5199999999995
ITEM0000800,ORD000373,PROD00154,CUST00324,20240513,10,4,5526.27,0.0,22105.08,10246.560000000001
ITEM0000801,ORD000374,PROD00060,CUST00100,20241123,2,1,532.72,0.0,532.72,251.38000000000005
ITEM0000802,ORD000374,PROD00068,CUST00100,20241123,2,2,1589.23,0.23,2447.41,29.269999999999982
ITEM0000803,ORD000375,PROD00194,CUST00874,20231206,2,2,535.55,0.08,985.41,547.8299999999999
ITEM0000804,ORD000375,PROD00298,CUST00874,20231206,2,1,5321.16,0.0,5321.16,1806.21
ITEM0000805,ORD000376,PROD00046,CUST00861,20231111,2,2,8988.77,0.0,17977.54,8463.84
ITEM0000806,ORD000376,PROD00109,CUST00861,20231111,2,2,7944.57,0.1,14300.23,5542.689999999999
ITEM0000807,ORD000376,PROD00248,CUST00861,20231111,2,1,10128.22,0.0,10128.22,5478.24
ITEM0000808,ORD000377,PROD00258,CUST00347,20240501,3,1,5858.08,0.03,5682.34,3296.79
ITEM0000809,ORD000377,PROD00111,CUST00347,20240501,3,1,5596.44,0.18,4589.08,2023.6599999999999
ITEM0000810,ORD000377,PROD00021,CUST00347,20240501,3,1,6443.82,0.23,4961.74,1787.29
ITEM0000811,ORD000378,PROD00189,CUST00426,20230617,2,2,7636.65,0.15,12982.3,5301.459999999999
ITEM0000812,ORD000378,PROD00223,CUST00426,20230617,2,1,2430.88,0.22,1896.09,659.1299999999999
ITEM0000813,ORD000379,PROD00122,CUST00481,20241005,5,1,11549.43,0.26,-8546.58,-13484.51
ITEM0000814,ORD000379,PROD00168,CUST00481,20241005,5,2,5760.76,0.0,11521.52,4778.06
ITEM0000815,ORD000380,PROD00041,CUST00100,20240331,1,2,3958.75,0.04,7600.8,3152.7799999999997
ITEM0000816,ORD000380,PROD00141,CUST00100,20240331,1,1,4481.31,0.0,-4481.31,-7297.3
ITEM0000817,ORD000381,PROD00135,CUST00601,20230121,6,1,2086.2,0.0,2086.2,1022.2399999999998
ITEM0000818,ORD000382,PROD00177,CUST00970,20240518,10,1,5446.6,0.0,5446.6,3095.1400000000003
ITEM0000819,ORD000383,PROD00067,CUST00182,20230312,3,1,996.38,0.14,856.89,241.73000000000002
ITEM0000820,ORD000383,PROD00056,CUST00182,20230312,3,1,6326.27,0.3,4428.39,1885.0000000000005
ITEM0000821,ORD000384,PROD00035,CUST00202,20241115,6,1,2576.9,0.0,2576.9,1165.71
ITEM0000822,ORD000384,PROD00214,CUST00202,20241115,6,1,8107.58,0.0,8107.58,3658.74
ITEM0000823,ORD000385,PROD00189,CUST00637,20230117,10,4,7636.65,0.0,30546.6,15184.919999999998
ITEM0000824,ORD000385,PROD00204,CUST00637,20230117,10,1,3352.35,0.0,3352.35,1339.26
ITEM0000825,ORD000385,PROD00039,CUST00637,20230117,10,1,6419.63,0.0,6419.63,1606.46
ITEM0000826,ORD000385,PROD00043,CUST00637,20230117,10,1,1789.22,0.2,1431.38,352.75
ITEM0000827,ORD000386,PROD00198,CUST00287,20240609,9,1,1516.26,0.0,1516.26,484.5899999999999
ITEM0000828,ORD000386,PROD00101,CUST00287,20240609,9,2,1373.9,0.15,2335.63,459.5500000000002
ITEM0000829,ORD000387,PROD00299,CUST00665,20230223,4,1,10649.19,0.11,9477.78,4980.39
ITEM0000830,ORD000388,PROD00015,CUST00280,20230211,8,1,5418.41,0.0,5418.41,1545.25
ITEM0000831,ORD000388,PROD00222,CUST00280,20230211,8,2,3002.04,0.2,4803.26,1155.7200000000003
ITEM0000832,ORD000388,PROD00280,CUST00280,20230211,8,2,4625.83,0.0,9251.66,4954.48
ITEM0000833,ORD000389,PROD00277,CUST00753,20230111,10,1,556.92,0.3,389.84,130.09999999999997
ITEM0000834,ORD000389,PROD00136,CUST00753,20230111,10,1,621.23,0.0,621.23,363.76
ITEM0000835,ORD000389,PROD00166,CUST00753,20230111,10,1,7134.8,0.2,5707.84,1973.6800000000003
ITEM0000836,ORD000390,PROD00145,CUST00398,20240125,1,1,5845.69,0.0,5845.69,3459.5799999999995
ITEM0000837,ORD000391,PROD00149,CUST00875,20240608,7,1,832.87,0.17,691.28,328.95
ITEM0000838,ORD000391,PROD00291,CUST00875,20240608,7,1,1173.69,0.0,1173.69,495.6700000000001
ITEM0000839,ORD000391,PROD00297,CUST00875,20240608,7,1,10930.45,0.0,10930.45,6329.200000000001
ITEM0000840,ORD000391,PROD00255,CUST00875,20240608,7,1,7383.63,0.0,7383.63,4053.4
ITEM0000841,ORD000392,PROD00080,CUST00198,20240719,8,1,862.91,0.0,862.91,394.7
ITEM0000842,ORD000392,PROD00259,CUST00198,20240719,8,3,1489.83,0.0,4469.49,967.1999999999998
ITEM0000843,ORD000392,PROD00022,CUST00198,20240719,8,1,1547.99,0.18,1269.35,625.79
ITEM0000844,ORD000392,PROD00008,CUST00198,20240719,8,1,5338.8,0.2,4271.04,1151.33
ITEM0000845,ORD000392,PROD00074,CUST00198,20240719,8,1,9420.21,0.16,7912.98,3589.6899999999996
ITEM0000846,ORD000393,PROD00103,CUST00936,20241113,6,2,9136.07,0.16,15348.6,6252.34
ITEM0000847,ORD000393,PROD00013,CUST00936,20241113,6,1,10508.19,0.0,10508.19,5916.530000000001
ITEM0000848,ORD000394,PROD00189,CUST00077,20230906,3,4,7636.65,0.12,26881.01,11519.329999999998
ITEM0000849,ORD000395,PROD00182,CUST00010,20230319,1,1,3616.25,0.0,3616.25,1810.58
ITEM0000850,ORD000396,PROD00283,CUST00597,20230609,8,1,7427.34,0.0,7427.34,2863.1000000000004
ITEM0000851,ORD000396,PROD00179,CUST00597,20230609,8,2,6055.62,0.0,12111.24,7170.54
ITEM0000852,ORD000397,PROD00037,CUST00058,20230505,3,1,5435.74,0.0,5435.74,3199.04
ITEM0000853,ORD000398,PROD00254,CUST00004,20230404,7,3,3623.42,0.0,10870.26,2175.3599999999988
ITEM0000854,ORD000399,PROD00184,CUST00329,20240201,9,1,1498.15,0.0,1498.15,877.6700000000001
ITEM0000855,ORD000399,PROD00070,CUST00329,20240201,9,2,6693.56,0.0,13387.12,4680.58
ITEM0000856,ORD000400,PROD00299,CUST00481,20230710,5,1,10649.19,0.0,10649.19,6151.8
ITEM0000857,ORD000401,PROD00293,CUST00520,20230709,1,1,5361.88,0.0,5361.88,967.4899999999998
ITEM0000858,ORD000401,PROD00041,CUST00520,20230709,1,1,3958.75,0.0,3958.75,1734.7399999999998
ITEM0000859,ORD000401,PROD00289,CUST00520,20230709,1,1,3097.21,0.0,3097.21,1796.98
ITEM0000860,ORD000401,PROD00030,CUST00520,20230709,1,2,4937.89,0.0,9875.78,4933.460000000001
ITEM0000861,ORD000402,PROD00131,CUST00997,20240812,4,1,576.16,0.03,558.88,198.23000000000002
ITEM0000862,ORD000403,PROD00264,CUST00775,20231126,4,4,8008.38,0.0,32033.52,18218.48
ITEM0000863,ORD000403,PROD00020,CUST00775,20231126,4,1,7970.85,0.28,5739.01,1864.0900000000001
ITEM0000864,ORD000403,PROD00211,CUST00775,20231126,4,2,1624.33,0.0,3248.66,739.6199999999999
ITEM0000865,ORD000403,PROD00212,CUST00775,20231126,4,4,7782.48,0.0,31129.92,16949.32
ITEM0000866,ORD000404,PROD00031,CUST00519,20240227,5,1,4066.81,0.0,4066.81,1410.2399999999998
ITEM0000867,ORD000404,PROD00113,CUST00519,20240227,5,4,3472.93,0.0,13891.72,6616.4
ITEM0000868,ORD000404,PROD00297,CUST00519,20240227,5,2,10930.45,0.0,21860.9,12658.400000000001
ITEM0000869,ORD000404,PROD00200,CUST00519,20240227,5,2,7131.42,0.06,13407.07,5351.429999999999
ITEM0000870,ORD000405,PROD00099,CUST00008,20240627,5,1,6088.4,0.0,6088.4,2560.7899999999995
ITEM0000871,ORD000405,PROD00158,CUST00008,20240627,5,1,8138.6,0.05,7731.67,3684.15
ITEM0000872,ORD000406,PROD00136,CUST00925,20231219,1,2,621.23,0.0,1242.46,727.52
ITEM0000873,ORD000406,PROD00103,CUST00925,20231219,1,1,9136.07,0.22,7126.13,2578.0
ITEM0000874,ORD000406,PROD00007,CUST00925,20231219,1,1,7518.69,0.0,-7518.69,-12483.55
ITEM0000875,ORD000407,PROD00139,CUST00763,20230113,2,1,5962.8,0.0,5962.8,3099.65
ITEM0000876,ORD000407,PROD00119,CUST00763,20230113,2,1,9197.85,0.0,9197.85,5466.89
ITEM0000877,ORD000407,PROD00092,CUST00763,20230113,2,1,1552.76,0.15,1319.85,481.80999999999995
ITEM0000878,ORD000408,PROD00063,CUST00269,20240805,6,4,1083.33,0.11,3856.65,1893.21
ITEM0000879,ORD000408,PROD00180,CUST00269,20240805,6,2,7030.69,0.17,11670.95,5825.77
ITEM0000880,ORD000408,PROD00044,CUST00269,20240805,6,1,5424.36,0.0,5424.36,3122.2799999999997
ITEM0000881,ORD000408,PROD00183,CUST00269,20240805,6,2,526.69,0.05,1000.71,511.39000000000004
ITEM0000882,ORD000408,PROD00127,CUST00269,20240805,6,2,5321.52,0.0,10643.04,5553.560000000001
ITEM0000883,ORD000409,PROD00283,CUST00782,20231104,8,1,7427.34,0.0,7427.34,2863.1000000000004
ITEM0000884,ORD000410,PROD00088,CUST00708,20230213,6,1,4559.98,0.0,4559.98,1282.8999999999996
ITEM0000885,ORD000410,PROD00080,CUST00708,20230213,6,2,862.91,0.0,1725.82,789.4
ITEM0000886,ORD000410,PROD00089,CUST00708,20230213,6,1,781.78,0.2,625.42,-14.56000000000006
ITEM0000887,ORD000410,PROD00135,CUST00708,20230213,6,1,2086.2,0.0,2086.2,1022.2399999999998
ITEM0000888,ORD000411,PROD00057,CUST00890,20240419,8,4,4595.24,0.0,18380.96,9106.359999999999
ITEM0000889,ORD000411,PROD00195,CUST00890,20240419,8,1,9608.14,0.0,9608.14,5539.099999999999
ITEM0000890,ORD000412,PROD00071,CUST00895,20230126,3,1,534.87,0.0,534.87,199.64999999999998
ITEM0000891,ORD000413,PROD00108,CUST00375,20240214,1,1,7407.37,0.0,7407.37,4396.74
ITEM0000892,ORD000414,PROD00145,CUST00223,20230708,2,1,5845.69,0.0,5845.69,3459.5799999999995
ITEM0000893,ORD000415,PROD00015,CUST00023,20230722,8,4,5418.41,0.0,21673.64,6181.0
ITEM0000894,ORD000415,PROD00071,CUST00023,20230722,8,2,534.87,0.29,759.52,89.07999999999993
ITEM0000895,ORD000415,PROD00065,CUST00023,20230722,8,1,6570.64,0.17,5453.63,614.5799999999999
ITEM0000896,ORD000415,PROD00243,CUST00023,20230722,8,2,6308.05,0.16,10597.52,3930.2400000000007
ITEM0000897,ORD000416,PROD00207,CUST00234,20231012,4,2,6547.46,0.0,13094.92,7544.7
ITEM0000898,ORD000417,PROD00109,CUST00993,20240514,1,1,7944.57,0.21,6276.21,1897.4399999999996
ITEM0000899,ORD000418,PROD00195,CUST00297,20240914,3,1,9608.14,0.21,7590.43,3521.3900000000003
ITEM0000900,ORD000418,PROD00290,CUST00297,20240914,3,1,1195.14,0.0,1195.14,418.2500000000001
ITEM0000901,ORD000419,PROD00055,CUST00980,20230114,5,2,2678.2,0.0,5356.4,2042.1199999999994
ITEM0000902,ORD000420,PROD00183,CUST00627,20240315,2,2,526.69,0.0,1053.38,564.0600000000002
ITEM0000903,ORD000420,PROD00074,CUST00627,20240315,2,3,9420.21,0.15,24021.54,11051.670000000002
ITEM0000904,ORD000421,PROD00145,CUST00379,20230512,10,1,5845.69,0.11,5202.66,2816.5499999999997
ITEM0000905,ORD000422,PROD00071,CUST00215,20230910,6,1,534.87,0.0,534.87,199.64999999999998
ITEM0000906,ORD000423,PROD00058,CUST00569,20231015,6,1,4592.96,0.02,4501.1,1576.6700000000005
ITEM0000907,ORD000424,PROD00242,CUST00801,20231126,10,1,2496.43,0.0,2496.43,511.5799999999999
ITEM0000908,ORD000424,PROD00299,CUST00801,20231126,10,1,10649.19,0.0,10649.19,6151.8
ITEM0000909,ORD000424,PROD00270,CUST00801,20231126,10,2,4350.17,0.0,8700.34,4423.84
ITEM0000910,ORD000425,PROD00061,CUST00501,20230913,10,1,4205.57,0.0,4205.57,946.1699999999996
ITEM0000911,ORD000425,PROD00123,CUST00501,20230913,10,1,2950.23,0.15,2507.7,698.3599999999999
ITEM0000912,ORD000425,PROD00189,CUST00501,20230913,10,3,7636.65,0.0,22909.95,11388.69
ITEM0000913,ORD000426,PROD00067,CUST00769,20240129,3,1,996.38,0.22,777.18,162.01999999999998
ITEM0000914,ORD000426,PROD00261,CUST00769,20240129,3,1,2154.14,0.21,1701.77,720.73
ITEM0000915,ORD000427,PROD00229,CUST00069,20230930,8,1,726.54,0.0,726.54,250.2
ITEM0000916,ORD000427,PROD00255,CUST00069,20230930,8,1,7383.63,0.0,7383.63,4053.4
ITEM0000917,ORD000427,PROD00183,CUST00069,20230930,8,2,526.69,0.0,1053.38,564.0600000000002
ITEM0000918,ORD000427,PROD00255,CUST00069,20230930,8,1,7383.63,0.0,7383.63,4053.4
ITEM0000919,ORD000428,PROD00250,CUST00869,20240108,1,2,4610.44,0.18,7561.12,2818.8
ITEM0000920,ORD000429,PROD00119,CUST00495,20240927,9,1,9197.85,0.12,8094.11,4363.15
ITEM0000921,ORD000430,PROD00159,CUST00905,20240911,9,1,198.83,0.0,198.83,98.66000000000001
ITEM0000922,ORD000431,PROD00062,CUST00124,20240911,5,1,5673.89,0.0,5673.89,2029.9500000000003
ITEM0000923,ORD000431,PROD00087,CUST00124,20240911,5,2,4546.57,0.19,7365.44,3019.12
ITEM0000924,ORD000432,PROD00148,CUST00255,20231017,7,1,3870.28,0.0,3870.28,1942.0400000000002
ITEM0000925,ORD000432,PROD00150,CUST00255,20231017,7,1,290.6,0.0,290.6,161.43000000000004
ITEM0000926,ORD000433,PROD00125,CUST00026,20231031,1,2,5694.29,0.0,11388.58,3013.7000000000007
ITEM0000927,ORD000433,PROD00267,CUST00026,20231031,1,1,3457.61,0.0,3457.61,709.4500000000003
ITEM0000928,ORD000434,PROD00110,CUST00641,20240402,7,2,7163.14,0.0,14326.28,8567.060000000001
ITEM0000929,ORD000435,PROD00176,CUST00467,20231008,5,2,5492.71,0.0,10985.42,4357.42
ITEM0000930,ORD000435,PROD00016,CUST00467,20231008,5,2,6005.27,0.0,12010.54,2788.720000000001
ITEM0000931,ORD000436,PROD00227,CUST00331,20230512,1,2,3250.8,0.19,5266.3,1987.8600000000001
ITEM0000932,ORD000436,PROD00108,CUST00331,20230512,1,1,7407.37,0.0,7407.37,4396.74
ITEM0000933,ORD000437,PROD00135,CUST00852,20231119,7,1,2086.2,0.0,2086.2,1022.2399999999998
ITEM0000934,ORD000438,PROD00056,CUST00335,20230702,10,2,6326.27,0.0,12652.54,7565.760000000001
ITEM0000935,ORD000438,PROD00196,CUST00335,20230702,10,1,6703.46,0.0,6703.46,3818.81
ITEM0000936,ORD000439,PROD00084,CUST00041,20240805,9,1,7622.23,0.15,6478.9,3167.9799999999996
ITEM0000937,ORD000440,PROD00221,CUST00144,20230311,3,1,901.85,0.12,793.63,127.26999999999998
ITEM0000938,ORD000440,PROD00139,CUST00144,20230311,3,1,5962.8,0.0,5962.8,3099.65
ITEM0000939,ORD000441,PROD00079,CUST00996,20240104,6,1,7182.12,0.0,7182.12,3850.66
ITEM0000940,ORD000442,PROD00150,CUST00559,20240215,1,3,290.6,0.0,871.8,484.28999999999996
ITEM0000941,ORD000443,PROD00081,CUST00843,20240715,2,2,2624.19,0.26,3883.8,1565.6800000000003
ITEM0000942,ORD000444,PROD00237,CUST00246,20230821,1,1,8123.36,0.0,8123.36,4471.299999999999
ITEM0000943,ORD000445,PROD00088,CUST00044,20240505,1,1,4559.98,0.0,4559.98,1282.8999999999996
ITEM0000944,ORD000446,PROD00061,CUST00328,20240527,6,2,4205.57,0.0,8411.14,1892.3399999999992
ITEM0000945,ORD000447,PROD00100,CUST00505,20231024,1,2,8661.69,0.0,17323.38,9930.920000000002
ITEM0000946,ORD000447,PROD00217,CUST00505,20231024,1,2,260.84,0.0,521.68,111.53999999999996
ITEM0000947,ORD000447,PROD00199,CUST00505,20231024,1,3,3657.98,0.0,10973.94,5497.9800000000005
ITEM0000948,ORD000447,PROD00172,CUST00505,20231024,1,3,734.93,0.0,2204.79,1278.0900000000001
ITEM0000949,ORD000447,PROD00180,CUST00505,20231024,1,1,7030.69,0.0,7030.69,4108.099999999999
ITEM0000950,ORD000448,PROD00053,CUST00604,20230724,1,3,7229.99,0.0,21689.97,12453.78
ITEM0000951,ORD000449,PROD00088,CUST00903,20240818,6,1,4559.98,0.0,4559.98,1282.8999999999996
ITEM0000952,ORD000449,PROD00018,CUST00903,20240818,6,1,2803.77,0.12,2467.32,612.5300000000002
ITEM0000953,ORD000449,PROD00096,CUST00903,20240818,6,1,4639.15,0.0,4639.15,2414.68
ITEM0000954,ORD000449,PROD00239,CUST00903,20240818,6,1,467.33,0.0,467.33,263.01
ITEM0000955,ORD000450,PROD00296,CUST00938,20230108,10,1,1188.71,0.0,1188.71,270.73
ITEM0000956,ORD000450,PROD00120,CUST00938,20230108,10,1,1288.16,0.0,1288.16,750.72
ITEM0000957,ORD000450,PROD00139,CUST00938,20230108,10,3,5962.8,0.0,17888.4,9298.95
ITEM0000958,ORD000451,PROD00147,CUST00773,20230726,10,1,4961.76,0.01,4912.14,1797.6200000000003
ITEM0000959,ORD000452,PROD00074,CUST00667,20230503,5,1,9420.21,0.0,9420.21,5096.919999999999
ITEM0000960,ORD000453,PROD00171,CUST00210,20240220,3,3,546.18,0.0,1638.54,837.51
ITEM0000961,ORD000453,PROD00250,CUST00210,20240220,3,3,4610.44,0.0,13831.32,6717.84
ITEM0000962,ORD000454,PROD00249,CUST00778,20230724,10,2,4279.09,0.21,6760.96,2757.48
ITEM0000963,ORD000455,PROD00231,CUST00838,20240830,5,4,3622.68,0.23,11157.85,2064.41
ITEM0000964,ORD000455,PROD00061,CUST00838,20240830,5,1,4205.57,0.01,4163.51,904.1100000000001
ITEM0000965,ORD000455,PROD00298,CUST00838,20240830,5,1,5321.16,0.0,5321.16,1806.21
ITEM0000966,ORD000455,PROD00085,CUST00838,20240830,5,1,1960.53,0.0,1960.53,788.48
ITEM0000967,ORD000456,PROD00269,CUST00223,20230916,9,2,2135.25,0.0,4270.5,2070.88
ITEM0000968,ORD000457,PROD00143,CUST00512,20230731,7,1,1075.34,0.0,1075.34,504.7299999999999
ITEM0000969,ORD000458,PROD00143,CUST00492,20240518,9,2,1075.34,0.21,1699.04,557.8199999999999
ITEM0000970,ORD000458,PROD00203,CUST00492,20240518,9,2,477.27,0.0,954.54,533.6199999999999
ITEM0000971,ORD000459,PROD00300,CUST00110,20240923,1,1,1343.36,0.0,1343.36,715.2799999999999
ITEM0000972,ORD000460,PROD00062,CUST00311,20230101,8,3,5673.89,0.0,17021.67,6089.8499999999985
ITEM0000973,ORD000461,PROD00018,CUST00221,20240112,4,1,2803.77,0.0,2803.77,948.98
ITEM0000974,ORD000461,PROD00077,CUST00221,20240112,4,4,7101.66,0.2,22725.31,7181.470000000001
ITEM0000975,ORD000461,PROD00188,CUST00221,20240112,4,1,1657.41,0.0,1657.41,330.0400000000002
ITEM0000976,ORD000462,PROD00136,CUST00670,20240303,1,1,621.23,0.0,621.23,363.76
ITEM0000977,ORD000462,PROD00213,CUST00670,20240303,1,1,9402.56,0.1,8462.3,3707.749999999999
ITEM0000978,ORD000462,PROD00212,CUST00670,20240303,1,2,7782.48,0.07,14475.41,7385.11
ITEM0000979,ORD000463,PROD00141,CUST00468,20230927,4,1,4481.31,0.0,4481.31,1665.3200000000006
ITEM0000980,ORD000464,PROD00204,CUST00179,20240502,1,1,3352.35,0.0,3352.35,1339.26
ITEM0000981,ORD000464,PROD00183,CUST00179,20240502,1,3,526.69,0.0,1580.07,846.0899999999999
ITEM0000982,ORD000464,PROD00208,CUST00179,20240502,1,1,4099.5,0.0,4099.5,798.6599999999999
ITEM0000983,ORD000464,PROD00096,CUST00179,20240502,1,2,4639.15,0.0,9278.3,4829.36
ITEM0000984,ORD000464,PROD00060,CUST00179,20240502,1,1,532.72,0.0,532.72,251.38000000000005
ITEM0000985,ORD000465,PROD00088,CUST00280,20240724,5,2,4559.98,0.0,9119.96,2565.7999999999993
ITEM0000986,ORD000466,PROD00150,CUST00067,20230809,7,3,290.6,0.04,836.93,449.41999999999996
ITEM0000987,ORD000467,PROD00179,CUST00180,20240227,1,1,6055.62,0.0,6055.62,3585.27
ITEM0000988,ORD000468,PROD00245,CUST00737,20231016,8,4,6215.91,0.0,24863.64,9675.88
ITEM0000989,ORD000469,PROD00249,CUST00707,20230829,8,1,4279.09,0.0,4279.09,2277.3500000000004
ITEM0000990,ORD000470,PROD00267,CUST00975,20240726,8,3,3457.61,0.0,10372.83,2128.3500000000004
ITEM0000991,ORD000470,PROD00121,CUST00975,20240726,8,1,11305.27,0.0,11305.27,6474.55
ITEM0000992,ORD000470,PROD00111,CUST00975,20240726,8,1,5596.44,0.0,5596.44,3031.0199999999995
ITEM0000993,ORD000470,PROD00103,CUST00975,20240726,8,2,9136.07,0.14,15714.04,6617.780000000001
ITEM0000994,ORD000471,PROD00058,CUST00091,20240108,10,1,4592.96,0.0,4592.96,1668.5300000000002
ITEM0000995,ORD000471,PROD00200,CUST00091,20240108,10,1,7131.42,0.0,7131.42,3103.6
ITEM0000996,ORD000471,PROD00013,CUST00091,20240108,10,1,10508.19,0.0,10508.19,5916.530000000001
ITEM0000997,ORD000471,PROD00214,CUST00091,20240108,10,1,8107.58,0.0,8107.58,3658.74
ITEM0000998,ORD000472,PROD00249,CUST00554,20240718,3,4,4279.09,0.0,17116.36,9109.400000000001
ITEM0000999,ORD000472,PROD00210,CUST00554,20240718,3,2,6680.3,0.0,13360.6,5156.32
ITEM0001000,ORD000472,PROD00003,CUST00554,20240718,3,2,2902.0,0.0,5804.0,2981.44
ITEM0001001,ORD000473,PROD00045,CUST00382,20240216,8,1,4706.05,0.0,4706.05,1730.3900000000003
ITEM0001002,ORD000474,PROD00231,CUST00556,20241122,7,2,3622.68,0.0,7245.36,2698.6399999999994
ITEM0001003,ORD000474,PROD00297,CUST00556,20241122,7,1,10930.45,0.0,10930.45,6329.200000000001
ITEM0001004,ORD000475,PROD00258,CUST00947,20231207,6,2,5858.08,0.1,10544.54,5773.4400000000005
ITEM0001005,ORD000475,PROD00214,CUST00947,20231207,6,2,8107.58,0.0,16215.16,7317.48
ITEM0001006,ORD000475,PROD00127,CUST00947,20231207,6,3,5321.52,0.26,11813.77,4179.550000000001
ITEM0001007,ORD000476,PROD00159,CUST00352,20230213,9,1,198.83,0.0,198.83,98.66000000000001
ITEM0001008,ORD000477,PROD00177,CUST00852,20241009,3,2,5446.6,0.0,10893.2,6190.280000000001
ITEM0001009,ORD000477,PROD00214,CUST00852,20241009,3,3,8107.58,0.0,24322.74,10976.220000000001
ITEM0001010,ORD000478,PROD00016,CUST00084,20240210,7,1,6005.27,0.0,6005.27,1394.3600000000006
ITEM0001011,ORD000478,PROD00010,CUST00084,20240210,7,2,2259.53,0.0,4519.06,2616.6400000000003
ITEM0001012,ORD000478,PROD00225,CUST00084,20240210,7,1,6042.7,0.0,6042.7,1087.0999999999995
ITEM0001013,ORD000479,PROD00096,CUST00005,20240812,5,1,4639.15,0.0,4639.15,2414.68
ITEM0001014,ORD000479,PROD00251,CUST00005,20240812,5,1,3365.3,0.0,3365.3,1990.8100000000002
ITEM0001015,ORD000479,PROD00248,CUST00005,20240812,5,1,10128.22,0.03,9824.37,5174.390000000001
ITEM0001016,ORD000480,PROD00075,CUST00727,20241201,6,1,6662.95,0.12,5863.4,2642.5699999999997
ITEM0001017,ORD000481,PROD00096,CUST00960,20240715,7,1,4639.15,0.08,4268.02,2043.5500000000006
ITEM0001018,ORD000482,PROD00203,CUST00232,20230419,8,1,477.27,0.23,367.5,157.04
ITEM0001019,ORD000482,PROD00003,CUST00232,20230419,8,1,2902.0,0.0,2902.0,1490.72
ITEM0001020,ORD000482,PROD00167,CUST00232,20230419,8,3,2019.38,0.0,6058.14,1503.2400000000007
ITEM0001021,ORD000483,PROD00003,CUST00820,20240531,2,3,2902.0,0.25,6529.5,2295.66
ITEM0001022,ORD000483,PROD00077,CUST00820,20240531,2,2,7101.66,0.0,14203.32,6431.4
ITEM0001023,ORD000484,PROD00246,CUST00311,20240220,4,1,8011.14,0.0,8011.14,3940.9500000000003
ITEM0001024,ORD000484,PROD00109,CUST00311,20240220,4,3,7944.57,0.0,-23833.71,-36970.020000000004
ITEM0001025,ORD000484,PROD00080,CUST00311,20240220,4,1,862.91,0.0,862.91,394.7
ITEM0001026,ORD000484,PROD00045,CUST00311,20240220,4,1,4706.05,0.1,4235.45,1259.79
ITEM0001027,ORD000485,PROD00211,CUST00032,20230117,5,3,1624.33,0.0,4872.99,1109.4299999999998
ITEM0001028,ORD000486,PROD00175,CUST00260,20230310,8,4,8513.93,0.29,24179.56,6089.560000000001
ITEM0001029,ORD000486,PROD00216,CUST00260,20230310,8,2,3307.17,0.0,6614.34,2981.82
ITEM0001030,ORD000486,PROD00298,CUST00260,20230310,8,1,5321.16,0.11,4735.83,1220.88
ITEM0001031,ORD000486,PROD00300,CUST00260,20230310,8,1,1343.36,0.0,1343.36,715.2799999999999
ITEM0001032,ORD000487,PROD00141,CUST00715,20230111,10,4,4481.31,0.0,17925.24,6661.2800000000025
ITEM0001033,ORD000488,PROD00054,CUST00604,20240926,8,2,5941.63,0.0,11883.26,6058.56
ITEM0001034,ORD000488,PROD00138,CUST00604,20240926,8,1,10725.29,0.0,10725.29,6249.430000000001
ITEM0001035,ORD000488,PROD00152,CUST00604,20240926,8,2,1231.99,0.05,2340.78,1091.7000000000003
ITEM0001036,ORD000489,PROD00241,CUST00328,20240526,6,2,2182.97,0.0,4365.93,-4208.889999999999
ITEM0001037,ORD000489,PROD00051,CUST00328,20240526,6,3,8693.03,0.0,26079.09,12567.539999999999
ITEM0001038,ORD000490,PROD00246,CUST00789,20240705,2,1,8011.14,0.0,8011.14,3940.9500000000003
ITEM0001039,ORD000490,PROD00296,CUST00789,20240705,2,1,1188.71,0.0,1188.71,270.73
ITEM0001040,ORD000491,PROD00168,CUST00390,20230128,1,1,5760.76,0.0,5760.76,2389.03
ITEM0001041,ORD000492,PROD00122,CUST00252,20230326,2,2,11549.43,0.0,23098.86,13223.0
ITEM0001042,ORD000493,PROD00087,CUST00331,20230205,5,1,4546.57,0.0,4546.57,2373.41
ITEM0001043,ORD000494,PROD00166,CUST00098,20240225,1,1,7134.8,0.0,7134.8,3400.6400000000003
ITEM0001044,ORD000494,PROD00104,CUST00098,20240225,1,4,2043.03,0.3,5720.48,643.5199999999995
ITEM0001045,ORD000494,PROD00226,CUST00098,20240225,1,4,648.79,0.0,2595.16,693.56
ITEM0001046,ORD000495,PROD00195,CUST00456,20240602,2,1,9608.14,0.23,7398.27,3329.2300000000005
ITEM0001047,ORD000495,PROD00044,CUST00456,20240602,2,2,5424.36,0.26,8028.05,3423.8900000000003
ITEM0001048,ORD000495,PROD00260,CUST00456,20240602,2,3,8617.38,0.0,25852.14,12365.579999999998
ITEM0001049,ORD000495,PROD00249,CUST00456,20240602,2,2,4279.09,0.0,8558.18,4554.700000000001
ITEM0001050,ORD000495,PROD00076,CUST00456,20240602,2,1,6038.15,0.04,5796.62,2864.98
ITEM0001051,ORD000496,PROD00131,CUST00670,20240702,1,1,576.16,0.0,576.16,215.51
ITEM0001052,ORD000496,PROD00263,CUST00670,20240702,1,3,4979.64,0.0,14938.92,4996.050000000001
ITEM0001053,ORD000497,PROD00294,CUST00301,20240407,3,4,8182.59,0.23,25202.38,9798.380000000001
ITEM0001054,ORD000497,PROD00264,CUST00301,20240407,3,4,8008.38,0.0,32033.52,18218.48
ITEM0001055,ORD000498,PROD00101,CUST00204,20230320,8,1,1373.9,0.0,1373.9,435.8600000000001
ITEM0001056,ORD000498,PROD00215,CUST00204,20230320,8,1,379.53,0.0,379.53,75.0
ITEM0001057,ORD000498,PROD00223,CUST00204,20230320,8,1,2430.88,0.0,2430.88,1193.92
ITEM0001058,ORD000498,PROD00149,CUST00204,20230320,8,2,832.87,0.0,1665.74,941.08
ITEM0001059,ORD000499,PROD00164,CUST00045,20240121,5,1,5504.82,0.0,5504.82,2380.74
ITEM0001060,ORD000499,PROD00248,CUST00045,20240121,5,2,10128.22,0.25,15192.33,5892.370000000001
ITEM0001061,ORD000499,PROD00041,CUST00045,20240121,5,1,3958.75,0.15,3364.94,1140.9299999999998
ITEM0001062,ORD000500,PROD00192,CUST00731,20230823,8,4,5116.05,0.05,19440.99,5735.550000000001
ITEM0001063,ORD000500,PROD00271,CUST00731,20230823,8,2,439.58,0.0,879.16,437.15999999999997
ITEM0001064,ORD000500,PROD00199,CUST00731,20230823,8,2,3657.98,0.0,7315.96,3665.32
ITEM0001065,ORD000501,PROD00073,CUST00577,20240911,1,3,9071.35,0.0,27214.05,13318.619999999999
ITEM0001066,ORD000501,PROD00087,CUST00577,20240911,1,2,4546.57,0.0,9093.14,4746.82
ITEM0001067,ORD000502,PROD00194,CUST00920,20240621,6,3,535.55,0.0,1606.65,950.2800000000001
ITEM0001068,ORD000503,PROD00286,CUST00571,20240322,7,1,945.94,0.0,945.94,455.46000000000004
ITEM0001069,ORD000503,PROD00008,CUST00571,20240322,7,3,5338.8,0.18,13133.45,3774.3199999999997
ITEM0001070,ORD000504,PROD00127,CUST00411,20240501,9,3,5321.52,0.0,15964.56,8330.34
ITEM0001071,ORD000505,PROD00134,CUST00192,20240807,4,1,1127.73,0.0,1127.73,268.05000000000007
ITEM0001072,ORD000505,PROD00120,CUST00192,20240807,4,1,1288.16,0.28,927.48,390.03999999999996
ITEM0001073,ORD000505,PROD00239,CUST00192,20240807,4,1,467.33,0.0,467.33,263.01
ITEM0001074,ORD000506,PROD00215,CUST00995,20230310,3,2,379.53,0.0,759.06,150.0
ITEM0001075,ORD000507,PROD00067,CUST00308,20230531,3,1,996.38,0.0,996.38,381.22
ITEM0001076,ORD000508,PROD00101,CUST00116,20230113,9,1,1373.9,0.07,1277.73,339.69000000000005
ITEM0001077,ORD000509,PROD00260,CUST00943,20231124,4,2,8617.38,0.0,17234.76,8243.719999999998
ITEM0001078,ORD000510,PROD00219,CUST00220,20240505,2,1,344.65,0.0,344.65,155.98999999999998
ITEM0001079,ORD000511,PROD00184,CUST00684,20230530,3,1,1498.15,0.0,1498.15,877.6700000000001
ITEM0001080,ORD000512,PROD00238,CUST00075,20240609,10,3,7201.82,0.0,21605.46,11039.82
ITEM0001081,ORD000512,PROD00186,CUST00075,20240609,10,1,1445.96,0.0,1445.96,829.34
ITEM0001082,ORD000513,PROD00073,CUST00848,20230819,5,1,9071.35,0.0,9071.35,4439.54
ITEM0001083,ORD000513,PROD00117,CUST00848,20230819,5,1,498.3,0.0,498.3,296.74
ITEM0001084,ORD000514,PROD00255,CUST00198,20230129,6,1,7383.63,0.0,7383.63,4053.4
ITEM0001085,ORD000515,PROD00190,CUST00630,20240505,9,3,3528.69,0.1,9527.46,4506.419999999999
ITEM0001086,ORD000515,PROD00178,CUST00630,20240505,9,4,7985.04,0.0,31940.16,18634.64
ITEM0001087,ORD000515,PROD00025,CUST00630,20240505,9,1,3078.83,0.0,3078.83,572.75
ITEM0001088,ORD000516,PROD00066,CUST00614,20230905,9,2,899.86,0.0,1799.72,592.8399999999999
ITEM0001089,ORD000516,PROD00032,CUST00614,20230905,9,2,301.12,0.21,475.77,-13.870000000000005
ITEM0001090,ORD000517,PROD00142,CUST00576,20230309,2,1,8354.87,0.0,8354.87,3711.9900000000007
ITEM0001091,ORD000518,PROD00154,CUST00403,20231012,5,3,5526.27,0.0,16578.81,7684.920000000002
ITEM0001092,ORD000518,PROD00061,CUST00403,20231012,5,1,4205.57,0.11,3742.96,483.55999999999995
ITEM0001093,ORD000518,PROD00017,CUST00403,20231012,5,1,9163.85,0.0,9163.85,5466.42
ITEM0001094,ORD000519,PROD00074,CUST00942,20231201,5,1,9420.21,0.15,8007.18,3683.8900000000003
ITEM0001095,ORD000520,PROD00190,CUST00946,20240727,10,1,3528.69,0.0,3528.69,1855.01
ITEM0001096,ORD000521,PROD00011,CUST00999,20240516,6,1,2615.05,0.0,2615.05,1383.3000000000002
ITEM0001097,ORD000521,PROD00195,CUST00999,20240516,6,3,9608.14,0.07,26806.71,14599.59
ITEM0001098,ORD000522,PROD00227,CUST00896,20231005,5,1,3250.8,0.0,3250.8,1611.5800000000002
ITEM0001099,ORD000522,PROD00001,CUST00896,20231005,5,1,9272.65,0.0,9272.65,4723.48
ITEM0001100,ORD000522,PROD00051,CUST00896,20231005,5,2,8693.03,0.0,17386.06,8378.36
ITEM0001101,ORD000523,PROD00117,CUST00580,20230903,4,1,498.3,0.03,483.35,281.79
ITEM0001102,ORD000523,PROD00140,CUST00580,20230903,4,1,1718.72,0.15,1460.91,678.95
ITEM0001103,ORD000523,PROD00289,CUST00580,20230903,4,1,3097.21,0.0,3097.21,1796.98
ITEM0001104,ORD000524,PROD00108,CUST00422,20241123,5,2,7407.37,0.0,14814.74,8793.48
ITEM0001105,ORD000525,PROD00033,CUST00822,20230523,5,2,1942.09,0.0,3884.18,1564.3799999999997
ITEM0001106,ORD000526,PROD00229,CUST00210,20231125,8,1,726.54,0.0,726.54,250.2
ITEM0001107,ORD000526,PROD00190,CUST00210,20231125,8,1,3528.69,0.0,3528.69,1855.01
ITEM0001108,ORD000526,PROD00015,CUST00210,20231125,8,1,5418.41,0.15,4605.65,732.4899999999998
ITEM0001109,ORD000526,PROD00150,CUST00210,20231125,8,1,290.6,0.08,267.35,138.18000000000004
ITEM0001110,ORD000527,PROD00101,CUST00253,20241015,4,1,1373.9,0.23,1057.9,119.86000000000013
ITEM0001111,ORD000528,PROD00158,CUST00252,20240119,7,3,8138.6,0.1,21974.22,9831.660000000002
ITEM0001112,ORD000528,PROD00022,CUST00252,20240119,7,1,1547.99,0.0,1547.99,904.4300000000001
ITEM0001113,ORD000529,PROD00071,CUST00150,20231216,5,1,534.87,0.0,534.87,199.64999999999998
ITEM0001114,ORD000530,PROD00208,CUST00004,20240207,2,2,4099.5,0.2,6559.2,-42.48000000000047
ITEM0001115,ORD000530,PROD00298,CUST00004,20240207,2,1,5321.16,0.0,5321.16,1806.21
ITEM0001116,ORD000530,PROD00125,CUST00004,20240207,2,3,5694.29,0.0,17082.87,4520.549999999999
ITEM0001117,ORD000531,PROD00248,CUST00841,20240820,5,2,10128.22,0.0,20256.44,10956.48
ITEM0001118,ORD000531,PROD00146,CUST00841,20240820,5,2,504.1,0.0,1008.2,549.26
ITEM0001119,ORD000531,PROD00022,CUST00841,20240820,5,4,1547.99,0.27,4520.13,1945.8900000000003
ITEM0001120,ORD000531,PROD00281,CUST00841,20240820,5,2,7979.23,0.0,15958.46,7936.039999999999
ITEM0001121,ORD000531,PROD00273,CUST00841,20240820,5,1,4432.81,0.2,3546.25,398.8600000000001
ITEM0001122,ORD000532,PROD00292,CUST00502,20241005,10,1,5910.44,0.0,5910.44,2987.9799999999996
ITEM0001123,ORD000532,PROD00193,CUST00502,20241005,10,1,9202.76,0.0,9202.76,5114.96
ITEM0001124,ORD000533,PROD00014,CUST00126,20230705,6,1,1451.31,0.02,1422.28,323.8399999999999
ITEM0001125,ORD000533,PROD00121,CUST00126,20230705,6,3,11305.27,0.0,33915.81,19423.649999999998
ITEM0001126,ORD000534,PROD00246,CUST00562,20230421,9,3,8011.14,0.04,23072.08,10861.510000000002
ITEM0001127,ORD000534,PROD00183,CUST00562,20230421,9,1,526.69,0.07,489.82,245.16
ITEM0001128,ORD000534,PROD00159,CUST00562,20230421,9,1,198.83,0.0,198.83,98.66000000000001
ITEM0001129,ORD000534,PROD00097,CUST00562,20230421,9,1,1492.36,0.14,1283.43,107.49000000000001
ITEM0001130,ORD000534,PROD00201,CUST00562,20230421,9,1,3944.29,0.21,3115.99,227.13999999999987
ITEM0001131,ORD000535,PROD00081,CUST00041,20230729,10,1,2624.19,0.29,1863.17,704.1100000000001
ITEM0001132,ORD000535,PROD00116,CUST00041,20230729,10,1,3835.95,0.0,3835.95,1362.6099999999997
ITEM0001133,ORD000535,PROD00134,CUST00041,20230729,10,1,1127.73,0.0,1127.73,268.05000000000007
ITEM0001134,ORD000536,PROD00098,CUST00441,20231019,4,2,2402.47,0.0,4804.94,2265.0199999999995
ITEM0001135,ORD000537,PROD00193,CUST00363,20240719,4,2,9202.76,0.0,18405.52,10229.92
ITEM0001136,ORD000537,PROD00046,CUST00363,20240719,4,1,8988.77,0.14,7730.34,2973.49
ITEM0001137,ORD000538,PROD00095,CUST00826,20230625,7,1,1505.02,0.1,1354.52,388.96000000000004
ITEM0001138,ORD000538,PROD00152,CUST00826,20230625,7,1,1231.99,0.0,1231.99,607.45
ITEM0001139,ORD000538,PROD00154,CUST00826,20230625,7,1,5526.27,0.0,5526.27,2561.6400000000003
ITEM0001140,ORD000538,PROD00088,CUST00826,20230625,7,1,4559.98,0.0,4559.98,1282.8999999999996
ITEM0001141,ORD000539,PROD00094,CUST00759,20240807,10,1,6449.58,0.0,6449.58,2762.77
ITEM0001142,ORD000539,PROD00187,CUST00759,20240807,10,2,6641.17,0.0,13282.34,5675.360000000001
ITEM0001143,ORD000539,PROD00159,CUST00759,20240807,10,1,198.83,0.0,198.83,98.66000000000001
ITEM0001144,ORD000540,PROD00054,CUST00866,20230910,7,2,5941.63,0.16,9981.94,4157.240000000001
ITEM0001145,ORD000541,PROD00097,CUST00287,20230814,2,2,1492.36,0.0,2984.72,632.8399999999997
ITEM0001146,ORD000542,PROD00169,CUST00870,20240906,7,2,5358.09,0.0,10716.18,5969.34
ITEM0001147,ORD000542,PROD00129,CUST00870,20240906,7,2,2500.46,0.0,5000.92,1825.2000000000003
ITEM0001148,ORD000543,PROD00294,CUST00454,20240330,3,1,8182.59,0.06,-7691.63,-11542.630000000001
ITEM0001149,ORD000543,PROD00141,CUST00454,20240330,3,1,4481.31,0.0,4481.31,1665.3200000000006
ITEM0001150,ORD000544,PROD00035,CUST00555,20230124,5,1,2576.9,0.0,2576.9,1165.71
ITEM0001151,ORD000545,PROD00089,CUST00330,20231217,1,1,781.78,0.13,680.15,40.16999999999996
ITEM0001152,ORD000545,PROD00059,CUST00330,20231217,1,1,11784.91,0.0,11784.91,6843.93
ITEM0001153,ORD000546,PROD00219,CUST00382,20230730,3,2,344.65,0.22,537.65,160.32999999999998
ITEM0001154,ORD000547,PROD00093,CUST00807,20230622,7,1,3802.74,0.0,3802.74,1540.1699999999996
ITEM0001155,ORD000548,PROD00273,CUST00921,20231025,4,2,4432.81,0.0,8865.62,2570.840000000001
ITEM0001156,ORD000548,PROD00251,CUST00921,20231025,4,1,3365.3,0.0,3365.3,1990.8100000000002
ITEM0001157,ORD000549,PROD00187,CUST00661,20230907,2,1,6641.17,0.17,5512.17,1708.6800000000003
ITEM0001158,ORD000550,PROD00204,CUST00021,20240126,8,3,3352.35,0.0,10057.05,4017.7799999999997
ITEM0001159,ORD000550,PROD00088,CUST00021,20240126,8,1,4559.98,0.25,3419.98,142.9000000000001
ITEM0001160,ORD000550,PROD00291,CUST00021,20240126,8,1,1173.69,0.0,1173.69,495.6700000000001
ITEM0001161,ORD000550,PROD00256,CUST00021,20240126,8,1,256.57,0.0,256.57,96.10999999999999
ITEM0001162,ORD000551,PROD00232,CUST00357,20230919,4,2,3144.6,0.29,4465.33,1397.0299999999997
ITEM0001163,ORD000551,PROD00214,CUST00357,20230919,4,3,8107.58,0.11,21647.24,8300.720000000001
ITEM0001164,ORD000551,PROD00160,CUST00357,20230919,4,4,1750.19,0.0,7000.76,1755.5200000000004
ITEM0001165,ORD000552,PROD00166,CUST00661,20240822,9,2,7134.8,0.0,-14269.6,-21737.92
ITEM0001166,ORD000552,PROD00061,CUST00661,20240822,9,1,4205.57,0.28,3028.01,-231.38999999999987
ITEM0001167,ORD000552,PROD00238,CUST00661,20240822,9,1,7201.82,0.12,6337.6,2815.7200000000003
ITEM0001168,ORD000552,PROD00173,CUST00661,20240822,9,1,1247.36,0.0,1247.36,-3176.5200000000004
ITEM0001169,ORD000553,PROD00170,CUST00779,20230219,4,1,1477.83,0.0,1477.83,-861.8699999999999
ITEM0001170,ORD000554,PROD00256,CUST00257,20230221,2,2,256.57,0.0,513.14,192.21999999999997
ITEM0001171,ORD000555,PROD00154,CUST00286,20240322,3,2,5526.27,0.0,-11052.54,-16981.800000000003
ITEM0001172,ORD000556,PROD00200,CUST00636,20230405,1,1,7131.42,0.25,5348.56,1320.7400000000002
ITEM0001173,ORD000556,PROD00191,CUST00636,20230405,1,1,4249.81,0.0,4249.81,1338.2900000000004
ITEM0001174,ORD000556,PROD00238,CUST00636,20230405,1,1,7201.82,0.19,5833.47,2311.59
ITEM0001175,ORD000556,PROD00081,CUST00636,20230405,1,1,2624.19,0.0,2624.19,1465.13
ITEM0001176,ORD000556,PROD00115,CUST00636,20230405,1,1,3250.57,0.0,3250.57,1515.2500000000002
ITEM0001177,ORD000557,PROD00136,CUST00917,20240309,3,2,621.23,0.0,1242.46,727.52
ITEM0001178,ORD000557,PROD00069,CUST00917,20240309,3,3,1258.49,0.0,3775.48,-8521.880000000001
ITEM0001179,ORD000557,PROD00151,CUST00917,20240309,3,1,5518.05,0.0,5518.05,1305.9800000000005
ITEM0001180,ORD000558,PROD00162,CUST00276,20230414,3,2,3555.3,0.0,7110.6,2170.1400000000003
ITEM0001181,ORD000558,PROD00169,CUST00276,20230414,3,1,5358.09,0.17,4447.21,2073.79
ITEM0001182,ORD000559,PROD00161,CUST00547,20230606,3,1,2894.21,0.0,2894.21,619.5100000000002
ITEM0001183,ORD000559,PROD00170,CUST00547,20230606,3,1,2050.12,0.0,2050.12,-289.5799999999999
ITEM0001184,ORD000559,PROD00035,CUST00547,20230606,3,1,2576.9,0.0,2576.9,1165.71
ITEM0001185,ORD000559,PROD00174,CUST00547,20230606,3,1,4285.14,0.0,4285.14,2432.1800000000003
ITEM0001186,ORD000559,PROD00165,CUST00547,20230606,3,1,1721.94,0.17,1429.21,634.95
ITEM0001187,ORD000560,PROD00255,CUST00833,20240609,1,2,7383.63,0.14,12699.84,6039.38
ITEM0001188,ORD000560,PROD00063,CUST00833,20240609,1,1,1083.33,0.13,942.5,451.64
ITEM0001189,ORD000561,PROD00290,CUST00160,20240425,3,1,1195.14,0.28,860.5,83.61000000000001
ITEM0001190,ORD000561,PROD00002,CUST00160,20240425,3,1,231.58,0.1,208.42,71.14999999999998
ITEM0001191,ORD000561,PROD00053,CUST00160,20240425,3,2,7229.99,0.0,14459.98,8302.52
ITEM0001192,ORD000561,PROD00138,CUST00160,20240425,3,1,10725.29,0.11,9545.51,5069.650000000001
ITEM0001193,ORD000562,PROD00107,CUST00252,20240418,8,1,6282.37,0.0,6282.37,1864.21
ITEM0001194,ORD000562,PROD00140,CUST00252,20240418,8,1,1718.72,0.0,1718.72,936.76
ITEM0001195,ORD000562,PROD00009,CUST00252,20240418,8,2,5332.96,0.24,8106.1,3700.9000000000005
ITEM0001196,ORD000563,PROD00209,CUST00069,20230213,7,1,3816.19,0.0,3816.19,2076.94
ITEM0001197,ORD000564,PROD00090,CUST00773,20241124,7,1,494.65,0.0,494.65,254.57999999999998
ITEM0001198,ORD000564,PROD00062,CUST00773,20241124,7,1,5673.89,0.18,4652.59,1008.6500000000001
ITEM0001199,ORD000565,PROD00230,CUST00966,20241024,9,2,8026.94,0.29,11398.25,4286.75
ITEM0001200,ORD000565,PROD00297,CUST00966,20241024,9,4,10930.45,0.0,43721.8,25316.800000000003
ITEM0001201,ORD000566,PROD00206,CUST00537,20230915,7,1,8632.13,0.0,8632.13,3966.2699999999995
ITEM0001202,ORD000566,PROD00058,CUST00537,20230915,7,1,4592.96,0.0,4592.96,1668.5300000000002
ITEM0001203,ORD000566,PROD00278,CUST00537,20230915,7,1,629.94,0.06,592.14,107.75999999999999
ITEM0001204,ORD000566,PROD00161,CUST00537,20230915,7,4,2894.21,0.18,9493.01,394.21000000000095
ITEM0001205,ORD000567,PROD00249,CUST00615,20230317,6,1,4279.09,0.0,4279.09,2277.3500000000004
ITEM0001206,ORD000567,PROD00068,CUST00615,20230317,6,3,1589.23,0.0,4767.69,1140.4799999999996
ITEM0001207,ORD000567,PROD00057,CUST00615,20230317,6,2,4595.24,0.0,9190.48,4553.179999999999
ITEM0001208,ORD000567,PROD00129,CUST00615,20230317,6,1,2500.46,0.0,2500.46,912.6000000000001
ITEM0001209,ORD000567,PROD00269,CUST00615,20230317,6,2,2135.25,0.0,4270.5,2070.88
ITEM0001210,ORD000568,PROD00116,CUST00307,20240120,6,1,3835.95,0.0,3835.95,1362.6099999999997
ITEM0001211,ORD000569,PROD00133,CUST00794,20240321,3,1,7313.64,0.0,7313.64,3365.8500000000004
ITEM0001212,ORD000569,PROD00299,CUST00794,20240321,3,1,10649.19,0.14,9158.3,4660.909999999999
ITEM0001213,ORD000569,PROD00134,CUST00794,20240321,3,3,1127.73,0.0,3383.19,804.1500000000001
ITEM0001214,ORD000569,PROD00217,CUST00794,20240321,3,1,260.84,0.0,260.84,55.76999999999998
ITEM0001215,ORD000570,PROD00138,CUST00813,20241026,5,1,10725.29,0.0,10725.29,6249.430000000001
ITEM0001216,ORD000570,PROD00243,CUST00813,20241026,5,3,6308.05,0.0,18924.15,8923.230000000001
ITEM0001217,ORD000571,PROD00265,CUST00499,20230916,7,1,4207.25,0.21,3323.73,512.0300000000002
ITEM0001218,ORD000572,PROD00119,CUST00426,20230514,1,1,9197.85,0.0,9197.85,5466.89
ITEM0001219,ORD000573,PROD00082,CUST00384,20231030,1,1,3992.96,0.0,3992.96,2224.75
ITEM0001220,ORD000573,PROD00142,CUST00384,20231030,1,1,8354.87,0.0,8354.87,3711.9900000000007
ITEM0001221,ORD000574,PROD00051,CUST00613,20230321,5,1,8693.03,0.0,8693.03,4189.18
ITEM0001222,ORD000574,PROD00214,CUST00613,20230321,5,1,8107.58,0.15,6891.44,2442.5999999999995
ITEM0001223,ORD000574,PROD00021,CUST00613,20230321,5,2,6443.82,0.06,12114.38,5765.48
ITEM0001224,ORD000575,PROD00026,CUST00361,20230311,6,2,992.19,0.05,1885.16,937.3000000000001
ITEM0001225,ORD000576,PROD00151,CUST00277,20240729,1,2,5518.05,0.26,8166.71,-257.4299999999994
ITEM0001226,ORD000577,PROD00288,CUST00414,20240404,6,1,2790.22,0.18,2287.98,1062.14
ITEM0001227,ORD000577,PROD00018,CUST00414,20240404,6,2,2803.77,0.2,4486.03,776.4499999999998
ITEM0001228,ORD000578,PROD00009,CUST00053,20240112,9,1,5332.96,0.19,4319.7,2117.1
ITEM0001229,ORD000578,PROD00085,CUST00053,20240112,9,1,1960.53,0.15,1666.45,494.4000000000001
ITEM0001230,ORD000579,PROD00115,CUST00683,20230207,9,3,3250.57,0.07,9069.09,3863.13
ITEM0001231,ORD000579,PROD00142,CUST00683,20230207,9,1,8354.87,0.0,8354.87,3711.9900000000007
ITEM0001232,ORD000580,PROD00175,CUST00339,20240122,8,2,8513.93,0.0,17027.86,7982.860000000001
ITEM0001233,ORD000580,PROD00047,CUST00339,20240122,8,1,1589.57,0.0,1589.57,608.04
ITEM0001234,ORD000580,PROD00267,CUST00339,20240122,8,1,3457.61,0.0,3457.61,709.4500000000003
ITEM0001235,ORD000580,PROD00084,CUST00339,20240122,8,1,7622.23,0.0,7622.23,4311.3099999999995
ITEM0001236,ORD000581,PROD00250,CUST00632,20230406,7,2,4610.44,0.0,9220.88,4478.5599999999995
ITEM0001237,ORD000582,PROD00042,CUST00200,20230517,7,1,8235.83,0.0,8235.83,4137.96
ITEM0001238,ORD000582,PROD00085,CUST00200,20230517,7,1,1960.53,0.0,1960.53,788.48
ITEM0001239,ORD000583,PROD00006,CUST00561,20250313,10,1,8153.69,0.11,7256.78,3138.6099999999997
ITEM0001240,ORD000584,PROD00173,CUST00272,20230208,8,2,796.64,0.0,1593.27,-7254.49
ITEM0001241,ORD000584,PROD00060,CUST00272,20230208,8,2,532.72,0.0,1065.44,502.7600000000001
ITEM0001242,ORD000585,PROD00052,CUST00082,20230427,8,1,1689.78,0.0,1689.78,550.1199999999999
ITEM0001243,ORD000586,PROD00297,CUST00591,20230922,9,1,10930.45,0.0,10930.45,6329.200000000001
ITEM0001244,ORD000587,PROD00270,CUST00160,20240623,10,1,4350.17,0.28,3132.12,993.8699999999999
ITEM0001245,ORD000588,PROD00299,CUST00835,20230820,1,1,10649.19,0.0,10649.19,6151.8
ITEM0001246,ORD000589,PROD00076,CUST00997,20240525,7,2,6038.15,0.09,10989.43,5126.150000000001
ITEM0001247,ORD000590,PROD00065,CUST00844,20230420,3,2,6570.64,0.0,13141.28,3463.1800000000003
ITEM0001248,ORD000590,PROD00119,CUST00844,20230420,3,1,9197.85,0.0,9197.85,5466.89
ITEM0001249,ORD000590,PROD00197,CUST00844,20230420,3,1,8766.75,0.09,7977.74,4300.85
ITEM0001250,ORD000591,PROD00186,CUST00949,20230606,2,1,1445.96,0.0,1445.96,829.34
ITEM0001251,ORD000591,PROD00163,CUST00949,20230606,2,1,2745.97,0.0,2745.97,1370.6399999999999
ITEM0001252,ORD000592,PROD00274,CUST00581,20240305,6,2,5633.46,0.0,11266.92,2130.5599999999995
ITEM0001253,ORD000592,PROD00009,CUST00581,20240305,6,3,5332.96,0.0,15998.88,9391.08
ITEM0001254,ORD000592,PROD00129,CUST00581,20240305,6,1,2500.46,0.0,2500.46,912.6000000000001
ITEM0001255,ORD000593,PROD00040,CUST00949,20231118,1,1,3631.49,0.0,3631.49,2004.7199999999998
ITEM0001256,ORD000594,PROD00256,CUST00961,20231208,6,1,256.57,0.0,256.57,96.10999999999999
ITEM0001257,ORD000594,PROD00250,CUST00961,20231208,6,1,4610.44,0.04,4426.02,2054.8600000000006
ITEM0001258,ORD000595,PROD00063,CUST00220,20240825,7,4,1083.33,0.0,4333.32,2369.8799999999997
ITEM0001259,ORD000595,PROD00132,CUST00220,20240825,7,1,5296.2,0.29,3760.3,-426.84000000000015
ITEM0001260,ORD000596,PROD00105,CUST00164,20231211,10,3,3095.41,0.0,9286.23,4103.549999999999
ITEM0001261,ORD000597,PROD00148,CUST00816,20230326,1,1,3870.28,0.0,3870.28,1942.0400000000002
ITEM0001262,ORD000598,PROD00075,CUST00003,20230222,8,1,6662.95,0.0,6662.95,3442.12
ITEM0001263,ORD000598,PROD00248,CUST00003,20230222,8,1,10128.22,0.01,10026.94,5376.960000000001
ITEM0001264,ORD000598,PROD00220,CUST00003,20230222,8,1,6168.69,0.0,6168.69,2661.0299999999997
ITEM0001265,ORD000598,PROD00286,CUST00003,20230222,8,2,945.94,0.0,1891.88,910.9200000000001
ITEM0001266,ORD000599,PROD00116,CUST00703,20241126,6,4,3835.95,0.0,15343.8,5450.439999999999
ITEM0001267,ORD000599,PROD00272,CUST00703,20241126,6,1,7587.4,0.0,7587.4,3090.1799999999994
ITEM0001268,ORD000600,PROD00183,CUST00103,20231205,1,2,526.69,0.0,1053.38,564.0600000000002
ITEM0001269,ORD000600,PROD00092,CUST00103,20231205,1,4,1552.76,0.05,5900.49,2548.33
ITEM0001270,ORD000601,PROD00190,CUST00809,20230716,3,3,3528.69,0.17,8786.44,3765.4000000000005
ITEM0001271,ORD000601,PROD00260,CUST00809,20230716,3,1,8617.38,0.0,8617.38,4121.859999999999
ITEM0001272,ORD000602,PROD00048,CUST00857,20240922,9,1,1926.71,0.24,1464.3,162.24
ITEM0001273,ORD000602,PROD00139,CUST00857,20240922,9,1,5962.8,0.0,5962.8,3099.65
ITEM0001274,ORD000602,PROD00287,CUST00857,20240922,9,1,6559.01,0.0,6559.01,3257.69
ITEM0001275,ORD000603,PROD00098,CUST00873,20240912,5,1,2402.47,0.22,1873.93,603.97
ITEM0001276,ORD000603,PROD00164,CUST00873,20240912,5,1,5504.82,0.06,5174.53,2050.45
ITEM0001277,ORD000604,PROD00051,CUST00706,20230818,5,2,8693.03,0.0,17386.06,8378.36
ITEM0001278,ORD000604,PROD00139,CUST00706,20230818,5,1,5962.8,0.17,4949.12,2085.97
ITEM0001279,ORD000605,PROD00076,CUST00368,20240408,9,1,6038.15,0.0,6038.15,3106.5099999999998
ITEM0001280,ORD000606,PROD00017,CUST00814,20230829,5,3,9163.85,0.0,27491.55,16399.260000000002
ITEM0001281,ORD000606,PROD00236,CUST00814,20230829,5,1,2661.51,0.0,2661.51,1431.88
ITEM0001282,ORD000606,PROD00151,CUST00814,20230829,5,2,5518.05,0.0,11036.1,2611.960000000001
ITEM0001283,ORD000607,PROD00255,CUST00082,20230207,1,2,7383.63,0.0,14767.26,8106.8
ITEM0001284,ORD000607,PROD00258,CUST00082,20230207,1,1,5858.08,0.0,5858.08,3472.5299999999997
ITEM0001285,ORD000607,PROD00249,CUST00082,20230207,1,1,4279.09,0.0,4279.09,2277.3500000000004
ITEM0001286,ORD000608,PROD00254,CUST00741,20230602,2,2,3623.42,0.0,7246.84,1450.2399999999998
ITEM0001287,ORD000609,PROD00040,CUST00446,20240508,7,1,3631.49,0.0,3631.49,2004.7199999999998
ITEM0001288,ORD000609,PROD00258,CUST00446,20240508,7,2,5858.08,0.0,11716.16,6945.0599999999995
ITEM0001289,ORD000609,PROD00084,CUST00446,20240508,7,4,7622.23,0.0,30488.92,17245.239999999998
ITEM0001290,ORD000609,PROD00091,CUST00446,20240508,7,4,1302.09,0.0,5208.36,2489.16
ITEM0001291,ORD000610,PROD00040,CUST00310,20240824,4,1,3631.49,0.16,3050.45,1423.6799999999998
ITEM0001292,ORD000610,PROD00290,CUST00310,20240824,4,1,1195.14,0.0,1195.14,418.2500000000001
ITEM0001293,ORD000611,PROD00184,CUST00354,20230716,2,3,1498.15,0.0,4494.45,2633.0099999999998
ITEM0001294,ORD000611,PROD00274,CUST00354,20230716,2,1,5633.46,0.0,5633.46,1065.2799999999997
ITEM0001295,ORD000612,PROD00074,CUST00675,20240419,7,1,9420.21,0.0,9420.21,5096.919999999999
ITEM0001296,ORD000613,PROD00114,CUST00675,20240308,6,1,2295.26,0.0,2295.26,410.24000000000024
ITEM0001297,ORD000613,PROD00189,CUST00675,20240308,6,1,7636.65,0.01,7560.28,3719.8599999999997
ITEM0001298,ORD000613,PROD00211,CUST00675,20240308,6,2,1624.33,0.0,3248.66,739.6199999999999
ITEM0001299,ORD000613,PROD00123,CUST00675,20240308,6,1,2950.23,0.14,2537.2,727.8599999999999
ITEM0001300,ORD000614,PROD00231,CUST00978,20230618,5,4,3622.68,0.03,14056.0,4962.5599999999995
ITEM0001301,ORD000614,PROD00138,CUST00978,20230618,5,2,10725.29,0.0,21450.58,12498.860000000002
ITEM0001302,ORD000615,PROD00025,CUST00906,20230213,3,3,3078.83,0.0,9236.49,1718.25
ITEM0001303,ORD000616,PROD00082,CUST00428,20230704,1,1,3992.96,0.0,3992.96,2224.75
ITEM0001304,ORD000617,PROD00170,CUST00346,20240117,1,2,461.44,0.0,922.88,-3756.5199999999995
ITEM0001305,ORD000617,PROD00017,CUST00346,20240117,1,2,9163.85,0.0,18327.7,10932.84
ITEM0001306,ORD000617,PROD00045,CUST00346,20240117,1,1,4706.05,0.0,4706.05,1730.3900000000003
ITEM0001307,ORD000617,PROD00013,CUST00346,20240117,1,1,10508.19,0.0,10508.19,5916.530000000001
ITEM0001308,ORD000617,PROD00151,CUST00346,20240117,1,1,5518.05,0.2,4414.44,202.3699999999999
ITEM0001309,ORD000618,PROD00295,CUST00675,20241127,9,1,895.09,0.0,895.09,175.74
ITEM0001310,ORD000618,PROD00202,CUST00675,20241127,9,1,1016.59,0.21,803.11,125.26999999999998
ITEM0001311,ORD000618,PROD00193,CUST00675,20241127,9,1,9202.76,0.0,9202.76,5114.96
ITEM0001312,ORD000618,PROD00153,CUST00675,20241127,9,1,4010.2,0.29,2847.24,388.0499999999997
ITEM0001313,ORD000618,PROD00198,CUST00675,20241127,9,1,1516.26,0.0,1516.26,484.5899999999999
ITEM0001314,ORD000619,PROD00145,CUST00202,20240918,7,1,5845.69,0.13,5085.75,2699.64
ITEM0001315,ORD000619,PROD00131,CUST00202,20240918,7,1,576.16,0.0,576.16,215.51
ITEM0001316,ORD000619,PROD00065,CUST00202,20240918,7,1,6570.64,0.14,5650.75,811.6999999999998
ITEM0001317,ORD000619,PROD00156,CUST00202,20240918,7,2,1816.09,0.0,3632.18,2095.4399999999996
ITEM0001318,ORD000620,PROD00172,CUST00298,20240714,9,3,734.93,0.09,2006.36,1079.6599999999999
ITEM0001319,ORD000621,PROD00185,CUST00604,20240222,2,1,2719.98,0.0,2719.98,1485.46
ITEM0001320,ORD000621,PROD00076,CUST00604,20240222,2,1,6038.15,0.0,6038.15,3106.5099999999998
ITEM0001321,ORD000622,PROD00118,CUST00237,20240808,6,1,8273.55,0.0,8273.55,3302.5199999999995
ITEM0001322,ORD000623,PROD00204,CUST00685,20240822,10,1,3352.35,0.0,3352.35,1339.26
ITEM0001323,ORD000623,PROD00262,CUST00685,20240822,10,2,1460.84,0.07,2717.16,1270.3799999999999
ITEM0001324,ORD000624,PROD00179,CUST00975,20230816,8,1,6055.62,0.0,6055.62,3585.27
ITEM0001325,ORD000625,PROD00190,CUST00549,20231008,9,1,3528.69,0.0,3528.69,1855.01
ITEM0001326,ORD000625,PROD00163,CUST00549,20231008,9,1,2745.97,0.0,-2745.97,-4121.299999999999
ITEM0001327,ORD000626,PROD00134,CUST00680,20240906,1,1,1127.73,0.0,1127.73,268.05000000000007
ITEM0001328,ORD000627,PROD00269,CUST00799,20231022,2,1,2135.25,0.0,2135.25,1035.44
ITEM0001329,ORD000627,PROD00263,CUST00799,20231022,2,1,4979.64,0.0,4979.64,1665.3500000000004
ITEM0001330,ORD000627,PROD00181,CUST00799,20231022,2,4,2887.17,0.0,11548.68,6067.84
ITEM0001331,ORD000628,PROD00165,CUST00672,20240712,4,1,1721.94,0.0,1721.94,927.6800000000001
ITEM0001332,ORD000628,PROD00230,CUST00672,20240712,4,1,8026.94,0.21,6341.28,2785.5299999999997
ITEM0001333,ORD000629,PROD00150,CUST00022,20240506,2,3,290.6,0.0,871.8,484.28999999999996
ITEM0001334,ORD000630,PROD00156,CUST00264,20241118,7,1,1816.09,0.0,1816.09,1047.7199999999998
ITEM0001335,ORD000631,PROD00264,CUST00784,20230410,5,1,8008.38,0.27,5846.12,2392.3599999999997
ITEM0001336,ORD000632,PROD00232,CUST00160,20230320,2,1,3144.6,0.0,3144.6,1610.4499999999998
ITEM0001337,ORD000633,PROD00093,CUST00117,20230703,8,2,3802.74,0.0,7605.48,3080.3399999999992
ITEM0001338,ORD000633,PROD00055,CUST00117,20230703,8,1,2678.2,0.0,2678.2,1021.0599999999997
ITEM0001339,ORD000633,PROD00225,CUST00117,20230703,8,1,6042.7,0.27,4411.17,-544.4300000000003
ITEM0001340,ORD000634,PROD00114,CUST00524,20240421,2,2,2295.26,0.24,3488.8,-281.2399999999998
ITEM0001341,ORD000635,PROD00289,CUST00362,20230405,3,2,3097.21,0.0,6194.42,3593.96
ITEM0001342,ORD000636,PROD00055,CUST00824,20240927,2,1,2678.2,0.0,2678.2,1021.0599999999997
ITEM0001343,ORD000637,PROD00189,CUST00199,20240701,8,3,7636.65,0.0,22909.95,11388.69
ITEM0001344,ORD000637,PROD00038,CUST00199,20240701,8,2,1983.28,0.0,3966.56,2071.56
ITEM0001345,ORD000637,PROD00232,CUST00199,20240701,8,1,3144.6,0.0,3144.6,1610.4499999999998
ITEM0001346,ORD000638,PROD00126,CUST00107,20240318,9,1,10802.22,0.0,10802.22,5958.2699999999995
ITEM0001347,ORD000638,PROD00034,CUST00107,20240318,9,1,2533.01,0.08,2330.37,625.4299999999998
ITEM0001348,ORD000639,PROD00247,CUST00496,20241014,10,1,7341.91,0.0,7341.91,3685.56
ITEM0001349,ORD000639,PROD00148,CUST00496,20241014,10,1,3870.28,0.0,3870.28,1942.0400000000002
ITEM0001350,ORD000640,PROD00008,CUST00957,20241103,8,1,5338.8,0.07,4965.08,1845.37
ITEM0001351,ORD000641,PROD00269,CUST00922,20240722,1,3,2135.25,0.0,6405.75,3106.32
ITEM0001352,ORD000641,PROD00047,CUST00922,20240722,1,1,1589.57,0.27,1160.39,178.86000000000013
ITEM0001353,ORD000641,PROD00249,CUST00922,20240722,1,1,4279.09,0.0,4279.09,2277.3500000000004
ITEM0001354,ORD000642,PROD00235,CUST00957,20241111,6,1,1155.59,0.0,1155.59,671.1999999999999
ITEM0001355,ORD000642,PROD00120,CUST00957,20241111,6,1,1288.16,0.03,1249.52,712.0799999999999
ITEM0001356,ORD000643,PROD00074,CUST00088,20240419,3,1,9420.21,0.0,9420.21,5096.919999999999
ITEM0001357,ORD000643,PROD00212,CUST00088,20240419,3,3,7782.48,0.0,23347.44,12711.989999999998
ITEM0001358,ORD000644,PROD00227,CUST00140,20240830,8,1,3250.8,0.0,3250.8,1611.5800000000002
ITEM0001359,ORD000645,PROD00033,CUST00831,20241001,1,1,1942.09,0.0,1942.09,782.1899999999998
ITEM0001360,ORD000645,PROD00204,CUST00831,20241001,1,1,3352.35,0.16,2815.97,802.8799999999999
ITEM0001361,ORD000646,PROD00174,CUST00301,20240311,1,2,4285.14,0.01,8484.58,4778.66
ITEM0001362,ORD000647,PROD00052,CUST00836,20230922,7,1,1689.78,0.0,1689.78,550.1199999999999
ITEM0001363,ORD000647,PROD00060,CUST00836,20230922,7,1,532.72,0.0,532.72,251.38000000000005
ITEM0001364,ORD000647,PROD00022,CUST00836,20230922,7,1,1547.99,0.01,1532.51,888.95
ITEM0001365,ORD000648,PROD00280,CUST00373,20240627,2,3,4625.83,0.17,11518.32,5072.549999999999
ITEM0001366,ORD000648,PROD00058,CUST00373,20240627,2,1,4592.96,0.0,4592.96,1668.5300000000002
ITEM0001367,ORD000648,PROD00266,CUST00373,20240627,2,3,5956.89,0.01,17691.96,3055.3199999999997
ITEM0001368,ORD000649,PROD00157,CUST00336,20231019,3,1,2525.54,0.28,1818.39,244.0200000000002
ITEM0001369,ORD000650,PROD00092,CUST00372,20230413,2,1,1552.76,0.11,1381.96,543.9200000000001
ITEM0001370,ORD000651,PROD00070,CUST00591,20230707,4,3,6693.56,0.28,14458.09,1398.2799999999988
ITEM0001371,ORD000652,PROD00222,CUST00773,20240717,9,1,3002.04,0.0,3002.04,1178.27
ITEM0001372,ORD000653,PROD00080,CUST00305,20240713,9,2,862.91,0.0,1725.82,789.4
ITEM0001373,ORD000653,PROD00200,CUST00305,20240713,9,1,7131.42,0.0,7131.42,3103.6
ITEM0001374,ORD000654,PROD00081,CUST00941,20231116,7,3,2624.19,0.0,7872.57,4395.389999999999
ITEM0001375,ORD000655,PROD00073,CUST00097,20230312,10,3,9071.35,0.08,25036.93,11141.5
ITEM0001376,ORD000655,PROD00170,CUST00097,20230312,10,2,2853.08,0.0,5706.17,1026.7700000000004
ITEM0001377,ORD000655,PROD00002,CUST00097,20230312,10,4,231.58,0.0,926.32,377.24
ITEM0001378,ORD000655,PROD00129,CUST00097,20230312,10,2,2500.46,0.0,5000.92,1825.2000000000003
ITEM0001379,ORD000655,PROD00192,CUST00097,20230312,10,1,5116.05,0.0,5116.05,1689.69
ITEM0001380,ORD000656,PROD00258,CUST00416,20240105,9,1,5858.08,0.25,4393.56,2008.0100000000002
ITEM0001381,ORD000657,PROD00080,CUST00343,20230325,3,1,862.91,0.0,862.91,394.7
ITEM0001382,ORD000658,PROD00067,CUST00224,20240426,3,1,996.38,0.0,996.38,381.22
ITEM0001383,ORD000658,PROD00231,CUST00224,20240426,3,1,3622.68,0.24,2753.24,479.87999999999965
ITEM0001384,ORD000658,PROD00266,CUST00224,20240426,3,3,5956.89,0.0,17870.67,3234.029999999999
ITEM0001385,ORD000659,PROD00256,CUST00536,20241128,5,3,256.57,0.0,769.71,288.33000000000004
ITEM0001386,ORD000659,PROD00154,CUST00536,20241128,5,2,5526.27,0.0,11052.54,5123.280000000001
ITEM0001387,ORD000660,PROD00214,CUST00244,20240714,1,1,8107.58,0.0,8107.58,3658.74
ITEM0001388,ORD000660,PROD00090,CUST00244,20240714,1,1,494.65,0.0,494.65,254.57999999999998
ITEM0001389,ORD000660,PROD00223,CUST00244,20240714,1,3,2430.88,0.0,7292.64,3581.76
ITEM0001390,ORD000660,PROD00036,CUST00244,20240714,1,3,7308.78,0.0,21926.34,11217.51
ITEM0001391,ORD000661,PROD00063,CUST00353,20231027,3,4,1083.33,0.0,4333.32,2369.8799999999997
ITEM0001392,ORD000661,PROD00168,CUST00353,20231027,3,3,5760.76,0.29,12270.42,2155.2299999999996
ITEM0001393,ORD000661,PROD00136,CUST00353,20231027,3,2,621.23,0.1,1118.21,603.27
ITEM0001394,ORD000662,PROD00126,CUST00256,20231003,10,2,10802.22,0.14,18579.82,8891.92
ITEM0001395,ORD000662,PROD00131,CUST00256,20231003,10,1,576.16,0.0,576.16,215.51
ITEM0001396,ORD000662,PROD00090,CUST00256,20231003,10,1,494.65,0.23,380.88,140.81
ITEM0001397,ORD000662,PROD00089,CUST00256,20231003,10,2,781.78,0.13,1360.3,80.33999999999992
ITEM0001398,ORD000663,PROD00274,CUST00002,20240524,2,2,5633.46,0.0,11266.92,2130.5599999999995
ITEM0001399,ORD000663,PROD00149,CUST00002,20240524,2,4,832.87,0.0,3331.48,1882.16
ITEM0001400,ORD000663,PROD00141,CUST00002,20240524,2,2,4481.31,0.0,8962.62,3330.6400000000012
ITEM0001401,ORD000664,PROD00080,CUST00189,20240813,10,2,862.91,0.07,1605.01,668.59
ITEM0001402,ORD000664,PROD00289,CUST00189,20240813,10,1,3097.21,0.06,2911.38,1611.15
ITEM0001403,ORD000664,PROD00089,CUST00189,20240813,10,4,781.78,0.0,3127.12,567.1999999999998
ITEM0001404,ORD000665,PROD00171,CUST00256,20230825,1,2,546.18,0.0,1092.36,558.3399999999999
ITEM0001405,ORD000666,PROD00083,CUST00983,20231011,2,4,9425.24,0.16,31668.81,14443.010000000002
ITEM0001406,ORD000666,PROD00213,CUST00983,20231011,2,2,9402.56,0.2,15044.1,5535.0
ITEM0001407,ORD000667,PROD00077,CUST00110,20240228,6,2,7101.66,0.29,10084.36,2312.4400000000005
ITEM0001408,ORD000667,PROD00281,CUST00110,20240228,6,1,7979.23,0.0,7979.23,3968.0199999999995
ITEM0001409,ORD000667,PROD00239,CUST00110,20240228,6,2,467.33,0.0,934.66,526.02
ITEM0001410,ORD000667,PROD00188,CUST00110,20240228,6,2,1657.41,0.0,-3314.82,-5969.5599999999995
ITEM0001411,ORD000668,PROD00046,CUST00333,20240113,7,1,8988.77,0.0,8988.77,4231.92
ITEM0001412,ORD000668,PROD00271,CUST00333,20240113,7,1,439.58,0.0,439.58,218.57999999999998
ITEM0001413,ORD000668,PROD00036,CUST00333,20240113,7,1,7308.78,0.0,7308.78,3739.1699999999996
ITEM0001414,ORD000668,PROD00038,CUST00333,20240113,7,1,1983.28,0.0,1983.28,1035.78
ITEM0001415,ORD000669,PROD00173,CUST00150,20241012,4,1,2372.19,0.0,2372.19,-2051.69
ITEM0001416,ORD000669,PROD00230,CUST00150,20241012,4,3,8026.94,0.0,24080.82,13413.57
ITEM0001417,ORD000669,PROD00225,CUST00150,20241012,4,2,6042.7,0.0,12085.4,2174.199999999999
ITEM0001418,ORD000669,PROD00071,CUST00150,20241012,4,1,534.87,0.02,524.17,188.94999999999993
ITEM0001419,ORD000670,PROD00048,CUST00501,20250516,5,1,1926.71,0.0,1926.71,624.6500000000001
ITEM0001420,ORD000670,PROD00151,CUST00501,20250516,5,1,5518.05,0.0,5518.05,1305.9800000000005
ITEM0001421,ORD000671,PROD00008,CUST00801,20230304,1,2,5338.8,0.0,10677.6,4438.18
ITEM0001422,ORD000672,PROD00212,CUST00145,20231022,5,2,7782.48,0.0,15564.96,8474.66
ITEM0001423,ORD000673,PROD00196,CUST00601,20230308,8,3,6703.46,0.26,14881.68,6227.73
ITEM0001424,ORD000673,PROD00214,CUST00601,20230308,8,2,8107.58,0.0,16215.16,7317.48
ITEM0001425,ORD000674,PROD00041,CUST00987,20240503,7,2,3958.75,0.0,7917.5,3469.4799999999996
ITEM0001426,ORD000675,PROD00244,CUST00800,20230118,4,4,4549.33,0.0,18197.32,7182.959999999999
ITEM0001427,ORD000675,PROD00096,CUST00800,20230118,4,1,4639.15,0.04,4453.58,2229.11
ITEM0001428,ORD000676,PROD00132,CUST00658,20240605,3,2,5296.2,0.08,9745.01,1370.7299999999996
ITEM0001429,ORD000676,PROD00104,CUST00658,20240605,3,2,2043.03,0.26,3023.68,485.1999999999998
ITEM0001430,ORD000676,PROD00255,CUST00658,20240605,3,1,7383.63,0.21,5833.07,2502.8399999999997
ITEM0001431,ORD000677,PROD00160,CUST00883,20231006,9,3,1750.19,0.0,5250.57,1316.6399999999999
ITEM0001432,ORD000677,PROD00243,CUST00883,20231006,9,1,6308.05,0.0,6308.05,2974.4100000000003
ITEM0001433,ORD000677,PROD00251,CUST00883,20231006,9,3,3365.3,0.0,10095.9,5972.429999999999
ITEM0001434,ORD000678,PROD00083,CUST00248,20230420,5,2,9425.24,0.0,18850.48,10237.58
ITEM0001435,ORD000678,PROD00289,CUST00248,20230420,5,1,3097.21,0.0,3097.21,1796.98
ITEM0001436,ORD000679,PROD00148,CUST00589,20240920,9,1,3870.28,0.0,3870.28,1942.0400000000002
ITEM0001437,ORD000679,PROD00144,CUST00589,20240920,9,1,9953.38,0.0,9953.38,5272.469999999999
ITEM0001438,ORD000679,PROD00205,CUST00589,20240920,9,1,6283.38,0.25,4712.54,-131.22000000000025
ITEM0001439,ORD000679,PROD00165,CUST00589,20240920,9,2,1721.94,0.0,3443.88,1855.3600000000001
ITEM0001440,ORD000680,PROD00017,CUST00982,20230602,1,2,9163.85,0.0,18327.7,10932.84
ITEM0001441,ORD000680,PROD00195,CUST00982,20230602,1,1,9608.14,0.0,9608.14,5539.099999999999
ITEM0001442,ORD000680,PROD00091,CUST00982,20230602,1,2,1302.09,0.0,2604.18,1244.58
ITEM0001443,ORD000681,PROD00005,CUST00002,20231216,8,1,246.43,0.0,246.43,70.33000000000001
ITEM0001444,ORD000681,PROD00178,CUST00002,20231216,8,2,7985.04,0.18,13095.47,6442.709999999999
ITEM0001445,ORD000681,PROD00094,CUST00002,20231216,8,3,6449.58,0.0,19348.74,8288.310000000001
ITEM0001446,ORD000682,PROD00250,CUST00713,20230915,5,2,4610.44,0.0,9220.88,4478.5599999999995
ITEM0001447,ORD000682,PROD00184,CUST00713,20230915,5,1,1498.15,0.0,1498.15,877.6700000000001
ITEM0001448,ORD000683,PROD00017,CUST00578,20240801,6,1,9163.85,0.22,7147.8,3450.3700000000003
ITEM0001449,ORD000683,PROD00228,CUST00578,20240801,6,1,1263.16,0.0,1263.16,527.5500000000001
ITEM0001450,ORD000684,PROD00101,CUST00047,20231129,6,1,1373.9,0.25,1030.43,92.3900000000001
ITEM0001451,ORD000685,PROD00045,CUST00981,20240317,9,1,4706.05,0.0,4706.05,1730.3900000000003
ITEM0001452,ORD000686,PROD00281,CUST00421,20230825,1,1,7979.23,0.0,7979.23,3968.0199999999995
ITEM0001453,ORD000686,PROD00166,CUST00421,20230825,1,4,7134.8,0.06,26826.85,11890.21
ITEM0001454,ORD000687,PROD00300,CUST00698,20230416,9,1,1343.36,0.0,1343.36,715.2799999999999
ITEM0001455,ORD000687,PROD00143,CUST00698,20230416,9,1,1075.34,0.3,752.74,182.13
ITEM0001456,ORD000688,PROD00248,CUST00100,20240115,1,1,10128.22,0.0,10128.22,5478.24
ITEM0001457,ORD000689,PROD00104,CUST00915,20240405,4,3,2043.03,0.0,6129.09,2321.37
ITEM0001458,ORD000689,PROD00001,CUST00915,20240405,4,2,9272.65,0.0,18545.3,9446.96
ITEM0001459,ORD000690,PROD00274,CUST00550,20240904,4,2,5633.46,0.17,9351.54,215.1800000000003
ITEM0001460,ORD000690,PROD00242,CUST00550,20240904,4,1,2496.43,0.0,2496.43,511.5799999999999
ITEM0001461,ORD000691,PROD00071,CUST00837,20240516,4,1,534.87,0.0,534.87,199.64999999999998
ITEM0001462,ORD000691,PROD00182,CUST00837,20240516,4,1,3616.25,0.0,3616.25,1810.58
ITEM0001463,ORD000692,PROD00066,CUST00948,20230823,10,4,899.86,0.0,3599.44,1185.6799999999998
ITEM0001464,ORD000693,PROD00266,CUST00570,20240408,3,1,5956.89,0.09,5420.77,541.8900000000003
ITEM0001465,ORD000693,PROD00293,CUST00570,20240408,3,1,5361.88,0.0,5361.88,967.4899999999998
ITEM0001466,ORD000693,PROD00045,CUST00570,20240408,3,1,4706.05,0.21,3717.78,742.1200000000003
ITEM0001467,ORD000694,PROD00088,CUST00282,20241114,4,1,4559.98,0.03,4423.18,1146.1000000000004
ITEM0001468,ORD000694,PROD00006,CUST00282,20241114,4,2,8153.69,0.12,14350.49,6114.15
ITEM0001469,ORD000694,PROD00190,CUST00282,20241114,4,2,3528.69,0.0,7057.38,3710.02
ITEM0001470,ORD000694,PROD00075,CUST00282,20241114,4,1,6662.95,0.0,6662.95,3442.12
ITEM0001471,ORD000694,PROD00205,CUST00282,20241114,4,1,6283.38,0.0,6283.38,1439.62
ITEM0001472,ORD000695,PROD00124,CUST00848,20230720,4,2,2025.14,0.0,4050.28,818.9200000000001
ITEM0001473,ORD000695,PROD00149,CUST00848,20230720,4,1,832.87,0.0,832.87,470.54
ITEM0001474,ORD000696,PROD00102,CUST00634,20230820,3,1,6509.4,0.0,6509.4,3487.4599999999996
ITEM0001475,ORD000697,PROD00231,CUST00775,20241004,5,2,3622.68,0.0,7245.36,2698.6399999999994
ITEM0001476,ORD000698,PROD00151,CUST00388,20240430,1,3,5518.05,0.22,12912.24,276.03000000000065
ITEM0001477,ORD000698,PROD00052,CUST00388,20240430,1,1,1689.78,0.0,1689.78,550.1199999999999
ITEM0001478,ORD000699,PROD00188,CUST00087,20230422,3,1,1657.41,0.27,1209.91,-117.45999999999981
ITEM0001479,ORD000699,PROD00101,CUST00087,20230422,3,1,1373.9,0.0,1373.9,435.8600000000001
ITEM0001480,ORD000699,PROD00259,CUST00087,20230422,3,2,1489.83,0.0,2979.66,644.7999999999997
ITEM0001481,ORD000700,PROD00096,CUST00273,20230620,9,2,4639.15,0.01,9185.52,4736.580000000001
ITEM0001482,ORD000700,PROD00196,CUST00273,20230620,9,1,6703.46,0.0,6703.46,3818.81
ITEM0001483,ORD000700,PROD00183,CUST00273,20230620,9,1,526.69,0.21,416.09,171.42999999999998
ITEM0001484,ORD000700,PROD00025,CUST00273,20230620,9,1,3078.83,0.0,3078.83,572.75
ITEM0001485,ORD000700,PROD00108,CUST00273,20230620,9,1,7407.37,0.08,6814.78,3804.1499999999996
ITEM0001486,ORD000701,PROD00133,CUST00338,20240822,8,1,7313.64,0.0,7313.64,3365.8500000000004
ITEM0001487,ORD000702,PROD00134,CUST00436,20240404,3,1,1127.73,0.0,1127.73,268.05000000000007
ITEM0001488,ORD000702,PROD00108,CUST00436,20240404,3,1,7407.37,0.12,-6518.49,-9529.119999999999
ITEM0001489,ORD000702,PROD00035,CUST00436,20240404,3,1,2576.9,0.0,-2576.9,-3988.09
ITEM0001490,ORD000703,PROD00055,CUST00949,20230808,1,1,2678.2,0.0,2678.2,1021.0599999999997
ITEM0001491,ORD000703,PROD00063,CUST00949,20230808,1,1,1083.33,0.17,899.16,408.29999999999995
ITEM0001492,ORD000704,PROD00290,CUST00896,20230404,10,1,1195.14,0.0,1195.14,418.2500000000001
ITEM0001493,ORD000704,PROD00287,CUST00896,20230404,10,2,6559.01,0.0,13118.02,6515.38
ITEM0001494,ORD000705,PROD00066,CUST00973,20240630,2,1,899.86,0.0,899.86,296.41999999999996
ITEM0001495,ORD000705,PROD00269,CUST00973,20240630,2,4,2135.25,0.0,8541.0,4141.76
ITEM0001496,ORD000706,PROD00005,CUST00531,20230224,3,1,246.43,0.0,246.43,70.33000000000001
ITEM0001497,ORD000706,PROD00226,CUST00531,20230224,3,2,648.79,0.0,1297.58,346.78
ITEM0001498,ORD000707,PROD00157,CUST00879,20240604,10,1,2525.54,0.0,2525.54,951.1700000000001
ITEM0001499,ORD000707,PROD00266,CUST00879,20240604,10,2,5956.89,0.0,11913.78,2156.0200000000004
ITEM0001500,ORD000708,PROD00207,CUST00538,20231214,9,3,6547.46,0.0,19642.38,11317.050000000001
ITEM0001501,ORD000708,PROD00250,CUST00538,20231214,9,3,4610.44,0.0,13831.32,6717.84
ITEM0001502,ORD000708,PROD00236,CUST00538,20231214,9,3,2661.51,0.0,7984.53,4295.639999999999
ITEM0001503,ORD000709,PROD00251,CUST00438,20230215,8,2,3365.3,0.0,6730.6,3981.6200000000003
ITEM0001504,ORD000710,PROD00176,CUST00092,20241013,9,2,5492.71,0.13,9557.32,2929.3199999999997
ITEM0001505,ORD000710,PROD00048,CUST00092,20241013,9,3,1926.71,0.1,5202.12,1295.94
ITEM0001506,ORD000710,PROD00218,CUST00092,20241013,9,2,6300.23,0.0,12600.46,7165.439999999999
ITEM0001507,ORD000711,PROD00234,CUST00756,20230324,6,1,9552.76,0.0,9552.76,5040.68
ITEM0001508,ORD000711,PROD00274,CUST00756,20230324,6,2,5633.46,0.0,11266.92,2130.5599999999995
ITEM0001509,ORD000712,PROD00100,CUST00034,20230131,1,1,8661.69,0.0,8661.69,4965.460000000001
ITEM0001510,ORD000712,PROD00097,CUST00034,20230131,1,1,1492.36,0.0,1492.36,316.41999999999985
ITEM0001511,ORD000712,PROD00160,CUST00034,20230131,1,4,1750.19,0.0,7000.76,1755.5200000000004
ITEM0001512,ORD000712,PROD00259,CUST00034,20230131,1,1,1489.83,0.0,1489.83,322.39999999999986
ITEM0001513,ORD000713,PROD00162,CUST00331,20230327,3,1,3555.3,0.0,3555.3,1085.0700000000002
ITEM0001514,ORD000714,PROD00251,CUST00976,20240507,2,1,3365.3,0.2,2692.24,1317.7499999999998
ITEM0001515,ORD000714,PROD00066,CUST00976,20240507,2,3,899.86,0.15,2294.64,484.3199999999997
ITEM0001516,ORD000715,PROD00144,CUST00737,20230127,3,2,9953.38,0.11,17717.02,8355.2
ITEM0001517,ORD000715,PROD00034,CUST00737,20230127,3,1,2533.01,0.0,2533.01,828.0700000000002
ITEM0001518,ORD000715,PROD00195,CUST00737,20230127,3,1,9608.14,0.0,9608.14,5539.099999999999
ITEM0001519,ORD000715,PROD00166,CUST00737,20230127,3,2,7134.8,0.0,14269.6,6801.280000000001
ITEM0001520,ORD000715,PROD00113,CUST00737,20230127,3,1,3472.93,0.09,3160.37,1341.54
ITEM0001521,ORD000716,PROD00158,CUST00297,20241023,5,1,8138.6,0.0,8138.6,4091.0800000000004
ITEM0001522,ORD000717,PROD00128,CUST00591,20241115,9,1,4199.76,0.01,4157.76,1494.15
ITEM0001523,ORD000717,PROD00235,CUST00591,20241115,9,2,1155.59,0.0,2311.18,1342.3999999999999
ITEM0001524,ORD000717,PROD00229,CUST00591,20241115,9,1,726.54,0.0,726.54,250.2
ITEM0001525,ORD000718,PROD00022,CUST00180,20230604,5,3,1547.99,0.19,3761.62,1830.94
ITEM0001526,ORD000719,PROD00120,CUST00446,20240603,8,1,1288.16,0.0,1288.16,750.72
ITEM0001527,ORD000719,PROD00250,CUST00446,20240603,8,1,4610.44,0.0,4610.44,2239.2799999999997
ITEM0001528,ORD000719,PROD00287,CUST00446,20240603,8,1,6559.01,0.0,6559.01,3257.69
ITEM0001529,ORD000719,PROD00058,CUST00446,20240603,8,1,4592.96,0.02,4501.1,1576.6700000000005
ITEM0001530,ORD000720,PROD00141,CUST00387,20230909,6,1,4481.31,0.1,4033.18,1217.19
ITEM0001531,ORD000720,PROD00094,CUST00387,20230909,6,1,6449.58,0.0,6449.58,2762.77
ITEM0001532,ORD000721,PROD00070,CUST00154,20240626,7,2,6693.56,0.06,12583.89,3877.3499999999985
ITEM0001533,ORD000721,PROD00224,CUST00154,20240626,7,1,8522.29,0.0,8522.29,4734.700000000001
ITEM0001534,ORD000722,PROD00257,CUST00234,20240607,6,3,1529.69,0.15,3900.71,-8858.89
ITEM0001535,ORD000723,PROD00270,CUST00385,20240813,1,1,4350.17,0.1,3915.15,1776.9
ITEM0001536,ORD000723,PROD00252,CUST00385,20240813,1,2,910.14,0.14,1565.44,73.08000000000015
ITEM0001537,ORD000724,PROD00150,CUST00247,20230801,7,3,290.6,0.0,871.8,484.28999999999996
ITEM0001538,ORD000725,PROD00151,CUST00791,20230118,10,1,5518.05,0.0,5518.05,1305.9800000000005
ITEM0001539,ORD000725,PROD00193,CUST00791,20230118,10,1,9202.76,0.05,8742.62,4654.820000000001
ITEM0001540,ORD000726,PROD00182,CUST00822,20231002,1,1,3616.25,0.0,3616.25,1810.58
ITEM0001541,ORD000726,PROD00105,CUST00822,20231002,1,3,3095.41,0.2,7428.98,2246.2999999999993
ITEM0001542,ORD000726,PROD00201,CUST00822,20231002,1,1,3944.29,0.0,3944.29,1055.44
ITEM0001543,ORD000727,PROD00293,CUST00938,20240723,9,1,5361.88,0.0,5361.88,967.4899999999998
ITEM0001544,ORD000727,PROD00096,CUST00938,20240723,9,3,4639.15,0.1,12525.7,5852.290000000001
ITEM0001545,ORD000727,PROD00026,CUST00938,20240723,9,3,992.19,0.08,2738.44,1316.65
ITEM0001546,ORD000727,PROD00087,CUST00938,20240723,9,1,4546.57,0.0,4546.57,2373.41
ITEM0001547,ORD000727,PROD00049,CUST00938,20240723,9,4,5326.74,0.0,21306.96,5628.48
ITEM0001548,ORD000728,PROD00145,CUST00972,20240714,8,2,5845.69,0.0,11691.38,6919.159999999999
ITEM0001549,ORD000728,PROD00292,CUST00972,20240714,8,1,5910.44,0.0,5910.44,2987.9799999999996
ITEM0001550,ORD000728,PROD00277,CUST00972,20240714,8,1,556.92,0.19,451.11,191.37
ITEM0001551,ORD000729,PROD00245,CUST00664,20240625,2,1,6215.91,0.06,5842.96,2046.02
ITEM0001552,ORD000729,PROD00278,CUST00664,20240625,2,1,629.94,0.0,629.94,145.56000000000006
ITEM0001553,ORD000729,PROD00291,CUST00664,20240625,2,1,1173.69,0.0,1173.69,495.6700000000001
ITEM0001554,ORD000730,PROD00101,CUST00634,20240214,5,1,1373.9,0.0,1373.9,435.8600000000001
ITEM0001555,ORD000730,PROD00035,CUST00634,20240214,5,4,2576.9,0.3,7215.32,1570.5599999999995
ITEM0001556,ORD000730,PROD00102,CUST00634,20240214,5,3,6509.4,0.19,15817.84,6752.02
ITEM0001557,ORD000730,PROD00156,CUST00634,20240214,5,1,1816.09,0.17,1507.35,738.9799999999999
ITEM0001558,ORD000731,PROD00126,CUST00305,20240222,3,4,10802.22,0.0,43208.88,23833.079999999998
ITEM0001559,ORD000731,PROD00026,CUST00305,20240222,3,1,992.19,0.17,823.52,349.59
ITEM0001560,ORD000731,PROD00025,CUST00305,20240222,3,4,3078.83,0.0,12315.32,2291.0
ITEM0001561,ORD000731,PROD00054,CUST00305,20240222,3,4,5941.63,0.0,23766.52,12117.12
ITEM0001562,ORD000732,PROD00094,CUST00442,20240625,4,3,6449.58,0.22,15092.02,4031.59
ITEM0001563,ORD000732,PROD00105,CUST00442,20240625,4,1,3095.41,0.0,3095.41,1367.85
ITEM0001564,ORD000732,PROD00150,CUST00442,20240625,4,3,290.6,0.0,871.8,484.28999999999996
ITEM0001565,ORD000733,PROD00247,CUST00299,20240204,7,3,7341.91,0.0,22025.73,11056.68
ITEM0001566,ORD000733,PROD00246,CUST00299,20240204,7,2,8011.14,0.0,16022.28,7881.900000000001
ITEM0001567,ORD000734,PROD00151,CUST00413,20230711,4,2,5518.05,0.19,8939.24,515.1000000000004
ITEM0001568,ORD000734,PROD00018,CUST00413,20230711,4,2,2803.77,0.0,5607.54,1897.96
ITEM0001569,ORD000735,PROD00069,CUST00197,20231028,1,1,1153.83,0.0,1153.83,-2945.29
ITEM0001570,ORD000736,PROD00011,CUST00526,20231025,10,2,2615.05,0.0,5230.1,2766.6000000000004
ITEM0001571,ORD000737,PROD00116,CUST00749,20230820,2,1,3835.95,0.0,3835.95,1362.6099999999997
ITEM0001572,ORD000738,PROD00141,CUST00340,20231010,3,1,4481.31,0.19,3629.86,813.8700000000003
ITEM0001573,ORD000738,PROD00164,CUST00340,20231010,3,1,5504.82,0.0,5504.82,2380.74
ITEM0001574,ORD000738,PROD00048,CUST00340,20231010,3,1,1926.71,0.0,1926.71,624.6500000000001
ITEM0001575,ORD000739,PROD00273,CUST00297,20230208,1,3,4432.81,0.0,13298.43,3856.26
ITEM0001576,ORD000740,PROD00110,CUST00994,20230802,6,1,7163.14,0.0,7163.14,4283.530000000001
ITEM0001577,ORD000741,PROD00238,CUST00746,20240209,4,1,7201.82,0.0,7201.82,3679.9399999999996
ITEM0001578,ORD000741,PROD00100,CUST00746,20240209,4,3,8661.69,0.0,25985.07,14896.38
ITEM0001579,ORD000742,PROD00195,CUST00539,20240410,8,2,9608.14,0.0,19216.28,11078.199999999999
ITEM0001580,ORD000743,PROD00251,CUST00608,20230904,2,2,3365.3,0.0,6730.6,3981.6200000000003
ITEM0001581,ORD000743,PROD00225,CUST00608,20230904,2,1,6042.7,0.0,6042.7,1087.0999999999995
ITEM0001582,ORD000743,PROD00142,CUST00608,20230904,2,1,8354.87,0.0,8354.87,3711.9900000000007
ITEM0001583,ORD000744,PROD00101,CUST00331,20241021,4,1,1373.9,0.07,1277.73,339.69000000000005
ITEM0001584,ORD000744,PROD00257,CUST00331,20241021,4,2,311.97,0.29,442.99,-8063.41
ITEM0001585,ORD000744,PROD00175,CUST00331,20241021,4,2,8513.93,0.0,17027.86,7982.860000000001
ITEM0001586,ORD000745,PROD00277,CUST00941,20230327,10,1,556.92,0.0,556.92,297.17999999999995
ITEM0001587,ORD000745,PROD00156,CUST00941,20230327,10,2,1816.09,0.0,3632.18,2095.4399999999996
ITEM0001588,ORD000746,PROD00100,CUST00473,20230408,9,2,8661.69,0.0,17323.38,9930.920000000002
ITEM0001589,ORD000746,PROD00073,CUST00473,20230408,9,1,9071.35,0.0,9071.35,4439.54
ITEM0001590,ORD000747,PROD00014,CUST00934,20230111,3,2,1451.31,0.0,2902.62,705.7399999999998
ITEM0001591,ORD000747,PROD00252,CUST00934,20230111,3,1,910.14,0.09,828.23,82.05000000000007
ITEM0001592,ORD000748,PROD00198,CUST00343,20230420,7,3,1516.26,0.0,4548.78,1453.7699999999995
ITEM0001593,ORD000748,PROD00134,CUST00343,20230420,7,2,1127.73,0.0,2255.46,536.1000000000001
ITEM0001594,ORD000749,PROD00058,CUST00705,20230908,7,1,4592.96,0.0,4592.96,1668.5300000000002
ITEM0001595,ORD000749,PROD00236,CUST00705,20230908,7,1,2661.51,0.0,2661.51,1431.88
ITEM0001596,ORD000749,PROD00216,CUST00705,20230908,7,1,3307.17,0.21,2612.66,796.3999999999999
ITEM0001597,ORD000749,PROD00002,CUST00705,20230908,7,1,231.58,0.09,210.74,73.47
ITEM0001598,ORD000750,PROD00228,CUST00123,20240902,7,1,1263.16,0.0,1263.16,527.5500000000001
ITEM0001599,ORD000750,PROD00218,CUST00123,20240902,7,1,6300.23,0.0,6300.23,3582.7199999999993
ITEM0001600,ORD000751,PROD00220,CUST00812,20240916,6,1,6168.69,0.05,5860.26,2352.6000000000004
ITEM0001601,ORD000751,PROD00258,CUST00812,20240916,6,1,5858.08,0.02,5740.92,3355.37
ITEM0001602,ORD000752,PROD00271,CUST00892,20230507,9,2,439.58,0.0,879.16,437.15999999999997
ITEM0001603,ORD000753,PROD00123,CUST00237,20230820,7,1,2950.23,0.18,2419.19,609.8500000000001
ITEM0001604,ORD000753,PROD00115,CUST00237,20230820,7,2,3250.57,0.0,6501.14,3030.5000000000005
ITEM0001605,ORD000754,PROD00101,CUST00200,20240222,3,1,1373.9,0.17,1140.34,202.29999999999995
ITEM0001606,ORD000754,PROD00205,CUST00200,20240222,3,1,6283.38,0.04,6032.04,1188.2799999999997
ITEM0001607,ORD000755,PROD00108,CUST00152,20240601,2,1,7407.37,0.29,5259.23,2248.5999999999995
ITEM0001608,ORD000755,PROD00194,CUST00152,20240601,2,1,535.55,0.07,498.06,279.27
ITEM0001609,ORD000755,PROD00121,CUST00152,20240601,2,1,11305.27,0.07,10513.9,5683.179999999999
ITEM0001610,ORD000755,PROD00069,CUST00152,20240601,2,1,1890.17,0.0,1890.17,-2208.95
ITEM0001611,ORD000755,PROD00131,CUST00152,20240601,2,3,576.16,0.0,1728.48,646.5300000000002
ITEM0001612,ORD000756,PROD00107,CUST00262,20230405,1,3,6282.37,0.0,18847.11,5592.630000000001
ITEM0001613,ORD000757,PROD00180,CUST00964,20240222,1,1,7030.69,0.0,7030.69,4108.099999999999
ITEM0001614,ORD000757,PROD00079,CUST00964,20240222,1,1,7182.12,0.0,7182.12,3850.66
ITEM0001615,ORD000757,PROD00046,CUST00964,20240222,1,3,8988.77,0.0,26966.31,12695.76
ITEM0001616,ORD000758,PROD00228,CUST00505,20230901,7,2,1263.16,0.0,2526.32,1055.1000000000001
ITEM0001617,ORD000758,PROD00227,CUST00505,20230901,7,2,3250.8,0.0,6501.6,3223.1600000000003
ITEM0001618,ORD000758,PROD00039,CUST00505,20230901,7,1,6419.63,0.0,6419.63,1606.46
ITEM0001619,ORD000759,PROD00296,CUST00765,20230430,3,1,1188.71,0.15,1010.4,92.41999999999996
ITEM0001620,ORD000760,PROD00117,CUST00533,20230226,4,1,498.3,0.0,498.3,296.74
ITEM0001621,ORD000760,PROD00144,CUST00533,20230226,4,1,9953.38,0.0,9953.38,5272.469999999999
ITEM0001622,ORD000760,PROD00072,CUST00533,20230226,4,1,6999.91,0.0,6999.91,3897.43
ITEM0001623,ORD000760,PROD00078,CUST00533,20230226,4,1,2028.86,0.0,2028.86,477.30999999999995
ITEM0001624,ORD000761,PROD00180,CUST00158,20240131,8,1,7030.69,0.0,7030.69,4108.099999999999
ITEM0001625,ORD000762,PROD00275,CUST00261,20230812,6,2,5765.78,0.02,11300.93,6095.13
ITEM0001626,ORD000763,PROD00205,CUST00112,20240808,8,1,6283.38,0.0,6283.38,1439.62
ITEM0001627,ORD000764,PROD00207,CUST00216,20240928,9,2,6547.46,0.0,13094.92,7544.7
ITEM0001628,ORD000765,PROD00204,CUST00312,20230905,9,2,3352.35,0.0,6704.7,2678.52
ITEM0001629,ORD000765,PROD00239,CUST00312,20230905,9,1,467.33,0.21,369.19,164.87
ITEM0001630,ORD000765,PROD00261,CUST00312,20230905,9,2,2154.14,0.0,4308.28,2346.2
ITEM0001631,ORD000766,PROD00005,CUST00306,20231217,4,1,246.43,0.0,246.43,70.33000000000001
ITEM0001632,ORD000766,PROD00262,CUST00306,20231217,4,1,1460.84,0.28,1051.8,328.40999999999997
ITEM0001633,ORD000766,PROD00138,CUST00306,20231217,4,2,10725.29,0.09,19520.03,10568.31
ITEM0001634,ORD000766,PROD00168,CUST00306,20231217,4,1,5760.76,0.0,5760.76,2389.03
ITEM0001635,ORD000767,PROD00240,CUST00418,20230520,1,2,4510.78,0.0,9021.56,5056.619999999999
ITEM0001636,ORD000767,PROD00192,CUST00418,20230520,1,1,5116.05,0.29,3632.4,206.03999999999996
ITEM0001637,ORD000768,PROD00151,CUST00105,20230224,6,2,5518.05,0.0,11036.1,2611.960000000001
ITEM0001638,ORD000768,PROD00250,CUST00105,20230224,6,1,4610.44,0.18,3780.56,1409.4
ITEM0001639,ORD000768,PROD00073,CUST00105,20230224,6,1,9071.35,0.0,9071.35,4439.54
ITEM0001640,ORD000768,PROD00194,CUST00105,20230224,6,2,535.55,0.0,1071.1,633.52
ITEM0001641,ORD000768,PROD00124,CUST00105,20230224,6,1,2025.14,0.0,2025.14,409.46000000000004
ITEM0001642,ORD000769,PROD00236,CUST00378,20240603,10,2,2661.51,0.26,3939.03,1479.77
ITEM0001643,ORD000770,PROD00241,CUST00958,20230706,1,2,2140.04,0.0,4280.08,-4294.74
ITEM0001644,ORD000770,PROD00276,CUST00958,20230706,1,2,8701.77,0.03,16881.43,9695.59
ITEM0001645,ORD000771,PROD00194,CUST00775,20240217,10,2,535.55,0.0,1071.1,633.52
ITEM0001646,ORD000771,PROD00223,CUST00775,20240217,10,1,2430.88,0.05,2309.34,1072.38
ITEM0001647,ORD000771,PROD00020,CUST00775,20240217,10,1,7970.85,0.02,7811.43,3936.51
ITEM0001648,ORD000771,PROD00042,CUST00775,20240217,10,4,8235.83,0.0,32943.32,16551.84
ITEM0001649,ORD000772,PROD00292,CUST00828,20240809,7,1,5910.44,0.0,5910.44,2987.9799999999996
ITEM0001650,ORD000773,PROD00133,CUST00764,20240906,8,1,7313.64,0.0,7313.64,3365.8500000000004
ITEM0001651,ORD000773,PROD00094,CUST00764,20240906,8,1,6449.58,0.0,6449.58,2762.77
ITEM0001652,ORD000773,PROD00275,CUST00764,20240906,8,4,5765.78,0.0,23063.12,12651.519999999999
ITEM0001653,ORD000773,PROD00098,CUST00764,20240906,8,2,2402.47,0.17,3988.1,1448.1799999999998
ITEM0001654,ORD000774,PROD00206,CUST00394,20240816,10,1,8632.13,0.0,8632.13,3966.2699999999995
ITEM0001655,ORD000774,PROD00123,CUST00394,20240816,10,1,2950.23,0.0,2950.23,1140.89
ITEM0001656,ORD000774,PROD00022,CUST00394,20240816,10,1,1547.99,0.0,1547.99,904.4300000000001
ITEM0001657,ORD000774,PROD00223,CUST00394,20240816,10,1,2430.88,0.0,2430.88,1193.92
ITEM0001658,ORD000775,PROD00211,CUST00909,20240527,5,3,1624.33,0.0,4872.99,1109.4299999999998
ITEM0001659,ORD000775,PROD00072,CUST00909,20240527,5,1,6999.91,0.0,6999.91,3897.43
ITEM0001660,ORD000775,PROD00258,CUST00909,20240527,5,2,5858.08,0.0,11716.16,6945.0599999999995
ITEM0001661,ORD000776,PROD00193,CUST00190,20230421,4,1,9202.76,0.0,9202.76,5114.96
ITEM0001662,ORD000776,PROD00075,CUST00190,20230421,4,1,6662.95,0.0,6662.95,3442.12
ITEM0001663,ORD000776,PROD00266,CUST00190,20230421,4,1,5956.89,0.27,4348.53,-530.3500000000004
ITEM0001664,ORD000776,PROD00259,CUST00190,20230421,4,1,1489.83,0.0,1489.83,322.39999999999986
ITEM0001665,ORD000776,PROD00283,CUST00190,20230421,4,1,7427.34,0.0,7427.34,2863.1000000000004
ITEM0001666,ORD000777,PROD00165,CUST00574,20240731,1,1,1721.94,0.0,1721.94,927.6800000000001
ITEM0001667,ORD000778,PROD00293,CUST00408,20230608,2,1,5361.88,0.0,5361.88,967.4899999999998
ITEM0001668,ORD000778,PROD00280,CUST00408,20230608,2,1,4625.83,0.17,3839.44,1690.85
ITEM0001669,ORD000778,PROD00283,CUST00408,20230608,2,1,7427.34,0.08,6833.15,2268.91
ITEM0001670,ORD000779,PROD00279,CUST00768,20230628,4,3,7168.01,0.11,19138.59,10527.18
ITEM0001671,ORD000779,PROD00036,CUST00768,20230628,4,2,7308.78,0.0,14617.56,7478.339999999999
ITEM0001672,ORD000779,PROD00027,CUST00768,20230628,4,2,5723.51,0.0,11447.02,5038.22
ITEM0001673,ORD000779,PROD00157,CUST00768,20230628,4,1,2525.54,0.0,2525.54,951.1700000000001
ITEM0001674,ORD000780,PROD00015,CUST00687,20231130,10,3,5418.41,0.01,16092.68,4473.200000000001
ITEM0001675,ORD000781,PROD00300,CUST00674,20230522,9,2,1343.36,0.0,2686.72,1430.5599999999997
ITEM0001676,ORD000781,PROD00056,CUST00674,20230522,9,1,6326.27,0.04,6073.22,3529.8300000000004
ITEM0001677,ORD000781,PROD00114,CUST00674,20230522,9,3,2295.26,0.0,6885.78,1230.7200000000003
ITEM0001678,ORD000781,PROD00192,CUST00674,20230522,9,3,5116.05,0.0,15348.15,5069.07
ITEM0001679,ORD000781,PROD00185,CUST00674,20230522,9,1,2719.98,0.0,2719.98,1485.46
ITEM0001680,ORD000782,PROD00185,CUST00909,20240222,2,2,2719.98,0.0,5439.96,2970.92
ITEM0001681,ORD000782,PROD00249,CUST00909,20240222,2,1,4279.09,0.0,4279.09,2277.3500000000004
ITEM0001682,ORD000783,PROD00128,CUST00563,20230131,3,1,4199.76,0.09,3821.78,1158.17
ITEM0001683,ORD000783,PROD00237,CUST00563,20230131,3,1,8123.36,0.0,8123.36,4471.299999999999
ITEM0001684,ORD000784,PROD00167,CUST00273,20241107,2,3,2019.38,0.0,6058.14,1503.2400000000007
ITEM0001685,ORD000784,PROD00291,CUST00273,20241107,2,2,1173.69,0.24,1784.01,427.97
ITEM0001686,ORD000784,PROD00064,CUST00273,20241107,2,1,4268.27,0.0,4268.27,2240.9700000000003
ITEM0001687,ORD000785,PROD00037,CUST00075,20241007,4,3,5435.74,0.09,14839.57,8129.47
ITEM0001688,ORD000786,PROD00087,CUST00851,20241119,3,1,4546.57,0.0,4546.57,2373.41
ITEM0001689,ORD000786,PROD00026,CUST00851,20241119,3,1,992.19,0.0,992.19,518.26
ITEM0001690,ORD000787,PROD00249,CUST00864,20230915,4,1,4279.09,0.28,3080.94,1079.2
ITEM0001691,ORD000788,PROD00128,CUST00871,20231115,9,1,4199.76,0.16,3527.8,864.19
ITEM0001692,ORD000789,PROD00084,CUST00771,20240504,4,1,7622.23,0.0,7622.23,4311.3099999999995
ITEM0001693,ORD000790,PROD00159,CUST00401,20240906,7,1,198.83,0.22,155.09,54.92
ITEM0001694,ORD000791,PROD00079,CUST00207,20240530,2,2,7182.12,0.0,14364.24,7701.32
ITEM0001695,ORD000791,PROD00283,CUST00207,20240530,2,1,7427.34,0.01,7353.07,2788.83
ITEM0001696,ORD000792,PROD00284,CUST00969,20230219,2,1,1981.58,0.0,1981.58,750.22
ITEM0001697,ORD000793,PROD00180,CUST00645,20231028,10,3,7030.69,0.0,21092.07,12324.3
ITEM0001698,ORD000793,PROD00060,CUST00645,20231028,10,1,532.72,0.26,394.21,112.87
ITEM0001699,ORD000794,PROD00161,CUST00884,20230701,9,1,2894.21,0.0,2894.21,619.5100000000002
ITEM0001700,ORD000795,PROD00171,CUST00148,20241004,1,1,546.18,0.0,546.18,279.16999999999996
ITEM0001701,ORD000795,PROD00247,CUST00148,20241004,1,1,7341.91,0.21,5800.11,2143.7599999999998
ITEM0001702,ORD000795,PROD00055,CUST00148,20241004,1,2,2678.2,0.29,3803.04,488.75999999999976
ITEM0001703,ORD000796,PROD00059,CUST00452,20240522,8,4,11784.91,0.0,47139.64,27375.72
ITEM0001704,ORD000797,PROD00175,CUST00744,20230524,7,1,8513.93,0.0,8513.93,3991.4300000000003
ITEM0001705,ORD000797,PROD00209,CUST00744,20230524,7,3,3816.19,0.0,11448.57,6230.82
ITEM0001706,ORD000797,PROD00203,CUST00744,20230524,7,1,477.27,0.0,477.27,266.80999999999995
ITEM0001707,ORD000797,PROD00161,CUST00744,20230524,7,2,2894.21,0.0,5788.42,1239.0200000000004
ITEM0001708,ORD000798,PROD00113,CUST00020,20231219,9,1,3472.93,0.13,3021.45,1202.62
ITEM0001709,ORD000798,PROD00181,CUST00020,20231219,9,2,2887.17,0.0,5774.34,3033.92
ITEM0001710,ORD000799,PROD00068,CUST00946,20240129,1,1,1589.23,0.03,1541.55,332.48
ITEM0001711,ORD000800,PROD00220,CUST00024,20230927,7,4,6168.69,0.0,24674.76,10644.119999999999
ITEM0001712,ORD000801,PROD00270,CUST00208,20230723,8,2,4350.17,0.0,8700.34,4423.84
ITEM0001713,ORD000801,PROD00083,CUST00208,20230723,8,1,9425.24,0.0,9425.24,5118.79
ITEM0001714,ORD000802,PROD00031,CUST00208,20230625,6,2,4066.81,0.06,7645.6,2332.46
ITEM0001715,ORD000803,PROD00103,CUST00011,20240420,4,1,9136.07,0.1,8222.46,3674.329999999999
ITEM0001716,ORD000804,PROD00228,CUST00001,20230617,7,3,1263.16,0.0,3789.48,1582.65
ITEM0001717,ORD000805,PROD00153,CUST00479,20230516,8,1,4010.2,0.17,3328.47,869.2799999999997
ITEM0001718,ORD000805,PROD00088,CUST00479,20230516,8,2,4559.98,0.0,9119.96,2565.7999999999993
ITEM0001719,ORD000806,PROD00057,CUST00077,20240403,9,1,4595.24,0.0,4595.24,2276.5899999999997
ITEM0001720,ORD000806,PROD00209,CUST00077,20240403,9,1,3816.19,0.1,3434.57,1695.3200000000002
ITEM0001721,ORD000806,PROD00268,CUST00077,20240403,9,4,852.32,0.08,3136.54,1217.94
ITEM0001722,ORD000807,PROD00161,CUST00331,20240815,1,2,2894.21,0.0,5788.42,1239.0200000000004
ITEM0001723,ORD000808,PROD00158,CUST00283,20240317,5,1,8138.6,0.0,8138.6,4091.0800000000004
ITEM0001724,ORD000808,PROD00245,CUST00283,20240317,5,1,6215.91,0.0,6215.91,2418.97
ITEM0001725,ORD000809,PROD00209,CUST00408,20230415,8,1,3816.19,0.0,3816.19,2076.94
ITEM0001726,ORD000809,PROD00029,CUST00408,20230415,8,1,5799.72,0.0,5799.72,1511.1599999999999
ITEM0001727,ORD000810,PROD00077,CUST00526,20241114,3,1,7101.66,0.0,7101.66,3215.7
ITEM0001728,ORD000811,PROD00171,CUST00916,20240518,10,1,546.18,0.0,546.18,279.16999999999996
ITEM0001729,ORD000812,PROD00054,CUST00953,20240615,7,1,5941.63,0.0,5941.63,3029.28
ITEM0001730,ORD000813,PROD00281,CUST00449,20240913,4,1,7979.23,0.0,7979.23,3968.0199999999995
ITEM0001731,ORD000814,PROD00232,CUST00869,20230428,9,1,3144.6,0.2,2515.68,981.5299999999997
ITEM0001732,ORD000814,PROD00061,CUST00869,20230428,9,1,4205.57,0.0,4205.57,946.1699999999996
ITEM0001733,ORD000814,PROD00253,CUST00869,20230428,9,2,791.63,0.0,1583.26,545.0
ITEM0001734,ORD000815,PROD00185,CUST00235,20231213,10,1,2719.98,0.0,2719.98,1485.46
ITEM0001735,ORD000816,PROD00195,CUST00737,20240711,7,2,9608.14,0.0,19216.28,11078.199999999999
ITEM0001736,ORD000816,PROD00243,CUST00737,20240711,7,1,6308.05,0.0,6308.05,2974.4100000000003
ITEM0001737,ORD000817,PROD00004,CUST00882,20240217,8,2,4097.38,0.0,8194.76,1396.42
ITEM0001738,ORD000817,PROD00252,CUST00882,20240217,8,1,910.14,0.0,-910.14,-1656.32
ITEM0001739,ORD000818,PROD00192,CUST00374,20230116,1,1,5116.05,0.0,5116.05,1689.69
ITEM0001740,ORD000819,PROD00053,CUST00230,20230704,6,1,7229.99,0.0,7229.99,4151.26
ITEM0001741,ORD000819,PROD00184,CUST00230,20230704,6,1,1498.15,0.16,1258.45,637.97
ITEM0001742,ORD000819,PROD00197,CUST00230,20230704,6,1,8766.75,0.14,7539.4,3862.5099999999998
ITEM0001743,ORD000819,PROD00219,CUST00230,20230704,6,2,344.65,0.16,579.01,201.69
ITEM0001744,ORD000820,PROD00267,CUST00796,20230116,6,1,3457.61,0.0,3457.61,709.4500000000003
ITEM0001745,ORD000821,PROD00072,CUST00584,20240219,3,3,6999.91,0.29,14909.81,5602.369999999999
ITEM0001746,ORD000822,PROD00017,CUST00585,20230316,3,1,9163.85,0.0,9163.85,5466.42
ITEM0001747,ORD000823,PROD00142,CUST00571,20230210,10,1,8354.87,0.0,8354.87,3711.9900000000007
ITEM0001748,ORD000823,PROD00004,CUST00571,20230210,10,1,4097.38,0.0,4097.38,698.21
ITEM0001749,ORD000823,PROD00064,CUST00571,20230210,10,2,4268.27,0.0,8536.54,4481.9400000000005
ITEM0001750,ORD000823,PROD00263,CUST00571,20230210,10,1,4979.64,0.0,4979.64,1665.3500000000004
ITEM0001751,ORD000824,PROD00194,CUST00555,20240915,5,1,535.55,0.24,407.02,188.23
ITEM0001752,ORD000824,PROD00086,CUST00555,20240915,5,1,5791.83,0.0,5791.83,3175.86
ITEM0001753,ORD000825,PROD00166,CUST00818,20231205,1,1,7134.8,0.04,6849.41,3115.25
ITEM0001754,ORD000825,PROD00023,CUST00818,20231205,1,1,3506.84,0.0,3506.84,2022.7700000000002
ITEM0001755,ORD000826,PROD00168,CUST00999,20240319,10,2,5760.76,0.0,11521.52,4778.06
ITEM0001756,ORD000827,PROD00188,CUST00904,20231102,10,1,1657.41,0.0,1657.41,330.0400000000002
ITEM0001757,ORD000827,PROD00177,CUST00904,20231102,10,3,5446.6,0.17,13562.03,6507.650000000001
ITEM0001758,ORD000828,PROD00190,CUST00087,20241024,5,1,3528.69,0.0,3528.69,1855.01
ITEM0001759,ORD000828,PROD00223,CUST00087,20241024,5,1,2430.88,0.0,2430.88,1193.92
ITEM0001760,ORD000828,PROD00032,CUST00087,20241024,5,2,301.12,0.0,602.24,112.60000000000002
ITEM0001761,ORD000829,PROD00240,CUST00452,20241101,2,1,4510.78,0.0,4510.78,2528.3099999999995
ITEM0001762,ORD000829,PROD00133,CUST00452,20241101,2,2,7313.64,0.0,14627.28,6731.700000000001
ITEM0001763,ORD000830,PROD00047,CUST00400,20240403,8,2,1589.57,0.0,3179.14,1216.08
ITEM0001764,ORD000831,PROD00223,CUST00282,20240407,7,1,2430.88,0.0,2430.88,1193.92
ITEM0001765,ORD000831,PROD00081,CUST00282,20240407,7,2,2624.19,0.27,3831.32,1513.2000000000003
ITEM0001766,ORD000831,PROD00021,CUST00282,20240407,7,1,6443.82,0.0,6443.82,3269.37
ITEM0001767,ORD000832,PROD00094,CUST00626,20240521,9,1,6449.58,0.0,6449.58,2762.77
ITEM0001768,ORD000832,PROD00237,CUST00626,20240521,9,2,8123.36,0.0,16246.72,8942.599999999999
ITEM0001769,ORD000833,PROD00294,CUST00518,20240322,8,1,8182.59,0.17,6791.55,2940.55
ITEM0001770,ORD000833,PROD00167,CUST00518,20240322,8,1,2019.38,0.0,2019.38,501.08000000000015
ITEM0001771,ORD000834,PROD00139,CUST00591,20240612,4,2,5962.8,0.0,11925.6,6199.3
ITEM0001772,ORD000835,PROD00084,CUST00698,20231122,9,1,7622.23,0.15,6478.9,3167.9799999999996
ITEM0001773,ORD000836,PROD00224,CUST00054,20240113,5,1,8522.29,0.0,8522.29,4734.700000000001
ITEM0001774,ORD000836,PROD00217,CUST00054,20240113,5,1,260.84,0.0,260.84,55.76999999999998
ITEM0001775,ORD000837,PROD00041,CUST00746,20240126,10,1,3958.75,0.0,3958.75,1734.7399999999998
ITEM0001776,ORD000837,PROD00265,CUST00746,20240126,10,1,4207.25,0.19,3407.87,596.1700000000001
ITEM0001777,ORD000837,PROD00135,CUST00746,20240126,10,1,2086.2,0.0,2086.2,1022.2399999999998
ITEM0001778,ORD000838,PROD00172,CUST00287,20230621,9,1,734.93,0.1,661.44,352.5400000000001
ITEM0001779,ORD000839,PROD00260,CUST00187,20230915,9,1,8617.38,0.0,8617.38,4121.859999999999
ITEM0001780,ORD000840,PROD00103,CUST00302,20240918,3,1,9136.07,0.0,9136.07,4587.94
ITEM0001781,ORD000840,PROD00147,CUST00302,20240918,3,1,4961.76,0.0,4961.76,1847.2400000000002
ITEM0001782,ORD000840,PROD00175,CUST00302,20240918,3,2,8513.93,0.1,15325.07,6280.07
ITEM0001783,ORD000840,PROD00181,CUST00302,20240918,3,1,2887.17,0.0,2887.17,1516.96
ITEM0001784,ORD000841,PROD00216,CUST00868,20240812,5,3,3307.17,0.0,9921.51,4472.7300000000005
ITEM0001785,ORD000841,PROD00273,CUST00868,20240812,5,2,4432.81,0.0,8865.62,2570.840000000001
ITEM0001786,ORD000841,PROD00078,CUST00868,20240812,5,4,2028.86,0.0,8115.44,1909.2399999999998
ITEM0001787,ORD000842,PROD00165,CUST00957,20240809,2,1,1721.94,0.0,1721.94,927.6800000000001
ITEM0001788,ORD000843,PROD00040,CUST00546,20230711,6,1,3631.49,0.0,3631.49,2004.7199999999998
ITEM0001789,ORD000843,PROD00092,CUST00546,20230711,6,3,1552.76,0.06,4378.78,1864.6599999999999
ITEM0001790,ORD000844,PROD00092,CUST00172,20240203,10,1,1552.76,0.18,1273.26,435.22
ITEM0001791,ORD000845,PROD00285,CUST00543,20231218,10,1,2757.81,0.0,2757.81,1476.6799999999998
ITEM0001792,ORD000846,PROD00085,CUST00574,20230419,7,1,1960.53,0.0,1960.53,788.48
ITEM0001793,ORD000847,PROD00066,CUST00980,20230927,7,1,899.86,0.0,899.86,296.41999999999996
ITEM0001794,ORD000847,PROD00244,CUST00980,20230927,7,1,4549.33,0.0,4549.33,1795.7399999999998
ITEM0001795,ORD000847,PROD00064,CUST00980,20230927,7,2,4268.27,0.0,8536.54,4481.9400000000005
ITEM0001796,ORD000848,PROD00282,CUST00792,20250514,5,1,3504.39,0.0,3504.39,1243.4
ITEM0001797,ORD000848,PROD00041,CUST00792,20250514,5,2,3958.75,0.0,7917.5,3469.4799999999996
ITEM0001798,ORD000849,PROD00092,CUST00899,20230503,9,1,1552.76,0.0,1552.76,714.72
ITEM0001799,ORD000850,PROD00202,CUST00496,20240905,3,1,1016.59,0.0,1016.59,338.75
ITEM0001800,ORD000851,PROD00021,CUST00276,20230830,1,1,6443.82,0.25,4832.86,1658.4099999999999
ITEM0001801,ORD000851,PROD00097,CUST00276,20230830,1,1,1492.36,0.26,1104.35,-71.59000000000015
ITEM0001802,ORD000852,PROD00127,CUST00301,20231130,8,1,5321.52,0.03,5161.87,2617.13
ITEM0001803,ORD000852,PROD00174,CUST00301,20231130,8,1,4285.14,0.28,3085.3,1232.3400000000001
ITEM0001804,ORD000853,PROD00083,CUST00635,20240110,4,2,9425.24,0.0,18850.48,10237.58
ITEM0001805,ORD000853,PROD00111,CUST00635,20240110,4,1,5596.44,0.0,5596.44,3031.0199999999995
ITEM0001806,ORD000854,PROD00008,CUST00244,20230410,7,2,5338.8,0.16,8969.18,2729.76
ITEM0001807,ORD000854,PROD00041,CUST00244,20230410,7,1,3958.75,0.0,3958.75,1734.7399999999998
ITEM0001808,ORD000855,PROD00254,CUST00976,20230930,3,3,3623.42,0.17,9022.32,327.41999999999825
ITEM0001809,ORD000855,PROD00112,CUST00976,20230930,3,2,3435.2,0.3,4809.28,1624.1799999999998
ITEM0001810,ORD000856,PROD00291,CUST00795,20230206,6,1,1173.69,0.27,856.79,178.76999999999998
ITEM0001811,ORD000857,PROD00089,CUST00537,20240828,8,1,781.78,0.0,781.78,141.79999999999995
ITEM0001812,ORD000858,PROD00019,CUST00279,20230107,6,1,2406.67,0.0,2406.67,1356.91
ITEM0001813,ORD000858,PROD00254,CUST00279,20230107,6,2,3623.42,0.0,7246.84,1450.2399999999998
ITEM0001814,ORD000859,PROD00232,CUST00167,20240216,3,1,3144.6,0.0,3144.6,1610.4499999999998
ITEM0001815,ORD000859,PROD00243,CUST00167,20240216,3,1,6308.05,0.0,6308.05,2974.4100000000003
ITEM0001816,ORD000859,PROD00206,CUST00167,20240216,3,1,8632.13,0.0,8632.13,3966.2699999999995
ITEM0001817,ORD000859,PROD00273,CUST00167,20240216,3,1,4432.81,0.0,4432.81,1285.4200000000005
ITEM0001818,ORD000860,PROD00046,CUST00060,20240302,6,1,8988.77,0.02,8808.99,4052.1399999999994
ITEM0001819,ORD000861,PROD00044,CUST00453,20240705,5,1,5424.36,0.0,5424.36,3122.2799999999997
ITEM0001820,ORD000861,PROD00106,CUST00453,20240705,5,2,3963.99,0.22,6183.82,1332.7399999999998
ITEM0001821,ORD000862,PROD00103,CUST00346,20240606,5,1,9136.07,0.0,9136.07,4587.94
ITEM0001822,ORD000863,PROD00024,CUST00807,20231121,10,3,10115.71,0.0,30347.13,17631.15
ITEM0001823,ORD000864,PROD00237,CUST00991,20230502,2,1,8123.36,0.0,8123.36,4471.299999999999
ITEM0001824,ORD000864,PROD00280,CUST00991,20230502,2,4,4625.83,0.16,15542.79,6948.43
ITEM0001825,ORD000864,PROD00097,CUST00991,20230502,2,4,1492.36,0.09,5432.19,728.4299999999994
ITEM0001826,ORD000865,PROD00052,CUST00904,20230107,1,1,1689.78,0.0,1689.78,550.1199999999999
ITEM0001827,ORD000866,PROD00087,CUST00900,20241024,4,1,4546.57,0.28,3273.53,1100.3700000000003
ITEM0001828,ORD000866,PROD00218,CUST00900,20241024,4,1,6300.23,0.0,6300.23,3582.7199999999993
ITEM0001829,ORD000866,PROD00263,CUST00900,20241024,4,1,4979.64,0.0,4979.64,1665.3500000000004
ITEM0001830,ORD000867,PROD00300,CUST00890,20231130,6,1,1343.36,0.0,1343.36,715.2799999999999
ITEM0001831,ORD000867,PROD00054,CUST00890,20231130,6,1,5941.63,0.0,5941.63,3029.28
ITEM0001832,ORD000868,PROD00041,CUST00209,20240618,7,2,3958.75,0.0,7917.5,3469.4799999999996
ITEM0001833,ORD000869,PROD00083,CUST00872,20231019,9,4,9425.24,0.0,37700.96,20475.16
ITEM0001834,ORD000870,PROD00131,CUST00512,20230528,4,1,576.16,0.0,576.16,215.51
ITEM0001835,ORD000870,PROD00156,CUST00512,20230528,4,1,1816.09,0.0,1816.09,1047.7199999999998
ITEM0001836,ORD000870,PROD00113,CUST00512,20230528,4,2,3472.93,0.05,6598.57,2960.91
ITEM0001837,ORD000871,PROD00204,CUST00424,20241020,3,1,3352.35,0.0,3352.35,1339.26
ITEM0001838,ORD000871,PROD00275,CUST00424,20241020,3,4,5765.78,0.0,23063.12,12651.519999999999
ITEM0001839,ORD000872,PROD00189,CUST00295,20240113,4,2,7636.65,0.21,12065.91,4385.07
ITEM0001840,ORD000873,PROD00205,CUST00828,20240710,2,1,6283.38,0.0,6283.38,1439.62
ITEM0001841,ORD000873,PROD00232,CUST00828,20240710,2,2,3144.6,0.13,5471.6,2403.3
ITEM0001842,ORD000873,PROD00010,CUST00828,20240710,2,1,2259.53,0.0,2259.53,1308.3200000000002
ITEM0001843,ORD000874,PROD00158,CUST00147,20240913,1,2,8138.6,0.12,14323.94,6228.900000000001
ITEM0001844,ORD000875,PROD00275,CUST00533,20230403,4,1,5765.78,0.0,-5765.78,-8368.68
ITEM0001845,ORD000875,PROD00240,CUST00533,20230403,4,1,4510.78,0.0,4510.78,2528.3099999999995
ITEM0001846,ORD000875,PROD00127,CUST00533,20230403,4,1,5321.52,0.25,3991.14,1446.4
ITEM0001847,ORD000875,PROD00040,CUST00533,20230403,4,1,3631.49,0.0,3631.49,2004.7199999999998
ITEM0001848,ORD000876,PROD00029,CUST00354,20240419,1,1,5799.72,0.27,4233.8,-54.76000000000022
ITEM0001849,ORD000877,PROD00001,CUST00467,20241112,3,1,9272.65,0.0,9272.65,4723.48
ITEM0001850,ORD000877,PROD00121,CUST00467,20241112,3,1,11305.27,0.0,11305.27,6474.55
ITEM0001851,ORD000878,PROD00189,CUST00576,20240107,5,1,7636.65,0.0,7636.65,3796.2299999999996
ITEM0001852,ORD000878,PROD00059,CUST00576,20240107,5,1,11784.91,0.0,11784.91,6843.93
ITEM0001853,ORD000879,PROD00096,CUST00146,20231130,10,1,4639.15,0.0,4639.15,2414.68
ITEM0001854,ORD000880,PROD00228,CUST00748,20230904,2,2,1263.16,0.02,2475.79,1004.5699999999999
ITEM0001855,ORD000880,PROD00121,CUST00748,20230904,2,1,11305.27,0.0,11305.27,6474.55
ITEM0001856,ORD000881,PROD00117,CUST00661,20230504,8,2,498.3,0.23,767.38,364.26
ITEM0001857,ORD000881,PROD00081,CUST00661,20230504,8,1,2624.19,0.0,2624.19,1465.13
ITEM0001858,ORD000882,PROD00109,CUST00949,20230811,10,1,7944.57,0.18,6514.55,2135.7799999999997
ITEM0001859,ORD000883,PROD00160,CUST00187,20231130,3,2,1750.19,0.0,3500.38,877.7600000000002
ITEM0001860,ORD000883,PROD00196,CUST00187,20231130,3,2,6703.46,0.0,13406.92,7637.62
ITEM0001861,ORD000884,PROD00255,CUST00979,20230625,2,1,7383.63,0.0,7383.63,4053.4
ITEM0001862,ORD000885,PROD00101,CUST00311,20241017,4,1,1373.9,0.09,1250.25,312.21000000000004
ITEM0001863,ORD000885,PROD00264,CUST00311,20241017,4,2,8008.38,0.0,16016.76,9109.24
ITEM0001864,ORD000885,PROD00167,CUST00311,20241017,4,2,2019.38,0.15,3432.95,396.3499999999999
ITEM0001865,ORD000885,PROD00096,CUST00311,20241017,4,2,4639.15,0.0,9278.3,4829.36
ITEM0001866,ORD000886,PROD00131,CUST00373,20241030,4,1,576.16,0.0,576.16,215.51
ITEM0001867,ORD000886,PROD00234,CUST00373,20241030,4,1,9552.76,0.0,9552.76,5040.68
ITEM0001868,ORD000887,PROD00062,CUST00428,20231001,2,2,5673.89,0.0,11347.78,4059.9000000000005
ITEM0001869,ORD000888,PROD00004,CUST00166,20230813,7,4,4097.38,0.0,16389.52,2792.84
ITEM0001870,ORD000889,PROD00040,CUST00831,20240814,8,1,3631.49,0.0,3631.49,2004.7199999999998
ITEM0001871,ORD000889,PROD00236,CUST00831,20240814,8,1,2661.51,0.0,2661.51,1431.88
ITEM0001872,ORD000889,PROD00172,CUST00831,20240814,8,1,734.93,0.0,734.93,426.03
ITEM0001873,ORD000889,PROD00011,CUST00831,20240814,8,4,2615.05,0.0,10460.2,5533.200000000001
ITEM0001874,ORD000890,PROD00009,CUST00845,20240910,10,2,5332.96,0.0,10665.92,6260.72
ITEM0001875,ORD000891,PROD00103,CUST00057,20230615,6,2,9136.07,0.0,18272.14,9175.88
ITEM0001876,ORD000891,PROD00238,CUST00057,20230615,6,3,7201.82,0.06,20309.13,9743.490000000002
ITEM0001877,ORD000892,PROD00134,CUST00220,20230426,8,2,1127.73,0.06,2120.13,400.7700000000002
ITEM0001878,ORD000892,PROD00261,CUST00220,20230426,8,2,2154.14,0.18,3532.79,1570.71
ITEM0001879,ORD000892,PROD00157,CUST00220,20230426,8,1,2525.54,0.0,2525.54,951.1700000000001
ITEM0001880,ORD000892,PROD00198,CUST00220,20230426,8,1,1516.26,0.0,1516.26,484.5899999999999
ITEM0001881,ORD000893,PROD00046,CUST00249,20240615,3,2,8988.77,0.0,17977.54,8463.84
ITEM0001882,ORD000893,PROD00288,CUST00249,20240615,3,2,2790.22,0.17,4631.77,2180.0900000000006
ITEM0001883,ORD000893,PROD00049,CUST00249,20240615,3,2,5326.74,0.0,10653.48,2814.24
ITEM0001884,ORD000893,PROD00214,CUST00249,20240615,3,2,8107.58,0.0,16215.16,7317.48
ITEM0001885,ORD000894,PROD00152,CUST00407,20240109,1,3,1231.99,0.0,3695.97,1822.35
ITEM0001886,ORD000895,PROD00062,CUST00501,20240721,10,1,5673.89,0.0,5673.89,2029.9500000000003
ITEM0001887,ORD000895,PROD00064,CUST00501,20240721,10,4,4268.27,0.24,12975.54,4866.340000000001
ITEM0001888,ORD000896,PROD00168,CUST00885,20240602,10,4,5760.76,0.0,23043.04,9556.12
ITEM0001889,ORD000896,PROD00215,CUST00885,20240602,10,1,379.53,0.0,379.53,75.0
ITEM0001890,ORD000897,PROD00290,CUST00527,20241114,6,1,1195.14,0.0,1195.14,418.2500000000001
ITEM0001891,ORD000897,PROD00044,CUST00527,20241114,6,2,5424.36,0.0,10848.72,6244.5599999999995
ITEM0001892,ORD000898,PROD00189,CUST00207,20230211,1,2,7636.65,0.0,15273.3,7592.459999999999
ITEM0001893,ORD000899,PROD00232,CUST00876,20240809,10,1,3144.6,0.0,3144.6,1610.4499999999998
ITEM0001894,ORD000899,PROD00172,CUST00876,20240809,10,2,734.93,0.0,1469.86,852.06
ITEM0001895,ORD000899,PROD00098,CUST00876,20240809,10,1,2402.47,0.23,1849.9,579.94
ITEM0001896,ORD000900,PROD00248,CUST00893,20230804,10,2,10128.22,0.29,14382.07,5082.110000000001
ITEM0001897,ORD000900,PROD00041,CUST00893,20230804,10,1,3958.75,0.0,3958.75,1734.7399999999998
ITEM0001898,ORD000900,PROD00072,CUST00893,20230804,10,3,6999.91,0.19,17009.78,7702.339999999998
ITEM0001899,ORD000901,PROD00170,CUST00798,20230621,10,2,2498.28,0.0,4996.57,317.1700000000001
ITEM0001900,ORD000901,PROD00079,CUST00798,20230621,10,4,7182.12,0.0,28728.48,15402.64
ITEM0001901,ORD000902,PROD00105,CUST00284,20240504,9,1,3095.41,0.05,2940.64,1213.08
ITEM0001902,ORD000903,PROD00184,CUST00426,20240813,8,1,1498.15,0.0,1498.15,877.6700000000001
ITEM0001903,ORD000903,PROD00299,CUST00426,20240813,8,1,10649.19,0.28,7667.42,3170.0299999999997
ITEM0001904,ORD000904,PROD00235,CUST00149,20230428,7,2,1155.59,0.0,2311.18,1342.3999999999999
ITEM0001905,ORD000904,PROD00200,CUST00149,20230428,7,4,7131.42,0.25,21394.26,5282.979999999998
ITEM0001906,ORD000904,PROD00004,CUST00149,20230428,7,2,4097.38,0.05,7785.02,986.6800000000003
ITEM0001907,ORD000905,PROD00209,CUST00121,20230611,8,1,3816.19,0.0,3816.19,2076.94
ITEM0001908,ORD000906,PROD00193,CUST00092,20241120,2,1,9202.76,0.0,9202.76,5114.96
ITEM0001909,ORD000906,PROD00207,CUST00092,20241120,2,1,6547.46,0.0,6547.46,3772.35
ITEM0001910,ORD000906,PROD00159,CUST00092,20241120,2,2,198.83,0.17,330.06,129.72
ITEM0001911,ORD000907,PROD00064,CUST00124,20230212,10,1,4268.27,0.04,4097.54,2070.24
ITEM0001912,ORD000907,PROD00264,CUST00124,20230212,10,1,8008.38,0.0,8008.38,4554.62
ITEM0001913,ORD000908,PROD00122,CUST00955,20240324,4,3,11549.43,0.0,34648.29,19834.5
ITEM0001914,ORD000908,PROD00149,CUST00955,20240324,4,3,832.87,0.0,2498.61,1411.6200000000001
ITEM0001915,ORD000909,PROD00039,CUST00586,20231028,4,2,6419.63,0.0,12839.26,3212.92
ITEM0001916,ORD000909,PROD00128,CUST00586,20231028,4,3,4199.76,0.0,12599.28,4608.450000000001
ITEM0001917,ORD000909,PROD00001,CUST00586,20231028,4,4,9272.65,0.08,34123.35,15926.669999999998
ITEM0001918,ORD000910,PROD00145,CUST00667,20240411,5,1,5845.69,0.05,5553.41,3167.2999999999997
ITEM0001919,ORD000911,PROD00086,CUST00103,20230630,2,1,5791.83,0.29,4112.2,1496.23
ITEM0001920,ORD000911,PROD00267,CUST00103,20230630,2,1,3457.61,0.08,3181.0,432.84000000000015
ITEM0001921,ORD000911,PROD00210,CUST00103,20230630,2,1,6680.3,0.0,6680.3,2578.16
ITEM0001922,ORD000912,PROD00210,CUST00945,20230524,6,2,6680.3,0.0,13360.6,5156.32
ITEM0001923,ORD000912,PROD00270,CUST00945,20230524,6,2,4350.17,0.03,8439.33,4162.83
ITEM0001924,ORD000913,PROD00120,CUST00294,20240902,7,1,1288.16,0.0,1288.16,750.72
ITEM0001925,ORD000913,PROD00008,CUST00294,20240902,7,4,5338.8,0.14,18365.47,5886.630000000001
ITEM0001926,ORD000914,PROD00125,CUST00739,20231225,7,1,5694.29,0.05,5409.58,1222.1400000000003
ITEM0001927,ORD000915,PROD00138,CUST00733,20230808,10,1,10725.29,0.0,10725.29,6249.430000000001
ITEM0001928,ORD000916,PROD00274,CUST00795,20230118,2,1,5633.46,0.0,5633.46,1065.2799999999997
ITEM0001929,ORD000916,PROD00120,CUST00795,20230118,2,1,1288.16,0.0,1288.16,750.72
ITEM0001930,ORD000916,PROD00061,CUST00795,20230118,2,1,4205.57,0.08,3869.12,609.7199999999998
ITEM0001931,ORD000916,PROD00257,CUST00795,20230118,2,1,1540.81,0.05,1463.77,-2789.43
ITEM0001932,ORD000917,PROD00052,CUST00958,20240310,6,2,1689.78,0.25,2534.67,255.3499999999999
ITEM0001933,ORD000918,PROD00267,CUST00867,20230806,1,2,3457.61,0.2,5532.18,35.86000000000058
ITEM0001934,ORD000918,PROD00062,CUST00867,20230806,1,2,5673.89,0.0,11347.78,4059.9000000000005
ITEM0001935,ORD000918,PROD00062,CUST00867,20230806,1,2,5673.89,0.0,11347.78,4059.9000000000005
ITEM0001936,ORD000918,PROD00024,CUST00867,20230806,1,1,10115.71,0.11,9002.98,4764.32
ITEM0001937,ORD000919,PROD00204,CUST00145,20230127,8,1,3352.35,0.0,3352.35,1339.26
ITEM0001938,ORD000919,PROD00139,CUST00145,20230127,8,4,5962.8,0.0,23851.2,12398.6
ITEM0001939,ORD000920,PROD00173,CUST00237,20240505,9,1,2473.94,0.0,2473.94,-1949.94
ITEM0001940,ORD000920,PROD00203,CUST00237,20240505,9,1,477.27,0.0,477.27,266.80999999999995
ITEM0001941,ORD000921,PROD00238,CUST00737,20240329,2,1,7201.82,0.0,7201.82,3679.9399999999996
ITEM0001942,ORD000921,PROD00240,CUST00737,20240329,2,1,4510.78,0.0,4510.78,2528.3099999999995
ITEM0001943,ORD000922,PROD00040,CUST00881,20230510,5,3,3631.49,0.0,10894.47,6014.16
ITEM0001944,ORD000923,PROD00256,CUST00647,20241201,1,2,256.57,0.0,513.14,192.21999999999997
ITEM0001945,ORD000924,PROD00007,CUST00128,20230302,1,2,7518.69,0.21,11879.53,1949.8100000000013
ITEM0001946,ORD000924,PROD00001,CUST00128,20230302,1,4,9272.65,0.0,37090.6,18893.92
ITEM0001947,ORD000924,PROD00265,CUST00128,20230302,1,1,4207.25,0.0,4207.25,1395.5500000000002
ITEM0001948,ORD000924,PROD00041,CUST00128,20230302,1,2,3958.75,0.05,7521.62,3073.5999999999995
ITEM0001949,ORD000924,PROD00048,CUST00128,20230302,1,2,1926.71,0.0,3853.42,1249.3000000000002
ITEM0001950,ORD000925,PROD00152,CUST00434,20240113,5,1,1231.99,0.0,1231.99,607.45
ITEM0001951,ORD000926,PROD00076,CUST00292,20240116,7,2,6038.15,0.0,12076.3,6213.0199999999995
ITEM0001952,ORD000926,PROD00297,CUST00292,20240116,7,3,10930.45,0.23,25249.34,11445.59
ITEM0001953,ORD000927,PROD00215,CUST00857,20230521,5,1,379.53,0.07,352.96,48.43000000000001
ITEM0001954,ORD000927,PROD00004,CUST00857,20230521,5,1,4097.38,0.0,4097.38,698.21
ITEM0001955,ORD000928,PROD00102,CUST00817,20230502,9,2,6509.4,0.0,13018.8,6974.919999999999
ITEM0001956,ORD000928,PROD00200,CUST00817,20230502,9,3,7131.42,0.0,-21394.26,-33477.72
ITEM0001957,ORD000929,PROD00055,CUST00236,20240721,2,1,2678.2,0.17,2222.91,565.7699999999998
ITEM0001958,ORD000929,PROD00212,CUST00236,20240721,2,1,7782.48,0.0,7782.48,4237.33
ITEM0001959,ORD000929,PROD00070,CUST00236,20240721,2,2,6693.56,0.28,9638.73,932.1899999999987
ITEM0001960,ORD000930,PROD00159,CUST00434,20230615,9,2,198.83,0.27,290.29,89.95000000000002
ITEM0001961,ORD000931,PROD00294,CUST00110,20240403,3,1,8182.59,0.0,8182.59,4331.59
ITEM0001962,ORD000931,PROD00131,CUST00110,20240403,3,3,576.16,0.0,1728.48,646.5300000000002
ITEM0001963,ORD000932,PROD00159,CUST00087,20240419,4,1,198.83,0.0,198.83,98.66000000000001
ITEM0001964,ORD000933,PROD00293,CUST00730,20240418,4,1,5361.88,0.0,5361.88,967.4899999999998
ITEM0001965,ORD000934,PROD00299,CUST00977,20240627,5,1,10649.19,0.0,10649.19,6151.8
ITEM0001966,ORD000935,PROD00151,CUST00026,20230721,1,4,5518.05,0.0,22072.2,5223.920000000002
ITEM0001967,ORD000936,PROD00035,CUST00364,20241123,8,3,2576.9,0.0,7730.7,3497.13
ITEM0001968,ORD000936,PROD00200,CUST00364,20241123,8,1,7131.42,0.28,5134.62,1106.7999999999997
ITEM0001969,ORD000936,PROD00225,CUST00364,20241123,8,1,6042.7,0.0,6042.7,1087.0999999999995
ITEM0001970,ORD000936,PROD00285,CUST00364,20241123,8,1,2757.81,0.15,2344.14,1063.0099999999998
ITEM0001971,ORD000937,PROD00027,CUST00124,20230729,9,2,5723.51,0.0,11447.02,5038.22
ITEM0001972,ORD000937,PROD00188,CUST00124,20230729,9,2,1657.41,0.0,3314.82,660.0800000000004
ITEM0001973,ORD000937,PROD00082,CUST00124,20230729,9,2,3992.96,0.0,7985.92,4449.5
ITEM0001974,ORD000938,PROD00143,CUST00413,20240913,3,1,1075.34,0.0,1075.34,504.7299999999999
ITEM0001975,ORD000939,PROD00049,CUST00448,20240208,3,1,5326.74,0.28,3835.25,-84.36999999999989
ITEM0001976,ORD000939,PROD00061,CUST00448,20240208,3,1,4205.57,0.01,4163.51,904.1100000000001
ITEM0001977,ORD000940,PROD00173,CUST00020,20240501,1,2,2350.48,0.0,4700.96,-4146.8
ITEM0001978,ORD000940,PROD00217,CUST00020,20240501,1,1,260.84,0.0,260.84,55.76999999999998
ITEM0001979,ORD000941,PROD00210,CUST00989,20231115,6,1,6680.3,0.1,6012.27,1910.13
ITEM0001980,ORD000941,PROD00216,CUST00989,20231115,6,1,3307.17,0.0,3307.17,1490.91
ITEM0001981,ORD000941,PROD00122,CUST00989,20231115,6,1,11549.43,0.18,9470.53,4532.6
ITEM0001982,ORD000941,PROD00133,CUST00989,20231115,6,1,7313.64,0.13,6362.87,2415.08
ITEM0001983,ORD000942,PROD00265,CUST00458,20230221,10,2,4207.25,0.0,8414.5,2791.1000000000004
ITEM0001984,ORD000942,PROD00130,CUST00458,20230221,10,1,3445.25,0.05,3272.99,949.0799999999999
ITEM0001985,ORD000943,PROD00254,CUST00767,20230121,5,1,3623.42,0.0,3623.42,725.1199999999999
ITEM0001986,ORD000943,PROD00064,CUST00767,20230121,5,2,4268.27,0.0,8536.54,4481.9400000000005
ITEM0001987,ORD000944,PROD00299,CUST00776,20240730,5,1,10649.19,0.0,10649.19,6151.8
ITEM0001988,ORD000945,PROD00127,CUST00804,20231121,3,1,5321.52,0.13,4629.72,2084.9800000000005
ITEM0001989,ORD000946,PROD00291,CUST00663,20231101,10,2,1173.69,0.0,2347.38,991.3400000000001
ITEM0001990,ORD000946,PROD00022,CUST00663,20231101,10,3,1547.99,0.0,4643.97,2713.2900000000004
ITEM0001991,ORD000946,PROD00076,CUST00663,20231101,10,2,6038.15,0.0,12076.3,6213.0199999999995
ITEM0001992,ORD000947,PROD00024,CUST00230,20241016,2,2,10115.71,0.0,20231.42,11754.099999999999
ITEM0001993,ORD000947,PROD00237,CUST00230,20241016,2,2,8123.36,0.0,16246.72,8942.599999999999
ITEM0001994,ORD000948,PROD00035,CUST00618,20240127,9,2,2576.9,0.27,3762.27,939.8899999999999
ITEM0001995,ORD000949,PROD00268,CUST00222,20230602,8,1,852.32,0.0,852.32,372.6700000000001
ITEM0001996,ORD000950,PROD00069,CUST00239,20230912,3,1,2746.29,0.0,2746.29,-1352.83
ITEM0001997,ORD000951,PROD00228,CUST00606,20241116,10,2,1263.16,0.0,2526.32,1055.1000000000001
ITEM0001998,ORD000952,PROD00235,CUST00069,20230116,5,1,1155.59,0.0,1155.59,671.1999999999999
ITEM0001999,ORD000952,PROD00293,CUST00069,20230116,5,2,5361.88,0.24,8150.06,-638.7200000000003
ITEM0002000,ORD000952,PROD00051,CUST00069,20230116,5,1,8693.03,0.0,8693.03,4189.18
ITEM0002001,ORD000952,PROD00237,CUST00069,20230116,5,3,8123.36,0.0,24370.08,13413.900000000001
ITEM0002002,ORD000953,PROD00050,CUST00220,20230127,8,2,5338.68,0.0,10677.36,3452.7000000000007
ITEM0002003,ORD000953,PROD00228,CUST00220,20230127,8,2,1263.16,0.0,2526.32,1055.1000000000001
ITEM0002004,ORD000954,PROD00242,CUST00092,20230419,7,1,2496.43,0.0,2496.43,511.5799999999999
ITEM0002005,ORD000954,PROD00084,CUST00092,20230419,7,1,7622.23,0.16,6402.67,3091.75
ITEM0002006,ORD000954,PROD00275,CUST00092,20230419,7,1,5765.78,0.12,5073.89,2470.9900000000002
ITEM0002007,ORD000955,PROD00189,CUST00823,20241007,5,3,7636.65,0.0,22909.95,11388.69
ITEM0002008,ORD000955,PROD00058,CUST00823,20241007,5,3,4592.96,0.0,13778.88,5005.59
ITEM0002009,ORD000956,PROD00143,CUST00379,20230829,10,2,1075.34,0.0,2150.68,1009.4599999999998
ITEM0002010,ORD000956,PROD00012,CUST00379,20230829,10,1,7089.43,0.0,7089.43,3895.3700000000003
ITEM0002011,ORD000957,PROD00276,CUST00923,20240404,3,3,8701.77,0.0,26105.31,15326.550000000001
ITEM0002012,ORD000957,PROD00090,CUST00923,20240404,3,1,494.65,0.02,484.76,244.69
ITEM0002013,ORD000958,PROD00200,CUST00516,20240704,10,1,7131.42,0.0,7131.42,3103.6
ITEM0002014,ORD000959,PROD00184,CUST00951,20240713,7,2,1498.15,0.06,2816.52,1575.56
ITEM0002015,ORD000959,PROD00084,CUST00951,20240713,7,1,7622.23,0.0,7622.23,4311.3099999999995
ITEM0002016,ORD000959,PROD00293,CUST00951,20240713,7,1,5361.88,0.0,5361.88,967.4899999999998
ITEM0002017,ORD000960,PROD00257,CUST00970,20240407,6,1,2728.09,0.05,2591.69,-1661.5099999999998
ITEM0002018,ORD000961,PROD00022,CUST00383,20240603,8,3,1547.99,0.0,4643.97,2713.2900000000004
ITEM0002019,ORD000961,PROD00199,CUST00383,20240603,8,1,3657.98,0.0,3657.98,1832.66
ITEM0002020,ORD000961,PROD00097,CUST00383,20240603,8,1,1492.36,0.17,-1238.66,-2414.6000000000004
ITEM0002021,ORD000962,PROD00293,CUST00554,20230923,1,2,5361.88,0.19,8686.25,-102.53000000000065
ITEM0002022,ORD000962,PROD00257,CUST00554,20230923,1,2,2506.86,0.12,4412.07,-4094.33
ITEM0002023,ORD000963,PROD00295,CUST00390,20230713,10,1,895.09,0.0,895.09,175.74
ITEM0002024,ORD000963,PROD00180,CUST00390,20230713,10,1,7030.69,0.1,6327.62,3405.0299999999997
ITEM0002025,ORD000964,PROD00030,CUST00524,20230611,8,4,4937.89,0.18,16196.28,6311.640000000001
ITEM0002026,ORD000965,PROD00233,CUST00434,20241117,9,2,3164.97,0.29,4494.26,1169.44
ITEM0002027,ORD000966,PROD00029,CUST00966,20240815,8,2,5799.72,0.0,11599.44,3022.3199999999997
ITEM0002028,ORD000967,PROD00196,CUST00731,20230823,2,2,6703.46,0.0,13406.92,7637.62
ITEM0002029,ORD000967,PROD00230,CUST00731,20230823,2,3,8026.94,0.0,24080.82,13413.57
ITEM0002030,ORD000968,PROD00096,CUST00438,20231230,1,1,4639.15,0.0,4639.15,2414.68
ITEM0002031,ORD000968,PROD00291,CUST00438,20231230,1,1,1173.69,0.06,1103.27,425.25
ITEM0002032,ORD000968,PROD00165,CUST00438,20231230,1,1,1721.94,0.0,1721.94,927.6800000000001
ITEM0002033,ORD000969,PROD00201,CUST00691,20231018,9,2,3944.29,0.0,7888.58,2110.88
ITEM0002034,ORD000969,PROD00234,CUST00691,20231018,9,1,9552.76,0.0,9552.76,5040.68
ITEM0002035,ORD000970,PROD00143,CUST00595,20240416,7,1,1075.34,0.0,1075.34,504.7299999999999
ITEM0002036,ORD000970,PROD00073,CUST00595,20240416,7,1,9071.35,0.0,9071.35,4439.54
ITEM0002037,ORD000970,PROD00188,CUST00595,20240416,7,1,1657.41,0.0,1657.41,330.0400000000002
ITEM0002038,ORD000970,PROD00193,CUST00595,20240416,7,1,9202.76,0.0,9202.76,5114.96
ITEM0002039,ORD000971,PROD00060,CUST00290,20241017,10,4,532.72,0.0,2130.88,1005.5200000000002
ITEM0002040,ORD000972,PROD00288,CUST00027,20240315,5,2,2790.22,0.22,4352.74,1901.06
ITEM0002041,ORD000972,PROD00226,CUST00027,20240315,5,1,648.79,0.28,467.13,-8.269999999999982
ITEM0002042,ORD000973,PROD00174,CUST00575,20230606,6,2,4285.14,0.0,8570.28,4864.360000000001
ITEM0002043,ORD000974,PROD00188,CUST00779,20240816,4,1,1657.41,0.0,1657.41,330.0400000000002
ITEM0002044,ORD000974,PROD00071,CUST00779,20240816,4,1,534.87,0.0,534.87,199.64999999999998
ITEM0002045,ORD000974,PROD00066,CUST00779,20240816,4,2,899.86,0.0,1799.72,592.8399999999999
ITEM0002046,ORD000975,PROD00205,CUST00515,20230101,10,1,6283.38,0.0,6283.38,1439.62
ITEM0002047,ORD000976,PROD00107,CUST00234,20240528,10,1,6282.37,0.0,6282.37,1864.21
ITEM0002048,ORD000976,PROD00272,CUST00234,20240528,10,1,7587.4,0.0,7587.4,3090.1799999999994
ITEM0002049,ORD000976,PROD00141,CUST00234,20240528,10,1,4481.31,0.2,3585.05,769.0600000000004
ITEM0002050,ORD000976,PROD00228,CUST00234,20240528,10,3,1263.16,0.18,3107.37,900.54
ITEM0002051,ORD000976,PROD00040,CUST00234,20240528,10,4,3631.49,0.06,13654.4,7147.32
ITEM0002052,ORD000977,PROD00092,CUST00155,20240506,9,1,1552.76,0.28,1117.99,279.95000000000005
ITEM0002053,ORD000977,PROD00210,CUST00155,20240506,9,2,6680.3,0.0,13360.6,5156.32
ITEM0002054,ORD000978,PROD00145,CUST00092,20230306,5,2,5845.69,0.0,-11691.38,-16463.6
ITEM0002055,ORD000979,PROD00016,CUST00678,20240102,10,2,6005.27,0.14,10329.06,1107.2399999999998
ITEM0002056,ORD000979,PROD00207,CUST00678,20240102,10,1,6547.46,0.12,5761.76,2986.65
ITEM0002057,ORD000980,PROD00048,CUST00111,20240222,4,1,1926.71,0.0,1926.71,624.6500000000001
ITEM0002058,ORD000980,PROD00059,CUST00111,20240222,4,1,11784.91,0.0,11784.91,6843.93
ITEM0002059,ORD000981,PROD00120,CUST00255,20230711,1,2,1288.16,0.0,2576.32,1501.44
ITEM0002060,ORD000981,PROD00248,CUST00255,20230711,1,2,10128.22,0.0,20256.44,10956.48
ITEM0002061,ORD000981,PROD00221,CUST00255,20230711,1,2,901.85,0.0,1803.7,470.98
ITEM0002062,ORD000981,PROD00130,CUST00255,20230711,1,1,3445.25,0.0,3445.25,1121.3400000000001
ITEM0002063,ORD000982,PROD00254,CUST00799,20231207,1,1,3623.42,0.1,3261.08,362.77999999999975
ITEM0002064,ORD000982,PROD00213,CUST00799,20231207,1,1,9402.56,0.0,9402.56,4648.009999999999
ITEM0002065,ORD000982,PROD00172,CUST00799,20231207,1,1,734.93,0.06,690.83,381.93000000000006
ITEM0002066,ORD000983,PROD00135,CUST00149,20240522,5,4,2086.2,0.11,7426.87,3171.0299999999997
ITEM0002067,ORD000983,PROD00185,CUST00149,20240522,5,2,2719.98,0.0,5439.96,2970.92
ITEM0002068,ORD000983,PROD00101,CUST00149,20240522,5,3,1373.9,0.0,4121.7,1307.58
ITEM0002069,ORD000984,PROD00093,CUST00714,20230717,5,1,3802.74,0.21,3004.16,741.5899999999997
ITEM0002070,ORD000985,PROD00257,CUST00774,20240426,8,1,600.75,0.18,492.62,-3760.58
ITEM0002071,ORD000985,PROD00274,CUST00774,20240426,8,1,5633.46,0.09,5126.45,558.2699999999995
ITEM0002072,ORD000986,PROD00249,CUST00609,20230922,9,1,4279.09,0.0,4279.09,2277.3500000000004
ITEM0002073,ORD000987,PROD00118,CUST00888,20230103,7,3,8273.55,0.0,24820.65,9907.560000000001
ITEM0002074,ORD000987,PROD00034,CUST00888,20230103,7,1,2533.01,0.07,2355.7,650.7599999999998
ITEM0002075,ORD000988,PROD00135,CUST00278,20240329,7,2,2086.2,0.0,4172.4,2044.4799999999996
ITEM0002076,ORD000988,PROD00006,CUST00278,20240329,7,1,8153.69,0.0,8153.69,4035.5199999999995
ITEM0002077,ORD000988,PROD00255,CUST00278,20240329,7,1,7383.63,0.0,7383.63,4053.4
ITEM0002078,ORD000989,PROD00262,CUST00190,20240929,7,1,1460.84,0.0,1460.84,737.4499999999999
ITEM0002079,ORD000989,PROD00055,CUST00190,20240929,7,3,2678.2,0.0,8034.6,3063.1800000000003
ITEM0002080,ORD000989,PROD00074,CUST00190,20240929,7,1,9420.21,0.0,9420.21,5096.919999999999
ITEM0002081,ORD000989,PROD00269,CUST00190,20240929,7,1,2135.25,0.0,2135.25,1035.44
ITEM0002082,ORD000990,PROD00032,CUST00825,20240924,4,1,301.12,0.01,298.11,53.29000000000002
ITEM0002083,ORD000990,PROD00269,CUST00825,20240924,4,1,2135.25,0.0,2135.25,1035.44
ITEM0002084,ORD000990,PROD00218,CUST00825,20240924,4,1,6300.23,0.1,5670.21,2952.7
ITEM0002085,ORD000991,PROD00284,CUST00320,20240326,9,1,1981.58,0.08,1823.05,591.69
ITEM0002086,ORD000991,PROD00125,CUST00320,20240326,9,1,5694.29,0.21,4498.49,311.0500000000002
ITEM0002087,ORD000991,PROD00022,CUST00320,20240326,9,1,1547.99,0.0,1547.99,904.4300000000001
ITEM0002088,ORD000991,PROD00126,CUST00320,20240326,9,2,10802.22,0.18,17715.64,8027.74
ITEM0002089,ORD000992,PROD00071,CUST00349,20231202,10,1,534.87,0.02,524.17,188.94999999999993
ITEM0002090,ORD000993,PROD00260,CUST00629,20230508,3,1,8617.38,0.0,8617.38,4121.859999999999
ITEM0002091,ORD000993,PROD00017,CUST00629,20230508,3,1,9163.85,0.21,7239.44,3542.0099999999998
ITEM0002092,ORD000993,PROD00085,CUST00629,20230508,3,4,1960.53,0.0,-7842.12,-12530.32
ITEM0002093,ORD000993,PROD00276,CUST00629,20230508,3,3,8701.77,0.0,26105.31,15326.550000000001
ITEM0002094,ORD000993,PROD00040,CUST00629,20230508,3,2,3631.49,0.06,6827.2,3573.66
ITEM0002095,ORD000994,PROD00014,CUST00253,20240105,7,1,1451.31,0.0,1451.31,352.8699999999999
ITEM0002096,ORD000994,PROD00261,CUST00253,20240105,7,2,2154.14,0.0,4308.28,2346.2
ITEM0002097,ORD000994,PROD00132,CUST00253,20240105,7,3,5296.2,0.0,15888.6,3327.1799999999985
ITEM0002098,ORD000995,PROD00040,CUST00433,20230322,1,2,3631.49,0.3,5084.09,1830.5500000000002
ITEM0002099,ORD000995,PROD00119,CUST00433,20230322,1,1,9197.85,0.0,9197.85,5466.89
ITEM0002100,ORD000996,PROD00229,CUST00213,20240209,7,2,726.54,0.14,1249.65,296.97000000000014
ITEM0002101,ORD000997,PROD00176,CUST00528,20230413,10,1,5492.71,0.0,5492.71,2178.71
ITEM0002102,ORD000998,PROD00175,CUST00051,20230108,1,2,8513.93,0.0,17027.86,7982.860000000001
ITEM0002103,ORD000998,PROD00071,CUST00051,20230108,1,1,534.87,0.0,534.87,199.64999999999998
ITEM0002104,ORD000998,PROD00041,CUST00051,20230108,1,1,3958.75,0.11,3523.29,1299.2799999999997
ITEM0002105,ORD000999,PROD00101,CUST00544,20231102,10,2,1373.9,0.0,2747.8,871.7200000000003
ITEM0002106,ORD000999,PROD00245,CUST00544,20231102,10,1,6215.91,0.0,6215.91,2418.97
ITEM0002107,ORD001000,PROD00169,CUST00886,20241129,5,1,5358.09,0.0,5358.09,2984.67
ITEM0002108,ORD001000,PROD00030,CUST00886,20241129,5,1,4937.89,0.21,3900.93,1429.77
ITEM0002109,ORD001000,PROD00096,CUST00886,20241129,5,2,4639.15,0.0,9278.3,4829.36
ITEM0002110,ORD001001,PROD00154,CUST00510,20240317,7,2,5526.27,0.1,9947.29,4018.0300000000007
ITEM0002111,ORD001001,PROD00225,CUST00510,20240317,7,1,6042.7,0.0,6042.7,1087.0999999999995
ITEM0002112,ORD001001,PROD00213,CUST00510,20240317,7,2,9402.56,0.06,17676.81,8167.710000000001
ITEM0002113,ORD001002,PROD00081,CUST00434,20231119,6,1,2624.19,0.0,2624.19,1465.13
ITEM0002114,ORD001003,PROD00119,CUST00462,20240807,5,1,9197.85,0.0,9197.85,5466.89
ITEM0002115,ORD001003,PROD00147,CUST00462,20240807,5,1,4961.76,0.0,4961.76,1847.2400000000002
ITEM0002116,ORD001003,PROD00007,CUST00462,20240807,5,2,7518.69,0.0,15037.38,5107.66
ITEM0002117,ORD001004,PROD00177,CUST00436,20230130,3,1,5446.6,0.0,5446.6,3095.1400000000003
ITEM0002118,ORD001004,PROD00096,CUST00436,20230130,3,2,4639.15,0.0,9278.3,4829.36
ITEM0002119,ORD001005,PROD00037,CUST00875,20230514,3,2,5435.74,0.0,10871.48,6398.08
ITEM0002120,ORD001006,PROD00089,CUST00648,20240211,6,1,781.78,0.24,594.15,-45.83000000000004
ITEM0002121,ORD001006,PROD00265,CUST00648,20240211,6,4,4207.25,0.0,16829.0,5582.200000000001
ITEM0002122,ORD001006,PROD00223,CUST00648,20240211,6,4,2430.88,0.27,7098.17,2150.33
ITEM0002123,ORD001007,PROD00253,CUST00436,20241122,3,1,791.63,0.0,791.63,272.5
ITEM0002124,ORD001008,PROD00002,CUST00439,20240407,8,2,231.58,0.0,463.16,188.62
ITEM0002125,ORD001008,PROD00208,CUST00439,20240407,8,2,4099.5,0.07,7625.07,1023.3899999999994
ITEM0002126,ORD001009,PROD00177,CUST00069,20240919,7,1,5446.6,0.0,5446.6,3095.1400000000003
ITEM0002127,ORD001009,PROD00014,CUST00069,20240919,7,1,1451.31,0.26,1073.97,-24.470000000000027
ITEM0002128,ORD001009,PROD00261,CUST00069,20240919,7,1,2154.14,0.0,2154.14,1173.1
ITEM0002129,ORD001010,PROD00072,CUST00382,20230405,9,1,6999.91,0.11,6229.92,3127.44
ITEM0002130,ORD001011,PROD00278,CUST00007,20230303,9,1,629.94,0.0,629.94,145.56000000000006
ITEM0002131,ORD001012,PROD00026,CUST00729,20240507,8,1,992.19,0.0,992.19,518.26
ITEM0002132,ORD001012,PROD00197,CUST00729,20240507,8,1,8766.75,0.0,8766.75,5089.860000000001
ITEM0002133,ORD001012,PROD00008,CUST00729,20240507,8,3,5338.8,0.0,16016.4,6657.269999999999
ITEM0002134,ORD001012,PROD00093,CUST00729,20240507,8,1,3802.74,0.0,3802.74,1540.1699999999996
ITEM0002135,ORD001012,PROD00290,CUST00729,20240507,8,2,1195.14,0.0,2390.28,836.5000000000002
ITEM0002136,ORD001013,PROD00291,CUST00610,20240814,6,1,1173.69,0.0,1173.69,495.6700000000001
ITEM0002137,ORD001013,PROD00207,CUST00610,20240814,6,1,6547.46,0.0,6547.46,3772.35
ITEM0002138,ORD001014,PROD00220,CUST00736,20230519,7,2,6168.69,0.0,12337.38,5322.0599999999995
ITEM0002139,ORD001014,PROD00101,CUST00736,20230519,7,1,1373.9,0.0,1373.9,435.8600000000001
ITEM0002140,ORD001015,PROD00079,CUST00748,20230531,2,2,7182.12,0.1,12927.82,6264.9
ITEM0002141,ORD001016,PROD00103,CUST00351,20240505,4,1,9136.07,0.0,9136.07,4587.94
ITEM0002142,ORD001016,PROD00032,CUST00351,20240505,4,3,301.12,0.0,903.36,168.89999999999998
ITEM0002143,ORD001016,PROD00141,CUST00351,20240505,4,3,4481.31,0.0,13443.93,4995.960000000001
ITEM0002144,ORD001016,PROD00132,CUST00351,20240505,4,2,5296.2,0.0,10592.4,2218.119999999999
ITEM0002145,ORD001016,PROD00154,CUST00351,20240505,4,1,5526.27,0.0,5526.27,2561.6400000000003
ITEM0002146,ORD001017,PROD00131,CUST00473,20230219,9,1,576.16,0.04,553.11,192.46000000000004
ITEM0002147,ORD001017,PROD00259,CUST00473,20230219,9,1,1489.83,0.0,1489.83,322.39999999999986
ITEM0002148,ORD001017,PROD00007,CUST00473,20230219,9,2,7518.69,0.0,15037.38,5107.66
ITEM0002149,ORD001018,PROD00135,CUST00318,20230629,3,1,2086.2,0.0,2086.2,1022.2399999999998
ITEM0002150,ORD001018,PROD00050,CUST00318,20230629,3,1,5338.68,0.0,5338.68,1726.3500000000004
ITEM0002151,ORD001018,PROD00092,CUST00318,20230629,3,1,1552.76,0.0,1552.76,714.72
ITEM0002152,ORD001018,PROD00278,CUST00318,20230629,3,2,629.94,0.0,1259.88,291.1200000000001
ITEM0002153,ORD001018,PROD00085,CUST00318,20230629,3,2,1960.53,0.0,3921.06,1576.96
ITEM0002154,ORD001019,PROD00138,CUST00900,20231129,5,1,10725.29,0.0,10725.29,6249.430000000001
ITEM0002155,ORD001019,PROD00242,CUST00900,20231129,5,1,2496.43,0.0,2496.43,511.5799999999999
ITEM0002156,ORD001019,PROD00216,CUST00900,20231129,5,4,3307.17,0.0,13228.68,5963.64
ITEM0002157,ORD001020,PROD00019,CUST00313,20230918,6,1,2406.67,0.0,2406.67,1356.91
ITEM0002158,ORD001020,PROD00063,CUST00313,20230918,6,1,1083.33,0.0,1083.33,592.4699999999999
ITEM0002159,ORD001021,PROD00123,CUST00115,20230320,3,2,2950.23,0.0,5900.46,2281.78
ITEM0002160,ORD001022,PROD00296,CUST00630,20240704,8,1,1188.71,0.0,1188.71,270.73
ITEM0002161,ORD001023,PROD00200,CUST00923,20240324,7,4,7131.42,0.03,27669.91,11558.63
ITEM0002162,ORD001023,PROD00178,CUST00923,20240324,7,2,7985.04,0.0,15970.08,9317.32
ITEM0002163,ORD001024,PROD00247,CUST00174,20240516,1,1,7341.91,0.14,6314.04,2657.69
ITEM0002164,ORD001025,PROD00057,CUST00920,20230316,8,1,4595.24,0.22,3584.29,1265.6399999999999
ITEM0002165,ORD001025,PROD00099,CUST00920,20230316,8,1,6088.4,0.0,6088.4,2560.7899999999995
ITEM0002166,ORD001026,PROD00199,CUST00803,20240913,7,1,3657.98,0.0,3657.98,1832.66
ITEM0002167,ORD001027,PROD00278,CUST00396,20230203,10,1,629.94,0.0,629.94,145.56000000000006
ITEM0002168,ORD001027,PROD00153,CUST00396,20230203,10,3,4010.2,0.0,12030.6,4653.030000000001
ITEM0002169,ORD001028,PROD00083,CUST00274,20230529,10,4,9425.24,0.3,26390.67,9164.869999999999
ITEM0002170,ORD001028,PROD00034,CUST00274,20230529,10,1,2533.01,0.29,1798.44,93.5
ITEM0002171,ORD001029,PROD00250,CUST00037,20230113,2,2,4610.44,0.0,9220.88,4478.5599999999995
ITEM0002172,ORD001030,PROD00023,CUST00294,20240601,9,1,3506.84,0.25,2630.13,1146.0600000000002
ITEM0002173,ORD001031,PROD00296,CUST00261,20230918,6,1,1188.71,0.0,1188.71,270.73
ITEM0002174,ORD001032,PROD00085,CUST00901,20240701,6,2,1960.53,0.0,3921.06,1576.96
ITEM0002175,ORD001032,PROD00001,CUST00901,20240701,6,1,9272.65,0.0,9272.65,4723.48
ITEM0002176,ORD001032,PROD00223,CUST00901,20240701,6,2,2430.88,0.0,4861.76,2387.84
ITEM0002177,ORD001032,PROD00185,CUST00901,20240701,6,1,2719.98,0.03,2638.38,1403.8600000000001
ITEM0002178,ORD001033,PROD00096,CUST00110,20240719,1,1,4639.15,0.0,4639.15,2414.68
ITEM0002179,ORD001033,PROD00009,CUST00110,20240719,1,4,5332.96,0.0,21331.84,12521.44
ITEM0002180,ORD001033,PROD00113,CUST00110,20240719,1,1,3472.93,0.01,3438.2,1619.37
ITEM0002181,ORD001033,PROD00115,CUST00110,20240719,1,4,3250.57,0.0,13002.28,6061.000000000001
ITEM0002182,ORD001034,PROD00297,CUST00660,20230904,10,3,10930.45,0.15,27872.65,14068.900000000001
ITEM0002183,ORD001034,PROD00297,CUST00660,20230904,10,1,10930.45,0.0,10930.45,6329.200000000001
ITEM0002184,ORD001034,PROD00244,CUST00660,20230904,10,1,4549.33,0.0,4549.33,1795.7399999999998
ITEM0002185,ORD001034,PROD00129,CUST00660,20230904,10,3,2500.46,0.0,7501.38,2737.8
ITEM0002186,ORD001034,PROD00196,CUST00660,20230904,10,3,6703.46,0.0,20110.38,11456.43
ITEM0002187,ORD001035,PROD00291,CUST00262,20241107,9,3,1173.69,0.0,3521.07,1487.0100000000002
ITEM0002188,ORD001036,PROD00271,CUST00527,20240624,3,2,439.58,0.0,879.16,437.15999999999997
ITEM0002189,ORD001036,PROD00180,CUST00527,20240624,3,1,7030.69,0.0,7030.69,4108.099999999999
ITEM0002190,ORD001036,PROD00236,CUST00527,20240624,3,1,2661.51,0.0,2661.51,1431.88
ITEM0002191,ORD001037,PROD00149,CUST00593,20240507,3,2,832.87,0.26,1232.65,507.9900000000001
ITEM0002192,ORD001038,PROD00120,CUST00386,20230917,4,1,1288.16,0.0,1288.16,750.72
ITEM0002193,ORD001039,PROD00096,CUST00728,20240126,5,1,4639.15,0.28,3340.19,1115.7200000000003
ITEM0002194,ORD001039,PROD00227,CUST00728,20240126,5,1,3250.8,0.0,3250.8,1611.5800000000002
ITEM0002195,ORD001039,PROD00299,CUST00728,20240126,5,2,10649.19,0.0,21298.38,12303.6
ITEM0002196,ORD001039,PROD00257,CUST00728,20240126,5,1,1759.36,0.0,1759.36,-2493.84
ITEM0002197,ORD001040,PROD00252,CUST00232,20241026,10,1,910.14,0.0,-910.14,-1656.32
ITEM0002198,ORD001040,PROD00146,CUST00232,20241026,10,1,504.1,0.0,504.1,274.63
ITEM0002199,ORD001040,PROD00113,CUST00232,20241026,10,1,3472.93,0.0,3472.93,1654.1
ITEM0002200,ORD001040,PROD00134,CUST00232,20241026,10,1,1127.73,0.0,1127.73,268.05000000000007
ITEM0002201,ORD001041,PROD00271,CUST01000,20230604,2,1,439.58,0.01,435.18,214.18
ITEM0002202,ORD001042,PROD00117,CUST00967,20230610,10,1,498.3,0.21,393.66,192.10000000000002
ITEM0002203,ORD001042,PROD00061,CUST00967,20230610,10,1,4205.57,0.0,4205.57,946.1699999999996
ITEM0002204,ORD001042,PROD00005,CUST00967,20230610,10,1,246.43,0.27,179.89,3.789999999999992
ITEM0002205,ORD001043,PROD00293,CUST00571,20240814,4,1,5361.88,0.0,5361.88,967.4899999999998
ITEM0002206,ORD001043,PROD00040,CUST00571,20240814,4,1,3631.49,0.0,3631.49,2004.7199999999998
ITEM0002207,ORD001043,PROD00076,CUST00571,20240814,4,1,6038.15,0.0,6038.15,3106.5099999999998
ITEM0002208,ORD001044,PROD00148,CUST00236,20230709,3,1,3870.28,0.0,3870.28,1942.0400000000002
ITEM0002209,ORD001044,PROD00159,CUST00236,20230709,3,1,198.83,0.0,198.83,98.66000000000001
ITEM0002210,ORD001045,PROD00280,CUST00445,20240417,7,2,4625.83,0.0,9251.66,4954.48
ITEM0002211,ORD001045,PROD00169,CUST00445,20240417,7,2,5358.09,0.0,10716.18,5969.34
ITEM0002212,ORD001045,PROD00023,CUST00445,20240417,7,3,3506.84,0.0,10520.52,6068.31
ITEM0002213,ORD001045,PROD00150,CUST00445,20240417,7,1,290.6,0.21,229.57,100.4
ITEM0002214,ORD001046,PROD00008,CUST00889,20241118,9,3,5338.8,0.07,14895.25,5536.119999999999
ITEM0002215,ORD001046,PROD00068,CUST00889,20241118,9,2,1589.23,0.0,3178.46,760.3200000000002
ITEM0002216,ORD001047,PROD00274,CUST00561,20230112,2,2,5633.46,0.11,10027.56,891.1999999999989
ITEM0002217,ORD001047,PROD00070,CUST00561,20230112,2,1,6693.56,0.0,6693.56,2340.29
ITEM0002218,ORD001048,PROD00294,CUST00064,20231023,4,2,8182.59,0.22,12764.84,5062.84
ITEM0002219,ORD001049,PROD00014,CUST00967,20241018,2,2,1451.31,0.0,2902.62,705.7399999999998
ITEM0002220,ORD001049,PROD00193,CUST00967,20241018,2,1,9202.76,0.24,6994.1,2906.3
ITEM0002221,ORD001049,PROD00218,CUST00967,20241018,2,1,6300.23,0.0,6300.23,3582.7199999999993
ITEM0002222,ORD001049,PROD00164,CUST00967,20241018,2,2,5504.82,0.15,9358.19,3110.0300000000007
ITEM0002223,ORD001050,PROD00260,CUST00657,20240717,3,1,8617.38,0.1,7755.64,3260.12
ITEM0002224,ORD001050,PROD00211,CUST00657,20240717,3,1,1624.33,0.0,1624.33,369.80999999999995
ITEM0002225,ORD001051,PROD00121,CUST00810,20241123,2,2,11305.27,0.0,22610.54,12949.1
ITEM0002226,ORD001051,PROD00240,CUST00810,20241123,2,2,4510.78,0.0,9021.56,5056.619999999999
ITEM0002227,ORD001051,PROD00090,CUST00810,20241123,2,1,494.65,0.0,494.65,254.57999999999998
ITEM0002228,ORD001052,PROD00027,CUST00938,20240218,3,1,5723.51,0.0,5723.51,2519.11
ITEM0002229,ORD001053,PROD00134,CUST00389,20240825,8,2,1127.73,0.0,2255.46,536.1000000000001
ITEM0002230,ORD001053,PROD00185,CUST00389,20240825,8,1,2719.98,0.3,1903.99,669.47
ITEM0002231,ORD001053,PROD00070,CUST00389,20240825,8,1,6693.56,0.0,6693.56,2340.29
ITEM0002232,ORD001053,PROD00264,CUST00389,20240825,8,2,8008.38,0.0,16016.76,9109.24
ITEM0002233,ORD001054,PROD00261,CUST00444,20240322,7,1,2154.14,0.0,2154.14,1173.1
ITEM0002234,ORD001054,PROD00081,CUST00444,20240322,7,1,2624.19,0.1,2361.77,1202.71
ITEM0002235,ORD001054,PROD00256,CUST00444,20240322,7,1,256.57,0.02,251.44,90.97999999999999
ITEM0002236,ORD001055,PROD00017,CUST00307,20240115,2,1,9163.85,0.22,7147.8,3450.3700000000003
ITEM0002237,ORD001056,PROD00006,CUST00002,20231016,8,1,8153.69,0.0,8153.69,4035.5199999999995
ITEM0002238,ORD001056,PROD00043,CUST00002,20231016,8,1,1789.22,0.0,1789.22,710.5899999999999
ITEM0002239,ORD001057,PROD00041,CUST00791,20231003,10,1,3958.75,0.0,3958.75,1734.7399999999998
ITEM0002240,ORD001058,PROD00280,CUST00441,20230719,7,4,4625.83,0.0,18503.32,9908.96
ITEM0002241,ORD001058,PROD00250,CUST00441,20230719,7,1,4610.44,0.23,3550.04,1178.88
ITEM0002242,ORD001059,PROD00162,CUST00579,20240804,10,2,3555.3,0.0,7110.6,2170.1400000000003
ITEM0002243,ORD001059,PROD00217,CUST00579,20240804,10,1,260.84,0.22,203.46,-1.6099999999999852
ITEM0002244,ORD001060,PROD00054,CUST00240,20240624,9,1,5941.63,0.0,5941.63,3029.28
ITEM0002245,ORD001060,PROD00201,CUST00240,20240624,9,4,3944.29,0.0,15777.16,4221.76
ITEM0002246,ORD001061,PROD00084,CUST00484,20230502,9,1,7622.23,0.0,7622.23,4311.3099999999995
ITEM0002247,ORD001061,PROD00127,CUST00484,20230502,9,1,5321.52,0.0,5321.52,2776.7800000000007
ITEM0002248,ORD001062,PROD00230,CUST00373,20230316,1,1,8026.94,0.0,8026.94,4471.19
ITEM0002249,ORD001063,PROD00061,CUST00584,20230321,8,1,4205.57,0.0,4205.57,946.1699999999996
ITEM0002250,ORD001063,PROD00294,CUST00584,20230321,8,2,8182.59,0.0,16365.18,8663.18
ITEM0002251,ORD001064,PROD00041,CUST00966,20230123,2,3,3958.75,0.17,9857.29,3185.26
ITEM0002252,ORD001064,PROD00012,CUST00966,20230123,2,1,7089.43,0.0,7089.43,3895.3700000000003
ITEM0002253,ORD001065,PROD00204,CUST00535,20241008,10,1,3352.35,0.0,3352.35,1339.26
ITEM0002254,ORD001065,PROD00198,CUST00535,20241008,10,1,1516.26,0.03,1470.77,439.0999999999999
ITEM0002255,ORD001066,PROD00248,CUST00876,20240720,1,3,10128.22,0.0,30384.66,16434.72
ITEM0002256,ORD001067,PROD00177,CUST00370,20240417,6,1,5446.6,0.0,5446.6,3095.1400000000003
ITEM0002257,ORD001067,PROD00094,CUST00370,20240417,6,4,6449.58,0.28,18574.79,3827.550000000001
ITEM0002258,ORD001068,PROD00213,CUST00688,20230403,3,2,9402.56,0.22,14667.99,5158.889999999999
ITEM0002259,ORD001068,PROD00211,CUST00688,20230403,3,1,1624.33,0.0,1624.33,369.80999999999995
ITEM0002260,ORD001069,PROD00263,CUST00555,20230409,9,1,4979.64,0.0,4979.64,1665.3500000000004
ITEM0002261,ORD001070,PROD00229,CUST00447,20230522,5,3,726.54,0.0,2179.62,750.5999999999999
ITEM0002262,ORD001071,PROD00163,CUST00602,20240608,2,2,2745.97,0.0,5491.94,2741.2799999999997
ITEM0002263,ORD001071,PROD00045,CUST00602,20240608,2,1,4706.05,0.0,4706.05,1730.3900000000003
ITEM0002264,ORD001071,PROD00011,CUST00602,20240608,2,2,2615.05,0.0,5230.1,2766.6000000000004
ITEM0002265,ORD001071,PROD00246,CUST00602,20240608,2,1,8011.14,0.0,8011.14,3940.9500000000003
ITEM0002266,ORD001072,PROD00034,CUST00273,20240111,3,1,2533.01,0.0,2533.01,828.0700000000002
ITEM0002267,ORD001073,PROD00281,CUST00854,20240512,1,3,7979.23,0.0,23937.69,11904.059999999998
ITEM0002268,ORD001073,PROD00162,CUST00854,20240512,1,1,3555.3,0.17,2950.9,480.6700000000001
ITEM0002269,ORD001073,PROD00101,CUST00854,20240512,1,4,1373.9,0.02,5385.69,1633.5299999999997
ITEM0002270,ORD001073,PROD00021,CUST00854,20240512,1,3,6443.82,0.0,19331.46,9808.11
ITEM0002271,ORD001074,PROD00132,CUST00130,20230525,6,2,5296.2,0.0,10592.4,2218.119999999999
ITEM0002272,ORD001075,PROD00075,CUST00648,20230306,7,3,6662.95,0.0,19988.85,10326.359999999999
ITEM0002273,ORD001075,PROD00299,CUST00648,20230306,7,1,10649.19,0.0,10649.19,6151.8
ITEM0002274,ORD001075,PROD00144,CUST00648,20230306,7,4,9953.38,0.0,39813.52,21089.879999999997
ITEM0002275,ORD001075,PROD00242,CUST00648,20230306,7,2,2496.43,0.17,4144.07,174.3699999999999
ITEM0002276,ORD001076,PROD00009,CUST00471,20230224,3,1,5332.96,0.03,5172.97,2970.3700000000003
ITEM0002277,ORD001077,PROD00291,CUST00516,20230701,3,2,1173.69,0.2,1877.9,521.8600000000001
ITEM0002278,ORD001078,PROD00066,CUST00060,20230106,2,1,899.86,0.04,863.87,260.42999999999995
ITEM0002279,ORD001078,PROD00185,CUST00060,20230106,2,1,2719.98,0.03,2638.38,1403.8600000000001
ITEM0002280,ORD001078,PROD00087,CUST00060,20230106,2,2,4546.57,0.22,7092.65,2746.33
ITEM0002281,ORD001079,PROD00109,CUST00165,20230707,5,1,7944.57,0.0,7944.57,3565.7999999999993
ITEM0002282,ORD001079,PROD00123,CUST00165,20230707,5,2,2950.23,0.0,5900.46,2281.78
ITEM0002283,ORD001079,PROD00088,CUST00165,20230707,5,1,4559.98,0.0,4559.98,1282.8999999999996
ITEM0002284,ORD001080,PROD00231,CUST00965,20250202,9,1,3622.68,0.0,3622.68,1349.3199999999997
ITEM0002285,ORD001081,PROD00044,CUST00966,20231226,9,1,5424.36,0.0,5424.36,3122.2799999999997
ITEM0002286,ORD001082,PROD00122,CUST00626,20230102,3,1,11549.43,0.1,10394.49,5456.5599999999995
ITEM0002287,ORD001082,PROD00108,CUST00626,20230102,3,1,7407.37,0.0,7407.37,4396.74
ITEM0002288,ORD001082,PROD00181,CUST00626,20230102,3,1,2887.17,0.16,2425.22,1055.0099999999998
ITEM0002289,ORD001082,PROD00071,CUST00626,20230102,3,2,534.87,0.21,845.09,174.64999999999998
ITEM0002290,ORD001083,PROD00015,CUST00191,20231119,7,1,5418.41,0.0,5418.41,1545.25
ITEM0002291,ORD001083,PROD00255,CUST00191,20231119,7,1,7383.63,0.17,6128.41,2798.18
ITEM0002292,ORD001083,PROD00276,CUST00191,20231119,7,1,8701.77,0.0,8701.77,5108.85
ITEM0002293,ORD001084,PROD00281,CUST00841,20230224,10,1,7979.23,0.12,7021.72,3010.51
ITEM0002294,ORD001085,PROD00003,CUST00322,20240830,1,1,2902.0,0.0,2902.0,1490.72
ITEM0002295,ORD001085,PROD00225,CUST00322,20240830,1,3,6042.7,0.0,18128.1,3261.2999999999975
ITEM0002296,ORD001086,PROD00072,CUST00588,20240531,5,4,6999.91,0.0,27999.64,15589.72
ITEM0002297,ORD001087,PROD00285,CUST00535,20240804,8,2,2757.81,0.0,5515.62,2953.3599999999997
ITEM0002298,ORD001088,PROD00129,CUST00135,20231219,10,1,2500.46,0.0,2500.46,912.6000000000001
ITEM0002299,ORD001089,PROD00249,CUST00813,20241001,9,3,4279.09,0.0,12837.27,6832.05
ITEM0002300,ORD001089,PROD00004,CUST00813,20241001,9,1,4097.38,0.0,4097.38,698.21
ITEM0002301,ORD001090,PROD00160,CUST00219,20230326,2,1,1750.19,0.0,-1750.19,-3061.5
ITEM0002302,ORD001090,PROD00235,CUST00219,20230326,2,1,1155.59,0.0,1155.59,671.1999999999999
ITEM0002303,ORD001091,PROD00094,CUST00626,20241110,7,2,6449.58,0.0,12899.16,5525.54
ITEM0002304,ORD001091,PROD00066,CUST00626,20241110,7,1,899.86,0.2,719.89,116.44999999999993
ITEM0002305,ORD001092,PROD00192,CUST00995,20230807,6,1,5116.05,0.11,4553.28,1126.9199999999996
ITEM0002306,ORD001093,PROD00231,CUST00893,20231212,3,1,3622.68,0.08,3332.87,1059.5099999999998
ITEM0002307,ORD001093,PROD00279,CUST00893,20231212,3,2,7168.01,0.2,11468.82,5727.88
ITEM0002308,ORD001093,PROD00220,CUST00893,20231212,3,1,6168.69,0.0,6168.69,2661.0299999999997
ITEM0002309,ORD001094,PROD00220,CUST00040,20240321,7,3,6168.69,0.0,18506.07,7983.09
ITEM0002310,ORD001095,PROD00230,CUST00954,20231103,9,1,8026.94,0.0,8026.94,4471.19
ITEM0002311,ORD001095,PROD00147,CUST00954,20231103,9,1,4961.76,0.0,4961.76,1847.2400000000002
ITEM0002312,ORD001096,PROD00067,CUST00392,20230822,5,1,996.38,0.0,996.38,381.22
ITEM0002313,ORD001097,PROD00122,CUST00457,20230224,8,1,11549.43,0.16,9701.52,4763.59
ITEM0002314,ORD001097,PROD00287,CUST00457,20230224,8,3,6559.01,0.0,19677.03,9773.069999999998
ITEM0002315,ORD001097,PROD00243,CUST00457,20230224,8,2,6308.05,0.18,10345.2,3677.920000000001
ITEM0002316,ORD001097,PROD00094,CUST00457,20230224,8,1,6449.58,0.0,6449.58,2762.77
ITEM0002317,ORD001098,PROD00059,CUST00344,20240926,6,1,11784.91,0.18,9663.63,4722.65
ITEM0002318,ORD001099,PROD00177,CUST00609,20230110,1,2,5446.6,0.0,10893.2,6190.280000000001
ITEM0002319,ORD001100,PROD00081,CUST00506,20230213,5,1,2624.19,0.04,2519.22,1360.1599999999999
ITEM0002320,ORD001101,PROD00086,CUST00974,20230413,2,1,5791.83,0.0,5791.83,3175.86
ITEM0002321,ORD001101,PROD00086,CUST00974,20230413,2,1,5791.83,0.0,5791.83,3175.86
ITEM0002322,ORD001102,PROD00185,CUST00616,20230408,1,2,2719.98,0.0,5439.96,2970.92
ITEM0002323,ORD001103,PROD00270,CUST00704,20230225,3,1,4350.17,0.21,3436.63,1298.38
ITEM0002324,ORD001103,PROD00129,CUST00704,20230225,3,3,2500.46,0.0,7501.38,2737.8
ITEM0002325,ORD001103,PROD00119,CUST00704,20230225,3,1,9197.85,0.0,9197.85,5466.89
ITEM0002326,ORD001104,PROD00240,CUST00323,20230828,5,1,4510.78,0.0,4510.78,2528.3099999999995
ITEM0002327,ORD001105,PROD00054,CUST00139,20241113,3,1,5941.63,0.01,5882.21,2969.86
ITEM0002328,ORD001105,PROD00168,CUST00139,20241113,3,1,5760.76,0.0,5760.76,2389.03
ITEM0002329,ORD001105,PROD00288,CUST00139,20241113,3,2,2790.22,0.0,5580.44,3128.7599999999998
ITEM0002330,ORD001106,PROD00026,CUST00893,20240101,1,1,992.19,0.0,992.19,518.26
ITEM0002331,ORD001106,PROD00096,CUST00893,20240101,1,1,4639.15,0.12,4082.45,1857.98
ITEM0002332,ORD001106,PROD00024,CUST00893,20240101,1,1,10115.71,0.0,10115.71,5877.049999999999
ITEM0002333,ORD001106,PROD00234,CUST00893,20240101,1,4,9552.76,0.0,38211.04,20162.72
ITEM0002334,ORD001106,PROD00057,CUST00893,20240101,1,1,4595.24,0.0,4595.24,2276.5899999999997
ITEM0002335,ORD001107,PROD00032,CUST00328,20230322,2,1,301.12,0.0,301.12,56.30000000000001
ITEM0002336,ORD001107,PROD00251,CUST00328,20230322,2,1,3365.3,0.0,3365.3,1990.8100000000002
ITEM0002337,ORD001108,PROD00011,CUST00703,20241101,10,2,2615.05,0.0,5230.1,2766.6000000000004
ITEM0002338,ORD001108,PROD00219,CUST00703,20241101,10,1,344.65,0.0,344.65,155.98999999999998
ITEM0002339,ORD001109,PROD00070,CUST00290,20240324,1,4,6693.56,0.21,21151.65,3738.5699999999997
ITEM0002340,ORD001109,PROD00219,CUST00290,20240324,1,2,344.65,0.0,689.3,311.97999999999996
ITEM0002341,ORD001109,PROD00095,CUST00290,20240324,1,2,1505.02,0.17,2498.33,567.21
ITEM0002342,ORD001110,PROD00166,CUST00475,20230513,10,2,7134.8,0.0,14269.6,6801.280000000001
ITEM0002343,ORD001111,PROD00255,CUST00029,20241021,4,1,7383.63,0.0,7383.63,4053.4
ITEM0002344,ORD001111,PROD00043,CUST00029,20241021,4,2,1789.22,0.28,2576.48,419.2199999999998
ITEM0002345,ORD001112,PROD00206,CUST00637,20241124,4,2,8632.13,0.19,13984.05,4652.33
ITEM0002346,ORD001113,PROD00092,CUST00004,20230502,5,1,1552.76,0.0,1552.76,714.72
ITEM0002347,ORD001113,PROD00045,CUST00004,20230502,5,1,4706.05,0.0,4706.05,1730.3900000000003
ITEM0002348,ORD001113,PROD00279,CUST00004,20230502,5,2,7168.01,0.0,14336.02,8595.080000000002
ITEM0002349,ORD001113,PROD00057,CUST00004,20230502,5,4,4595.24,0.0,18380.96,9106.359999999999
ITEM0002350,ORD001114,PROD00029,CUST00627,20240602,5,1,5799.72,0.0,5799.72,1511.1599999999999
ITEM0002351,ORD001114,PROD00060,CUST00627,20240602,5,1,532.72,0.16,447.48,166.14000000000004
ITEM0002352,ORD001115,PROD00132,CUST00670,20230815,6,1,5296.2,0.19,4289.92,102.77999999999975
ITEM0002353,ORD001115,PROD00198,CUST00670,20230815,6,1,1516.26,0.0,1516.26,484.5899999999999
ITEM0002354,ORD001115,PROD00106,CUST00670,20230815,6,1,3963.99,0.0,3963.99,1538.4499999999998
ITEM0002355,ORD001116,PROD00143,CUST00355,20240103,4,1,1075.34,0.0,1075.34,504.7299999999999
ITEM0002356,ORD001116,PROD00136,CUST00355,20240103,4,1,621.23,0.0,621.23,363.76
ITEM0002357,ORD001117,PROD00060,CUST00398,20240106,2,2,532.72,0.0,1065.44,502.7600000000001
ITEM0002358,ORD001117,PROD00285,CUST00398,20240106,2,1,2757.81,0.0,2757.81,1476.6799999999998
ITEM0002359,ORD001118,PROD00178,CUST00660,20230114,1,2,7985.04,0.17,13255.17,6602.41
ITEM0002360,ORD001119,PROD00264,CUST00076,20230302,9,2,8008.38,0.0,16016.76,9109.24
ITEM0002361,ORD001120,PROD00257,CUST00513,20240505,5,2,1124.95,0.0,2249.9,-6256.5
ITEM0002362,ORD001120,PROD00058,CUST00513,20240505,5,1,4592.96,0.12,4041.8,1117.3700000000003
ITEM0002363,ORD001121,PROD00110,CUST00199,20241109,10,1,7163.14,0.0,7163.14,4283.530000000001
ITEM0002364,ORD001121,PROD00105,CUST00199,20241109,10,1,3095.41,0.19,2507.28,779.7200000000003
ITEM0002365,ORD001121,PROD00024,CUST00199,20241109,10,2,10115.71,0.0,20231.42,11754.099999999999
ITEM0002366,ORD001122,PROD00167,CUST00022,20230819,1,1,2019.38,0.0,2019.38,501.08000000000015
ITEM0002367,ORD001122,PROD00111,CUST00022,20230819,1,1,5596.44,0.27,4085.4,1519.98
ITEM0002368,ORD001123,PROD00087,CUST00336,20231209,1,1,4546.57,0.0,4546.57,2373.41
ITEM0002369,ORD001123,PROD00122,CUST00336,20231209,1,2,11549.43,0.0,-23098.86,-32974.72
ITEM0002370,ORD001124,PROD00295,CUST00218,20240520,7,1,895.09,0.0,895.09,175.74
ITEM0002371,ORD001124,PROD00011,CUST00218,20240520,7,1,2615.05,0.0,2615.05,1383.3000000000002
ITEM0002372,ORD001125,PROD00054,CUST00471,20230419,9,1,5941.63,0.0,5941.63,3029.28
ITEM0002373,ORD001126,PROD00167,CUST00225,20230603,4,2,2019.38,0.01,3998.37,961.77
ITEM0002374,ORD001126,PROD00111,CUST00225,20230603,4,2,5596.44,0.0,11192.88,6062.039999999999
ITEM0002375,ORD001126,PROD00183,CUST00225,20230603,4,2,526.69,0.0,1053.38,564.0600000000002
ITEM0002376,ORD001127,PROD00223,CUST00041,20240808,7,1,2430.88,0.08,2236.41,999.4499999999998
ITEM0002377,ORD001127,PROD00126,CUST00041,20240808,7,1,10802.22,0.0,10802.22,5958.2699999999995
ITEM0002378,ORD001128,PROD00211,CUST00936,20240723,7,1,1624.33,0.0,1624.33,369.80999999999995
ITEM0002379,ORD001128,PROD00241,CUST00936,20240723,7,2,2432.53,0.26,3600.14,-4974.68
ITEM0002380,ORD001128,PROD00123,CUST00936,20240723,7,1,2950.23,0.0,2950.23,1140.89
ITEM0002381,ORD001129,PROD00112,CUST00394,20230401,7,1,3435.2,0.0,3435.2,1842.6499999999999
ITEM0002382,ORD001129,PROD00238,CUST00394,20230401,7,2,7201.82,0.0,14403.64,7359.879999999999
ITEM0002383,ORD001130,PROD00172,CUST00343,20241125,8,3,734.93,0.0,2204.79,1278.0900000000001
ITEM0002384,ORD001131,PROD00060,CUST00878,20231128,10,1,532.72,0.0,532.72,251.38000000000005
ITEM0002385,ORD001131,PROD00186,CUST00878,20231128,10,3,1445.96,0.0,4337.88,2488.02
ITEM0002386,ORD001131,PROD00258,CUST00878,20231128,10,3,5858.08,0.0,17574.24,10417.59
ITEM0002387,ORD001132,PROD00010,CUST00320,20240309,3,1,2259.53,0.28,1626.86,675.6499999999999
ITEM0002388,ORD001132,PROD00177,CUST00320,20240309,3,2,5446.6,0.09,9912.81,5209.889999999999
ITEM0002389,ORD001133,PROD00153,CUST00824,20241118,3,3,4010.2,0.0,12030.6,4653.030000000001
ITEM0002390,ORD001134,PROD00181,CUST00192,20240617,2,1,2887.17,0.0,2887.17,1516.96
ITEM0002391,ORD001134,PROD00010,CUST00192,20240617,2,4,2259.53,0.0,9038.12,5233.280000000001
ITEM0002392,ORD001135,PROD00015,CUST00002,20230510,8,2,5418.41,0.0,10836.82,3090.5
ITEM0002393,ORD001135,PROD00156,CUST00002,20230510,8,3,1816.09,0.0,5448.27,3143.1600000000003
ITEM0002394,ORD001135,PROD00217,CUST00002,20230510,8,1,260.84,0.11,232.15,27.080000000000013
ITEM0002395,ORD001136,PROD00127,CUST00186,20230107,4,1,5321.52,0.14,4576.51,2031.7700000000004
ITEM0002396,ORD001136,PROD00112,CUST00186,20230107,4,2,3435.2,0.24,5221.5,2036.4
ITEM0002397,ORD001137,PROD00207,CUST00176,20241107,2,1,6547.46,0.0,6547.46,3772.35
ITEM0002398,ORD001137,PROD00078,CUST00176,20241107,2,2,2028.86,0.0,4057.72,954.6199999999999
ITEM0002399,ORD001138,PROD00124,CUST00741,20240515,1,1,2025.14,0.1,1822.63,206.95000000000005
ITEM0002400,ORD001138,PROD00253,CUST00741,20240515,1,1,791.63,0.1,712.47,193.34000000000003
ITEM0002401,ORD001138,PROD00053,CUST00741,20240515,1,4,7229.99,0.0,28919.96,16605.04
ITEM0002402,ORD001138,PROD00243,CUST00741,20240515,1,1,6308.05,0.0,6308.05,2974.4100000000003
ITEM0002403,ORD001138,PROD00022,CUST00741,20240515,1,2,1547.99,0.0,3095.98,1808.8600000000001
ITEM0002404,ORD001139,PROD00053,CUST00448,20240530,4,1,7229.99,0.14,6217.79,3139.06
ITEM0002405,ORD001140,PROD00088,CUST00583,20231117,8,1,4559.98,0.19,3693.58,416.5
ITEM0002406,ORD001140,PROD00215,CUST00583,20231117,8,1,379.53,0.0,379.53,75.0
ITEM0002407,ORD001141,PROD00214,CUST00570,20240126,9,1,8107.58,0.0,8107.58,3658.74
ITEM0002408,ORD001141,PROD00105,CUST00570,20240126,9,1,3095.41,0.03,3002.55,1274.9900000000002
ITEM0002409,ORD001142,PROD00070,CUST00491,20230831,9,2,6693.56,0.26,9906.47,1199.9299999999985
ITEM0002410,ORD001142,PROD00283,CUST00491,20230831,9,1,7427.34,0.0,7427.34,2863.1000000000004
ITEM0002411,ORD001142,PROD00068,CUST00491,20230831,9,2,1589.23,0.02,3114.89,696.75
ITEM0002412,ORD001143,PROD00115,CUST00385,20240714,10,1,3250.57,0.26,2405.42,670.1000000000001
ITEM0002413,ORD001143,PROD00159,CUST00385,20240714,10,1,198.83,0.0,198.83,98.66000000000001
ITEM0002414,ORD001143,PROD00191,CUST00385,20240714,10,1,4249.81,0.0,4249.81,1338.2900000000004
ITEM0002415,ORD001143,PROD00207,CUST00385,20240714,10,1,6547.46,0.0,6547.46,3772.35
ITEM0002416,ORD001144,PROD00285,CUST00283,20240605,6,3,2757.81,0.0,8273.43,4430.04
ITEM0002417,ORD001144,PROD00261,CUST00283,20240605,6,1,2154.14,0.25,1615.6,634.56
ITEM0002418,ORD001145,PROD00078,CUST00142,20240610,3,1,2028.86,0.0,2028.86,477.30999999999995
ITEM0002419,ORD001146,PROD00213,CUST00219,20240718,10,1,9402.56,0.14,8086.2,3331.6499999999996
ITEM0002420,ORD001146,PROD00197,CUST00219,20240718,10,1,8766.75,0.0,8766.75,5089.860000000001
ITEM0002421,ORD001146,PROD00107,CUST00219,20240718,10,4,6282.37,0.0,25129.48,7456.84
ITEM0002422,ORD001146,PROD00283,CUST00219,20240718,10,2,7427.34,0.0,14854.68,5726.200000000001
ITEM0002423,ORD001147,PROD00080,CUST00679,20230519,3,3,862.91,0.0,2588.73,1184.1000000000001
ITEM0002424,ORD001148,PROD00172,CUST00217,20241101,3,1,734.93,0.0,734.93,426.03
ITEM0002425,ORD001148,PROD00045,CUST00217,20241101,3,3,4706.05,0.23,10870.98,1944.0
ITEM0002426,ORD001148,PROD00054,CUST00217,20241101,3,1,5941.63,0.0,5941.63,3029.28
ITEM0002427,ORD001148,PROD00100,CUST00217,20241101,3,1,8661.69,0.02,8488.46,4792.23
ITEM0002428,ORD001149,PROD00156,CUST00592,20240104,10,1,1816.09,0.0,1816.09,1047.7199999999998
ITEM0002429,ORD001150,PROD00243,CUST00037,20230511,4,3,6308.05,0.28,13625.39,3624.4699999999993
ITEM0002430,ORD001151,PROD00177,CUST00873,20230813,3,1,5446.6,0.0,5446.6,3095.1400000000003
ITEM0002431,ORD001152,PROD00070,CUST00250,20230416,6,1,6693.56,0.0,6693.56,2340.29
ITEM0002432,ORD001152,PROD00246,CUST00250,20230416,6,2,8011.14,0.0,16022.28,7881.900000000001
ITEM0002433,ORD001153,PROD00195,CUST00096,20240530,7,1,9608.14,0.19,7782.59,3713.55
ITEM0002434,ORD001153,PROD00107,CUST00096,20240530,7,4,6282.37,0.0,25129.48,7456.84
ITEM0002435,ORD001154,PROD00092,CUST00699,20230103,1,1,1552.76,0.14,1335.37,497.3299999999999
ITEM0002436,ORD001155,PROD00117,CUST00471,20240412,6,4,498.3,0.0,1993.2,1186.96
ITEM0002437,ORD001156,PROD00183,CUST00787,20230516,2,3,526.69,0.19,1279.86,545.8799999999999
ITEM0002438,ORD001156,PROD00082,CUST00787,20230516,2,3,3992.96,0.0,11978.88,6674.249999999999
ITEM0002439,ORD001156,PROD00083,CUST00787,20230516,2,1,9425.24,0.25,7068.93,2762.4800000000005
ITEM0002440,ORD001157,PROD00297,CUST00700,20240301,2,1,10930.45,0.0,10930.45,6329.200000000001
ITEM0002441,ORD001157,PROD00220,CUST00700,20240301,2,2,6168.69,0.0,12337.38,5322.0599999999995
ITEM0002442,ORD001157,PROD00060,CUST00700,20240301,2,2,532.72,0.0,1065.44,502.7600000000001
ITEM0002443,ORD001157,PROD00126,CUST00700,20240301,2,1,10802.22,0.0,10802.22,5958.2699999999995
ITEM0002444,ORD001158,PROD00135,CUST00768,20240819,9,1,2086.2,0.0,2086.2,1022.2399999999998
ITEM0002445,ORD001159,PROD00024,CUST00069,20231010,10,1,10115.71,0.0,10115.71,5877.049999999999
ITEM0002446,ORD001159,PROD00214,CUST00069,20231010,10,1,8107.58,0.0,8107.58,3658.74
ITEM0002447,ORD001160,PROD00281,CUST00430,20230502,8,2,7979.23,0.0,15958.46,7936.039999999999
ITEM0002448,ORD001161,PROD00070,CUST00993,20240113,7,1,6693.56,0.16,5622.59,1269.3199999999997
ITEM0002449,ORD001161,PROD00094,CUST00993,20240113,7,2,6449.58,0.0,12899.16,5525.54
ITEM0002450,ORD001162,PROD00158,CUST00240,20240128,7,1,8138.6,0.0,8138.6,4091.0800000000004
ITEM0002451,ORD001163,PROD00210,CUST00371,20240106,1,1,6680.3,0.13,5811.86,1709.7199999999993
ITEM0002452,ORD001164,PROD00162,CUST00672,20231104,1,1,3555.3,0.0,3555.3,1085.0700000000002
ITEM0002453,ORD001164,PROD00085,CUST00672,20231104,1,1,1960.53,0.0,1960.53,788.48
ITEM0002454,ORD001164,PROD00038,CUST00672,20231104,1,1,1983.28,0.0,1983.28,1035.78
ITEM0002455,ORD001165,PROD00133,CUST00789,20240911,4,1,7313.64,0.0,7313.64,3365.8500000000004
ITEM0002456,ORD001165,PROD00034,CUST00789,20240911,4,3,2533.01,0.0,7599.03,2484.21
ITEM0002457,ORD001166,PROD00239,CUST00620,20241024,7,1,467.33,0.17,387.88,183.56
ITEM0002458,ORD001167,PROD00137,CUST00445,20230518,2,2,5635.51,0.0,11271.02,4827.9800000000005
ITEM0002459,ORD001168,PROD00155,CUST00141,20241112,6,1,1532.82,0.0,1532.82,428.0
ITEM0002460,ORD001169,PROD00159,CUST00696,20230414,9,1,198.83,0.0,198.83,98.66000000000001
ITEM0002461,ORD001170,PROD00189,CUST00972,20240519,10,1,7636.65,0.0,7636.65,3796.2299999999996
ITEM0002462,ORD001171,PROD00195,CUST00655,20230601,4,2,9608.14,0.0,19216.28,11078.199999999999
ITEM0002463,ORD001172,PROD00044,CUST00390,20241130,5,1,5424.36,0.04,5207.39,2905.3100000000004
ITEM0002464,ORD001172,PROD00145,CUST00390,20241130,5,2,5845.69,0.0,11691.38,6919.159999999999
ITEM0002465,ORD001172,PROD00109,CUST00390,20241130,5,2,7944.57,0.0,15889.14,7131.5999999999985
ITEM0002466,ORD001173,PROD00076,CUST00970,20231016,8,3,6038.15,0.23,13948.13,5153.209999999999
ITEM0002467,ORD001173,PROD00227,CUST00970,20231016,8,1,3250.8,0.25,2438.1,798.8799999999999
ITEM0002468,ORD001173,PROD00226,CUST00970,20231016,8,2,648.79,0.0,1297.58,346.78
ITEM0002469,ORD001174,PROD00236,CUST00545,20240109,4,1,2661.51,0.0,2661.51,1431.88
ITEM0002470,ORD001174,PROD00110,CUST00545,20240109,4,1,7163.14,0.0,7163.14,4283.530000000001
ITEM0002471,ORD001175,PROD00176,CUST00080,20230904,2,4,5492.71,0.17,18235.8,4979.799999999999
ITEM0002472,ORD001175,PROD00045,CUST00080,20230904,2,2,4706.05,0.17,7812.04,1860.7200000000003
ITEM0002473,ORD001175,PROD00081,CUST00080,20230904,2,1,2624.19,0.0,2624.19,1465.13
ITEM0002474,ORD001176,PROD00108,CUST00029,20240220,6,3,7407.37,0.0,22222.11,13190.220000000001
ITEM0002475,ORD001176,PROD00257,CUST00029,20240220,6,1,1987.98,0.0,1987.98,-2265.22
ITEM0002476,ORD001177,PROD00261,CUST00692,20240731,5,1,2154.14,0.0,2154.14,1173.1
ITEM0002477,ORD001178,PROD00236,CUST00344,20241012,4,4,2661.51,0.0,10646.04,5727.52
ITEM0002478,ORD001178,PROD00209,CUST00344,20241012,4,1,3816.19,0.0,3816.19,2076.94
ITEM0002479,ORD001179,PROD00083,CUST00403,20231005,7,2,9425.24,0.05,17907.96,9295.06
ITEM0002480,ORD001179,PROD00259,CUST00403,20231005,7,2,1489.83,0.09,2711.49,376.62999999999965
ITEM0002481,ORD001179,PROD00210,CUST00403,20231005,7,3,6680.3,0.02,19640.08,7333.66
ITEM0002482,ORD001180,PROD00232,CUST00214,20240317,5,1,3144.6,0.0,3144.6,1610.4499999999998
ITEM0002483,ORD001181,PROD00109,CUST00715,20240702,1,1,7944.57,0.0,7944.57,3565.7999999999993
ITEM0002484,ORD001182,PROD00002,CUST00835,20230331,6,1,231.58,0.0,231.58,94.31
ITEM0002485,ORD001183,PROD00267,CUST00391,20240812,7,2,3457.61,0.0,6915.22,1418.9000000000005
ITEM0002486,ORD001183,PROD00105,CUST00391,20240812,7,1,3095.41,0.29,2197.74,470.17999999999984
ITEM0002487,ORD001183,PROD00126,CUST00391,20240812,7,1,10802.22,0.0,10802.22,5958.2699999999995
ITEM0002488,ORD001183,PROD00120,CUST00391,20240812,7,1,1288.16,0.0,1288.16,750.72
ITEM0002489,ORD001184,PROD00078,CUST00465,20230114,5,2,2028.86,0.0,4057.72,954.6199999999999
ITEM0002490,ORD001184,PROD00159,CUST00465,20230114,5,3,198.83,0.13,518.95,218.44000000000005
ITEM0002491,ORD001184,PROD00225,CUST00465,20230114,5,1,6042.7,0.25,4532.02,-423.5799999999999
ITEM0002492,ORD001184,PROD00272,CUST00465,20230114,5,1,7587.4,0.0,7587.4,3090.1799999999994
ITEM0002493,ORD001185,PROD00210,CUST00186,20230930,7,1,6680.3,0.0,6680.3,2578.16
ITEM0002494,ORD001186,PROD00247,CUST00558,20241028,10,1,7341.91,0.0,7341.91,3685.56
ITEM0002495,ORD001186,PROD00298,CUST00558,20241028,10,2,5321.16,0.0,10642.32,3612.42
ITEM0002496,ORD001187,PROD00010,CUST00796,20231105,6,2,2259.53,0.0,4519.06,2616.6400000000003
ITEM0002497,ORD001187,PROD00171,CUST00796,20231105,6,3,546.18,0.0,1638.54,837.51
ITEM0002498,ORD001188,PROD00102,CUST00423,20240803,4,1,6509.4,0.0,6509.4,3487.4599999999996
ITEM0002499,ORD001189,PROD00032,CUST00547,20230131,2,1,301.12,0.0,301.12,56.30000000000001
ITEM0002500,ORD001190,PROD00012,CUST00955,20230526,2,1,7089.43,0.0,7089.43,3895.3700000000003
ITEM0002501,ORD001191,PROD00038,CUST00326,20231015,3,2,1983.28,0.0,3966.56,2071.56
ITEM0002502,ORD001192,PROD00253,CUST00911,20240319,9,1,791.63,0.1,712.47,193.34000000000003
ITEM0002503,ORD001192,PROD00117,CUST00911,20240319,9,1,498.3,0.0,498.3,296.74
ITEM0002504,ORD001192,PROD00283,CUST00911,20240319,9,2,7427.34,0.11,-13220.67,-22349.15
ITEM0002505,ORD001192,PROD00199,CUST00911,20240319,9,2,3657.98,0.0,7315.96,3665.32
ITEM0002506,ORD001192,PROD00008,CUST00911,20240319,9,1,5338.8,0.0,5338.8,2219.09
ITEM0002507,ORD001193,PROD00237,CUST00116,20230219,8,1,8123.36,0.15,6904.86,3252.7999999999997
ITEM0002508,ORD001194,PROD00297,CUST00421,20240625,6,1,10930.45,0.16,9181.58,4580.33
ITEM0002509,ORD001194,PROD00209,CUST00421,20240625,6,3,3816.19,0.0,11448.57,6230.82
ITEM0002510,ORD001195,PROD00205,CUST00136,20240408,10,2,6283.38,0.0,12566.76,2879.24
ITEM0002511,ORD001196,PROD00093,CUST00004,20240424,2,1,3802.74,0.0,3802.74,1540.1699999999996
ITEM0002512,ORD001196,PROD00101,CUST00004,20240424,2,1,1373.9,0.0,1373.9,435.8600000000001
ITEM0002513,ORD001196,PROD00218,CUST00004,20240424,2,1,6300.23,0.0,6300.23,3582.7199999999993
ITEM0002514,ORD001196,PROD00049,CUST00004,20240424,2,1,5326.74,0.29,3781.99,-137.6300000000001
ITEM0002515,ORD001197,PROD00083,CUST00834,20230606,8,1,9425.24,0.0,9425.24,5118.79
ITEM0002516,ORD001198,PROD00179,CUST00665,20231130,9,1,6055.62,0.0,6055.62,3585.27
ITEM0002517,ORD001199,PROD00227,CUST00877,20240510,3,1,3250.8,0.18,2665.66,1026.4399999999998
ITEM0002518,ORD001199,PROD00288,CUST00877,20240510,3,1,2790.22,0.0,2790.22,1564.3799999999999
ITEM0002519,ORD001199,PROD00261,CUST00877,20240510,3,1,2154.14,0.0,2154.14,1173.1
ITEM0002520,ORD001200,PROD00184,CUST00868,20241109,4,3,1498.15,0.0,4494.45,2633.0099999999998
ITEM0002521,ORD001200,PROD00285,CUST00868,20241109,4,2,2757.81,0.0,5515.62,2953.3599999999997
ITEM0002522,ORD001201,PROD00158,CUST00788,20230507,4,1,8138.6,0.0,-8138.6,-12186.12
ITEM0002523,ORD001202,PROD00266,CUST00169,20240521,1,1,5956.89,0.23,4586.81,-292.0699999999997
ITEM0002524,ORD001202,PROD00040,CUST00169,20240521,1,1,3631.49,0.18,2977.82,1351.0500000000002
ITEM0002525,ORD001203,PROD00059,CUST00531,20230607,7,3,11784.91,0.0,35354.73,20531.790000000005
ITEM0002526,ORD001204,PROD00033,CUST00744,20240812,8,1,1942.09,0.0,1942.09,782.1899999999998
ITEM0002527,ORD001204,PROD00158,CUST00744,20240812,8,2,8138.6,0.21,12858.99,4763.95
ITEM0002528,ORD001205,PROD00298,CUST00848,20231227,4,1,5321.16,0.18,4363.35,848.4000000000005
ITEM0002529,ORD001205,PROD00161,CUST00848,20231227,4,2,2894.21,0.06,5441.11,891.71
ITEM0002530,ORD001205,PROD00257,CUST00848,20231227,4,1,1508.35,0.11,1342.43,-2910.7699999999995
ITEM0002531,ORD001206,PROD00053,CUST00717,20230821,10,1,7229.99,0.0,7229.99,4151.26
ITEM0002532,ORD001206,PROD00209,CUST00717,20230821,10,2,3816.19,0.13,6640.17,3161.67
ITEM0002533,ORD001207,PROD00227,CUST00373,20231022,8,1,3250.8,0.0,3250.8,1611.5800000000002
ITEM0002534,ORD001207,PROD00059,CUST00373,20231022,8,1,11784.91,0.0,11784.91,6843.93
ITEM0002535,ORD001208,PROD00191,CUST00434,20230821,7,4,4249.81,0.0,16999.24,5353.160000000002
ITEM0002536,ORD001208,PROD00254,CUST00434,20230821,7,1,3623.42,0.0,3623.42,725.1199999999999
ITEM0002537,ORD001209,PROD00162,CUST00930,20230404,1,1,3555.3,0.0,3555.3,1085.0700000000002
ITEM0002538,ORD001209,PROD00105,CUST00930,20230404,1,1,3095.41,0.0,3095.41,1367.85
ITEM0002539,ORD001210,PROD00085,CUST00510,20240913,2,2,1960.53,0.17,3254.48,910.3800000000001
ITEM0002540,ORD001211,PROD00138,CUST00102,20230209,1,1,10725.29,0.08,9867.27,5391.410000000001
ITEM0002541,ORD001212,PROD00067,CUST00915,20230816,9,1,996.38,0.0,996.38,381.22
ITEM0002542,ORD001213,PROD00133,CUST00683,20240519,7,2,7313.64,0.0,14627.28,6731.700000000001
ITEM0002543,ORD001214,PROD00224,CUST00206,20240504,6,1,8522.29,0.0,8522.29,4734.700000000001
ITEM0002544,ORD001214,PROD00067,CUST00206,20240504,6,1,996.38,0.0,996.38,381.22
ITEM0002545,ORD001215,PROD00132,CUST00146,20230606,3,1,5296.2,0.0,5296.2,1109.0599999999995
ITEM0002546,ORD001216,PROD00245,CUST00260,20231027,3,2,6215.91,0.0,12431.82,4837.94
ITEM0002547,ORD001216,PROD00256,CUST00260,20231027,3,1,256.57,0.0,256.57,96.10999999999999
ITEM0002548,ORD001216,PROD00186,CUST00260,20231027,3,1,1445.96,0.12,1272.44,655.82
ITEM0002549,ORD001216,PROD00169,CUST00260,20231027,3,1,5358.09,0.0,5358.09,2984.67
ITEM0002550,ORD001217,PROD00089,CUST00702,20241111,3,1,781.78,0.19,633.24,-6.740000000000009
ITEM0002551,ORD001218,PROD00205,CUST00346,20240924,4,1,6283.38,0.0,6283.38,1439.62
ITEM0002552,ORD001218,PROD00001,CUST00346,20240924,4,1,9272.65,0.0,9272.65,4723.48
ITEM0002553,ORD001219,PROD00121,CUST00069,20230908,2,2,11305.27,0.16,18992.85,9331.409999999998
ITEM0002554,ORD001220,PROD00211,CUST00108,20231010,4,3,1624.33,0.0,4872.99,1109.4299999999998
ITEM0002555,ORD001221,PROD00142,CUST00791,20231109,2,1,8354.87,0.0,8354.87,3711.9900000000007
ITEM0002556,ORD001222,PROD00024,CUST00794,20230814,7,1,10115.71,0.0,10115.71,5877.049999999999
ITEM0002557,ORD001222,PROD00103,CUST00794,20230814,7,4,9136.07,0.1,32889.85,14697.329999999998
ITEM0002558,ORD001222,PROD00257,CUST00794,20230814,7,1,587.57,0.0,-587.57,-4840.7699999999995
ITEM0002559,ORD001222,PROD00079,CUST00794,20230814,7,1,7182.12,0.0,7182.12,3850.66
ITEM0002560,ORD001223,PROD00283,CUST00409,20241110,4,4,7427.34,0.08,27332.61,9075.650000000001
ITEM0002561,ORD001223,PROD00056,CUST00409,20241110,4,2,6326.27,0.0,12652.54,7565.760000000001
ITEM0002562,ORD001224,PROD00029,CUST00322,20230306,5,1,5799.72,0.0,5799.72,1511.1599999999999
ITEM0002563,ORD001224,PROD00121,CUST00322,20230306,5,3,11305.27,0.0,33915.81,19423.649999999998
ITEM0002564,ORD001224,PROD00010,CUST00322,20230306,5,2,2259.53,0.0,4519.06,2616.6400000000003
ITEM0002565,ORD001224,PROD00067,CUST00322,20230306,5,1,996.38,0.0,996.38,381.22
ITEM0002566,ORD001224,PROD00009,CUST00322,20230306,5,1,5332.96,0.0,5332.96,3130.36
ITEM0002567,ORD001225,PROD00216,CUST00819,20230316,3,2,3307.17,0.17,5489.9,1857.3799999999997
ITEM0002568,ORD001225,PROD00217,CUST00819,20230316,3,1,260.84,0.0,-260.84,-465.90999999999997
ITEM0002569,ORD001226,PROD00093,CUST00074,20231002,2,4,3802.74,0.0,15210.96,6160.6799999999985
ITEM0002570,ORD001227,PROD00011,CUST00584,20230118,2,1,2615.05,0.25,1961.29,729.54
ITEM0002571,ORD001228,PROD00090,CUST00462,20231125,9,2,494.65,0.0,989.3,509.15999999999997
ITEM0002572,ORD001228,PROD00074,CUST00462,20231125,9,1,9420.21,0.0,9420.21,5096.919999999999
ITEM0002573,ORD001228,PROD00201,CUST00462,20231125,9,2,3944.29,0.0,7888.58,2110.88
ITEM0002574,ORD001229,PROD00042,CUST00019,20230521,5,1,8235.83,0.0,8235.83,4137.96
ITEM0002575,ORD001229,PROD00139,CUST00019,20230521,5,1,5962.8,0.0,5962.8,3099.65
ITEM0002576,ORD001229,PROD00085,CUST00019,20230521,5,1,1960.53,0.04,1882.11,710.06
ITEM0002577,ORD001229,PROD00155,CUST00019,20230521,5,1,1532.82,0.12,1348.88,244.06000000000017
ITEM0002578,ORD001230,PROD00042,CUST00509,20241029,2,1,8235.83,0.23,6341.59,2243.7200000000003
ITEM0002579,ORD001230,PROD00076,CUST00509,20241029,2,3,6038.15,0.07,16846.44,8051.519999999999
ITEM0002580,ORD001231,PROD00163,CUST00586,20230726,4,2,2745.97,0.0,5491.94,2741.2799999999997
ITEM0002581,ORD001231,PROD00134,CUST00586,20230726,4,1,1127.73,0.0,1127.73,268.05000000000007
ITEM0002582,ORD001231,PROD00229,CUST00586,20230726,4,1,726.54,0.0,726.54,250.2
ITEM0002583,ORD001231,PROD00136,CUST00586,20230726,4,4,621.23,0.28,1789.14,759.26
ITEM0002584,ORD001232,PROD00135,CUST00545,20240418,10,2,2086.2,0.0,4172.4,2044.4799999999996
ITEM0002585,ORD001232,PROD00176,CUST00545,20240418,10,2,5492.71,0.06,10326.29,3698.290000000001
ITEM0002586,ORD001232,PROD00130,CUST00545,20240418,10,1,3445.25,0.19,2790.65,466.74000000000024
ITEM0002587,ORD001232,PROD00225,CUST00545,20240418,10,2,6042.7,0.04,11601.98,1690.7799999999988
ITEM0002588,ORD001232,PROD00027,CUST00545,20240418,10,1,5723.51,0.0,5723.51,2519.11
ITEM0002589,ORD001233,PROD00002,CUST00221,20240430,2,2,231.58,0.0,463.16,188.62
ITEM0002590,ORD001233,PROD00223,CUST00221,20240430,2,2,2430.88,0.0,4861.76,2387.84
ITEM0002591,ORD001234,PROD00183,CUST00789,20240908,3,1,526.69,0.0,526.69,282.0300000000001
ITEM0002592,ORD001234,PROD00048,CUST00789,20240908,3,2,1926.71,0.1,3468.08,863.96
ITEM0002593,ORD001234,PROD00116,CUST00789,20240908,3,1,3835.95,0.15,3260.56,787.2199999999998
ITEM0002594,ORD001234,PROD00020,CUST00789,20240908,3,1,7970.85,0.0,7970.85,4095.9300000000003
ITEM0002595,ORD001234,PROD00150,CUST00789,20240908,3,2,290.6,0.0,581.2,322.86000000000007
ITEM0002596,ORD001235,PROD00235,CUST00983,20240416,6,1,1155.59,0.0,1155.59,671.1999999999999
ITEM0002597,ORD001235,PROD00238,CUST00983,20240416,6,3,7201.82,0.04,20741.24,10175.600000000002
ITEM0002598,ORD001235,PROD00023,CUST00983,20240416,6,1,3506.84,0.0,3506.84,2022.7700000000002
ITEM0002599,ORD001236,PROD00295,CUST00361,20240306,4,2,895.09,0.0,1790.18,351.48
ITEM0002600,ORD001236,PROD00069,CUST00361,20240306,4,2,1117.62,0.0,2235.25,-5962.99
ITEM0002601,ORD001237,PROD00229,CUST00208,20231113,2,1,726.54,0.0,726.54,250.2
ITEM0002602,ORD001238,PROD00012,CUST00032,20230712,9,1,7089.43,0.0,7089.43,3895.3700000000003
ITEM0002603,ORD001238,PROD00171,CUST00032,20230712,9,2,546.18,0.0,1092.36,558.3399999999999
ITEM0002604,ORD001239,PROD00189,CUST00149,20230508,1,1,7636.65,0.14,6567.52,2727.1000000000004
ITEM0002605,ORD001239,PROD00153,CUST00149,20230508,1,1,4010.2,0.0,4010.2,1551.0099999999998
ITEM0002606,ORD001240,PROD00022,CUST00498,20231224,7,2,1547.99,0.0,3095.98,1808.8600000000001
ITEM0002607,ORD001240,PROD00205,CUST00498,20231224,7,1,6283.38,0.0,6283.38,1439.62
ITEM0002608,ORD001241,PROD00264,CUST00008,20240506,1,1,8008.38,0.0,8008.38,4554.62
ITEM0002609,ORD001241,PROD00147,CUST00008,20240506,1,4,4961.76,0.0,19847.04,7388.960000000001
ITEM0002610,ORD001241,PROD00001,CUST00008,20240506,1,4,9272.65,0.0,37090.6,18893.92
ITEM0002611,ORD001242,PROD00274,CUST00314,20240210,5,1,5633.46,0.23,4337.76,-230.42000000000007
ITEM0002612,ORD001243,PROD00010,CUST00608,20240403,8,4,2259.53,0.0,9038.12,5233.280000000001
ITEM0002613,ORD001243,PROD00029,CUST00608,20240403,8,2,5799.72,0.0,11599.44,3022.3199999999997
ITEM0002614,ORD001243,PROD00006,CUST00608,20240403,8,1,8153.69,0.0,8153.69,4035.5199999999995
ITEM0002615,ORD001244,PROD00128,CUST00437,20231222,1,1,4199.76,0.0,4199.76,1536.15
ITEM0002616,ORD001244,PROD00293,CUST00437,20231222,1,1,5361.88,0.0,5361.88,967.4899999999998
ITEM0002617,ORD001244,PROD00139,CUST00437,20231222,1,1,5962.8,0.0,5962.8,3099.65
ITEM0002618,ORD001245,PROD00280,CUST00323,20231228,4,1,4625.83,0.0,4625.83,2477.24
ITEM0002619,ORD001245,PROD00187,CUST00323,20231228,4,1,6641.17,0.14,5711.41,1907.92
ITEM0002620,ORD001245,PROD00091,CUST00323,20231228,4,2,1302.09,0.0,2604.18,1244.58
ITEM0002621,ORD001245,PROD00269,CUST00323,20231228,4,1,2135.25,0.0,2135.25,1035.44
ITEM0002622,ORD001246,PROD00295,CUST00437,20240801,10,2,895.09,0.0,1790.18,351.48
ITEM0002623,ORD001247,PROD00020,CUST00367,20241027,3,1,7970.85,0.0,7970.85,4095.9300000000003
ITEM0002624,ORD001248,PROD00288,CUST00608,20240115,8,1,2790.22,0.0,2790.22,1564.3799999999999
ITEM0002625,ORD001248,PROD00114,CUST00608,20240115,8,1,2295.26,0.17,1905.07,20.049999999999955
ITEM0002626,ORD001248,PROD00132,CUST00608,20240115,8,1,5296.2,0.0,5296.2,1109.0599999999995
ITEM0002627,ORD001249,PROD00276,CUST00165,20240625,8,2,8701.77,0.25,13052.66,5866.82
ITEM0002628,ORD001250,PROD00033,CUST00629,20231118,5,1,1942.09,0.0,1942.09,782.1899999999998
ITEM0002629,ORD001251,PROD00086,CUST00627,20231210,7,1,5791.83,0.1,5212.65,2596.68
ITEM0002630,ORD001252,PROD00053,CUST00996,20231102,6,4,7229.99,0.16,24292.77,11977.85
ITEM0002631,ORD001253,PROD00090,CUST00811,20230316,5,3,494.65,0.0,1483.95,763.74
ITEM0002632,ORD001253,PROD00244,CUST00811,20230316,5,3,4549.33,0.05,12965.59,4704.82
ITEM0002633,ORD001254,PROD00082,CUST00772,20230908,10,1,3992.96,0.0,3992.96,2224.75
ITEM0002634,ORD001254,PROD00250,CUST00772,20230908,10,2,4610.44,0.28,6639.03,1896.71
ITEM0002635,ORD001254,PROD00124,CUST00772,20230908,10,1,2025.14,0.0,2025.14,409.46000000000004
ITEM0002636,ORD001255,PROD00198,CUST00462,20240815,5,1,1516.26,0.16,1273.66,241.99
ITEM0002637,ORD001256,PROD00188,CUST00778,20240622,9,2,1657.41,0.0,3314.82,660.0800000000004
ITEM0002638,ORD001256,PROD00239,CUST00778,20240622,9,1,467.33,0.0,467.33,263.01
ITEM0002639,ORD001257,PROD00181,CUST00132,20240306,10,1,2887.17,0.29,2049.89,679.6799999999998
ITEM0002640,ORD001257,PROD00170,CUST00132,20240306,10,2,1433.03,0.23,2206.87,-2472.5299999999997
ITEM0002641,ORD001258,PROD00119,CUST00790,20241019,9,1,9197.85,0.0,9197.85,5466.89
ITEM0002642,ORD001258,PROD00259,CUST00790,20241019,9,1,1489.83,0.0,1489.83,322.39999999999986
ITEM0002643,ORD001258,PROD00206,CUST00790,20241019,9,2,8632.13,0.0,17264.26,7932.539999999999
ITEM0002644,ORD001259,PROD00246,CUST00916,20230109,10,2,8011.14,0.0,16022.28,7881.900000000001
ITEM0002645,ORD001259,PROD00124,CUST00916,20230109,10,2,2025.14,0.0,4050.28,818.9200000000001
ITEM0002646,ORD001259,PROD00279,CUST00916,20230109,10,3,7168.01,0.0,21504.03,12892.619999999999
ITEM0002647,ORD001260,PROD00242,CUST00491,20230214,6,1,2496.43,0.04,2396.57,411.72000000000025
ITEM0002648,ORD001261,PROD00081,CUST00345,20240115,8,2,2624.19,0.0,5248.38,2930.26
ITEM0002649,ORD001261,PROD00037,CUST00345,20240115,8,1,5435.74,0.0,5435.74,3199.04
ITEM0002650,ORD001261,PROD00107,CUST00345,20240115,8,3,6282.37,0.0,18847.11,5592.630000000001
ITEM0002651,ORD001262,PROD00102,CUST00011,20230908,1,1,6509.4,0.0,6509.4,3487.4599999999996
ITEM0002652,ORD001262,PROD00133,CUST00011,20230908,1,2,7313.64,0.08,13457.1,5561.52
ITEM0002653,ORD001263,PROD00146,CUST00152,20230307,10,2,504.1,0.28,725.9,266.96
ITEM0002654,ORD001263,PROD00254,CUST00152,20230307,10,2,3623.42,0.09,6594.62,798.0199999999995
ITEM0002655,ORD001263,PROD00236,CUST00152,20230307,10,3,2661.51,0.0,7984.53,4295.639999999999
ITEM0002656,ORD001264,PROD00201,CUST00140,20230420,2,1,3944.29,0.0,3944.29,1055.44
ITEM0002657,ORD001264,PROD00134,CUST00140,20230420,2,1,1127.73,0.0,1127.73,268.05000000000007
ITEM0002658,ORD001265,PROD00242,CUST00724,20240625,10,1,2496.43,0.26,1847.36,-137.49
ITEM0002659,ORD001266,PROD00288,CUST00569,20230103,7,1,2790.22,0.18,2287.98,1062.14
ITEM0002660,ORD001267,PROD00016,CUST00268,20230312,6,1,6005.27,0.0,6005.27,1394.3600000000006
ITEM0002661,ORD001267,PROD00289,CUST00268,20230312,6,1,3097.21,0.0,3097.21,1796.98
ITEM0002662,ORD001267,PROD00040,CUST00268,20230312,6,1,3631.49,0.0,3631.49,2004.7199999999998
ITEM0002663,ORD001267,PROD00208,CUST00268,20230312,6,1,4099.5,0.29,2910.64,-390.2000000000003
ITEM0002664,ORD001267,PROD00058,CUST00268,20230312,6,1,4592.96,0.0,4592.96,1668.5300000000002
ITEM0002665,ORD001268,PROD00200,CUST00227,20240202,2,1,7131.42,0.23,5491.19,1463.3699999999994
ITEM0002666,ORD001268,PROD00103,CUST00227,20240202,2,1,9136.07,0.0,9136.07,4587.94
ITEM0002667,ORD001268,PROD00260,CUST00227,20240202,2,3,8617.38,0.0,25852.14,12365.579999999998
ITEM0002668,ORD001268,PROD00094,CUST00227,20240202,2,2,6449.58,0.0,12899.16,5525.54
ITEM0002669,ORD001268,PROD00131,CUST00227,20240202,2,1,576.16,0.26,426.36,65.71000000000004
ITEM0002670,ORD001269,PROD00030,CUST00912,20231031,3,1,4937.89,0.0,4937.89,2466.7300000000005
ITEM0002671,ORD001269,PROD00036,CUST00912,20231031,3,1,7308.78,0.0,7308.78,3739.1699999999996
ITEM0002672,ORD001270,PROD00247,CUST00879,20230204,4,3,7341.91,0.0,22025.73,11056.68
ITEM0002673,ORD001271,PROD00239,CUST00672,20230801,2,1,467.33,0.0,467.33,263.01
ITEM0002674,ORD001271,PROD00251,CUST00672,20230801,2,1,3365.3,0.02,3297.99,1923.4999999999998
ITEM0002675,ORD001271,PROD00244,CUST00672,20230801,2,1,4549.33,0.0,4549.33,1795.7399999999998
ITEM0002676,ORD001271,PROD00274,CUST00672,20230801,2,3,5633.46,0.0,16900.38,3195.84
ITEM0002677,ORD001272,PROD00053,CUST00517,20240301,7,2,7229.99,0.15,12290.98,6133.5199999999995
ITEM0002678,ORD001272,PROD00052,CUST00517,20240301,7,1,1689.78,0.02,1655.98,516.3199999999999
ITEM0002679,ORD001272,PROD00261,CUST00517,20240301,7,2,2154.14,0.0,4308.28,2346.2
ITEM0002680,ORD001273,PROD00128,CUST00322,20241028,3,2,4199.76,0.0,8399.52,3072.3
ITEM0002681,ORD001273,PROD00135,CUST00322,20241028,3,1,2086.2,0.16,1752.41,688.45
ITEM0002682,ORD001274,PROD00298,CUST00908,20230606,2,2,5321.16,0.0,10642.32,3612.42
ITEM0002683,ORD001275,PROD00025,CUST00270,20240421,4,2,3078.83,0.0,6157.66,1145.5
ITEM0002684,ORD001275,PROD00232,CUST00270,20240421,4,2,3144.6,0.19,5094.25,2025.9499999999998
ITEM0002685,ORD001275,PROD00174,CUST00270,20240421,4,1,4285.14,0.21,3385.26,1532.3000000000002
ITEM0002686,ORD001275,PROD00090,CUST00270,20240421,4,1,494.65,0.0,494.65,254.57999999999998
ITEM0002687,ORD001276,PROD00081,CUST00234,20230608,9,3,2624.19,0.0,7872.57,4395.389999999999
ITEM0002688,ORD001277,PROD00147,CUST00625,20240726,5,2,4961.76,0.0,9923.52,3694.4800000000005
ITEM0002689,ORD001278,PROD00007,CUST00204,20230613,4,1,7518.69,0.0,7518.69,2553.83
ITEM0002690,ORD001279,PROD00170,CUST00017,20230520,3,1,1398.25,0.04,1342.32,-997.3799999999999
ITEM0002691,ORD001279,PROD00227,CUST00017,20230520,3,2,3250.8,0.0,6501.6,3223.1600000000003
ITEM0002692,ORD001280,PROD00164,CUST00236,20230111,1,3,5504.82,0.0,16514.46,7142.219999999999
ITEM0002693,ORD001280,PROD00206,CUST00236,20230111,1,1,8632.13,0.0,8632.13,3966.2699999999995
ITEM0002694,ORD001280,PROD00154,CUST00236,20230111,1,1,5526.27,0.0,5526.27,2561.6400000000003
ITEM0002695,ORD001280,PROD00020,CUST00236,20230111,1,1,7970.85,0.0,7970.85,4095.9300000000003
ITEM0002696,ORD001280,PROD00058,CUST00236,20230111,1,1,4592.96,0.0,4592.96,1668.5300000000002
ITEM0002697,ORD001281,PROD00147,CUST00687,20230506,7,2,4961.76,0.09,9030.4,2801.3599999999997
ITEM0002698,ORD001282,PROD00041,CUST00146,20240313,8,3,3958.75,0.0,11876.25,5204.219999999999
ITEM0002699,ORD001282,PROD00010,CUST00146,20240313,8,2,2259.53,0.0,4519.06,2616.6400000000003
ITEM0002700,ORD001282,PROD00287,CUST00146,20240313,8,1,6559.01,0.08,6034.29,2732.97
ITEM0002701,ORD001283,PROD00115,CUST00178,20230228,5,2,3250.57,0.01,6436.13,2965.4900000000002
ITEM0002702,ORD001284,PROD00120,CUST00753,20230825,10,4,1288.16,0.02,5049.59,2899.83
ITEM0002703,ORD001284,PROD00154,CUST00753,20230825,10,3,5526.27,0.19,13428.84,4534.950000000001
ITEM0002704,ORD001284,PROD00125,CUST00753,20230825,10,3,5694.29,0.11,15203.75,2641.4300000000003
ITEM0002705,ORD001285,PROD00243,CUST00222,20230130,5,1,6308.05,0.25,4731.04,1397.4
ITEM0002706,ORD001285,PROD00054,CUST00222,20230130,5,1,5941.63,0.0,5941.63,3029.28
ITEM0002707,ORD001285,PROD00083,CUST00222,20230130,5,1,9425.24,0.26,6974.68,2668.2300000000005
ITEM0002708,ORD001285,PROD00135,CUST00222,20230130,5,1,2086.2,0.0,2086.2,1022.2399999999998
ITEM0002709,ORD001285,PROD00129,CUST00222,20230130,5,1,2500.46,0.0,2500.46,912.6000000000001
ITEM0002710,ORD001286,PROD00216,CUST00070,20240414,10,1,3307.17,0.0,3307.17,1490.91
ITEM0002711,ORD001286,PROD00250,CUST00070,20240414,10,1,4610.44,0.0,4610.44,2239.2799999999997
ITEM0002712,ORD001286,PROD00100,CUST00070,20240414,10,3,8661.69,0.0,25985.07,14896.38
ITEM0002713,ORD001287,PROD00262,CUST00678,20230617,3,2,1460.84,0.0,2921.68,1474.8999999999999
ITEM0002714,ORD001287,PROD00023,CUST00678,20230617,3,2,3506.84,0.0,7013.68,4045.5400000000004
ITEM0002715,ORD001287,PROD00282,CUST00678,20230617,3,4,3504.39,0.17,11634.57,2590.6100000000006
ITEM0002716,ORD001287,PROD00156,CUST00678,20230617,3,2,1816.09,0.0,3632.18,2095.4399999999996
ITEM0002717,ORD001287,PROD00244,CUST00678,20230617,3,2,4549.33,0.23,7005.97,1498.79
ITEM0002718,ORD001288,PROD00245,CUST00677,20230923,9,3,6215.91,0.0,18647.73,7256.91
ITEM0002719,ORD001288,PROD00267,CUST00677,20230923,9,2,3457.61,0.22,5393.87,-102.44999999999982
ITEM0002720,ORD001289,PROD00098,CUST00845,20231125,5,1,2402.47,0.26,1777.83,507.8699999999999
ITEM0002721,ORD001289,PROD00119,CUST00845,20231125,5,3,9197.85,0.21,21798.9,10606.02
ITEM0002722,ORD001290,PROD00037,CUST00052,20230928,7,2,5435.74,0.0,10871.48,6398.08
ITEM0002723,ORD001290,PROD00243,CUST00052,20230928,7,1,6308.05,0.28,4541.8,1208.1600000000003
ITEM0002724,ORD001290,PROD00197,CUST00052,20230928,7,1,8766.75,0.0,8766.75,5089.860000000001
ITEM0002725,ORD001290,PROD00290,CUST00052,20230928,7,1,1195.14,0.0,1195.14,418.2500000000001
ITEM0002726,ORD001290,PROD00065,CUST00052,20230928,7,1,6570.64,0.04,6307.81,1468.7600000000002
ITEM0002727,ORD001291,PROD00204,CUST00808,20230607,8,1,3352.35,0.0,3352.35,1339.26
ITEM0002728,ORD001292,PROD00210,CUST00160,20230704,6,1,6680.3,0.12,5878.66,1776.5199999999995
ITEM0002729,ORD001292,PROD00103,CUST00160,20230704,6,3,9136.07,0.0,27408.21,13763.82
ITEM0002730,ORD001292,PROD00276,CUST00160,20230704,6,1,8701.77,0.0,8701.77,5108.85
ITEM0002731,ORD001293,PROD00046,CUST00777,20240208,9,1,8988.77,0.0,8988.77,4231.92
ITEM0002732,ORD001294,PROD00262,CUST00498,20230911,4,1,1460.84,0.0,1460.84,737.4499999999999
ITEM0002733,ORD001294,PROD00090,CUST00498,20230911,4,2,494.65,0.24,751.87,271.73
ITEM0002734,ORD001294,PROD00165,CUST00498,20230911,4,1,1721.94,0.0,1721.94,927.6800000000001
ITEM0002735,ORD001294,PROD00045,CUST00498,20230911,4,1,4706.05,0.0,4706.05,1730.3900000000003
ITEM0002736,ORD001295,PROD00043,CUST00103,20230710,3,1,1789.22,0.0,1789.22,710.5899999999999
ITEM0002737,ORD001295,PROD00215,CUST00103,20230710,3,1,379.53,0.14,326.4,21.870000000000005
ITEM0002738,ORD001296,PROD00208,CUST00242,20230212,6,2,4099.5,0.0,8199.0,1597.3199999999997
ITEM0002739,ORD001296,PROD00298,CUST00242,20230212,6,3,5321.16,0.0,15963.48,5418.630000000001
ITEM0002740,ORD001296,PROD00254,CUST00242,20230212,6,2,3623.42,0.1,6522.16,725.5599999999995
ITEM0002741,ORD001297,PROD00152,CUST00686,20230221,2,3,1231.99,0.0,3695.97,1822.35
ITEM0002742,ORD001297,PROD00044,CUST00686,20230221,2,1,5424.36,0.17,4502.22,2200.1400000000003
ITEM0002743,ORD001297,PROD00104,CUST00686,20230221,2,1,2043.03,0.0,2043.03,773.79
ITEM0002744,ORD001298,PROD00081,CUST00818,20230206,4,4,2624.19,0.0,10496.76,5860.52
ITEM0002745,ORD001298,PROD00203,CUST00818,20230206,4,2,477.27,0.11,849.54,428.61999999999995
ITEM0002746,ORD001298,PROD00098,CUST00818,20230206,4,1,2402.47,0.0,2402.47,1132.5099999999998
ITEM0002747,ORD001298,PROD00025,CUST00818,20230206,4,2,3078.83,0.0,6157.66,1145.5
ITEM0002748,ORD001298,PROD00060,CUST00818,20230206,4,1,532.72,0.27,388.89,107.55000000000001
ITEM0002749,ORD001299,PROD00114,CUST00258,20240924,6,1,2295.26,0.0,2295.26,410.24000000000024
ITEM0002750,ORD001300,PROD00250,CUST00105,20240520,3,2,4610.44,0.0,9220.88,4478.5599999999995
ITEM0002751,ORD001300,PROD00104,CUST00105,20240520,3,1,2043.03,0.0,2043.03,773.79
ITEM0002752,ORD001301,PROD00164,CUST00226,20230913,9,3,5504.82,0.0,16514.46,7142.219999999999
ITEM0002753,ORD001302,PROD00053,CUST00148,20230603,2,2,7229.99,0.0,14459.98,8302.52
ITEM0002754,ORD001303,PROD00114,CUST00901,20240828,7,1,2295.26,0.0,2295.26,410.24000000000024
ITEM0002755,ORD001303,PROD00144,CUST00901,20240828,7,1,9953.38,0.21,7863.17,3182.26
ITEM0002756,ORD001303,PROD00296,CUST00901,20240828,7,1,1188.71,0.06,1117.39,199.41000000000008
ITEM0002757,ORD001304,PROD00099,CUST00837,20240706,4,4,6088.4,0.0,24353.6,10243.159999999998
ITEM0002758,ORD001304,PROD00017,CUST00837,20240706,4,1,9163.85,0.0,9163.85,5466.42
ITEM0002759,ORD001305,PROD00212,CUST00515,20231109,9,1,7782.48,0.0,7782.48,4237.33
ITEM0002760,ORD001305,PROD00009,CUST00515,20231109,9,1,5332.96,0.0,5332.96,3130.36
ITEM0002761,ORD001305,PROD00291,CUST00515,20231109,9,2,1173.69,0.0,2347.38,991.3400000000001
ITEM0002762,ORD001305,PROD00179,CUST00515,20231109,9,1,6055.62,0.0,6055.62,3585.27
ITEM0002763,ORD001306,PROD00122,CUST00476,20231005,1,3,11549.43,0.0,34648.29,19834.5
ITEM0002764,ORD001306,PROD00187,CUST00476,20231005,1,1,6641.17,0.02,6508.35,2704.8600000000006
ITEM0002765,ORD001307,PROD00149,CUST00701,20240603,6,4,832.87,0.0,3331.48,1882.16
ITEM0002766,ORD001307,PROD00291,CUST00701,20240603,6,1,1173.69,0.0,1173.69,495.6700000000001
ITEM0002767,ORD001308,PROD00071,CUST00264,20240523,10,1,534.87,0.15,454.64,119.41999999999996
ITEM0002768,ORD001309,PROD00232,CUST00971,20230613,10,1,3144.6,0.19,2547.13,1012.98
ITEM0002769,ORD001310,PROD00068,CUST00486,20240524,6,1,1589.23,0.03,1541.55,332.48
ITEM0002770,ORD001311,PROD00209,CUST00429,20230118,2,1,3816.19,0.0,3816.19,2076.94
ITEM0002771,ORD001312,PROD00031,CUST00029,20230518,6,1,4066.81,0.0,4066.81,1410.2399999999998
ITEM0002772,ORD001313,PROD00170,CUST00331,20230315,7,2,2834.82,0.0,5669.64,990.2400000000007
ITEM0002773,ORD001314,PROD00029,CUST00239,20240216,7,4,5799.72,0.0,23198.88,6044.639999999999
ITEM0002774,ORD001315,PROD00049,CUST00847,20230626,10,1,5326.74,0.0,5326.74,1407.12
ITEM0002775,ORD001316,PROD00110,CUST00387,20240317,2,2,7163.14,0.0,14326.28,8567.060000000001
ITEM0002776,ORD001317,PROD00211,CUST00100,20231214,4,2,1624.33,0.14,-2793.85,-5302.889999999999
ITEM0002777,ORD001317,PROD00195,CUST00100,20231214,4,1,9608.14,0.0,9608.14,5539.099999999999
ITEM0002778,ORD001317,PROD00124,CUST00100,20231214,4,1,2025.14,0.0,2025.14,409.46000000000004
ITEM0002779,ORD001317,PROD00097,CUST00100,20231214,4,3,1492.36,0.0,4477.08,949.2599999999998
ITEM0002780,ORD001318,PROD00171,CUST00280,20230214,10,1,546.18,0.19,442.41,175.40000000000003
ITEM0002781,ORD001318,PROD00238,CUST00280,20230214,10,1,7201.82,0.0,7201.82,3679.9399999999996
ITEM0002782,ORD001318,PROD00004,CUST00280,20230214,10,2,4097.38,0.0,8194.76,1396.42
ITEM0002783,ORD001318,PROD00128,CUST00280,20230214,10,3,4199.76,0.0,12599.28,4608.450000000001
ITEM0002784,ORD001319,PROD00158,CUST00086,20241019,3,1,8138.6,0.0,8138.6,4091.0800000000004
ITEM0002785,ORD001320,PROD00083,CUST00768,20240117,5,3,9425.24,0.0,28275.72,15356.370000000003
ITEM0002786,ORD001321,PROD00156,CUST00557,20240321,7,1,1816.09,0.0,1816.09,1047.7199999999998
ITEM0002787,ORD001321,PROD00071,CUST00557,20240321,7,3,534.87,0.0,-1604.61,-2610.27
ITEM0002788,ORD001321,PROD00134,CUST00557,20240321,7,3,1127.73,0.0,3383.19,804.1500000000001
ITEM0002789,ORD001322,PROD00016,CUST00113,20240819,9,1,6005.27,0.0,6005.27,1394.3600000000006
ITEM0002790,ORD001323,PROD00152,CUST00769,20241108,3,3,1231.99,0.0,3695.97,1822.35
ITEM0002791,ORD001324,PROD00109,CUST00584,20230701,9,1,7944.57,0.0,7944.57,3565.7999999999993
ITEM0002792,ORD001325,PROD00011,CUST00852,20230908,6,1,2615.05,0.0,2615.05,1383.3000000000002
ITEM0002793,ORD001325,PROD00187,CUST00852,20230908,6,2,6641.17,0.0,13282.34,5675.360000000001
ITEM0002794,ORD001325,PROD00298,CUST00852,20230908,6,1,5321.16,0.25,3990.87,475.9200000000001
ITEM0002795,ORD001325,PROD00297,CUST00852,20230908,6,2,10930.45,0.0,21860.9,12658.400000000001
ITEM0002796,ORD001326,PROD00247,CUST00969,20231016,7,3,7341.91,0.0,22025.73,11056.68
ITEM0002797,ORD001326,PROD00270,CUST00969,20231016,7,1,4350.17,0.0,4350.17,2211.92
ITEM0002798,ORD001327,PROD00180,CUST00304,20230811,3,1,7030.69,0.0,7030.69,4108.099999999999
ITEM0002799,ORD001328,PROD00172,CUST00077,20230703,4,1,734.93,0.0,734.93,426.03
ITEM0002800,ORD001329,PROD00073,CUST00627,20230617,5,1,9071.35,0.0,9071.35,4439.54
ITEM0002801,ORD001330,PROD00108,CUST00792,20240804,2,1,7407.37,0.0,7407.37,4396.74
ITEM0002802,ORD001331,PROD00160,CUST00625,20240825,10,2,1750.19,0.0,3500.38,877.7600000000002
ITEM0002803,ORD001331,PROD00089,CUST00625,20240825,10,1,781.78,0.0,781.78,141.79999999999995
ITEM0002804,ORD001331,PROD00182,CUST00625,20240825,10,1,3616.25,0.0,3616.25,1810.58
ITEM0002805,ORD001332,PROD00281,CUST00165,20241029,9,1,7979.23,0.0,7979.23,3968.0199999999995
ITEM0002806,ORD001333,PROD00114,CUST00897,20230813,7,2,2295.26,0.0,4590.52,820.4800000000005
ITEM0002807,ORD001334,PROD00062,CUST00064,20230103,1,1,5673.89,0.0,5673.89,2029.9500000000003
ITEM0002808,ORD001334,PROD00265,CUST00064,20230103,1,1,4207.25,0.11,3744.45,932.75
ITEM0002809,ORD001335,PROD00252,CUST00558,20240717,7,1,910.14,0.0,910.14,163.96000000000004
ITEM0002810,ORD001335,PROD00240,CUST00558,20240717,7,1,4510.78,0.0,4510.78,2528.3099999999995
ITEM0002811,ORD001335,PROD00240,CUST00558,20240717,7,2,4510.78,0.0,9021.56,5056.619999999999
ITEM0002812,ORD001335,PROD00223,CUST00558,20240717,7,1,2430.88,0.0,2430.88,1193.92
ITEM0002813,ORD001335,PROD00233,CUST00558,20240717,7,3,3164.97,0.0,9494.91,4507.679999999999
ITEM0002814,ORD001336,PROD00199,CUST00830,20231201,3,3,3657.98,0.18,8998.63,3522.669999999999
ITEM0002815,ORD001336,PROD00284,CUST00830,20231201,3,1,1981.58,0.0,1981.58,750.22
ITEM0002816,ORD001336,PROD00126,CUST00830,20231201,3,2,10802.22,0.28,15555.2,5867.300000000001
ITEM0002817,ORD001336,PROD00053,CUST00830,20231201,3,3,7229.99,0.0,21689.97,12453.78
ITEM0002818,ORD001337,PROD00160,CUST00567,20231230,3,2,1750.19,0.0,3500.38,877.7600000000002
ITEM0002819,ORD001337,PROD00103,CUST00567,20231230,3,1,9136.07,0.0,9136.07,4587.94
ITEM0002820,ORD001337,PROD00011,CUST00567,20231230,3,1,2615.05,0.0,2615.05,1383.3000000000002
ITEM0002821,ORD001337,PROD00051,CUST00567,20231230,3,3,8693.03,0.0,26079.09,12567.539999999999
ITEM0002822,ORD001338,PROD00050,CUST00064,20240918,1,1,5338.68,0.24,4057.4,445.07000000000016
ITEM0002823,ORD001339,PROD00267,CUST00956,20240322,4,1,3457.61,0.26,2558.63,-189.52999999999975
ITEM0002824,ORD001340,PROD00285,CUST00625,20240528,7,1,2757.81,0.0,2757.81,1476.6799999999998
ITEM0002825,ORD001341,PROD00225,CUST00518,20230327,6,2,6042.7,0.0,12085.4,2174.199999999999
ITEM0002826,ORD001341,PROD00041,CUST00518,20230327,6,2,3958.75,0.15,6729.88,2281.8599999999997
ITEM0002827,ORD001341,PROD00183,CUST00518,20230327,6,2,526.69,0.0,1053.38,564.0600000000002
ITEM0002828,ORD001342,PROD00200,CUST00408,20230701,8,1,7131.42,0.0,7131.42,3103.6
ITEM0002829,ORD001343,PROD00207,CUST00997,20230101,2,2,6547.46,0.13,11392.58,5842.36
ITEM0002830,ORD001343,PROD00137,CUST00997,20230101,2,1,5635.51,0.26,4170.28,948.7599999999998
ITEM0002831,ORD001343,PROD00065,CUST00997,20230101,2,2,6570.64,0.18,10775.85,1097.75
ITEM0002832,ORD001344,PROD00043,CUST00735,20230820,10,1,1789.22,0.0,1789.22,710.5899999999999
ITEM0002833,ORD001344,PROD00127,CUST00735,20230820,10,1,5321.52,0.01,5268.3,2723.5600000000004
ITEM0002834,ORD001344,PROD00243,CUST00735,20230820,10,2,6308.05,0.0,12616.1,5948.820000000001
ITEM0002835,ORD001345,PROD00072,CUST00920,20231224,3,1,6999.91,0.0,6999.91,3897.43
ITEM0002836,ORD001346,PROD00104,CUST00334,20240503,1,3,2043.03,0.0,6129.09,2321.37
ITEM0002837,ORD001346,PROD00032,CUST00334,20240503,1,1,301.12,0.29,213.8,-31.019999999999982
ITEM0002838,ORD001346,PROD00042,CUST00334,20240503,1,1,8235.83,0.02,8071.11,3973.24
ITEM0002839,ORD001347,PROD00203,CUST00774,20250308,6,1,477.27,0.24,362.73,152.27
ITEM0002840,ORD001347,PROD00198,CUST00774,20250308,6,2,1516.26,0.26,2244.06,180.7199999999998
ITEM0002841,ORD001348,PROD00254,CUST00103,20240619,5,1,3623.42,0.1,3261.08,362.77999999999975
ITEM0002842,ORD001348,PROD00155,CUST00103,20240619,5,3,1532.82,0.0,4598.46,1284.0
ITEM0002843,ORD001349,PROD00114,CUST00980,20240331,7,4,2295.26,0.0,9181.04,1640.960000000001
ITEM0002844,ORD001349,PROD00227,CUST00980,20240331,7,1,3250.8,0.17,2698.16,1058.9399999999998
ITEM0002845,ORD001350,PROD00121,CUST00594,20240305,9,1,11305.27,0.01,11192.22,6361.499999999999
ITEM0002846,ORD001350,PROD00004,CUST00594,20240305,9,1,4097.38,0.08,3769.59,370.4200000000001
ITEM0002847,ORD001350,PROD00057,CUST00594,20240305,9,2,4595.24,0.12,8087.62,3450.3199999999997
ITEM0002848,ORD001351,PROD00099,CUST00753,20230702,1,1,6088.4,0.0,6088.4,2560.7899999999995
ITEM0002849,ORD001351,PROD00152,CUST00753,20230702,1,3,1231.99,0.28,2661.1,787.48
ITEM0002850,ORD001352,PROD00005,CUST00713,20240113,7,2,246.43,0.23,379.5,27.30000000000001
ITEM0002851,ORD001353,PROD00273,CUST00142,20230407,6,3,4432.81,0.1,11968.59,2526.42
ITEM0002852,ORD001353,PROD00142,CUST00142,20230407,6,1,8354.87,0.0,8354.87,3711.9900000000007
ITEM0002853,ORD001354,PROD00248,CUST00352,20230616,6,4,10128.22,0.0,40512.88,21912.96
ITEM0002854,ORD001355,PROD00028,CUST00756,20240331,5,1,214.4,0.0,214.4,64.71000000000001
ITEM0002855,ORD001355,PROD00172,CUST00756,20240331,5,1,734.93,0.0,734.93,426.03
ITEM0002856,ORD001356,PROD00146,CUST00643,20231002,8,1,504.1,0.0,504.1,274.63
ITEM0002857,ORD001356,PROD00063,CUST00643,20231002,8,2,1083.33,0.0,2166.66,1184.9399999999998
ITEM0002858,ORD001356,PROD00251,CUST00643,20231002,8,1,3365.3,0.0,3365.3,1990.8100000000002
ITEM0002859,ORD001357,PROD00286,CUST00783,20230306,8,1,945.94,0.0,945.94,455.46000000000004
ITEM0002860,ORD001358,PROD00251,CUST00801,20240720,10,1,3365.3,0.0,3365.3,1990.8100000000002
ITEM0002861,ORD001359,PROD00228,CUST00703,20231227,10,3,1263.16,0.3,2652.64,445.80999999999995
ITEM0002862,ORD001360,PROD00123,CUST00822,20230718,10,1,2950.23,0.0,2950.23,1140.89
ITEM0002863,ORD001361,PROD00160,CUST00860,20231023,8,4,1750.19,0.0,7000.76,1755.5200000000004
ITEM0002864,ORD001361,PROD00261,CUST00860,20231023,8,2,2154.14,0.0,4308.28,2346.2
ITEM0002865,ORD001362,PROD00085,CUST00828,20240703,9,1,1960.53,0.0,1960.53,788.48
ITEM0002866,ORD001362,PROD00114,CUST00828,20240703,9,1,2295.26,0.0,2295.26,410.24000000000024
ITEM0002867,ORD001362,PROD00230,CUST00828,20240703,9,3,8026.94,0.0,24080.82,13413.57
ITEM0002868,ORD001362,PROD00297,CUST00828,20240703,9,1,10930.45,0.0,10930.45,6329.200000000001
ITEM0002869,ORD001363,PROD00113,CUST00272,20230129,5,3,3472.93,0.1,9376.91,3920.42
ITEM0002870,ORD001363,PROD00252,CUST00272,20230129,5,2,910.14,0.0,1820.28,327.9200000000001
ITEM0002871,ORD001363,PROD00043,CUST00272,20230129,5,2,1789.22,0.2,2862.75,705.4899999999998
ITEM0002872,ORD001363,PROD00024,CUST00272,20230129,5,1,10115.71,0.0,10115.71,5877.049999999999
ITEM0002873,ORD001364,PROD00144,CUST00897,20240208,1,1,9953.38,0.01,9853.85,5172.9400000000005
ITEM0002874,ORD001365,PROD00246,CUST00409,20230617,3,2,8011.14,0.0,16022.28,7881.900000000001
ITEM0002875,ORD001365,PROD00108,CUST00409,20230617,3,1,7407.37,0.0,7407.37,4396.74
ITEM0002876,ORD001365,PROD00050,CUST00409,20230617,3,1,5338.68,0.07,4964.97,1352.6400000000003
ITEM0002877,ORD001366,PROD00290,CUST00924,20240908,1,1,1195.14,0.12,1051.72,274.83000000000004
ITEM0002878,ORD001367,PROD00156,CUST00368,20240915,9,2,1816.09,0.0,3632.18,2095.4399999999996
ITEM0002879,ORD001368,PROD00165,CUST00569,20240809,4,3,1721.94,0.0,5165.82,2783.04
ITEM0002880,ORD001368,PROD00159,CUST00569,20240809,4,1,198.83,0.0,198.83,98.66000000000001
ITEM0002881,ORD001369,PROD00200,CUST00243,20240718,10,1,7131.42,0.0,7131.42,3103.6
ITEM0002882,ORD001369,PROD00298,CUST00243,20240718,10,1,5321.16,0.16,4469.77,954.8200000000006
ITEM0002883,ORD001370,PROD00269,CUST00356,20240720,7,2,2135.25,0.0,4270.5,2070.88
ITEM0002884,ORD001370,PROD00205,CUST00356,20240720,7,1,6283.38,0.06,5906.38,1062.62
ITEM0002885,ORD001371,PROD00042,CUST00938,20240115,1,1,8235.83,0.0,8235.83,4137.96
ITEM0002886,ORD001372,PROD00152,CUST00413,20241126,2,2,1231.99,0.0,-2463.98,-3713.06
ITEM0002887,ORD001372,PROD00183,CUST00413,20241126,2,2,526.69,0.0,1053.38,564.0600000000002
ITEM0002888,ORD001373,PROD00134,CUST00397,20240102,5,3,1127.73,0.13,2943.38,364.34000000000015
ITEM0002889,ORD001374,PROD00204,CUST00681,20240708,5,1,3352.35,0.28,2413.69,400.60000000000014
ITEM0002890,ORD001374,PROD00141,CUST00681,20240708,5,4,4481.31,0.14,15415.71,4151.75
ITEM0002891,ORD001374,PROD00179,CUST00681,20240708,5,1,6055.62,0.0,6055.62,3585.27
ITEM0002892,ORD001374,PROD00188,CUST00681,20240708,5,1,1657.41,0.06,1557.97,230.60000000000014
ITEM0002893,ORD001374,PROD00167,CUST00681,20240708,5,1,2019.38,0.0,2019.38,501.08000000000015
ITEM0002894,ORD001375,PROD00080,CUST00670,20230120,2,2,862.91,0.25,1294.36,357.93999999999994
ITEM0002895,ORD001375,PROD00154,CUST00670,20230120,2,1,5526.27,0.0,5526.27,2561.6400000000003
ITEM0002896,ORD001376,PROD00187,CUST00116,20230201,4,2,6641.17,0.0,13282.34,5675.360000000001
ITEM0002897,ORD001376,PROD00290,CUST00116,20230201,4,3,1195.14,0.0,3585.42,1254.75
ITEM0002898,ORD001377,PROD00133,CUST00311,20231030,5,1,7313.64,0.0,7313.64,3365.8500000000004
ITEM0002899,ORD001377,PROD00197,CUST00311,20231030,5,1,8766.75,0.06,8240.74,4563.85
ITEM0002900,ORD001377,PROD00191,CUST00311,20231030,5,2,4249.81,0.03,8244.63,2421.5899999999992
ITEM0002901,ORD001377,PROD00115,CUST00311,20231030,5,3,3250.57,0.23,7508.82,2302.8599999999997
ITEM0002902,ORD001378,PROD00025,CUST00682,20231008,6,1,3078.83,0.0,3078.83,572.75
ITEM0002903,ORD001378,PROD00042,CUST00682,20231008,6,2,8235.83,0.0,16471.66,8275.92
ITEM0002904,ORD001379,PROD00136,CUST00309,20230618,1,3,621.23,0.0,1863.69,1091.28
ITEM0002905,ORD001379,PROD00269,CUST00309,20230618,1,4,2135.25,0.28,6149.52,1750.2800000000007
ITEM0002906,ORD001380,PROD00033,CUST00612,20240917,7,1,1942.09,0.12,1709.04,549.1399999999999
ITEM0002907,ORD001381,PROD00281,CUST00962,20230708,3,4,7979.23,0.0,31916.92,15872.079999999998
ITEM0002908,ORD001381,PROD00043,CUST00962,20230708,3,1,1789.22,0.21,1413.48,334.8499999999999
ITEM0002909,ORD001381,PROD00176,CUST00962,20230708,3,1,5492.71,0.0,5492.71,2178.71
ITEM0002910,ORD001382,PROD00011,CUST00813,20240326,1,1,2615.05,0.0,2615.05,1383.3000000000002
ITEM0002911,ORD001383,PROD00300,CUST00296,20240708,6,1,1343.36,0.21,1061.25,433.16999999999996
ITEM0002912,ORD001383,PROD00164,CUST00296,20240708,6,2,5504.82,0.0,11009.64,4761.48
ITEM0002913,ORD001384,PROD00087,CUST00869,20240408,4,1,4546.57,0.0,4546.57,2373.41
ITEM0002914,ORD001384,PROD00228,CUST00869,20240408,4,1,1263.16,0.0,1263.16,527.5500000000001
ITEM0002915,ORD001385,PROD00086,CUST00295,20230521,6,1,5791.83,0.0,5791.83,3175.86
ITEM0002916,ORD001386,PROD00290,CUST00004,20230227,4,2,1195.14,0.19,1936.13,382.35000000000014
ITEM0002917,ORD001386,PROD00060,CUST00004,20230227,4,1,532.72,0.0,532.72,251.38000000000005
ITEM0002918,ORD001386,PROD00142,CUST00004,20230227,4,1,8354.87,0.0,8354.87,3711.9900000000007
ITEM0002919,ORD001387,PROD00016,CUST00243,20240428,3,1,6005.27,0.28,4323.79,-287.1199999999999
ITEM0002920,ORD001388,PROD00062,CUST00658,20240702,9,3,5673.89,0.16,14298.2,3366.380000000001
ITEM0002921,ORD001389,PROD00292,CUST00333,20240721,3,1,5910.44,0.19,4787.46,1865.0
ITEM0002922,ORD001389,PROD00205,CUST00333,20240721,3,2,6283.38,0.0,12566.76,2879.24
ITEM0002923,ORD001390,PROD00037,CUST00730,20230524,6,1,5435.74,0.0,5435.74,3199.04
ITEM0002924,ORD001391,PROD00067,CUST00630,20240113,2,2,996.38,0.0,1992.76,762.44
ITEM0002925,ORD001392,PROD00110,CUST00049,20241014,6,1,7163.14,0.0,7163.14,4283.530000000001
ITEM0002926,ORD001392,PROD00199,CUST00049,20241014,6,1,3657.98,0.16,3072.7,1247.3799999999999
ITEM0002927,ORD001393,PROD00257,CUST00483,20231003,4,1,1691.83,0.12,1488.81,-2764.39
ITEM0002928,ORD001394,PROD00215,CUST00449,20231101,9,1,379.53,0.16,318.81,14.28000000000003
ITEM0002929,ORD001395,PROD00090,CUST00365,20230502,10,1,494.65,0.0,494.65,254.57999999999998
ITEM0002930,ORD001396,PROD00105,CUST00209,20240909,1,2,3095.41,0.0,6190.82,2735.7
ITEM0002931,ORD001397,PROD00116,CUST00128,20230719,9,1,3835.95,0.0,3835.95,1362.6099999999997
ITEM0002932,ORD001397,PROD00108,CUST00128,20230719,9,1,7407.37,0.0,7407.37,4396.74
ITEM0002933,ORD001398,PROD00274,CUST00846,20230903,9,1,5633.46,0.14,4844.78,276.59999999999945
ITEM0002934,ORD001398,PROD00222,CUST00846,20230903,9,1,3002.04,0.0,3002.04,1178.27
ITEM0002935,ORD001398,PROD00192,CUST00846,20230903,9,3,5116.05,0.0,15348.15,5069.07
ITEM0002936,ORD001398,PROD00027,CUST00846,20230903,9,1,5723.51,0.0,5723.51,2519.11
ITEM0002937,ORD001398,PROD00193,CUST00846,20230903,9,1,9202.76,0.0,9202.76,5114.96
ITEM0002938,ORD001399,PROD00263,CUST00519,20240430,9,3,4979.64,0.0,14938.92,4996.050000000001
ITEM0002939,ORD001399,PROD00023,CUST00519,20240430,9,1,3506.84,0.15,2980.81,1496.74
ITEM0002940,ORD001399,PROD00212,CUST00519,20240430,9,1,7782.48,0.16,6537.28,2992.1299999999997
ITEM0002941,ORD001400,PROD00158,CUST00557,20240506,8,2,8138.6,0.24,12370.67,4275.63
ITEM0002942,ORD001400,PROD00022,CUST00557,20240506,8,1,1547.99,0.0,1547.99,904.4300000000001
ITEM0002943,ORD001400,PROD00293,CUST00557,20240506,8,1,5361.88,0.0,5361.88,967.4899999999998
ITEM0002944,ORD001401,PROD00278,CUST00701,20231120,2,3,629.94,0.0,1889.82,436.68000000000006
ITEM0002945,ORD001402,PROD00191,CUST00852,20231201,4,2,4249.81,0.24,6459.71,636.6700000000001
ITEM0002946,ORD001403,PROD00097,CUST00104,20230221,9,3,1492.36,0.0,4477.08,949.2599999999998
ITEM0002947,ORD001404,PROD00112,CUST00300,20230712,5,1,3435.2,0.0,3435.2,1842.6499999999999
ITEM0002948,ORD001404,PROD00165,CUST00300,20230712,5,1,1721.94,0.0,1721.94,927.6800000000001
ITEM0002949,ORD001405,PROD00060,CUST00956,20240123,3,2,532.72,0.0,1065.44,502.7600000000001
ITEM0002950,ORD001405,PROD00173,CUST00956,20240123,3,1,1257.96,0.0,1257.96,-3165.92
ITEM0002951,ORD001405,PROD00198,CUST00956,20240123,3,2,1516.26,0.0,3032.52,969.1799999999998
ITEM0002952,ORD001405,PROD00283,CUST00956,20240123,3,2,7427.34,0.0,14854.68,5726.200000000001
ITEM0002953,ORD001405,PROD00074,CUST00956,20240123,3,2,9420.21,0.27,13753.51,5106.93
ITEM0002954,ORD001406,PROD00146,CUST00215,20230818,7,4,504.1,0.0,2016.4,1098.52
ITEM0002955,ORD001407,PROD00293,CUST00813,20241006,7,1,5361.88,0.0,5361.88,967.4899999999998
ITEM0002956,ORD001407,PROD00276,CUST00813,20241006,7,1,8701.77,0.22,6787.38,3194.46
ITEM0002957,ORD001408,PROD00048,CUST00810,20240822,1,1,1926.71,0.0,1926.71,624.6500000000001
ITEM0002958,ORD001409,PROD00292,CUST00492,20231215,4,2,5910.44,0.22,9220.29,3375.370000000001
ITEM0002959,ORD001409,PROD00178,CUST00492,20231215,4,1,7985.04,0.0,7985.04,4658.66
ITEM0002960,ORD001409,PROD00067,CUST00492,20231215,4,2,996.38,0.02,1952.9,722.5800000000002
ITEM0002961,ORD001410,PROD00147,CUST00098,20230617,2,1,4961.76,0.0,4961.76,1847.2400000000002
ITEM0002962,ORD001411,PROD00283,CUST00667,20230624,5,3,7427.34,0.0,22282.02,8589.300000000001
ITEM0002963,ORD001412,PROD00152,CUST00635,20231101,10,2,1231.99,0.0,2463.98,1214.9
ITEM0002964,ORD001412,PROD00116,CUST00635,20231101,10,2,3835.95,0.0,7671.9,2725.2199999999993
ITEM0002965,ORD001413,PROD00297,CUST00844,20240115,8,1,10930.45,0.0,10930.45,6329.200000000001
ITEM0002966,ORD001413,PROD00076,CUST00844,20240115,8,2,6038.15,0.0,12076.3,6213.0199999999995
ITEM0002967,ORD001413,PROD00281,CUST00844,20240115,8,1,7979.23,0.0,7979.23,3968.0199999999995
ITEM0002968,ORD001413,PROD00128,CUST00844,20240115,8,1,4199.76,0.28,3023.83,360.2199999999998
ITEM0002969,ORD001413,PROD00102,CUST00844,20240115,8,3,6509.4,0.0,19528.2,10462.380000000001
ITEM0002970,ORD001414,PROD00146,CUST00969,20230510,9,1,504.1,0.0,504.1,274.63
ITEM0002971,ORD001414,PROD00187,CUST00969,20230510,9,3,6641.17,0.0,19923.51,8513.039999999999
ITEM0002972,ORD001414,PROD00164,CUST00969,20230510,9,1,5504.82,0.0,5504.82,2380.74
ITEM0002973,ORD001414,PROD00006,CUST00969,20230510,9,1,8153.69,0.18,6686.03,2567.8599999999997
ITEM0002974,ORD001415,PROD00297,CUST00764,20240327,10,1,10930.45,0.02,10711.84,6110.59
ITEM0002975,ORD001416,PROD00297,CUST00307,20230521,9,2,10930.45,0.21,17270.11,8067.610000000001
ITEM0002976,ORD001416,PROD00298,CUST00307,20230521,9,1,5321.16,0.0,5321.16,1806.21
ITEM0002977,ORD001416,PROD00020,CUST00307,20230521,9,4,7970.85,0.0,31883.4,16383.720000000001
ITEM0002978,ORD001417,PROD00004,CUST00474,20230325,1,1,4097.38,0.0,4097.38,698.21
ITEM0002979,ORD001417,PROD00073,CUST00474,20230325,1,2,9071.35,0.2,14514.16,5250.539999999999
ITEM0002980,ORD001418,PROD00226,CUST00831,20231203,2,1,648.79,0.03,629.33,153.93000000000006
ITEM0002981,ORD001419,PROD00064,CUST00401,20240619,9,1,4268.27,0.06,4012.17,1984.8700000000001
ITEM0002982,ORD001420,PROD00078,CUST00541,20230803,9,1,2028.86,0.0,2028.86,477.30999999999995
ITEM0002983,ORD001421,PROD00154,CUST00252,20240814,10,1,5526.27,0.0,5526.27,2561.6400000000003
ITEM0002984,ORD001421,PROD00135,CUST00252,20240814,10,1,2086.2,0.0,2086.2,1022.2399999999998
ITEM0002985,ORD001422,PROD00260,CUST00591,20231211,1,2,8617.38,0.0,17234.76,8243.719999999998
ITEM0002986,ORD001422,PROD00034,CUST00591,20231211,1,1,2533.01,0.18,2077.07,372.1300000000001
ITEM0002987,ORD001423,PROD00123,CUST00867,20241007,3,2,2950.23,0.0,5900.46,2281.78
ITEM0002988,ORD001424,PROD00123,CUST00152,20231120,9,4,2950.23,0.01,11682.91,4445.55
ITEM0002989,ORD001424,PROD00079,CUST00152,20231120,9,4,7182.12,0.0,28728.48,15402.64
ITEM0002990,ORD001424,PROD00165,CUST00152,20231120,9,2,1721.94,0.0,3443.88,1855.3600000000001
ITEM0002991,ORD001425,PROD00081,CUST00644,20230402,6,1,2624.19,0.0,2624.19,1465.13
ITEM0002992,ORD001425,PROD00034,CUST00644,20230402,6,3,2533.01,0.0,7599.03,2484.21
ITEM0002993,ORD001425,PROD00222,CUST00644,20230402,6,2,3002.04,0.18,4923.35,1275.8100000000004
ITEM0002994,ORD001425,PROD00241,CUST00644,20230402,6,3,1974.48,0.0,5923.44,-6938.79
ITEM0002995,ORD001426,PROD00065,CUST00788,20230113,6,2,6570.64,0.0,13141.28,3463.1800000000003
ITEM0002996,ORD001426,PROD00253,CUST00788,20230113,6,1,791.63,0.19,641.22,122.09000000000003
ITEM0002997,ORD001426,PROD00048,CUST00788,20230113,6,2,1926.71,0.02,3776.35,1172.23
ITEM0002998,ORD001426,PROD00270,CUST00788,20230113,6,2,4350.17,0.0,8700.34,4423.84
ITEM0002999,ORD001426,PROD00092,CUST00788,20230113,6,1,1552.76,0.0,1552.76,714.72
ITEM0003000,ORD001427,PROD00286,CUST00590,20230505,4,1,945.94,0.27,690.54,200.05999999999995
ITEM0003001,ORD001427,PROD00078,CUST00590,20230505,4,3,2028.86,0.15,5173.59,518.9400000000005
ITEM0003002,ORD001428,PROD00214,CUST00874,20230509,10,3,8107.58,0.08,22376.92,9030.399999999998
ITEM0003003,ORD001429,PROD00023,CUST00125,20231224,4,1,3506.84,0.0,3506.84,2022.7700000000002
ITEM0003004,ORD001430,PROD00045,CUST00847,20231202,9,1,4706.05,0.27,3435.42,459.7600000000002
ITEM0003005,ORD001431,PROD00145,CUST00063,20231202,3,1,5845.69,0.27,4267.35,1881.2400000000002
ITEM0003006,ORD001432,PROD00226,CUST00956,20231218,9,1,648.79,0.0,648.79,173.39
ITEM0003007,ORD001432,PROD00085,CUST00956,20231218,9,3,1960.53,0.0,5881.59,2365.4400000000005
ITEM0003008,ORD001433,PROD00119,CUST00223,20230322,6,2,9197.85,0.0,18395.7,10933.78
ITEM0003009,ORD001434,PROD00038,CUST00248,20231228,10,1,1983.28,0.0,1983.28,1035.78
ITEM0003010,ORD001434,PROD00015,CUST00248,20231228,10,1,5418.41,0.1,4876.57,1003.4099999999999
ITEM0003011,ORD001434,PROD00170,CUST00248,20231228,10,2,2608.52,0.0,5217.04,537.6400000000003
ITEM0003012,ORD001434,PROD00043,CUST00248,20231228,10,2,1789.22,0.11,3184.81,1027.5499999999997
ITEM0003013,ORD001435,PROD00272,CUST00093,20240316,6,1,7587.4,0.0,7587.4,3090.1799999999994
ITEM0003014,ORD001435,PROD00019,CUST00093,20240316,6,1,2406.67,0.0,2406.67,1356.91
ITEM0003015,ORD001435,PROD00175,CUST00093,20240316,6,2,8513.93,0.0,17027.86,7982.860000000001
ITEM0003016,ORD001435,PROD00300,CUST00093,20240316,6,3,1343.36,0.19,3264.36,1380.12
ITEM0003017,ORD001436,PROD00158,CUST00343,20241028,7,2,8138.6,0.0,16277.2,8182.160000000001
ITEM0003018,ORD001437,PROD00216,CUST00356,20240101,2,2,3307.17,0.06,6217.48,2584.9599999999996
ITEM0003019,ORD001438,PROD00009,CUST00676,20230213,3,1,5332.96,0.2,4266.37,2063.77
ITEM0003020,ORD001439,PROD00281,CUST00876,20230129,3,2,7979.23,0.0,15958.46,7936.039999999999
ITEM0003021,ORD001439,PROD00263,CUST00876,20230129,3,4,4979.64,0.0,-19918.56,-33175.72
ITEM0003022,ORD001439,PROD00221,CUST00876,20230129,3,1,901.85,0.0,901.85,235.49
ITEM0003023,ORD001440,PROD00018,CUST00005,20240224,6,2,2803.77,0.0,5607.54,1897.96
ITEM0003024,ORD001440,PROD00033,CUST00005,20240224,6,4,1942.09,0.0,7768.36,3128.7599999999993
ITEM0003025,ORD001441,PROD00227,CUST00263,20230919,2,3,3250.8,0.0,9752.4,4834.74
ITEM0003026,ORD001441,PROD00105,CUST00263,20230919,2,2,3095.41,0.0,6190.82,2735.7
ITEM0003027,ORD001441,PROD00181,CUST00263,20230919,2,1,2887.17,0.1,2598.45,1228.2399999999998
ITEM0003028,ORD001442,PROD00071,CUST00714,20240930,8,1,534.87,0.0,534.87,199.64999999999998
ITEM0003029,ORD001442,PROD00279,CUST00714,20240930,8,2,7168.01,0.29,10178.57,4437.63
ITEM0003030,ORD001442,PROD00296,CUST00714,20240930,8,3,1188.71,0.0,3566.13,812.19
ITEM0003031,ORD001442,PROD00034,CUST00714,20240930,8,1,2533.01,0.0,2533.01,828.0700000000002
ITEM0003032,ORD001443,PROD00167,CUST00894,20240702,5,1,2019.38,0.0,2019.38,501.08000000000015
ITEM0003033,ORD001444,PROD00051,CUST00194,20230208,9,1,8693.03,0.0,8693.03,4189.18
ITEM0003034,ORD001444,PROD00059,CUST00194,20230208,9,2,11784.91,0.0,23569.82,13687.86
ITEM0003035,ORD001444,PROD00260,CUST00194,20230208,9,3,8617.38,0.0,-25852.14,-39338.7
ITEM0003036,ORD001444,PROD00228,CUST00194,20230208,9,2,1263.16,0.2,2021.06,549.8399999999999
ITEM0003037,ORD001445,PROD00016,CUST00147,20230928,8,1,6005.27,0.07,5584.9,973.9899999999998
ITEM0003038,ORD001446,PROD00124,CUST00270,20230415,5,1,2025.14,0.0,2025.14,409.46000000000004
ITEM0003039,ORD001446,PROD00104,CUST00270,20230415,5,1,2043.03,0.0,2043.03,773.79
ITEM0003040,ORD001446,PROD00124,CUST00270,20230415,5,2,2025.14,0.26,2997.21,-234.1500000000001
ITEM0003041,ORD001446,PROD00053,CUST00270,20230415,5,1,7229.99,0.0,7229.99,4151.26
ITEM0003042,ORD001447,PROD00280,CUST00607,20230824,6,1,4625.83,0.28,3330.6,1182.0099999999998
ITEM0003043,ORD001447,PROD00012,CUST00607,20230824,6,3,7089.43,0.0,21268.29,11686.11
ITEM0003044,ORD001447,PROD00069,CUST00607,20230824,6,1,752.5,0.1,677.25,-3421.87
ITEM0003045,ORD001447,PROD00273,CUST00607,20230824,6,1,4432.81,0.0,4432.81,1285.4200000000005
ITEM0003046,ORD001448,PROD00243,CUST00508,20240304,7,4,6308.05,0.0,25232.2,11897.640000000001
ITEM0003047,ORD001449,PROD00252,CUST00178,20240806,3,1,910.14,0.0,910.14,163.96000000000004
ITEM0003048,ORD001449,PROD00265,CUST00178,20240806,3,2,4207.25,0.27,6142.58,519.1800000000003
ITEM0003049,ORD001450,PROD00020,CUST00893,20231004,6,2,7970.85,0.0,15941.7,8191.860000000001
ITEM0003050,ORD001450,PROD00093,CUST00893,20231004,6,1,3802.74,0.0,3802.74,1540.1699999999996
ITEM0003051,ORD001451,PROD00262,CUST00551,20231203,8,1,1460.84,0.0,1460.84,737.4499999999999
ITEM0003052,ORD001451,PROD00143,CUST00551,20231203,8,3,1075.34,0.0,3226.02,1514.19
ITEM0003053,ORD001452,PROD00249,CUST00658,20230122,7,2,4279.09,0.0,8558.18,4554.700000000001
ITEM0003054,ORD001452,PROD00102,CUST00658,20230122,7,2,6509.4,0.05,12367.86,6323.9800000000005
ITEM0003055,ORD001452,PROD00042,CUST00658,20230122,7,2,8235.83,0.22,12847.89,4652.15
ITEM0003056,ORD001452,PROD00129,CUST00658,20230122,7,2,2500.46,0.06,4700.86,1525.1399999999999
ITEM0003057,ORD001453,PROD00113,CUST00860,20240128,5,1,3472.93,0.0,3472.93,1654.1
ITEM0003058,ORD001454,PROD00288,CUST00516,20240827,9,3,2790.22,0.21,6612.82,2935.3
ITEM0003059,ORD001454,PROD00150,CUST00516,20240827,9,1,290.6,0.0,290.6,161.43000000000004
ITEM0003060,ORD001454,PROD00106,CUST00516,20240827,9,1,3963.99,0.0,3963.99,1538.4499999999998
ITEM0003061,ORD001454,PROD00074,CUST00516,20240827,9,2,9420.21,0.0,18840.42,10193.839999999998
ITEM0003062,ORD001455,PROD00004,CUST00668,20240329,6,1,4097.38,0.0,4097.38,698.21
ITEM0003063,ORD001455,PROD00154,CUST00668,20240329,6,1,5526.27,0.0,5526.27,2561.6400000000003
ITEM0003064,ORD001456,PROD00224,CUST00780,20231018,8,1,8522.29,0.27,6221.27,2433.6800000000003
ITEM0003065,ORD001456,PROD00157,CUST00780,20231018,8,2,2525.54,0.07,4697.5,1548.7600000000002
ITEM0003066,ORD001457,PROD00134,CUST00013,20240911,10,3,1127.73,0.0,3383.19,804.1500000000001
ITEM0003067,ORD001458,PROD00182,CUST00191,20230124,9,1,3616.25,0.0,3616.25,1810.58
ITEM0003068,ORD001459,PROD00271,CUST00947,20230210,5,2,439.58,0.0,879.16,437.15999999999997
ITEM0003069,ORD001459,PROD00042,CUST00947,20230210,5,1,8235.83,0.0,8235.83,4137.96
ITEM0003070,ORD001460,PROD00264,CUST00036,20250917,6,1,8008.38,0.15,6807.12,3353.3599999999997
ITEM0003071,ORD001460,PROD00074,CUST00036,20250917,6,3,9420.21,0.0,28260.63,15290.760000000002
ITEM0003072,ORD001460,PROD00179,CUST00036,20250917,6,1,6055.62,0.0,6055.62,3585.27
ITEM0003073,ORD001460,PROD00267,CUST00036,20250917,6,2,3457.61,0.0,6915.22,1418.9000000000005
ITEM0003074,ORD001461,PROD00279,CUST00021,20230309,1,1,7168.01,0.0,7168.01,4297.540000000001
ITEM0003075,ORD001461,PROD00086,CUST00021,20230309,1,1,5791.83,0.0,5791.83,3175.86
ITEM0003076,ORD001461,PROD00065,CUST00021,20230309,1,1,6570.64,0.0,6570.64,1731.5900000000001
ITEM0003077,ORD001462,PROD00072,CUST00579,20230413,4,1,6999.91,0.0,6999.91,3897.43
ITEM0003078,ORD001462,PROD00195,CUST00579,20230413,4,1,9608.14,0.0,9608.14,5539.099999999999
ITEM0003079,ORD001462,PROD00135,CUST00579,20230413,4,1,2086.2,0.05,1981.89,917.9300000000001
ITEM0003080,ORD001462,PROD00127,CUST00579,20230413,4,1,5321.52,0.0,5321.52,2776.7800000000007
ITEM0003081,ORD001463,PROD00275,CUST00078,20241020,1,2,5765.78,0.22,8994.62,3788.8200000000006
ITEM0003082,ORD001463,PROD00130,CUST00078,20241020,1,1,3445.25,0.0,3445.25,1121.3400000000001
ITEM0003083,ORD001464,PROD00250,CUST00769,20230528,5,2,4610.44,0.27,6731.24,1988.92
ITEM0003084,ORD001464,PROD00294,CUST00769,20230528,5,1,8182.59,0.0,8182.59,4331.59
ITEM0003085,ORD001465,PROD00034,CUST00155,20240501,7,2,2533.01,0.04,4863.38,1453.5
ITEM0003086,ORD001465,PROD00209,CUST00155,20240501,7,1,3816.19,0.0,3816.19,2076.94
ITEM0003087,ORD001466,PROD00119,CUST00081,20240118,8,1,9197.85,0.0,9197.85,5466.89
ITEM0003088,ORD001466,PROD00127,CUST00081,20240118,8,1,5321.52,0.0,5321.52,2776.7800000000007
ITEM0003089,ORD001467,PROD00201,CUST00690,20241023,4,1,3944.29,0.0,3944.29,1055.44
ITEM0003090,ORD001468,PROD00181,CUST00037,20230222,4,1,2887.17,0.0,2887.17,1516.96
ITEM0003091,ORD001469,PROD00231,CUST00052,20230809,8,3,3622.68,0.0,10868.04,4047.960000000001
ITEM0003092,ORD001469,PROD00097,CUST00052,20230809,8,2,1492.36,0.0,2984.72,632.8399999999997
ITEM0003093,ORD001470,PROD00188,CUST00957,20230227,3,2,1657.41,0.0,3314.82,660.0800000000004
ITEM0003094,ORD001470,PROD00001,CUST00957,20230227,3,1,9272.65,0.05,8809.02,4259.85
ITEM0003095,ORD001471,PROD00232,CUST00915,20240205,7,1,3144.6,0.0,3144.6,1610.4499999999998
ITEM0003096,ORD001472,PROD00077,CUST00598,20240710,1,4,7101.66,0.0,28406.64,12862.8
ITEM0003097,ORD001472,PROD00098,CUST00598,20240710,1,4,2402.47,0.0,9609.88,4530.039999999999
ITEM0003098,ORD001473,PROD00148,CUST00062,20230131,2,2,3870.28,0.0,7740.56,3884.0800000000004
ITEM0003099,ORD001474,PROD00058,CUST00027,20230113,8,1,4592.96,0.0,4592.96,1668.5300000000002
ITEM0003100,ORD001475,PROD00030,CUST00463,20241101,3,2,4937.89,0.0,9875.78,4933.460000000001
ITEM0003101,ORD001475,PROD00011,CUST00463,20241101,3,1,2615.05,0.27,1908.99,677.24
ITEM0003102,ORD001476,PROD00077,CUST00043,20240802,9,1,7101.66,0.0,7101.66,3215.7
ITEM0003103,ORD001477,PROD00255,CUST00123,20230710,1,1,7383.63,0.0,7383.63,4053.4
ITEM0003104,ORD001477,PROD00103,CUST00123,20230710,1,1,9136.07,0.0,9136.07,4587.94
ITEM0003105,ORD001478,PROD00205,CUST00812,20240222,2,1,6283.38,0.0,6283.38,1439.62
ITEM0003106,ORD001479,PROD00260,CUST00855,20240430,1,1,8617.38,0.23,6635.38,2139.8599999999997
ITEM0003107,ORD001479,PROD00300,CUST00855,20240430,1,1,1343.36,0.18,1101.56,473.4799999999999
ITEM0003108,ORD001479,PROD00201,CUST00855,20240430,1,1,3944.29,0.18,3234.32,345.47000000000025
ITEM0003109,ORD001479,PROD00113,CUST00855,20240430,1,2,3472.93,0.1,6251.27,2613.6100000000006
ITEM0003110,ORD001480,PROD00167,CUST00778,20230819,5,1,2019.38,0.13,1756.86,238.55999999999995
ITEM0003111,ORD001480,PROD00233,CUST00778,20230819,5,2,3164.97,0.16,5317.15,1992.3299999999995
ITEM0003112,ORD001480,PROD00081,CUST00778,20230819,5,3,2624.19,0.02,7715.12,4237.9400000000005
ITEM0003113,ORD001481,PROD00048,CUST00407,20241025,1,1,1926.71,0.0,1926.71,624.6500000000001
ITEM0003114,ORD001482,PROD00235,CUST00146,20230326,1,2,1155.59,0.3,1617.83,649.05
ITEM0003115,ORD001483,PROD00153,CUST00385,20230704,10,1,4010.2,0.0,4010.2,1551.0099999999998
ITEM0003116,ORD001483,PROD00144,CUST00385,20230704,10,1,9953.38,0.29,7066.9,2385.99
ITEM0003117,ORD001483,PROD00199,CUST00385,20230704,10,1,3657.98,0.18,2999.54,1174.22
ITEM0003118,ORD001484,PROD00205,CUST00097,20231120,4,1,6283.38,0.07,5843.54,999.7799999999997
ITEM0003119,ORD001485,PROD00206,CUST00838,20240909,5,1,8632.13,0.0,8632.13,3966.2699999999995
ITEM0003120,ORD001485,PROD00272,CUST00838,20240909,5,3,7587.4,0.0,22762.2,9270.54
ITEM0003121,ORD001485,PROD00285,CUST00838,20240909,5,1,2757.81,0.0,2757.81,1476.6799999999998
ITEM0003122,ORD001485,PROD00105,CUST00838,20240909,5,2,3095.41,0.0,6190.82,2735.7
ITEM0003123,ORD001486,PROD00039,CUST00971,20231004,6,1,6419.63,0.17,5328.29,515.1199999999999
ITEM0003124,ORD001486,PROD00197,CUST00971,20231004,6,1,8766.75,0.0,8766.75,5089.860000000001
ITEM0003125,ORD001487,PROD00225,CUST00038,20240127,3,1,6042.7,0.04,5800.99,845.3899999999994
ITEM0003126,ORD001487,PROD00237,CUST00038,20240127,3,1,8123.36,0.0,8123.36,4471.299999999999
ITEM0003127,ORD001488,PROD00002,CUST00945,20240818,2,1,231.58,0.0,231.58,94.31
ITEM0003128,ORD001488,PROD00134,CUST00945,20240818,2,1,1127.73,0.0,1127.73,268.05000000000007
ITEM0003129,ORD001489,PROD00120,CUST00822,20240913,9,3,1288.16,0.0,3864.48,2252.16
ITEM0003130,ORD001490,PROD00051,CUST00432,20241121,3,1,8693.03,0.0,8693.03,4189.18
ITEM0003131,ORD001490,PROD00021,CUST00432,20241121,3,1,6443.82,0.0,6443.82,3269.37
ITEM0003132,ORD001490,PROD00292,CUST00432,20241121,3,1,5910.44,0.11,5260.29,2337.83
ITEM0003133,ORD001491,PROD00251,CUST00539,20240527,5,1,3365.3,0.0,3365.3,1990.8100000000002
ITEM0003134,ORD001491,PROD00198,CUST00539,20240527,5,1,1516.26,0.0,1516.26,484.5899999999999
ITEM0003135,ORD001491,PROD00207,CUST00539,20240527,5,1,6547.46,0.14,5630.82,2855.7099999999996
ITEM0003136,ORD001491,PROD00132,CUST00539,20240527,5,1,5296.2,0.0,5296.2,1109.0599999999995
ITEM0003137,ORD001492,PROD00262,CUST00841,20240324,9,1,1460.84,0.0,1460.84,737.4499999999999
ITEM0003138,ORD001493,PROD00163,CUST00635,20231026,10,3,2745.97,0.19,-6672.71,-10798.7
ITEM0003139,ORD001494,PROD00241,CUST00755,20240807,9,1,2958.83,0.0,2958.83,-1328.58
ITEM0003140,ORD001494,PROD00298,CUST00755,20240807,9,2,5321.16,0.16,8939.55,1909.6499999999996
ITEM0003141,ORD001494,PROD00265,CUST00755,20240807,9,1,4207.25,0.0,4207.25,1395.5500000000002
ITEM0003142,ORD001494,PROD00219,CUST00755,20240807,9,1,344.65,0.17,-286.06,-474.72
ITEM0003143,ORD001494,PROD00288,CUST00755,20240807,9,1,2790.22,0.0,2790.22,1564.3799999999999
ITEM0003144,ORD001495,PROD00151,CUST00805,20230722,6,2,5518.05,0.0,11036.1,2611.960000000001
ITEM0003145,ORD001495,PROD00212,CUST00805,20230722,6,1,7782.48,0.0,7782.48,4237.33
ITEM0003146,ORD001496,PROD00204,CUST00460,20231004,1,1,3352.35,0.0,3352.35,1339.26
ITEM0003147,ORD001496,PROD00255,CUST00460,20231004,1,2,7383.63,0.0,14767.26,8106.8
ITEM0003148,ORD001497,PROD00103,CUST00327,20240225,5,1,9136.07,0.0,9136.07,4587.94
ITEM0003149,ORD001497,PROD00268,CUST00327,20240225,5,1,852.32,0.0,852.32,372.6700000000001
ITEM0003150,ORD001497,PROD00096,CUST00327,20240225,5,2,4639.15,0.02,9092.73,4643.79
ITEM0003151,ORD001498,PROD00286,CUST00171,20230309,4,1,945.94,0.0,945.94,455.46000000000004
ITEM0003152,ORD001499,PROD00108,CUST00368,20230115,6,2,7407.37,0.0,14814.74,8793.48
ITEM0003153,ORD001500,PROD00234,CUST00022,20230304,1,1,9552.76,0.1,8597.48,4085.3999999999996
ITEM0003154,ORD001500,PROD00025,CUST00022,20230304,1,2,3078.83,0.0,6157.66,1145.5
ITEM0003155,ORD001500,PROD00199,CUST00022,20230304,1,2,3657.98,0.18,5999.09,2348.4500000000003
ITEM0003156,ORD001500,PROD00129,CUST00022,20230304,1,3,2500.46,0.0,7501.38,2737.8
ITEM0003157,ORD001500,PROD00040,CUST00022,20230304,1,2,3631.49,0.0,7262.98,4009.4399999999996
ITEM0003158,ORD001501,PROD00059,CUST00246,20250409,10,2,11784.91,0.0,23569.82,13687.86
ITEM0003159,ORD001502,PROD00292,CUST00093,20240804,2,1,5910.44,0.0,5910.44,2987.9799999999996
ITEM0003160,ORD001502,PROD00024,CUST00093,20240804,2,1,10115.71,0.0,10115.71,5877.049999999999
ITEM0003161,ORD001502,PROD00128,CUST00093,20240804,2,2,4199.76,0.0,8399.52,3072.3
ITEM0003162,ORD001502,PROD00112,CUST00093,20240804,2,1,3435.2,0.0,3435.2,1842.6499999999999
ITEM0003163,ORD001503,PROD00016,CUST00394,20230405,10,2,6005.27,0.0,12010.54,2788.720000000001
ITEM0003164,ORD001504,PROD00206,CUST00207,20240521,8,1,8632.13,0.0,8632.13,3966.2699999999995
ITEM0003165,ORD001504,PROD00012,CUST00207,20240521,8,1,7089.43,0.0,7089.43,3895.3700000000003
ITEM0003166,ORD001504,PROD00014,CUST00207,20240521,8,1,1451.31,0.0,1451.31,352.8699999999999
ITEM0003167,ORD001504,PROD00292,CUST00207,20240521,8,2,5910.44,0.0,11820.88,5975.959999999999
ITEM0003168,ORD001504,PROD00169,CUST00207,20240521,8,2,5358.09,0.0,10716.18,5969.34
ITEM0003169,ORD001505,PROD00287,CUST00758,20240415,10,1,6559.01,0.0,6559.01,3257.69
ITEM0003170,ORD001506,PROD00091,CUST00557,20231104,2,1,1302.09,0.0,1302.09,622.29
ITEM0003171,ORD001507,PROD00252,CUST00042,20230908,1,1,910.14,0.2,728.11,-18.069999999999936
ITEM0003172,ORD001507,PROD00051,CUST00042,20230908,1,1,8693.03,0.0,8693.03,4189.18
ITEM0003173,ORD001508,PROD00122,CUST00284,20240611,4,2,11549.43,0.0,23098.86,13223.0
ITEM0003174,ORD001509,PROD00296,CUST00085,20240401,2,2,1188.71,0.0,2377.42,541.46
ITEM0003175,ORD001509,PROD00299,CUST00085,20240401,2,2,10649.19,0.0,21298.38,12303.6
ITEM0003176,ORD001509,PROD00281,CUST00085,20240401,2,1,7979.23,0.0,7979.23,3968.0199999999995
ITEM0003177,ORD001509,PROD00242,CUST00085,20240401,2,1,2496.43,0.0,2496.43,511.5799999999999
ITEM0003178,ORD001510,PROD00054,CUST00662,20240722,6,1,5941.63,0.0,5941.63,3029.28
ITEM0003179,ORD001510,PROD00028,CUST00662,20240722,6,3,214.4,0.0,643.2,194.13000000000005
ITEM0003180,ORD001511,PROD00264,CUST00154,20231113,1,1,8008.38,0.06,7527.88,4074.12
ITEM0003181,ORD001511,PROD00236,CUST00154,20231113,1,2,2661.51,0.0,5323.02,2863.76
ITEM0003182,ORD001512,PROD00278,CUST00372,20230312,4,2,629.94,0.0,1259.88,291.1200000000001
ITEM0003183,ORD001513,PROD00175,CUST00330,20240402,7,1,8513.93,0.29,6044.89,1522.3900000000003
ITEM0003184,ORD001513,PROD00296,CUST00330,20240402,7,1,1188.71,0.07,1105.5,187.51999999999998
ITEM0003185,ORD001514,PROD00253,CUST00884,20231007,7,1,791.63,0.0,791.63,272.5
ITEM0003186,ORD001514,PROD00047,CUST00884,20231007,7,1,1589.57,0.06,1494.2,512.6700000000001
ITEM0003187,ORD001515,PROD00214,CUST00142,20240717,5,2,8107.58,0.0,16215.16,7317.48
ITEM0003188,ORD001515,PROD00160,CUST00142,20240717,5,2,1750.19,0.0,-3500.38,-6123.0
ITEM0003189,ORD001515,PROD00136,CUST00142,20240717,5,2,621.23,0.24,944.27,429.3299999999999
ITEM0003190,ORD001515,PROD00018,CUST00142,20240717,5,3,2803.77,0.0,8411.31,2846.9399999999996
ITEM0003191,ORD001516,PROD00187,CUST00706,20230404,9,1,6641.17,0.0,6641.17,2837.6800000000003
ITEM0003192,ORD001516,PROD00098,CUST00706,20230404,9,3,2402.47,0.0,7207.41,3397.5299999999997
ITEM0003193,ORD001516,PROD00035,CUST00706,20230404,9,2,2576.9,0.0,5153.8,2331.42
ITEM0003194,ORD001516,PROD00048,CUST00706,20230404,9,1,1926.71,0.0,1926.71,624.6500000000001
ITEM0003195,ORD001516,PROD00204,CUST00706,20230404,9,1,3352.35,0.15,2849.5,836.4100000000001
ITEM0003196,ORD001517,PROD00129,CUST00945,20240902,5,1,2500.46,0.02,2450.45,862.5899999999999
ITEM0003197,ORD001518,PROD00091,CUST00544,20230204,6,1,1302.09,0.0,1302.09,622.29
ITEM0003198,ORD001518,PROD00235,CUST00544,20230204,6,1,1155.59,0.0,1155.59,671.1999999999999
ITEM0003199,ORD001518,PROD00205,CUST00544,20230204,6,4,6283.38,0.0,25133.52,5758.48
ITEM0003200,ORD001518,PROD00168,CUST00544,20230204,6,2,5760.76,0.0,11521.52,4778.06
ITEM0003201,ORD001519,PROD00197,CUST00479,20230520,4,1,8766.75,0.0,8766.75,5089.860000000001
ITEM0003202,ORD001519,PROD00080,CUST00479,20230520,4,1,862.91,0.0,862.91,394.7
ITEM0003203,ORD001519,PROD00252,CUST00479,20230520,4,2,910.14,0.0,1820.28,327.9200000000001
ITEM0003204,ORD001520,PROD00197,CUST00164,20231116,4,1,8766.75,0.27,6399.73,2722.8399999999997
ITEM0003205,ORD001520,PROD00053,CUST00164,20231116,4,2,7229.99,0.28,10411.19,4253.7300000000005
ITEM0003206,ORD001520,PROD00283,CUST00164,20231116,4,3,7427.34,0.04,21390.74,7698.020000000002
ITEM0003207,ORD001521,PROD00078,CUST00635,20230613,2,1,2028.86,0.06,1907.13,355.58000000000015
ITEM0003208,ORD001522,PROD00165,CUST00563,20230420,2,2,1721.94,0.0,3443.88,1855.3600000000001
ITEM0003209,ORD001523,PROD00009,CUST00579,20231221,1,1,5332.96,0.0,5332.96,3130.36
ITEM0003210,ORD001523,PROD00211,CUST00579,20231221,1,1,1624.33,0.0,1624.33,369.80999999999995
ITEM0003211,ORD001524,PROD00071,CUST00617,20240420,3,1,534.87,0.18,438.59,103.36999999999995
ITEM0003212,ORD001525,PROD00275,CUST00131,20230329,9,2,5765.78,0.0,11531.56,6325.759999999999
ITEM0003213,ORD001525,PROD00124,CUST00131,20230329,9,1,2025.14,0.01,2004.89,389.21000000000004
ITEM0003214,ORD001525,PROD00243,CUST00131,20230329,9,1,6308.05,0.0,6308.05,2974.4100000000003
ITEM0003215,ORD001525,PROD00152,CUST00131,20230329,9,1,1231.99,0.0,1231.99,607.45
ITEM0003216,ORD001525,PROD00186,CUST00131,20230329,9,2,1445.96,0.22,2255.7,1022.4599999999998
ITEM0003217,ORD001526,PROD00210,CUST00206,20230629,3,2,6680.3,0.28,9619.63,1415.3499999999985
ITEM0003218,ORD001526,PROD00081,CUST00206,20230629,3,3,2624.19,0.0,7872.57,4395.389999999999
ITEM0003219,ORD001526,PROD00170,CUST00206,20230629,3,1,1313.59,0.0,1313.59,-1026.11
ITEM0003220,ORD001527,PROD00284,CUST00031,20230509,5,2,1981.58,0.0,3963.16,1500.44
ITEM0003221,ORD001528,PROD00038,CUST00770,20240321,6,1,1983.28,0.04,1903.95,956.45
ITEM0003222,ORD001529,PROD00267,CUST00391,20231116,1,1,3457.61,0.0,3457.61,709.4500000000003
ITEM0003223,ORD001529,PROD00283,CUST00391,20231116,1,2,7427.34,0.0,14854.68,5726.200000000001
ITEM0003224,ORD001530,PROD00205,CUST00430,20240326,4,1,6283.38,0.09,5717.88,874.1199999999999
ITEM0003225,ORD001530,PROD00257,CUST00430,20240326,4,1,931.42,0.0,931.42,-3321.7799999999997
ITEM0003226,ORD001531,PROD00023,CUST00637,20230420,2,1,3506.84,0.0,3506.84,2022.7700000000002
ITEM0003227,ORD001531,PROD00281,CUST00637,20230420,2,1,7979.23,0.0,7979.23,3968.0199999999995
ITEM0003228,ORD001532,PROD00148,CUST00504,20231113,3,2,3870.28,0.26,5728.01,1871.5300000000002
ITEM0003229,ORD001532,PROD00144,CUST00504,20231113,3,2,9953.38,0.0,19906.76,10544.939999999999
ITEM0003230,ORD001533,PROD00018,CUST00420,20240517,9,1,2803.77,0.0,2803.77,948.98
ITEM0003231,ORD001534,PROD00068,CUST00685,20240414,3,1,1589.23,0.0,1589.23,380.1600000000001
ITEM0003232,ORD001535,PROD00001,CUST00958,20240201,6,2,9272.65,0.0,18545.3,9446.96
ITEM0003233,ORD001536,PROD00258,CUST00079,20231010,10,3,5858.08,0.0,17574.24,10417.59
ITEM0003234,ORD001537,PROD00113,CUST00810,20231004,10,1,3472.93,0.24,2639.43,820.5999999999999
ITEM0003235,ORD001537,PROD00032,CUST00810,20231004,10,1,301.12,0.0,301.12,56.30000000000001
ITEM0003236,ORD001537,PROD00181,CUST00810,20231004,10,1,2887.17,0.0,2887.17,1516.96
ITEM0003237,ORD001537,PROD00074,CUST00810,20231004,10,3,9420.21,0.0,28260.63,15290.760000000002
ITEM0003238,ORD001537,PROD00054,CUST00810,20231004,10,2,5941.63,0.0,11883.26,6058.56
ITEM0003239,ORD001538,PROD00184,CUST00062,20240815,4,1,1498.15,0.0,1498.15,877.6700000000001
ITEM0003240,ORD001539,PROD00009,CUST00311,20240606,9,1,5332.96,0.0,5332.96,3130.36
ITEM0003241,ORD001539,PROD00141,CUST00311,20240606,9,1,4481.31,0.0,4481.31,1665.3200000000006
ITEM0003242,ORD001539,PROD00058,CUST00311,20240606,9,1,4592.96,0.25,3444.72,520.29
ITEM0003243,ORD001540,PROD00159,CUST00885,20231117,5,2,198.83,0.0,397.66,197.32000000000002
ITEM0003244,ORD001540,PROD00075,CUST00885,20231117,5,2,6662.95,0.21,10527.46,4085.7999999999993
ITEM0003245,ORD001541,PROD00200,CUST00561,20240123,3,2,7131.42,0.0,-14262.84,-22318.48
ITEM0003246,ORD001541,PROD00053,CUST00561,20240123,3,1,7229.99,0.0,7229.99,4151.26
ITEM0003247,ORD001542,PROD00251,CUST00620,20230916,6,1,3365.3,0.19,2725.89,1351.3999999999999
ITEM0003248,ORD001542,PROD00049,CUST00620,20230916,6,2,5326.74,0.0,10653.48,2814.24
ITEM0003249,ORD001542,PROD00006,CUST00620,20230916,6,1,8153.69,0.05,7746.01,3627.84
ITEM0003250,ORD001543,PROD00092,CUST00676,20240214,5,3,1552.76,0.0,4658.28,2144.16
ITEM0003251,ORD001544,PROD00082,CUST00687,20230414,10,1,3992.96,0.0,3992.96,2224.75
ITEM0003252,ORD001545,PROD00106,CUST00475,20230531,4,3,3963.99,0.06,11178.45,3901.830000000001
ITEM0003253,ORD001545,PROD00173,CUST00475,20230531,4,1,291.39,0.0,291.39,-4132.49
ITEM0003254,ORD001545,PROD00123,CUST00475,20230531,4,1,2950.23,0.0,2950.23,1140.89
ITEM0003255,ORD001545,PROD00275,CUST00475,20230531,4,3,5765.78,0.0,17297.34,9488.64
ITEM0003256,ORD001545,PROD00197,CUST00475,20230531,4,1,8766.75,0.29,6224.39,2547.5000000000005
ITEM0003257,ORD001546,PROD00104,CUST00346,20230819,10,1,2043.03,0.0,2043.03,773.79
ITEM0003258,ORD001546,PROD00018,CUST00346,20230819,10,1,2803.77,0.0,2803.77,948.98
ITEM0003259,ORD001546,PROD00260,CUST00346,20230819,10,2,8617.38,0.0,17234.76,8243.719999999998
ITEM0003260,ORD001547,PROD00001,CUST00541,20230308,9,2,9272.65,0.0,18545.3,9446.96
ITEM0003261,ORD001547,PROD00018,CUST00541,20230308,9,1,2803.77,0.0,2803.77,948.98
ITEM0003262,ORD001547,PROD00264,CUST00541,20230308,9,1,8008.38,0.24,6086.37,2632.6099999999997
ITEM0003263,ORD001547,PROD00244,CUST00541,20230308,9,2,4549.33,0.0,9098.66,3591.4799999999996
ITEM0003264,ORD001548,PROD00200,CUST00887,20230923,1,1,7131.42,0.03,6917.48,2889.6599999999994
ITEM0003265,ORD001549,PROD00144,CUST00165,20230404,6,1,9953.38,0.15,8460.37,3779.460000000001
ITEM0003266,ORD001549,PROD00090,CUST00165,20230404,6,1,494.65,0.19,400.67,160.60000000000002
ITEM0003267,ORD001549,PROD00293,CUST00165,20230404,6,1,5361.88,0.0,5361.88,967.4899999999998
ITEM0003268,ORD001550,PROD00230,CUST00884,20230911,1,2,8026.94,0.0,16053.88,8942.38
ITEM0003269,ORD001550,PROD00128,CUST00884,20230911,1,1,4199.76,0.0,4199.76,1536.15
ITEM0003270,ORD001550,PROD00085,CUST00884,20230911,1,2,1960.53,0.0,3921.06,1576.96
ITEM0003271,ORD001551,PROD00003,CUST00005,20240310,4,3,2902.0,0.0,8706.0,4472.16
ITEM0003272,ORD001552,PROD00148,CUST00055,20240130,1,1,3870.28,0.0,3870.28,1942.0400000000002
ITEM0003273,ORD001552,PROD00077,CUST00055,20240130,1,3,7101.66,0.0,21304.98,9647.099999999999
ITEM0003274,ORD001553,PROD00209,CUST00458,20240831,9,2,3816.19,0.0,7632.38,4153.88
ITEM0003275,ORD001553,PROD00043,CUST00458,20240831,9,3,1789.22,0.22,4186.77,950.8800000000001
ITEM0003276,ORD001553,PROD00142,CUST00458,20240831,9,4,8354.87,0.0,33419.48,14847.960000000003
ITEM0003277,ORD001553,PROD00037,CUST00458,20240831,9,1,5435.74,0.0,5435.74,3199.04
ITEM0003278,ORD001554,PROD00201,CUST00092,20230324,5,1,3944.29,0.0,3944.29,1055.44
ITEM0003279,ORD001555,PROD00154,CUST00247,20230430,2,2,5526.27,0.0,11052.54,5123.280000000001
ITEM0003280,ORD001555,PROD00056,CUST00247,20230430,2,1,6326.27,0.0,6326.27,3782.8800000000006
ITEM0003281,ORD001556,PROD00217,CUST00569,20241029,7,1,260.84,0.0,260.84,55.76999999999998
ITEM0003282,ORD001557,PROD00014,CUST00779,20230609,6,3,1451.31,0.0,4353.93,1058.6100000000001
ITEM0003283,ORD001558,PROD00202,CUST00101,20230922,10,3,1016.59,0.0,3049.77,1016.25
ITEM0003284,ORD001558,PROD00112,CUST00101,20230922,10,1,3435.2,0.0,3435.2,1842.6499999999999
ITEM0003285,ORD001559,PROD00108,CUST00944,20240109,1,1,7407.37,0.0,7407.37,4396.74
ITEM0003286,ORD001559,PROD00115,CUST00944,20240109,1,1,3250.57,0.27,2372.92,637.6000000000001
ITEM0003287,ORD001559,PROD00091,CUST00944,20240109,1,3,1302.09,0.0,3906.27,1866.8700000000001
ITEM0003288,ORD001560,PROD00037,CUST00346,20230817,9,1,5435.74,0.0,5435.74,3199.04
ITEM0003289,ORD001560,PROD00212,CUST00346,20230817,9,2,7782.48,0.03,15098.01,8007.71
ITEM0003290,ORD001560,PROD00259,CUST00346,20230817,9,1,1489.83,0.05,1415.34,247.90999999999985
ITEM0003291,ORD001561,PROD00284,CUST00542,20240725,8,1,1981.58,0.0,1981.58,750.22
ITEM0003292,ORD001561,PROD00147,CUST00542,20240725,8,2,4961.76,0.15,8434.99,2205.95
ITEM0003293,ORD001562,PROD00020,CUST00779,20240905,1,1,7970.85,0.0,7970.85,4095.9300000000003
ITEM0003294,ORD001562,PROD00235,CUST00779,20240905,1,1,1155.59,0.22,901.36,416.97
ITEM0003295,ORD001563,PROD00218,CUST00029,20240312,9,1,6300.23,0.04,6048.22,3330.71
ITEM0003296,ORD001564,PROD00258,CUST00916,20230513,4,4,5858.08,0.0,23432.32,13890.119999999999
ITEM0003297,ORD001564,PROD00082,CUST00916,20230513,4,1,3992.96,0.0,3992.96,2224.75
ITEM0003298,ORD001564,PROD00178,CUST00916,20230513,4,3,7985.04,0.0,23955.12,13975.98
ITEM0003299,ORD001564,PROD00275,CUST00916,20230513,4,2,5765.78,0.02,11300.93,6095.13
ITEM0003300,ORD001565,PROD00057,CUST00503,20240507,2,1,4595.24,0.0,4595.24,2276.5899999999997
ITEM0003301,ORD001566,PROD00216,CUST00900,20240403,7,3,3307.17,0.0,9921.51,4472.7300000000005
ITEM0003302,ORD001566,PROD00004,CUST00900,20240403,7,1,4097.38,0.11,3646.67,247.5
ITEM0003303,ORD001567,PROD00078,CUST00561,20231021,1,2,2028.86,0.0,4057.72,954.6199999999999
ITEM0003304,ORD001568,PROD00205,CUST00888,20240421,9,1,6283.38,0.0,6283.38,1439.62
ITEM0003305,ORD001568,PROD00107,CUST00888,20240421,9,2,6282.37,0.0,12564.74,3728.42
ITEM0003306,ORD001568,PROD00199,CUST00888,20240421,9,2,3657.98,0.1,6584.36,2933.72
ITEM0003307,ORD001568,PROD00188,CUST00888,20240421,9,2,1657.41,0.0,3314.82,660.0800000000004
ITEM0003308,ORD001568,PROD00010,CUST00888,20240421,9,1,2259.53,0.0,2259.53,1308.3200000000002
ITEM0003309,ORD001569,PROD00283,CUST00818,20230718,3,1,7427.34,0.0,7427.34,2863.1000000000004
ITEM0003310,ORD001569,PROD00149,CUST00818,20230718,3,2,832.87,0.0,1665.74,941.08
ITEM0003311,ORD001570,PROD00162,CUST00600,20240205,1,2,3555.3,0.28,5119.63,179.17000000000007
ITEM0003312,ORD001571,PROD00209,CUST00361,20240718,8,1,3816.19,0.0,3816.19,2076.94
ITEM0003313,ORD001571,PROD00162,CUST00361,20240718,8,1,3555.3,0.0,3555.3,1085.0700000000002
ITEM0003314,ORD001572,PROD00258,CUST00700,20241129,6,1,5858.08,0.19,4745.04,2359.49
ITEM0003315,ORD001572,PROD00080,CUST00700,20241129,6,3,862.91,0.02,2536.96,1132.3300000000002
ITEM0003316,ORD001573,PROD00200,CUST00714,20240109,3,1,7131.42,0.0,7131.42,3103.6
ITEM0003317,ORD001573,PROD00276,CUST00714,20240109,3,2,8701.77,0.05,16533.36,9347.52
ITEM0003318,ORD001574,PROD00260,CUST00844,20231102,3,2,8617.38,0.27,12581.37,3590.33
ITEM0003319,ORD001575,PROD00049,CUST00373,20230722,1,2,5326.74,0.0,10653.48,2814.24
ITEM0003320,ORD001575,PROD00188,CUST00373,20230722,1,4,1657.41,0.0,6629.64,1320.1600000000008
ITEM0003321,ORD001576,PROD00197,CUST00869,20231016,4,2,8766.75,0.02,17182.83,9829.050000000003
ITEM0003322,ORD001577,PROD00194,CUST00141,20240814,5,1,535.55,0.0,535.55,316.76
ITEM0003323,ORD001578,PROD00101,CUST00309,20230111,2,1,1373.9,0.07,1277.73,339.69000000000005
ITEM0003324,ORD001579,PROD00221,CUST00879,20231120,4,3,901.85,0.0,2705.55,706.4700000000003
ITEM0003325,ORD001579,PROD00138,CUST00879,20231120,4,2,10725.29,0.13,18662.0,9710.28
ITEM0003326,ORD001580,PROD00169,CUST00737,20240502,6,3,5358.09,0.0,16074.27,8954.01
ITEM0003327,ORD001581,PROD00002,CUST00731,20240218,4,1,231.58,0.0,231.58,94.31
ITEM0003328,ORD001581,PROD00190,CUST00731,20240218,4,1,3528.69,0.0,3528.69,1855.01
ITEM0003329,ORD001581,PROD00015,CUST00731,20240218,4,2,5418.41,0.02,10620.08,2873.76
ITEM0003330,ORD001581,PROD00081,CUST00731,20240218,4,2,2624.19,0.0,5248.38,2930.26
ITEM0003331,ORD001582,PROD00146,CUST00093,20240717,2,2,504.1,0.0,1008.2,549.26
ITEM0003332,ORD001582,PROD00150,CUST00093,20240717,2,3,290.6,0.04,836.93,449.41999999999996
ITEM0003333,ORD001582,PROD00069,CUST00093,20240717,2,3,2727.01,0.0,8181.04,-4116.320000000001
ITEM0003334,ORD001582,PROD00219,CUST00093,20240717,2,2,344.65,0.09,627.26,249.94
ITEM0003335,ORD001583,PROD00079,CUST00431,20240525,5,1,7182.12,0.0,7182.12,3850.66
ITEM0003336,ORD001583,PROD00201,CUST00431,20240525,5,1,3944.29,0.0,3944.29,1055.44
ITEM0003337,ORD001583,PROD00275,CUST00431,20240525,5,1,5765.78,0.13,5016.23,2413.3299999999995
ITEM0003338,ORD001584,PROD00116,CUST00877,20240310,2,2,3835.95,0.0,7671.9,2725.2199999999993
ITEM0003339,ORD001585,PROD00055,CUST00560,20230521,2,2,2678.2,0.0,5356.4,2042.1199999999994
ITEM0003340,ORD001585,PROD00182,CUST00560,20230521,2,4,3616.25,0.24,10993.4,3770.7199999999993
ITEM0003341,ORD001586,PROD00101,CUST00607,20230828,6,1,1373.9,0.0,1373.9,435.8600000000001
ITEM0003342,ORD001586,PROD00232,CUST00607,20230828,6,1,3144.6,0.0,3144.6,1610.4499999999998
ITEM0003343,ORD001586,PROD00068,CUST00607,20230828,6,1,1589.23,0.0,1589.23,380.1600000000001
ITEM0003344,ORD001587,PROD00011,CUST00159,20230923,7,1,2615.05,0.07,2432.0,1200.25
ITEM0003345,ORD001588,PROD00207,CUST00165,20240417,4,1,6547.46,0.12,5761.76,2986.65
ITEM0003346,ORD001588,PROD00146,CUST00165,20240417,4,2,504.1,0.0,1008.2,549.26
ITEM0003347,ORD001589,PROD00231,CUST00777,20240321,6,1,3622.68,0.0,3622.68,1349.3199999999997
ITEM0003348,ORD001589,PROD00188,CUST00777,20240321,6,1,1657.41,0.0,1657.41,330.0400000000002
ITEM0003349,ORD001589,PROD00256,CUST00777,20240321,6,1,256.57,0.02,251.44,90.97999999999999
ITEM0003350,ORD001590,PROD00117,CUST00367,20230207,2,1,498.3,0.0,498.3,296.74
ITEM0003351,ORD001591,PROD00226,CUST00126,20240419,6,2,648.79,0.03,1258.65,307.85000000000014
ITEM0003352,ORD001591,PROD00162,CUST00126,20240419,6,1,3555.3,0.0,3555.3,1085.0700000000002
ITEM0003353,ORD001592,PROD00030,CUST00771,20241018,4,1,4937.89,0.0,4937.89,2466.7300000000005
ITEM0003354,ORD001592,PROD00052,CUST00771,20241018,4,3,1689.78,0.26,3751.31,332.3299999999995
ITEM0003355,ORD001592,PROD00213,CUST00771,20241018,4,2,9402.56,0.0,18805.12,9296.019999999999
ITEM0003356,ORD001593,PROD00233,CUST00315,20231122,4,2,3164.97,0.0,6329.94,3005.1199999999994
ITEM0003357,ORD001593,PROD00123,CUST00315,20231122,4,1,2950.23,0.05,2802.72,993.3799999999999
ITEM0003358,ORD001593,PROD00252,CUST00315,20231122,4,1,910.14,0.0,910.14,163.96000000000004
ITEM0003359,ORD001594,PROD00100,CUST00516,20231105,6,1,8661.69,0.0,8661.69,4965.460000000001
ITEM0003360,ORD001595,PROD00024,CUST00177,20240730,6,1,10115.71,0.0,10115.71,5877.049999999999
ITEM0003361,ORD001596,PROD00217,CUST00191,20240406,9,1,260.84,0.29,185.2,-19.870000000000005
ITEM0003362,ORD001596,PROD00155,CUST00191,20240406,9,2,1532.82,0.0,3065.64,856.0
ITEM0003363,ORD001597,PROD00279,CUST00257,20240314,3,1,7168.01,0.0,7168.01,4297.540000000001
ITEM0003364,ORD001598,PROD00183,CUST00490,20230528,2,1,526.69,0.11,468.75,224.09
ITEM0003365,ORD001598,PROD00250,CUST00490,20230528,2,2,4610.44,0.0,-9220.88,-13963.199999999999
ITEM0003366,ORD001598,PROD00202,CUST00490,20230528,2,1,1016.59,0.0,1016.59,338.75
ITEM0003367,ORD001599,PROD00017,CUST00991,20240715,7,1,9163.85,0.0,9163.85,5466.42
ITEM0003368,ORD001600,PROD00205,CUST00915,20230812,9,1,6283.38,0.19,5089.54,245.77999999999975
ITEM0003369,ORD001600,PROD00065,CUST00915,20230812,9,3,6570.64,0.01,19514.8,4997.649999999998
ITEM0003370,ORD001601,PROD00245,CUST00918,20240221,1,2,6215.91,0.0,12431.82,4837.94
ITEM0003371,ORD001601,PROD00140,CUST00918,20240221,1,1,1718.72,0.0,1718.72,936.76
ITEM0003372,ORD001601,PROD00002,CUST00918,20240221,1,1,231.58,0.0,231.58,94.31
ITEM0003373,ORD001602,PROD00282,CUST00696,20240828,4,1,3504.39,0.02,3434.3,1173.3100000000004
ITEM0003374,ORD001602,PROD00144,CUST00696,20240828,4,2,9953.38,0.0,19906.76,10544.939999999999
ITEM0003375,ORD001602,PROD00242,CUST00696,20240828,4,2,2496.43,0.0,4992.86,1023.1599999999999
ITEM0003376,ORD001603,PROD00286,CUST00007,20230923,6,1,945.94,0.0,945.94,455.46000000000004
ITEM0003377,ORD001603,PROD00064,CUST00007,20230923,6,1,4268.27,0.0,4268.27,2240.9700000000003
ITEM0003378,ORD001603,PROD00121,CUST00007,20230923,6,1,11305.27,0.0,11305.27,6474.55
ITEM0003379,ORD001604,PROD00204,CUST00486,20230529,4,2,3352.35,0.0,6704.7,2678.52
ITEM0003380,ORD001605,PROD00050,CUST00875,20240902,8,1,5338.68,0.0,5338.68,1726.3500000000004
ITEM0003381,ORD001605,PROD00053,CUST00875,20240902,8,2,7229.99,0.0,14459.98,8302.52
ITEM0003382,ORD001605,PROD00084,CUST00875,20240902,8,1,7622.23,0.29,5411.78,2100.8599999999997
ITEM0003383,ORD001606,PROD00193,CUST00672,20241129,6,3,9202.76,0.0,27608.28,15344.879999999997
ITEM0003384,ORD001607,PROD00011,CUST00512,20240419,6,2,2615.05,0.0,5230.1,2766.6000000000004
ITEM0003385,ORD001608,PROD00121,CUST00248,20230129,9,2,11305.27,0.0,22610.54,12949.1
ITEM0003386,ORD001608,PROD00151,CUST00248,20230129,9,1,5518.05,0.0,5518.05,1305.9800000000005
ITEM0003387,ORD001608,PROD00004,CUST00248,20230129,9,2,4097.38,0.17,6801.65,3.3099999999994907
ITEM0003388,ORD001608,PROD00228,CUST00248,20230129,9,1,1263.16,0.14,1086.32,350.7099999999999
ITEM0003389,ORD001609,PROD00107,CUST00467,20230514,4,1,6282.37,0.0,6282.37,1864.21
ITEM0003390,ORD001610,PROD00189,CUST00106,20240508,2,1,7636.65,0.03,7407.55,3567.13
ITEM0003391,ORD001610,PROD00204,CUST00106,20240508,2,1,3352.35,0.0,3352.35,1339.26
ITEM0003392,ORD001610,PROD00121,CUST00106,20240508,2,1,11305.27,0.0,11305.27,6474.55
ITEM0003393,ORD001610,PROD00059,CUST00106,20240508,2,3,11784.91,0.18,28990.88,14167.940000000002
ITEM0003394,ORD001610,PROD00043,CUST00106,20240508,2,1,1789.22,0.0,1789.22,710.5899999999999
ITEM0003395,ORD001611,PROD00258,CUST00622,20240312,2,2,5858.08,0.14,10075.9,5304.799999999999
ITEM0003396,ORD001612,PROD00018,CUST00632,20230611,9,3,2803.77,0.0,8411.31,2846.9399999999996
ITEM0003397,ORD001612,PROD00059,CUST00632,20230611,9,2,11784.91,0.16,19798.65,9916.690000000002
ITEM0003398,ORD001613,PROD00010,CUST00567,20240813,4,1,2259.53,0.0,2259.53,1308.3200000000002
ITEM0003399,ORD001614,PROD00241,CUST00009,20240815,4,2,1882.74,0.0,3765.48,-4809.34
ITEM0003400,ORD001614,PROD00006,CUST00009,20240815,4,1,8153.69,0.01,8072.15,3953.9799999999996
ITEM0003401,ORD001615,PROD00032,CUST00985,20240228,10,2,301.12,0.0,602.24,112.60000000000002
ITEM0003402,ORD001616,PROD00282,CUST00695,20230708,7,1,3504.39,0.0,3504.39,1243.4
ITEM0003403,ORD001617,PROD00096,CUST00462,20230315,8,1,4639.15,0.0,4639.15,2414.68
ITEM0003404,ORD001617,PROD00172,CUST00462,20230315,8,2,734.93,0.0,1469.86,852.06
ITEM0003405,ORD001618,PROD00064,CUST00947,20240214,4,1,4268.27,0.17,3542.66,1515.36
ITEM0003406,ORD001618,PROD00298,CUST00947,20240214,4,4,5321.16,0.0,21284.64,7224.84
ITEM0003407,ORD001619,PROD00300,CUST00299,20230203,10,1,1343.36,0.08,1235.89,607.8100000000001
ITEM0003408,ORD001620,PROD00205,CUST00939,20230917,5,1,6283.38,0.03,6094.88,1251.12
ITEM0003409,ORD001621,PROD00066,CUST00577,20230613,5,1,899.86,0.15,764.88,161.43999999999994
ITEM0003410,ORD001621,PROD00143,CUST00577,20230613,5,2,1075.34,0.0,2150.68,1009.4599999999998
ITEM0003411,ORD001622,PROD00288,CUST00553,20230106,4,1,2790.22,0.1,2511.2,1285.36
ITEM0003412,ORD001622,PROD00151,CUST00553,20230106,4,1,5518.05,0.24,4193.72,-18.349999999999454
ITEM0003413,ORD001622,PROD00088,CUST00553,20230106,4,1,4559.98,0.0,4559.98,1282.8999999999996
ITEM0003414,ORD001623,PROD00263,CUST00063,20230924,3,1,4979.64,0.0,4979.64,1665.3500000000004
ITEM0003415,ORD001624,PROD00232,CUST00112,20231129,10,3,3144.6,0.0,9433.8,4831.3499999999985
ITEM0003416,ORD001624,PROD00057,CUST00112,20231129,10,1,4595.24,0.0,4595.24,2276.5899999999997
ITEM0003417,ORD001625,PROD00101,CUST00185,20240520,9,1,1373.9,0.0,1373.9,435.8600000000001
ITEM0003418,ORD001626,PROD00184,CUST00357,20230816,1,1,1498.15,0.13,1303.39,682.9100000000001
ITEM0003419,ORD001626,PROD00192,CUST00357,20230816,1,1,5116.05,0.0,5116.05,1689.69
ITEM0003420,ORD001626,PROD00096,CUST00357,20230816,1,2,4639.15,0.0,9278.3,4829.36
ITEM0003421,ORD001626,PROD00295,CUST00357,20230816,1,1,895.09,0.0,895.09,175.74
ITEM0003422,ORD001627,PROD00295,CUST00736,20240316,7,4,895.09,0.0,3580.36,702.96
ITEM0003423,ORD001627,PROD00037,CUST00736,20240316,7,3,5435.74,0.02,15981.08,9270.98
ITEM0003424,ORD001628,PROD00117,CUST00567,20230620,5,1,498.3,0.0,498.3,296.74
ITEM0003425,ORD001628,PROD00037,CUST00567,20230620,5,1,5435.74,0.0,5435.74,3199.04
ITEM0003426,ORD001628,PROD00244,CUST00567,20230620,5,1,4549.33,0.0,4549.33,1795.7399999999998
ITEM0003427,ORD001628,PROD00150,CUST00567,20230620,5,1,290.6,0.13,252.82,123.65
ITEM0003428,ORD001629,PROD00007,CUST00601,20251003,6,1,7518.69,0.01,7443.5,2478.6400000000003
ITEM0003429,ORD001629,PROD00297,CUST00601,20251003,6,1,10930.45,0.19,8853.66,4252.41
ITEM0003430,ORD001630,PROD00131,CUST00309,20240321,1,2,576.16,0.24,875.76,154.46000000000004
ITEM0003431,ORD001631,PROD00036,CUST00174,20230123,1,2,7308.78,0.0,14617.56,7478.339999999999
ITEM0003432,ORD001632,PROD00119,CUST00610,20230625,1,1,9197.85,0.0,9197.85,5466.89
ITEM0003433,ORD001633,PROD00242,CUST00635,20230901,1,2,2496.43,0.0,4992.86,1023.1599999999999
ITEM0003434,ORD001633,PROD00038,CUST00635,20230901,1,1,1983.28,0.22,1546.96,599.46
ITEM0003435,ORD001634,PROD00260,CUST00178,20230819,3,1,8617.38,0.0,8617.38,4121.859999999999
ITEM0003436,ORD001634,PROD00004,CUST00178,20230819,3,1,4097.38,0.24,3114.01,-285.15999999999985
ITEM0003437,ORD001634,PROD00219,CUST00178,20230819,3,1,344.65,0.26,255.04,66.38
ITEM0003438,ORD001634,PROD00237,CUST00178,20230819,3,1,8123.36,0.0,8123.36,4471.299999999999
ITEM0003439,ORD001635,PROD00034,CUST00251,20230621,6,1,2533.01,0.0,2533.01,828.0700000000002
ITEM0003440,ORD001635,PROD00035,CUST00251,20230621,6,1,2576.9,0.14,2216.13,804.94
ITEM0003441,ORD001635,PROD00129,CUST00251,20230621,6,1,2500.46,0.0,2500.46,912.6000000000001
ITEM0003442,ORD001636,PROD00299,CUST00874,20231219,1,1,10649.19,0.0,10649.19,6151.8
ITEM0003443,ORD001637,PROD00134,CUST00816,20231203,1,1,1127.73,0.0,1127.73,268.05000000000007
ITEM0003444,ORD001638,PROD00186,CUST00292,20240727,4,2,1445.96,0.0,2891.92,1658.68
ITEM0003445,ORD001638,PROD00078,CUST00292,20240727,4,2,2028.86,0.0,4057.72,954.6199999999999
ITEM0003446,ORD001639,PROD00268,CUST00404,20240909,3,2,852.32,0.0,1704.64,745.3400000000001
ITEM0003447,ORD001640,PROD00222,CUST00578,20231222,9,1,3002.04,0.21,2371.61,547.8400000000001
ITEM0003448,ORD001641,PROD00069,CUST00093,20231004,3,2,1148.39,0.0,2296.77,-5901.469999999999
ITEM0003449,ORD001641,PROD00256,CUST00093,20231004,3,1,256.57,0.23,197.56,37.099999999999994
ITEM0003450,ORD001642,PROD00223,CUST00321,20240207,10,1,2430.88,0.0,2430.88,1193.92
ITEM0003451,ORD001642,PROD00242,CUST00321,20240207,10,1,2496.43,0.21,1972.18,-12.669999999999845
ITEM0003452,ORD001642,PROD00061,CUST00321,20240207,10,2,4205.57,0.0,8411.14,1892.3399999999992
ITEM0003453,ORD001643,PROD00246,CUST00991,20230906,8,1,8011.14,0.13,6969.69,2899.4999999999995
ITEM0003454,ORD001643,PROD00104,CUST00991,20230906,8,1,2043.03,0.0,2043.03,773.79
ITEM0003455,ORD001644,PROD00177,CUST00285,20240116,3,2,5446.6,0.0,10893.2,6190.280000000001
ITEM0003456,ORD001644,PROD00059,CUST00285,20240116,3,2,11784.91,0.0,23569.82,13687.86
ITEM0003457,ORD001644,PROD00139,CUST00285,20240116,3,3,5962.8,0.0,17888.4,9298.95
ITEM0003458,ORD001644,PROD00193,CUST00285,20240116,3,1,9202.76,0.0,9202.76,5114.96
ITEM0003459,ORD001644,PROD00013,CUST00285,20240116,3,1,10508.19,0.02,10298.03,5706.370000000001
ITEM0003460,ORD001645,PROD00059,CUST00096,20241018,10,1,11784.91,0.0,11784.91,6843.93
ITEM0003461,ORD001645,PROD00151,CUST00096,20241018,10,1,5518.05,0.0,5518.05,1305.9800000000005
ITEM0003462,ORD001646,PROD00238,CUST00136,20240823,3,1,7201.82,0.0,7201.82,3679.9399999999996
ITEM0003463,ORD001646,PROD00152,CUST00136,20240823,3,2,1231.99,0.0,2463.98,1214.9
ITEM0003464,ORD001647,PROD00271,CUST00238,20240117,7,1,439.58,0.0,439.58,218.57999999999998
ITEM0003465,ORD001647,PROD00289,CUST00238,20240117,7,1,3097.21,0.0,3097.21,1796.98
ITEM0003466,ORD001648,PROD00185,CUST00155,20231123,9,3,2719.98,0.03,7915.14,4211.58
ITEM0003467,ORD001649,PROD00210,CUST00912,20230127,10,2,6680.3,0.0,13360.6,5156.32
ITEM0003468,ORD001650,PROD00094,CUST00585,20230105,10,1,6449.58,0.0,6449.58,2762.77
ITEM0003469,ORD001651,PROD00255,CUST00896,20231119,3,1,7383.63,0.2,5906.9,2576.6699999999996
ITEM0003470,ORD001652,PROD00247,CUST00708,20241228,4,2,7341.91,0.09,13362.28,6049.580000000001
ITEM0003471,ORD001652,PROD00255,CUST00708,20241228,4,3,7383.63,0.0,22150.89,12160.199999999999
ITEM0003472,ORD001652,PROD00140,CUST00708,20241228,4,1,1718.72,0.22,1340.6,558.6399999999999
ITEM0003473,ORD001653,PROD00214,CUST00738,20230803,3,1,8107.58,0.0,8107.58,3658.74
ITEM0003474,ORD001653,PROD00084,CUST00738,20230803,3,1,7622.23,0.0,7622.23,4311.3099999999995
ITEM0003475,ORD001654,PROD00222,CUST00872,20240613,8,3,3002.04,0.0,9006.12,3534.8100000000013
ITEM0003476,ORD001655,PROD00157,CUST00620,20240422,3,1,2525.54,0.0,2525.54,951.1700000000001
ITEM0003477,ORD001655,PROD00154,CUST00620,20240422,3,1,5526.27,0.0,5526.27,2561.6400000000003
ITEM0003478,ORD001656,PROD00119,CUST00514,20230406,9,1,9197.85,0.0,9197.85,5466.89
ITEM0003479,ORD001657,PROD00277,CUST00811,20240706,2,1,556.92,0.0,556.92,297.17999999999995
ITEM0003480,ORD001658,PROD00097,CUST00495,20240709,8,2,1492.36,0.01,2954.87,602.9899999999998
ITEM0003481,ORD001658,PROD00182,CUST00495,20240709,8,4,3616.25,0.0,14465.0,7242.32
ITEM0003482,ORD001659,PROD00085,CUST00985,20230723,4,2,1960.53,0.0,3921.06,1576.96
ITEM0003483,ORD001659,PROD00209,CUST00985,20230723,4,2,3816.19,0.0,7632.38,4153.88
ITEM0003484,ORD001659,PROD00036,CUST00985,20230723,4,1,7308.78,0.07,6797.17,3227.56
ITEM0003485,ORD001659,PROD00221,CUST00985,20230723,4,2,901.85,0.21,1424.92,92.20000000000005
ITEM0003486,ORD001660,PROD00017,CUST00098,20231229,6,2,9163.85,0.0,18327.7,10932.84
ITEM0003487,ORD001660,PROD00263,CUST00098,20231229,6,2,4979.64,0.0,9959.28,3330.7000000000007
ITEM0003488,ORD001660,PROD00250,CUST00098,20231229,6,1,4610.44,0.0,4610.44,2239.2799999999997
ITEM0003489,ORD001660,PROD00263,CUST00098,20231229,6,2,4979.64,0.0,9959.28,3330.7000000000007
ITEM0003490,ORD001661,PROD00199,CUST00297,20241112,7,1,3657.98,0.0,3657.98,1832.66
ITEM0003491,ORD001662,PROD00115,CUST00544,20240623,4,2,3250.57,0.0,6501.14,3030.5000000000005
ITEM0003492,ORD001663,PROD00003,CUST00728,20240323,8,4,2902.0,0.07,10795.44,5150.320000000001
ITEM0003493,ORD001663,PROD00048,CUST00728,20240323,8,1,1926.71,0.0,1926.71,624.6500000000001
ITEM0003494,ORD001663,PROD00055,CUST00728,20240323,8,1,2678.2,0.0,2678.2,1021.0599999999997
ITEM0003495,ORD001664,PROD00127,CUST00494,20240212,3,1,5321.52,0.02,5215.09,2670.3500000000004
ITEM0003496,ORD001664,PROD00044,CUST00494,20240212,3,2,5424.36,0.0,10848.72,6244.5599999999995
ITEM0003497,ORD001665,PROD00236,CUST00896,20241014,6,4,2661.51,0.0,10646.04,5727.52
ITEM0003498,ORD001666,PROD00171,CUST00163,20250722,3,1,546.18,0.0,546.18,279.16999999999996
ITEM0003499,ORD001667,PROD00131,CUST00362,20230707,7,1,576.16,0.21,455.17,94.52000000000004
ITEM0003500,ORD001668,PROD00270,CUST00604,20230713,5,1,4350.17,0.0,4350.17,2211.92
ITEM0003501,ORD001668,PROD00198,CUST00604,20230713,5,2,1516.26,0.1,2729.27,665.9299999999998
ITEM0003502,ORD001668,PROD00166,CUST00604,20230713,5,1,7134.8,0.29,5065.71,1331.5500000000002
ITEM0003503,ORD001668,PROD00107,CUST00604,20230713,5,1,6282.37,0.01,6219.55,1801.3900000000003
ITEM0003504,ORD001669,PROD00051,CUST00252,20230616,5,1,8693.03,0.0,8693.03,4189.18
ITEM0003505,ORD001670,PROD00091,CUST00621,20230114,7,1,1302.09,0.25,976.57,296.7700000000001
ITEM0003506,ORD001671,PROD00270,CUST00001,20240213,5,2,4350.17,0.18,7134.28,2857.7799999999997
ITEM0003507,ORD001671,PROD00002,CUST00001,20240213,5,1,231.58,0.0,231.58,94.31
ITEM0003508,ORD001671,PROD00027,CUST00001,20240213,5,1,5723.51,0.03,5551.8,2347.4
ITEM0003509,ORD001671,PROD00150,CUST00001,20240213,5,1,290.6,0.0,290.6,161.43000000000004
ITEM0003510,ORD001672,PROD00122,CUST00441,20240105,4,1,11549.43,0.0,11549.43,6611.5
ITEM0003511,ORD001672,PROD00121,CUST00441,20240105,4,2,11305.27,0.0,22610.54,12949.1
ITEM0003512,ORD001673,PROD00189,CUST00735,20230120,4,1,7636.65,0.0,7636.65,3796.2299999999996
ITEM0003513,ORD001673,PROD00165,CUST00735,20230120,4,1,1721.94,0.0,1721.94,927.6800000000001
ITEM0003514,ORD001674,PROD00275,CUST00252,20230813,6,3,5765.78,0.0,17297.34,9488.64
ITEM0003515,ORD001675,PROD00019,CUST00857,20231102,8,1,2406.67,0.0,2406.67,1356.91
ITEM0003516,ORD001675,PROD00296,CUST00857,20231102,8,1,1188.71,0.28,855.87,-62.110000000000014
ITEM0003517,ORD001676,PROD00116,CUST00430,20230217,1,1,3835.95,0.0,3835.95,1362.6099999999997
ITEM0003518,ORD001677,PROD00190,CUST00410,20231125,5,2,3528.69,0.02,6916.23,3568.8699999999994
ITEM0003519,ORD001678,PROD00206,CUST01000,20240430,7,1,8632.13,0.0,8632.13,3966.2699999999995
ITEM0003520,ORD001678,PROD00289,CUST01000,20240430,7,1,3097.21,0.0,3097.21,1796.98
ITEM0003521,ORD001679,PROD00194,CUST00011,20231229,1,2,535.55,0.25,803.32,365.74000000000007
ITEM0003522,ORD001680,PROD00220,CUST00093,20240309,8,3,6168.69,0.05,17580.77,7057.790000000001
ITEM0003523,ORD001681,PROD00042,CUST00889,20230730,4,2,8235.83,0.0,16471.66,8275.92
ITEM0003524,ORD001682,PROD00151,CUST00290,20230923,2,1,5518.05,0.0,5518.05,1305.9800000000005
ITEM0003525,ORD001683,PROD00139,CUST00358,20240203,5,1,5962.8,0.0,5962.8,3099.65
ITEM0003526,ORD001683,PROD00236,CUST00358,20240203,5,1,2661.51,0.0,2661.51,1431.88
ITEM0003527,ORD001684,PROD00090,CUST00183,20240415,8,1,494.65,0.0,494.65,254.57999999999998
ITEM0003528,ORD001685,PROD00044,CUST00433,20230202,4,2,5424.36,0.0,10848.72,6244.5599999999995
ITEM0003529,ORD001685,PROD00234,CUST00433,20230202,4,2,9552.76,0.0,19105.52,10081.36
ITEM0003530,ORD001685,PROD00123,CUST00433,20230202,4,4,2950.23,0.0,11800.92,4563.56
ITEM0003531,ORD001685,PROD00234,CUST00433,20230202,4,1,9552.76,0.0,9552.76,5040.68
ITEM0003532,ORD001685,PROD00200,CUST00433,20230202,4,2,7131.42,0.0,14262.84,6207.2
ITEM0003533,ORD001686,PROD00264,CUST00902,20231012,7,3,8008.38,0.0,24025.14,13663.859999999999
ITEM0003534,ORD001686,PROD00187,CUST00902,20231012,7,3,6641.17,0.0,19923.51,8513.039999999999
ITEM0003535,ORD001687,PROD00164,CUST00564,20240607,8,1,5504.82,0.17,4569.0,1444.92
ITEM0003536,ORD001687,PROD00139,CUST00564,20240607,8,1,5962.8,0.0,5962.8,3099.65
ITEM0003537,ORD001687,PROD00028,CUST00564,20240607,8,1,214.4,0.0,214.4,64.71000000000001
ITEM0003538,ORD001687,PROD00147,CUST00564,20240607,8,1,4961.76,0.15,4217.5,1102.98
ITEM0003539,ORD001688,PROD00017,CUST00631,20240926,10,1,9163.85,0.0,9163.85,5466.42
ITEM0003540,ORD001688,PROD00153,CUST00631,20240926,10,1,4010.2,0.0,4010.2,1551.0099999999998
ITEM0003541,ORD001689,PROD00026,CUST00574,20231021,4,1,992.19,0.0,992.19,518.26
ITEM0003542,ORD001689,PROD00128,CUST00574,20231021,4,2,4199.76,0.0,8399.52,3072.3
ITEM0003543,ORD001689,PROD00025,CUST00574,20231021,4,1,3078.83,0.29,2185.97,-320.1100000000001
ITEM0003544,ORD001689,PROD00001,CUST00574,20231021,4,3,9272.65,0.0,27817.95,14170.44
ITEM0003545,ORD001690,PROD00140,CUST00225,20230622,5,1,1718.72,0.0,1718.72,936.76
ITEM0003546,ORD001691,PROD00093,CUST00262,20240809,8,4,3802.74,0.0,15210.96,6160.6799999999985
ITEM0003547,ORD001691,PROD00248,CUST00262,20240809,8,1,10128.22,0.08,9317.96,4667.98
ITEM0003548,ORD001692,PROD00032,CUST00379,20240702,4,2,301.12,0.0,602.24,112.60000000000002
ITEM0003549,ORD001692,PROD00281,CUST00379,20240702,4,1,7979.23,0.0,7979.23,3968.0199999999995
ITEM0003550,ORD001693,PROD00122,CUST00705,20231015,8,1,11549.43,0.05,10971.96,6034.029999999999
ITEM0003551,ORD001693,PROD00135,CUST00705,20231015,8,2,2086.2,0.0,4172.4,2044.4799999999996
ITEM0003552,ORD001693,PROD00142,CUST00705,20231015,8,1,8354.87,0.1,7519.38,2876.5
ITEM0003553,ORD001694,PROD00295,CUST00669,20230306,1,1,895.09,0.0,895.09,175.74
ITEM0003554,ORD001695,PROD00053,CUST00641,20231212,6,1,7229.99,0.0,7229.99,4151.26
ITEM0003555,ORD001696,PROD00022,CUST00329,20230829,10,2,1547.99,0.23,2383.9,1096.7800000000002
ITEM0003556,ORD001696,PROD00014,CUST00329,20230829,10,1,1451.31,0.0,1451.31,352.8699999999999
ITEM0003557,ORD001697,PROD00011,CUST00080,20240630,5,2,2615.05,0.0,5230.1,2766.6000000000004
ITEM0003558,ORD001697,PROD00102,CUST00080,20240630,5,1,6509.4,0.0,6509.4,3487.4599999999996
ITEM0003559,ORD001698,PROD00166,CUST00301,20230407,4,1,7134.8,0.25,5351.1,1616.9400000000005
ITEM0003560,ORD001699,PROD00173,CUST00406,20230222,7,2,737.77,0.24,1121.41,-7726.35
ITEM0003561,ORD001700,PROD00109,CUST00263,20240301,7,1,7944.57,0.0,7944.57,3565.7999999999993
ITEM0003562,ORD001700,PROD00024,CUST00263,20240301,7,1,10115.71,0.0,10115.71,5877.049999999999
ITEM0003563,ORD001701,PROD00278,CUST00567,20240218,2,1,629.94,0.0,629.94,145.56000000000006
ITEM0003564,ORD001702,PROD00281,CUST00837,20240117,9,1,7979.23,0.0,7979.23,3968.0199999999995
ITEM0003565,ORD001702,PROD00256,CUST00837,20240117,9,2,256.57,0.0,513.14,192.21999999999997
ITEM0003566,ORD001702,PROD00265,CUST00837,20240117,9,1,4207.25,0.0,4207.25,1395.5500000000002
ITEM0003567,ORD001702,PROD00232,CUST00837,20240117,9,3,3144.6,0.0,9433.8,4831.3499999999985
ITEM0003568,ORD001702,PROD00198,CUST00837,20240117,9,3,1516.26,0.0,4548.78,1453.7699999999995
ITEM0003569,ORD001703,PROD00101,CUST00487,20240408,3,3,1373.9,0.0,4121.7,1307.58
ITEM0003570,ORD001703,PROD00278,CUST00487,20240408,3,1,629.94,0.02,617.34,132.96000000000004
ITEM0003571,ORD001703,PROD00072,CUST00487,20240408,3,2,6999.91,0.0,13999.82,7794.86
ITEM0003572,ORD001703,PROD00138,CUST00487,20240408,3,1,10725.29,0.0,10725.29,6249.430000000001
ITEM0003573,ORD001704,PROD00193,CUST00042,20231209,8,4,9202.76,0.0,36811.04,20459.84
ITEM0003574,ORD001705,PROD00126,CUST00422,20240108,7,1,10802.22,0.0,10802.22,5958.2699999999995
ITEM0003575,ORD001705,PROD00110,CUST00422,20240108,7,3,7163.14,0.0,21489.42,12850.589999999998
ITEM0003576,ORD001706,PROD00047,CUST00937,20231001,7,2,1589.57,0.0,3179.14,1216.08
ITEM0003577,ORD001706,PROD00189,CUST00937,20231001,7,1,7636.65,0.0,7636.65,3796.2299999999996
ITEM0003578,ORD001707,PROD00105,CUST00451,20241022,4,1,3095.41,0.0,3095.41,1367.85
ITEM0003579,ORD001708,PROD00070,CUST00956,20240715,3,1,6693.56,0.0,6693.56,2340.29
ITEM0003580,ORD001709,PROD00057,CUST00658,20240811,5,1,4595.24,0.0,4595.24,2276.5899999999997
ITEM0003581,ORD001710,PROD00182,CUST00663,20240604,9,1,3616.25,0.0,3616.25,1810.58
ITEM0003582,ORD001711,PROD00239,CUST00397,20230217,8,2,467.33,0.28,672.96,264.32000000000005
ITEM0003583,ORD001711,PROD00082,CUST00397,20230217,8,1,3992.96,0.0,3992.96,2224.75
ITEM0003584,ORD001711,PROD00117,CUST00397,20230217,8,1,498.3,0.0,498.3,296.74
ITEM0003585,ORD001712,PROD00046,CUST00711,20240611,10,1,8988.77,0.0,8988.77,4231.92
ITEM0003586,ORD001712,PROD00092,CUST00711,20240611,10,2,1552.76,0.0,3105.52,1429.44
ITEM0003587,ORD001712,PROD00053,CUST00711,20240611,10,1,7229.99,0.0,7229.99,4151.26
ITEM0003588,ORD001713,PROD00270,CUST00818,20231119,6,1,4350.17,0.08,4002.16,1863.9099999999999
ITEM0003589,ORD001714,PROD00110,CUST00849,20230523,2,1,7163.14,0.0,7163.14,4283.530000000001
ITEM0003590,ORD001714,PROD00036,CUST00849,20230523,2,1,7308.78,0.13,6358.64,2789.03
ITEM0003591,ORD001715,PROD00198,CUST00784,20240308,2,1,1516.26,0.0,1516.26,484.5899999999999
ITEM0003592,ORD001715,PROD00132,CUST00784,20240308,2,1,5296.2,0.0,5296.2,1109.0599999999995
ITEM0003593,ORD001716,PROD00031,CUST00401,20240221,4,1,4066.81,0.23,3131.44,474.8699999999999
ITEM0003594,ORD001717,PROD00091,CUST00954,20240814,1,1,1302.09,0.24,989.59,309.7900000000001
ITEM0003595,ORD001718,PROD00015,CUST00083,20240922,10,1,5418.41,0.0,5418.41,1545.25
ITEM0003596,ORD001719,PROD00299,CUST00720,20240304,6,1,10649.19,0.16,8945.32,4447.929999999999
ITEM0003597,ORD001720,PROD00067,CUST00469,20230403,1,2,996.38,0.0,1992.76,762.44
ITEM0003598,ORD001721,PROD00090,CUST00299,20240824,3,4,494.65,0.0,1978.6,1018.3199999999999
ITEM0003599,ORD001722,PROD00077,CUST00691,20230331,4,1,7101.66,0.08,6533.53,2647.5699999999997
ITEM0003600,ORD001722,PROD00148,CUST00691,20230331,4,4,3870.28,0.0,15481.12,7768.160000000001
ITEM0003601,ORD001722,PROD00045,CUST00691,20230331,4,1,4706.05,0.0,4706.05,1730.3900000000003
ITEM0003602,ORD001722,PROD00214,CUST00691,20230331,4,1,8107.58,0.0,8107.58,3658.74
ITEM0003603,ORD001722,PROD00258,CUST00691,20230331,4,2,5858.08,0.18,9607.25,4836.15
ITEM0003604,ORD001723,PROD00121,CUST00116,20230120,5,2,11305.27,0.0,22610.54,12949.1
ITEM0003605,ORD001724,PROD00158,CUST00390,20230128,10,1,8138.6,0.0,8138.6,4091.0800000000004
ITEM0003606,ORD001724,PROD00177,CUST00390,20230128,10,1,5446.6,0.0,5446.6,3095.1400000000003
ITEM0003607,ORD001724,PROD00109,CUST00390,20230128,10,1,7944.57,0.0,7944.57,3565.7999999999993
ITEM0003608,ORD001724,PROD00245,CUST00390,20230128,10,1,6215.91,0.15,5283.52,1486.5800000000004
ITEM0003609,ORD001725,PROD00280,CUST00003,20230714,6,1,4625.83,0.0,4625.83,2477.24
ITEM0003610,ORD001725,PROD00229,CUST00003,20230714,6,2,726.54,0.0,1453.08,500.4
ITEM0003611,ORD001725,PROD00157,CUST00003,20230714,6,3,2525.54,0.0,7576.62,2853.51
ITEM0003612,ORD001726,PROD00197,CUST00575,20230826,9,1,8766.75,0.0,8766.75,5089.860000000001
ITEM0003613,ORD001726,PROD00174,CUST00575,20230826,9,1,4285.14,0.0,4285.14,2432.1800000000003
ITEM0003614,ORD001727,PROD00191,CUST00802,20230531,2,1,4249.81,0.0,4249.81,1338.2900000000004
ITEM0003615,ORD001728,PROD00272,CUST00396,20230106,7,1,7587.4,0.18,6221.67,1724.4499999999998
ITEM0003616,ORD001728,PROD00273,CUST00396,20230106,7,1,4432.81,0.0,4432.81,1285.4200000000005
ITEM0003617,ORD001728,PROD00288,CUST00396,20230106,7,1,2790.22,0.0,2790.22,1564.3799999999999
ITEM0003618,ORD001728,PROD00283,CUST00396,20230106,7,4,7427.34,0.0,29709.36,11452.400000000001
ITEM0003619,ORD001729,PROD00037,CUST00905,20231218,9,1,5435.74,0.0,5435.74,3199.04
ITEM0003620,ORD001730,PROD00136,CUST00944,20240817,3,1,621.23,0.11,552.89,295.41999999999996
ITEM0003621,ORD001731,PROD00206,CUST00963,20230724,8,1,8632.13,0.0,8632.13,3966.2699999999995
ITEM0003622,ORD001732,PROD00110,CUST00423,20230609,5,2,7163.14,0.0,14326.28,8567.060000000001
ITEM0003623,ORD001732,PROD00247,CUST00423,20230609,5,1,7341.91,0.0,7341.91,3685.56
ITEM0003624,ORD001732,PROD00143,CUST00423,20230609,5,1,1075.34,0.0,1075.34,504.7299999999999
ITEM0003625,ORD001733,PROD00176,CUST00531,20230202,2,2,5492.71,0.23,8458.77,1830.7700000000004
ITEM0003626,ORD001733,PROD00063,CUST00531,20230202,2,4,1083.33,0.0,4333.32,2369.8799999999997
ITEM0003627,ORD001733,PROD00100,CUST00531,20230202,2,1,8661.69,0.0,8661.69,4965.460000000001
ITEM0003628,ORD001733,PROD00135,CUST00531,20230202,2,2,2086.2,0.0,4172.4,2044.4799999999996
ITEM0003629,ORD001734,PROD00191,CUST00564,20240229,3,2,4249.81,0.0,8499.62,2676.580000000001
ITEM0003630,ORD001734,PROD00181,CUST00564,20240229,3,1,2887.17,0.0,2887.17,1516.96
ITEM0003631,ORD001735,PROD00286,CUST00771,20231201,1,1,945.94,0.0,945.94,455.46000000000004
ITEM0003632,ORD001735,PROD00223,CUST00771,20231201,1,1,2430.88,0.0,2430.88,1193.92
ITEM0003633,ORD001736,PROD00248,CUST00594,20241106,6,3,10128.22,0.0,30384.66,16434.72
ITEM0003634,ORD001737,PROD00065,CUST00078,20230401,7,2,6570.64,0.21,10381.61,703.5100000000002
ITEM0003635,ORD001737,PROD00103,CUST00078,20230401,7,3,9136.07,0.0,27408.21,13763.82
ITEM0003636,ORD001737,PROD00163,CUST00078,20230401,7,1,2745.97,0.0,2745.97,1370.6399999999999
ITEM0003637,ORD001738,PROD00281,CUST00906,20240906,7,2,7979.23,0.08,14681.78,6659.360000000001
ITEM0003638,ORD001738,PROD00266,CUST00906,20240906,7,1,5956.89,0.0,5956.89,1078.0100000000002
ITEM0003639,ORD001738,PROD00007,CUST00906,20240906,7,2,7518.69,0.0,15037.38,5107.66
ITEM0003640,ORD001739,PROD00239,CUST00016,20230516,9,2,467.33,0.0,934.66,526.02
ITEM0003641,ORD001740,PROD00020,CUST00468,20230503,1,3,7970.85,0.0,23912.55,12287.789999999999
ITEM0003642,ORD001740,PROD00219,CUST00468,20230503,1,1,344.65,0.0,344.65,155.98999999999998
ITEM0003643,ORD001741,PROD00285,CUST00923,20241119,5,3,2757.81,0.0,8273.43,4430.04
ITEM0003644,ORD001742,PROD00236,CUST00667,20241007,3,1,2661.51,0.0,2661.51,1431.88
ITEM0003645,ORD001742,PROD00134,CUST00667,20241007,3,2,1127.73,0.04,2165.24,445.8799999999999
ITEM0003646,ORD001742,PROD00035,CUST00667,20241007,3,1,2576.9,0.0,2576.9,1165.71
ITEM0003647,ORD001742,PROD00295,CUST00667,20241007,3,1,895.09,0.0,895.09,175.74
ITEM0003648,ORD001743,PROD00274,CUST00084,20230107,3,1,5633.46,0.17,4675.77,107.59000000000015
ITEM0003649,ORD001743,PROD00286,CUST00084,20230107,3,4,945.94,0.04,3632.41,1670.4899999999998
ITEM0003650,ORD001743,PROD00240,CUST00084,20230107,3,2,4510.78,0.02,8841.13,4876.189999999999
ITEM0003651,ORD001744,PROD00148,CUST00167,20231102,6,3,3870.28,0.0,11610.84,5826.12
ITEM0003652,ORD001744,PROD00010,CUST00167,20231102,6,1,2259.53,0.17,1875.41,924.2
ITEM0003653,ORD001744,PROD00279,CUST00167,20231102,6,1,7168.01,0.0,7168.01,4297.540000000001
ITEM0003654,ORD001744,PROD00251,CUST00167,20231102,6,4,3365.3,0.0,13461.2,7963.240000000001
ITEM0003655,ORD001745,PROD00029,CUST00470,20230817,6,1,5799.72,0.0,5799.72,1511.1599999999999
ITEM0003656,ORD001745,PROD00207,CUST00470,20230817,6,3,6547.46,0.0,19642.38,11317.050000000001
ITEM0003657,ORD001746,PROD00195,CUST00415,20240407,1,1,9608.14,0.0,9608.14,5539.099999999999
ITEM0003658,ORD001747,PROD00103,CUST00941,20230516,5,2,9136.07,0.0,18272.14,9175.88
ITEM0003659,ORD001748,PROD00101,CUST00361,20230213,6,2,1373.9,0.11,2445.54,569.46
ITEM0003660,ORD001749,PROD00113,CUST00835,20240629,8,2,3472.93,0.0,6945.86,3308.2
ITEM0003661,ORD001749,PROD00181,CUST00835,20240629,8,1,2887.17,0.0,2887.17,1516.96
ITEM0003662,ORD001750,PROD00178,CUST00847,20240214,5,1,7985.04,0.0,7985.04,4658.66
ITEM0003663,ORD001750,PROD00032,CUST00847,20240214,5,1,301.12,0.0,301.12,56.30000000000001
ITEM0003664,ORD001750,PROD00275,CUST00847,20240214,5,2,5765.78,0.01,11416.24,6210.44
ITEM0003665,ORD001750,PROD00152,CUST00847,20240214,5,2,1231.99,0.0,2463.98,1214.9
ITEM0003666,ORD001750,PROD00141,CUST00847,20240214,5,1,4481.31,0.0,4481.31,1665.3200000000006
ITEM0003667,ORD001751,PROD00217,CUST00463,20240806,8,1,260.84,0.0,260.84,55.76999999999998
ITEM0003668,ORD001752,PROD00291,CUST00156,20240225,4,2,1173.69,0.06,2206.54,850.5
ITEM0003669,ORD001753,PROD00003,CUST00619,20240419,10,2,2902.0,0.0,5804.0,2981.44
ITEM0003670,ORD001754,PROD00228,CUST00596,20240117,5,1,1263.16,0.24,960.0,224.39
ITEM0003671,ORD001755,PROD00189,CUST00767,20230519,1,4,7636.65,0.19,24742.75,9381.07
ITEM0003672,ORD001756,PROD00110,CUST00985,20230619,7,4,7163.14,0.0,28652.56,17134.120000000003
ITEM0003673,ORD001756,PROD00124,CUST00985,20230619,7,1,2025.14,0.0,2025.14,409.46000000000004
ITEM0003674,ORD001757,PROD00032,CUST00990,20230316,8,3,301.12,0.15,-767.86,-1502.3200000000002
ITEM0003675,ORD001757,PROD00206,CUST00990,20230316,8,1,8632.13,0.0,8632.13,3966.2699999999995
ITEM0003676,ORD001757,PROD00063,CUST00990,20230316,8,3,1083.33,0.02,3184.99,1712.4099999999999
ITEM0003677,ORD001758,PROD00250,CUST00387,20231220,10,1,4610.44,0.0,4610.44,2239.2799999999997
ITEM0003678,ORD001758,PROD00044,CUST00387,20231220,10,3,5424.36,0.13,14157.58,7251.34
ITEM0003679,ORD001759,PROD00232,CUST00811,20240909,9,2,3144.6,0.0,6289.2,3220.8999999999996
ITEM0003680,ORD001759,PROD00019,CUST00811,20240909,9,1,2406.67,0.04,2310.4,1260.64
ITEM0003681,ORD001759,PROD00272,CUST00811,20240909,9,3,7587.4,0.0,22762.2,9270.54
ITEM0003682,ORD001759,PROD00110,CUST00811,20240909,9,1,7163.14,0.0,7163.14,4283.530000000001
ITEM0003683,ORD001759,PROD00250,CUST00811,20240909,9,1,4610.44,0.0,4610.44,2239.2799999999997
ITEM0003684,ORD001760,PROD00036,CUST00570,20240214,9,1,7308.78,0.0,7308.78,3739.1699999999996
ITEM0003685,ORD001760,PROD00089,CUST00570,20240214,9,4,781.78,0.0,3127.12,567.1999999999998
ITEM0003686,ORD001761,PROD00065,CUST00013,20240320,5,2,6570.64,0.0,13141.28,3463.1800000000003
ITEM0003687,ORD001761,PROD00012,CUST00013,20240320,5,3,7089.43,0.14,18290.73,8708.55
ITEM0003688,ORD001761,PROD00019,CUST00013,20240320,5,1,2406.67,0.0,2406.67,1356.91
ITEM0003689,ORD001761,PROD00135,CUST00013,20240320,5,1,2086.2,0.0,2086.2,1022.2399999999998
ITEM0003690,ORD001762,PROD00264,CUST00917,20230915,10,3,8008.38,0.02,23544.64,13183.359999999999
ITEM0003691,ORD001763,PROD00234,CUST01000,20230714,10,1,9552.76,0.23,7355.63,2843.55
ITEM0003692,ORD001764,PROD00170,CUST00297,20230310,5,2,1060.12,0.0,2120.23,-2559.1699999999996
ITEM0003693,ORD001764,PROD00282,CUST00297,20230310,5,1,3504.39,0.0,3504.39,1243.4
ITEM0003694,ORD001764,PROD00279,CUST00297,20230310,5,2,7168.01,0.0,14336.02,8595.080000000002
ITEM0003695,ORD001764,PROD00284,CUST00297,20230310,5,1,1981.58,0.08,1823.05,591.69
ITEM0003696,ORD001765,PROD00154,CUST00861,20230531,10,1,5526.27,0.0,5526.27,2561.6400000000003
ITEM0003697,ORD001765,PROD00080,CUST00861,20230531,10,1,862.91,0.0,862.91,394.7
ITEM0003698,ORD001765,PROD00131,CUST00861,20230531,10,1,576.16,0.0,576.16,215.51
ITEM0003699,ORD001766,PROD00237,CUST00892,20230204,5,1,8123.36,0.0,8123.36,4471.299999999999
ITEM0003700,ORD001767,PROD00249,CUST00210,20230118,9,1,4279.09,0.0,4279.09,2277.3500000000004
ITEM0003701,ORD001767,PROD00279,CUST00210,20230118,9,1,7168.01,0.27,5232.65,2362.18
ITEM0003702,ORD001767,PROD00209,CUST00210,20230118,9,1,3816.19,0.0,3816.19,2076.94
ITEM0003703,ORD001768,PROD00043,CUST00136,20240426,1,1,1789.22,0.0,1789.22,710.5899999999999
ITEM0003704,ORD001769,PROD00139,CUST00164,20231101,3,2,5962.8,0.25,8944.2,3217.9000000000005
ITEM0003705,ORD001770,PROD00028,CUST00532,20230226,3,1,214.4,0.0,214.4,64.71000000000001
ITEM0003706,ORD001770,PROD00300,CUST00532,20230226,3,3,1343.36,0.0,4030.08,2145.8399999999997
ITEM0003707,ORD001771,PROD00210,CUST00439,20240312,10,2,6680.3,0.0,13360.6,5156.32
ITEM0003708,ORD001771,PROD00241,CUST00439,20240312,10,1,251.97,0.0,251.97,-4035.44
ITEM0003709,ORD001771,PROD00160,CUST00439,20240312,10,1,1750.19,0.0,1750.19,438.8800000000001
ITEM0003710,ORD001772,PROD00110,CUST00411,20240927,3,1,7163.14,0.0,7163.14,4283.530000000001
ITEM0003711,ORD001773,PROD00177,CUST00665,20230204,6,2,5446.6,0.21,8605.63,3902.709999999999
ITEM0003712,ORD001774,PROD00202,CUST00374,20241105,4,2,1016.59,0.15,1728.2,372.52
ITEM0003713,ORD001774,PROD00235,CUST00374,20241105,4,3,1155.59,0.0,3466.77,2013.6
ITEM0003714,ORD001774,PROD00107,CUST00374,20241105,4,1,6282.37,0.17,5214.37,796.21
ITEM0003715,ORD001774,PROD00025,CUST00374,20241105,4,1,3078.83,0.0,3078.83,572.75
ITEM0003716,ORD001775,PROD00148,CUST00959,20230413,9,2,3870.28,0.0,7740.56,3884.0800000000004
ITEM0003717,ORD001775,PROD00040,CUST00959,20230413,9,2,3631.49,0.0,7262.98,4009.4399999999996
ITEM0003718,ORD001776,PROD00038,CUST00318,20230107,4,1,1983.28,0.03,1923.78,976.28
ITEM0003719,ORD001776,PROD00286,CUST00318,20230107,4,2,945.94,0.29,1343.23,362.27
ITEM0003720,ORD001777,PROD00068,CUST00231,20231122,2,2,1589.23,0.0,3178.46,760.3200000000002
ITEM0003721,ORD001777,PROD00266,CUST00231,20231122,2,2,5956.89,0.09,10841.54,1083.7800000000007
ITEM0003722,ORD001777,PROD00113,CUST00231,20231122,2,2,3472.93,0.0,6945.86,3308.2
ITEM0003723,ORD001778,PROD00153,CUST00014,20230410,1,2,4010.2,0.0,8020.4,3102.0199999999995
ITEM0003724,ORD001778,PROD00066,CUST00014,20230410,1,1,899.86,0.0,899.86,296.41999999999996
ITEM0003725,ORD001779,PROD00149,CUST00994,20240523,6,1,832.87,0.0,832.87,470.54
ITEM0003726,ORD001780,PROD00293,CUST00151,20230216,6,1,5361.88,0.0,5361.88,967.4899999999998
ITEM0003727,ORD001780,PROD00114,CUST00151,20230216,6,2,2295.26,0.27,3351.08,-418.96000000000004
ITEM0003728,ORD001780,PROD00187,CUST00151,20230216,6,1,6641.17,0.0,6641.17,2837.6800000000003
ITEM0003729,ORD001780,PROD00247,CUST00151,20230216,6,1,7341.91,0.0,7341.91,3685.56
ITEM0003730,ORD001781,PROD00023,CUST00204,20240827,9,1,3506.84,0.0,3506.84,2022.7700000000002
ITEM0003731,ORD001782,PROD00297,CUST00830,20230708,5,2,10930.45,0.0,21860.9,12658.400000000001
ITEM0003732,ORD001782,PROD00240,CUST00830,20230708,5,1,4510.78,0.0,4510.78,2528.3099999999995
ITEM0003733,ORD001783,PROD00217,CUST00624,20240717,1,1,260.84,0.0,260.84,55.76999999999998
ITEM0003734,ORD001784,PROD00295,CUST00887,20240301,3,2,895.09,0.0,1790.18,351.48
ITEM0003735,ORD001785,PROD00300,CUST00424,20240426,6,2,1343.36,0.29,1907.57,651.4099999999999
ITEM0003736,ORD001786,PROD00155,CUST00874,20240724,6,2,1532.82,0.0,3065.64,856.0
ITEM0003737,ORD001787,PROD00181,CUST00608,20240705,6,1,2887.17,0.0,2887.17,1516.96
ITEM0003738,ORD001787,PROD00147,CUST00608,20240705,6,2,4961.76,0.0,9923.52,3694.4800000000005
ITEM0003739,ORD001787,PROD00049,CUST00608,20240705,6,1,5326.74,0.0,5326.74,1407.12
ITEM0003740,ORD001788,PROD00022,CUST00620,20230207,2,2,1547.99,0.0,3095.98,1808.8600000000001
ITEM0003741,ORD001789,PROD00288,CUST00760,20240711,2,1,2790.22,0.0,2790.22,1564.3799999999999
ITEM0003742,ORD001789,PROD00205,CUST00760,20240711,2,1,6283.38,0.0,6283.38,1439.62
ITEM0003743,ORD001789,PROD00275,CUST00760,20240711,2,3,5765.78,0.0,17297.34,9488.64
ITEM0003744,ORD001790,PROD00296,CUST00278,20230924,10,2,1188.71,0.0,2377.42,541.46
ITEM0003745,ORD001790,PROD00276,CUST00278,20230924,10,1,8701.77,0.0,8701.77,5108.85
ITEM0003746,ORD001791,PROD00184,CUST00049,20240212,8,1,1498.15,0.1,1348.34,727.8599999999999
ITEM0003747,ORD001792,PROD00166,CUST00914,20230909,1,1,7134.8,0.03,6920.76,3186.6000000000004
ITEM0003748,ORD001792,PROD00141,CUST00914,20230909,1,1,4481.31,0.18,3674.67,858.6800000000003
ITEM0003749,ORD001792,PROD00077,CUST00914,20230909,1,2,7101.66,0.0,14203.32,6431.4
ITEM0003750,ORD001792,PROD00171,CUST00914,20230909,1,1,546.18,0.0,546.18,279.16999999999996
ITEM0003751,ORD001792,PROD00052,CUST00914,20230909,1,1,1689.78,0.25,1267.34,127.67999999999984
ITEM0003752,ORD001793,PROD00183,CUST00019,20231010,4,1,526.69,0.22,410.82,166.16
ITEM0003753,ORD001793,PROD00089,CUST00019,20231010,4,3,781.78,0.0,2345.34,425.4000000000001
ITEM0003754,ORD001793,PROD00057,CUST00019,20231010,4,1,4595.24,0.0,4595.24,2276.5899999999997
ITEM0003755,ORD001793,PROD00111,CUST00019,20231010,4,1,5596.44,0.0,5596.44,3031.0199999999995
ITEM0003756,ORD001794,PROD00241,CUST00025,20240706,4,2,772.95,0.0,1545.9,-7028.92
ITEM0003757,ORD001795,PROD00182,CUST00527,20230902,6,1,3616.25,0.0,3616.25,1810.58
ITEM0003758,ORD001796,PROD00063,CUST00996,20241005,1,1,1083.33,0.0,1083.33,592.4699999999999
ITEM0003759,ORD001797,PROD00038,CUST00162,20231126,10,1,1983.28,0.16,1665.96,718.46
ITEM0003760,ORD001797,PROD00051,CUST00162,20231126,10,3,8693.03,0.27,19037.74,5526.1900000000005
ITEM0003761,ORD001798,PROD00092,CUST00727,20240323,10,1,1552.76,0.0,1552.76,714.72
ITEM0003762,ORD001798,PROD00008,CUST00727,20240323,10,1,5338.8,0.0,5338.8,2219.09
ITEM0003763,ORD001799,PROD00132,CUST00205,20230516,1,1,5296.2,0.11,4713.62,526.4799999999996
ITEM0003764,ORD001799,PROD00204,CUST00205,20230516,1,3,3352.35,0.0,10057.05,4017.7799999999997
ITEM0003765,ORD001799,PROD00055,CUST00205,20230516,1,1,2678.2,0.0,2678.2,1021.0599999999997
ITEM0003766,ORD001800,PROD00095,CUST00516,20230122,9,1,1505.02,0.0,1505.02,539.46
ITEM0003767,ORD001800,PROD00195,CUST00516,20230122,9,2,9608.14,0.0,19216.28,11078.199999999999
ITEM0003768,ORD001800,PROD00104,CUST00516,20230122,9,3,2043.03,0.29,4351.65,543.9299999999994
ITEM0003769,ORD001801,PROD00142,CUST00495,20240725,1,4,8354.87,0.0,33419.48,14847.960000000003
ITEM0003770,ORD001802,PROD00150,CUST00717,20240905,10,1,290.6,0.0,290.6,161.43000000000004
ITEM0003771,ORD001803,PROD00284,CUST00081,20230816,2,1,1981.58,0.0,1981.58,750.22
ITEM0003772,ORD001804,PROD00113,CUST00344,20230409,9,2,3472.93,0.0,6945.86,3308.2
ITEM0003773,ORD001804,PROD00246,CUST00344,20230409,9,1,8011.14,0.0,8011.14,3940.9500000000003
ITEM0003774,ORD001805,PROD00190,CUST00247,20240213,3,1,3528.69,0.07,3281.68,1607.9999999999998
ITEM0003775,ORD001805,PROD00141,CUST00247,20240213,3,1,4481.31,0.0,4481.31,1665.3200000000006
ITEM0003776,ORD001806,PROD00002,CUST00466,20231030,3,1,231.58,0.0,231.58,94.31
ITEM0003777,ORD001807,PROD00168,CUST00008,20241125,8,1,5760.76,0.15,4896.65,1524.9199999999996
ITEM0003778,ORD001808,PROD00193,CUST00744,20240506,1,1,9202.76,0.0,9202.76,5114.96
ITEM0003779,ORD001808,PROD00175,CUST00744,20240506,1,2,8513.93,0.0,-17027.86,-26072.86
ITEM0003780,ORD001808,PROD00174,CUST00744,20240506,1,1,4285.14,0.01,4242.29,2389.33
ITEM0003781,ORD001808,PROD00032,CUST00744,20240506,1,1,301.12,0.0,301.12,56.30000000000001
ITEM0003782,ORD001808,PROD00271,CUST00744,20240506,1,1,439.58,0.07,408.81,187.81
ITEM0003783,ORD001809,PROD00051,CUST00917,20241017,4,3,8693.03,0.0,26079.09,12567.539999999999
ITEM0003784,ORD001809,PROD00208,CUST00917,20241017,4,2,4099.5,0.0,8199.0,1597.3199999999997
ITEM0003785,ORD001810,PROD00296,CUST00587,20240924,6,1,1188.71,0.0,1188.71,270.73
ITEM0003786,ORD001811,PROD00093,CUST00418,20240201,3,1,3802.74,0.0,3802.74,1540.1699999999996
ITEM0003787,ORD001811,PROD00098,CUST00418,20240201,3,3,2402.47,0.0,7207.41,3397.5299999999997
ITEM0003788,ORD001812,PROD00088,CUST00945,20240120,1,1,4559.98,0.04,4377.58,1100.5
ITEM0003789,ORD001812,PROD00262,CUST00945,20240120,1,1,1460.84,0.0,1460.84,737.4499999999999
ITEM0003790,ORD001812,PROD00196,CUST00945,20240120,1,1,6703.46,0.0,6703.46,3818.81
ITEM0003791,ORD001812,PROD00238,CUST00945,20240120,1,1,7201.82,0.0,7201.82,3679.9399999999996
ITEM0003792,ORD001813,PROD00278,CUST00309,20240701,1,1,629.94,0.0,629.94,145.56000000000006
ITEM0003793,ORD001814,PROD00082,CUST00222,20230107,7,2,3992.96,0.0,7985.92,4449.5
ITEM0003794,ORD001814,PROD00146,CUST00222,20230107,7,3,504.1,0.0,1512.3,823.89
ITEM0003795,ORD001814,PROD00023,CUST00222,20230107,7,1,3506.84,0.0,3506.84,2022.7700000000002
ITEM0003796,ORD001814,PROD00127,CUST00222,20230107,7,1,5321.52,0.0,5321.52,2776.7800000000007
ITEM0003797,ORD001814,PROD00200,CUST00222,20230107,7,1,7131.42,0.0,7131.42,3103.6
ITEM0003798,ORD001815,PROD00076,CUST00243,20240207,1,1,6038.15,0.0,6038.15,3106.5099999999998
ITEM0003799,ORD001816,PROD00258,CUST00133,20230215,9,2,5858.08,0.0,11716.16,6945.0599999999995
ITEM0003800,ORD001817,PROD00185,CUST00639,20230109,9,1,2719.98,0.0,2719.98,1485.46
ITEM0003801,ORD001818,PROD00063,CUST00122,20240829,3,2,1083.33,0.16,1819.99,838.27
ITEM0003802,ORD001818,PROD00198,CUST00122,20240829,3,1,1516.26,0.0,1516.26,484.5899999999999
ITEM0003803,ORD001818,PROD00160,CUST00122,20240829,3,3,1750.19,0.0,5250.57,1316.6399999999999
ITEM0003804,ORD001818,PROD00212,CUST00122,20240829,3,1,7782.48,0.09,7082.06,3536.9100000000003
ITEM0003805,ORD001819,PROD00236,CUST00139,20240109,1,1,2661.51,0.0,2661.51,1431.88
ITEM0003806,ORD001819,PROD00042,CUST00139,20240109,1,4,8235.83,0.0,32943.32,16551.84
ITEM0003807,ORD001819,PROD00135,CUST00139,20240109,1,1,2086.2,0.12,1835.86,771.8999999999999
ITEM0003808,ORD001819,PROD00229,CUST00139,20240109,1,1,726.54,0.0,726.54,250.2
ITEM0003809,ORD001820,PROD00146,CUST00583,20240115,8,3,504.1,0.0,1512.3,823.89
ITEM0003810,ORD001820,PROD00131,CUST00583,20240115,8,1,576.16,0.0,576.16,215.51
ITEM0003811,ORD001821,PROD00046,CUST00845,20241026,3,2,8988.77,0.03,17438.21,7924.509999999998
ITEM0003812,ORD001821,PROD00181,CUST00845,20241026,3,1,2887.17,0.0,2887.17,1516.96
ITEM0003813,ORD001821,PROD00265,CUST00845,20241026,3,1,4207.25,0.0,4207.25,1395.5500000000002
ITEM0003814,ORD001821,PROD00227,CUST00845,20241026,3,4,3250.8,0.0,13003.2,6446.320000000001
ITEM0003815,ORD001821,PROD00015,CUST00845,20241026,3,1,5418.41,0.0,5418.41,1545.25
ITEM0003816,ORD001822,PROD00278,CUST00045,20240316,3,3,629.94,0.0,1889.82,436.68000000000006
ITEM0003817,ORD001822,PROD00083,CUST00045,20240316,3,1,9425.24,0.3,6597.67,2291.2200000000003
ITEM0003818,ORD001822,PROD00158,CUST00045,20240316,3,2,8138.6,0.29,11556.81,3461.7699999999995
ITEM0003819,ORD001822,PROD00118,CUST00045,20240316,3,1,8273.55,0.0,8273.55,3302.5199999999995
ITEM0003820,ORD001822,PROD00241,CUST00045,20240316,3,1,1484.4,0.06,1395.34,-2892.0699999999997
ITEM0003821,ORD001823,PROD00084,CUST00678,20231030,6,1,7622.23,0.0,7622.23,4311.3099999999995
ITEM0003822,ORD001824,PROD00071,CUST00327,20230214,5,1,534.87,0.29,379.76,44.539999999999964
ITEM0003823,ORD001825,PROD00124,CUST00527,20230819,2,4,2025.14,0.19,6561.45,98.72999999999956
ITEM0003824,ORD001825,PROD00170,CUST00527,20230819,2,1,2422.04,0.2,1937.64,-402.0599999999997
ITEM0003825,ORD001826,PROD00136,CUST00399,20240901,6,1,621.23,0.0,621.23,363.76
ITEM0003826,ORD001827,PROD00239,CUST00408,20231205,7,1,467.33,0.11,415.92,211.60000000000002
ITEM0003827,ORD001827,PROD00291,CUST00408,20231205,7,4,1173.69,0.0,4694.76,1982.6800000000003
ITEM0003828,ORD001828,PROD00184,CUST00127,20230602,8,1,1498.15,0.0,1498.15,877.6700000000001
ITEM0003829,ORD001828,PROD00225,CUST00127,20230602,8,1,6042.7,0.0,6042.7,1087.0999999999995
ITEM0003830,ORD001828,PROD00300,CUST00127,20230602,8,2,1343.36,0.0,2686.72,1430.5599999999997
ITEM0003831,ORD001828,PROD00164,CUST00127,20230602,8,3,5504.82,0.04,15853.88,6481.639999999999
ITEM0003832,ORD001828,PROD00165,CUST00127,20230602,8,1,1721.94,0.22,1343.11,548.8499999999999
ITEM0003833,ORD001829,PROD00296,CUST00241,20230113,7,1,1188.71,0.0,1188.71,270.73
ITEM0003834,ORD001830,PROD00289,CUST00032,20240309,8,1,3097.21,0.0,3097.21,1796.98
ITEM0003835,ORD001830,PROD00121,CUST00032,20240309,8,1,11305.27,0.13,9835.58,5004.86
ITEM0003836,ORD001830,PROD00106,CUST00032,20240309,8,1,3963.99,0.0,3963.99,1538.4499999999998
ITEM0003837,ORD001830,PROD00182,CUST00032,20240309,8,4,3616.25,0.0,14465.0,7242.32
ITEM0003838,ORD001831,PROD00097,CUST00924,20240307,7,1,1492.36,0.19,1208.81,32.86999999999989
ITEM0003839,ORD001831,PROD00212,CUST00924,20240307,7,1,7782.48,0.21,6148.16,2603.0099999999998
ITEM0003840,ORD001831,PROD00243,CUST00924,20240307,7,1,6308.05,0.0,6308.05,2974.4100000000003
ITEM0003841,ORD001832,PROD00252,CUST00517,20240110,6,1,910.14,0.0,910.14,163.96000000000004
ITEM0003842,ORD001832,PROD00202,CUST00517,20240110,6,1,1016.59,0.13,884.43,206.58999999999992
ITEM0003843,ORD001833,PROD00262,CUST00452,20230311,4,1,1460.84,0.0,1460.84,737.4499999999999
ITEM0003844,ORD001834,PROD00133,CUST00324,20230407,7,3,7313.64,0.0,21940.92,10097.55
ITEM0003845,ORD001834,PROD00035,CUST00324,20230407,7,1,2576.9,0.0,2576.9,1165.71
ITEM0003846,ORD001834,PROD00167,CUST00324,20230407,7,1,2019.38,0.0,2019.38,501.08000000000015
ITEM0003847,ORD001834,PROD00200,CUST00324,20230407,7,2,7131.42,0.0,14262.84,6207.2
ITEM0003848,ORD001835,PROD00030,CUST00184,20230513,5,1,4937.89,0.03,4789.75,2318.59
ITEM0003849,ORD001835,PROD00288,CUST00184,20230513,5,3,2790.22,0.0,8370.66,4693.14
ITEM0003850,ORD001835,PROD00231,CUST00184,20230513,5,1,3622.68,0.0,3622.68,1349.3199999999997
ITEM0003851,ORD001835,PROD00045,CUST00184,20230513,5,1,4706.05,0.0,4706.05,1730.3900000000003
ITEM0003852,ORD001836,PROD00133,CUST00581,20240328,5,1,7313.64,0.3,5119.55,1171.7600000000002
ITEM0003853,ORD001836,PROD00026,CUST00581,20240328,5,1,992.19,0.3,694.53,220.59999999999997
ITEM0003854,ORD001837,PROD00243,CUST00100,20230807,6,2,6308.05,0.0,12616.1,5948.820000000001
ITEM0003855,ORD001837,PROD00165,CUST00100,20230807,6,1,1721.94,0.0,1721.94,927.6800000000001
ITEM0003856,ORD001837,PROD00050,CUST00100,20230807,6,1,5338.68,0.19,4324.33,712.0
ITEM0003857,ORD001837,PROD00134,CUST00100,20230807,6,2,1127.73,0.28,1623.93,-95.42999999999984
ITEM0003858,ORD001837,PROD00095,CUST00100,20230807,6,1,1505.02,0.0,1505.02,539.46
ITEM0003859,ORD001838,PROD00016,CUST00587,20230507,2,3,6005.27,0.27,13151.54,-681.1899999999987
ITEM0003860,ORD001839,PROD00039,CUST00988,20240321,5,2,6419.63,0.0,12839.26,3212.92
ITEM0003861,ORD001840,PROD00064,CUST00907,20240202,2,1,4268.27,0.0,4268.27,2240.9700000000003
ITEM0003862,ORD001840,PROD00106,CUST00907,20240202,2,1,3963.99,0.02,3884.71,1459.17
ITEM0003863,ORD001841,PROD00015,CUST00271,20240521,9,2,5418.41,0.24,8235.98,489.65999999999985
ITEM0003864,ORD001841,PROD00112,CUST00271,20240521,9,1,3435.2,0.12,3022.98,1430.43
ITEM0003865,ORD001842,PROD00288,CUST00791,20230220,3,3,2790.22,0.0,-8370.66,-12048.18
ITEM0003866,ORD001843,PROD00176,CUST00556,20230401,5,2,5492.71,0.0,10985.42,4357.42
ITEM0003867,ORD001844,PROD00049,CUST00168,20230710,1,1,5326.74,0.0,5326.74,1407.12
ITEM0003868,ORD001845,PROD00050,CUST00707,20230528,10,2,5338.68,0.01,10570.59,3345.9300000000003
ITEM0003869,ORD001846,PROD00265,CUST00882,20240802,7,4,4207.25,0.25,12621.75,1374.9500000000007
ITEM0003870,ORD001847,PROD00098,CUST00246,20231126,3,2,2402.47,0.13,4180.3,1640.38
ITEM0003871,ORD001848,PROD00081,CUST00192,20241030,5,1,2624.19,0.0,2624.19,1465.13
ITEM0003872,ORD001848,PROD00128,CUST00192,20241030,5,3,4199.76,0.0,12599.28,4608.450000000001
ITEM0003873,ORD001849,PROD00054,CUST00739,20230818,9,1,5941.63,0.17,4931.55,2019.2000000000003
ITEM0003874,ORD001849,PROD00197,CUST00739,20230818,9,1,8766.75,0.0,8766.75,5089.860000000001
ITEM0003875,ORD001849,PROD00090,CUST00739,20230818,9,1,494.65,0.0,494.65,254.57999999999998
ITEM0003876,ORD001850,PROD00210,CUST00023,20230706,10,2,6680.3,0.0,13360.6,5156.32
ITEM0003877,ORD001850,PROD00210,CUST00023,20230706,10,4,6680.3,0.08,24583.5,8174.939999999999
ITEM0003878,ORD001850,PROD00262,CUST00023,20230706,10,2,1460.84,0.0,2921.68,1474.8999999999999
ITEM0003879,ORD001851,PROD00111,CUST00194,20240923,4,3,5596.44,0.0,16789.32,9093.06
ITEM0003880,ORD001851,PROD00220,CUST00194,20240923,4,1,6168.69,0.0,6168.69,2661.0299999999997
ITEM0003881,ORD001852,PROD00130,CUST00985,20230806,5,3,3445.25,0.29,7338.38,366.65000000000055
ITEM0003882,ORD001853,PROD00112,CUST00010,20240914,8,1,3435.2,0.0,3435.2,1842.6499999999999
ITEM0003883,ORD001853,PROD00169,CUST00010,20240914,8,1,5358.09,0.08,4929.44,2556.0199999999995
ITEM0003884,ORD001854,PROD00087,CUST00130,20231217,7,2,4546.57,0.0,9093.14,4746.82
ITEM0003885,ORD001854,PROD00243,CUST00130,20231217,7,1,6308.05,0.09,5740.33,2406.69
ITEM0003886,ORD001854,PROD00169,CUST00130,20231217,7,3,5358.09,0.0,16074.27,8954.01
ITEM0003887,ORD001855,PROD00285,CUST00072,20240929,4,1,2757.81,0.3,1930.47,649.3399999999999
ITEM0003888,ORD001855,PROD00228,CUST00072,20240929,4,1,1263.16,0.0,1263.16,527.5500000000001
ITEM0003889,ORD001855,PROD00262,CUST00072,20240929,4,1,1460.84,0.16,1227.11,503.7199999999999
ITEM0003890,ORD001855,PROD00050,CUST00072,20240929,4,2,5338.68,0.14,9182.53,1957.8700000000008
ITEM0003891,ORD001856,PROD00146,CUST00252,20231019,4,1,504.1,0.0,504.1,274.63
ITEM0003892,ORD001857,PROD00130,CUST00505,20230512,8,1,3445.25,0.07,3204.08,880.1700000000001
ITEM0003893,ORD001858,PROD00179,CUST00717,20240602,1,1,6055.62,0.0,6055.62,3585.27
ITEM0003894,ORD001858,PROD00033,CUST00717,20240602,1,1,1942.09,0.02,1903.25,743.3499999999999
ITEM0003895,ORD001859,PROD00140,CUST00948,20230129,8,1,1718.72,0.0,1718.72,936.76
ITEM0003896,ORD001860,PROD00269,CUST00817,20240123,1,2,2135.25,0.0,4270.5,2070.88
ITEM0003897,ORD001860,PROD00183,CUST00817,20240123,1,1,526.69,0.05,500.36,255.70000000000002
ITEM0003898,ORD001861,PROD00001,CUST00646,20230519,5,1,9272.65,0.16,7789.03,3239.8599999999997
ITEM0003899,ORD001862,PROD00242,CUST00136,20230224,8,2,2496.43,0.0,4992.86,1023.1599999999999
ITEM0003900,ORD001862,PROD00158,CUST00136,20230224,8,1,8138.6,0.05,7731.67,3684.15
ITEM0003901,ORD001862,PROD00189,CUST00136,20230224,8,1,7636.65,0.24,5803.85,1963.4300000000003
ITEM0003902,ORD001862,PROD00098,CUST00136,20230224,8,1,2402.47,0.17,1994.05,724.0899999999999
ITEM0003903,ORD001862,PROD00275,CUST00136,20230224,8,1,5765.78,0.22,4497.31,1894.4100000000003
ITEM0003904,ORD001863,PROD00214,CUST00519,20240111,3,3,8107.58,0.26,17998.83,4652.310000000001
ITEM0003905,ORD001864,PROD00021,CUST00851,20240316,3,1,6443.82,0.14,5541.69,2367.24
ITEM0003906,ORD001864,PROD00005,CUST00851,20240316,3,2,246.43,0.1,443.57,91.37
ITEM0003907,ORD001864,PROD00233,CUST00851,20240316,3,4,3164.97,0.0,12659.88,6010.239999999999
ITEM0003908,ORD001864,PROD00113,CUST00851,20240316,3,1,3472.93,0.09,3160.37,1341.54
ITEM0003909,ORD001864,PROD00178,CUST00851,20240316,3,2,7985.04,0.0,15970.08,9317.32
ITEM0003910,ORD001865,PROD00011,CUST00825,20230715,9,1,2615.05,0.13,2275.09,1043.3400000000001
ITEM0003911,ORD001866,PROD00235,CUST00969,20230926,7,2,1155.59,0.28,1664.05,695.27
ITEM0003912,ORD001867,PROD00054,CUST00498,20240901,10,1,5941.63,0.0,5941.63,3029.28
ITEM0003913,ORD001867,PROD00025,CUST00498,20240901,10,1,3078.83,0.23,2370.7,-135.3800000000001
ITEM0003914,ORD001867,PROD00296,CUST00498,20240901,10,3,1188.71,0.16,2995.55,241.61000000000013
ITEM0003915,ORD001867,PROD00238,CUST00498,20240901,10,4,7201.82,0.0,28807.28,14719.759999999998
ITEM0003916,ORD001867,PROD00115,CUST00498,20240901,10,2,3250.57,0.12,5721.0,2250.36
ITEM0003917,ORD001868,PROD00128,CUST00497,20241126,10,1,4199.76,0.0,4199.76,1536.15
ITEM0003918,ORD001868,PROD00201,CUST00497,20241126,10,1,3944.29,0.28,2839.89,-48.960000000000036
ITEM0003919,ORD001869,PROD00241,CUST00614,20230921,9,1,2307.13,0.0,2307.13,-1980.2799999999997
ITEM0003920,ORD001870,PROD00185,CUST00015,20231118,5,1,2719.98,0.03,2638.38,1403.8600000000001
ITEM0003921,ORD001870,PROD00224,CUST00015,20231118,5,1,8522.29,0.0,8522.29,4734.700000000001
ITEM0003922,ORD001871,PROD00093,CUST00304,20240322,4,1,3802.74,0.0,3802.74,1540.1699999999996
ITEM0003923,ORD001871,PROD00031,CUST00304,20240322,4,2,4066.81,0.0,8133.62,2820.4799999999996
ITEM0003924,ORD001872,PROD00150,CUST00104,20240126,3,1,290.6,0.19,235.39,106.22
ITEM0003925,ORD001873,PROD00207,CUST00077,20241028,2,4,6547.46,0.0,26189.84,15089.4
ITEM0003926,ORD001873,PROD00260,CUST00077,20241028,2,4,8617.38,0.0,34469.52,16487.439999999995
ITEM0003927,ORD001873,PROD00075,CUST00077,20241028,2,1,6662.95,0.0,6662.95,3442.12
ITEM0003928,ORD001873,PROD00118,CUST00077,20241028,2,1,8273.55,0.0,8273.55,3302.5199999999995
ITEM0003929,ORD001873,PROD00065,CUST00077,20241028,2,1,6570.64,0.0,6570.64,1731.5900000000001
ITEM0003930,ORD001874,PROD00273,CUST00017,20230915,1,2,4432.81,0.0,8865.62,2570.840000000001
ITEM0003931,ORD001875,PROD00146,CUST00932,20230521,4,1,504.1,0.0,504.1,274.63
ITEM0003932,ORD001875,PROD00159,CUST00932,20230521,4,2,198.83,0.19,322.1,121.76000000000002
ITEM0003933,ORD001875,PROD00050,CUST00932,20230521,4,1,5338.68,0.0,5338.68,1726.3500000000004
ITEM0003934,ORD001876,PROD00198,CUST00177,20231104,3,2,1516.26,0.0,3032.52,969.1799999999998
ITEM0003935,ORD001876,PROD00029,CUST00177,20231104,3,1,5799.72,0.0,5799.72,1511.1599999999999
ITEM0003936,ORD001877,PROD00226,CUST00868,20230307,9,1,648.79,0.0,648.79,173.39
ITEM0003937,ORD001878,PROD00218,CUST00462,20230729,9,2,6300.23,0.0,12600.46,7165.439999999999
ITEM0003938,ORD001878,PROD00257,CUST00462,20230729,9,1,2528.74,0.13,2200.0,-2053.2
ITEM0003939,ORD001878,PROD00068,CUST00462,20230729,9,2,1589.23,0.0,3178.46,760.3200000000002
ITEM0003940,ORD001878,PROD00255,CUST00462,20230729,9,1,7383.63,0.15,6276.09,2945.86
ITEM0003941,ORD001879,PROD00077,CUST00070,20231025,7,4,7101.66,0.0,28406.64,12862.8
ITEM0003942,ORD001880,PROD00288,CUST00590,20230919,6,3,2790.22,0.0,8370.66,4693.14
ITEM0003943,ORD001880,PROD00078,CUST00590,20230919,6,1,2028.86,0.0,2028.86,477.30999999999995
ITEM0003944,ORD001880,PROD00201,CUST00590,20230919,6,3,3944.29,0.0,11832.87,3166.3200000000015
ITEM0003945,ORD001880,PROD00268,CUST00590,20230919,6,2,852.32,0.29,1210.29,250.99
ITEM0003946,ORD001880,PROD00167,CUST00590,20230919,6,2,2019.38,0.0,4038.76,1002.1600000000003
ITEM0003947,ORD001881,PROD00139,CUST00996,20240703,5,1,5962.8,0.21,4710.61,1847.4599999999996
ITEM0003948,ORD001881,PROD00224,CUST00996,20240703,5,3,8522.29,0.18,20964.83,9602.060000000001
ITEM0003949,ORD001882,PROD00034,CUST00276,20240930,10,2,2533.01,0.1,4559.42,1149.54
ITEM0003950,ORD001883,PROD00263,CUST00995,20230905,1,1,4979.64,0.0,4979.64,1665.3500000000004
ITEM0003951,ORD001883,PROD00259,CUST00995,20230905,1,1,1489.83,0.0,1489.83,322.39999999999986
ITEM0003952,ORD001884,PROD00014,CUST00860,20230221,9,4,1451.31,0.08,5340.82,947.0599999999995
ITEM0003953,ORD001884,PROD00162,CUST00860,20230221,9,3,3555.3,0.0,10665.9,3255.209999999999
ITEM0003954,ORD001885,PROD00167,CUST00008,20230516,2,1,2019.38,0.21,1595.31,77.00999999999999
ITEM0003955,ORD001886,PROD00047,CUST00519,20241201,7,1,1589.57,0.09,1446.51,464.98
ITEM0003956,ORD001886,PROD00124,CUST00519,20241201,7,3,2025.14,0.29,4313.55,-533.4899999999998
ITEM0003957,ORD001887,PROD00059,CUST00331,20240213,6,2,11784.91,0.0,23569.82,13687.86
ITEM0003958,ORD001888,PROD00123,CUST00261,20240625,8,1,2950.23,0.0,2950.23,1140.89
ITEM0003959,ORD001888,PROD00276,CUST00261,20240625,8,1,8701.77,0.0,8701.77,5108.85
ITEM0003960,ORD001888,PROD00002,CUST00261,20240625,8,1,231.58,0.0,231.58,94.31
ITEM0003961,ORD001889,PROD00018,CUST00346,20240402,9,1,2803.77,0.0,2803.77,948.98
ITEM0003962,ORD001889,PROD00034,CUST00346,20240402,9,1,2533.01,0.26,1874.43,169.49
ITEM0003963,ORD001889,PROD00047,CUST00346,20240402,9,1,1589.57,0.0,1589.57,608.04
ITEM0003964,ORD001890,PROD00221,CUST00700,20231026,1,1,901.85,0.3,631.29,-35.07000000000005
ITEM0003965,ORD001890,PROD00154,CUST00700,20231026,1,1,5526.27,0.0,5526.27,2561.6400000000003
ITEM0003966,ORD001891,PROD00287,CUST00158,20230420,3,1,6559.01,0.0,6559.01,3257.69
ITEM0003967,ORD001891,PROD00238,CUST00158,20230420,3,1,7201.82,0.12,6337.6,2815.7200000000003
ITEM0003968,ORD001892,PROD00146,CUST00627,20240825,8,1,504.1,0.0,504.1,274.63
ITEM0003969,ORD001893,PROD00050,CUST00542,20230726,7,4,5338.68,0.29,15161.85,712.5300000000007
ITEM0003970,ORD001894,PROD00033,CUST00841,20231122,8,1,1942.09,0.02,1903.25,743.3499999999999
ITEM0003971,ORD001895,PROD00123,CUST00199,20240223,1,2,2950.23,0.0,5900.46,2281.78
ITEM0003972,ORD001895,PROD00009,CUST00199,20240223,1,1,5332.96,0.0,5332.96,3130.36
ITEM0003973,ORD001896,PROD00259,CUST00525,20230806,7,1,1489.83,0.0,1489.83,322.39999999999986
ITEM0003974,ORD001896,PROD00184,CUST00525,20230806,7,3,1498.15,0.0,4494.45,2633.0099999999998
ITEM0003975,ORD001897,PROD00224,CUST00627,20240707,9,3,8522.29,0.28,18408.15,7045.380000000001
ITEM0003976,ORD001897,PROD00053,CUST00627,20240707,9,1,7229.99,0.0,7229.99,4151.26
ITEM0003977,ORD001898,PROD00246,CUST00276,20230806,10,1,8011.14,0.18,6569.13,2498.94
ITEM0003978,ORD001899,PROD00254,CUST00488,20240913,10,1,3623.42,0.0,3623.42,725.1199999999999
ITEM0003979,ORD001900,PROD00122,CUST00157,20231211,9,3,11549.43,0.15,29451.05,14637.259999999998
ITEM0003980,ORD001901,PROD00164,CUST00014,20240623,5,1,5504.82,0.04,5284.63,2160.55
ITEM0003981,ORD001902,PROD00131,CUST00307,20240518,9,2,576.16,0.0,1152.32,431.02
ITEM0003982,ORD001903,PROD00037,CUST00258,20240809,1,1,5435.74,0.23,4185.52,1948.8200000000006
ITEM0003983,ORD001903,PROD00076,CUST00258,20240809,1,1,6038.15,0.0,6038.15,3106.5099999999998
ITEM0003984,ORD001903,PROD00056,CUST00258,20240809,1,1,6326.27,0.28,4554.91,2011.52
ITEM0003985,ORD001903,PROD00179,CUST00258,20240809,1,1,6055.62,0.19,4905.05,2434.7000000000003
ITEM0003986,ORD001904,PROD00125,CUST00144,20230216,7,1,5694.29,0.21,4498.49,311.0500000000002
ITEM0003987,ORD001905,PROD00028,CUST00667,20230531,1,1,214.4,0.04,205.82,56.129999999999995
ITEM0003988,ORD001905,PROD00190,CUST00667,20230531,1,2,3528.69,0.0,7057.38,3710.02
ITEM0003989,ORD001906,PROD00061,CUST00341,20230524,9,1,4205.57,0.0,4205.57,946.1699999999996
ITEM0003990,ORD001907,PROD00111,CUST00042,20230607,4,2,5596.44,0.0,11192.88,6062.039999999999
ITEM0003991,ORD001907,PROD00292,CUST00042,20230607,4,1,5910.44,0.0,5910.44,2987.9799999999996
ITEM0003992,ORD001908,PROD00033,CUST00546,20231020,7,1,1942.09,0.18,1592.51,432.6099999999999
ITEM0003993,ORD001908,PROD00288,CUST00546,20231020,7,3,2790.22,0.25,6278.0,2600.4800000000005
ITEM0003994,ORD001909,PROD00262,CUST00317,20241103,2,1,1460.84,0.0,1460.84,737.4499999999999
ITEM0003995,ORD001910,PROD00260,CUST00207,20230612,1,2,8617.38,0.0,17234.76,8243.719999999998
ITEM0003996,ORD001910,PROD00105,CUST00207,20230612,1,2,3095.41,0.19,5014.56,1559.4400000000005
ITEM0003997,ORD001911,PROD00092,CUST00533,20241018,7,4,1552.76,0.0,6211.04,2858.88
ITEM0003998,ORD001911,PROD00259,CUST00533,20241018,7,2,1489.83,0.0,2979.66,644.7999999999997
ITEM0003999,ORD001912,PROD00232,CUST00663,20230908,4,1,3144.6,0.18,2578.57,1044.42
ITEM0004000,ORD001912,PROD00235,CUST00663,20230908,4,1,1155.59,0.0,1155.59,671.1999999999999
ITEM0004001,ORD001913,PROD00215,CUST00386,20240715,10,1,379.53,0.0,379.53,75.0
ITEM0004002,ORD001914,PROD00295,CUST00951,20231027,9,1,895.09,0.22,698.17,-21.180000000000064
ITEM0004003,ORD001915,PROD00299,CUST00187,20240217,10,1,10649.19,0.01,10542.7,6045.31
ITEM0004004,ORD001916,PROD00249,CUST00832,20230405,9,3,4279.09,0.0,12837.27,6832.05
ITEM0004005,ORD001917,PROD00079,CUST00798,20231029,3,3,7182.12,0.0,21546.36,11551.98
ITEM0004006,ORD001917,PROD00283,CUST00798,20231029,3,1,7427.34,0.0,7427.34,2863.1000000000004
ITEM0004007,ORD001917,PROD00296,CUST00798,20231029,3,1,1188.71,0.06,1117.39,199.41000000000008
ITEM0004008,ORD001918,PROD00056,CUST00638,20240229,9,1,6326.27,0.0,6326.27,3782.8800000000006
ITEM0004009,ORD001918,PROD00261,CUST00638,20240229,9,1,2154.14,0.0,2154.14,1173.1
ITEM0004010,ORD001919,PROD00028,CUST00137,20230830,8,2,214.4,0.16,360.19,60.81
ITEM0004011,ORD001920,PROD00142,CUST00515,20241001,10,1,8354.87,0.0,8354.87,3711.9900000000007
ITEM0004012,ORD001921,PROD00097,CUST00848,20241126,10,2,1492.36,0.0,2984.72,632.8399999999997
ITEM0004013,ORD001921,PROD00112,CUST00848,20241126,10,1,3435.2,0.0,3435.2,1842.6499999999999
ITEM0004014,ORD001921,PROD00037,CUST00848,20241126,10,1,5435.74,0.0,5435.74,3199.04
ITEM0004015,ORD001921,PROD00194,CUST00848,20241126,10,1,535.55,0.0,535.55,316.76
ITEM0004016,ORD001922,PROD00218,CUST00844,20231120,5,1,6300.23,0.0,6300.23,3582.7199999999993
ITEM0004017,ORD001923,PROD00269,CUST00688,20230226,9,2,2135.25,0.21,3373.7,1174.08
ITEM0004018,ORD001923,PROD00026,CUST00688,20230226,9,1,992.19,0.0,992.19,518.26
ITEM0004019,ORD001924,PROD00091,CUST00073,20230923,8,1,1302.09,0.0,1302.09,622.29
ITEM0004020,ORD001924,PROD00214,CUST00073,20230923,8,1,8107.58,0.16,6810.37,2361.5299999999997
ITEM0004021,ORD001924,PROD00089,CUST00073,20230923,8,1,781.78,0.23,601.97,-38.00999999999999
ITEM0004022,ORD001924,PROD00012,CUST00073,20230923,8,1,7089.43,0.0,7089.43,3895.3700000000003
ITEM0004023,ORD001925,PROD00139,CUST00839,20230321,9,1,5962.8,0.09,5426.15,2562.9999999999995
ITEM0004024,ORD001926,PROD00203,CUST00527,20240418,2,2,477.27,0.0,954.54,533.6199999999999
ITEM0004025,ORD001926,PROD00146,CUST00527,20240418,2,1,504.1,0.13,438.57,209.1
ITEM0004026,ORD001926,PROD00067,CUST00527,20240418,2,1,996.38,0.0,996.38,381.22
ITEM0004027,ORD001927,PROD00007,CUST00595,20240725,5,2,7518.69,0.17,12481.03,2551.3100000000013
ITEM0004028,ORD001927,PROD00120,CUST00595,20240725,5,2,1288.16,0.0,2576.32,1501.44
ITEM0004029,ORD001928,PROD00018,CUST00415,20230621,9,1,2803.77,0.0,2803.77,948.98
ITEM0004030,ORD001928,PROD00129,CUST00415,20230621,9,1,2500.46,0.0,-2500.46,-4088.3199999999997
ITEM0004031,ORD001928,PROD00234,CUST00415,20230621,9,1,9552.76,0.0,9552.76,5040.68
ITEM0004032,ORD001928,PROD00057,CUST00415,20230621,9,2,4595.24,0.0,9190.48,4553.179999999999
ITEM0004033,ORD001928,PROD00100,CUST00415,20230621,9,2,8661.69,0.09,15764.28,8371.82
ITEM0004034,ORD001929,PROD00046,CUST00538,20230730,1,4,8988.77,0.0,35955.08,16927.68
ITEM0004035,ORD001930,PROD00148,CUST00244,20230604,10,2,3870.28,0.0,7740.56,3884.0800000000004
ITEM0004036,ORD001930,PROD00257,CUST00244,20230604,10,4,1197.31,0.01,4741.33,-12271.47
ITEM0004037,ORD001931,PROD00025,CUST00648,20230129,6,1,3078.83,0.25,2309.12,-196.96000000000004
ITEM0004038,ORD001931,PROD00078,CUST00648,20230129,6,1,2028.86,0.06,1907.13,355.58000000000015
ITEM0004039,ORD001931,PROD00228,CUST00648,20230129,6,2,1263.16,0.25,1894.74,423.52
ITEM0004040,ORD001931,PROD00173,CUST00648,20230129,6,1,1640.16,0.0,1640.16,-2783.7200000000003
ITEM0004041,ORD001932,PROD00191,CUST00951,20230608,10,2,4249.81,0.0,8499.62,2676.580000000001
ITEM0004042,ORD001932,PROD00045,CUST00951,20230608,10,1,4706.05,0.0,4706.05,1730.3900000000003
ITEM0004043,ORD001932,PROD00089,CUST00951,20230608,10,1,781.78,0.0,781.78,141.79999999999995
ITEM0004044,ORD001932,PROD00024,CUST00951,20230608,10,1,10115.71,0.0,10115.71,5877.049999999999
ITEM0004045,ORD001932,PROD00290,CUST00951,20230608,10,1,1195.14,0.22,932.21,155.32000000000005
ITEM0004046,ORD001933,PROD00258,CUST00786,20240607,3,2,5858.08,0.0,11716.16,6945.0599999999995
ITEM0004047,ORD001933,PROD00183,CUST00786,20240607,3,4,526.69,0.27,1537.93,559.2900000000001
ITEM0004048,ORD001933,PROD00057,CUST00786,20240607,3,1,4595.24,0.0,4595.24,2276.5899999999997
ITEM0004049,ORD001933,PROD00287,CUST00786,20240607,3,2,6559.01,0.0,13118.02,6515.38
ITEM0004050,ORD001934,PROD00135,CUST00398,20240216,10,1,2086.2,0.0,2086.2,1022.2399999999998
ITEM0004051,ORD001935,PROD00271,CUST00493,20230813,3,1,439.58,0.0,439.58,218.57999999999998
ITEM0004052,ORD001935,PROD00144,CUST00493,20230813,3,1,9953.38,0.0,9953.38,5272.469999999999
ITEM0004053,ORD001936,PROD00057,CUST00282,20230818,9,1,4595.24,0.0,4595.24,2276.5899999999997
ITEM0004054,ORD001937,PROD00136,CUST00249,20230217,6,3,621.23,0.18,1528.23,755.8199999999999
ITEM0004055,ORD001938,PROD00277,CUST00883,20240228,9,1,556.92,0.0,556.92,297.17999999999995
ITEM0004056,ORD001938,PROD00218,CUST00883,20240228,9,1,6300.23,0.0,6300.23,3582.7199999999993
ITEM0004057,ORD001938,PROD00056,CUST00883,20240228,9,1,6326.27,0.0,6326.27,3782.8800000000006
ITEM0004058,ORD001938,PROD00082,CUST00883,20240228,9,2,3992.96,0.0,7985.92,4449.5
ITEM0004059,ORD001939,PROD00232,CUST00708,20231229,8,2,3144.6,0.08,5786.06,2717.76
ITEM0004060,ORD001939,PROD00173,CUST00708,20231229,8,3,1713.44,0.03,4986.1,-8285.539999999999
ITEM0004061,ORD001940,PROD00125,CUST00861,20230624,4,1,5694.29,0.28,4099.89,-87.54999999999927
ITEM0004062,ORD001941,PROD00259,CUST00693,20240326,1,1,1489.83,0.0,1489.83,322.39999999999986
ITEM0004063,ORD001942,PROD00257,CUST00692,20240909,4,1,2560.08,0.0,2560.08,-1693.12
ITEM0004064,ORD001943,PROD00296,CUST00377,20231115,9,1,1188.71,0.0,1188.71,270.73
ITEM0004065,ORD001944,PROD00003,CUST00910,20231112,8,1,2902.0,0.0,2902.0,1490.72
ITEM0004066,ORD001944,PROD00200,CUST00910,20231112,8,2,7131.42,0.0,14262.84,6207.2
ITEM0004067,ORD001945,PROD00096,CUST00664,20230821,6,1,4639.15,0.0,4639.15,2414.68
ITEM0004068,ORD001945,PROD00199,CUST00664,20230821,6,2,3657.98,0.0,7315.96,3665.32
ITEM0004069,ORD001946,PROD00253,CUST00643,20231129,7,1,791.63,0.0,791.63,272.5
ITEM0004070,ORD001946,PROD00291,CUST00643,20231129,7,1,1173.69,0.0,1173.69,495.6700000000001
ITEM0004071,ORD001946,PROD00094,CUST00643,20231129,7,2,6449.58,0.0,12899.16,5525.54
ITEM0004072,ORD001946,PROD00296,CUST00643,20231129,7,1,1188.71,0.0,1188.71,270.73
ITEM0004073,ORD001947,PROD00037,CUST00655,20240819,8,3,5435.74,0.0,16307.22,9597.119999999999
ITEM0004074,ORD001948,PROD00067,CUST00238,20230526,5,1,996.38,0.0,996.38,381.22
ITEM0004075,ORD001948,PROD00172,CUST00238,20230526,5,2,734.93,0.0,1469.86,852.06
ITEM0004076,ORD001949,PROD00203,CUST00270,20231026,7,1,477.27,0.28,343.63,133.17
ITEM0004077,ORD001950,PROD00092,CUST00744,20240309,7,1,1552.76,0.0,1552.76,714.72
ITEM0004078,ORD001950,PROD00012,CUST00744,20240309,7,1,7089.43,0.0,7089.43,3895.3700000000003
ITEM0004079,ORD001950,PROD00268,CUST00744,20240309,7,3,852.32,0.09,2326.83,887.8800000000001
ITEM0004080,ORD001950,PROD00006,CUST00744,20240309,7,2,8153.69,0.17,13535.13,5298.789999999999
ITEM0004081,ORD001951,PROD00004,CUST00327,20240919,8,1,4097.38,0.0,4097.38,698.21
ITEM0004082,ORD001952,PROD00156,CUST00597,20231230,8,2,1816.09,0.0,3632.18,2095.4399999999996
ITEM0004083,ORD001953,PROD00152,CUST00450,20241109,4,3,1231.99,0.09,3363.33,1489.71
ITEM0004084,ORD001953,PROD00264,CUST00450,20241109,4,1,8008.38,0.0,8008.38,4554.62
ITEM0004085,ORD001953,PROD00237,CUST00450,20241109,4,3,8123.36,0.0,24370.08,13413.900000000001
ITEM0004086,ORD001953,PROD00081,CUST00450,20241109,4,1,2624.19,0.25,1968.14,809.0800000000002
ITEM0004087,ORD001953,PROD00293,CUST00450,20241109,4,1,5361.88,0.09,4879.31,484.9200000000001
ITEM0004088,ORD001954,PROD00173,CUST00140,20230208,10,1,1503.15,0.03,1458.06,-2965.82
ITEM0004089,ORD001954,PROD00007,CUST00140,20230208,10,1,7518.69,0.0,7518.69,2553.83
ITEM0004090,ORD001955,PROD00279,CUST00168,20241019,4,2,7168.01,0.0,14336.02,8595.080000000002
ITEM0004091,ORD001955,PROD00091,CUST00168,20241019,4,3,1302.09,0.0,3906.27,1866.8700000000001
ITEM0004092,ORD001955,PROD00019,CUST00168,20241019,4,1,2406.67,0.0,2406.67,1356.91
ITEM0004093,ORD001956,PROD00098,CUST00564,20230312,6,1,2402.47,0.01,2378.45,1108.4899999999998
ITEM0004094,ORD001957,PROD00210,CUST00025,20240203,8,1,6680.3,0.17,5544.65,1442.5099999999993
ITEM0004095,ORD001958,PROD00186,CUST00399,20230918,3,1,1445.96,0.0,1445.96,829.34
ITEM0004096,ORD001958,PROD00097,CUST00399,20230918,3,1,1492.36,0.23,1149.12,-26.820000000000164
ITEM0004097,ORD001958,PROD00272,CUST00399,20230918,3,1,7587.4,0.0,7587.4,3090.1799999999994
ITEM0004098,ORD001958,PROD00137,CUST00399,20230918,3,2,5635.51,0.04,10820.18,4377.14
ITEM0004099,ORD001958,PROD00197,CUST00399,20230918,3,2,8766.75,0.0,17533.5,10179.720000000001
ITEM0004100,ORD001959,PROD00249,CUST00291,20240711,2,1,4279.09,0.0,4279.09,2277.3500000000004
ITEM0004101,ORD001959,PROD00131,CUST00291,20240711,2,1,576.16,0.11,512.78,152.13
ITEM0004102,ORD001960,PROD00056,CUST00435,20230428,2,4,6326.27,0.0,25305.08,15131.520000000002
ITEM0004103,ORD001961,PROD00058,CUST00526,20230320,2,1,4592.96,0.05,4363.31,1438.8800000000006
ITEM0004104,ORD001962,PROD00040,CUST00234,20230412,5,1,3631.49,0.0,3631.49,2004.7199999999998
ITEM0004105,ORD001963,PROD00062,CUST00262,20240827,9,1,5673.89,0.0,5673.89,2029.9500000000003
ITEM0004106,ORD001963,PROD00277,CUST00262,20240827,9,1,556.92,0.15,473.38,213.64
ITEM0004107,ORD001963,PROD00096,CUST00262,20240827,9,1,4639.15,0.0,4639.15,2414.68
ITEM0004108,ORD001964,PROD00138,CUST00606,20230512,3,2,10725.29,0.03,20807.06,11855.340000000002
ITEM0004109,ORD001965,PROD00044,CUST00832,20230130,3,1,5424.36,0.1,4881.92,2579.84
ITEM0004110,ORD001966,PROD00001,CUST00744,20240811,10,1,9272.65,0.0,9272.65,4723.48
ITEM0004111,ORD001966,PROD00092,CUST00744,20240811,10,2,1552.76,0.2,2484.42,808.3400000000001
ITEM0004112,ORD001966,PROD00151,CUST00744,20240811,10,3,5518.05,0.19,13408.86,772.6500000000015
ITEM0004113,ORD001966,PROD00156,CUST00744,20240811,10,2,1816.09,0.0,3632.18,2095.4399999999996
ITEM0004114,ORD001966,PROD00240,CUST00744,20240811,10,3,4510.78,0.26,10013.93,4066.5200000000004
ITEM0004115,ORD001967,PROD00055,CUST00387,20240301,8,1,2678.2,0.0,2678.2,1021.0599999999997
ITEM0004116,ORD001968,PROD00056,CUST00976,20240321,2,1,6326.27,0.06,5946.69,3403.2999999999997
ITEM0004117,ORD001968,PROD00223,CUST00976,20240321,2,2,2430.88,0.02,4764.52,2290.6000000000004
ITEM0004118,ORD001968,PROD00001,CUST00976,20240321,2,3,9272.65,0.2,22254.36,8606.85
ITEM0004119,ORD001969,PROD00071,CUST00285,20230904,3,2,534.87,0.0,1069.74,399.29999999999995
ITEM0004120,ORD001969,PROD00195,CUST00285,20230904,3,4,9608.14,0.0,38432.56,22156.399999999998
ITEM0004121,ORD001970,PROD00281,CUST00697,20230517,4,1,7979.23,0.0,7979.23,3968.0199999999995
ITEM0004122,ORD001971,PROD00189,CUST00996,20240324,7,1,7636.65,0.0,7636.65,3796.2299999999996
ITEM0004123,ORD001971,PROD00105,CUST00996,20240324,7,2,3095.41,0.0,6190.82,2735.7
ITEM0004124,ORD001972,PROD00065,CUST00486,20230407,8,1,6570.64,0.09,5979.28,1140.2299999999996
ITEM0004125,ORD001972,PROD00238,CUST00486,20230407,8,2,7201.82,0.0,14403.64,7359.879999999999
ITEM0004126,ORD001972,PROD00228,CUST00486,20230407,8,3,1263.16,0.0,3789.48,1582.65
ITEM0004127,ORD001973,PROD00160,CUST00124,20240218,5,2,1750.19,0.03,3395.37,772.75
ITEM0004128,ORD001973,PROD00296,CUST00124,20240218,5,1,1188.71,0.0,1188.71,270.73
ITEM0004129,ORD001974,PROD00085,CUST00469,20230306,5,1,1960.53,0.0,1960.53,788.48
ITEM0004130,ORD001974,PROD00023,CUST00469,20230306,5,1,3506.84,0.0,3506.84,2022.7700000000002
ITEM0004131,ORD001975,PROD00281,CUST00834,20240121,1,1,7979.23,0.25,5984.42,1973.21
ITEM0004132,ORD001975,PROD00295,CUST00834,20240121,1,1,895.09,0.02,877.19,157.84000000000003
ITEM0004133,ORD001976,PROD00073,CUST00224,20240124,2,1,9071.35,0.0,9071.35,4439.54
ITEM0004134,ORD001976,PROD00008,CUST00224,20240124,2,1,5338.8,0.13,4644.76,1525.0500000000002
ITEM0004135,ORD001976,PROD00267,CUST00224,20240124,2,2,3457.61,0.0,6915.22,1418.9000000000005
ITEM0004136,ORD001976,PROD00164,CUST00224,20240124,2,2,5504.82,0.04,10569.25,4321.09
ITEM0004137,ORD001977,PROD00266,CUST00649,20240919,6,1,5956.89,0.12,5242.06,363.1800000000003
ITEM0004138,ORD001977,PROD00279,CUST00649,20240919,6,1,7168.01,0.0,7168.01,4297.540000000001
ITEM0004139,ORD001978,PROD00019,CUST00872,20240120,5,1,2406.67,0.09,2190.07,1140.3100000000002
ITEM0004140,ORD001978,PROD00050,CUST00872,20240120,5,2,5338.68,0.0,10677.36,3452.7000000000007
ITEM0004141,ORD001978,PROD00205,CUST00872,20240120,5,1,6283.38,0.0,6283.38,1439.62
ITEM0004142,ORD001978,PROD00115,CUST00872,20240120,5,1,3250.57,0.07,3023.03,1287.7100000000003
ITEM0004143,ORD001979,PROD00011,CUST00332,20240714,1,2,2615.05,0.0,5230.1,2766.6000000000004
ITEM0004144,ORD001979,PROD00259,CUST00332,20240714,1,1,1489.83,0.0,1489.83,322.39999999999986
ITEM0004145,ORD001979,PROD00091,CUST00332,20240714,1,3,1302.09,0.15,3320.33,1280.93
ITEM0004146,ORD001980,PROD00186,CUST00852,20230802,5,1,1445.96,0.0,1445.96,829.34
ITEM0004147,ORD001981,PROD00133,CUST00145,20240507,3,1,7313.64,0.0,7313.64,3365.8500000000004
ITEM0004148,ORD001981,PROD00224,CUST00145,20240507,3,1,8522.29,0.0,8522.29,4734.700000000001
ITEM0004149,ORD001981,PROD00299,CUST00145,20240507,3,2,10649.19,0.21,16825.72,7830.9400000000005
ITEM0004150,ORD001981,PROD00177,CUST00145,20240507,3,3,5446.6,0.0,16339.8,9285.419999999998
ITEM0004151,ORD001981,PROD00155,CUST00145,20240507,3,3,1532.82,0.21,3632.78,318.32000000000016
ITEM0004152,ORD001982,PROD00009,CUST00774,20240425,4,1,5332.96,0.0,5332.96,3130.36
ITEM0004153,ORD001982,PROD00045,CUST00774,20240425,4,1,4706.05,0.0,4706.05,1730.3900000000003
ITEM0004154,ORD001982,PROD00051,CUST00774,20240425,4,2,8693.03,0.17,14430.43,5422.73
ITEM0004155,ORD001983,PROD00151,CUST00749,20240123,2,3,5518.05,0.06,15560.9,2924.6900000000005
ITEM0004156,ORD001983,PROD00073,CUST00749,20240123,2,2,9071.35,0.0,18142.7,8879.08
ITEM0004157,ORD001983,PROD00236,CUST00749,20240123,2,4,2661.51,0.0,10646.04,5727.52
ITEM0004158,ORD001983,PROD00211,CUST00749,20240123,2,2,1624.33,0.0,3248.66,739.6199999999999
ITEM0004159,ORD001984,PROD00175,CUST00367,20230602,2,1,8513.93,0.26,6300.31,1777.8100000000004
ITEM0004160,ORD001984,PROD00273,CUST00367,20230602,2,2,4432.81,0.0,8865.62,2570.840000000001
ITEM0004161,ORD001984,PROD00223,CUST00367,20230602,2,1,2430.88,0.0,2430.88,1193.92
ITEM0004162,ORD001984,PROD00033,CUST00367,20230602,2,1,1942.09,0.1,1747.88,587.98
ITEM0004163,ORD001985,PROD00179,CUST00478,20240613,10,1,6055.62,0.0,6055.62,3585.27
ITEM0004164,ORD001985,PROD00259,CUST00478,20240613,10,1,1489.83,0.11,1325.95,158.51999999999998
ITEM0004165,ORD001985,PROD00054,CUST00478,20240613,10,4,5941.63,0.0,23766.52,12117.12
ITEM0004166,ORD001986,PROD00189,CUST00015,20231024,10,1,7636.65,0.13,6643.89,2803.4700000000003
ITEM0004167,ORD001987,PROD00152,CUST00098,20240311,9,2,1231.99,0.06,2316.14,1067.06
ITEM0004168,ORD001988,PROD00041,CUST00062,20230222,2,1,3958.75,0.0,3958.75,1734.7399999999998
ITEM0004169,ORD001988,PROD00187,CUST00062,20230222,2,2,6641.17,0.22,10360.23,2753.25
ITEM0004170,ORD001988,PROD00047,CUST00062,20230222,2,1,1589.57,0.0,1589.57,608.04
ITEM0004171,ORD001988,PROD00227,CUST00062,20230222,2,4,3250.8,0.0,13003.2,6446.320000000001
ITEM0004172,ORD001989,PROD00259,CUST00212,20231116,10,1,1489.83,0.0,1489.83,322.39999999999986
ITEM0004173,ORD001990,PROD00189,CUST00493,20240319,9,2,7636.65,0.08,14051.44,6370.6
ITEM0004174,ORD001990,PROD00202,CUST00493,20240319,9,1,1016.59,0.13,884.43,206.58999999999992
ITEM0004175,ORD001990,PROD00214,CUST00493,20240319,9,2,8107.58,0.27,11837.07,2939.3899999999994
ITEM0004176,ORD001991,PROD00109,CUST00818,20240512,9,1,7944.57,0.0,7944.57,3565.7999999999993
ITEM0004177,ORD001992,PROD00060,CUST00538,20241008,6,1,532.72,0.0,532.72,251.38000000000005
ITEM0004178,ORD001993,PROD00200,CUST00658,20240221,9,1,7131.42,0.0,7131.42,3103.6
ITEM0004179,ORD001993,PROD00144,CUST00658,20240221,9,3,9953.38,0.0,29860.14,15817.41
ITEM0004180,ORD001994,PROD00146,CUST00203,20241103,4,1,504.1,0.0,504.1,274.63
ITEM0004181,ORD001995,PROD00043,CUST00724,20230703,4,1,1789.22,0.0,1789.22,710.5899999999999
ITEM0004182,ORD001995,PROD00255,CUST00724,20230703,4,1,7383.63,0.0,7383.63,4053.4
ITEM0004183,ORD001995,PROD00149,CUST00724,20230703,4,1,832.87,0.07,774.57,412.24000000000007
ITEM0004184,ORD001995,PROD00029,CUST00724,20230703,4,1,5799.72,0.28,4175.8,-112.76000000000022
ITEM0004185,ORD001996,PROD00024,CUST00190,20230225,9,1,10115.71,0.0,10115.71,5877.049999999999
ITEM0004186,ORD001996,PROD00019,CUST00190,20230225,9,1,2406.67,0.25,1805.0,755.24
ITEM0004187,ORD001997,PROD00186,CUST00692,20230120,6,3,1445.96,0.0,4337.88,2488.02
ITEM0004188,ORD001998,PROD00029,CUST00297,20230409,3,2,5799.72,0.0,11599.44,3022.3199999999997
ITEM0004189,ORD001998,PROD00160,CUST00297,20230409,3,1,1750.19,0.0,1750.19,438.8800000000001
ITEM0004190,ORD001999,PROD00268,CUST00263,20230319,6,2,852.32,0.0,1704.64,745.3400000000001
ITEM0004191,ORD002000,PROD00220,CUST00915,20240310,4,2,6168.69,0.0,12337.38,5322.0599999999995
ITEM0004192,ORD002001,PROD00104,CUST00285,20230520,1,2,2043.03,0.04,3922.62,1384.1399999999999
ITEM0004193,ORD002001,PROD00208,CUST00285,20230520,1,1,4099.5,0.0,4099.5,798.6599999999999
ITEM0004194,ORD002001,PROD00073,CUST00285,20230520,1,1,9071.35,0.0,9071.35,4439.54
ITEM0004195,ORD002001,PROD00173,CUST00285,20230520,1,4,1372.57,0.0,5490.3,-12205.220000000001
ITEM0004196,ORD002002,PROD00023,CUST00681,20230708,3,3,3506.84,0.15,8942.44,4490.2300000000005
ITEM0004197,ORD002003,PROD00100,CUST00757,20241110,10,1,8661.69,0.12,7622.29,3926.06
ITEM0004198,ORD002004,PROD00222,CUST00315,20240701,4,1,3002.04,0.0,3002.04,1178.27
ITEM0004199,ORD002004,PROD00241,CUST00315,20240701,4,2,1366.69,0.0,2733.38,-5841.44
ITEM0004200,ORD002005,PROD00066,CUST00186,20240108,9,2,899.86,0.0,1799.72,592.8399999999999
ITEM0004201,ORD002006,PROD00174,CUST00261,20240904,6,2,4285.14,0.0,8570.28,4864.360000000001
ITEM0004202,ORD002006,PROD00045,CUST00261,20240904,6,1,4706.05,0.0,4706.05,1730.3900000000003
ITEM0004203,ORD002006,PROD00095,CUST00261,20240904,6,1,1505.02,0.0,1505.02,539.46
ITEM0004204,ORD002007,PROD00297,CUST00312,20230810,3,1,10930.45,0.28,7869.92,3268.67
ITEM0004205,ORD002008,PROD00288,CUST00439,20240329,1,1,2790.22,0.0,2790.22,1564.3799999999999
ITEM0004206,ORD002008,PROD00252,CUST00439,20240329,1,4,910.14,0.0,3640.56,655.8400000000001
ITEM0004207,ORD002008,PROD00060,CUST00439,20240329,1,1,532.72,0.29,-378.23,-659.5699999999999
ITEM0004208,ORD002009,PROD00128,CUST00179,20231002,1,2,4199.76,0.01,8315.52,2988.3
ITEM0004209,ORD002010,PROD00275,CUST00652,20240409,8,1,5765.78,0.0,5765.78,3162.8799999999997
ITEM0004210,ORD002011,PROD00094,CUST00641,20241014,6,1,6449.58,0.0,6449.58,2762.77
ITEM0004211,ORD002011,PROD00187,CUST00641,20241014,6,1,6641.17,0.0,6641.17,2837.6800000000003
ITEM0004212,ORD002012,PROD00007,CUST00343,20230405,3,3,7518.69,0.18,18495.98,3601.4000000000015
ITEM0004213,ORD002012,PROD00271,CUST00343,20230405,3,1,439.58,0.0,439.58,218.57999999999998
ITEM0004214,ORD002012,PROD00015,CUST00343,20230405,3,3,5418.41,0.0,16255.23,4635.75
ITEM0004215,ORD002013,PROD00200,CUST00274,20230309,8,1,7131.42,0.0,7131.42,3103.6
ITEM0004216,ORD002014,PROD00104,CUST00524,20241016,1,2,2043.03,0.0,4086.06,1547.58
ITEM0004217,ORD002014,PROD00270,CUST00524,20241016,1,1,4350.17,0.0,4350.17,2211.92
ITEM0004218,ORD002015,PROD00007,CUST00802,20240429,6,1,7518.69,0.0,7518.69,2553.83
ITEM0004219,ORD002015,PROD00288,CUST00802,20240429,6,3,2790.22,0.0,8370.66,4693.14
ITEM0004220,ORD002016,PROD00299,CUST00296,20230613,8,1,10649.19,0.11,9477.78,4980.39
ITEM0004221,ORD002016,PROD00130,CUST00296,20230613,8,2,3445.25,0.05,6545.98,1898.1599999999999
ITEM0004222,ORD002016,PROD00125,CUST00296,20230613,8,1,5694.29,0.0,5694.29,1506.8500000000004
ITEM0004223,ORD002016,PROD00073,CUST00296,20230613,8,1,9071.35,0.0,9071.35,4439.54
ITEM0004224,ORD002017,PROD00135,CUST00683,20231122,4,2,2086.2,0.0,4172.4,2044.4799999999996
ITEM0004225,ORD002018,PROD00012,CUST00781,20230511,10,1,7089.43,0.27,5175.28,1981.2199999999998
ITEM0004226,ORD002018,PROD00032,CUST00781,20230511,10,4,301.12,0.0,1204.48,225.20000000000005
ITEM0004227,ORD002018,PROD00068,CUST00781,20230511,10,1,1589.23,0.21,1255.49,46.42000000000007
ITEM0004228,ORD002018,PROD00228,CUST00781,20230511,10,2,1263.16,0.0,2526.32,1055.1000000000001
ITEM0004229,ORD002019,PROD00206,CUST00899,20230727,7,1,8632.13,0.0,8632.13,3966.2699999999995
ITEM0004230,ORD002019,PROD00057,CUST00899,20230727,7,1,4595.24,0.12,4043.81,1725.1599999999999
ITEM0004231,ORD002019,PROD00300,CUST00899,20230727,7,1,1343.36,0.29,953.79,325.7099999999999
ITEM0004232,ORD002020,PROD00102,CUST00084,20240501,3,4,6509.4,0.0,26037.6,13949.839999999998
ITEM0004233,ORD002020,PROD00283,CUST00084,20240501,3,2,7427.34,0.0,14854.68,5726.200000000001
ITEM0004234,ORD002020,PROD00171,CUST00084,20240501,3,1,546.18,0.19,442.41,175.40000000000003
ITEM0004235,ORD002021,PROD00018,CUST00561,20241002,4,2,2803.77,0.0,5607.54,1897.96
ITEM0004236,ORD002022,PROD00220,CUST00337,20240715,9,1,6168.69,0.0,6168.69,2661.0299999999997
ITEM0004237,ORD002022,PROD00208,CUST00337,20240715,9,1,4099.5,0.08,3771.54,470.6999999999998
ITEM0004238,ORD002022,PROD00190,CUST00337,20240715,9,4,3528.69,0.0,14114.76,7420.04
ITEM0004239,ORD002022,PROD00009,CUST00337,20240715,9,3,5332.96,0.0,15998.88,9391.08
ITEM0004240,ORD002022,PROD00066,CUST00337,20240715,9,2,899.86,0.0,1799.72,592.8399999999999
ITEM0004241,ORD002023,PROD00259,CUST00403,20230414,9,1,1489.83,0.0,1489.83,322.39999999999986
ITEM0004242,ORD002024,PROD00262,CUST00624,20240922,9,1,1460.84,0.0,1460.84,737.4499999999999
ITEM0004243,ORD002024,PROD00206,CUST00624,20240922,9,1,8632.13,0.0,8632.13,3966.2699999999995
ITEM0004244,ORD002024,PROD00120,CUST00624,20240922,9,3,1288.16,0.0,3864.48,2252.16
ITEM0004245,ORD002025,PROD00300,CUST00970,20241120,9,2,1343.36,0.0,2686.72,1430.5599999999997
ITEM0004246,ORD002026,PROD00296,CUST00091,20240417,1,1,1188.71,0.0,1188.71,270.73
ITEM0004247,ORD002026,PROD00157,CUST00091,20240417,1,1,2525.54,0.0,2525.54,951.1700000000001
ITEM0004248,ORD002026,PROD00116,CUST00091,20240417,1,1,3835.95,0.28,2761.88,288.53999999999996
ITEM0004249,ORD002026,PROD00209,CUST00091,20240417,1,2,3816.19,0.0,7632.38,4153.88
ITEM0004250,ORD002026,PROD00218,CUST00091,20240417,1,1,6300.23,0.0,6300.23,3582.7199999999993
ITEM0004251,ORD002027,PROD00009,CUST00061,20240124,8,2,5332.96,0.0,10665.92,6260.72
ITEM0004252,ORD002027,PROD00084,CUST00061,20240124,8,1,7622.23,0.0,7622.23,4311.3099999999995
ITEM0004253,ORD002027,PROD00205,CUST00061,20240124,8,1,6283.38,0.0,6283.38,1439.62
ITEM0004254,ORD002027,PROD00118,CUST00061,20240124,8,4,8273.55,0.0,33094.2,13210.079999999998
ITEM0004255,ORD002027,PROD00022,CUST00061,20240124,8,1,1547.99,0.0,1547.99,904.4300000000001
ITEM0004256,ORD002028,PROD00066,CUST00434,20240920,8,1,899.86,0.0,899.86,296.41999999999996
ITEM0004257,ORD002029,PROD00270,CUST00750,20240131,5,2,4350.17,0.0,8700.34,4423.84
ITEM0004258,ORD002030,PROD00170,CUST00803,20240212,4,2,2751.15,0.0,5502.3,822.9000000000005
ITEM0004259,ORD002030,PROD00270,CUST00803,20240212,4,2,4350.17,0.18,7134.28,2857.7799999999997
ITEM0004260,ORD002030,PROD00034,CUST00803,20240212,4,3,2533.01,0.19,6155.21,1040.3900000000003
ITEM0004261,ORD002030,PROD00178,CUST00803,20240212,4,1,7985.04,0.0,7985.04,4658.66
ITEM0004262,ORD002031,PROD00136,CUST00332,20230708,5,1,621.23,0.29,441.07,183.59999999999997
ITEM0004263,ORD002031,PROD00205,CUST00332,20230708,5,1,6283.38,0.0,6283.38,1439.62
ITEM0004264,ORD002031,PROD00014,CUST00332,20230708,5,2,1451.31,0.0,2902.62,705.7399999999998
ITEM0004265,ORD002032,PROD00232,CUST00863,20240202,5,2,3144.6,0.0,6289.2,3220.8999999999996
ITEM0004266,ORD002032,PROD00138,CUST00863,20240202,5,1,10725.29,0.0,10725.29,6249.430000000001
ITEM0004267,ORD002032,PROD00266,CUST00863,20240202,5,3,5956.89,0.0,17870.67,3234.029999999999
ITEM0004268,ORD002032,PROD00145,CUST00863,20240202,5,1,5845.69,0.1,5261.12,2875.0099999999998
ITEM0004269,ORD002033,PROD00126,CUST00112,20240904,8,1,10802.22,0.0,10802.22,5958.2699999999995
ITEM0004270,ORD002034,PROD00089,CUST00221,20230112,7,1,781.78,0.0,781.78,141.79999999999995
ITEM0004271,ORD002034,PROD00279,CUST00221,20230112,7,1,7168.01,0.21,5662.73,2792.2599999999998
ITEM0004272,ORD002035,PROD00136,CUST00113,20241114,3,2,621.23,0.0,1242.46,727.52
ITEM0004273,ORD002035,PROD00062,CUST00113,20241114,3,1,5673.89,0.25,4255.42,611.48
ITEM0004274,ORD002035,PROD00015,CUST00113,20241114,3,2,5418.41,0.0,10836.82,3090.5
ITEM0004275,ORD002036,PROD00294,CUST00472,20240803,2,1,8182.59,0.18,6709.72,2858.7200000000003
ITEM0004276,ORD002036,PROD00193,CUST00472,20240803,2,1,9202.76,0.13,-8006.4,-12094.2
ITEM0004277,ORD002036,PROD00015,CUST00472,20240803,2,3,5418.41,0.05,15442.47,3822.99
ITEM0004278,ORD002036,PROD00264,CUST00472,20240803,2,1,8008.38,0.23,6166.45,2712.6899999999996
ITEM0004279,ORD002037,PROD00270,CUST00911,20241129,9,3,4350.17,0.0,13050.51,6635.76
ITEM0004280,ORD002037,PROD00101,CUST00911,20241129,9,2,1373.9,0.0,2747.8,871.7200000000003
ITEM0004281,ORD002037,PROD00005,CUST00911,20241129,9,3,246.43,0.0,739.29,210.99
ITEM0004282,ORD002038,PROD00129,CUST00979,20230418,7,1,2500.46,0.02,2450.45,862.5899999999999
ITEM0004283,ORD002038,PROD00199,CUST00979,20230418,7,1,3657.98,0.0,3657.98,1832.66
ITEM0004284,ORD002039,PROD00228,CUST00411,20230427,4,2,1263.16,0.17,2096.85,625.6299999999999
ITEM0004285,ORD002039,PROD00159,CUST00411,20230427,4,1,198.83,0.18,163.04,62.86999999999999
ITEM0004286,ORD002039,PROD00096,CUST00411,20230427,4,3,4639.15,0.0,13917.45,7244.040000000001
ITEM0004287,ORD002040,PROD00230,CUST00232,20230719,4,1,8026.94,0.0,8026.94,4471.19
ITEM0004288,ORD002041,PROD00104,CUST00673,20240508,4,1,2043.03,0.1,1838.73,569.49
ITEM0004289,ORD002041,PROD00200,CUST00673,20240508,4,2,7131.42,0.0,14262.84,6207.2
ITEM0004290,ORD002042,PROD00195,CUST00846,20230216,10,1,9608.14,0.25,7206.1,3137.0600000000004
ITEM0004291,ORD002043,PROD00033,CUST00886,20230314,7,1,1942.09,0.0,1942.09,782.1899999999998
ITEM0004292,ORD002043,PROD00232,CUST00886,20230314,7,2,3144.6,0.23,4842.68,1774.38
ITEM0004293,ORD002043,PROD00016,CUST00886,20230314,7,1,6005.27,0.0,6005.27,1394.3600000000006
ITEM0004294,ORD002044,PROD00092,CUST00107,20230404,7,2,1552.76,0.0,3105.52,1429.44
ITEM0004295,ORD002044,PROD00017,CUST00107,20230404,7,1,9163.85,0.27,6689.61,2992.18
ITEM0004296,ORD002045,PROD00253,CUST00674,20241109,2,1,791.63,0.0,791.63,272.5
ITEM0004297,ORD002045,PROD00172,CUST00674,20241109,2,1,734.93,0.0,734.93,426.03
ITEM0004298,ORD002046,PROD00219,CUST00155,20230209,9,2,344.65,0.0,689.3,311.97999999999996
ITEM0004299,ORD002046,PROD00050,CUST00155,20230209,9,1,5338.68,0.0,5338.68,1726.3500000000004
ITEM0004300,ORD002046,PROD00165,CUST00155,20230209,9,1,1721.94,0.0,1721.94,927.6800000000001
ITEM0004301,ORD002046,PROD00248,CUST00155,20230209,9,2,10128.22,0.26,14989.77,5689.810000000001
ITEM0004302,ORD002047,PROD00052,CUST00938,20240218,9,1,1689.78,0.0,1689.78,550.1199999999999
ITEM0004303,ORD002048,PROD00105,CUST00041,20240908,4,2,3095.41,0.0,6190.82,2735.7
ITEM0004304,ORD002048,PROD00073,CUST00041,20240908,4,2,9071.35,0.25,13607.03,4343.41
ITEM0004305,ORD002049,PROD00074,CUST00514,20230922,6,3,9420.21,0.0,28260.63,15290.760000000002
ITEM0004306,ORD002050,PROD00006,CUST00203,20231123,2,4,8153.69,0.0,32614.76,16142.079999999998
ITEM0004307,ORD002050,PROD00261,CUST00203,20231123,2,1,2154.14,0.0,2154.14,1173.1
ITEM0004308,ORD002051,PROD00252,CUST00858,20240512,10,2,910.14,0.0,1820.28,327.9200000000001
ITEM0004309,ORD002052,PROD00251,CUST00102,20240507,2,3,3365.3,0.22,7874.8,3751.33
ITEM0004310,ORD002052,PROD00053,CUST00102,20240507,2,1,7229.99,0.0,7229.99,4151.26
ITEM0004311,ORD002053,PROD00229,CUST00699,20240819,5,3,726.54,0.0,2179.62,750.5999999999999
ITEM0004312,ORD002053,PROD00138,CUST00699,20240819,5,2,10725.29,0.13,18662.0,9710.28
ITEM0004313,ORD002053,PROD00197,CUST00699,20240819,5,1,8766.75,0.0,8766.75,5089.860000000001
ITEM0004314,ORD002054,PROD00026,CUST00889,20241116,1,1,992.19,0.0,992.19,518.26
ITEM0004315,ORD002055,PROD00262,CUST00095,20231024,2,2,1460.84,0.03,2834.03,1387.2500000000002
ITEM0004316,ORD002055,PROD00294,CUST00095,20231024,2,1,8182.59,0.0,8182.59,4331.59
ITEM0004317,ORD002055,PROD00144,CUST00095,20231024,2,2,9953.38,0.21,15726.34,6364.52
ITEM0004318,ORD002055,PROD00067,CUST00095,20231024,2,1,996.38,0.01,986.42,371.26
ITEM0004319,ORD002056,PROD00171,CUST00140,20231121,8,2,546.18,0.16,917.58,383.56000000000006
ITEM0004320,ORD002056,PROD00145,CUST00140,20231121,8,2,5845.69,0.0,11691.38,6919.159999999999
ITEM0004321,ORD002056,PROD00032,CUST00140,20231121,8,3,301.12,0.15,767.86,33.39999999999998
ITEM0004322,ORD002056,PROD00281,CUST00140,20231121,8,1,7979.23,0.09,7261.1,3249.8900000000003
ITEM0004323,ORD002057,PROD00092,CUST00488,20240322,9,1,1552.76,0.0,1552.76,714.72
ITEM0004324,ORD002057,PROD00174,CUST00488,20240322,9,1,4285.14,0.0,4285.14,2432.1800000000003
ITEM0004325,ORD002058,PROD00287,CUST00074,20240911,4,1,6559.01,0.0,6559.01,3257.69
ITEM0004326,ORD002058,PROD00109,CUST00074,20240911,4,2,7944.57,0.2,12711.31,3953.7699999999986
ITEM0004327,ORD002059,PROD00103,CUST00630,20231105,2,2,9136.07,0.0,18272.14,9175.88
ITEM0004328,ORD002059,PROD00089,CUST00630,20231105,2,4,781.78,0.0,3127.12,567.1999999999998
ITEM0004329,ORD002059,PROD00267,CUST00630,20231105,2,1,3457.61,0.0,3457.61,709.4500000000003
ITEM0004330,ORD002059,PROD00288,CUST00630,20231105,2,1,2790.22,0.0,2790.22,1564.3799999999999
ITEM0004331,ORD002059,PROD00013,CUST00630,20231105,2,1,10508.19,0.0,10508.19,5916.530000000001
ITEM0004332,ORD002060,PROD00298,CUST00256,20230623,3,1,5321.16,0.03,5161.53,1646.58
ITEM0004333,ORD002061,PROD00220,CUST00943,20230326,6,2,6168.69,0.0,12337.38,5322.0599999999995
ITEM0004334,ORD002061,PROD00272,CUST00943,20230326,6,2,7587.4,0.0,15174.8,6180.359999999999
ITEM0004335,ORD002062,PROD00086,CUST00190,20241108,7,1,5791.83,0.04,5560.16,2944.19
ITEM0004336,ORD002063,PROD00019,CUST00331,20230621,3,1,2406.67,0.0,2406.67,1356.91
ITEM0004337,ORD002063,PROD00147,CUST00331,20230621,3,1,4961.76,0.05,4713.67,1599.15
ITEM0004338,ORD002064,PROD00065,CUST00143,20230103,6,3,6570.64,0.0,19711.92,5194.769999999997
ITEM0004339,ORD002064,PROD00149,CUST00143,20230103,6,1,832.87,0.0,832.87,470.54
ITEM0004340,ORD002065,PROD00080,CUST00556,20240820,10,2,862.91,0.13,1501.46,565.0400000000001
ITEM0004341,ORD002065,PROD00134,CUST00556,20240820,10,1,1127.73,0.0,1127.73,268.05000000000007
ITEM0004342,ORD002066,PROD00254,CUST00400,20240312,10,1,3623.42,0.0,3623.42,725.1199999999999
ITEM0004343,ORD002066,PROD00226,CUST00400,20240312,10,1,648.79,0.17,538.5,63.10000000000002
ITEM0004344,ORD002067,PROD00192,CUST00032,20230301,6,4,5116.05,0.15,17394.57,3689.129999999999
ITEM0004345,ORD002067,PROD00120,CUST00032,20230301,6,3,1288.16,0.29,2743.78,1131.46
ITEM0004346,ORD002067,PROD00176,CUST00032,20230301,6,2,5492.71,0.0,10985.42,4357.42
ITEM0004347,ORD002067,PROD00106,CUST00032,20230301,6,1,3963.99,0.14,3409.03,983.4900000000002
ITEM0004348,ORD002067,PROD00285,CUST00032,20230301,6,1,2757.81,0.19,2233.83,952.6999999999998
ITEM0004349,ORD002068,PROD00242,CUST00357,20240407,7,2,2496.43,0.0,4992.86,1023.1599999999999
ITEM0004350,ORD002068,PROD00250,CUST00357,20240407,7,2,4610.44,0.15,7837.75,3095.4300000000003
ITEM0004351,ORD002069,PROD00062,CUST00460,20230708,2,1,5673.89,0.04,5446.93,1802.9900000000002
ITEM0004352,ORD002069,PROD00239,CUST00460,20230708,2,1,467.33,0.0,467.33,263.01
ITEM0004353,ORD002070,PROD00187,CUST00376,20240219,1,1,6641.17,0.0,6641.17,2837.6800000000003
ITEM0004354,ORD002071,PROD00091,CUST00302,20240325,5,2,1302.09,0.0,2604.18,1244.58
ITEM0004355,ORD002071,PROD00010,CUST00302,20240325,5,1,2259.53,0.0,2259.53,1308.3200000000002
ITEM0004356,ORD002071,PROD00293,CUST00302,20240325,5,2,5361.88,0.0,10723.76,1934.9799999999996
ITEM0004357,ORD002072,PROD00265,CUST00664,20240605,7,1,4207.25,0.0,4207.25,1395.5500000000002
ITEM0004358,ORD002072,PROD00100,CUST00664,20240605,7,3,8661.69,0.27,18969.1,7880.409999999998
ITEM0004359,ORD002072,PROD00033,CUST00664,20240605,7,3,1942.09,0.0,5826.27,2346.57
ITEM0004360,ORD002072,PROD00043,CUST00664,20240605,7,1,1789.22,0.14,1538.73,460.0999999999999
ITEM0004361,ORD002073,PROD00260,CUST00797,20240331,2,1,8617.38,0.13,7497.12,3001.5999999999995
ITEM0004362,ORD002074,PROD00141,CUST00555,20240223,10,1,4481.31,0.29,3181.73,365.74000000000024
ITEM0004363,ORD002075,PROD00190,CUST00139,20240512,9,3,3528.69,0.21,8363.0,3341.96
ITEM0004364,ORD002076,PROD00066,CUST00125,20230424,6,1,899.86,0.0,899.86,296.41999999999996
ITEM0004365,ORD002076,PROD00199,CUST00125,20230424,6,1,3657.98,0.3,2560.59,735.2700000000002
ITEM0004366,ORD002076,PROD00073,CUST00125,20230424,6,3,9071.35,0.0,27214.05,13318.619999999999
ITEM0004367,ORD002076,PROD00256,CUST00125,20230424,6,1,256.57,0.0,256.57,96.10999999999999
ITEM0004368,ORD002076,PROD00257,CUST00125,20230424,6,1,566.81,0.0,566.81,-3686.39
ITEM0004369,ORD002077,PROD00062,CUST00152,20240719,3,1,5673.89,0.0,5673.89,2029.9500000000003
ITEM0004370,ORD002078,PROD00036,CUST00335,20240427,3,1,7308.78,0.0,7308.78,3739.1699999999996
ITEM0004371,ORD002079,PROD00128,CUST00033,20231101,1,1,4199.76,0.08,3863.78,1200.17
ITEM0004372,ORD002079,PROD00268,CUST00033,20231101,1,3,852.32,0.0,2556.96,1118.0100000000002
ITEM0004373,ORD002080,PROD00064,CUST00620,20240408,2,2,4268.27,0.0,8536.54,4481.9400000000005
ITEM0004374,ORD002081,PROD00291,CUST00684,20231222,1,1,1173.69,0.0,1173.69,495.6700000000001
ITEM0004375,ORD002082,PROD00266,CUST00169,20230530,9,1,5956.89,0.19,4825.08,-53.80000000000018
ITEM0004376,ORD002083,PROD00164,CUST00655,20230501,6,1,5504.82,0.26,4073.57,949.4900000000002
ITEM0004377,ORD002083,PROD00191,CUST00655,20230501,6,3,4249.81,0.0,12749.43,4014.870000000001
ITEM0004378,ORD002083,PROD00172,CUST00655,20230501,6,2,734.93,0.0,1469.86,852.06
ITEM0004379,ORD002084,PROD00058,CUST00247,20240620,1,3,4592.96,0.0,13778.88,5005.59
ITEM0004380,ORD002085,PROD00245,CUST00105,20231104,10,1,6215.91,0.22,4848.41,1051.4699999999998
ITEM0004381,ORD002086,PROD00061,CUST00628,20230321,6,1,4205.57,0.0,4205.57,946.1699999999996
ITEM0004382,ORD002086,PROD00051,CUST00628,20230321,6,1,8693.03,0.0,8693.03,4189.18
ITEM0004383,ORD002087,PROD00183,CUST00269,20241102,5,2,526.69,0.0,1053.38,564.0600000000002
ITEM0004384,ORD002087,PROD00001,CUST00269,20241102,5,1,9272.65,0.09,8438.11,3888.9400000000005
ITEM0004385,ORD002088,PROD00145,CUST00038,20240717,3,1,5845.69,0.07,5436.49,3050.3799999999997
ITEM0004386,ORD002089,PROD00204,CUST00024,20230817,7,2,3352.35,0.0,6704.7,2678.52
ITEM0004387,ORD002090,PROD00076,CUST00728,20241019,1,1,6038.15,0.0,6038.15,3106.5099999999998
ITEM0004388,ORD002091,PROD00062,CUST00150,20241114,2,1,5673.89,0.0,5673.89,2029.9500000000003
ITEM0004389,ORD002091,PROD00162,CUST00150,20241114,2,3,3555.3,0.0,10665.9,3255.209999999999
ITEM0004390,ORD002091,PROD00124,CUST00150,20241114,2,1,2025.14,0.0,2025.14,409.46000000000004
ITEM0004391,ORD002092,PROD00050,CUST00954,20230914,4,2,5338.68,0.22,8328.34,1103.6800000000003
ITEM0004392,ORD002093,PROD00160,CUST00566,20231206,6,2,1750.19,0.0,3500.38,877.7600000000002
ITEM0004393,ORD002094,PROD00261,CUST00715,20231110,1,3,2154.14,0.0,6462.42,3519.3
ITEM0004394,ORD002094,PROD00242,CUST00715,20231110,1,1,2496.43,0.0,2496.43,511.5799999999999
ITEM0004395,ORD002094,PROD00040,CUST00715,20231110,1,1,3631.49,0.08,3340.97,1714.1999999999998
ITEM0004396,ORD002094,PROD00256,CUST00715,20231110,1,1,256.57,0.0,256.57,96.10999999999999
ITEM0004397,ORD002095,PROD00195,CUST00618,20240305,7,2,9608.14,0.0,19216.28,11078.199999999999
ITEM0004398,ORD002095,PROD00170,CUST00618,20240305,7,2,1800.11,0.0,3600.22,-1079.1799999999998
ITEM0004399,ORD002095,PROD00280,CUST00618,20240305,7,3,4625.83,0.0,13877.49,7431.719999999999
ITEM0004400,ORD002095,PROD00249,CUST00618,20240305,7,2,4279.09,0.1,7702.36,3698.8799999999997
ITEM0004401,ORD002096,PROD00168,CUST00623,20240616,9,2,5760.76,0.0,11521.52,4778.06
ITEM0004402,ORD002096,PROD00007,CUST00623,20240616,9,1,7518.69,0.0,7518.69,2553.83
ITEM0004403,ORD002096,PROD00215,CUST00623,20240616,9,2,379.53,0.14,652.79,43.73000000000002
ITEM0004404,ORD002096,PROD00198,CUST00623,20240616,9,1,1516.26,0.0,1516.26,484.5899999999999
ITEM0004405,ORD002096,PROD00051,CUST00623,20240616,9,1,8693.03,0.0,8693.03,4189.18
ITEM0004406,ORD002097,PROD00126,CUST00431,20231206,8,1,10802.22,0.0,10802.22,5958.2699999999995
ITEM0004407,ORD002097,PROD00248,CUST00431,20231206,8,4,10128.22,0.0,40512.88,21912.96
ITEM0004408,ORD002098,PROD00160,CUST00085,20230214,7,1,1750.19,0.0,1750.19,438.8800000000001
ITEM0004409,ORD002098,PROD00039,CUST00085,20230214,7,2,6419.63,0.11,11426.94,1800.6000000000004
ITEM0004410,ORD002099,PROD00033,CUST00680,20240304,9,1,1942.09,0.0,1942.09,782.1899999999998
ITEM0004411,ORD002100,PROD00271,CUST00226,20240102,1,1,439.58,0.0,439.58,218.57999999999998
ITEM0004412,ORD002100,PROD00237,CUST00226,20240102,1,4,8123.36,0.0,32493.44,17885.199999999997
ITEM0004413,ORD002101,PROD00283,CUST00165,20240920,10,1,7427.34,0.0,7427.34,2863.1000000000004
ITEM0004414,ORD002101,PROD00283,CUST00165,20240920,10,2,7427.34,0.28,10695.37,1566.8900000000012
ITEM0004415,ORD002101,PROD00251,CUST00165,20240920,10,3,3365.3,0.0,10095.9,5972.429999999999
ITEM0004416,ORD002102,PROD00096,CUST00331,20230704,1,2,4639.15,0.0,9278.3,4829.36
ITEM0004417,ORD002102,PROD00225,CUST00331,20230704,1,1,6042.7,0.25,4532.02,-423.5799999999999
ITEM0004418,ORD002103,PROD00049,CUST00179,20230914,4,1,5326.74,0.08,4900.6,980.9800000000005
ITEM0004419,ORD002103,PROD00101,CUST00179,20230914,4,2,1373.9,0.0,2747.8,871.7200000000003
ITEM0004420,ORD002104,PROD00083,CUST00727,20240410,3,1,9425.24,0.0,9425.24,5118.79
ITEM0004421,ORD002105,PROD00220,CUST00111,20240906,6,1,6168.69,0.0,6168.69,2661.0299999999997
ITEM0004422,ORD002106,PROD00044,CUST00394,20230130,3,1,5424.36,0.0,5424.36,3122.2799999999997
ITEM0004423,ORD002106,PROD00015,CUST00394,20230130,3,1,5418.41,0.0,5418.41,1545.25
ITEM0004424,ORD002107,PROD00207,CUST00169,20231012,6,1,6547.46,0.21,5172.49,2397.3799999999997
ITEM0004425,ORD002107,PROD00160,CUST00169,20231012,6,2,1750.19,0.22,2730.3,107.68000000000029
ITEM0004426,ORD002107,PROD00287,CUST00169,20231012,6,1,6559.01,0.0,6559.01,3257.69
ITEM0004427,ORD002107,PROD00083,CUST00169,20231012,6,1,9425.24,0.0,9425.24,5118.79
ITEM0004428,ORD002108,PROD00227,CUST00148,20241103,10,1,3250.8,0.0,3250.8,1611.5800000000002
ITEM0004429,ORD002108,PROD00095,CUST00148,20241103,10,1,1505.02,0.0,1505.02,539.46
ITEM0004430,ORD002109,PROD00272,CUST00869,20230816,2,1,7587.4,0.0,7587.4,3090.1799999999994
ITEM0004431,ORD002109,PROD00113,CUST00869,20230816,2,1,3472.93,0.0,3472.93,1654.1
ITEM0004432,ORD002109,PROD00021,CUST00869,20230816,2,1,6443.82,0.0,6443.82,3269.37
ITEM0004433,ORD002109,PROD00095,CUST00869,20230816,2,3,1505.02,0.0,4515.06,1618.3800000000006
ITEM0004434,ORD002109,PROD00109,CUST00869,20230816,2,1,7944.57,0.28,5720.09,1341.3199999999997
ITEM0004435,ORD002110,PROD00040,CUST00232,20240201,1,2,3631.49,0.0,7262.98,4009.4399999999996
ITEM0004436,ORD002110,PROD00102,CUST00232,20240201,1,2,6509.4,0.24,9894.29,3850.4100000000008
ITEM0004437,ORD002110,PROD00066,CUST00232,20240201,1,3,899.86,0.0,2699.58,889.2599999999998
ITEM0004438,ORD002110,PROD00227,CUST00232,20240201,1,2,3250.8,0.0,6501.6,3223.1600000000003
ITEM0004439,ORD002111,PROD00179,CUST00615,20240924,2,2,6055.62,0.0,12111.24,7170.54
ITEM0004440,ORD002111,PROD00041,CUST00615,20240924,2,1,3958.75,0.0,3958.75,1734.7399999999998
ITEM0004441,ORD002111,PROD00165,CUST00615,20240924,2,1,1721.94,0.0,1721.94,927.6800000000001
ITEM0004442,ORD002111,PROD00064,CUST00615,20240924,2,1,4268.27,0.0,4268.27,2240.9700000000003
ITEM0004443,ORD002112,PROD00166,CUST00143,20240906,3,1,7134.8,0.03,6920.76,3186.6000000000004
ITEM0004444,ORD002112,PROD00176,CUST00143,20240906,3,1,5492.71,0.0,5492.71,2178.71
ITEM0004445,ORD002112,PROD00258,CUST00143,20240906,3,1,5858.08,0.1,5272.27,2886.7200000000003
ITEM0004446,ORD002112,PROD00094,CUST00143,20240906,3,1,6449.58,0.06,6062.61,2375.7999999999997
ITEM0004447,ORD002113,PROD00286,CUST00368,20230503,4,1,945.94,0.0,945.94,455.46000000000004
ITEM0004448,ORD002113,PROD00124,CUST00368,20230503,4,1,2025.14,0.03,1964.39,348.71000000000004
ITEM0004449,ORD002114,PROD00057,CUST00406,20230106,4,1,4595.24,0.0,4595.24,2276.5899999999997
ITEM0004450,ORD002115,PROD00062,CUST00860,20230505,4,2,5673.89,0.0,11347.78,4059.9000000000005
ITEM0004451,ORD002115,PROD00022,CUST00860,20230505,4,1,1547.99,0.0,1547.99,904.4300000000001
ITEM0004452,ORD002116,PROD00123,CUST00190,20230108,3,1,2950.23,0.0,2950.23,1140.89
ITEM0004453,ORD002117,PROD00117,CUST00246,20240813,4,4,498.3,0.09,1813.81,1007.5699999999999
ITEM0004454,ORD002117,PROD00029,CUST00246,20240813,4,1,5799.72,0.2,4639.78,351.21999999999935
ITEM0004455,ORD002118,PROD00158,CUST00619,20230328,1,1,8138.6,0.0,8138.6,4091.0800000000004
ITEM0004456,ORD002118,PROD00296,CUST00619,20230328,1,3,1188.71,0.17,2959.89,205.94999999999982
ITEM0004457,ORD002119,PROD00194,CUST00350,20241025,7,3,535.55,0.0,1606.65,950.2800000000001
ITEM0004458,ORD002119,PROD00189,CUST00350,20241025,7,1,7636.65,0.0,7636.65,3796.2299999999996
ITEM0004459,ORD002120,PROD00191,CUST00288,20241124,8,1,4249.81,0.0,4249.81,1338.2900000000004
ITEM0004460,ORD002121,PROD00232,CUST00003,20231113,8,1,3144.6,0.0,3144.6,1610.4499999999998
ITEM0004461,ORD002122,PROD00237,CUST00293,20230101,6,1,8123.36,0.21,6417.45,2765.39
ITEM0004462,ORD002122,PROD00018,CUST00293,20230101,6,1,2803.77,0.01,2775.73,920.94
ITEM0004463,ORD002122,PROD00106,CUST00293,20230101,6,3,3963.99,0.07,11059.53,3782.9100000000008
ITEM0004464,ORD002122,PROD00074,CUST00293,20230101,6,3,9420.21,0.0,28260.63,15290.760000000002
ITEM0004465,ORD002123,PROD00275,CUST00667,20240130,8,1,5765.78,0.28,4151.36,1548.4599999999996
ITEM0004466,ORD002123,PROD00288,CUST00667,20240130,8,1,2790.22,0.0,2790.22,1564.3799999999999
ITEM0004467,ORD002123,PROD00001,CUST00667,20240130,8,1,9272.65,0.0,9272.65,4723.48
ITEM0004468,ORD002123,PROD00239,CUST00667,20240130,8,1,467.33,0.0,467.33,263.01
ITEM0004469,ORD002123,PROD00269,CUST00667,20240130,8,1,2135.25,0.0,2135.25,1035.44
ITEM0004470,ORD002124,PROD00135,CUST00297,20240121,8,1,2086.2,0.05,1981.89,917.9300000000001
ITEM0004471,ORD002124,PROD00213,CUST00297,20240121,8,2,9402.56,0.0,18805.12,9296.019999999999
ITEM0004472,ORD002124,PROD00300,CUST00297,20240121,8,4,1343.36,0.0,5373.44,2861.1199999999994
ITEM0004473,ORD002125,PROD00120,CUST00303,20240921,6,1,1288.16,0.26,953.24,415.79999999999995
ITEM0004474,ORD002126,PROD00164,CUST00463,20241117,8,3,5504.82,0.17,13707.0,4334.76
ITEM0004475,ORD002126,PROD00082,CUST00463,20241117,8,1,3992.96,0.0,3992.96,2224.75
ITEM0004476,ORD002126,PROD00046,CUST00463,20241117,8,1,8988.77,0.0,8988.77,4231.92
ITEM0004477,ORD002126,PROD00211,CUST00463,20241117,8,1,1624.33,0.01,1608.09,353.56999999999994
ITEM0004478,ORD002127,PROD00125,CUST00182,20231219,8,2,5694.29,0.24,8655.32,280.4400000000005
ITEM0004479,ORD002128,PROD00035,CUST00568,20230613,2,2,2576.9,0.0,5153.8,2331.42
ITEM0004480,ORD002128,PROD00237,CUST00568,20230613,2,2,8123.36,0.0,16246.72,8942.599999999999
ITEM0004481,ORD002129,PROD00124,CUST00679,20240221,2,1,2025.14,0.0,2025.14,409.46000000000004
ITEM0004482,ORD002130,PROD00073,CUST00692,20230312,2,2,9071.35,0.0,18142.7,8879.08
ITEM0004483,ORD002130,PROD00027,CUST00692,20230312,2,2,5723.51,0.0,11447.02,5038.22
ITEM0004484,ORD002130,PROD00096,CUST00692,20230312,2,2,4639.15,0.0,9278.3,4829.36
ITEM0004485,ORD002130,PROD00140,CUST00692,20230312,2,1,1718.72,0.0,1718.72,936.76
ITEM0004486,ORD002130,PROD00172,CUST00692,20230312,2,3,734.93,0.12,1940.22,1013.5200000000001
ITEM0004487,ORD002131,PROD00094,CUST00396,20230125,8,2,6449.58,0.22,10061.34,2687.7200000000003
ITEM0004488,ORD002131,PROD00267,CUST00396,20230125,8,2,3457.61,0.0,6915.22,1418.9000000000005
ITEM0004489,ORD002131,PROD00287,CUST00396,20230125,8,1,6559.01,0.0,6559.01,3257.69
ITEM0004490,ORD002131,PROD00059,CUST00396,20230125,8,1,11784.91,0.0,11784.91,6843.93
ITEM0004491,ORD002132,PROD00054,CUST00701,20230723,8,1,5941.63,0.06,5585.13,2672.78
ITEM0004492,ORD002133,PROD00118,CUST00839,20240123,9,1,8273.55,0.1,7446.2,2475.17
ITEM0004493,ORD002133,PROD00100,CUST00839,20240123,9,2,8661.69,0.0,17323.38,9930.920000000002
ITEM0004494,ORD002134,PROD00270,CUST00086,20240524,2,4,4350.17,0.0,17400.68,8847.68
ITEM0004495,ORD002135,PROD00163,CUST00030,20230211,4,1,2745.97,0.0,2745.97,1370.6399999999999
ITEM0004496,ORD002135,PROD00231,CUST00030,20230211,4,4,3622.68,0.22,11302.76,2209.3199999999997
ITEM0004497,ORD002136,PROD00062,CUST00579,20240704,3,3,5673.89,0.11,15149.29,4217.470000000001
ITEM0004498,ORD002136,PROD00243,CUST00579,20240704,3,1,6308.05,0.21,4983.36,1649.7199999999998
ITEM0004499,ORD002136,PROD00248,CUST00579,20240704,3,1,10128.22,0.0,10128.22,5478.24
ITEM0004500,ORD002137,PROD00276,CUST00448,20230923,6,1,8701.77,0.0,8701.77,5108.85
ITEM0004501,ORD002138,PROD00056,CUST00214,20240919,3,3,6326.27,0.12,16701.35,9071.179999999998
ITEM0004502,ORD002139,PROD00218,CUST00568,20241105,4,2,6300.23,0.0,12600.46,7165.439999999999
ITEM0004503,ORD002140,PROD00237,CUST00918,20231216,4,1,8123.36,0.13,7067.32,3415.2599999999998
ITEM0004504,ORD002140,PROD00230,CUST00918,20231216,4,1,8026.94,0.0,8026.94,4471.19
ITEM0004505,ORD002141,PROD00239,CUST00892,20241114,1,1,467.33,0.0,467.33,263.01
ITEM0004506,ORD002141,PROD00230,CUST00892,20241114,1,2,8026.94,0.0,16053.88,8942.38
ITEM0004507,ORD002141,PROD00076,CUST00892,20241114,1,3,6038.15,0.0,18114.45,9319.53
ITEM0004508,ORD002142,PROD00057,CUST00189,20231027,7,1,4595.24,0.19,3722.14,1403.4899999999998
ITEM0004509,ORD002143,PROD00102,CUST00500,20230528,3,1,6509.4,0.0,6509.4,3487.4599999999996
ITEM0004510,ORD002143,PROD00037,CUST00500,20230528,3,3,5435.74,0.0,16307.22,9597.119999999999
ITEM0004511,ORD002144,PROD00210,CUST00973,20240515,6,1,6680.3,0.0,6680.3,2578.16
ITEM0004512,ORD002144,PROD00185,CUST00973,20240515,6,1,2719.98,0.0,2719.98,1485.46
ITEM0004513,ORD002145,PROD00123,CUST00421,20240425,5,2,2950.23,0.29,4189.33,570.6500000000001
ITEM0004514,ORD002145,PROD00231,CUST00421,20240425,5,1,3622.68,0.1,3260.41,987.0499999999997
ITEM0004515,ORD002146,PROD00277,CUST00286,20230618,10,1,556.92,0.0,556.92,297.17999999999995
ITEM0004516,ORD002146,PROD00246,CUST00286,20230618,10,4,8011.14,0.0,32044.56,15763.800000000001
ITEM0004517,ORD002147,PROD00030,CUST00641,20240221,3,2,4937.89,0.08,9085.72,4143.4
ITEM0004518,ORD002147,PROD00158,CUST00641,20240221,3,1,8138.6,0.0,8138.6,4091.0800000000004
ITEM0004519,ORD002148,PROD00161,CUST00335,20240304,7,1,2894.21,0.02,2836.33,561.6300000000001
ITEM0004520,ORD002148,PROD00056,CUST00335,20240304,7,1,6326.27,0.11,5630.38,3086.9900000000002
ITEM0004521,ORD002149,PROD00298,CUST00785,20240307,3,1,5321.16,0.0,5321.16,1806.21
ITEM0004522,ORD002150,PROD00218,CUST00758,20230825,6,2,6300.23,0.0,12600.46,7165.439999999999
ITEM0004523,ORD002151,PROD00105,CUST00702,20230921,5,1,3095.41,0.0,3095.41,1367.85
ITEM0004524,ORD002151,PROD00149,CUST00702,20230921,5,1,832.87,0.0,832.87,470.54
ITEM0004525,ORD002152,PROD00300,CUST00890,20240323,6,1,1343.36,0.0,1343.36,715.2799999999999
ITEM0004526,ORD002152,PROD00069,CUST00890,20240323,6,1,2776.61,0.0,2776.61,-1322.5099999999998
ITEM0004527,ORD002152,PROD00113,CUST00890,20240323,6,1,3472.93,0.0,3472.93,1654.1
ITEM0004528,ORD002152,PROD00196,CUST00890,20240323,6,1,6703.46,0.0,6703.46,3818.81
ITEM0004529,ORD002152,PROD00274,CUST00890,20240323,6,3,5633.46,0.0,16900.38,3195.84
ITEM0004530,ORD002153,PROD00064,CUST00473,20240520,9,3,4268.27,0.03,12420.67,6338.77
ITEM0004531,ORD002154,PROD00172,CUST00933,20231021,6,1,734.93,0.04,-705.53,-1014.43
ITEM0004532,ORD002154,PROD00272,CUST00933,20231021,6,1,7587.4,0.0,7587.4,3090.1799999999994
ITEM0004533,ORD002154,PROD00224,CUST00933,20231021,6,1,8522.29,0.0,8522.29,4734.700000000001
ITEM0004534,ORD002155,PROD00095,CUST00120,20240118,9,2,1505.02,0.17,2498.33,567.21
ITEM0004535,ORD002156,PROD00227,CUST00666,20230824,10,1,3250.8,0.06,3055.75,1416.53
ITEM0004536,ORD002157,PROD00038,CUST00198,20230906,8,1,1983.28,0.0,1983.28,1035.78
ITEM0004537,ORD002157,PROD00283,CUST00198,20230906,8,2,7427.34,0.0,14854.68,5726.200000000001
ITEM0004538,ORD002158,PROD00165,CUST00325,20231004,2,1,1721.94,0.27,1257.02,462.76
ITEM0004539,ORD002159,PROD00127,CUST00405,20230113,4,4,5321.52,0.21,16816.0,6637.040000000001
ITEM0004540,ORD002160,PROD00194,CUST00206,20240312,1,1,535.55,0.0,535.55,316.76
ITEM0004541,ORD002161,PROD00025,CUST00842,20230128,1,1,3078.83,0.05,2924.89,418.80999999999995
ITEM0004542,ORD002161,PROD00249,CUST00842,20230128,1,2,4279.09,0.0,8558.18,4554.700000000001
ITEM0004543,ORD002161,PROD00044,CUST00842,20230128,1,2,5424.36,0.0,10848.72,6244.5599999999995
ITEM0004544,ORD002162,PROD00117,CUST00130,20231002,7,1,498.3,0.0,498.3,296.74
ITEM0004545,ORD002163,PROD00148,CUST00870,20240309,8,2,3870.28,0.0,7740.56,3884.0800000000004
ITEM0004546,ORD002163,PROD00244,CUST00870,20240309,8,1,4549.33,0.0,4549.33,1795.7399999999998
ITEM0004547,ORD002164,PROD00170,CUST00962,20230620,9,1,2862.1,0.0,2862.1,522.4000000000001
ITEM0004548,ORD002164,PROD00188,CUST00962,20230620,9,1,1657.41,0.13,1441.95,114.58000000000015
ITEM0004549,ORD002164,PROD00081,CUST00962,20230620,9,4,2624.19,0.0,10496.76,5860.52
ITEM0004550,ORD002164,PROD00036,CUST00962,20230620,9,3,7308.78,0.0,21926.34,11217.51
ITEM0004551,ORD002164,PROD00245,CUST00962,20230620,9,1,6215.91,0.0,6215.91,2418.97
ITEM0004552,ORD002165,PROD00147,CUST00391,20230731,1,1,4961.76,0.0,4961.76,1847.2400000000002
ITEM0004553,ORD002165,PROD00097,CUST00391,20230731,1,1,1492.36,0.0,1492.36,316.41999999999985
ITEM0004554,ORD002166,PROD00021,CUST00898,20240321,10,3,6443.82,0.0,19331.46,9808.11
ITEM0004555,ORD002167,PROD00191,CUST00582,20231014,1,4,4249.81,0.22,13259.41,1613.33
ITEM0004556,ORD002167,PROD00241,CUST00582,20231014,1,3,662.62,0.0,1987.87,-10874.36
ITEM0004557,ORD002168,PROD00197,CUST00930,20230406,10,1,8766.75,0.0,8766.75,5089.860000000001
ITEM0004558,ORD002168,PROD00288,CUST00930,20230406,10,1,2790.22,0.0,2790.22,1564.3799999999999
ITEM0004559,ORD002168,PROD00243,CUST00930,20230406,10,2,6308.05,0.0,12616.1,5948.820000000001
ITEM0004560,ORD002168,PROD00164,CUST00930,20230406,10,1,5504.82,0.17,4569.0,1444.92
ITEM0004561,ORD002168,PROD00296,CUST00930,20230406,10,1,1188.71,0.0,1188.71,270.73
ITEM0004562,ORD002169,PROD00027,CUST00111,20230321,6,1,5723.51,0.0,5723.51,2519.11
ITEM0004563,ORD002169,PROD00299,CUST00111,20230321,6,2,10649.19,0.09,19381.53,10386.749999999998
ITEM0004564,ORD002170,PROD00152,CUST00062,20241019,9,2,1231.99,0.03,2390.06,1140.98
ITEM0004565,ORD002170,PROD00268,CUST00062,20241019,9,1,852.32,0.0,852.32,372.6700000000001
ITEM0004566,ORD002171,PROD00010,CUST00655,20240813,1,1,2259.53,0.18,1852.81,901.5999999999999
ITEM0004567,ORD002171,PROD00136,CUST00655,20240813,1,1,621.23,0.0,621.23,363.76
ITEM0004568,ORD002172,PROD00126,CUST00248,20231006,2,1,10802.22,0.0,10802.22,5958.2699999999995
ITEM0004569,ORD002172,PROD00087,CUST00248,20231006,2,1,4546.57,0.0,4546.57,2373.41
ITEM0004570,ORD002173,PROD00034,CUST00854,20230807,6,1,2533.01,0.0,2533.01,828.0700000000002
ITEM0004571,ORD002174,PROD00260,CUST00223,20241023,8,4,8617.38,0.18,28265.01,10282.929999999997
ITEM0004572,ORD002175,PROD00088,CUST00640,20230213,1,2,4559.98,0.0,9119.96,2565.7999999999993
ITEM0004573,ORD002175,PROD00037,CUST00640,20230213,1,1,5435.74,0.0,5435.74,3199.04
ITEM0004574,ORD002176,PROD00167,CUST00459,20231016,2,1,2019.38,0.0,2019.38,501.08000000000015
ITEM0004575,ORD002176,PROD00242,CUST00459,20231016,2,3,2496.43,0.0,7489.29,1534.7400000000007
ITEM0004576,ORD002177,PROD00123,CUST00039,20240914,3,1,2950.23,0.15,2507.7,698.3599999999999
ITEM0004577,ORD002177,PROD00276,CUST00039,20240914,3,1,8701.77,0.0,8701.77,5108.85
ITEM0004578,ORD002177,PROD00079,CUST00039,20240914,3,2,7182.12,0.0,14364.24,7701.32
ITEM0004579,ORD002178,PROD00284,CUST00711,20240623,9,4,1981.58,0.0,7926.32,3000.88
ITEM0004580,ORD002178,PROD00024,CUST00711,20240623,9,1,10115.71,0.0,10115.71,5877.049999999999
ITEM0004581,ORD002178,PROD00074,CUST00711,20240623,9,1,9420.21,0.0,9420.21,5096.919999999999
ITEM0004582,ORD002178,PROD00130,CUST00711,20240623,9,1,3445.25,0.2,2756.2,432.28999999999996
ITEM0004583,ORD002179,PROD00110,CUST00110,20230406,6,1,7163.14,0.0,7163.14,4283.530000000001
ITEM0004584,ORD002179,PROD00143,CUST00110,20230406,6,1,1075.34,0.0,1075.34,504.7299999999999
ITEM0004585,ORD002179,PROD00089,CUST00110,20230406,6,3,781.78,0.0,2345.34,425.4000000000001
ITEM0004586,ORD002179,PROD00246,CUST00110,20230406,6,1,8011.14,0.19,6489.02,2418.8300000000004
ITEM0004587,ORD002179,PROD00121,CUST00110,20230406,6,1,11305.27,0.0,11305.27,6474.55
ITEM0004588,ORD002180,PROD00112,CUST00116,20240308,2,1,3435.2,0.0,3435.2,1842.6499999999999
ITEM0004589,ORD002180,PROD00193,CUST00116,20240308,2,1,9202.76,0.0,9202.76,5114.96
ITEM0004590,ORD002180,PROD00182,CUST00116,20240308,2,1,3616.25,0.0,3616.25,1810.58
ITEM0004591,ORD002180,PROD00037,CUST00116,20240308,2,2,5435.74,0.0,10871.48,6398.08
ITEM0004592,ORD002181,PROD00043,CUST00594,20231231,9,2,1789.22,0.0,3578.44,1421.1799999999998
ITEM0004593,ORD002181,PROD00295,CUST00594,20231231,9,2,895.09,0.09,1629.06,190.3599999999999
ITEM0004594,ORD002181,PROD00073,CUST00594,20231231,9,1,9071.35,0.05,8617.78,3985.9700000000003
ITEM0004595,ORD002182,PROD00253,CUST00737,20230212,6,1,791.63,0.0,791.63,272.5
ITEM0004596,ORD002183,PROD00016,CUST00195,20240119,5,2,6005.27,0.0,12010.54,2788.720000000001
ITEM0004597,ORD002184,PROD00281,CUST00451,20231202,3,1,7979.23,0.0,7979.23,3968.0199999999995
ITEM0004598,ORD002185,PROD00119,CUST00672,20240815,10,1,9197.85,0.0,9197.85,5466.89
ITEM0004599,ORD002186,PROD00179,CUST00676,20240214,3,1,6055.62,0.18,4965.61,2495.2599999999998
ITEM0004600,ORD002187,PROD00073,CUST00698,20230310,6,2,9071.35,0.0,18142.7,8879.08
ITEM0004601,ORD002187,PROD00114,CUST00698,20230310,6,1,2295.26,0.0,2295.26,410.24000000000024
ITEM0004602,ORD002187,PROD00119,CUST00698,20230310,6,1,9197.85,0.16,7726.19,3995.2299999999996
ITEM0004603,ORD002188,PROD00191,CUST00620,20240511,4,4,4249.81,0.0,16999.24,5353.160000000002
ITEM0004604,ORD002188,PROD00113,CUST00620,20240511,4,1,3472.93,0.0,3472.93,1654.1
ITEM0004605,ORD002189,PROD00040,CUST00808,20230605,9,1,3631.49,0.12,3195.71,1568.94
ITEM0004606,ORD002189,PROD00075,CUST00808,20230605,9,3,6662.95,0.0,19988.85,10326.359999999999
ITEM0004607,ORD002190,PROD00194,CUST00773,20240505,7,1,535.55,0.0,535.55,316.76
ITEM0004608,ORD002191,PROD00055,CUST00072,20231121,6,2,2678.2,0.0,5356.4,2042.1199999999994
ITEM0004609,ORD002192,PROD00277,CUST00380,20250614,5,1,556.92,0.0,556.92,297.17999999999995
ITEM0004610,ORD002192,PROD00119,CUST00380,20250614,5,1,9197.85,0.0,9197.85,5466.89
ITEM0004611,ORD002193,PROD00173,CUST00964,20230715,1,1,776.28,0.09,706.41,-3717.4700000000003
ITEM0004612,ORD002193,PROD00029,CUST00964,20230715,1,2,5799.72,0.0,11599.44,3022.3199999999997
ITEM0004613,ORD002193,PROD00040,CUST00964,20230715,1,3,3631.49,0.0,10894.47,6014.16
ITEM0004614,ORD002194,PROD00066,CUST00468,20241016,4,1,899.86,0.0,899.86,296.41999999999996
ITEM0004615,ORD002195,PROD00277,CUST00481,20240501,8,4,556.92,0.19,1804.42,765.46
ITEM0004616,ORD002196,PROD00204,CUST00144,20231027,6,1,3352.35,0.0,3352.35,1339.26
ITEM0004617,ORD002197,PROD00212,CUST00002,20230723,10,1,7782.48,0.0,7782.48,4237.33
ITEM0004618,ORD002197,PROD00212,CUST00002,20230723,10,2,7782.48,0.0,15564.96,8474.66
ITEM0004619,ORD002198,PROD00261,CUST00848,20230219,3,3,2154.14,0.0,6462.42,3519.3
ITEM0004620,ORD002198,PROD00051,CUST00848,20230219,3,1,8693.03,0.0,8693.03,4189.18
ITEM0004621,ORD002198,PROD00294,CUST00848,20230219,3,2,8182.59,0.0,16365.18,8663.18
ITEM0004622,ORD002199,PROD00270,CUST00222,20240515,1,1,4350.17,0.0,4350.17,2211.92
ITEM0004623,ORD002200,PROD00008,CUST00097,20240425,10,2,5338.8,0.0,10677.6,4438.18
ITEM0004624,ORD002201,PROD00066,CUST00594,20241125,10,2,899.86,0.0,1799.72,592.8399999999999
ITEM0004625,ORD002202,PROD00203,CUST00359,20240320,7,1,477.27,0.0,477.27,266.80999999999995
ITEM0004626,ORD002202,PROD00042,CUST00359,20240320,7,2,8235.83,0.23,12683.18,4487.4400000000005
ITEM0004627,ORD002203,PROD00101,CUST00741,20240916,7,1,1373.9,0.0,1373.9,435.8600000000001
ITEM0004628,ORD002203,PROD00201,CUST00741,20240916,7,3,3944.29,0.02,11596.21,2929.66
ITEM0004629,ORD002203,PROD00286,CUST00741,20240916,7,1,945.94,0.0,945.94,455.46000000000004
ITEM0004630,ORD002204,PROD00038,CUST00018,20230117,10,1,1983.28,0.12,1745.29,797.79
ITEM0004631,ORD002205,PROD00130,CUST00691,20230522,7,3,3445.25,0.18,8475.32,1503.5900000000001
ITEM0004632,ORD002205,PROD00213,CUST00691,20230522,7,2,9402.56,0.18,15420.2,5911.1
ITEM0004633,ORD002205,PROD00222,CUST00691,20230522,7,1,3002.04,0.0,3002.04,1178.27
ITEM0004634,ORD002206,PROD00002,CUST00981,20230725,3,1,231.58,0.0,231.58,94.31
ITEM0004635,ORD002207,PROD00271,CUST00639,20230907,1,1,439.58,0.09,400.02,179.01999999999998
ITEM0004636,ORD002208,PROD00289,CUST00052,20240307,2,1,3097.21,0.0,3097.21,1796.98
ITEM0004637,ORD002209,PROD00061,CUST00764,20230208,2,3,4205.57,0.29,8957.86,-820.3400000000001
ITEM0004638,ORD002209,PROD00266,CUST00764,20230208,2,1,5956.89,0.0,5956.89,1078.0100000000002
ITEM0004639,ORD002210,PROD00005,CUST00010,20240305,1,1,246.43,0.08,226.72,50.620000000000005
ITEM0004640,ORD002210,PROD00075,CUST00010,20240305,1,1,6662.95,0.0,6662.95,3442.12
ITEM0004641,ORD002210,PROD00044,CUST00010,20240305,1,1,5424.36,0.27,3959.78,1657.7000000000003
ITEM0004642,ORD002211,PROD00287,CUST00686,20230802,5,2,6559.01,0.21,10363.24,3760.5999999999995
ITEM0004643,ORD002211,PROD00065,CUST00686,20230802,5,2,6570.64,0.03,12747.04,3068.9400000000005
ITEM0004644,ORD002211,PROD00186,CUST00686,20230802,5,2,1445.96,0.0,2891.92,1658.68
ITEM0004645,ORD002211,PROD00025,CUST00686,20230802,5,3,3078.83,0.0,9236.49,1718.25
ITEM0004646,ORD002211,PROD00155,CUST00686,20230802,5,1,1532.82,0.0,1532.82,428.0
ITEM0004647,ORD002212,PROD00080,CUST00226,20230728,6,2,862.91,0.0,1725.82,789.4
ITEM0004648,ORD002212,PROD00235,CUST00226,20230728,6,2,1155.59,0.0,2311.18,1342.3999999999999
ITEM0004649,ORD002213,PROD00124,CUST00615,20230402,3,1,2025.14,0.0,2025.14,409.46000000000004
ITEM0004650,ORD002213,PROD00159,CUST00615,20230402,3,1,198.83,0.0,198.83,98.66000000000001
ITEM0004651,ORD002214,PROD00143,CUST00394,20230916,4,1,1075.34,0.12,946.3,375.68999999999994
ITEM0004652,ORD002214,PROD00123,CUST00394,20230916,4,1,2950.23,0.0,2950.23,1140.89
ITEM0004653,ORD002214,PROD00247,CUST00394,20230916,4,2,7341.91,0.0,14683.82,7371.12
ITEM0004654,ORD002215,PROD00194,CUST00696,20231018,4,2,535.55,0.0,1071.1,633.52
ITEM0004655,ORD002216,PROD00235,CUST00837,20230523,7,3,1155.59,0.0,3466.77,2013.6
ITEM0004656,ORD002216,PROD00140,CUST00837,20230523,7,3,1718.72,0.28,3712.44,1366.56
ITEM0004657,ORD002216,PROD00043,CUST00837,20230523,7,1,1789.22,0.24,1359.81,281.17999999999984
ITEM0004658,ORD002216,PROD00147,CUST00837,20230523,7,2,4961.76,0.06,9328.11,3099.0700000000006
ITEM0004659,ORD002216,PROD00038,CUST00837,20230523,7,1,1983.28,0.0,1983.28,1035.78
ITEM0004660,ORD002217,PROD00197,CUST00552,20240207,6,1,8766.75,0.0,8766.75,5089.860000000001
ITEM0004661,ORD002217,PROD00239,CUST00552,20240207,6,1,467.33,0.2,373.86,169.54000000000002
ITEM0004662,ORD002217,PROD00280,CUST00552,20240207,6,1,4625.83,0.0,4625.83,2477.24
ITEM0004663,ORD002217,PROD00061,CUST00552,20240207,6,1,4205.57,0.0,4205.57,946.1699999999996
ITEM0004664,ORD002218,PROD00286,CUST00132,20241116,5,1,945.94,0.0,945.94,455.46000000000004
ITEM0004665,ORD002218,PROD00227,CUST00132,20241116,5,1,3250.8,0.0,3250.8,1611.5800000000002
ITEM0004666,ORD002218,PROD00107,CUST00132,20241116,5,3,6282.37,0.0,18847.11,5592.630000000001
ITEM0004667,ORD002219,PROD00173,CUST00560,20230122,7,1,581.59,0.0,581.59,-3842.29
ITEM0004668,ORD002219,PROD00068,CUST00560,20230122,7,1,1589.23,0.0,1589.23,380.1600000000001
ITEM0004669,ORD002219,PROD00074,CUST00560,20230122,7,1,9420.21,0.0,9420.21,5096.919999999999
ITEM0004670,ORD002219,PROD00141,CUST00560,20230122,7,4,4481.31,0.0,17925.24,6661.2800000000025
ITEM0004671,ORD002220,PROD00200,CUST00328,20230118,2,2,7131.42,0.14,12266.04,4210.400000000001
ITEM0004672,ORD002221,PROD00056,CUST00508,20230527,2,2,6326.27,0.0,12652.54,7565.760000000001
ITEM0004673,ORD002221,PROD00249,CUST00508,20230527,2,1,4279.09,0.0,4279.09,2277.3500000000004
ITEM0004674,ORD002221,PROD00278,CUST00508,20230527,2,1,629.94,0.16,529.15,44.76999999999998
ITEM0004675,ORD002222,PROD00103,CUST00328,20230829,7,2,9136.07,0.0,18272.14,9175.88
ITEM0004676,ORD002222,PROD00052,CUST00328,20230829,7,1,1689.78,0.0,1689.78,550.1199999999999
ITEM0004677,ORD002223,PROD00006,CUST00092,20230114,1,2,8153.69,0.0,16307.38,8071.039999999999
ITEM0004678,ORD002223,PROD00285,CUST00092,20230114,1,1,2757.81,0.1,2482.03,1200.9
ITEM0004679,ORD002223,PROD00053,CUST00092,20230114,1,1,7229.99,0.2,5783.99,2705.2599999999998
ITEM0004680,ORD002223,PROD00219,CUST00092,20230114,1,1,344.65,0.0,344.65,155.98999999999998
ITEM0004681,ORD002224,PROD00193,CUST00241,20240825,2,3,9202.76,0.1,24847.45,12584.05
ITEM0004682,ORD002224,PROD00234,CUST00241,20240825,2,1,9552.76,0.0,9552.76,5040.68
ITEM0004683,ORD002224,PROD00081,CUST00241,20240825,2,3,2624.19,0.0,7872.57,4395.389999999999
ITEM0004684,ORD002225,PROD00021,CUST00991,20240628,1,1,6443.82,0.14,5541.69,2367.24
ITEM0004685,ORD002225,PROD00153,CUST00991,20240628,1,1,4010.2,0.08,3689.38,1230.19
ITEM0004686,ORD002226,PROD00149,CUST00067,20231013,6,2,832.87,0.0,1665.74,941.08
ITEM0004687,ORD002227,PROD00232,CUST00758,20240928,4,2,3144.6,0.01,6226.31,3158.01
ITEM0004688,ORD002228,PROD00198,CUST00435,20240303,2,1,1516.26,0.0,1516.26,484.5899999999999
ITEM0004689,ORD002228,PROD00082,CUST00435,20240303,2,4,3992.96,0.16,13416.35,6343.51
ITEM0004690,ORD002229,PROD00136,CUST00808,20240608,2,1,621.23,0.28,447.29,189.82
ITEM0004691,ORD002230,PROD00161,CUST00358,20230310,10,1,2894.21,0.0,2894.21,619.5100000000002
ITEM0004692,ORD002231,PROD00244,CUST00893,20230104,6,1,4549.33,0.14,3912.42,1158.83
ITEM0004693,ORD002231,PROD00023,CUST00893,20230104,6,2,3506.84,0.0,7013.68,4045.5400000000004
ITEM0004694,ORD002231,PROD00026,CUST00893,20230104,6,1,992.19,0.0,992.19,518.26
ITEM0004695,ORD002231,PROD00249,CUST00893,20230104,6,1,4279.09,0.22,3337.69,1335.95
ITEM0004696,ORD002231,PROD00067,CUST00893,20230104,6,3,996.38,0.26,2211.96,366.48
ITEM0004697,ORD002232,PROD00159,CUST00358,20230207,9,1,198.83,0.0,198.83,98.66000000000001
ITEM0004698,ORD002232,PROD00174,CUST00358,20230207,9,1,4285.14,0.25,3213.86,1360.9
ITEM0004699,ORD002233,PROD00027,CUST00444,20240919,8,1,5723.51,0.0,5723.51,2519.11
ITEM0004700,ORD002233,PROD00146,CUST00444,20240919,8,1,504.1,0.0,504.1,274.63
ITEM0004701,ORD002234,PROD00196,CUST00097,20230523,9,1,6703.46,0.04,6435.32,3550.6699999999996
ITEM0004702,ORD002234,PROD00017,CUST00097,20230523,9,2,9163.85,0.21,14478.88,7084.0199999999995
ITEM0004703,ORD002235,PROD00044,CUST00239,20240912,8,1,5424.36,0.0,5424.36,3122.2799999999997
ITEM0004704,ORD002236,PROD00244,CUST00416,20230417,8,2,4549.33,0.0,9098.66,3591.4799999999996
ITEM0004705,ORD002237,PROD00034,CUST00408,20240505,3,2,2533.01,0.0,5066.02,1656.1400000000003
ITEM0004706,ORD002237,PROD00285,CUST00408,20240505,3,1,2757.81,0.23,2123.51,842.3800000000001
ITEM0004707,ORD002237,PROD00031,CUST00408,20240505,3,2,4066.81,0.0,8133.62,2820.4799999999996
ITEM0004708,ORD002238,PROD00178,CUST00443,20230830,9,1,7985.04,0.0,7985.04,4658.66
ITEM0004709,ORD002239,PROD00244,CUST00407,20241101,3,1,4549.33,0.0,4549.33,1795.7399999999998
ITEM0004710,ORD002240,PROD00096,CUST00443,20240311,7,1,4639.15,0.0,4639.15,2414.68
ITEM0004711,ORD002240,PROD00100,CUST00443,20240311,7,4,8661.69,0.0,34646.76,19861.840000000004
ITEM0004712,ORD002241,PROD00080,CUST00660,20240403,7,1,862.91,0.0,862.91,394.7
ITEM0004713,ORD002241,PROD00067,CUST00660,20240403,7,2,996.38,0.0,1992.76,762.44
ITEM0004714,ORD002241,PROD00229,CUST00660,20240403,7,1,726.54,0.0,726.54,250.2
ITEM0004715,ORD002241,PROD00275,CUST00660,20240403,7,1,5765.78,0.0,5765.78,3162.8799999999997
ITEM0004716,ORD002241,PROD00227,CUST00660,20240403,7,1,3250.8,0.0,3250.8,1611.5800000000002
ITEM0004717,ORD002242,PROD00197,CUST00564,20230711,10,2,8766.75,0.0,17533.5,10179.720000000001
ITEM0004718,ORD002243,PROD00122,CUST00299,20240419,10,2,11549.43,0.0,23098.86,13223.0
ITEM0004719,ORD002243,PROD00097,CUST00299,20240419,10,4,1492.36,0.0,5969.44,1265.6799999999994
ITEM0004720,ORD002244,PROD00200,CUST00350,20231128,10,1,7131.42,0.0,7131.42,3103.6
ITEM0004721,ORD002245,PROD00288,CUST00390,20240522,5,3,2790.22,0.0,8370.66,4693.14
ITEM0004722,ORD002245,PROD00167,CUST00390,20240522,5,1,2019.38,0.0,2019.38,501.08000000000015
ITEM0004723,ORD002246,PROD00055,CUST00325,20230126,1,2,2678.2,0.0,5356.4,2042.1199999999994
ITEM0004724,ORD002246,PROD00023,CUST00325,20230126,1,1,3506.84,0.01,3471.77,1987.7
ITEM0004725,ORD002246,PROD00119,CUST00325,20230126,1,1,9197.85,0.0,9197.85,5466.89
ITEM0004726,ORD002246,PROD00046,CUST00325,20230126,1,2,8988.77,0.0,17977.54,8463.84
ITEM0004727,ORD002247,PROD00290,CUST00112,20240327,7,1,1195.14,0.0,1195.14,418.2500000000001
ITEM0004728,ORD002247,PROD00102,CUST00112,20240327,7,1,6509.4,0.0,6509.4,3487.4599999999996
ITEM0004729,ORD002247,PROD00089,CUST00112,20240327,7,1,781.78,0.0,781.78,141.79999999999995
ITEM0004730,ORD002247,PROD00092,CUST00112,20240327,7,2,1552.76,0.0,3105.52,1429.44
ITEM0004731,ORD002248,PROD00262,CUST00605,20230523,6,1,1460.84,0.0,1460.84,737.4499999999999
ITEM0004732,ORD002248,PROD00213,CUST00605,20230523,6,3,9402.56,0.26,20873.68,6610.029999999999
ITEM0004733,ORD002248,PROD00210,CUST00605,20230523,6,1,6680.3,0.0,6680.3,2578.16
ITEM0004734,ORD002249,PROD00212,CUST00083,20240327,2,1,7782.48,0.0,7782.48,4237.33
ITEM0004735,ORD002250,PROD00130,CUST00370,20241029,1,1,3445.25,0.0,3445.25,1121.3400000000001
ITEM0004736,ORD002250,PROD00015,CUST00370,20241029,1,1,5418.41,0.0,5418.41,1545.25
ITEM0004737,ORD002251,PROD00051,CUST00721,20240831,3,1,8693.03,0.0,8693.03,4189.18
ITEM0004738,ORD002251,PROD00016,CUST00721,20240831,3,1,6005.27,0.0,6005.27,1394.3600000000006
ITEM0004739,ORD002251,PROD00076,CUST00721,20240831,3,1,6038.15,0.0,6038.15,3106.5099999999998
ITEM0004740,ORD002251,PROD00225,CUST00721,20240831,3,1,6042.7,0.0,6042.7,1087.0999999999995
ITEM0004741,ORD002251,PROD00250,CUST00721,20240831,3,1,4610.44,0.0,4610.44,2239.2799999999997
ITEM0004742,ORD002252,PROD00010,CUST00655,20231224,8,2,2259.53,0.0,4519.06,2616.6400000000003
ITEM0004743,ORD002252,PROD00058,CUST00655,20231224,8,2,4592.96,0.19,7440.6,1591.7400000000007
ITEM0004744,ORD002252,PROD00216,CUST00655,20231224,8,1,3307.17,0.0,-3307.17,-5123.43
ITEM0004745,ORD002252,PROD00159,CUST00655,20231224,8,2,198.83,0.0,397.66,197.32000000000002
ITEM0004746,ORD002252,PROD00207,CUST00655,20231224,8,1,6547.46,0.0,6547.46,3772.35
ITEM0004747,ORD002253,PROD00171,CUST00201,20240826,1,1,546.18,0.0,546.18,279.16999999999996
ITEM0004748,ORD002253,PROD00191,CUST00201,20240826,1,1,4249.81,0.26,3144.86,233.34000000000015
ITEM0004749,ORD002254,PROD00090,CUST00660,20230307,9,1,494.65,0.0,494.65,254.57999999999998
ITEM0004750,ORD002254,PROD00141,CUST00660,20230307,9,1,4481.31,0.0,4481.31,1665.3200000000006
ITEM0004751,ORD002255,PROD00150,CUST00773,20240808,1,1,290.6,0.0,290.6,161.43000000000004
ITEM0004752,ORD002255,PROD00177,CUST00773,20240808,1,3,5446.6,0.0,16339.8,9285.419999999998
ITEM0004753,ORD002255,PROD00038,CUST00773,20240808,1,2,1983.28,0.16,3331.91,1436.9099999999999
ITEM0004754,ORD002255,PROD00137,CUST00773,20240808,1,2,5635.51,0.0,11271.02,4827.9800000000005
ITEM0004755,ORD002255,PROD00282,CUST00773,20240808,1,4,3504.39,0.22,10933.7,1889.7400000000016
ITEM0004756,ORD002256,PROD00231,CUST00233,20230615,4,4,3622.68,0.0,14490.72,5397.279999999999
ITEM0004757,ORD002256,PROD00053,CUST00233,20230615,4,1,7229.99,0.0,7229.99,4151.26
ITEM0004758,ORD002256,PROD00093,CUST00233,20230615,4,2,3802.74,0.1,6844.93,2319.79
ITEM0004759,ORD002256,PROD00258,CUST00233,20230615,4,1,5858.08,0.0,5858.08,3472.5299999999997
ITEM0004760,ORD002257,PROD00087,CUST00394,20230117,3,1,4546.57,0.21,3591.79,1418.63
ITEM0004761,ORD002258,PROD00155,CUST00963,20230121,3,1,1532.82,0.0,1532.82,428.0
ITEM0004762,ORD002259,PROD00262,CUST00266,20230523,10,1,1460.84,0.0,1460.84,737.4499999999999
ITEM0004763,ORD002260,PROD00121,CUST00715,20230126,6,1,11305.27,0.0,11305.27,6474.55
ITEM0004764,ORD002261,PROD00112,CUST00401,20231109,10,1,3435.2,0.0,3435.2,1842.6499999999999
ITEM0004765,ORD002261,PROD00116,CUST00401,20231109,10,1,3835.95,0.0,3835.95,1362.6099999999997
ITEM0004766,ORD002261,PROD00248,CUST00401,20231109,10,2,10128.22,0.0,20256.44,10956.48
ITEM0004767,ORD002261,PROD00005,CUST00401,20231109,10,1,246.43,0.0,246.43,70.33000000000001
ITEM0004768,ORD002262,PROD00274,CUST00051,20230919,7,2,5633.46,0.3,7886.84,-1249.5200000000004
ITEM0004769,ORD002262,PROD00090,CUST00051,20230919,7,1,494.65,0.0,494.65,254.57999999999998
ITEM0004770,ORD002263,PROD00176,CUST00963,20230917,6,3,5492.71,0.0,16478.13,6536.130000000001
ITEM0004771,ORD002264,PROD00264,CUST00440,20241102,9,1,8008.38,0.02,7848.21,4394.45
ITEM0004772,ORD002265,PROD00289,CUST00683,20230723,5,1,3097.21,0.0,3097.21,1796.98
ITEM0004773,ORD002265,PROD00262,CUST00683,20230723,5,1,1460.84,0.0,1460.84,737.4499999999999
ITEM0004774,ORD002266,PROD00042,CUST00963,20241108,6,1,8235.83,0.14,7082.81,2984.9400000000005
ITEM0004775,ORD002266,PROD00092,CUST00963,20241108,6,1,1552.76,0.0,-1552.76,-2390.8
ITEM0004776,ORD002267,PROD00052,CUST00222,20240521,7,1,1689.78,0.02,1655.98,516.3199999999999
ITEM0004777,ORD002268,PROD00279,CUST00882,20230131,8,1,7168.01,0.04,6881.29,4010.82
ITEM0004778,ORD002268,PROD00041,CUST00882,20230131,8,1,3958.75,0.0,3958.75,1734.7399999999998
ITEM0004779,ORD002269,PROD00213,CUST00298,20240915,4,1,9402.56,0.0,9402.56,4648.009999999999
ITEM0004780,ORD002270,PROD00088,CUST00224,20240728,5,3,4559.98,0.0,13679.94,3848.7000000000007
ITEM0004781,ORD002271,PROD00017,CUST00033,20240702,6,1,9163.85,0.0,9163.85,5466.42
ITEM0004782,ORD002271,PROD00285,CUST00033,20240702,6,2,2757.81,0.0,5515.62,2953.3599999999997
ITEM0004783,ORD002271,PROD00180,CUST00033,20240702,6,2,7030.69,0.0,14061.38,8216.199999999999
ITEM0004784,ORD002271,PROD00190,CUST00033,20240702,6,1,3528.69,0.28,2540.66,866.9799999999998
ITEM0004785,ORD002272,PROD00253,CUST00739,20240105,1,1,791.63,0.0,791.63,272.5
ITEM0004786,ORD002273,PROD00163,CUST00053,20230109,8,1,2745.97,0.0,2745.97,1370.6399999999999
ITEM0004787,ORD002273,PROD00170,CUST00053,20230109,8,1,788.12,0.0,788.12,-1551.58
ITEM0004788,ORD002274,PROD00049,CUST00581,20230720,1,2,5326.74,0.0,10653.48,2814.24
ITEM0004789,ORD002274,PROD00057,CUST00581,20230720,1,3,4595.24,0.27,10063.58,3107.629999999999
ITEM0004790,ORD002275,PROD00190,CUST00865,20230526,10,1,3528.69,0.0,3528.69,1855.01
ITEM0004791,ORD002276,PROD00152,CUST00576,20230905,1,2,1231.99,0.0,2463.98,1214.9
ITEM0004792,ORD002276,PROD00298,CUST00576,20230905,1,1,5321.16,0.17,4416.56,901.6100000000006
ITEM0004793,ORD002276,PROD00053,CUST00576,20230905,1,1,7229.99,0.0,7229.99,4151.26
ITEM0004794,ORD002276,PROD00275,CUST00576,20230905,1,1,5765.78,0.0,5765.78,3162.8799999999997
ITEM0004795,ORD002277,PROD00294,CUST00040,20241228,3,1,8182.59,0.24,6218.77,2367.7700000000004
ITEM0004796,ORD002277,PROD00283,CUST00040,20241228,3,3,7427.34,0.0,22282.02,8589.300000000001
ITEM0004797,ORD002277,PROD00243,CUST00040,20241228,3,3,6308.05,0.0,18924.15,8923.230000000001
ITEM0004798,ORD002278,PROD00085,CUST00190,20241104,9,1,1960.53,0.0,1960.53,788.48
ITEM0004799,ORD002279,PROD00215,CUST00931,20230523,8,2,379.53,0.0,759.06,150.0
ITEM0004800,ORD002280,PROD00118,CUST00769,20230818,8,2,8273.55,0.0,16547.1,6605.039999999999
ITEM0004801,ORD002280,PROD00177,CUST00769,20230818,8,2,5446.6,0.01,10784.27,6081.35
ITEM0004802,ORD002281,PROD00113,CUST00146,20230425,4,1,3472.93,0.21,2743.61,924.7800000000002
ITEM0004803,ORD002282,PROD00016,CUST00367,20240215,3,2,6005.27,0.03,11650.22,2428.3999999999996
ITEM0004804,ORD002282,PROD00270,CUST00367,20240215,3,1,4350.17,0.08,4002.16,1863.9099999999999
ITEM0004805,ORD002282,PROD00222,CUST00367,20240215,3,1,3002.04,0.0,3002.04,1178.27
ITEM0004806,ORD002282,PROD00098,CUST00367,20240215,3,3,2402.47,0.01,7135.34,3325.46
ITEM0004807,ORD002283,PROD00030,CUST00826,20230707,6,3,4937.89,0.0,14813.67,7400.1900000000005
ITEM0004808,ORD002283,PROD00130,CUST00826,20230707,6,2,3445.25,0.17,5719.12,1071.3000000000002
ITEM0004809,ORD002284,PROD00193,CUST00198,20240625,9,1,9202.76,0.0,9202.76,5114.96
ITEM0004810,ORD002284,PROD00167,CUST00198,20240625,9,2,2019.38,0.16,3392.56,355.96000000000004
ITEM0004811,ORD002285,PROD00089,CUST00648,20230923,7,2,781.78,0.22,1219.58,-60.38000000000011
ITEM0004812,ORD002285,PROD00098,CUST00648,20230923,7,3,2402.47,0.0,7207.41,3397.5299999999997
ITEM0004813,ORD002286,PROD00177,CUST00238,20240821,6,1,5446.6,0.01,5392.13,3040.67
ITEM0004814,ORD002286,PROD00033,CUST00238,20240821,6,2,1942.09,0.21,3068.5,748.6999999999998
ITEM0004815,ORD002286,PROD00234,CUST00238,20240821,6,1,9552.76,0.07,8884.07,4371.99
ITEM0004816,ORD002287,PROD00211,CUST00849,20231219,6,1,1624.33,0.0,1624.33,369.80999999999995
ITEM0004817,ORD002287,PROD00204,CUST00849,20231219,6,1,3352.35,0.11,2983.59,970.5000000000002
ITEM0004818,ORD002288,PROD00114,CUST00139,20240303,8,1,2295.26,0.28,1652.59,-232.43000000000006
ITEM0004819,ORD002289,PROD00287,CUST00257,20240328,7,2,6559.01,0.0,13118.02,6515.38
ITEM0004820,ORD002289,PROD00094,CUST00257,20240328,7,1,6449.58,0.0,6449.58,2762.77
ITEM0004821,ORD002289,PROD00268,CUST00257,20240328,7,1,852.32,0.0,852.32,372.6700000000001
ITEM0004822,ORD002289,PROD00180,CUST00257,20240328,7,1,7030.69,0.0,7030.69,4108.099999999999
ITEM0004823,ORD002290,PROD00254,CUST00384,20240502,7,1,3623.42,0.0,3623.42,725.1199999999999
ITEM0004824,ORD002291,PROD00171,CUST00178,20230414,7,1,546.18,0.0,546.18,279.16999999999996
ITEM0004825,ORD002292,PROD00145,CUST00164,20240206,1,3,5845.69,0.13,15257.25,8098.92
ITEM0004826,ORD002292,PROD00132,CUST00164,20240206,1,1,5296.2,0.26,3919.19,-267.9500000000003
ITEM0004827,ORD002293,PROD00077,CUST00853,20240909,7,1,7101.66,0.04,6817.59,2931.63
ITEM0004828,ORD002293,PROD00267,CUST00853,20240909,7,2,3457.61,0.22,5393.87,-102.44999999999982
ITEM0004829,ORD002293,PROD00298,CUST00853,20240909,7,1,5321.16,0.0,5321.16,1806.21
ITEM0004830,ORD002294,PROD00161,CUST00447,20230317,8,4,2894.21,0.0,11576.84,2478.040000000001
ITEM0004831,ORD002294,PROD00127,CUST00447,20230317,8,1,5321.52,0.0,5321.52,2776.7800000000007
ITEM0004832,ORD002294,PROD00029,CUST00447,20230317,8,1,5799.72,0.0,5799.72,1511.1599999999999
ITEM0004833,ORD002295,PROD00248,CUST00842,20240922,10,2,10128.22,0.0,20256.44,10956.48
ITEM0004834,ORD002295,PROD00050,CUST00842,20240922,10,1,5338.68,0.06,5018.36,1406.0299999999997
ITEM0004835,ORD002296,PROD00050,CUST00234,20240327,2,1,5338.68,0.0,5338.68,1726.3500000000004
ITEM0004836,ORD002297,PROD00232,CUST00544,20240723,1,1,3144.6,0.27,2295.56,761.4099999999999
ITEM0004837,ORD002297,PROD00038,CUST00544,20240723,1,2,1983.28,0.0,3966.56,2071.56
ITEM0004838,ORD002297,PROD00153,CUST00544,20240723,1,2,4010.2,0.0,8020.4,3102.0199999999995
ITEM0004839,ORD002298,PROD00074,CUST00156,20241027,1,2,9420.21,0.0,18840.42,10193.839999999998
ITEM0004840,ORD002298,PROD00200,CUST00156,20241027,1,1,7131.42,0.0,-7131.42,-11159.24
ITEM0004841,ORD002299,PROD00076,CUST00048,20240111,3,1,6038.15,0.27,4407.85,1476.2100000000005
ITEM0004842,ORD002299,PROD00090,CUST00048,20240111,3,1,494.65,0.0,494.65,254.57999999999998
ITEM0004843,ORD002299,PROD00070,CUST00048,20240111,3,1,6693.56,0.21,5287.91,934.6399999999994
ITEM0004844,ORD002299,PROD00263,CUST00048,20240111,3,2,4979.64,0.12,8764.17,2135.59
ITEM0004845,ORD002300,PROD00127,CUST00483,20230516,6,1,5321.52,0.0,5321.52,2776.7800000000007
ITEM0004846,ORD002300,PROD00098,CUST00483,20230516,6,2,2402.47,0.0,4804.94,2265.0199999999995
ITEM0004847,ORD002301,PROD00050,CUST00066,20240916,2,1,5338.68,0.11,4751.43,1139.1000000000004
ITEM0004848,ORD002301,PROD00093,CUST00066,20240916,2,1,3802.74,0.0,3802.74,1540.1699999999996
ITEM0004849,ORD002302,PROD00149,CUST00265,20241005,4,1,832.87,0.0,832.87,470.54
ITEM0004850,ORD002302,PROD00275,CUST00265,20241005,4,1,5765.78,0.28,4151.36,1548.4599999999996
ITEM0004851,ORD002303,PROD00096,CUST00447,20230912,10,1,4639.15,0.0,4639.15,2414.68
ITEM0004852,ORD002303,PROD00075,CUST00447,20230912,10,2,6662.95,0.0,13325.9,6884.24
ITEM0004853,ORD002304,PROD00265,CUST00600,20241111,8,4,4207.25,0.0,16829.0,5582.200000000001
ITEM0004854,ORD002304,PROD00227,CUST00600,20241111,8,4,3250.8,0.0,13003.2,6446.320000000001
ITEM0004855,ORD002305,PROD00271,CUST00151,20240222,10,3,439.58,0.23,1015.43,352.42999999999995
ITEM0004856,ORD002305,PROD00245,CUST00151,20240222,10,2,6215.91,0.0,12431.82,4837.94
ITEM0004857,ORD002305,PROD00250,CUST00151,20240222,10,3,4610.44,0.16,11618.31,4504.83
ITEM0004858,ORD002306,PROD00082,CUST00925,20240204,6,1,3992.96,0.0,3992.96,2224.75
ITEM0004859,ORD002307,PROD00084,CUST00863,20230425,7,1,7622.23,0.14,6555.12,3244.2
ITEM0004860,ORD002307,PROD00105,CUST00863,20230425,7,4,3095.41,0.0,12381.64,5471.4
ITEM0004861,ORD002307,PROD00123,CUST00863,20230425,7,1,2950.23,0.0,2950.23,1140.89
ITEM0004862,ORD002308,PROD00128,CUST00235,20240515,10,2,4199.76,0.06,7895.55,2568.33
ITEM0004863,ORD002308,PROD00260,CUST00235,20240515,10,4,8617.38,0.0,34469.52,16487.439999999995
ITEM0004864,ORD002308,PROD00298,CUST00235,20240515,10,2,5321.16,0.0,10642.32,3612.42
ITEM0004865,ORD002309,PROD00054,CUST00922,20240803,2,2,5941.63,0.0,11883.26,6058.56
ITEM0004866,ORD002309,PROD00216,CUST00922,20240803,2,1,3307.17,0.23,2546.52,730.26
ITEM0004867,ORD002309,PROD00235,CUST00922,20240803,2,3,1155.59,0.0,3466.77,2013.6
ITEM0004868,ORD002309,PROD00221,CUST00922,20240803,2,2,901.85,0.0,1803.7,470.98
ITEM0004869,ORD002310,PROD00206,CUST00117,20240510,1,1,8632.13,0.0,8632.13,3966.2699999999995
ITEM0004870,ORD002311,PROD00280,CUST00453,20230102,5,1,4625.83,0.0,4625.83,2477.24
ITEM0004871,ORD002311,PROD00253,CUST00453,20230102,5,1,791.63,0.0,791.63,272.5
ITEM0004872,ORD002312,PROD00057,CUST00885,20240118,4,4,4595.24,0.0,18380.96,9106.359999999999
ITEM0004873,ORD002312,PROD00072,CUST00885,20240118,4,1,6999.91,0.0,6999.91,3897.43
ITEM0004874,ORD002312,PROD00228,CUST00885,20240118,4,3,1263.16,0.18,3107.37,900.54
ITEM0004875,ORD002312,PROD00079,CUST00885,20240118,4,1,7182.12,0.0,7182.12,3850.66
ITEM0004876,ORD002312,PROD00105,CUST00885,20240118,4,2,3095.41,0.19,5014.56,1559.4400000000005
ITEM0004877,ORD002313,PROD00221,CUST00135,20230107,7,1,901.85,0.0,901.85,235.49
ITEM0004878,ORD002314,PROD00144,CUST00036,20240919,4,1,9953.38,0.0,9953.38,5272.469999999999
ITEM0004879,ORD002314,PROD00058,CUST00036,20240919,4,1,4592.96,0.0,4592.96,1668.5300000000002
ITEM0004880,ORD002315,PROD00244,CUST00609,20230624,6,3,4549.33,0.0,13647.99,5387.219999999999
ITEM0004881,ORD002316,PROD00258,CUST00798,20241026,1,1,5858.08,0.0,5858.08,3472.5299999999997
ITEM0004882,ORD002317,PROD00065,CUST00418,20231007,8,2,6570.64,0.29,9330.31,-347.7900000000009
ITEM0004883,ORD002318,PROD00075,CUST00808,20230903,7,2,6662.95,0.0,13325.9,6884.24
ITEM0004884,ORD002319,PROD00289,CUST00681,20240716,3,2,3097.21,0.0,6194.42,3593.96
ITEM0004885,ORD002319,PROD00297,CUST00681,20240716,3,1,10930.45,0.0,10930.45,6329.200000000001
ITEM0004886,ORD002319,PROD00137,CUST00681,20240716,3,1,5635.51,0.0,5635.51,2413.9900000000002
ITEM0004887,ORD002320,PROD00201,CUST00250,20230413,4,1,3944.29,0.0,3944.29,1055.44
ITEM0004888,ORD002320,PROD00070,CUST00250,20230413,4,1,6693.56,0.0,6693.56,2340.29
ITEM0004889,ORD002320,PROD00194,CUST00250,20230413,4,2,535.55,0.0,1071.1,633.52
ITEM0004890,ORD002321,PROD00109,CUST00003,20230602,2,4,7944.57,0.0,31778.28,14263.199999999997
ITEM0004891,ORD002321,PROD00240,CUST00003,20230602,2,1,4510.78,0.13,3924.38,1941.91
ITEM0004892,ORD002321,PROD00158,CUST00003,20230602,2,4,8138.6,0.0,32554.4,16364.320000000002
ITEM0004893,ORD002322,PROD00227,CUST00033,20230627,9,1,3250.8,0.0,3250.8,1611.5800000000002
ITEM0004894,ORD002322,PROD00104,CUST00033,20230627,9,1,2043.03,0.0,2043.03,773.79
ITEM0004895,ORD002322,PROD00138,CUST00033,20230627,9,1,10725.29,0.0,10725.29,6249.430000000001
ITEM0004896,ORD002323,PROD00208,CUST00125,20240619,7,1,4099.5,0.12,3607.56,306.7199999999998
ITEM0004897,ORD002324,PROD00158,CUST00961,20241026,8,1,8138.6,0.0,8138.6,4091.0800000000004
ITEM0004898,ORD002324,PROD00129,CUST00961,20241026,8,4,2500.46,0.0,10001.84,3650.4000000000005
ITEM0004899,ORD002325,PROD00206,CUST00607,20240606,5,1,8632.13,0.22,6733.06,2067.2000000000007
ITEM0004900,ORD002326,PROD00074,CUST00363,20230124,3,2,9420.21,0.0,18840.42,10193.839999999998
ITEM0004901,ORD002326,PROD00182,CUST00363,20230124,3,3,3616.25,0.0,10848.75,5431.74
ITEM0004902,ORD002326,PROD00039,CUST00363,20230124,3,2,6419.63,0.0,12839.26,3212.92
ITEM0004903,ORD002326,PROD00030,CUST00363,20230124,3,3,4937.89,0.0,14813.67,7400.1900000000005
ITEM0004904,ORD002327,PROD00187,CUST00936,20240430,1,2,6641.17,0.19,10758.7,3151.720000000001
ITEM0004905,ORD002327,PROD00076,CUST00936,20240430,1,1,6038.15,0.14,5192.81,2261.1700000000005
ITEM0004906,ORD002327,PROD00151,CUST00936,20240430,1,1,5518.05,0.22,4304.08,92.01000000000022
ITEM0004907,ORD002328,PROD00287,CUST00814,20230129,9,1,6559.01,0.0,6559.01,3257.69
ITEM0004908,ORD002329,PROD00029,CUST00542,20230107,6,1,5799.72,0.0,5799.72,1511.1599999999999
ITEM0004909,ORD002330,PROD00172,CUST00272,20240929,5,1,734.93,0.22,573.25,264.35
ITEM0004910,ORD002330,PROD00028,CUST00272,20240929,5,2,214.4,0.0,428.8,129.42000000000002
ITEM0004911,ORD002331,PROD00034,CUST00405,20240923,6,1,2533.01,0.0,2533.01,828.0700000000002
ITEM0004912,ORD002331,PROD00012,CUST00405,20240923,6,1,7089.43,0.03,6876.75,3682.69
ITEM0004913,ORD002332,PROD00163,CUST00081,20240525,4,2,2745.97,0.0,5491.94,2741.2799999999997
ITEM0004914,ORD002332,PROD00275,CUST00081,20240525,4,1,5765.78,0.0,5765.78,3162.8799999999997
ITEM0004915,ORD002333,PROD00190,CUST00426,20240527,3,4,3528.69,0.0,14114.76,7420.04
ITEM0004916,ORD002333,PROD00213,CUST00426,20240527,3,1,9402.56,0.0,9402.56,4648.009999999999
ITEM0004917,ORD002333,PROD00294,CUST00426,20240527,3,1,8182.59,0.0,8182.59,4331.59
ITEM0004918,ORD002334,PROD00160,CUST00760,20230518,7,1,1750.19,0.0,1750.19,438.8800000000001
ITEM0004919,ORD002334,PROD00145,CUST00760,20230518,7,2,5845.69,0.0,11691.38,6919.159999999999
ITEM0004920,ORD002335,PROD00039,CUST00963,20230813,1,2,6419.63,0.02,12582.47,2956.129999999999
ITEM0004921,ORD002336,PROD00078,CUST00867,20240711,9,1,2028.86,0.1,1825.97,274.4200000000001
ITEM0004922,ORD002336,PROD00253,CUST00867,20240711,9,3,791.63,0.0,2374.89,817.5
ITEM0004923,ORD002336,PROD00069,CUST00867,20240711,9,1,2597.38,0.22,2025.96,-2073.16
ITEM0004924,ORD002337,PROD00279,CUST00223,20230524,5,4,7168.01,0.0,28672.04,17190.160000000003
ITEM0004925,ORD002337,PROD00022,CUST00223,20230524,5,1,1547.99,0.12,1362.23,718.6700000000001
ITEM0004926,ORD002338,PROD00286,CUST00181,20240126,8,1,945.94,0.0,945.94,455.46000000000004
ITEM0004927,ORD002338,PROD00060,CUST00181,20240126,8,2,532.72,0.07,990.86,428.18000000000006
ITEM0004928,ORD002339,PROD00186,CUST00825,20230315,8,1,1445.96,0.05,1373.66,757.0400000000001
ITEM0004929,ORD002339,PROD00261,CUST00825,20230315,8,1,2154.14,0.0,2154.14,1173.1
ITEM0004930,ORD002340,PROD00243,CUST00191,20240119,5,2,6308.05,0.0,12616.1,5948.820000000001
ITEM0004931,ORD002341,PROD00117,CUST00909,20230801,7,3,498.3,0.0,1494.9,890.22
ITEM0004932,ORD002341,PROD00027,CUST00909,20230801,7,1,5723.51,0.0,5723.51,2519.11
ITEM0004933,ORD002342,PROD00119,CUST00552,20240122,10,1,9197.85,0.19,7450.26,3719.3
ITEM0004934,ORD002342,PROD00095,CUST00552,20240122,10,1,1505.02,0.0,1505.02,539.46
ITEM0004935,ORD002343,PROD00094,CUST00387,20240809,9,3,6449.58,0.0,19348.74,8288.310000000001
ITEM0004936,ORD002343,PROD00299,CUST00387,20240809,9,2,10649.19,0.0,21298.38,12303.6
ITEM0004937,ORD002344,PROD00148,CUST00499,20230814,10,1,3870.28,0.12,3405.85,1477.61
ITEM0004938,ORD002344,PROD00024,CUST00499,20230814,10,1,10115.71,0.12,8901.82,4663.16
ITEM0004939,ORD002345,PROD00023,CUST00591,20231219,3,2,3506.84,0.0,7013.68,4045.5400000000004
ITEM0004940,ORD002345,PROD00281,CUST00591,20231219,3,1,7979.23,0.0,7979.23,3968.0199999999995
ITEM0004941,ORD002345,PROD00040,CUST00591,20231219,3,2,3631.49,0.0,7262.98,4009.4399999999996
ITEM0004942,ORD002345,PROD00184,CUST00591,20231219,3,1,1498.15,0.26,1108.63,488.1500000000001
ITEM0004943,ORD002346,PROD00131,CUST00678,20230427,3,2,576.16,0.0,1152.32,431.02
ITEM0004944,ORD002347,PROD00047,CUST00066,20231014,1,2,1589.57,0.0,3179.14,1216.08
ITEM0004945,ORD002347,PROD00184,CUST00066,20231014,1,1,1498.15,0.0,1498.15,877.6700000000001
ITEM0004946,ORD002348,PROD00222,CUST00097,20240815,2,1,3002.04,0.0,3002.04,1178.27
ITEM0004947,ORD002349,PROD00013,CUST00128,20240506,9,2,10508.19,0.0,21016.38,11833.060000000001
ITEM0004948,ORD002349,PROD00165,CUST00128,20240506,9,1,1721.94,0.0,1721.94,927.6800000000001
ITEM0004949,ORD002349,PROD00056,CUST00128,20240506,9,4,6326.27,0.29,17966.61,7793.050000000001
ITEM0004950,ORD002349,PROD00197,CUST00128,20240506,9,1,8766.75,0.0,8766.75,5089.860000000001
ITEM0004951,ORD002350,PROD00287,CUST00668,20240215,1,1,6559.01,0.0,6559.01,3257.69
ITEM0004952,ORD002351,PROD00286,CUST00747,20240919,9,1,945.94,0.12,832.43,341.94999999999993
ITEM0004953,ORD002352,PROD00163,CUST00460,20240921,10,1,2745.97,0.1,2471.37,1096.04
ITEM0004954,ORD002353,PROD00229,CUST00503,20230420,2,1,726.54,0.06,682.95,206.61000000000007
ITEM0004955,ORD002353,PROD00251,CUST00503,20230420,2,1,3365.3,0.0,3365.3,1990.8100000000002
ITEM0004956,ORD002354,PROD00149,CUST00365,20240303,9,1,832.87,0.26,616.32,253.99000000000007
ITEM0004957,ORD002354,PROD00017,CUST00365,20240303,9,2,9163.85,0.03,17777.87,10383.009999999998
ITEM0004958,ORD002355,PROD00211,CUST00444,20230110,2,1,1624.33,0.0,1624.33,369.80999999999995
ITEM0004959,ORD002356,PROD00223,CUST00883,20240221,4,1,2430.88,0.0,2430.88,1193.92
ITEM0004960,ORD002357,PROD00004,CUST00473,20240902,6,1,4097.38,0.0,4097.38,698.21
ITEM0004961,ORD002358,PROD00076,CUST00429,20230416,10,1,6038.15,0.0,-6038.15,-8969.789999999999
ITEM0004962,ORD002358,PROD00215,CUST00429,20230416,10,3,379.53,0.23,876.71,-36.87999999999988
ITEM0004963,ORD002359,PROD00255,CUST00073,20240603,2,1,7383.63,0.0,7383.63,4053.4
ITEM0004964,ORD002359,PROD00048,CUST00073,20240603,2,1,1926.71,0.1,1734.04,431.98
ITEM0004965,ORD002360,PROD00295,CUST00595,20241025,10,2,895.09,0.0,1790.18,351.48
ITEM0004966,ORD002360,PROD00210,CUST00595,20241025,10,2,6680.3,0.02,13093.39,4889.109999999999
ITEM0004967,ORD002361,PROD00262,CUST00782,20230427,4,2,1460.84,0.0,2921.68,1474.8999999999999
ITEM0004968,ORD002362,PROD00004,CUST00194,20231223,3,1,4097.38,0.0,4097.38,698.21
ITEM0004969,ORD002362,PROD00015,CUST00194,20231223,3,1,5418.41,0.0,5418.41,1545.25
ITEM0004970,ORD002362,PROD00032,CUST00194,20231223,3,1,301.12,0.0,301.12,56.30000000000001
ITEM0004971,ORD002362,PROD00066,CUST00194,20231223,3,1,899.86,0.12,791.88,188.43999999999994
ITEM0004972,ORD002362,PROD00175,CUST00194,20231223,3,2,8513.93,0.0,17027.86,7982.860000000001
ITEM0004973,ORD002363,PROD00013,CUST00944,20240307,2,1,10508.19,0.07,-9772.62,-14364.28
ITEM0004974,ORD002363,PROD00084,CUST00944,20240307,2,1,7622.23,0.0,7622.23,4311.3099999999995
ITEM0004975,ORD002363,PROD00216,CUST00944,20240307,2,1,3307.17,0.0,3307.17,1490.91
ITEM0004976,ORD002363,PROD00003,CUST00944,20240307,2,1,2902.0,0.0,2902.0,1490.72
ITEM0004977,ORD002364,PROD00034,CUST00275,20231204,10,1,2533.01,0.0,2533.01,828.0700000000002
ITEM0004978,ORD002365,PROD00223,CUST00488,20230906,3,1,2430.88,0.0,2430.88,1193.92
ITEM0004979,ORD002365,PROD00270,CUST00488,20230906,3,1,4350.17,0.0,4350.17,2211.92
ITEM0004980,ORD002366,PROD00104,CUST00231,20240530,6,1,2043.03,0.24,1552.7,283.46000000000004
ITEM0004981,ORD002366,PROD00040,CUST00231,20240530,6,2,3631.49,0.0,7262.98,4009.4399999999996
ITEM0004982,ORD002367,PROD00253,CUST00777,20240715,2,4,791.63,0.0,3166.52,1090.0
ITEM0004983,ORD002367,PROD00117,CUST00777,20240715,2,2,498.3,0.19,807.25,404.13
ITEM0004984,ORD002367,PROD00144,CUST00777,20240715,2,1,9953.38,0.0,9953.38,5272.469999999999
ITEM0004985,ORD002367,PROD00031,CUST00777,20240715,2,1,4066.81,0.0,4066.81,1410.2399999999998
ITEM0004986,ORD002367,PROD00173,CUST00777,20240715,2,1,1945.88,0.28,1401.04,-3022.84
ITEM0004987,ORD002368,PROD00193,CUST00158,20241009,3,3,9202.76,0.0,27608.28,15344.879999999997
ITEM0004988,ORD002368,PROD00120,CUST00158,20241009,3,1,1288.16,0.0,1288.16,750.72
ITEM0004989,ORD002368,PROD00187,CUST00158,20241009,3,1,6641.17,0.0,6641.17,2837.6800000000003
ITEM0004990,ORD002369,PROD00182,CUST00854,20230313,10,3,3616.25,0.0,10848.75,5431.74
ITEM0004991,ORD002369,PROD00109,CUST00854,20230313,10,2,7944.57,0.01,15730.25,6972.709999999999
ITEM0004992,ORD002370,PROD00207,CUST00757,20241006,5,1,6547.46,0.0,6547.46,3772.35
ITEM0004993,ORD002370,PROD00073,CUST00757,20241006,5,1,9071.35,0.05,8617.78,3985.9700000000003
ITEM0004994,ORD002370,PROD00209,CUST00757,20241006,5,2,3816.19,0.07,7098.11,3619.6099999999997
ITEM0004995,ORD002371,PROD00298,CUST00724,20230706,4,2,5321.16,0.0,10642.32,3612.42
ITEM0004996,ORD002372,PROD00038,CUST00586,20230827,10,1,1983.28,0.0,1983.28,1035.78
ITEM0004997,ORD002373,PROD00220,CUST00326,20230915,4,3,6168.69,0.0,18506.07,7983.09
ITEM0004998,ORD002373,PROD00149,CUST00326,20230915,4,3,832.87,0.03,2423.65,1336.66
ITEM0004999,ORD002373,PROD00298,CUST00326,20230915,4,3,5321.16,0.0,15963.48,5418.630000000001
ITEM0005000,ORD002374,PROD00122,CUST00009,20230906,8,1,11549.43,0.0,11549.43,6611.5
ITEM0005001,ORD002374,PROD00241,CUST00009,20230906,8,1,1927.32,0.0,1927.32,-2360.09
ITEM0005002,ORD002375,PROD00124,CUST00667,20230217,10,2,2025.14,0.0,4050.28,818.9200000000001
ITEM0005003,ORD002376,PROD00220,CUST00476,20240705,3,1,6168.69,0.0,6168.69,2661.0299999999997
ITEM0005004,ORD002376,PROD00116,CUST00476,20240705,3,1,3835.95,0.26,2838.6,365.25999999999976
ITEM0005005,ORD002377,PROD00161,CUST00888,20240911,3,1,2894.21,0.15,2460.08,185.3800000000001
ITEM0005006,ORD002377,PROD00130,CUST00888,20240911,3,4,3445.25,0.0,13781.0,4485.360000000001
ITEM0005007,ORD002378,PROD00187,CUST00667,20231203,2,1,6641.17,0.0,6641.17,2837.6800000000003
ITEM0005008,ORD002378,PROD00080,CUST00667,20231203,2,1,862.91,0.0,862.91,394.7
ITEM0005009,ORD002379,PROD00099,CUST00987,20230809,10,1,6088.4,0.0,6088.4,2560.7899999999995
ITEM0005010,ORD002380,PROD00126,CUST00491,20230504,4,1,10802.22,0.03,10478.15,5634.2
ITEM0005011,ORD002381,PROD00080,CUST00667,20230516,3,1,862.91,0.0,862.91,394.7
ITEM0005012,ORD002382,PROD00094,CUST00538,20240923,4,4,6449.58,0.0,25798.32,11051.08
ITEM0005013,ORD002382,PROD00041,CUST00538,20240923,4,2,3958.75,0.0,7917.5,3469.4799999999996
ITEM0005014,ORD002383,PROD00250,CUST00752,20230709,4,1,4610.44,0.0,4610.44,2239.2799999999997
ITEM0005015,ORD002384,PROD00147,CUST00665,20230413,5,1,4961.76,0.0,4961.76,1847.2400000000002
ITEM0005016,ORD002384,PROD00293,CUST00665,20230413,5,2,5361.88,0.13,9329.67,540.8899999999994
ITEM0005017,ORD002385,PROD00007,CUST00160,20231005,1,3,7518.69,0.24,17142.61,2248.0300000000025
ITEM0005018,ORD002385,PROD00297,CUST00160,20231005,1,1,10930.45,0.22,8525.75,3924.5
ITEM0005019,ORD002385,PROD00230,CUST00160,20231005,1,1,8026.94,0.0,8026.94,4471.19
ITEM0005020,ORD002385,PROD00189,CUST00160,20231005,1,2,7636.65,0.0,15273.3,7592.459999999999
ITEM0005021,ORD002386,PROD00239,CUST00715,20230108,10,4,467.33,0.0,1869.32,1052.04
ITEM0005022,ORD002386,PROD00032,CUST00715,20230108,10,1,301.12,0.0,301.12,56.30000000000001
ITEM0005023,ORD002386,PROD00047,CUST00715,20230108,10,4,1589.57,0.0,6358.28,2432.16
ITEM0005024,ORD002387,PROD00214,CUST00685,20230501,9,1,8107.58,0.07,7540.05,3091.21
ITEM0005025,ORD002387,PROD00153,CUST00685,20230501,9,2,4010.2,0.19,6496.52,1578.1400000000003
ITEM0005026,ORD002387,PROD00018,CUST00685,20230501,9,3,2803.77,0.0,8411.31,2846.9399999999996
ITEM0005027,ORD002388,PROD00247,CUST00628,20230109,10,1,7341.91,0.0,7341.91,3685.56
ITEM0005028,ORD002389,PROD00097,CUST00635,20240706,2,1,1492.36,0.0,1492.36,316.41999999999985
ITEM0005029,ORD002390,PROD00152,CUST00859,20231104,6,2,1231.99,0.0,2463.98,1214.9
ITEM0005030,ORD002390,PROD00227,CUST00859,20231104,6,1,3250.8,0.0,3250.8,1611.5800000000002
ITEM0005031,ORD002391,PROD00063,CUST00395,20230703,2,1,1083.33,0.22,845.0,354.14
ITEM0005032,ORD002391,PROD00200,CUST00395,20230703,2,1,7131.42,0.0,7131.42,3103.6
ITEM0005033,ORD002391,PROD00186,CUST00395,20230703,2,3,1445.96,0.0,4337.88,2488.02
ITEM0005034,ORD002392,PROD00051,CUST00328,20240128,10,2,8693.03,0.16,14604.29,5596.59
ITEM0005035,ORD002392,PROD00032,CUST00328,20240128,10,1,301.12,0.0,301.12,56.30000000000001
ITEM0005036,ORD002392,PROD00130,CUST00328,20240128,10,1,3445.25,0.0,3445.25,1121.3400000000001
ITEM0005037,ORD002392,PROD00285,CUST00328,20240128,10,1,2757.81,0.23,2123.51,842.3800000000001
ITEM0005038,ORD002392,PROD00064,CUST00328,20240128,10,2,4268.27,0.02,8365.81,4311.209999999999
ITEM0005039,ORD002393,PROD00107,CUST00980,20241011,3,1,6282.37,0.02,6156.72,1738.5600000000004
ITEM0005040,ORD002393,PROD00219,CUST00980,20241011,3,1,344.65,0.23,265.38,76.72
ITEM0005041,ORD002393,PROD00232,CUST00980,20241011,3,1,3144.6,0.0,3144.6,1610.4499999999998
ITEM0005042,ORD002394,PROD00234,CUST00960,20241110,7,1,9552.76,0.0,9552.76,5040.68
ITEM0005043,ORD002394,PROD00076,CUST00960,20241110,7,2,6038.15,0.0,12076.3,6213.0199999999995
ITEM0005044,ORD002394,PROD00128,CUST00960,20241110,7,1,4199.76,0.0,4199.76,1536.15
ITEM0005045,ORD002395,PROD00073,CUST00393,20240704,2,2,9071.35,0.0,18142.7,8879.08
ITEM0005046,ORD002395,PROD00228,CUST00393,20240704,2,1,1263.16,0.26,934.74,199.13
ITEM0005047,ORD002395,PROD00276,CUST00393,20240704,2,1,8701.77,0.11,7744.58,4151.66
ITEM0005048,ORD002395,PROD00019,CUST00393,20240704,2,1,2406.67,0.0,2406.67,1356.91
ITEM0005049,ORD002396,PROD00028,CUST00624,20230716,1,1,214.4,0.12,188.67,38.97999999999999
ITEM0005050,ORD002396,PROD00040,CUST00624,20230716,1,1,3631.49,0.0,3631.49,2004.7199999999998
ITEM0005051,ORD002397,PROD00080,CUST00670,20231015,3,1,862.91,0.23,664.44,196.23000000000008
ITEM0005052,ORD002397,PROD00108,CUST00670,20231015,3,1,7407.37,0.17,6148.12,3137.49
ITEM0005053,ORD002397,PROD00160,CUST00670,20231015,3,1,1750.19,0.0,1750.19,438.8800000000001
ITEM0005054,ORD002397,PROD00289,CUST00670,20231015,3,3,3097.21,0.0,9291.63,5390.939999999999
ITEM0005055,ORD002397,PROD00268,CUST00670,20231015,3,1,852.32,0.0,852.32,372.6700000000001
ITEM0005056,ORD002398,PROD00189,CUST00277,20230712,7,1,7636.65,0.0,7636.65,3796.2299999999996
ITEM0005057,ORD002399,PROD00030,CUST00976,20230824,4,3,4937.89,0.05,14072.99,6659.51
ITEM0005058,ORD002399,PROD00187,CUST00976,20230824,4,1,6641.17,0.01,6574.76,2771.2700000000004
ITEM0005059,ORD002400,PROD00075,CUST00447,20240126,10,1,6662.95,0.04,6396.43,3175.6000000000004
ITEM0005060,ORD002400,PROD00250,CUST00447,20240126,10,1,4610.44,0.0,4610.44,2239.2799999999997
ITEM0005061,ORD002401,PROD00146,CUST00180,20231022,5,1,504.1,0.0,504.1,274.63
ITEM0005062,ORD002401,PROD00263,CUST00180,20231022,5,1,4979.64,0.0,4979.64,1665.3500000000004
ITEM0005063,ORD002401,PROD00160,CUST00180,20231022,5,1,1750.19,0.0,1750.19,438.8800000000001
ITEM0005064,ORD002401,PROD00033,CUST00180,20231022,5,1,1942.09,0.15,1650.78,490.8799999999999
ITEM0005065,ORD002402,PROD00248,CUST00568,20230517,6,1,10128.22,0.0,10128.22,5478.24
ITEM0005066,ORD002402,PROD00277,CUST00568,20230517,6,1,556.92,0.0,556.92,297.17999999999995
ITEM0005067,ORD002403,PROD00007,CUST00883,20240814,6,2,7518.69,0.27,10977.29,1047.5700000000015
ITEM0005068,ORD002403,PROD00227,CUST00883,20240814,6,1,3250.8,0.0,3250.8,1611.5800000000002
ITEM0005069,ORD002404,PROD00021,CUST00383,20240928,10,1,6443.82,0.0,6443.82,3269.37
ITEM0005070,ORD002405,PROD00296,CUST00583,20230912,7,1,1188.71,0.0,1188.71,270.73
ITEM0005071,ORD002405,PROD00017,CUST00583,20230912,7,1,9163.85,0.0,9163.85,5466.42
ITEM0005072,ORD002405,PROD00270,CUST00583,20230912,7,1,4350.17,0.0,4350.17,2211.92
ITEM0005073,ORD002405,PROD00140,CUST00583,20230912,7,4,1718.72,0.0,6874.88,3747.04
ITEM0005074,ORD002406,PROD00278,CUST00215,20231201,6,1,629.94,0.0,629.94,145.56000000000006
ITEM0005075,ORD002407,PROD00189,CUST00128,20240413,9,2,7636.65,0.0,15273.3,7592.459999999999
ITEM0005076,ORD002408,PROD00243,CUST00281,20231215,3,2,6308.05,0.0,12616.1,5948.820000000001
ITEM0005077,ORD002409,PROD00290,CUST00661,20240917,7,1,1195.14,0.0,1195.14,418.2500000000001
ITEM0005078,ORD002410,PROD00003,CUST00552,20240826,10,1,2902.0,0.28,2089.44,678.1600000000001
ITEM0005079,ORD002410,PROD00032,CUST00552,20240826,10,1,301.12,0.0,301.12,56.30000000000001
ITEM0005080,ORD002411,PROD00146,CUST00718,20240413,1,1,504.1,0.0,504.1,274.63
ITEM0005081,ORD002411,PROD00244,CUST00718,20240413,1,2,4549.33,0.11,8097.81,2590.63
ITEM0005082,ORD002412,PROD00118,CUST00451,20240928,2,2,8273.55,0.0,16547.1,6605.039999999999
ITEM0005083,ORD002413,PROD00180,CUST00345,20230416,7,1,7030.69,0.01,6960.38,4037.79
ITEM0005084,ORD002413,PROD00099,CUST00345,20230416,7,1,6088.4,0.0,6088.4,2560.7899999999995
ITEM0005085,ORD002413,PROD00103,CUST00345,20230416,7,4,9136.07,0.0,36544.28,18351.76
ITEM0005086,ORD002413,PROD00090,CUST00345,20230416,7,1,494.65,0.0,494.65,254.57999999999998
ITEM0005087,ORD002413,PROD00102,CUST00345,20230416,7,4,6509.4,0.0,26037.6,13949.839999999998
ITEM0005088,ORD002414,PROD00174,CUST00669,20230101,6,3,4285.14,0.0,12855.42,7296.54
ITEM0005089,ORD002415,PROD00021,CUST00394,20230409,8,1,6443.82,0.04,6186.07,3011.62
ITEM0005090,ORD002415,PROD00269,CUST00394,20230409,8,2,2135.25,0.0,4270.5,2070.88
ITEM0005091,ORD002416,PROD00197,CUST00291,20230729,4,1,8766.75,0.0,8766.75,5089.860000000001
ITEM0005092,ORD002417,PROD00124,CUST00530,20240812,6,1,2025.14,0.21,1599.86,-15.820000000000164
ITEM0005093,ORD002417,PROD00225,CUST00530,20240812,6,2,6042.7,0.0,12085.4,2174.199999999999
ITEM0005094,ORD002418,PROD00151,CUST00778,20231128,1,2,5518.05,0.0,11036.1,2611.960000000001
ITEM0005095,ORD002418,PROD00274,CUST00778,20231128,1,2,5633.46,0.0,11266.92,2130.5599999999995
ITEM0005096,ORD002418,PROD00200,CUST00778,20231128,1,2,7131.42,0.0,14262.84,6207.2
ITEM0005097,ORD002418,PROD00120,CUST00778,20231128,1,1,1288.16,0.0,1288.16,750.72
ITEM0005098,ORD002419,PROD00209,CUST00497,20230823,6,1,3816.19,0.0,3816.19,2076.94
ITEM0005099,ORD002420,PROD00281,CUST00815,20230702,9,2,7979.23,0.16,13405.11,5382.6900000000005
ITEM0005100,ORD002421,PROD00040,CUST00922,20230621,6,1,3631.49,0.14,3123.08,1496.31
ITEM0005101,ORD002422,PROD00232,CUST00058,20231205,4,1,3144.6,0.0,3144.6,1610.4499999999998
ITEM0005102,ORD002423,PROD00167,CUST00896,20240121,5,3,2019.38,0.0,6058.14,1503.2400000000007
ITEM0005103,ORD002423,PROD00283,CUST00896,20240121,5,1,7427.34,0.0,7427.34,2863.1000000000004
ITEM0005104,ORD002424,PROD00075,CUST00663,20240613,5,1,6662.95,0.0,6662.95,3442.12
ITEM0005105,ORD002424,PROD00061,CUST00663,20240613,5,1,4205.57,0.11,3742.96,483.55999999999995
ITEM0005106,ORD002425,PROD00106,CUST00395,20241118,4,1,3963.99,0.07,3686.51,1260.9700000000003
ITEM0005107,ORD002426,PROD00025,CUST00789,20230123,2,1,3078.83,0.0,3078.83,572.75
ITEM0005108,ORD002427,PROD00252,CUST00342,20240907,2,3,910.14,0.18,2238.94,0.40000000000009095
ITEM0005109,ORD002427,PROD00184,CUST00342,20240907,2,4,1498.15,0.0,5992.6,3510.6800000000003
ITEM0005110,ORD002428,PROD00076,CUST00943,20241020,9,3,6038.15,0.0,-18114.45,-26909.370000000003
ITEM0005111,ORD002429,PROD00087,CUST00359,20240415,9,2,4546.57,0.27,6637.99,2291.67
ITEM0005112,ORD002430,PROD00284,CUST00425,20231202,3,1,1981.58,0.0,1981.58,750.22
ITEM0005113,ORD002430,PROD00080,CUST00425,20231202,3,1,862.91,0.0,862.91,394.7
ITEM0005114,ORD002430,PROD00028,CUST00425,20231202,3,1,214.4,0.07,199.39,49.69999999999999
ITEM0005115,ORD002430,PROD00210,CUST00425,20231202,3,2,6680.3,0.0,13360.6,5156.32
ITEM0005116,ORD002431,PROD00207,CUST00697,20231108,5,1,6547.46,0.0,6547.46,3772.35
ITEM0005117,ORD002431,PROD00251,CUST00697,20231108,5,2,3365.3,0.0,6730.6,3981.6200000000003
ITEM0005118,ORD002431,PROD00085,CUST00697,20231108,5,1,1960.53,0.04,1882.11,710.06
ITEM0005119,ORD002432,PROD00102,CUST00766,20240122,4,1,6509.4,0.18,5337.71,2315.77
ITEM0005120,ORD002433,PROD00207,CUST00228,20230720,6,1,6547.46,0.0,6547.46,3772.35
ITEM0005121,ORD002433,PROD00150,CUST00228,20230720,6,3,290.6,0.22,680.0,292.49
ITEM0005122,ORD002434,PROD00261,CUST00904,20240404,4,2,2154.14,0.02,4222.11,2260.0299999999997
ITEM0005123,ORD002434,PROD00212,CUST00904,20240404,4,1,7782.48,0.16,6537.28,2992.1299999999997
ITEM0005124,ORD002434,PROD00263,CUST00904,20240404,4,1,4979.64,0.0,4979.64,1665.3500000000004
ITEM0005125,ORD002434,PROD00192,CUST00904,20240404,4,1,5116.05,0.0,5116.05,1689.69
ITEM0005126,ORD002434,PROD00106,CUST00904,20240404,4,2,3963.99,0.0,7927.98,3076.8999999999996
ITEM0005127,ORD002435,PROD00057,CUST00473,20240417,7,3,4595.24,0.0,13785.72,6829.769999999999
ITEM0005128,ORD002435,PROD00141,CUST00473,20240417,7,4,4481.31,0.0,17925.24,6661.2800000000025
ITEM0005129,ORD002436,PROD00225,CUST00456,20240206,9,2,6042.7,0.0,12085.4,2174.199999999999
ITEM0005130,ORD002436,PROD00131,CUST00456,20240206,9,3,576.16,0.0,1728.48,646.5300000000002
ITEM0005131,ORD002437,PROD00072,CUST00501,20240911,8,1,6999.91,0.0,6999.91,3897.43
ITEM0005132,ORD002438,PROD00062,CUST00280,20240919,5,1,5673.89,0.0,5673.89,2029.9500000000003
ITEM0005133,ORD002439,PROD00200,CUST00602,20230522,6,4,7131.42,0.0,28525.68,12414.4
ITEM0005134,ORD002440,PROD00013,CUST00986,20230129,4,2,10508.19,0.0,21016.38,11833.060000000001
ITEM0005135,ORD002441,PROD00139,CUST00272,20230126,3,1,5962.8,0.0,5962.8,3099.65
ITEM0005136,ORD002442,PROD00209,CUST00612,20231112,8,1,3816.19,0.0,3816.19,2076.94
ITEM0005137,ORD002442,PROD00262,CUST00612,20231112,8,2,1460.84,0.0,2921.68,1474.8999999999999
ITEM0005138,ORD002443,PROD00094,CUST00668,20230801,4,2,6449.58,0.0,12899.16,5525.54
ITEM0005139,ORD002444,PROD00195,CUST00872,20240807,5,4,9608.14,0.0,38432.56,22156.399999999998
ITEM0005140,ORD002445,PROD00190,CUST00248,20230603,5,1,3528.69,0.0,3528.69,1855.01
ITEM0005141,ORD002445,PROD00034,CUST00248,20230603,5,1,2533.01,0.0,2533.01,828.0700000000002
ITEM0005142,ORD002446,PROD00274,CUST00673,20241101,7,3,5633.46,0.0,16900.38,3195.84
ITEM0005143,ORD002447,PROD00180,CUST00134,20241124,7,4,7030.69,0.0,28122.76,16432.399999999998
ITEM0005144,ORD002448,PROD00001,CUST00267,20230207,8,3,9272.65,0.0,27817.95,14170.44
ITEM0005145,ORD002449,PROD00053,CUST00835,20230909,5,1,7229.99,0.16,6073.19,2994.4599999999996
ITEM0005146,ORD002450,PROD00036,CUST00615,20230322,10,1,7308.78,0.27,5335.41,1765.7999999999997
ITEM0005147,ORD002450,PROD00067,CUST00615,20230322,10,1,996.38,0.0,996.38,381.22
ITEM0005148,ORD002450,PROD00003,CUST00615,20230322,10,1,2902.0,0.0,2902.0,1490.72
ITEM0005149,ORD002451,PROD00293,CUST00089,20230324,9,2,5361.88,0.0,10723.76,1934.9799999999996
ITEM0005150,ORD002452,PROD00241,CUST00412,20231011,7,1,270.66,0.0,270.66,-4016.75
ITEM0005151,ORD002452,PROD00054,CUST00412,20231011,7,1,5941.63,0.0,5941.63,3029.28
ITEM0005152,ORD002453,PROD00156,CUST00523,20240405,7,1,1816.09,0.0,1816.09,1047.7199999999998
ITEM0005153,ORD002454,PROD00278,CUST00422,20240820,7,1,629.94,0.0,629.94,145.56000000000006
ITEM0005154,ORD002454,PROD00043,CUST00422,20240820,7,1,1789.22,0.0,1789.22,710.5899999999999
ITEM0005155,ORD002455,PROD00295,CUST00759,20230117,6,2,895.09,0.0,1790.18,351.48
ITEM0005156,ORD002456,PROD00201,CUST00018,20240119,9,1,3944.29,0.0,3944.29,1055.44
ITEM0005157,ORD002456,PROD00052,CUST00018,20240119,9,1,1689.78,0.0,1689.78,550.1199999999999
ITEM0005158,ORD002456,PROD00001,CUST00018,20240119,9,1,9272.65,0.0,9272.65,4723.48
ITEM0005159,ORD002457,PROD00199,CUST00004,20230826,3,1,3657.98,0.0,3657.98,1832.66
ITEM0005160,ORD002457,PROD00221,CUST00004,20230826,3,1,901.85,0.15,766.57,100.21000000000004
ITEM0005161,ORD002458,PROD00178,CUST00324,20230118,5,1,7985.04,0.0,7985.04,4658.66
ITEM0005162,ORD002459,PROD00035,CUST00937,20230628,3,2,2576.9,0.29,3659.2,836.8199999999997
ITEM0005163,ORD002460,PROD00094,CUST00398,20240628,7,1,6449.58,0.0,6449.58,2762.77
ITEM0005164,ORD002461,PROD00286,CUST00566,20230807,10,3,945.94,0.18,2327.01,855.5700000000002
ITEM0005165,ORD002462,PROD00205,CUST00172,20231214,5,2,6283.38,0.07,11687.09,1999.5699999999997
ITEM0005166,ORD002462,PROD00053,CUST00172,20231214,5,2,7229.99,0.0,14459.98,8302.52
ITEM0005167,ORD002463,PROD00053,CUST00621,20231202,5,3,7229.99,0.15,18436.47,9200.28
ITEM0005168,ORD002463,PROD00274,CUST00621,20231202,5,1,5633.46,0.0,5633.46,1065.2799999999997
ITEM0005169,ORD002463,PROD00149,CUST00621,20231202,5,1,832.87,0.0,832.87,470.54
ITEM0005170,ORD002464,PROD00282,CUST00802,20230820,9,1,3504.39,0.0,3504.39,1243.4
ITEM0005171,ORD002464,PROD00202,CUST00802,20230820,9,2,1016.59,0.28,1463.89,108.21000000000004
ITEM0005172,ORD002464,PROD00223,CUST00802,20230820,9,2,2430.88,0.0,4861.76,2387.84
ITEM0005173,ORD002465,PROD00032,CUST00717,20241129,7,1,301.12,0.0,301.12,56.30000000000001
ITEM0005174,ORD002465,PROD00147,CUST00717,20241129,7,3,4961.76,0.04,14289.87,4946.310000000001
ITEM0005175,ORD002466,PROD00189,CUST00993,20230403,4,1,7636.65,0.0,7636.65,3796.2299999999996
ITEM0005176,ORD002466,PROD00081,CUST00993,20230403,4,1,2624.19,0.01,2597.95,1438.8899999999999
ITEM0005177,ORD002467,PROD00282,CUST00364,20230525,9,2,3504.39,0.18,5747.2,1225.2200000000003
ITEM0005178,ORD002468,PROD00113,CUST00548,20231122,2,1,3472.93,0.28,2500.51,681.6800000000003
ITEM0005179,ORD002468,PROD00091,CUST00548,20231122,2,1,1302.09,0.0,1302.09,622.29
ITEM0005180,ORD002469,PROD00041,CUST00654,20240109,3,1,3958.75,0.08,3642.05,1418.04
ITEM0005181,ORD002469,PROD00130,CUST00654,20240109,3,2,3445.25,0.11,6132.54,1484.7200000000003
ITEM0005182,ORD002470,PROD00056,CUST00827,20240929,10,1,6326.27,0.0,6326.27,3782.8800000000006
ITEM0005183,ORD002470,PROD00228,CUST00827,20240929,10,1,1263.16,0.0,1263.16,527.5500000000001
ITEM0005184,ORD002470,PROD00210,CUST00827,20240929,10,2,6680.3,0.05,12692.57,4488.289999999999
ITEM0005185,ORD002470,PROD00143,CUST00827,20240929,10,1,1075.34,0.0,1075.34,504.7299999999999
ITEM0005186,ORD002470,PROD00220,CUST00827,20240929,10,1,6168.69,0.0,6168.69,2661.0299999999997
ITEM0005187,ORD002471,PROD00120,CUST00995,20230624,9,1,1288.16,0.11,1146.46,609.02
ITEM0005188,ORD002471,PROD00178,CUST00995,20230624,9,2,7985.04,0.0,15970.08,9317.32
ITEM0005189,ORD002472,PROD00174,CUST00472,20240121,6,3,4285.14,0.0,12855.42,7296.54
ITEM0005190,ORD002472,PROD00063,CUST00472,20240121,6,1,1083.33,0.25,812.5,321.64
ITEM0005191,ORD002473,PROD00165,CUST00226,20240824,5,2,1721.94,0.0,3443.88,1855.3600000000001
ITEM0005192,ORD002474,PROD00130,CUST00201,20230226,9,1,3445.25,0.08,3169.63,845.7200000000003
ITEM0005193,ORD002474,PROD00105,CUST00201,20230226,9,1,3095.41,0.0,3095.41,1367.85
ITEM0005194,ORD002474,PROD00005,CUST00201,20230226,9,1,246.43,0.18,202.07,25.97
ITEM0005195,ORD002475,PROD00091,CUST00721,20230511,10,1,1302.09,0.0,1302.09,622.29
ITEM0005196,ORD002476,PROD00067,CUST00898,20240914,6,1,996.38,0.0,996.38,381.22
ITEM0005197,ORD002476,PROD00050,CUST00898,20240914,6,2,5338.68,0.0,10677.36,3452.7000000000007
ITEM0005198,ORD002477,PROD00039,CUST00754,20240824,2,2,6419.63,0.16,10784.98,1158.6399999999994
ITEM0005199,ORD002477,PROD00125,CUST00754,20240824,2,1,5694.29,0.0,5694.29,1506.8500000000004
ITEM0005200,ORD002478,PROD00176,CUST00093,20231030,2,2,5492.71,0.0,10985.42,4357.42
ITEM0005201,ORD002478,PROD00256,CUST00093,20231030,2,2,256.57,0.0,513.14,192.21999999999997
ITEM0005202,ORD002478,PROD00146,CUST00093,20231030,2,1,504.1,0.0,504.1,274.63
ITEM0005203,ORD002478,PROD00032,CUST00093,20231030,2,3,301.12,0.0,903.36,168.89999999999998
ITEM0005204,ORD002479,PROD00129,CUST00904,20231207,6,3,2500.46,0.26,5551.02,787.4400000000005
ITEM0005205,ORD002479,PROD00059,CUST00904,20231207,6,1,11784.91,0.0,11784.91,6843.93
ITEM0005206,ORD002479,PROD00099,CUST00904,20231207,6,1,6088.4,0.0,6088.4,2560.7899999999995
ITEM0005207,ORD002480,PROD00072,CUST00195,20230209,1,1,6999.91,0.0,6999.91,3897.43
ITEM0005208,ORD002480,PROD00187,CUST00195,20230209,1,4,6641.17,0.17,22048.68,6834.720000000001
ITEM0005209,ORD002481,PROD00126,CUST00688,20230401,2,3,10802.22,0.0,32406.66,17874.81
ITEM0005210,ORD002481,PROD00121,CUST00688,20230401,2,1,11305.27,0.0,11305.27,6474.55
ITEM0005211,ORD002481,PROD00267,CUST00688,20230401,2,1,3457.61,0.0,3457.61,709.4500000000003
ITEM0005212,ORD002482,PROD00031,CUST00629,20240105,9,1,4066.81,0.05,3863.47,1206.8999999999996
ITEM0005213,ORD002482,PROD00300,CUST00629,20240105,9,3,1343.36,0.0,4030.08,2145.8399999999997
ITEM0005214,ORD002482,PROD00258,CUST00629,20240105,9,1,5858.08,0.16,4920.79,2535.24
ITEM0005215,ORD002483,PROD00035,CUST00768,20230901,5,1,2576.9,0.0,2576.9,1165.71
ITEM0005216,ORD002483,PROD00155,CUST00768,20230901,5,1,1532.82,0.05,1456.18,351.3600000000001
ITEM0005217,ORD002484,PROD00123,CUST00606,20240903,2,1,2950.23,0.0,2950.23,1140.89
ITEM0005218,ORD002485,PROD00031,CUST00157,20231216,1,1,4066.81,0.0,4066.81,1410.2399999999998
ITEM0005219,ORD002485,PROD00023,CUST00157,20231216,1,4,3506.84,0.16,11782.98,5846.7
ITEM0005220,ORD002486,PROD00073,CUST00430,20230124,2,2,9071.35,0.08,16691.28,7427.659999999998
ITEM0005221,ORD002487,PROD00234,CUST00096,20240922,1,1,9552.76,0.0,9552.76,5040.68
ITEM0005222,ORD002488,PROD00131,CUST00681,20230613,5,2,576.16,0.03,1117.75,396.45000000000005
ITEM0005223,ORD002488,PROD00102,CUST00681,20230613,5,4,6509.4,0.0,26037.6,13949.839999999998
ITEM0005224,ORD002489,PROD00056,CUST00845,20240303,9,1,6326.27,0.0,6326.27,3782.8800000000006
ITEM0005225,ORD002490,PROD00011,CUST00951,20231231,7,2,2615.05,0.0,5230.1,2766.6000000000004
ITEM0005226,ORD002490,PROD00230,CUST00951,20231231,7,1,8026.94,0.0,8026.94,4471.19
ITEM0005227,ORD002491,PROD00036,CUST00032,20230530,9,4,7308.78,0.05,27773.36,13494.92
ITEM0005228,ORD002492,PROD00189,CUST00012,20230104,6,1,7636.65,0.0,7636.65,3796.2299999999996
ITEM0005229,ORD002492,PROD00005,CUST00012,20230104,6,1,246.43,0.0,246.43,70.33000000000001
ITEM0005230,ORD002492,PROD00113,CUST00012,20230104,6,2,3472.93,0.0,6945.86,3308.2
ITEM0005231,ORD002492,PROD00035,CUST00012,20230104,6,1,2576.9,0.0,2576.9,1165.71
ITEM0005232,ORD002493,PROD00158,CUST00133,20240519,3,1,8138.6,0.1,7324.74,3277.22
ITEM0005233,ORD002493,PROD00082,CUST00133,20240519,3,2,3992.96,0.0,7985.92,4449.5
ITEM0005234,ORD002494,PROD00260,CUST00032,20230530,1,4,8617.38,0.0,34469.52,16487.439999999995
ITEM0005235,ORD002495,PROD00200,CUST00348,20240726,10,1,7131.42,0.0,7131.42,3103.6
ITEM0005236,ORD002495,PROD00020,CUST00348,20240726,10,4,7970.85,0.0,31883.4,16383.720000000001
ITEM0005237,ORD002495,PROD00159,CUST00348,20240726,10,1,198.83,0.0,198.83,98.66000000000001
ITEM0005238,ORD002496,PROD00094,CUST00962,20240419,2,3,6449.58,0.0,19348.74,8288.310000000001
ITEM0005239,ORD002497,PROD00277,CUST00340,20230215,9,1,556.92,0.0,556.92,297.17999999999995
ITEM0005240,ORD002498,PROD00119,CUST00971,20241008,9,1,9197.85,0.0,9197.85,5466.89
ITEM0005241,ORD002498,PROD00115,CUST00971,20241008,9,1,3250.57,0.0,3250.57,1515.2500000000002
ITEM0005242,ORD002499,PROD00199,CUST00811,20230627,3,1,3657.98,0.0,3657.98,1832.66
ITEM0005243,ORD002499,PROD00166,CUST00811,20230627,3,2,7134.8,0.18,11701.07,4232.75
ITEM0005244,ORD002500,PROD00290,CUST00270,20240503,8,1,1195.14,0.25,896.36,119.47000000000003
ITEM0005245,ORD002500,PROD00094,CUST00270,20240503,8,1,6449.58,0.0,6449.58,2762.77
ITEM0005246,ORD002500,PROD00232,CUST00270,20240503,8,1,3144.6,0.21,2484.23,950.0799999999999
ITEM0005247,ORD002501,PROD00103,CUST00736,20230212,10,3,9136.07,0.29,19459.83,5815.440000000002
ITEM0005248,ORD002501,PROD00240,CUST00736,20230212,10,1,4510.78,0.0,4510.78,2528.3099999999995
ITEM0005249,ORD002501,PROD00281,CUST00736,20230212,10,2,7979.23,0.0,15958.46,7936.039999999999
ITEM0005250,ORD002501,PROD00253,CUST00736,20230212,10,1,791.63,0.0,791.63,272.5
ITEM0005251,ORD002502,PROD00165,CUST00339,20240601,7,1,1721.94,0.0,1721.94,927.6800000000001
ITEM0005252,ORD002503,PROD00188,CUST00338,20240203,6,1,1657.41,0.0,1657.41,330.0400000000002
ITEM0005253,ORD002503,PROD00103,CUST00338,20240203,6,3,9136.07,0.0,27408.21,13763.82
ITEM0005254,ORD002504,PROD00203,CUST00521,20240627,9,1,477.27,0.09,434.32,223.85999999999999
ITEM0005255,ORD002504,PROD00235,CUST00521,20240627,9,1,1155.59,0.0,1155.59,671.1999999999999
ITEM0005256,ORD002505,PROD00175,CUST00850,20240930,4,1,8513.93,0.0,8513.93,3991.4300000000003
ITEM0005257,ORD002506,PROD00007,CUST00132,20241024,3,2,7518.69,0.0,15037.38,5107.66
ITEM0005258,ORD002507,PROD00208,CUST00392,20240723,1,1,4099.5,0.0,4099.5,798.6599999999999
ITEM0005259,ORD002507,PROD00004,CUST00392,20240723,1,1,4097.38,0.0,4097.38,698.21
ITEM0005260,ORD002507,PROD00178,CUST00392,20240723,1,2,7985.04,0.0,15970.08,9317.32
ITEM0005261,ORD002507,PROD00070,CUST00392,20240723,1,2,6693.56,0.0,13387.12,4680.58
ITEM0005262,ORD002508,PROD00239,CUST00772,20230323,10,3,467.33,0.0,1401.99,789.03
ITEM0005263,ORD002508,PROD00152,CUST00772,20230323,10,1,1231.99,0.0,1231.99,607.45
ITEM0005264,ORD002508,PROD00103,CUST00772,20230323,10,1,9136.07,0.0,9136.07,4587.94
ITEM0005265,ORD002508,PROD00288,CUST00772,20230323,10,2,2790.22,0.0,5580.44,3128.7599999999998
ITEM0005266,ORD002509,PROD00163,CUST00779,20230505,5,3,2745.97,0.0,8237.91,4111.92
ITEM0005267,ORD002510,PROD00166,CUST00574,20230909,3,1,7134.8,0.07,6635.36,2901.2
ITEM0005268,ORD002510,PROD00153,CUST00574,20230909,3,1,4010.2,0.0,4010.2,1551.0099999999998
ITEM0005269,ORD002510,PROD00011,CUST00574,20230909,3,1,2615.05,0.0,2615.05,1383.3000000000002
ITEM0005270,ORD002510,PROD00069,CUST00574,20230909,3,1,1570.25,0.0,1570.25,-2528.87
ITEM0005271,ORD002511,PROD00184,CUST00266,20230505,8,1,1498.15,0.0,1498.15,877.6700000000001
ITEM0005272,ORD002512,PROD00267,CUST00452,20231112,3,2,3457.61,0.0,6915.22,1418.9000000000005
ITEM0005273,ORD002512,PROD00089,CUST00452,20231112,3,1,781.78,0.0,781.78,141.79999999999995
ITEM0005274,ORD002512,PROD00129,CUST00452,20231112,3,1,2500.46,0.0,2500.46,912.6000000000001
ITEM0005275,ORD002512,PROD00009,CUST00452,20231112,3,1,5332.96,0.0,5332.96,3130.36
ITEM0005276,ORD002513,PROD00230,CUST00221,20240430,1,1,8026.94,0.0,8026.94,4471.19
ITEM0005277,ORD002514,PROD00179,CUST00009,20240520,9,1,6055.62,0.0,6055.62,3585.27
ITEM0005278,ORD002515,PROD00264,CUST00855,20240228,6,1,8008.38,0.0,8008.38,4554.62
ITEM0005279,ORD002515,PROD00160,CUST00855,20240228,6,2,1750.19,0.0,3500.38,877.7600000000002
ITEM0005280,ORD002515,PROD00214,CUST00855,20240228,6,1,8107.58,0.0,8107.58,3658.74
ITEM0005281,ORD002515,PROD00108,CUST00855,20240228,6,1,7407.37,0.16,6222.19,3211.5599999999995
ITEM0005282,ORD002516,PROD00236,CUST00793,20240112,9,2,2661.51,0.0,5323.02,2863.76
ITEM0005283,ORD002516,PROD00174,CUST00793,20240112,9,4,4285.14,0.0,17140.56,9728.720000000001
ITEM0005284,ORD002516,PROD00148,CUST00793,20240112,9,3,3870.28,0.0,11610.84,5826.12
ITEM0005285,ORD002517,PROD00006,CUST00779,20230102,2,1,8153.69,0.0,8153.69,4035.5199999999995
ITEM0005286,ORD002518,PROD00105,CUST00920,20240323,9,1,3095.41,0.17,2569.19,841.6300000000001
ITEM0005287,ORD002518,PROD00153,CUST00920,20240323,9,1,4010.2,0.0,4010.2,1551.0099999999998
ITEM0005288,ORD002518,PROD00146,CUST00920,20240323,9,1,504.1,0.0,504.1,274.63
ITEM0005289,ORD002519,PROD00282,CUST00929,20240511,7,1,3504.39,0.0,3504.39,1243.4
ITEM0005290,ORD002519,PROD00201,CUST00929,20240511,7,1,3944.29,0.27,2879.33,-9.519999999999982
ITEM0005291,ORD002520,PROD00249,CUST00332,20231013,9,1,4279.09,0.0,4279.09,2277.3500000000004
ITEM0005292,ORD002520,PROD00066,CUST00332,20231013,9,2,899.86,0.0,1799.72,592.8399999999999
ITEM0005293,ORD002520,PROD00145,CUST00332,20231013,9,1,5845.69,0.21,4618.1,2231.9900000000002
ITEM0005294,ORD002520,PROD00183,CUST00332,20231013,9,4,526.69,0.11,1875.02,896.38
ITEM0005295,ORD002521,PROD00118,CUST00487,20240811,6,1,8273.55,0.0,8273.55,3302.5199999999995
ITEM0005296,ORD002521,PROD00130,CUST00487,20240811,6,1,3445.25,0.24,2618.39,294.48
ITEM0005297,ORD002521,PROD00242,CUST00487,20240811,6,2,2496.43,0.0,4992.86,1023.1599999999999
ITEM0005298,ORD002522,PROD00249,CUST00331,20240504,6,1,4279.09,0.0,-4279.09,-6280.83
ITEM0005299,ORD002523,PROD00071,CUST00717,20240530,10,3,534.87,0.0,1604.61,598.9499999999998
ITEM0005300,ORD002523,PROD00232,CUST00717,20240530,10,3,3144.6,0.0,9433.8,4831.3499999999985
ITEM0005301,ORD002523,PROD00071,CUST00717,20240530,10,1,534.87,0.18,438.59,103.36999999999995
ITEM0005302,ORD002523,PROD00031,CUST00717,20240530,10,2,4066.81,0.22,6344.22,1031.08
ITEM0005303,ORD002524,PROD00072,CUST00991,20230331,2,1,6999.91,0.03,6789.91,3687.43
ITEM0005304,ORD002524,PROD00269,CUST00991,20230331,2,1,2135.25,0.24,1622.79,522.98
ITEM0005305,ORD002525,PROD00254,CUST00455,20240314,6,1,3623.42,0.0,3623.42,725.1199999999999
ITEM0005306,ORD002525,PROD00072,CUST00455,20240314,6,1,6999.91,0.0,6999.91,3897.43
ITEM0005307,ORD002526,PROD00106,CUST00505,20240925,7,3,3963.99,0.04,11416.29,4139.670000000001
ITEM0005308,ORD002526,PROD00172,CUST00505,20240925,7,2,734.93,0.2,1175.89,558.0900000000001
ITEM0005309,ORD002527,PROD00010,CUST00074,20231122,6,2,2259.53,0.0,4519.06,2616.6400000000003
ITEM0005310,ORD002528,PROD00046,CUST00452,20240217,9,1,8988.77,0.29,6382.03,1625.1799999999994
ITEM0005311,ORD002529,PROD00028,CUST00979,20240802,4,2,214.4,0.0,428.8,129.42000000000002
ITEM0005312,ORD002530,PROD00298,CUST00804,20240210,4,4,5321.16,0.0,21284.64,7224.84
ITEM0005313,ORD002530,PROD00276,CUST00804,20240210,4,1,8701.77,0.0,8701.77,5108.85
ITEM0005314,ORD002530,PROD00068,CUST00804,20240210,4,2,1589.23,0.19,2574.55,156.4100000000003
ITEM0005315,ORD002530,PROD00005,CUST00804,20240210,4,3,246.43,0.0,739.29,210.99
ITEM0005316,ORD002531,PROD00103,CUST00668,20240501,3,1,9136.07,0.0,9136.07,4587.94
ITEM0005317,ORD002532,PROD00041,CUST00811,20240708,4,1,3958.75,0.04,3800.4,1576.3899999999999
ITEM0005318,ORD002533,PROD00283,CUST00567,20240225,1,1,7427.34,0.0,7427.34,2863.1000000000004
ITEM0005319,ORD002534,PROD00219,CUST00824,20240325,9,2,344.65,0.0,689.3,311.97999999999996
ITEM0005320,ORD002535,PROD00168,CUST00567,20231104,1,1,5760.76,0.0,5760.76,2389.03
ITEM0005321,ORD002535,PROD00251,CUST00567,20231104,1,1,3365.3,0.0,3365.3,1990.8100000000002
ITEM0005322,ORD002536,PROD00020,CUST00814,20240119,9,3,7970.85,0.0,23912.55,12287.789999999999
ITEM0005323,ORD002537,PROD00192,CUST00268,20231201,5,2,5116.05,0.09,9311.21,2458.489999999999
ITEM0005324,ORD002538,PROD00113,CUST00042,20240207,10,3,3472.93,0.0,10418.79,4962.300000000001
ITEM0005325,ORD002539,PROD00138,CUST00718,20241010,3,1,10725.29,0.0,10725.29,6249.430000000001
ITEM0005326,ORD002540,PROD00243,CUST00948,20240209,5,2,6308.05,0.0,12616.1,5948.820000000001
ITEM0005327,ORD002540,PROD00104,CUST00948,20240209,5,1,2043.03,0.0,2043.03,773.79
ITEM0005328,ORD002540,PROD00102,CUST00948,20240209,5,1,6509.4,0.0,6509.4,3487.4599999999996
ITEM0005329,ORD002541,PROD00026,CUST00841,20240627,6,2,992.19,0.0,1984.38,1036.52
ITEM0005330,ORD002542,PROD00125,CUST00374,20240528,1,1,5694.29,0.0,5694.29,1506.8500000000004
ITEM0005331,ORD002542,PROD00257,CUST00374,20240528,1,2,684.96,0.03,1328.83,-7177.57
ITEM0005332,ORD002543,PROD00114,CUST00740,20231125,4,2,2295.26,0.06,4315.09,545.0500000000002
ITEM0005333,ORD002544,PROD00252,CUST00563,20231124,3,1,910.14,0.0,910.14,163.96000000000004
ITEM0005334,ORD002544,PROD00150,CUST00563,20231124,3,1,290.6,0.0,290.6,161.43000000000004
ITEM0005335,ORD002545,PROD00131,CUST00966,20230811,10,1,576.16,0.18,472.45,111.80000000000001
ITEM0005336,ORD002546,PROD00158,CUST00003,20240209,8,1,8138.6,0.0,-8138.6,-12186.12
ITEM0005337,ORD002547,PROD00010,CUST00683,20230326,10,2,2259.53,0.1,4067.15,2164.73
ITEM0005338,ORD002548,PROD00200,CUST00384,20240509,6,1,7131.42,0.0,7131.42,3103.6
ITEM0005339,ORD002548,PROD00252,CUST00384,20240509,6,2,910.14,0.0,1820.28,327.9200000000001
ITEM0005340,ORD002548,PROD00256,CUST00384,20240509,6,1,256.57,0.12,225.78,65.32
ITEM0005341,ORD002548,PROD00013,CUST00384,20240509,6,2,10508.19,0.0,21016.38,11833.060000000001
ITEM0005342,ORD002549,PROD00236,CUST00813,20230409,5,2,2661.51,0.0,5323.02,2863.76
ITEM0005343,ORD002549,PROD00263,CUST00813,20230409,5,1,4979.64,0.1,4481.68,1167.3900000000003
ITEM0005344,ORD002550,PROD00244,CUST00940,20240315,5,1,4549.33,0.0,4549.33,1795.7399999999998
ITEM0005345,ORD002550,PROD00212,CUST00940,20240315,5,2,7782.48,0.01,15409.31,8319.009999999998
ITEM0005346,ORD002551,PROD00184,CUST00800,20240613,6,4,1498.15,0.0,5992.6,3510.6800000000003
ITEM0005347,ORD002551,PROD00234,CUST00800,20240613,6,1,9552.76,0.0,9552.76,5040.68
ITEM0005348,ORD002552,PROD00152,CUST00389,20231225,6,2,1231.99,0.0,2463.98,1214.9
ITEM0005349,ORD002553,PROD00195,CUST00743,20231107,10,2,9608.14,0.0,19216.28,11078.199999999999
ITEM0005350,ORD002553,PROD00292,CUST00743,20231107,10,1,5910.44,0.0,5910.44,2987.9799999999996
ITEM0005351,ORD002553,PROD00219,CUST00743,20231107,10,1,344.65,0.0,344.65,155.98999999999998
ITEM0005352,ORD002554,PROD00253,CUST00785,20230816,7,1,791.63,0.0,791.63,272.5
ITEM0005353,ORD002555,PROD00130,CUST00179,20240731,3,1,3445.25,0.0,3445.25,1121.3400000000001
ITEM0005354,ORD002555,PROD00016,CUST00179,20240731,3,1,6005.27,0.19,4864.27,253.36000000000058
ITEM0005355,ORD002556,PROD00064,CUST00415,20240513,4,1,4268.27,0.0,4268.27,2240.9700000000003
ITEM0005356,ORD002556,PROD00091,CUST00415,20240513,4,2,1302.09,0.0,2604.18,1244.58
ITEM0005357,ORD002556,PROD00064,CUST00415,20240513,4,2,4268.27,0.0,8536.54,4481.9400000000005
ITEM0005358,ORD002557,PROD00137,CUST00478,20240419,2,1,5635.51,0.0,5635.51,2413.9900000000002
ITEM0005359,ORD002557,PROD00102,CUST00478,20240419,2,1,6509.4,0.0,6509.4,3487.4599999999996
ITEM0005360,ORD002558,PROD00238,CUST00259,20241020,8,1,7201.82,0.29,5113.29,1591.4099999999999
ITEM0005361,ORD002559,PROD00056,CUST00680,20230904,2,1,6326.27,0.0,6326.27,3782.8800000000006
ITEM0005362,ORD002560,PROD00099,CUST00178,20230517,6,2,6088.4,0.0,12176.8,5121.579999999999
ITEM0005363,ORD002560,PROD00161,CUST00178,20230517,6,1,2894.21,0.05,2749.5,474.8000000000002
ITEM0005364,ORD002560,PROD00035,CUST00178,20230517,6,1,2576.9,0.0,2576.9,1165.71
ITEM0005365,ORD002560,PROD00250,CUST00178,20230517,6,1,4610.44,0.0,4610.44,2239.2799999999997
ITEM0005366,ORD002560,PROD00121,CUST00178,20230517,6,1,11305.27,0.29,8026.74,3196.0199999999995
ITEM0005367,ORD002561,PROD00063,CUST00107,20230918,4,1,1083.33,0.0,1083.33,592.4699999999999
ITEM0005368,ORD002561,PROD00300,CUST00107,20230918,4,4,1343.36,0.23,4137.55,1625.23
ITEM0005369,ORD002562,PROD00002,CUST00098,20231113,7,1,231.58,0.0,231.58,94.31
ITEM0005370,ORD002563,PROD00047,CUST00322,20241112,3,1,1589.57,0.0,1589.57,608.04
ITEM0005371,ORD002563,PROD00217,CUST00322,20241112,3,2,260.84,0.0,521.68,111.53999999999996
ITEM0005372,ORD002563,PROD00052,CUST00322,20241112,3,2,1689.78,0.0,3379.56,1100.2399999999998
ITEM0005373,ORD002564,PROD00104,CUST00566,20231224,1,1,2043.03,0.0,2043.03,773.79
ITEM0005374,ORD002565,PROD00225,CUST00765,20240512,10,2,6042.7,0.13,10514.3,603.0999999999985
ITEM0005375,ORD002566,PROD00021,CUST00419,20241031,7,1,6443.82,0.0,6443.82,3269.37
ITEM0005376,ORD002567,PROD00296,CUST00421,20230718,3,1,1188.71,0.0,1188.71,270.73
ITEM0005377,ORD002568,PROD00247,CUST00002,20240330,5,2,7341.91,0.0,14683.82,7371.12
ITEM0005378,ORD002569,PROD00283,CUST00649,20240331,2,1,7427.34,0.0,7427.34,2863.1000000000004
ITEM0005379,ORD002569,PROD00101,CUST00649,20240331,2,1,1373.9,0.02,-1346.42,-2284.46
ITEM0005380,ORD002570,PROD00233,CUST00128,20231025,9,4,3164.97,0.0,12659.88,6010.239999999999
ITEM0005381,ORD002570,PROD00205,CUST00128,20231025,9,1,6283.38,0.0,6283.38,1439.62
ITEM0005382,ORD002571,PROD00236,CUST00512,20230810,5,1,2661.51,0.3,1863.06,633.4299999999998
ITEM0005383,ORD002571,PROD00266,CUST00512,20230810,5,1,5956.89,0.0,5956.89,1078.0100000000002
ITEM0005384,ORD002572,PROD00062,CUST00624,20230715,7,1,5673.89,0.0,5673.89,2029.9500000000003
ITEM0005385,ORD002573,PROD00272,CUST00867,20241105,1,1,7587.4,0.0,7587.4,3090.1799999999994
ITEM0005386,ORD002574,PROD00071,CUST00587,20240416,5,3,534.87,0.0,1604.61,598.9499999999998
ITEM0005387,ORD002574,PROD00024,CUST00587,20240416,5,2,10115.71,0.0,20231.42,11754.099999999999
ITEM0005388,ORD002574,PROD00261,CUST00587,20240416,5,1,2154.14,0.0,2154.14,1173.1
ITEM0005389,ORD002575,PROD00148,CUST00967,20230702,9,1,3870.28,0.04,3715.47,1787.2299999999998
ITEM0005390,ORD002575,PROD00055,CUST00967,20230702,9,2,2678.2,0.0,5356.4,2042.1199999999994
ITEM0005391,ORD002576,PROD00015,CUST00768,20230423,6,2,5418.41,0.0,10836.82,3090.5
ITEM0005392,ORD002577,PROD00033,CUST00456,20240310,7,2,1942.09,0.0,3884.18,1564.3799999999997
ITEM0005393,ORD002578,PROD00277,CUST00246,20240513,6,3,556.92,0.0,1670.76,891.54
ITEM0005394,ORD002578,PROD00119,CUST00246,20240513,6,1,9197.85,0.0,9197.85,5466.89
ITEM0005395,ORD002579,PROD00178,CUST00501,20230216,1,1,7985.04,0.17,6627.58,3301.2
ITEM0005396,ORD002580,PROD00299,CUST00991,20230329,4,3,10649.19,0.0,31947.57,18455.399999999998
ITEM0005397,ORD002580,PROD00287,CUST00991,20230329,4,2,6559.01,0.0,13118.02,6515.38
ITEM0005398,ORD002581,PROD00197,CUST00008,20240918,2,3,8766.75,0.0,26300.25,15269.58
ITEM0005399,ORD002581,PROD00186,CUST00008,20240918,2,1,1445.96,0.0,1445.96,829.34
ITEM0005400,ORD002581,PROD00266,CUST00008,20240918,2,1,5956.89,0.0,5956.89,1078.0100000000002
ITEM0005401,ORD002581,PROD00209,CUST00008,20240918,2,1,3816.19,0.0,3816.19,2076.94
ITEM0005402,ORD002582,PROD00112,CUST00505,20230618,5,4,3435.2,0.0,13740.8,7370.599999999999
ITEM0005403,ORD002582,PROD00244,CUST00505,20230618,5,1,4549.33,0.22,3548.48,794.8899999999999
ITEM0005404,ORD002582,PROD00267,CUST00505,20230618,5,1,3457.61,0.0,3457.61,709.4500000000003
ITEM0005405,ORD002582,PROD00048,CUST00505,20230618,5,1,1926.71,0.04,1849.64,547.5800000000002
ITEM0005406,ORD002583,PROD00156,CUST00492,20231118,10,1,1816.09,0.0,1816.09,1047.7199999999998
ITEM0005407,ORD002584,PROD00188,CUST00201,20230123,1,1,1657.41,0.0,1657.41,330.0400000000002
ITEM0005408,ORD002584,PROD00166,CUST00201,20230123,1,2,7134.8,0.16,11986.46,4518.139999999999
ITEM0005409,ORD002584,PROD00115,CUST00201,20230123,1,1,3250.57,0.0,3250.57,1515.2500000000002
ITEM0005410,ORD002584,PROD00230,CUST00201,20230123,1,1,8026.94,0.27,5859.67,2303.92
ITEM0005411,ORD002585,PROD00009,CUST00448,20241005,6,1,5332.96,0.0,5332.96,3130.36
ITEM0005412,ORD002586,PROD00003,CUST00998,20230628,6,3,2902.0,0.0,8706.0,4472.16
ITEM0005413,ORD002587,PROD00086,CUST00969,20240828,5,3,5791.83,0.03,16854.23,9006.32
ITEM0005414,ORD002587,PROD00276,CUST00969,20240828,5,2,8701.77,0.0,17403.54,10217.7
ITEM0005415,ORD002587,PROD00224,CUST00969,20240828,5,2,8522.29,0.19,13806.11,6230.93
ITEM0005416,ORD002588,PROD00126,CUST00440,20240204,10,1,10802.22,0.0,10802.22,5958.2699999999995
ITEM0005417,ORD002588,PROD00123,CUST00440,20240204,10,1,2950.23,0.0,2950.23,1140.89
ITEM0005418,ORD002588,PROD00025,CUST00440,20240204,10,1,3078.83,0.0,3078.83,572.75
ITEM0005419,ORD002589,PROD00036,CUST00078,20230620,5,1,7308.78,0.0,7308.78,3739.1699999999996
ITEM0005420,ORD002590,PROD00238,CUST00946,20230326,2,1,7201.82,0.0,7201.82,3679.9399999999996
ITEM0005421,ORD002591,PROD00152,CUST00830,20231208,10,2,1231.99,0.0,2463.98,1214.9
ITEM0005422,ORD002592,PROD00281,CUST00987,20240407,5,1,7979.23,0.0,7979.23,3968.0199999999995
ITEM0005423,ORD002592,PROD00143,CUST00987,20240407,5,3,1075.34,0.0,3226.02,1514.19
ITEM0005424,ORD002592,PROD00276,CUST00987,20240407,5,1,8701.77,0.0,8701.77,5108.85
ITEM0005425,ORD002592,PROD00095,CUST00987,20240407,5,1,1505.02,0.0,1505.02,539.46
ITEM0005426,ORD002593,PROD00072,CUST00384,20230705,6,1,6999.91,0.0,6999.91,3897.43
ITEM0005427,ORD002593,PROD00218,CUST00384,20230705,6,4,6300.23,0.25,18900.69,8030.649999999998
ITEM0005428,ORD002593,PROD00230,CUST00384,20230705,6,1,8026.94,0.0,8026.94,4471.19
ITEM0005429,ORD002593,PROD00108,CUST00384,20230705,6,1,7407.37,0.0,7407.37,4396.74
ITEM0005430,ORD002594,PROD00014,CUST00871,20241112,6,1,1451.31,0.19,1175.56,77.11999999999989
ITEM0005431,ORD002595,PROD00210,CUST00704,20230119,6,1,6680.3,0.3,4676.21,574.0699999999997
ITEM0005432,ORD002595,PROD00101,CUST00704,20230119,6,1,1373.9,0.0,1373.9,435.8600000000001
ITEM0005433,ORD002595,PROD00128,CUST00704,20230119,6,1,4199.76,0.0,4199.76,1536.15
ITEM0005434,ORD002596,PROD00047,CUST00707,20230413,10,1,1589.57,0.0,1589.57,608.04
ITEM0005435,ORD002597,PROD00299,CUST00798,20240703,5,3,10649.19,0.0,31947.57,18455.399999999998
ITEM0005436,ORD002598,PROD00173,CUST00029,20230619,2,1,2364.01,0.0,2364.01,-2059.87
ITEM0005437,ORD002598,PROD00225,CUST00029,20230619,2,1,6042.7,0.0,6042.7,1087.0999999999995
ITEM0005438,ORD002598,PROD00196,CUST00029,20230619,2,1,6703.46,0.0,6703.46,3818.81
ITEM0005439,ORD002599,PROD00113,CUST00999,20231001,1,1,3472.93,0.22,2708.89,890.06
ITEM0005440,ORD002599,PROD00009,CUST00999,20231001,1,3,5332.96,0.0,15998.88,9391.08
ITEM0005441,ORD002599,PROD00201,CUST00999,20231001,1,1,3944.29,0.18,3234.32,345.47000000000025
ITEM0005442,ORD002599,PROD00169,CUST00999,20231001,1,2,5358.09,0.0,10716.18,5969.34
ITEM0005443,ORD002600,PROD00115,CUST00934,20240731,7,2,3250.57,0.21,5135.9,1665.2599999999998
ITEM0005444,ORD002601,PROD00021,CUST00480,20231026,8,2,6443.82,0.0,12887.64,6538.74
ITEM0005445,ORD002601,PROD00271,CUST00480,20231026,8,1,439.58,0.0,439.58,218.57999999999998
ITEM0005446,ORD002602,PROD00199,CUST00112,20240321,9,1,3657.98,0.0,3657.98,1832.66
ITEM0005447,ORD002602,PROD00127,CUST00112,20240321,9,3,5321.52,0.0,15964.56,8330.34
ITEM0005448,ORD002603,PROD00295,CUST00003,20240118,8,1,895.09,0.0,895.09,175.74
ITEM0005449,ORD002604,PROD00287,CUST00982,20230709,2,2,6559.01,0.0,13118.02,6515.38
ITEM0005450,ORD002605,PROD00203,CUST00575,20240209,1,1,477.27,0.0,477.27,266.80999999999995
ITEM0005451,ORD002606,PROD00242,CUST00046,20230816,4,1,2496.43,0.0,2496.43,511.5799999999999
ITEM0005452,ORD002606,PROD00156,CUST00046,20230816,4,2,1816.09,0.16,3051.03,1514.2900000000002
ITEM0005453,ORD002606,PROD00226,CUST00046,20230816,4,1,648.79,0.0,648.79,173.39
ITEM0005454,ORD002607,PROD00102,CUST00337,20241101,7,1,6509.4,0.0,6509.4,3487.4599999999996
ITEM0005455,ORD002607,PROD00249,CUST00337,20241101,7,2,4279.09,0.06,8044.69,4041.2099999999996
ITEM0005456,ORD002607,PROD00065,CUST00337,20241101,7,1,6570.64,0.0,6570.64,1731.5900000000001
ITEM0005457,ORD002607,PROD00105,CUST00337,20241101,7,1,3095.41,0.18,2538.24,810.6799999999998
ITEM0005458,ORD002608,PROD00103,CUST00086,20240919,7,2,9136.07,0.0,18272.14,9175.88
ITEM0005459,ORD002608,PROD00191,CUST00086,20240919,7,1,4249.81,0.04,4079.82,1168.3000000000002
ITEM0005460,ORD002608,PROD00015,CUST00086,20240919,7,1,5418.41,0.0,5418.41,1545.25
ITEM0005461,ORD002608,PROD00234,CUST00086,20240919,7,1,9552.76,0.0,9552.76,5040.68
ITEM0005462,ORD002609,PROD00163,CUST00699,20240915,1,4,2745.97,0.0,10983.88,5482.5599999999995
ITEM0005463,ORD002610,PROD00277,CUST00737,20240801,8,3,556.92,0.0,1670.76,891.54
ITEM0005464,ORD002610,PROD00020,CUST00737,20240801,8,2,7970.85,0.0,-15941.7,-23691.54
ITEM0005465,ORD002610,PROD00009,CUST00737,20240801,8,3,5332.96,0.0,15998.88,9391.08
ITEM0005466,ORD002610,PROD00011,CUST00737,20240801,8,2,2615.05,0.0,-5230.1,-7693.6
ITEM0005467,ORD002611,PROD00289,CUST00462,20240902,1,2,3097.21,0.0,6194.42,3593.96
ITEM0005468,ORD002612,PROD00286,CUST00103,20240810,4,2,945.94,0.0,1891.88,910.9200000000001
ITEM0005469,ORD002612,PROD00215,CUST00103,20240810,4,1,379.53,0.0,379.53,75.0
ITEM0005470,ORD002612,PROD00180,CUST00103,20240810,4,2,7030.69,0.11,12514.63,6669.449999999999
ITEM0005471,ORD002613,PROD00171,CUST00474,20230112,5,2,546.18,0.0,1092.36,558.3399999999999
ITEM0005472,ORD002613,PROD00081,CUST00474,20230112,5,1,2624.19,0.0,2624.19,1465.13
ITEM0005473,ORD002613,PROD00238,CUST00474,20230112,5,4,7201.82,0.0,28807.28,14719.759999999998
ITEM0005474,ORD002614,PROD00298,CUST00653,20230912,7,2,5321.16,0.0,10642.32,3612.42
ITEM0005475,ORD002614,PROD00159,CUST00653,20230912,7,1,198.83,0.0,198.83,98.66000000000001
ITEM0005476,ORD002615,PROD00192,CUST00179,20230524,2,1,5116.05,0.03,4962.57,1536.2099999999996
ITEM0005477,ORD002616,PROD00095,CUST00467,20240606,6,2,1505.02,0.0,3010.04,1078.92
ITEM0005478,ORD002616,PROD00133,CUST00467,20240606,6,2,7313.64,0.15,12433.19,4537.610000000001
ITEM0005479,ORD002616,PROD00156,CUST00467,20240606,6,1,1816.09,0.15,1543.68,775.3100000000001
ITEM0005480,ORD002617,PROD00183,CUST00204,20230826,6,1,526.69,0.0,526.69,282.0300000000001
ITEM0005481,ORD002618,PROD00272,CUST00085,20241016,1,1,7587.4,0.0,7587.4,3090.1799999999994
ITEM0005482,ORD002618,PROD00020,CUST00085,20241016,1,2,7970.85,0.0,15941.7,8191.860000000001
ITEM0005483,ORD002619,PROD00065,CUST00492,20230328,5,2,6570.64,0.0,13141.28,3463.1800000000003
ITEM0005484,ORD002620,PROD00016,CUST00027,20230506,3,1,6005.27,0.0,6005.27,1394.3600000000006
ITEM0005485,ORD002620,PROD00281,CUST00027,20230506,3,1,7979.23,0.0,7979.23,3968.0199999999995
ITEM0005486,ORD002621,PROD00134,CUST00933,20230604,9,1,1127.73,0.0,1127.73,268.05000000000007
ITEM0005487,ORD002622,PROD00259,CUST00597,20241012,8,2,1489.83,0.0,2979.66,644.7999999999997
ITEM0005488,ORD002622,PROD00037,CUST00597,20241012,8,1,5435.74,0.0,5435.74,3199.04
ITEM0005489,ORD002622,PROD00063,CUST00597,20241012,8,1,1083.33,0.0,1083.33,592.4699999999999
ITEM0005490,ORD002622,PROD00274,CUST00597,20241012,8,2,5633.46,0.0,11266.92,2130.5599999999995
ITEM0005491,ORD002622,PROD00223,CUST00597,20241012,8,2,2430.88,0.0,4861.76,2387.84
ITEM0005492,ORD002623,PROD00244,CUST00103,20240409,8,1,4549.33,0.05,4321.86,1568.2699999999995
ITEM0005493,ORD002623,PROD00117,CUST00103,20240409,8,3,498.3,0.0,1494.9,890.22
ITEM0005494,ORD002624,PROD00160,CUST00034,20230716,6,1,1750.19,0.0,1750.19,438.8800000000001
ITEM0005495,ORD002625,PROD00163,CUST00076,20231107,3,1,2745.97,0.28,1977.1,601.77
ITEM0005496,ORD002625,PROD00035,CUST00076,20231107,3,2,2576.9,0.13,4483.81,1661.4300000000003
ITEM0005497,ORD002625,PROD00132,CUST00076,20231107,3,2,5296.2,0.0,10592.4,2218.119999999999
ITEM0005498,ORD002626,PROD00099,CUST00260,20240206,9,1,6088.4,0.0,6088.4,2560.7899999999995
ITEM0005499,ORD002627,PROD00278,CUST00245,20230802,8,3,629.94,0.0,1889.82,436.68000000000006
ITEM0005500,ORD002628,PROD00049,CUST00469,20240218,8,2,5326.74,0.0,10653.48,2814.24
ITEM0005501,ORD002629,PROD00021,CUST00230,20231014,5,1,6443.82,0.0,6443.82,3269.37
ITEM0005502,ORD002629,PROD00202,CUST00230,20231014,5,2,1016.59,0.0,2033.18,677.5
ITEM0005503,ORD002629,PROD00250,CUST00230,20231014,5,1,4610.44,0.0,4610.44,2239.2799999999997
ITEM0005504,ORD002630,PROD00181,CUST00693,20240410,4,1,2887.17,0.09,2627.32,1257.1100000000001
ITEM0005505,ORD002630,PROD00030,CUST00693,20240410,4,2,4937.89,0.0,9875.78,4933.460000000001
ITEM0005506,ORD002631,PROD00173,CUST00234,20230215,4,1,2778.85,0.09,2528.76,-1895.12
ITEM0005507,ORD002631,PROD00053,CUST00234,20230215,4,2,7229.99,0.0,14459.98,8302.52
ITEM0005508,ORD002631,PROD00247,CUST00234,20230215,4,2,7341.91,0.0,14683.82,7371.12
ITEM0005509,ORD002631,PROD00082,CUST00234,20230215,4,3,3992.96,0.0,11978.88,6674.249999999999
ITEM0005510,ORD002632,PROD00222,CUST00935,20231208,8,2,3002.04,0.0,6004.08,2356.54
ITEM0005511,ORD002632,PROD00244,CUST00935,20231208,8,1,4549.33,0.0,4549.33,1795.7399999999998
ITEM0005512,ORD002632,PROD00080,CUST00935,20231208,8,1,862.91,0.0,862.91,394.7
ITEM0005513,ORD002633,PROD00188,CUST00310,20230101,9,2,1657.41,0.29,2353.52,-301.2199999999998
ITEM0005514,ORD002633,PROD00256,CUST00310,20230101,9,1,256.57,0.0,256.57,96.10999999999999
ITEM0005515,ORD002634,PROD00283,CUST00743,20240325,4,1,7427.34,0.16,6238.97,1674.7300000000005
ITEM0005516,ORD002635,PROD00204,CUST00878,20230121,6,1,3352.35,0.0,3352.35,1339.26
ITEM0005517,ORD002635,PROD00177,CUST00878,20230121,6,1,5446.6,0.18,4466.21,2114.75
ITEM0005518,ORD002636,PROD00094,CUST00913,20240820,6,1,6449.58,0.12,5675.63,1988.8200000000002
ITEM0005519,ORD002636,PROD00070,CUST00913,20240820,6,1,6693.56,0.0,6693.56,2340.29
ITEM0005520,ORD002636,PROD00038,CUST00913,20240820,6,1,1983.28,0.0,1983.28,1035.78
ITEM0005521,ORD002637,PROD00256,CUST00852,20240228,2,2,256.57,0.03,497.75,176.82999999999998
ITEM0005522,ORD002638,PROD00222,CUST00315,20240206,8,1,3002.04,0.0,3002.04,1178.27
ITEM0005523,ORD002638,PROD00142,CUST00315,20240206,8,3,8354.87,0.0,25064.61,11135.970000000001
ITEM0005524,ORD002638,PROD00256,CUST00315,20240206,8,1,256.57,0.0,256.57,96.10999999999999
ITEM0005525,ORD002639,PROD00300,CUST00154,20240417,9,1,1343.36,0.09,1222.46,594.38
ITEM0005526,ORD002640,PROD00128,CUST00304,20230804,9,2,4199.76,0.12,7391.58,2064.3599999999997
ITEM0005527,ORD002641,PROD00290,CUST00624,20230111,9,2,1195.14,0.0,2390.28,836.5000000000002
ITEM0005528,ORD002642,PROD00140,CUST00012,20240302,7,1,1718.72,0.0,1718.72,936.76
ITEM0005529,ORD002643,PROD00235,CUST00224,20230311,9,1,1155.59,0.17,959.14,474.75
ITEM0005530,ORD002643,PROD00140,CUST00224,20230311,9,1,1718.72,0.0,1718.72,936.76
ITEM0005531,ORD002644,PROD00135,CUST00786,20241001,8,1,2086.2,0.0,2086.2,1022.2399999999998
ITEM0005532,ORD002645,PROD00159,CUST00776,20230211,4,1,198.83,0.0,198.83,98.66000000000001
ITEM0005533,ORD002645,PROD00073,CUST00776,20230211,4,3,9071.35,0.0,27214.05,13318.619999999999
ITEM0005534,ORD002646,PROD00127,CUST00604,20240424,3,4,5321.52,0.0,21286.08,11107.120000000003
ITEM0005535,ORD002646,PROD00090,CUST00604,20240424,3,1,494.65,0.0,494.65,254.57999999999998
ITEM0005536,ORD002646,PROD00249,CUST00604,20240424,3,1,4279.09,0.0,4279.09,2277.3500000000004
ITEM0005537,ORD002647,PROD00062,CUST00970,20230226,8,1,5673.89,0.0,5673.89,2029.9500000000003
ITEM0005538,ORD002647,PROD00114,CUST00970,20230226,8,1,2295.26,0.0,2295.26,410.24000000000024
ITEM0005539,ORD002648,PROD00240,CUST00177,20240305,3,4,4510.78,0.0,18043.12,10113.239999999998
ITEM0005540,ORD002648,PROD00143,CUST00177,20240305,3,1,1075.34,0.0,1075.34,504.7299999999999
ITEM0005541,ORD002649,PROD00052,CUST00207,20231022,3,1,1689.78,0.0,1689.78,550.1199999999999
ITEM0005542,ORD002649,PROD00136,CUST00207,20231022,3,3,621.23,0.0,1863.69,1091.28
ITEM0005543,ORD002649,PROD00213,CUST00207,20231022,3,3,9402.56,0.17,23412.37,9148.719999999998
ITEM0005544,ORD002649,PROD00122,CUST00207,20231022,3,2,11549.43,0.0,23098.86,13223.0
ITEM0005545,ORD002649,PROD00289,CUST00207,20231022,3,1,3097.21,0.0,3097.21,1796.98
ITEM0005546,ORD002650,PROD00127,CUST00221,20230527,10,1,5321.52,0.0,5321.52,2776.7800000000007
ITEM0005547,ORD002650,PROD00297,CUST00221,20230527,10,1,10930.45,0.0,10930.45,6329.200000000001
ITEM0005548,ORD002650,PROD00083,CUST00221,20230527,10,1,9425.24,0.05,8953.98,4647.53
ITEM0005549,ORD002651,PROD00211,CUST00834,20240215,1,1,1624.33,0.0,1624.33,369.80999999999995
ITEM0005550,ORD002651,PROD00280,CUST00834,20240215,1,1,4625.83,0.0,4625.83,2477.24
ITEM0005551,ORD002652,PROD00226,CUST00697,20230821,1,1,648.79,0.16,544.98,69.58000000000004
ITEM0005552,ORD002653,PROD00038,CUST00551,20240324,7,4,1983.28,0.12,6981.15,3191.1499999999996
ITEM0005553,ORD002653,PROD00006,CUST00551,20240324,7,1,8153.69,0.0,8153.69,4035.5199999999995
ITEM0005554,ORD002654,PROD00237,CUST00352,20240601,4,1,8123.36,0.0,8123.36,4471.299999999999
ITEM0005555,ORD002655,PROD00087,CUST00544,20230917,9,2,4546.57,0.0,9093.14,4746.82
ITEM0005556,ORD002655,PROD00136,CUST00544,20230917,9,1,621.23,0.0,621.23,363.76
ITEM0005557,ORD002656,PROD00071,CUST00110,20230909,2,1,534.87,0.0,534.87,199.64999999999998
ITEM0005558,ORD002657,PROD00196,CUST00263,20230111,3,1,6703.46,0.0,6703.46,3818.81
ITEM0005559,ORD002658,PROD00293,CUST00254,20231128,8,2,5361.88,0.0,10723.76,1934.9799999999996
ITEM0005560,ORD002659,PROD00025,CUST00492,20230131,9,1,3078.83,0.08,2832.52,326.44000000000005
ITEM0005561,ORD002660,PROD00239,CUST00407,20240711,1,1,467.33,0.01,462.66,258.34000000000003
ITEM0005562,ORD002660,PROD00111,CUST00407,20240711,1,1,5596.44,0.0,5596.44,3031.0199999999995
ITEM0005563,ORD002660,PROD00279,CUST00407,20240711,1,1,7168.01,0.0,7168.01,4297.540000000001
ITEM0005564,ORD002660,PROD00269,CUST00407,20240711,1,1,2135.25,0.03,2071.19,971.3800000000001
ITEM0005565,ORD002661,PROD00096,CUST00126,20230622,4,1,4639.15,0.16,3896.89,1672.42
ITEM0005566,ORD002662,PROD00104,CUST00993,20240928,6,1,2043.03,0.0,2043.03,773.79
ITEM0005567,ORD002663,PROD00127,CUST00678,20240813,3,1,5321.52,0.0,5321.52,2776.7800000000007
ITEM0005568,ORD002663,PROD00183,CUST00678,20240813,3,1,526.69,0.1,474.02,229.35999999999999
ITEM0005569,ORD002663,PROD00279,CUST00678,20240813,3,1,7168.01,0.0,7168.01,4297.540000000001
ITEM0005570,ORD002663,PROD00108,CUST00678,20240813,3,1,7407.37,0.04,7111.08,4100.45
ITEM0005571,ORD002663,PROD00054,CUST00678,20240813,3,3,5941.63,0.18,14616.41,5879.360000000001
ITEM0005572,ORD002664,PROD00204,CUST00942,20230613,9,2,3352.35,0.0,6704.7,2678.52
ITEM0005573,ORD002664,PROD00128,CUST00942,20230613,9,3,4199.76,0.0,12599.28,4608.450000000001
ITEM0005574,ORD002665,PROD00086,CUST00582,20231114,6,3,5791.83,0.0,17375.49,9527.580000000002
ITEM0005575,ORD002665,PROD00205,CUST00582,20231114,6,3,6283.38,0.17,15645.62,1114.3400000000001
ITEM0005576,ORD002666,PROD00121,CUST00592,20241113,7,1,11305.27,0.29,8026.74,3196.0199999999995
ITEM0005577,ORD002666,PROD00259,CUST00592,20241113,7,1,1489.83,0.0,1489.83,322.39999999999986
ITEM0005578,ORD002667,PROD00072,CUST00555,20240706,9,1,6999.91,0.0,6999.91,3897.43
ITEM0005579,ORD002668,PROD00133,CUST00184,20230212,9,3,7313.64,0.12,19308.01,7464.639999999999
ITEM0005580,ORD002668,PROD00010,CUST00184,20230212,9,1,2259.53,0.24,1717.24,766.03
ITEM0005581,ORD002668,PROD00067,CUST00184,20230212,9,1,996.38,0.25,747.28,132.12
ITEM0005582,ORD002669,PROD00094,CUST00698,20230531,3,1,6449.58,0.0,6449.58,2762.77
ITEM0005583,ORD002669,PROD00229,CUST00698,20230531,3,1,726.54,0.0,726.54,250.2
ITEM0005584,ORD002669,PROD00062,CUST00698,20230531,3,2,5673.89,0.0,11347.78,4059.9000000000005
ITEM0005585,ORD002670,PROD00077,CUST00305,20240105,6,2,7101.66,0.2,11362.66,3590.74
ITEM0005586,ORD002670,PROD00061,CUST00305,20240105,6,1,4205.57,0.0,4205.57,946.1699999999996
ITEM0005587,ORD002670,PROD00029,CUST00305,20240105,6,2,5799.72,0.0,11599.44,3022.3199999999997
ITEM0005588,ORD002671,PROD00086,CUST00141,20240926,2,1,5791.83,0.19,4691.38,2075.4100000000003
ITEM0005589,ORD002672,PROD00036,CUST00666,20231124,1,1,7308.78,0.05,6943.34,3373.73
ITEM0005590,ORD002672,PROD00282,CUST00666,20231124,1,2,3504.39,0.22,5466.85,944.8700000000008
ITEM0005591,ORD002672,PROD00243,CUST00666,20231124,1,2,6308.05,0.0,12616.1,5948.820000000001
ITEM0005592,ORD002672,PROD00028,CUST00666,20231124,1,1,214.4,0.0,214.4,64.71000000000001
ITEM0005593,ORD002673,PROD00025,CUST00259,20240403,5,1,3078.83,0.0,3078.83,572.75
ITEM0005594,ORD002674,PROD00215,CUST00493,20230226,9,1,379.53,0.0,379.53,75.0
ITEM0005595,ORD002674,PROD00148,CUST00493,20230226,9,2,3870.28,0.07,-7198.72,-11055.2
ITEM0005596,ORD002674,PROD00168,CUST00493,20230226,9,1,5760.76,0.0,5760.76,2389.03
ITEM0005597,ORD002674,PROD00005,CUST00493,20230226,9,2,246.43,0.0,492.86,140.66000000000003
ITEM0005598,ORD002675,PROD00050,CUST00014,20230726,10,1,5338.68,0.0,5338.68,1726.3500000000004
ITEM0005599,ORD002675,PROD00290,CUST00014,20230726,10,1,1195.14,0.17,991.97,215.08000000000004
ITEM0005600,ORD002676,PROD00212,CUST00222,20240722,7,1,7782.48,0.0,7782.48,4237.33
ITEM0005601,ORD002676,PROD00039,CUST00222,20240722,7,2,6419.63,0.0,12839.26,3212.92
ITEM0005602,ORD002677,PROD00228,CUST00344,20230923,8,1,1263.16,0.0,1263.16,527.5500000000001
ITEM0005603,ORD002678,PROD00130,CUST00275,20230319,9,2,3445.25,0.03,6683.78,2035.96
ITEM0005604,ORD002679,PROD00154,CUST00098,20230108,6,1,5526.27,0.0,5526.27,2561.6400000000003
ITEM0005605,ORD002679,PROD00198,CUST00098,20230108,6,1,1516.26,0.11,1349.47,317.79999999999995
ITEM0005606,ORD002679,PROD00193,CUST00098,20230108,6,1,9202.76,0.04,8834.65,4746.849999999999
ITEM0005607,ORD002679,PROD00028,CUST00098,20230108,6,1,214.4,0.0,214.4,64.71000000000001
ITEM0005608,ORD002680,PROD00080,CUST00686,20240509,3,3,862.91,0.1,2329.86,925.2300000000002
ITEM0005609,ORD002681,PROD00233,CUST00123,20230217,9,1,3164.97,0.0,3164.97,1502.5599999999997
ITEM0005610,ORD002681,PROD00265,CUST00123,20230217,9,1,4207.25,0.0,4207.25,1395.5500000000002
ITEM0005611,ORD002682,PROD00123,CUST00722,20230821,3,1,2950.23,0.0,2950.23,1140.89
ITEM0005612,ORD002683,PROD00268,CUST00663,20240812,4,1,852.32,0.0,852.32,372.6700000000001
ITEM0005613,ORD002683,PROD00019,CUST00663,20240812,4,3,2406.67,0.0,7220.01,4070.7300000000005
ITEM0005614,ORD002683,PROD00029,CUST00663,20240812,4,1,5799.72,0.14,4987.76,699.1999999999998
ITEM0005615,ORD002683,PROD00075,CUST00663,20240812,4,1,6662.95,0.0,6662.95,3442.12
ITEM0005616,ORD002684,PROD00253,CUST00352,20230416,9,1,791.63,0.0,791.63,272.5
ITEM0005617,ORD002684,PROD00262,CUST00352,20230416,9,1,1460.84,0.0,1460.84,737.4499999999999
ITEM0005618,ORD002685,PROD00104,CUST00080,20230508,7,2,2043.03,0.24,3105.41,566.9299999999998
ITEM0005619,ORD002686,PROD00140,CUST00169,20240907,1,1,1718.72,0.13,1495.29,713.3299999999999
ITEM0005620,ORD002686,PROD00124,CUST00169,20240907,1,3,2025.14,0.0,6075.42,1228.38
ITEM0005621,ORD002686,PROD00049,CUST00169,20240907,1,4,5326.74,0.0,21306.96,5628.48
ITEM0005622,ORD002686,PROD00223,CUST00169,20240907,1,1,2430.88,0.0,2430.88,1193.92
ITEM0005623,ORD002686,PROD00253,CUST00169,20240907,1,2,791.63,0.0,1583.26,545.0
ITEM0005624,ORD002687,PROD00131,CUST00713,20231106,2,2,576.16,0.26,852.72,131.42000000000007
ITEM0005625,ORD002687,PROD00122,CUST00713,20231106,2,1,11549.43,0.0,11549.43,6611.5
ITEM0005626,ORD002687,PROD00251,CUST00713,20231106,2,1,3365.3,0.09,3062.42,1687.93
ITEM0005627,ORD002688,PROD00248,CUST00847,20240423,4,1,10128.22,0.26,7494.88,2844.9000000000005
ITEM0005628,ORD002688,PROD00266,CUST00847,20240423,4,1,5956.89,0.02,5837.75,958.8699999999999
ITEM0005629,ORD002689,PROD00297,CUST00530,20230323,9,1,10930.45,0.0,10930.45,6329.200000000001
ITEM0005630,ORD002689,PROD00220,CUST00530,20230323,9,3,6168.69,0.04,17765.83,7242.850000000002
ITEM0005631,ORD002690,PROD00086,CUST00746,20240426,8,2,5791.83,0.0,11583.66,6351.72
ITEM0005632,ORD002690,PROD00038,CUST00746,20240426,8,1,1983.28,0.0,1983.28,1035.78
ITEM0005633,ORD002690,PROD00022,CUST00746,20240426,8,3,1547.99,0.0,4643.97,2713.2900000000004
ITEM0005634,ORD002691,PROD00217,CUST00176,20240506,5,1,260.84,0.0,260.84,55.76999999999998
ITEM0005635,ORD002691,PROD00192,CUST00176,20240506,5,1,5116.05,0.3,3581.24,154.87999999999965
ITEM0005636,ORD002692,PROD00089,CUST00638,20231108,8,1,781.78,0.0,781.78,141.79999999999995
ITEM0005637,ORD002693,PROD00279,CUST00488,20240106,2,1,7168.01,0.2,5734.41,2863.94
ITEM0005638,ORD002694,PROD00113,CUST00916,20230817,9,1,3472.93,0.06,3264.55,1445.7200000000003
ITEM0005639,ORD002695,PROD00019,CUST00049,20240808,4,3,2406.67,0.0,7220.01,4070.7300000000005
ITEM0005640,ORD002695,PROD00251,CUST00049,20240808,4,3,3365.3,0.0,10095.9,5972.429999999999
ITEM0005641,ORD002695,PROD00277,CUST00049,20240808,4,2,556.92,0.0,1113.84,594.3599999999999
ITEM0005642,ORD002696,PROD00250,CUST00301,20230509,8,1,4610.44,0.0,4610.44,2239.2799999999997
ITEM0005643,ORD002697,PROD00259,CUST00582,20230221,5,2,1489.83,0.0,2979.66,644.7999999999997
ITEM0005644,ORD002698,PROD00230,CUST00234,20240509,8,1,8026.94,0.0,8026.94,4471.19
ITEM0005645,ORD002698,PROD00224,CUST00234,20240509,8,2,8522.29,0.07,15851.46,8276.279999999999
ITEM0005646,ORD002698,PROD00010,CUST00234,20240509,8,1,2259.53,0.0,2259.53,1308.3200000000002
ITEM0005647,ORD002698,PROD00170,CUST00234,20240509,8,4,2401.62,0.0,9606.5,247.70000000000073
ITEM0005648,ORD002699,PROD00226,CUST00129,20230522,6,1,648.79,0.0,648.79,173.39
ITEM0005649,ORD002700,PROD00088,CUST00237,20240905,1,1,4559.98,0.02,4468.78,1191.6999999999998
ITEM0005650,ORD002700,PROD00078,CUST00237,20240905,1,1,2028.86,0.0,2028.86,477.30999999999995
ITEM0005651,ORD002701,PROD00197,CUST00696,20230413,6,1,8766.75,0.0,8766.75,5089.860000000001
ITEM0005652,ORD002702,PROD00037,CUST00189,20240416,3,2,5435.74,0.0,10871.48,6398.08
ITEM0005653,ORD002702,PROD00016,CUST00189,20240416,3,4,6005.27,0.0,24021.08,5577.440000000002
ITEM0005654,ORD002702,PROD00161,CUST00189,20240416,3,1,2894.21,0.03,2807.38,532.6800000000003
ITEM0005655,ORD002702,PROD00225,CUST00189,20240416,3,1,6042.7,0.0,6042.7,1087.0999999999995
ITEM0005656,ORD002703,PROD00053,CUST00586,20240307,1,1,7229.99,0.1,6506.99,3428.2599999999998
ITEM0005657,ORD002704,PROD00133,CUST00817,20240917,4,1,7313.64,0.0,7313.64,3365.8500000000004
ITEM0005658,ORD002704,PROD00238,CUST00817,20240917,4,1,7201.82,0.0,7201.82,3679.9399999999996
ITEM0005659,ORD002704,PROD00178,CUST00817,20240917,4,2,7985.04,0.25,11977.56,5324.799999999999
ITEM0005660,ORD002705,PROD00299,CUST00821,20240404,5,2,10649.19,0.0,21298.38,12303.6
ITEM0005661,ORD002705,PROD00145,CUST00821,20240404,5,3,5845.69,0.0,17537.07,10378.74
ITEM0005662,ORD002706,PROD00102,CUST00428,20240923,7,4,6509.4,0.0,26037.6,13949.839999999998
ITEM0005663,ORD002706,PROD00093,CUST00428,20240923,7,1,3802.74,0.0,3802.74,1540.1699999999996
ITEM0005664,ORD002707,PROD00274,CUST00256,20231228,10,1,5633.46,0.0,-5633.46,-10201.64
ITEM0005665,ORD002707,PROD00214,CUST00256,20231228,10,1,8107.58,0.03,7864.35,3415.51
ITEM0005666,ORD002708,PROD00205,CUST00477,20231105,4,1,6283.38,0.0,6283.38,1439.62
ITEM0005667,ORD002708,PROD00015,CUST00477,20231105,4,1,5418.41,0.0,5418.41,1545.25
ITEM0005668,ORD002709,PROD00279,CUST00577,20240911,1,2,7168.01,0.0,14336.02,8595.080000000002
ITEM0005669,ORD002709,PROD00027,CUST00577,20240911,1,1,5723.51,0.0,5723.51,2519.11
ITEM0005670,ORD002709,PROD00248,CUST00577,20240911,1,1,10128.22,0.19,8203.86,3553.880000000001
ITEM0005671,ORD002710,PROD00021,CUST00863,20231104,8,1,6443.82,0.0,6443.82,3269.37
ITEM0005672,ORD002710,PROD00110,CUST00863,20231104,8,1,7163.14,0.27,5229.09,2349.48
ITEM0005673,ORD002711,PROD00120,CUST00501,20240530,4,1,1288.16,0.0,1288.16,750.72
ITEM0005674,ORD002712,PROD00300,CUST00181,20231018,4,2,1343.36,0.0,2686.72,1430.5599999999997
ITEM0005675,ORD002713,PROD00256,CUST00454,20240319,6,2,256.57,0.0,513.14,192.21999999999997
ITEM0005676,ORD002713,PROD00034,CUST00454,20240319,6,1,2533.01,0.06,-2381.03,-4085.9700000000003
ITEM0005677,ORD002714,PROD00057,CUST00314,20230721,4,1,4595.24,0.0,4595.24,2276.5899999999997
ITEM0005678,ORD002714,PROD00016,CUST00314,20230721,4,1,6005.27,0.0,6005.27,1394.3600000000006
ITEM0005679,ORD002715,PROD00242,CUST00758,20230806,10,3,2496.43,0.0,7489.29,1534.7400000000007
ITEM0005680,ORD002716,PROD00231,CUST00711,20240725,4,3,3622.68,0.0,10868.04,4047.960000000001
ITEM0005681,ORD002717,PROD00027,CUST00914,20230411,4,2,5723.51,0.0,11447.02,5038.22
ITEM0005682,ORD002718,PROD00008,CUST00920,20241006,4,2,5338.8,0.0,10677.6,4438.18
ITEM0005683,ORD002718,PROD00271,CUST00920,20241006,4,1,439.58,0.02,430.79,209.79000000000002
ITEM0005684,ORD002719,PROD00135,CUST00301,20230606,8,1,2086.2,0.0,2086.2,1022.2399999999998
ITEM0005685,ORD002720,PROD00104,CUST00732,20230715,8,2,2043.03,0.0,4086.06,1547.58
ITEM0005686,ORD002721,PROD00090,CUST00410,20230316,1,2,494.65,0.0,989.3,509.15999999999997
ITEM0005687,ORD002721,PROD00155,CUST00410,20230316,1,1,1532.82,0.0,1532.82,428.0
ITEM0005688,ORD002721,PROD00104,CUST00410,20230316,1,1,2043.03,0.0,2043.03,773.79
ITEM0005689,ORD002722,PROD00070,CUST00726,20240514,2,1,6693.56,0.0,6693.56,2340.29
ITEM0005690,ORD002723,PROD00131,CUST00824,20230225,10,2,576.16,0.0,1152.32,431.02
ITEM0005691,ORD002723,PROD00135,CUST00824,20230225,10,1,2086.2,0.26,1543.79,479.8299999999999
ITEM0005692,ORD002724,PROD00263,CUST00156,20231007,3,1,4979.64,0.25,3734.73,420.44000000000005
ITEM0005693,ORD002724,PROD00285,CUST00156,20231007,3,1,2757.81,0.17,2288.98,1007.8499999999999
ITEM0005694,ORD002725,PROD00271,CUST00313,20240207,2,1,439.58,0.0,439.58,218.57999999999998
ITEM0005695,ORD002726,PROD00098,CUST00135,20230331,6,2,2402.47,0.0,4804.94,2265.0199999999995
ITEM0005696,ORD002727,PROD00113,CUST00601,20230319,2,1,3472.93,0.2,2778.34,959.5100000000002
ITEM0005697,ORD002727,PROD00024,CUST00601,20230319,2,1,10115.71,0.12,8901.82,4663.16
ITEM0005698,ORD002728,PROD00247,CUST00733,20231224,4,2,7341.91,0.0,14683.82,7371.12
ITEM0005699,ORD002729,PROD00113,CUST00731,20240923,8,1,3472.93,0.11,3090.91,1272.08
ITEM0005700,ORD002730,PROD00058,CUST00509,20240102,2,1,4592.96,0.22,3582.51,658.0800000000004
ITEM0005701,ORD002730,PROD00285,CUST00509,20240102,2,2,2757.81,0.29,3916.09,1353.83
ITEM0005702,ORD002730,PROD00231,CUST00509,20240102,2,2,3622.68,0.0,7245.36,2698.6399999999994
ITEM0005703,ORD002731,PROD00124,CUST00647,20240611,3,1,2025.14,0.0,2025.14,409.46000000000004
ITEM0005704,ORD002732,PROD00002,CUST00763,20230504,7,1,231.58,0.06,217.69,80.41999999999999
ITEM0005705,ORD002732,PROD00067,CUST00763,20230504,7,3,996.38,0.0,2989.14,1143.6599999999999
ITEM0005706,ORD002732,PROD00238,CUST00763,20230504,7,1,7201.82,0.0,7201.82,3679.9399999999996
ITEM0005707,ORD002733,PROD00251,CUST00374,20251103,7,1,3365.3,0.02,3297.99,1923.4999999999998
ITEM0005708,ORD002734,PROD00136,CUST00447,20240414,2,4,621.23,0.0,2484.92,1455.04
ITEM0005709,ORD002734,PROD00212,CUST00447,20240414,2,1,7782.48,0.0,7782.48,4237.33
ITEM0005710,ORD002735,PROD00184,CUST00676,20240729,7,2,1498.15,0.0,2996.3,1755.3400000000001
ITEM0005711,ORD002735,PROD00269,CUST00676,20240729,7,2,2135.25,0.13,3715.34,1515.7200000000003
ITEM0005712,ORD002736,PROD00114,CUST00472,20240401,2,1,2295.26,0.0,2295.26,410.24000000000024
ITEM0005713,ORD002736,PROD00150,CUST00472,20240401,2,1,290.6,0.03,281.88,152.71
ITEM0005714,ORD002736,PROD00105,CUST00472,20240401,2,1,3095.41,0.0,3095.41,1367.85
ITEM0005715,ORD002736,PROD00118,CUST00472,20240401,2,2,8273.55,0.19,13403.15,3461.09
ITEM0005716,ORD002737,PROD00170,CUST00935,20230125,9,1,731.68,0.18,599.98,-1739.7199999999998
ITEM0005717,ORD002737,PROD00298,CUST00935,20230125,9,1,5321.16,0.0,5321.16,1806.21
ITEM0005718,ORD002737,PROD00014,CUST00935,20230125,9,1,1451.31,0.11,1291.67,193.23000000000002
ITEM0005719,ORD002737,PROD00089,CUST00935,20230125,9,1,781.78,0.0,781.78,141.79999999999995
ITEM0005720,ORD002738,PROD00222,CUST00784,20231019,7,1,3002.04,0.07,2791.9,968.1300000000001
ITEM0005721,ORD002738,PROD00060,CUST00784,20231019,7,1,532.72,0.0,532.72,251.38000000000005
ITEM0005722,ORD002739,PROD00126,CUST00852,20240512,9,1,10802.22,0.0,10802.22,5958.2699999999995
ITEM0005723,ORD002740,PROD00250,CUST00288,20230209,7,1,4610.44,0.0,4610.44,2239.2799999999997
ITEM0005724,ORD002740,PROD00251,CUST00288,20230209,7,1,3365.3,0.0,3365.3,1990.8100000000002
ITEM0005725,ORD002741,PROD00071,CUST00418,20230427,9,1,534.87,0.0,534.87,199.64999999999998
ITEM0005726,ORD002742,PROD00133,CUST00955,20231228,7,1,7313.64,0.0,7313.64,3365.8500000000004
ITEM0005727,ORD002743,PROD00075,CUST00606,20241107,7,3,6662.95,0.0,19988.85,10326.359999999999
ITEM0005728,ORD002744,PROD00159,CUST00491,20240125,3,1,198.83,0.0,198.83,98.66000000000001
ITEM0005729,ORD002744,PROD00153,CUST00491,20240125,3,1,4010.2,0.0,4010.2,1551.0099999999998
ITEM0005730,ORD002744,PROD00242,CUST00491,20240125,3,2,2496.43,0.0,4992.86,1023.1599999999999
ITEM0005731,ORD002745,PROD00104,CUST00844,20230610,1,2,2043.03,0.0,4086.06,1547.58
ITEM0005732,ORD002746,PROD00096,CUST00159,20240403,4,1,4639.15,0.0,4639.15,2414.68
ITEM0005733,ORD002746,PROD00273,CUST00159,20240403,4,2,4432.81,0.15,7535.78,1241.0
ITEM0005734,ORD002747,PROD00005,CUST00229,20240612,1,1,246.43,0.0,246.43,70.33000000000001
ITEM0005735,ORD002748,PROD00027,CUST00976,20240330,9,1,5723.51,0.0,5723.51,2519.11
ITEM0005736,ORD002749,PROD00284,CUST00657,20230416,5,3,1981.58,0.0,5944.74,2250.66
ITEM0005737,ORD002750,PROD00189,CUST00914,20240417,2,1,7636.65,0.08,7025.72,3185.3
ITEM0005738,ORD002750,PROD00017,CUST00914,20240417,2,1,9163.85,0.28,6597.97,2900.5400000000004
ITEM0005739,ORD002750,PROD00008,CUST00914,20240417,2,1,5338.8,0.0,5338.8,2219.09
ITEM0005740,ORD002750,PROD00281,CUST00914,20240417,2,2,7979.23,0.0,15958.46,7936.039999999999
ITEM0005741,ORD002751,PROD00119,CUST00540,20240124,9,2,9197.85,0.0,18395.7,10933.78
ITEM0005742,ORD002752,PROD00036,CUST00782,20231212,8,1,7308.78,0.0,7308.78,3739.1699999999996
ITEM0005743,ORD002753,PROD00036,CUST00360,20230216,10,1,7308.78,0.0,7308.78,3739.1699999999996
ITEM0005744,ORD002753,PROD00197,CUST00360,20230216,10,3,8766.75,0.0,26300.25,15269.58
ITEM0005745,ORD002754,PROD00095,CUST00516,20230402,1,4,1505.02,0.0,6020.08,2157.84
ITEM0005746,ORD002754,PROD00187,CUST00516,20230402,1,2,6641.17,0.0,13282.34,5675.360000000001
ITEM0005747,ORD002755,PROD00118,CUST00738,20230117,1,1,8273.55,0.0,8273.55,3302.5199999999995
ITEM0005748,ORD002755,PROD00246,CUST00738,20230117,1,1,8011.14,0.0,8011.14,3940.9500000000003
ITEM0005749,ORD002755,PROD00152,CUST00738,20230117,1,1,1231.99,0.0,1231.99,607.45
ITEM0005750,ORD002756,PROD00181,CUST00777,20231206,4,1,2887.17,0.0,2887.17,1516.96
ITEM0005751,ORD002757,PROD00051,CUST00694,20230119,4,1,8693.03,0.0,8693.03,4189.18
ITEM0005752,ORD002758,PROD00257,CUST00802,20240829,3,1,1013.88,0.0,1013.88,-3239.3199999999997
ITEM0005753,ORD002758,PROD00251,CUST00802,20240829,3,1,3365.3,0.0,3365.3,1990.8100000000002
ITEM0005754,ORD002759,PROD00016,CUST00158,20241120,1,1,6005.27,0.0,6005.27,1394.3600000000006
ITEM0005755,ORD002760,PROD00230,CUST00979,20240119,5,2,8026.94,0.0,16053.88,8942.38
ITEM0005756,ORD002761,PROD00028,CUST00033,20240827,9,3,214.4,0.0,643.2,194.13000000000005
ITEM0005757,ORD002762,PROD00261,CUST00864,20240717,4,1,2154.14,0.0,2154.14,1173.1
ITEM0005758,ORD002762,PROD00262,CUST00864,20240717,4,3,1460.84,0.0,4382.52,2212.3500000000004
ITEM0005759,ORD002762,PROD00051,CUST00864,20240717,4,1,8693.03,0.0,8693.03,4189.18
ITEM0005760,ORD002762,PROD00160,CUST00864,20240717,4,1,1750.19,0.1,1575.17,263.8600000000001
ITEM0005761,ORD002763,PROD00142,CUST00523,20240616,8,4,8354.87,0.0,33419.48,14847.960000000003
ITEM0005762,ORD002764,PROD00031,CUST00818,20230727,5,1,4066.81,0.0,4066.81,1410.2399999999998
ITEM0005763,ORD002764,PROD00285,CUST00818,20230727,5,1,2757.81,0.14,2371.72,1090.5899999999997
ITEM0005764,ORD002765,PROD00161,CUST00595,20230131,2,2,2894.21,0.0,5788.42,1239.0200000000004
ITEM0005765,ORD002765,PROD00221,CUST00595,20230131,2,1,901.85,0.06,847.74,181.38
ITEM0005766,ORD002765,PROD00298,CUST00595,20230131,2,1,5321.16,0.0,5321.16,1806.21
ITEM0005767,ORD002766,PROD00190,CUST00019,20230820,8,1,3528.69,0.0,3528.69,1855.01
ITEM0005768,ORD002766,PROD00115,CUST00019,20230820,8,1,3250.57,0.0,3250.57,1515.2500000000002
ITEM0005769,ORD002767,PROD00172,CUST00985,20240802,7,1,734.93,0.0,734.93,426.03
ITEM0005770,ORD002767,PROD00042,CUST00985,20240802,7,2,8235.83,0.0,16471.66,8275.92
ITEM0005771,ORD002768,PROD00266,CUST00635,20240608,8,3,5956.89,0.0,17870.67,3234.029999999999
ITEM0005772,ORD002769,PROD00102,CUST00149,20230610,6,1,6509.4,0.0,6509.4,3487.4599999999996
ITEM0005773,ORD002769,PROD00134,CUST00149,20230610,6,4,1127.73,0.0,4510.92,1072.2000000000003
ITEM0005774,ORD002769,PROD00227,CUST00149,20230610,6,2,3250.8,0.0,6501.6,3223.1600000000003
ITEM0005775,ORD002769,PROD00266,CUST00149,20230610,6,1,5956.89,0.0,5956.89,1078.0100000000002
ITEM0005776,ORD002770,PROD00114,CUST00131,20230619,4,1,2295.26,0.0,2295.26,410.24000000000024
ITEM0005777,ORD002770,PROD00069,CUST00131,20230619,4,1,2930.69,0.28,2110.1,-1989.02
ITEM0005778,ORD002771,PROD00015,CUST00392,20240117,8,1,5418.41,0.0,5418.41,1545.25
ITEM0005779,ORD002771,PROD00165,CUST00392,20240117,8,2,1721.94,0.0,3443.88,1855.3600000000001
ITEM0005780,ORD002771,PROD00143,CUST00392,20240117,8,1,1075.34,0.0,1075.34,504.7299999999999
ITEM0005781,ORD002771,PROD00144,CUST00392,20240117,8,1,9953.38,0.03,9654.78,4973.870000000001
ITEM0005782,ORD002772,PROD00038,CUST00578,20240615,1,1,1983.28,0.0,1983.28,1035.78
ITEM0005783,ORD002772,PROD00042,CUST00578,20240615,1,2,8235.83,0.0,16471.66,8275.92
ITEM0005784,ORD002773,PROD00176,CUST00904,20240603,1,2,5492.71,0.0,10985.42,4357.42
ITEM0005785,ORD002773,PROD00113,CUST00904,20240603,1,1,3472.93,0.0,3472.93,1654.1
ITEM0005786,ORD002773,PROD00032,CUST00904,20240603,1,1,301.12,0.11,268.0,23.180000000000007
ITEM0005787,ORD002773,PROD00065,CUST00904,20240603,1,4,6570.64,0.0,26282.56,6926.360000000001
ITEM0005788,ORD002774,PROD00039,CUST00871,20230428,3,1,6419.63,0.0,6419.63,1606.46
ITEM0005789,ORD002775,PROD00071,CUST00498,20231010,10,2,534.87,0.0,1069.74,399.29999999999995
ITEM0005790,ORD002775,PROD00146,CUST00498,20231010,10,1,504.1,0.0,504.1,274.63
ITEM0005791,ORD002775,PROD00070,CUST00498,20231010,10,1,6693.56,0.0,6693.56,2340.29
ITEM0005792,ORD002776,PROD00039,CUST00335,20230326,3,1,6419.63,0.12,5649.27,836.1000000000004
ITEM0005793,ORD002776,PROD00203,CUST00335,20230326,3,4,477.27,0.0,1909.08,1067.2399999999998
ITEM0005794,ORD002777,PROD00121,CUST00311,20231107,3,2,11305.27,0.0,22610.54,12949.1
ITEM0005795,ORD002777,PROD00117,CUST00311,20231107,3,1,498.3,0.29,353.79,152.23000000000002
ITEM0005796,ORD002778,PROD00078,CUST00258,20230602,9,2,2028.86,0.29,2880.98,-222.1199999999999
ITEM0005797,ORD002778,PROD00031,CUST00258,20230602,9,1,4066.81,0.0,4066.81,1410.2399999999998
ITEM0005798,ORD002778,PROD00202,CUST00258,20230602,9,1,1016.59,0.0,1016.59,338.75
ITEM0005799,ORD002778,PROD00242,CUST00258,20230602,9,3,2496.43,0.0,7489.29,1534.7400000000007
ITEM0005800,ORD002778,PROD00289,CUST00258,20230602,9,2,3097.21,0.0,6194.42,3593.96
ITEM0005801,ORD002779,PROD00018,CUST00241,20240417,8,2,2803.77,0.0,5607.54,1897.96
ITEM0005802,ORD002779,PROD00047,CUST00241,20240417,8,1,1589.57,0.0,1589.57,608.04
ITEM0005803,ORD002780,PROD00251,CUST00936,20230423,9,1,3365.3,0.24,2557.63,1183.14
ITEM0005804,ORD002780,PROD00177,CUST00936,20230423,9,3,5446.6,0.21,12908.44,5854.06
ITEM0005805,ORD002781,PROD00217,CUST00943,20230505,5,1,260.84,0.08,239.97,34.900000000000006
ITEM0005806,ORD002781,PROD00174,CUST00943,20230505,5,2,4285.14,0.0,8570.28,4864.360000000001
ITEM0005807,ORD002782,PROD00003,CUST00007,20240223,7,2,2902.0,0.0,5804.0,2981.44
ITEM0005808,ORD002782,PROD00266,CUST00007,20240223,7,1,5956.89,0.0,5956.89,1078.0100000000002
ITEM0005809,ORD002783,PROD00250,CUST00582,20240528,2,2,4610.44,0.0,9220.88,4478.5599999999995
ITEM0005810,ORD002783,PROD00035,CUST00582,20240528,2,1,2576.9,0.14,2216.13,804.94
ITEM0005811,ORD002784,PROD00104,CUST00868,20231119,7,3,2043.03,0.0,6129.09,2321.37
ITEM0005812,ORD002784,PROD00148,CUST00868,20231119,7,1,3870.28,0.0,3870.28,1942.0400000000002
ITEM0005813,ORD002784,PROD00061,CUST00868,20231119,7,1,4205.57,0.0,4205.57,946.1699999999996
ITEM0005814,ORD002785,PROD00224,CUST00420,20240512,9,2,8522.29,0.0,17044.58,9469.400000000001
ITEM0005815,ORD002785,PROD00271,CUST00420,20240512,9,2,439.58,0.0,879.16,437.15999999999997
ITEM0005816,ORD002785,PROD00291,CUST00420,20240512,9,2,1173.69,0.0,2347.38,991.3400000000001
ITEM0005817,ORD002786,PROD00046,CUST00269,20230814,2,1,8988.77,0.0,8988.77,4231.92
ITEM0005818,ORD002786,PROD00244,CUST00269,20230814,2,1,4549.33,0.0,4549.33,1795.7399999999998
ITEM0005819,ORD002787,PROD00001,CUST00967,20240423,9,1,9272.65,0.0,9272.65,4723.48
ITEM0005820,ORD002787,PROD00220,CUST00967,20240423,9,1,6168.69,0.18,5058.33,1550.67
ITEM0005821,ORD002788,PROD00164,CUST00161,20230826,6,1,5504.82,0.0,5504.82,2380.74
ITEM0005822,ORD002788,PROD00045,CUST00161,20230826,6,1,4706.05,0.0,4706.05,1730.3900000000003
ITEM0005823,ORD002788,PROD00079,CUST00161,20230826,6,1,7182.12,0.0,7182.12,3850.66
ITEM0005824,ORD002789,PROD00111,CUST00320,20231114,8,1,5596.44,0.0,5596.44,3031.0199999999995
ITEM0005825,ORD002789,PROD00286,CUST00320,20231114,8,1,945.94,0.0,945.94,455.46000000000004
ITEM0005826,ORD002790,PROD00153,CUST00827,20230218,7,1,4010.2,0.0,4010.2,1551.0099999999998
ITEM0005827,ORD002791,PROD00280,CUST00218,20240623,2,2,4625.83,0.0,9251.66,4954.48
ITEM0005828,ORD002791,PROD00126,CUST00218,20240623,2,2,10802.22,0.0,21604.44,11916.539999999999
ITEM0005829,ORD002792,PROD00106,CUST00279,20240204,6,1,3963.99,0.3,2774.79,349.25
ITEM0005830,ORD002793,PROD00246,CUST00276,20240906,1,2,8011.14,0.0,16022.28,7881.900000000001
ITEM0005831,ORD002794,PROD00107,CUST00265,20230929,10,1,6282.37,0.0,6282.37,1864.21
ITEM0005832,ORD002794,PROD00204,CUST00265,20230929,10,1,3352.35,0.0,3352.35,1339.26
ITEM0005833,ORD002794,PROD00181,CUST00265,20230929,10,1,2887.17,0.04,-2771.68,-4141.889999999999
ITEM0005834,ORD002794,PROD00135,CUST00265,20230929,10,1,2086.2,0.0,2086.2,1022.2399999999998
ITEM0005835,ORD002795,PROD00031,CUST00619,20230104,4,1,4066.81,0.3,2846.77,190.19999999999982
ITEM0005836,ORD002795,PROD00075,CUST00619,20230104,4,2,6662.95,0.0,13325.9,6884.24
ITEM0005837,ORD002796,PROD00056,CUST00092,20231023,3,1,6326.27,0.0,6326.27,3782.8800000000006
ITEM0005838,ORD002797,PROD00196,CUST00018,20240130,4,1,6703.46,0.17,5563.87,2679.22
ITEM0005839,ORD002798,PROD00144,CUST00570,20241023,1,1,9953.38,0.0,9953.38,5272.469999999999
ITEM0005840,ORD002798,PROD00113,CUST00570,20241023,1,2,3472.93,0.08,6390.19,2752.5299999999997
ITEM0005841,ORD002798,PROD00006,CUST00570,20241023,1,2,8153.69,0.0,16307.38,8071.039999999999
ITEM0005842,ORD002798,PROD00219,CUST00570,20241023,1,1,344.65,0.16,289.51,100.85
ITEM0005843,ORD002798,PROD00076,CUST00570,20241023,1,2,6038.15,0.0,12076.3,6213.0199999999995
ITEM0005844,ORD002799,PROD00123,CUST00028,20230325,9,1,2950.23,0.0,2950.23,1140.89
ITEM0005845,ORD002800,PROD00070,CUST00330,20230619,4,1,6693.56,0.0,6693.56,2340.29
ITEM0005846,ORD002800,PROD00163,CUST00330,20230619,4,1,2745.97,0.0,2745.97,1370.6399999999999
ITEM0005847,ORD002801,PROD00275,CUST00452,20231015,5,1,5765.78,0.0,5765.78,3162.8799999999997
ITEM0005848,ORD002801,PROD00185,CUST00452,20231015,5,3,2719.98,0.13,7099.15,3395.5899999999997
ITEM0005849,ORD002801,PROD00239,CUST00452,20231015,5,1,467.33,0.14,401.9,197.57999999999998
ITEM0005850,ORD002801,PROD00006,CUST00452,20231015,5,1,8153.69,0.0,8153.69,4035.5199999999995
ITEM0005851,ORD002802,PROD00255,CUST00794,20240123,10,1,7383.63,0.12,6497.59,3167.36
ITEM0005852,ORD002803,PROD00172,CUST00479,20230313,1,1,734.93,0.0,734.93,426.03
ITEM0005853,ORD002804,PROD00159,CUST00944,20230224,8,1,198.83,0.23,153.1,52.92999999999999
ITEM0005854,ORD002805,PROD00010,CUST00670,20230816,8,1,2259.53,0.0,2259.53,1308.3200000000002
ITEM0005855,ORD002805,PROD00254,CUST00670,20230816,8,3,3623.42,0.0,10870.26,2175.3599999999988
ITEM0005856,ORD002806,PROD00153,CUST00455,20230207,9,2,4010.2,0.0,8020.4,3102.0199999999995
ITEM0005857,ORD002807,PROD00046,CUST00038,20230223,5,1,8988.77,0.0,8988.77,4231.92
ITEM0005858,ORD002807,PROD00004,CUST00038,20230223,5,1,4097.38,0.0,4097.38,698.21
ITEM0005859,ORD002808,PROD00098,CUST00089,20231028,6,1,2402.47,0.0,2402.47,1132.5099999999998
ITEM0005860,ORD002809,PROD00095,CUST00239,20230826,9,1,1505.02,0.0,1505.02,539.46
ITEM0005861,ORD002809,PROD00033,CUST00239,20230826,9,4,1942.09,0.0,7768.36,3128.7599999999993
ITEM0005862,ORD002810,PROD00232,CUST00963,20240119,3,1,3144.6,0.0,3144.6,1610.4499999999998
ITEM0005863,ORD002811,PROD00096,CUST00745,20230805,4,2,4639.15,0.0,9278.3,4829.36
ITEM0005864,ORD002811,PROD00061,CUST00745,20230805,4,4,4205.57,0.0,16822.28,3784.6799999999985
ITEM0005865,ORD002811,PROD00119,CUST00745,20230805,4,2,9197.85,0.0,18395.7,10933.78
ITEM0005866,ORD002811,PROD00209,CUST00745,20230805,4,2,3816.19,0.0,7632.38,4153.88
ITEM0005867,ORD002811,PROD00219,CUST00745,20230805,4,1,344.65,0.06,323.97,135.31000000000003
ITEM0005868,ORD002812,PROD00133,CUST00633,20231115,10,2,7313.64,0.0,14627.28,6731.700000000001
ITEM0005869,ORD002812,PROD00036,CUST00633,20231115,10,2,7308.78,0.0,14617.56,7478.339999999999
ITEM0005870,ORD002813,PROD00287,CUST00735,20240131,2,1,6559.01,0.0,6559.01,3257.69
ITEM0005871,ORD002814,PROD00121,CUST00107,20230830,8,2,11305.27,0.0,22610.54,12949.1
ITEM0005872,ORD002814,PROD00186,CUST00107,20230830,8,1,1445.96,0.0,1445.96,829.34
ITEM0005873,ORD002814,PROD00094,CUST00107,20230830,8,1,6449.58,0.0,6449.58,2762.77
ITEM0005874,ORD002815,PROD00286,CUST00280,20230608,9,1,945.94,0.0,945.94,455.46000000000004
ITEM0005875,ORD002815,PROD00114,CUST00280,20230608,9,3,2295.26,0.26,5095.48,-559.5799999999999
ITEM0005876,ORD002815,PROD00053,CUST00280,20230608,9,4,7229.99,0.0,28919.96,16605.04
ITEM0005877,ORD002815,PROD00283,CUST00280,20230608,9,2,7427.34,0.0,14854.68,5726.200000000001
ITEM0005878,ORD002816,PROD00235,CUST00843,20240727,6,1,1155.59,0.0,1155.59,671.1999999999999
ITEM0005879,ORD002817,PROD00181,CUST00158,20240928,8,2,2887.17,0.0,5774.34,3033.92
ITEM0005880,ORD002818,PROD00044,CUST00719,20230925,2,2,5424.36,0.0,10848.72,6244.5599999999995
ITEM0005881,ORD002819,PROD00010,CUST00940,20240508,10,1,2259.53,0.0,2259.53,1308.3200000000002
ITEM0005882,ORD002819,PROD00268,CUST00940,20240508,10,1,852.32,0.25,639.24,159.59000000000003
ITEM0005883,ORD002819,PROD00107,CUST00940,20240508,10,1,6282.37,0.0,6282.37,1864.21
ITEM0005884,ORD002820,PROD00205,CUST00657,20240726,2,1,6283.38,0.0,6283.38,1439.62
ITEM0005885,ORD002821,PROD00202,CUST00122,20230509,2,1,1016.59,0.24,772.61,94.76999999999998
ITEM0005886,ORD002821,PROD00057,CUST00122,20230509,2,1,4595.24,0.0,4595.24,2276.5899999999997
ITEM0005887,ORD002821,PROD00122,CUST00122,20230509,2,2,11549.43,0.0,23098.86,13223.0
ITEM0005888,ORD002821,PROD00185,CUST00122,20230509,2,3,2719.98,0.12,7180.75,3477.19
ITEM0005889,ORD002821,PROD00239,CUST00122,20230509,2,4,467.33,0.14,1607.62,790.3399999999999
ITEM0005890,ORD002822,PROD00286,CUST00628,20240724,4,2,945.94,0.0,1891.88,910.9200000000001
ITEM0005891,ORD002822,PROD00243,CUST00628,20240724,4,1,6308.05,0.0,6308.05,2974.4100000000003
ITEM0005892,ORD002822,PROD00050,CUST00628,20240724,4,1,5338.68,0.0,5338.68,1726.3500000000004
ITEM0005893,ORD002823,PROD00103,CUST00214,20240215,10,1,9136.07,0.24,6943.41,2395.2799999999997
ITEM0005894,ORD002823,PROD00273,CUST00214,20240215,10,1,4432.81,0.0,4432.81,1285.4200000000005
ITEM0005895,ORD002824,PROD00183,CUST00644,20241109,6,1,526.69,0.0,526.69,282.0300000000001
ITEM0005896,ORD002824,PROD00149,CUST00644,20241109,6,1,832.87,0.0,832.87,470.54
ITEM0005897,ORD002824,PROD00086,CUST00644,20241109,6,1,5791.83,0.0,5791.83,3175.86
ITEM0005898,ORD002824,PROD00262,CUST00644,20241109,6,1,1460.84,0.06,1373.19,649.8000000000001
ITEM0005899,ORD002825,PROD00092,CUST00257,20230901,3,1,1552.76,0.29,1102.46,264.4200000000001
ITEM0005900,ORD002826,PROD00178,CUST00989,20240820,3,1,7985.04,0.11,7106.69,3780.3099999999995
ITEM0005901,ORD002826,PROD00130,CUST00989,20240820,3,2,3445.25,0.0,6890.5,2242.6800000000003
ITEM0005902,ORD002826,PROD00214,CUST00989,20240820,3,1,8107.58,0.3,5675.31,1226.4700000000003
ITEM0005903,ORD002827,PROD00032,CUST00025,20231204,10,2,301.12,0.0,602.24,112.60000000000002
ITEM0005904,ORD002827,PROD00118,CUST00025,20231204,10,1,8273.55,0.0,8273.55,3302.5199999999995
ITEM0005905,ORD002827,PROD00181,CUST00025,20231204,10,1,2887.17,0.0,2887.17,1516.96
ITEM0005906,ORD002828,PROD00036,CUST00083,20241113,2,2,7308.78,0.0,14617.56,7478.339999999999
ITEM0005907,ORD002828,PROD00276,CUST00083,20241113,2,3,8701.77,0.0,26105.31,15326.550000000001
ITEM0005908,ORD002828,PROD00106,CUST00083,20241113,2,1,3963.99,0.26,2933.35,507.80999999999995
ITEM0005909,ORD002829,PROD00035,CUST00076,20240310,7,1,2576.9,0.0,2576.9,1165.71
ITEM0005910,ORD002829,PROD00041,CUST00076,20240310,7,1,3958.75,0.0,3958.75,1734.7399999999998
ITEM0005911,ORD002829,PROD00262,CUST00076,20240310,7,2,1460.84,0.0,2921.68,1474.8999999999999
ITEM0005912,ORD002830,PROD00239,CUST00992,20230916,10,2,467.33,0.0,934.66,526.02
ITEM0005913,ORD002830,PROD00205,CUST00992,20230916,10,1,6283.38,0.0,6283.38,1439.62
ITEM0005914,ORD002830,PROD00023,CUST00992,20230916,10,1,3506.84,0.0,3506.84,2022.7700000000002
ITEM0005915,ORD002830,PROD00040,CUST00992,20230916,10,1,3631.49,0.0,3631.49,2004.7199999999998
ITEM0005916,ORD002830,PROD00020,CUST00992,20230916,10,4,7970.85,0.06,29970.4,14470.720000000001
ITEM0005917,ORD002831,PROD00210,CUST00049,20230102,9,3,6680.3,0.19,16233.13,3926.7099999999973
ITEM0005918,ORD002831,PROD00238,CUST00049,20230102,9,4,7201.82,0.01,28519.21,14431.689999999999
ITEM0005919,ORD002831,PROD00184,CUST00049,20230102,9,1,1498.15,0.0,1498.15,877.6700000000001
ITEM0005920,ORD002832,PROD00296,CUST00995,20241112,7,2,1188.71,0.26,1759.29,-76.67000000000007
ITEM0005921,ORD002832,PROD00037,CUST00995,20241112,7,2,5435.74,0.0,10871.48,6398.08
ITEM0005922,ORD002833,PROD00082,CUST00490,20240219,3,1,3992.96,0.15,3394.02,1625.81
ITEM0005923,ORD002833,PROD00230,CUST00490,20240219,3,2,8026.94,0.0,16053.88,8942.38
ITEM0005924,ORD002834,PROD00131,CUST00128,20240625,8,1,576.16,0.0,576.16,215.51
ITEM0005925,ORD002834,PROD00211,CUST00128,20240625,8,1,1624.33,0.0,1624.33,369.80999999999995
ITEM0005926,ORD002835,PROD00278,CUST00993,20240107,6,2,629.94,0.0,1259.88,291.1200000000001
ITEM0005927,ORD002836,PROD00163,CUST00561,20240627,3,2,2745.97,0.04,5272.26,2521.6000000000004
ITEM0005928,ORD002837,PROD00150,CUST00745,20240622,7,1,290.6,0.0,290.6,161.43000000000004
ITEM0005929,ORD002837,PROD00060,CUST00745,20240622,7,3,532.72,0.0,1598.16,754.1400000000001
ITEM0005930,ORD002838,PROD00162,CUST00160,20230130,4,1,3555.3,0.01,3519.75,1049.52
ITEM0005931,ORD002839,PROD00162,CUST00434,20230902,9,2,3555.3,0.15,6044.01,1103.5500000000002
ITEM0005932,ORD002839,PROD00203,CUST00434,20230902,9,1,477.27,0.0,477.27,266.80999999999995
ITEM0005933,ORD002840,PROD00098,CUST00445,20240418,5,1,2402.47,0.21,1897.95,627.99
ITEM0005934,ORD002840,PROD00012,CUST00445,20240418,5,1,7089.43,0.23,5458.86,2264.7999999999997
ITEM0005935,ORD002840,PROD00073,CUST00445,20240418,5,1,9071.35,0.0,9071.35,4439.54
ITEM0005936,ORD002840,PROD00262,CUST00445,20240418,5,1,1460.84,0.17,1212.5,489.11
ITEM0005937,ORD002841,PROD00264,CUST00070,20241113,10,1,8008.38,0.28,5766.03,2312.2699999999995
ITEM0005938,ORD002841,PROD00115,CUST00070,20241113,10,1,3250.57,0.0,3250.57,1515.2500000000002
ITEM0005939,ORD002842,PROD00080,CUST00153,20240630,7,1,862.91,0.0,862.91,394.7
ITEM0005940,ORD002843,PROD00023,CUST00473,20230904,10,2,3506.84,0.0,7013.68,4045.5400000000004
ITEM0005941,ORD002843,PROD00034,CUST00473,20230904,10,1,2533.01,0.23,1950.42,245.48000000000002
ITEM0005942,ORD002843,PROD00201,CUST00473,20230904,10,2,3944.29,0.0,7888.58,2110.88
ITEM0005943,ORD002844,PROD00209,CUST00321,20230710,3,1,3816.19,0.0,3816.19,2076.94
ITEM0005944,ORD002844,PROD00009,CUST00321,20230710,3,1,5332.96,0.0,5332.96,3130.36
ITEM0005945,ORD002844,PROD00090,CUST00321,20230710,3,1,494.65,0.0,494.65,254.57999999999998
ITEM0005946,ORD002845,PROD00079,CUST00533,20241201,5,4,7182.12,0.0,28728.48,15402.64
ITEM0005947,ORD002845,PROD00053,CUST00533,20241201,5,1,7229.99,0.0,7229.99,4151.26
ITEM0005948,ORD002845,PROD00291,CUST00533,20241201,5,2,1173.69,0.0,2347.38,991.3400000000001
ITEM0005949,ORD002845,PROD00008,CUST00533,20241201,5,1,5338.8,0.0,5338.8,2219.09
ITEM0005950,ORD002846,PROD00155,CUST00446,20240709,9,2,1532.82,0.0,3065.64,856.0
ITEM0005951,ORD002846,PROD00076,CUST00446,20240709,9,2,6038.15,0.0,12076.3,6213.0199999999995
ITEM0005952,ORD002847,PROD00199,CUST00048,20230815,7,2,3657.98,0.0,7315.96,3665.32
ITEM0005953,ORD002847,PROD00056,CUST00048,20230815,7,3,6326.27,0.13,16511.56,8881.390000000001
ITEM0005954,ORD002848,PROD00138,CUST00512,20240729,8,2,10725.29,0.18,17589.48,8637.76
ITEM0005955,ORD002849,PROD00282,CUST00676,20241122,1,1,3504.39,0.27,2558.2,297.21000000000004
ITEM0005956,ORD002849,PROD00190,CUST00676,20241122,1,1,3528.69,0.0,3528.69,1855.01
ITEM0005957,ORD002850,PROD00059,CUST00491,20240627,10,4,11784.91,0.0,47139.64,27375.72
ITEM0005958,ORD002851,PROD00081,CUST00731,20230117,5,2,2624.19,0.09,4776.03,2457.91
ITEM0005959,ORD002851,PROD00015,CUST00731,20230117,5,1,5418.41,0.09,4930.75,1057.5900000000001
ITEM0005960,ORD002851,PROD00263,CUST00731,20230117,5,1,4979.64,0.24,3784.53,470.24000000000024
ITEM0005961,ORD002852,PROD00300,CUST00908,20230702,7,1,1343.36,0.28,967.22,339.14
ITEM0005962,ORD002852,PROD00061,CUST00908,20230702,7,3,4205.57,0.0,12616.71,2838.5099999999984
ITEM0005963,ORD002853,PROD00255,CUST00305,20240604,2,2,7383.63,0.0,14767.26,8106.8
ITEM0005964,ORD002853,PROD00001,CUST00305,20240604,2,2,9272.65,0.23,14279.88,5181.539999999999
ITEM0005965,ORD002854,PROD00007,CUST00635,20241104,10,1,7518.69,0.0,7518.69,2553.83
ITEM0005966,ORD002854,PROD00124,CUST00635,20241104,10,1,2025.14,0.0,2025.14,409.46000000000004
ITEM0005967,ORD002854,PROD00148,CUST00635,20241104,10,1,3870.28,0.08,3560.66,1632.4199999999998
ITEM0005968,ORD002855,PROD00294,CUST00201,20240807,10,1,8182.59,0.0,8182.59,4331.59
ITEM0005969,ORD002855,PROD00248,CUST00201,20240807,10,1,10128.22,0.0,10128.22,5478.24
ITEM0005970,ORD002856,PROD00014,CUST00578,20230311,3,1,1451.31,0.0,1451.31,352.8699999999999
ITEM0005971,ORD002857,PROD00107,CUST00491,20230307,4,1,6282.37,0.0,6282.37,1864.21
ITEM0005972,ORD002857,PROD00292,CUST00491,20230307,4,1,5910.44,0.0,5910.44,2987.9799999999996
ITEM0005973,ORD002858,PROD00243,CUST00152,20240311,6,1,6308.05,0.2,5046.44,1712.7999999999997
ITEM0005974,ORD002858,PROD00037,CUST00152,20240311,6,1,5435.74,0.0,5435.74,3199.04
ITEM0005975,ORD002858,PROD00251,CUST00152,20240311,6,3,3365.3,0.0,10095.9,5972.429999999999
ITEM0005976,ORD002859,PROD00219,CUST00165,20230416,6,1,344.65,0.0,344.65,155.98999999999998
ITEM0005977,ORD002860,PROD00050,CUST00032,20230801,1,2,5338.68,0.15,9075.76,1851.1000000000004
ITEM0005978,ORD002861,PROD00111,CUST00717,20240604,3,1,5596.44,0.23,4309.26,1743.8400000000001
ITEM0005979,ORD002861,PROD00204,CUST00717,20240604,3,1,3352.35,0.0,3352.35,1339.26
ITEM0005980,ORD002861,PROD00253,CUST00717,20240604,3,1,791.63,0.0,791.63,272.5
ITEM0005981,ORD002861,PROD00206,CUST00717,20240604,3,2,8632.13,0.0,17264.26,7932.539999999999
ITEM0005982,ORD002861,PROD00096,CUST00717,20240604,3,2,4639.15,0.0,9278.3,4829.36
ITEM0005983,ORD002862,PROD00035,CUST00524,20230523,8,1,2576.9,0.0,2576.9,1165.71
ITEM0005984,ORD002862,PROD00289,CUST00524,20230523,8,4,3097.21,0.0,12388.84,7187.92
ITEM0005985,ORD002863,PROD00270,CUST00734,20241130,9,1,4350.17,0.0,4350.17,2211.92
ITEM0005986,ORD002864,PROD00234,CUST00362,20240313,5,1,9552.76,0.0,9552.76,5040.68
ITEM0005987,ORD002864,PROD00288,CUST00362,20240313,5,1,2790.22,0.0,2790.22,1564.3799999999999
ITEM0005988,ORD002864,PROD00042,CUST00362,20240313,5,2,8235.83,0.0,16471.66,8275.92
ITEM0005989,ORD002865,PROD00133,CUST00066,20230107,10,1,7313.64,0.0,7313.64,3365.8500000000004
ITEM0005990,ORD002866,PROD00110,CUST00260,20240426,2,3,7163.14,0.26,15902.17,7263.34
ITEM0005991,ORD002866,PROD00172,CUST00260,20240426,2,4,734.93,0.16,2469.36,1233.7600000000002
ITEM0005992,ORD002867,PROD00111,CUST00645,20230803,7,1,5596.44,0.0,5596.44,3031.0199999999995
ITEM0005993,ORD002867,PROD00259,CUST00645,20230803,7,4,1489.83,0.29,4231.12,-438.60000000000036
ITEM0005994,ORD002868,PROD00258,CUST00340,20231228,2,1,5858.08,0.0,5858.08,3472.5299999999997
ITEM0005995,ORD002869,PROD00086,CUST00526,20230203,2,1,5791.83,0.0,5791.83,3175.86
ITEM0005996,ORD002870,PROD00156,CUST00440,20230512,3,3,1816.09,0.03,5284.82,2979.7099999999996
ITEM0005997,ORD002870,PROD00136,CUST00440,20230512,3,1,621.23,0.04,596.38,338.90999999999997
ITEM0005998,ORD002871,PROD00135,CUST00138,20240407,3,1,2086.2,0.0,2086.2,1022.2399999999998
ITEM0005999,ORD002871,PROD00109,CUST00138,20240407,3,1,7944.57,0.0,7944.57,3565.7999999999993
ITEM0006000,ORD002871,PROD00271,CUST00138,20240407,3,2,439.58,0.0,879.16,437.15999999999997
ITEM0006001,ORD002871,PROD00131,CUST00138,20240407,3,1,576.16,0.0,576.16,215.51
ITEM0006002,ORD002871,PROD00115,CUST00138,20240407,3,1,3250.57,0.0,3250.57,1515.2500000000002
ITEM0006003,ORD002872,PROD00179,CUST00003,20230825,4,1,6055.62,0.0,6055.62,3585.27
ITEM0006004,ORD002872,PROD00043,CUST00003,20230825,4,2,1789.22,0.0,3578.44,1421.1799999999998
ITEM0006005,ORD002872,PROD00226,CUST00003,20230825,4,2,648.79,0.03,1258.65,307.85000000000014
ITEM0006006,ORD002872,PROD00078,CUST00003,20230825,4,1,2028.86,0.0,2028.86,477.30999999999995
ITEM0006007,ORD002873,PROD00243,CUST00468,20230722,6,2,6308.05,0.05,11985.3,5318.0199999999995
ITEM0006008,ORD002873,PROD00169,CUST00468,20230722,6,1,5358.09,0.28,3857.82,1484.4
ITEM0006009,ORD002874,PROD00248,CUST00870,20230525,9,1,10128.22,0.0,10128.22,5478.24
ITEM0006010,ORD002875,PROD00227,CUST00127,20230815,7,3,3250.8,0.26,7216.78,2299.12
ITEM0006011,ORD002875,PROD00274,CUST00127,20230815,7,1,5633.46,0.0,5633.46,1065.2799999999997
ITEM0006012,ORD002875,PROD00226,CUST00127,20230815,7,4,648.79,0.0,2595.16,693.56
ITEM0006013,ORD002875,PROD00055,CUST00127,20230815,7,1,2678.2,0.0,2678.2,1021.0599999999997
ITEM0006014,ORD002876,PROD00161,CUST00745,20240427,5,1,2894.21,0.0,2894.21,619.5100000000002
ITEM0006015,ORD002876,PROD00261,CUST00745,20240427,5,1,2154.14,0.12,1895.64,914.6000000000001
ITEM0006016,ORD002877,PROD00207,CUST00286,20240118,5,1,6547.46,0.0,6547.46,3772.35
ITEM0006017,ORD002877,PROD00181,CUST00286,20240118,5,2,2887.17,0.12,5081.42,2341.0
ITEM0006018,ORD002878,PROD00146,CUST00595,20230928,8,1,504.1,0.0,504.1,274.63
ITEM0006019,ORD002878,PROD00028,CUST00595,20230928,8,1,214.4,0.12,188.67,38.97999999999999
ITEM0006020,ORD002879,PROD00056,CUST00566,20231206,1,3,6326.27,0.15,16131.99,8501.82
ITEM0006021,ORD002879,PROD00149,CUST00566,20231206,1,2,832.87,0.0,1665.74,941.08
ITEM0006022,ORD002880,PROD00241,CUST00147,20231103,10,1,1037.9,0.0,1037.9,-3249.5099999999998
ITEM0006023,ORD002880,PROD00238,CUST00147,20231103,10,2,7201.82,0.0,14403.64,7359.879999999999
ITEM0006024,ORD002880,PROD00124,CUST00147,20231103,10,1,2025.14,0.0,2025.14,409.46000000000004
ITEM0006025,ORD002880,PROD00041,CUST00147,20231103,10,1,3958.75,0.0,3958.75,1734.7399999999998
ITEM0006026,ORD002880,PROD00067,CUST00147,20231103,10,1,996.38,0.0,996.38,381.22
ITEM0006027,ORD002881,PROD00232,CUST00303,20230513,2,1,3144.6,0.0,3144.6,1610.4499999999998
ITEM0006028,ORD002882,PROD00251,CUST00631,20240222,10,3,3365.3,0.02,9893.98,5770.509999999999
ITEM0006029,ORD002882,PROD00027,CUST00631,20240222,10,1,5723.51,0.0,5723.51,2519.11
ITEM0006030,ORD002883,PROD00269,CUST00338,20230506,3,1,2135.25,0.0,2135.25,1035.44
ITEM0006031,ORD002883,PROD00160,CUST00338,20230506,3,1,1750.19,0.0,1750.19,438.8800000000001
ITEM0006032,ORD002883,PROD00140,CUST00338,20230506,3,2,1718.72,0.15,2921.82,1357.9
ITEM0006033,ORD002883,PROD00182,CUST00338,20230506,3,1,3616.25,0.0,3616.25,1810.58
ITEM0006034,ORD002883,PROD00150,CUST00338,20230506,3,1,290.6,0.0,290.6,161.43000000000004
ITEM0006035,ORD002884,PROD00213,CUST00677,20230517,9,1,9402.56,0.28,6769.84,2015.29
ITEM0006036,ORD002885,PROD00189,CUST00664,20240411,8,1,7636.65,0.03,7407.55,3567.13
ITEM0006037,ORD002886,PROD00109,CUST00509,20231110,7,3,7944.57,0.0,23833.71,10697.399999999998
ITEM0006038,ORD002886,PROD00276,CUST00509,20231110,7,4,8701.77,0.0,34807.08,20435.4
ITEM0006039,ORD002887,PROD00201,CUST00373,20240902,1,1,3944.29,0.0,3944.29,1055.44
ITEM0006040,ORD002888,PROD00214,CUST00328,20231129,9,2,8107.58,0.0,16215.16,7317.48
ITEM0006041,ORD002888,PROD00033,CUST00328,20231129,9,1,1942.09,0.0,1942.09,782.1899999999998
ITEM0006042,ORD002889,PROD00284,CUST00552,20240719,3,1,1981.58,0.07,1842.87,611.51
ITEM0006043,ORD002889,PROD00156,CUST00552,20240719,3,1,1816.09,0.0,1816.09,1047.7199999999998
ITEM0006044,ORD002890,PROD00243,CUST00602,20240628,1,1,6308.05,0.0,6308.05,2974.4100000000003
ITEM0006045,ORD002890,PROD00043,CUST00602,20240628,1,2,1789.22,0.0,3578.44,1421.1799999999998
ITEM0006046,ORD002890,PROD00091,CUST00602,20240628,1,1,1302.09,0.12,1145.84,466.03999999999996
ITEM0006047,ORD002890,PROD00051,CUST00602,20240628,1,1,8693.03,0.0,8693.03,4189.18
ITEM0006048,ORD002891,PROD00257,CUST00913,20240630,9,1,633.88,0.0,633.88,-3619.3199999999997
ITEM0006049,ORD002892,PROD00060,CUST00443,20240710,2,2,532.72,0.0,1065.44,502.7600000000001
ITEM0006050,ORD002893,PROD00242,CUST00915,20240915,4,1,2496.43,0.0,2496.43,511.5799999999999
ITEM0006051,ORD002893,PROD00095,CUST00915,20240915,4,4,1505.02,0.0,6020.08,2157.84
ITEM0006052,ORD002893,PROD00115,CUST00915,20240915,4,1,3250.57,0.0,3250.57,1515.2500000000002
ITEM0006053,ORD002893,PROD00241,CUST00915,20240915,4,2,2946.46,0.0,5892.93,-2681.8899999999994
ITEM0006054,ORD002894,PROD00184,CUST00749,20241107,6,1,1498.15,0.0,1498.15,877.6700000000001
ITEM0006055,ORD002895,PROD00192,CUST00417,20240731,8,1,5116.05,0.0,5116.05,1689.69
ITEM0006056,ORD002896,PROD00265,CUST00697,20230420,4,1,4207.25,0.0,4207.25,1395.5500000000002
ITEM0006057,ORD002896,PROD00037,CUST00697,20230420,4,1,5435.74,0.16,4566.02,2329.3200000000006
ITEM0006058,ORD002896,PROD00168,CUST00697,20230420,4,1,5760.76,0.0,5760.76,2389.03
ITEM0006059,ORD002896,PROD00220,CUST00697,20230420,4,2,6168.69,0.0,12337.38,5322.0599999999995
ITEM0006060,ORD002896,PROD00242,CUST00697,20230420,4,2,2496.43,0.03,4843.07,873.3699999999999
ITEM0006061,ORD002897,PROD00138,CUST00777,20231109,6,2,10725.29,0.0,21450.58,12498.860000000002
ITEM0006062,ORD002898,PROD00266,CUST00107,20241130,2,3,5956.89,0.0,17870.67,3234.029999999999
ITEM0006063,ORD002899,PROD00174,CUST00585,20240627,8,1,4285.14,0.0,4285.14,2432.1800000000003
ITEM0006064,ORD002899,PROD00185,CUST00585,20240627,8,1,2719.98,0.26,2012.79,778.27
ITEM0006065,ORD002899,PROD00139,CUST00585,20240627,8,1,5962.8,0.08,5485.78,2622.6299999999997
ITEM0006066,ORD002900,PROD00241,CUST00951,20241106,3,2,1467.9,0.0,2935.8,-5639.0199999999995
ITEM0006067,ORD002900,PROD00072,CUST00951,20241106,3,1,6999.91,0.0,6999.91,3897.43
ITEM0006068,ORD002900,PROD00153,CUST00951,20241106,3,1,4010.2,0.0,4010.2,1551.0099999999998
ITEM0006069,ORD002900,PROD00146,CUST00951,20241106,3,2,504.1,0.02,988.04,529.0999999999999
ITEM0006070,ORD002900,PROD00278,CUST00951,20241106,3,1,629.94,0.0,629.94,145.56000000000006
ITEM0006071,ORD002901,PROD00269,CUST00796,20240901,7,1,2135.25,0.04,2049.84,950.0300000000002
ITEM0006072,ORD002901,PROD00083,CUST00796,20240901,7,3,9425.24,0.0,28275.72,15356.370000000003
ITEM0006073,ORD002902,PROD00048,CUST00767,20241128,2,1,1926.71,0.0,1926.71,624.6500000000001
ITEM0006074,ORD002902,PROD00167,CUST00767,20241128,2,1,2019.38,0.0,2019.38,501.08000000000015
ITEM0006075,ORD002903,PROD00042,CUST00633,20240823,4,2,8235.83,0.0,16471.66,8275.92
ITEM0006076,ORD002904,PROD00160,CUST00925,20240204,2,2,1750.19,0.0,3500.38,877.7600000000002
ITEM0006077,ORD002905,PROD00243,CUST00774,20240910,8,4,6308.05,0.0,25232.2,11897.640000000001
ITEM0006078,ORD002906,PROD00216,CUST00958,20240208,1,3,3307.17,0.03,9623.86,4175.080000000001
ITEM0006079,ORD002906,PROD00193,CUST00958,20240208,1,2,9202.76,0.0,18405.52,10229.92
ITEM0006080,ORD002907,PROD00101,CUST00904,20240707,9,1,1373.9,0.0,1373.9,435.8600000000001
ITEM0006081,ORD002907,PROD00121,CUST00904,20240707,9,1,11305.27,0.0,11305.27,6474.55
ITEM0006082,ORD002907,PROD00268,CUST00904,20240707,9,2,852.32,0.0,1704.64,745.3400000000001
ITEM0006083,ORD002907,PROD00033,CUST00904,20240707,9,3,1942.09,0.0,5826.27,2346.57
ITEM0006084,ORD002908,PROD00129,CUST00525,20240921,7,1,2500.46,0.0,2500.46,912.6000000000001
ITEM0006085,ORD002909,PROD00177,CUST00993,20230829,10,1,5446.6,0.0,5446.6,3095.1400000000003
ITEM0006086,ORD002909,PROD00021,CUST00993,20230829,10,2,6443.82,0.0,12887.64,6538.74
ITEM0006087,ORD002910,PROD00164,CUST00661,20230109,1,1,5504.82,0.08,5064.43,1940.3500000000004
ITEM0006088,ORD002911,PROD00030,CUST00871,20240918,5,1,4937.89,0.0,4937.89,2466.7300000000005
ITEM0006089,ORD002911,PROD00014,CUST00871,20240918,5,1,1451.31,0.0,1451.31,352.8699999999999
ITEM0006090,ORD002912,PROD00250,CUST00284,20231114,2,1,4610.44,0.02,4518.23,2147.0699999999997
ITEM0006091,ORD002913,PROD00224,CUST00139,20240312,7,1,8522.29,0.08,7840.51,4052.92
ITEM0006092,ORD002913,PROD00078,CUST00139,20240312,7,1,2028.86,0.0,2028.86,477.30999999999995
ITEM0006093,ORD002914,PROD00273,CUST00851,20240407,6,3,4432.81,0.0,13298.43,3856.26
ITEM0006094,ORD002915,PROD00031,CUST00350,20230913,10,1,4066.81,0.0,4066.81,1410.2399999999998
ITEM0006095,ORD002915,PROD00227,CUST00350,20230913,10,1,3250.8,0.0,3250.8,1611.5800000000002
ITEM0006096,ORD002916,PROD00255,CUST00978,20231204,10,3,7383.63,0.0,22150.89,12160.199999999999
ITEM0006097,ORD002916,PROD00174,CUST00978,20231204,10,1,4285.14,0.0,4285.14,2432.1800000000003
ITEM0006098,ORD002916,PROD00243,CUST00978,20231204,10,1,6308.05,0.07,5866.49,2532.85
ITEM0006099,ORD002917,PROD00079,CUST00373,20240315,9,1,7182.12,0.0,7182.12,3850.66
ITEM0006100,ORD002918,PROD00241,CUST00427,20231204,9,1,1491.57,0.0,1491.57,-2795.84
ITEM0006101,ORD002919,PROD00263,CUST00694,20231110,1,1,4979.64,0.0,4979.64,1665.3500000000004
ITEM0006102,ORD002919,PROD00034,CUST00694,20231110,1,1,2533.01,0.0,2533.01,828.0700000000002
ITEM0006103,ORD002919,PROD00135,CUST00694,20231110,1,1,2086.2,0.07,1940.17,876.21
ITEM0006104,ORD002920,PROD00046,CUST00477,20240422,7,1,8988.77,0.0,8988.77,4231.92
ITEM0006105,ORD002921,PROD00062,CUST00027,20241104,1,1,5673.89,0.04,5446.93,1802.9900000000002
ITEM0006106,ORD002921,PROD00167,CUST00027,20241104,1,1,2019.38,0.0,2019.38,501.08000000000015
ITEM0006107,ORD002922,PROD00092,CUST00196,20230602,4,1,1552.76,0.0,1552.76,714.72
ITEM0006108,ORD002922,PROD00117,CUST00196,20230602,4,2,498.3,0.0,996.6,593.48
ITEM0006109,ORD002922,PROD00270,CUST00196,20230602,4,1,4350.17,0.0,4350.17,2211.92
ITEM0006110,ORD002923,PROD00128,CUST00419,20230713,10,2,4199.76,0.0,8399.52,3072.3
ITEM0006111,ORD002924,PROD00249,CUST00785,20241129,1,1,4279.09,0.17,3551.64,1549.8999999999999
ITEM0006112,ORD002925,PROD00004,CUST00821,20241130,7,1,4097.38,0.14,3523.75,124.57999999999993
ITEM0006113,ORD002926,PROD00069,CUST00292,20230502,10,1,1184.02,0.0,1184.02,-2915.1
ITEM0006114,ORD002926,PROD00221,CUST00292,20230502,10,1,901.85,0.0,901.85,235.49
ITEM0006115,ORD002926,PROD00286,CUST00292,20230502,10,1,945.94,0.0,945.94,455.46000000000004
ITEM0006116,ORD002926,PROD00084,CUST00292,20230502,10,1,7622.23,0.0,7622.23,4311.3099999999995
ITEM0006117,ORD002927,PROD00043,CUST00992,20230524,3,1,1789.22,0.0,1789.22,710.5899999999999
ITEM0006118,ORD002928,PROD00158,CUST00338,20240919,1,1,8138.6,0.0,8138.6,4091.0800000000004
ITEM0006119,ORD002929,PROD00129,CUST00043,20240407,3,1,2500.46,0.0,2500.46,912.6000000000001
ITEM0006120,ORD002929,PROD00004,CUST00043,20240407,3,4,4097.38,0.0,16389.52,2792.84
ITEM0006121,ORD002930,PROD00036,CUST00429,20230719,5,1,7308.78,0.0,7308.78,3739.1699999999996
ITEM0006122,ORD002930,PROD00115,CUST00429,20230719,5,1,3250.57,0.0,3250.57,1515.2500000000002
ITEM0006123,ORD002930,PROD00119,CUST00429,20230719,5,1,9197.85,0.0,9197.85,5466.89
ITEM0006124,ORD002930,PROD00041,CUST00429,20230719,5,3,3958.75,0.0,11876.25,5204.219999999999
ITEM0006125,ORD002931,PROD00290,CUST00114,20240206,3,1,1195.14,0.0,1195.14,418.2500000000001
ITEM0006126,ORD002932,PROD00088,CUST00980,20230406,3,1,4559.98,0.12,4012.78,735.7000000000003
ITEM0006127,ORD002933,PROD00297,CUST00031,20231129,8,1,10930.45,0.27,7979.23,3377.9799999999996
ITEM0006128,ORD002933,PROD00240,CUST00031,20231129,8,2,4510.78,0.0,9021.56,5056.619999999999
ITEM0006129,ORD002933,PROD00148,CUST00031,20231129,8,1,3870.28,0.0,3870.28,1942.0400000000002
ITEM0006130,ORD002933,PROD00113,CUST00031,20231129,8,1,3472.93,0.05,3299.28,1480.4500000000003
ITEM0006131,ORD002933,PROD00208,CUST00031,20231129,8,1,4099.5,0.0,4099.5,798.6599999999999
ITEM0006132,ORD002934,PROD00254,CUST00665,20240708,4,1,3623.42,0.0,3623.42,725.1199999999999
ITEM0006133,ORD002935,PROD00246,CUST00430,20231018,9,4,8011.14,0.0,32044.56,15763.800000000001
ITEM0006134,ORD002935,PROD00283,CUST00430,20231018,9,1,7427.34,0.07,6907.43,2343.1900000000005
ITEM0006135,ORD002935,PROD00180,CUST00430,20231018,9,2,7030.69,0.14,12092.79,6247.610000000001
ITEM0006136,ORD002935,PROD00235,CUST00430,20231018,9,3,1155.59,0.0,3466.77,2013.6
ITEM0006137,ORD002936,PROD00254,CUST00379,20240115,6,1,3623.42,0.03,3514.72,616.4199999999996
ITEM0006138,ORD002937,PROD00242,CUST00218,20240222,6,2,2496.43,0.18,4094.15,124.45000000000027
ITEM0006139,ORD002937,PROD00223,CUST00218,20240222,6,1,2430.88,0.0,2430.88,1193.92
ITEM0006140,ORD002938,PROD00169,CUST00822,20240912,5,2,5358.09,0.0,10716.18,5969.34
ITEM0006141,ORD002938,PROD00106,CUST00822,20240912,5,3,3963.99,0.0,11891.97,4615.349999999999
ITEM0006142,ORD002938,PROD00277,CUST00822,20240912,5,4,556.92,0.0,2227.68,1188.7199999999998
ITEM0006143,ORD002938,PROD00133,CUST00822,20240912,5,3,7313.64,0.0,21940.92,10097.55
ITEM0006144,ORD002939,PROD00117,CUST00879,20240224,4,1,498.3,0.0,498.3,296.74
ITEM0006145,ORD002939,PROD00148,CUST00879,20240224,4,1,3870.28,0.0,3870.28,1942.0400000000002
ITEM0006146,ORD002939,PROD00069,CUST00879,20240224,4,2,1900.24,0.0,3800.48,-4397.76
ITEM0006147,ORD002939,PROD00023,CUST00879,20240224,4,3,3506.84,0.0,10520.52,6068.31
ITEM0006148,ORD002940,PROD00285,CUST00030,20230206,9,3,2757.81,0.27,6039.6,2196.21
ITEM0006149,ORD002940,PROD00004,CUST00030,20230206,9,1,4097.38,0.0,4097.38,698.21
ITEM0006150,ORD002940,PROD00037,CUST00030,20230206,9,1,5435.74,0.22,4239.88,2003.1800000000003
ITEM0006151,ORD002941,PROD00240,CUST00739,20240122,3,2,4510.78,0.0,9021.56,5056.619999999999
ITEM0006152,ORD002941,PROD00057,CUST00739,20240122,3,1,4595.24,0.0,4595.24,2276.5899999999997
ITEM0006153,ORD002941,PROD00019,CUST00739,20240122,3,1,2406.67,0.15,2045.67,995.9100000000001
ITEM0006154,ORD002941,PROD00156,CUST00739,20240122,3,2,1816.09,0.0,3632.18,2095.4399999999996
ITEM0006155,ORD002941,PROD00296,CUST00739,20240122,3,2,1188.71,0.0,2377.42,541.46
ITEM0006156,ORD002942,PROD00130,CUST00970,20230708,3,3,3445.25,0.0,10335.75,3364.0200000000004
ITEM0006157,ORD002942,PROD00011,CUST00970,20230708,3,1,2615.05,0.23,2013.59,781.8399999999999
ITEM0006158,ORD002942,PROD00041,CUST00970,20230708,3,1,3958.75,0.18,3246.18,1022.1699999999996
ITEM0006159,ORD002943,PROD00170,CUST00024,20241123,7,1,2513.77,0.0,2513.77,174.07000000000016
ITEM0006160,ORD002943,PROD00114,CUST00024,20241123,7,1,2295.26,0.0,2295.26,410.24000000000024
ITEM0006161,ORD002944,PROD00049,CUST00940,20230125,2,1,5326.74,0.0,5326.74,1407.12
ITEM0006162,ORD002945,PROD00080,CUST00599,20230801,4,2,862.91,0.0,1725.82,789.4
ITEM0006163,ORD002945,PROD00206,CUST00599,20230801,4,1,8632.13,0.14,7423.63,2757.7700000000004
ITEM0006164,ORD002945,PROD00220,CUST00599,20230801,4,1,6168.69,0.0,6168.69,2661.0299999999997
ITEM0006165,ORD002946,PROD00120,CUST00916,20240502,3,1,1288.16,0.0,1288.16,750.72
ITEM0006166,ORD002946,PROD00086,CUST00916,20240502,3,1,5791.83,0.29,4112.2,1496.23
ITEM0006167,ORD002946,PROD00102,CUST00916,20240502,3,1,6509.4,0.0,6509.4,3487.4599999999996
ITEM0006168,ORD002946,PROD00130,CUST00916,20240502,3,3,3445.25,0.0,10335.75,3364.0200000000004
ITEM0006169,ORD002947,PROD00021,CUST00199,20241026,4,1,6443.82,0.0,6443.82,3269.37
ITEM0006170,ORD002947,PROD00182,CUST00199,20241026,4,2,3616.25,0.0,-7232.5,-10843.84
ITEM0006171,ORD002947,PROD00138,CUST00199,20241026,4,3,10725.29,0.19,26062.45,12634.870000000003
ITEM0006172,ORD002948,PROD00233,CUST00162,20240902,10,1,3164.97,0.15,2690.22,1027.8099999999997
ITEM0006173,ORD002948,PROD00256,CUST00162,20240902,10,3,256.57,0.0,769.71,288.33000000000004
ITEM0006174,ORD002949,PROD00068,CUST00230,20231212,1,1,1589.23,0.0,1589.23,380.1600000000001
ITEM0006175,ORD002949,PROD00223,CUST00230,20231212,1,1,2430.88,0.0,2430.88,1193.92
ITEM0006176,ORD002950,PROD00038,CUST00920,20230226,9,2,1983.28,0.0,-3966.56,-5861.5599999999995
ITEM0006177,ORD002951,PROD00094,CUST00767,20240331,5,1,6449.58,0.0,6449.58,2762.77
ITEM0006178,ORD002951,PROD00085,CUST00767,20240331,5,1,1960.53,0.0,1960.53,788.48
ITEM0006179,ORD002951,PROD00159,CUST00767,20240331,5,1,198.83,0.0,198.83,98.66000000000001
ITEM0006180,ORD002951,PROD00197,CUST00767,20240331,5,1,8766.75,0.0,8766.75,5089.860000000001
ITEM0006181,ORD002952,PROD00023,CUST00503,20231128,9,1,3506.84,0.0,3506.84,2022.7700000000002
ITEM0006182,ORD002952,PROD00147,CUST00503,20231128,9,2,4961.76,0.0,9923.52,3694.4800000000005
ITEM0006183,ORD002952,PROD00209,CUST00503,20231128,9,2,3816.19,0.0,7632.38,4153.88
ITEM0006184,ORD002952,PROD00189,CUST00503,20231128,9,1,7636.65,0.0,7636.65,3796.2299999999996
ITEM0006185,ORD002953,PROD00119,CUST00064,20230529,7,4,9197.85,0.0,36791.4,21867.56
ITEM0006186,ORD002953,PROD00258,CUST00064,20230529,7,1,5858.08,0.17,4862.21,2476.66
ITEM0006187,ORD002954,PROD00137,CUST00172,20230323,7,2,5635.51,0.0,11271.02,4827.9800000000005
ITEM0006188,ORD002954,PROD00022,CUST00172,20230323,7,1,1547.99,0.24,1176.47,532.9100000000001
ITEM0006189,ORD002954,PROD00264,CUST00172,20230323,7,1,8008.38,0.0,8008.38,4554.62
ITEM0006190,ORD002954,PROD00250,CUST00172,20230323,7,4,4610.44,0.0,18441.76,8957.119999999999
ITEM0006191,ORD002955,PROD00006,CUST00721,20240301,7,1,8153.69,0.1,7338.32,3220.1499999999996
ITEM0006192,ORD002955,PROD00296,CUST00721,20240301,7,3,1188.71,0.0,3566.13,812.19
ITEM0006193,ORD002955,PROD00222,CUST00721,20240301,7,2,3002.04,0.18,4923.35,1275.8100000000004
ITEM0006194,ORD002955,PROD00069,CUST00721,20240301,7,4,628.06,0.25,1884.17,-14512.31
ITEM0006195,ORD002955,PROD00268,CUST00721,20240301,7,2,852.32,0.0,1704.64,745.3400000000001
ITEM0006196,ORD002956,PROD00299,CUST00419,20240517,1,2,10649.19,0.17,17677.66,8682.88
ITEM0006197,ORD002956,PROD00257,CUST00419,20240517,1,3,1095.28,0.0,3285.85,-9473.749999999998
ITEM0006198,ORD002957,PROD00243,CUST00437,20241024,5,1,6308.05,0.2,5046.44,1712.7999999999997
ITEM0006199,ORD002957,PROD00162,CUST00437,20241024,5,1,3555.3,0.12,3128.66,658.4299999999998
ITEM0006200,ORD002957,PROD00235,CUST00437,20241024,5,1,1155.59,0.0,1155.59,671.1999999999999
ITEM0006201,ORD002957,PROD00164,CUST00437,20241024,5,1,5504.82,0.01,5449.77,2325.6900000000005
ITEM0006202,ORD002958,PROD00236,CUST00371,20230701,8,1,2661.51,0.0,2661.51,1431.88
ITEM0006203,ORD002959,PROD00245,CUST00561,20250521,9,2,6215.91,0.0,12431.82,4837.94
ITEM0006204,ORD002959,PROD00020,CUST00561,20250521,9,2,7970.85,0.0,-15941.7,-23691.54
ITEM0006205,ORD002960,PROD00087,CUST00427,20231007,6,3,4546.57,0.0,13639.71,7120.23
ITEM0006206,ORD002960,PROD00027,CUST00427,20231007,6,1,5723.51,0.0,5723.51,2519.11
ITEM0006207,ORD002961,PROD00035,CUST00146,20230330,10,1,2576.9,0.23,1984.21,573.02
ITEM0006208,ORD002962,PROD00069,CUST00314,20240712,3,1,362.48,0.24,275.49,-3823.63
ITEM0006209,ORD002962,PROD00185,CUST00314,20240712,3,1,2719.98,0.0,2719.98,1485.46
ITEM0006210,ORD002963,PROD00070,CUST00916,20230531,7,1,6693.56,0.0,6693.56,2340.29
ITEM0006211,ORD002964,PROD00074,CUST00123,20230921,8,1,9420.21,0.21,7441.97,3118.6800000000003
ITEM0006212,ORD002965,PROD00086,CUST00529,20241022,7,1,5791.83,0.17,4807.22,2191.2500000000005
ITEM0006213,ORD002965,PROD00070,CUST00529,20241022,7,1,6693.56,0.0,6693.56,2340.29
ITEM0006214,ORD002965,PROD00020,CUST00529,20241022,7,2,7970.85,0.0,15941.7,8191.860000000001
ITEM0006215,ORD002965,PROD00170,CUST00529,20241022,7,1,2169.14,0.0,2169.14,-170.55999999999995
ITEM0006216,ORD002965,PROD00246,CUST00529,20241022,7,1,8011.14,0.0,8011.14,3940.9500000000003
ITEM0006217,ORD002966,PROD00149,CUST00011,20240611,4,1,832.87,0.0,832.87,470.54
ITEM0006218,ORD002967,PROD00242,CUST00859,20240814,6,1,2496.43,0.0,2496.43,511.5799999999999
ITEM0006219,ORD002968,PROD00079,CUST00902,20230507,3,1,7182.12,0.01,7110.3,3778.84
ITEM0006220,ORD002969,PROD00249,CUST00383,20230901,5,1,4279.09,0.24,3252.11,1250.3700000000001
ITEM0006221,ORD002969,PROD00224,CUST00383,20230901,5,1,8522.29,0.0,8522.29,4734.700000000001
ITEM0006222,ORD002969,PROD00138,CUST00383,20230901,5,1,10725.29,0.0,10725.29,6249.430000000001
ITEM0006223,ORD002970,PROD00185,CUST00088,20240910,10,3,2719.98,0.0,8159.94,4456.379999999999
ITEM0006224,ORD002970,PROD00191,CUST00088,20240910,10,4,4249.81,0.0,16999.24,5353.160000000002
ITEM0006225,ORD002970,PROD00050,CUST00088,20240910,10,1,5338.68,0.28,3843.85,231.51999999999998
ITEM0006226,ORD002970,PROD00072,CUST00088,20240910,10,1,6999.91,0.0,6999.91,3897.43
ITEM0006227,ORD002970,PROD00244,CUST00088,20240910,10,1,4549.33,0.15,3866.93,1113.3399999999997
ITEM0006228,ORD002971,PROD00014,CUST00954,20230103,2,1,1451.31,0.0,-1451.31,-2549.75
ITEM0006229,ORD002971,PROD00115,CUST00954,20230103,2,3,3250.57,0.0,9751.71,4545.749999999999
ITEM0006230,ORD002972,PROD00166,CUST00894,20240512,2,1,7134.8,0.0,7134.8,3400.6400000000003
ITEM0006231,ORD002973,PROD00093,CUST00483,20230226,5,1,3802.74,0.21,3004.16,741.5899999999997
ITEM0006232,ORD002973,PROD00212,CUST00483,20230226,5,1,7782.48,0.0,7782.48,4237.33
ITEM0006233,ORD002974,PROD00072,CUST00382,20240815,8,1,6999.91,0.0,6999.91,3897.43
ITEM0006234,ORD002974,PROD00186,CUST00382,20240815,8,1,1445.96,0.19,1171.23,554.61
ITEM0006235,ORD002974,PROD00025,CUST00382,20240815,8,1,3078.83,0.27,2247.55,-258.52999999999975
ITEM0006236,ORD002974,PROD00012,CUST00382,20240815,8,3,7089.43,0.03,20630.24,11048.060000000001
ITEM0006237,ORD002974,PROD00003,CUST00382,20240815,8,1,2902.0,0.0,2902.0,1490.72
ITEM0006238,ORD002975,PROD00182,CUST00086,20240227,1,2,3616.25,0.0,7232.5,3621.16
ITEM0006239,ORD002976,PROD00133,CUST00053,20230101,8,1,7313.64,0.21,5777.78,1829.9899999999998
ITEM0006240,ORD002976,PROD00020,CUST00053,20230101,8,2,7970.85,0.0,15941.7,8191.860000000001
ITEM0006241,ORD002976,PROD00052,CUST00053,20230101,8,3,1689.78,0.0,5069.34,1650.3599999999997
ITEM0006242,ORD002977,PROD00085,CUST00744,20230129,3,1,1960.53,0.0,1960.53,788.48
ITEM0006243,ORD002977,PROD00096,CUST00744,20230129,3,1,4639.15,0.27,3386.58,1162.1100000000001
ITEM0006244,ORD002977,PROD00074,CUST00744,20230129,3,1,9420.21,0.25,7065.16,2741.87
ITEM0006245,ORD002977,PROD00219,CUST00744,20230129,3,2,344.65,0.01,682.41,305.09
ITEM0006246,ORD002977,PROD00195,CUST00744,20230129,3,2,9608.14,0.17,15949.51,7811.43
ITEM0006247,ORD002978,PROD00180,CUST00485,20240801,3,4,7030.69,0.0,28122.76,16432.399999999998
ITEM0006248,ORD002979,PROD00031,CUST00034,20230629,2,3,4066.81,0.0,12200.43,4230.719999999999
ITEM0006249,ORD002979,PROD00190,CUST00034,20230629,2,1,3528.69,0.17,2928.81,1255.1299999999999
ITEM0006250,ORD002980,PROD00033,CUST00927,20240109,10,2,1942.09,0.0,3884.18,1564.3799999999997
ITEM0006251,ORD002981,PROD00032,CUST00236,20241017,10,2,301.12,0.0,602.24,112.60000000000002
ITEM0006252,ORD002981,PROD00191,CUST00236,20241017,10,1,4249.81,0.0,4249.81,1338.2900000000004
ITEM0006253,ORD002981,PROD00170,CUST00236,20241017,10,1,424.19,0.05,402.98,-1936.7199999999998
ITEM0006254,ORD002981,PROD00273,CUST00236,20241017,10,4,4432.81,0.0,17731.24,5141.680000000002
ITEM0006255,ORD002982,PROD00270,CUST00852,20230918,3,3,4350.17,0.0,13050.51,6635.76
ITEM0006256,ORD002983,PROD00234,CUST00686,20230922,3,2,9552.76,0.0,19105.52,10081.36
ITEM0006257,ORD002983,PROD00095,CUST00686,20230922,3,1,1505.02,0.2,1204.02,238.46000000000004
ITEM0006258,ORD002984,PROD00088,CUST00452,20230805,5,3,4559.98,0.13,11901.55,2070.3099999999995
ITEM0006259,ORD002984,PROD00289,CUST00452,20230805,5,1,3097.21,0.0,3097.21,1796.98
ITEM0006260,ORD002985,PROD00194,CUST00470,20230902,10,1,535.55,0.0,535.55,316.76
ITEM0006261,ORD002985,PROD00018,CUST00470,20230902,10,1,2803.77,0.0,2803.77,948.98
ITEM0006262,ORD002985,PROD00087,CUST00470,20230902,10,2,4546.57,0.0,9093.14,4746.82
ITEM0006263,ORD002986,PROD00092,CUST00790,20240810,10,2,1552.76,0.0,3105.52,1429.44
ITEM0006264,ORD002986,PROD00099,CUST00790,20240810,10,1,6088.4,0.0,6088.4,2560.7899999999995
ITEM0006265,ORD002986,PROD00193,CUST00790,20240810,10,1,9202.76,0.29,6533.96,2446.16
ITEM0006266,ORD002987,PROD00094,CUST00858,20230105,9,2,6449.58,0.0,12899.16,5525.54
ITEM0006267,ORD002987,PROD00095,CUST00858,20230105,9,1,1505.02,0.0,1505.02,539.46
ITEM0006268,ORD002988,PROD00220,CUST00614,20231105,1,1,6168.69,0.18,5058.33,1550.67
ITEM0006269,ORD002988,PROD00211,CUST00614,20231105,1,1,1624.33,0.0,1624.33,369.80999999999995
ITEM0006270,ORD002989,PROD00031,CUST00522,20240612,2,1,4066.81,0.0,4066.81,1410.2399999999998
ITEM0006271,ORD002990,PROD00050,CUST00979,20230805,6,3,5338.68,0.0,16016.04,5179.050000000001
ITEM0006272,ORD002991,PROD00059,CUST00262,20240330,5,1,11784.91,0.0,11784.91,6843.93
ITEM0006273,ORD002991,PROD00111,CUST00262,20240330,5,1,5596.44,0.0,5596.44,3031.0199999999995
ITEM0006274,ORD002992,PROD00140,CUST00188,20230803,5,2,1718.72,0.0,3437.44,1873.52
ITEM0006275,ORD002992,PROD00217,CUST00188,20230803,5,2,260.84,0.15,443.43,33.29000000000002
ITEM0006276,ORD002992,PROD00097,CUST00188,20230803,5,1,1492.36,0.0,1492.36,316.41999999999985
ITEM0006277,ORD002993,PROD00039,CUST00112,20240828,2,2,6419.63,0.0,12839.26,3212.92
ITEM0006278,ORD002994,PROD00125,CUST00820,20240116,2,2,5694.29,0.0,11388.58,3013.7000000000007
ITEM0006279,ORD002995,PROD00007,CUST00568,20240916,6,2,7518.69,0.0,15037.38,5107.66
ITEM0006280,ORD002995,PROD00282,CUST00568,20240916,6,2,3504.39,0.02,6868.6,2346.620000000001
ITEM0006281,ORD002996,PROD00192,CUST00121,20240226,9,3,5116.05,0.05,14580.74,4301.66
ITEM0006282,ORD002997,PROD00267,CUST00282,20241028,9,2,3457.61,0.0,6915.22,1418.9000000000005
ITEM0006283,ORD002998,PROD00151,CUST00673,20230601,7,1,5518.05,0.0,5518.05,1305.9800000000005
ITEM0006284,ORD002998,PROD00041,CUST00673,20230601,7,1,3958.75,0.25,2969.06,745.0499999999997
ITEM0006285,ORD002999,PROD00069,CUST00955,20241109,3,1,973.62,0.01,963.89,-3135.23
ITEM0006286,ORD002999,PROD00101,CUST00955,20241109,3,1,1373.9,0.0,1373.9,435.8600000000001
ITEM0006287,ORD003000,PROD00106,CUST00843,20230617,10,1,3963.99,0.0,3963.99,1538.4499999999998
ITEM0006288,ORD003001,PROD00211,CUST00145,20240916,2,2,1624.33,0.0,3248.66,739.6199999999999
ITEM0006289,ORD003002,PROD00110,CUST00747,20240915,9,3,7163.14,0.0,21489.42,12850.589999999998
ITEM0006290,ORD003003,PROD00072,CUST00254,20240820,8,2,6999.91,0.0,13999.82,7794.86
ITEM0006291,ORD003003,PROD00121,CUST00254,20240820,8,3,11305.27,0.0,33915.81,19423.649999999998
ITEM0006292,ORD003003,PROD00261,CUST00254,20240820,8,4,2154.14,0.0,8616.56,4692.4
ITEM0006293,ORD003004,PROD00152,CUST00486,20241129,3,3,1231.99,0.0,3695.97,1822.35
ITEM0006294,ORD003004,PROD00255,CUST00486,20241129,3,1,7383.63,0.03,7162.12,3831.89
ITEM0006295,ORD003005,PROD00121,CUST00549,20231211,1,3,11305.27,0.0,33915.81,19423.649999999998
ITEM0006296,ORD003006,PROD00132,CUST00457,20240309,7,2,5296.2,0.0,10592.4,2218.119999999999
ITEM0006297,ORD003007,PROD00125,CUST00555,20240826,9,4,5694.29,0.27,16627.33,-122.42999999999665
ITEM0006298,ORD003008,PROD00127,CUST00265,20240609,8,4,5321.52,0.0,21286.08,11107.120000000003
ITEM0006299,ORD003008,PROD00010,CUST00265,20240609,8,1,2259.53,0.23,1739.84,788.6299999999999
ITEM0006300,ORD003009,PROD00265,CUST00949,20240917,3,2,4207.25,0.0,8414.5,2791.1000000000004
ITEM0006301,ORD003010,PROD00046,CUST00708,20230104,6,2,8988.77,0.0,17977.54,8463.84
ITEM0006302,ORD003010,PROD00003,CUST00708,20230104,6,2,2902.0,0.0,5804.0,2981.44
ITEM0006303,ORD003011,PROD00187,CUST00066,20241110,10,4,6641.17,0.24,20189.16,4975.200000000001
ITEM0006304,ORD003012,PROD00193,CUST00114,20230128,3,1,9202.76,0.0,9202.76,5114.96
ITEM0006305,ORD003012,PROD00257,CUST00114,20230128,3,1,1084.83,0.0,1084.83,-3168.37
ITEM0006306,ORD003013,PROD00049,CUST00249,20240910,7,1,5326.74,0.13,4634.26,714.6400000000003
ITEM0006307,ORD003014,PROD00116,CUST00420,20240104,9,2,3835.95,0.22,5984.08,1037.3999999999996
ITEM0006308,ORD003014,PROD00165,CUST00420,20240104,9,1,1721.94,0.0,1721.94,927.6800000000001
ITEM0006309,ORD003014,PROD00054,CUST00420,20240104,9,1,5941.63,0.0,5941.63,3029.28
ITEM0006310,ORD003014,PROD00091,CUST00420,20240104,9,3,1302.09,0.0,3906.27,1866.8700000000001
ITEM0006311,ORD003014,PROD00039,CUST00420,20240104,9,4,6419.63,0.0,25678.52,6425.84
ITEM0006312,ORD003015,PROD00285,CUST00990,20230305,8,1,2757.81,0.23,2123.51,842.3800000000001
ITEM0006313,ORD003016,PROD00044,CUST00888,20230131,6,2,5424.36,0.2,8678.98,4074.8199999999997
ITEM0006314,ORD003016,PROD00177,CUST00888,20230131,6,1,5446.6,0.0,5446.6,3095.1400000000003
ITEM0006315,ORD003016,PROD00088,CUST00888,20230131,6,2,4559.98,0.0,9119.96,2565.7999999999993
ITEM0006316,ORD003017,PROD00018,CUST00651,20240405,5,2,2803.77,0.0,5607.54,1897.96
ITEM0006317,ORD003018,PROD00116,CUST00733,20241028,8,3,3835.95,0.0,11507.85,4087.83
ITEM0006318,ORD003018,PROD00074,CUST00733,20241028,8,1,9420.21,0.0,9420.21,5096.919999999999
ITEM0006319,ORD003018,PROD00164,CUST00733,20241028,8,1,5504.82,0.05,5229.58,2105.5
ITEM0006320,ORD003019,PROD00162,CUST00468,20231102,6,3,3555.3,0.11,9492.65,2081.959999999999
ITEM0006321,ORD003019,PROD00077,CUST00468,20231102,6,1,7101.66,0.0,7101.66,3215.7
ITEM0006322,ORD003020,PROD00012,CUST00079,20241002,4,4,7089.43,0.0,28357.72,15581.480000000001
ITEM0006323,ORD003021,PROD00244,CUST00926,20240724,8,1,4549.33,0.0,4549.33,1795.7399999999998
ITEM0006324,ORD003021,PROD00300,CUST00926,20240724,8,1,1343.36,0.0,1343.36,715.2799999999999
ITEM0006325,ORD003022,PROD00226,CUST00714,20231123,5,1,648.79,0.0,648.79,173.39
ITEM0006326,ORD003022,PROD00227,CUST00714,20231123,5,2,3250.8,0.0,6501.6,3223.1600000000003
ITEM0006327,ORD003023,PROD00097,CUST00363,20230826,7,3,1492.36,0.13,3895.06,367.2399999999998
ITEM0006328,ORD003023,PROD00205,CUST00363,20230826,7,1,6283.38,0.0,6283.38,1439.62
ITEM0006329,ORD003024,PROD00117,CUST00644,20230619,9,4,498.3,0.0,1993.2,1186.96
ITEM0006330,ORD003025,PROD00042,CUST00536,20241109,9,1,8235.83,0.0,8235.83,4137.96
ITEM0006331,ORD003025,PROD00240,CUST00536,20241109,9,1,4510.78,0.3,3157.55,1175.0800000000002
ITEM0006332,ORD003025,PROD00068,CUST00536,20241109,9,1,1589.23,0.06,1493.88,284.8100000000002
ITEM0006333,ORD003025,PROD00168,CUST00536,20241109,9,1,5760.76,0.0,5760.76,2389.03
ITEM0006334,ORD003026,PROD00106,CUST00280,20240920,7,3,3963.99,0.0,11891.97,4615.349999999999
ITEM0006335,ORD003026,PROD00239,CUST00280,20240920,7,4,467.33,0.0,1869.32,1052.04
ITEM0006336,ORD003027,PROD00228,CUST00550,20230629,9,1,1263.16,0.07,1174.74,439.13
ITEM0006337,ORD003027,PROD00044,CUST00550,20230629,9,1,5424.36,0.26,4014.03,1711.9500000000003
ITEM0006338,ORD003028,PROD00093,CUST00337,20230206,3,2,3802.74,0.0,7605.48,3080.3399999999992
ITEM0006339,ORD003028,PROD00294,CUST00337,20230206,3,1,8182.59,0.0,8182.59,4331.59
ITEM0006340,ORD003029,PROD00137,CUST00554,20240923,9,1,5635.51,0.0,5635.51,2413.9900000000002
ITEM0006341,ORD003030,PROD00115,CUST00764,20230803,3,1,3250.57,0.0,3250.57,1515.2500000000002
ITEM0006342,ORD003030,PROD00210,CUST00764,20230803,3,1,6680.3,0.0,6680.3,2578.16
ITEM0006343,ORD003030,PROD00143,CUST00764,20230803,3,3,1075.34,0.0,3226.02,1514.19
ITEM0006344,ORD003031,PROD00068,CUST00447,20240619,5,1,1589.23,0.05,1509.77,300.70000000000005
ITEM0006345,ORD003032,PROD00251,CUST00399,20240712,3,1,3365.3,0.11,2995.12,1620.6299999999999
ITEM0006346,ORD003033,PROD00178,CUST00483,20230710,3,1,7985.04,0.26,5908.93,2582.55
ITEM0006347,ORD003033,PROD00032,CUST00483,20230710,3,2,301.12,0.0,602.24,112.60000000000002
ITEM0006348,ORD003034,PROD00130,CUST00007,20230603,9,3,3445.25,0.0,10335.75,3364.0200000000004
ITEM0006349,ORD003034,PROD00250,CUST00007,20230603,9,1,4610.44,0.0,4610.44,2239.2799999999997
ITEM0006350,ORD003035,PROD00173,CUST00994,20240324,2,2,2040.33,0.0,4080.66,-4767.1
ITEM0006351,ORD003036,PROD00146,CUST00844,20230822,4,3,504.1,0.0,1512.3,823.89
ITEM0006352,ORD003037,PROD00055,CUST00249,20240506,6,1,2678.2,0.0,2678.2,1021.0599999999997
ITEM0006353,ORD003037,PROD00018,CUST00249,20240506,6,2,2803.77,0.19,4542.11,832.5299999999997
ITEM0006354,ORD003037,PROD00136,CUST00249,20240506,6,2,621.23,0.0,1242.46,727.52
ITEM0006355,ORD003037,PROD00235,CUST00249,20240506,6,2,1155.59,0.0,2311.18,1342.3999999999999
ITEM0006356,ORD003038,PROD00079,CUST00512,20240408,1,2,7182.12,0.16,12065.96,5403.039999999999
ITEM0006357,ORD003038,PROD00031,CUST00512,20240408,1,2,4066.81,0.0,8133.62,2820.4799999999996
ITEM0006358,ORD003039,PROD00062,CUST00482,20240821,4,2,5673.89,0.16,9532.14,2244.2599999999993
ITEM0006359,ORD003039,PROD00181,CUST00482,20240821,4,2,2887.17,0.0,5774.34,3033.92
ITEM0006360,ORD003040,PROD00090,CUST00564,20230624,6,2,494.65,0.0,989.3,509.15999999999997
ITEM0006361,ORD003040,PROD00217,CUST00564,20230624,6,2,260.84,0.08,479.95,69.81
ITEM0006362,ORD003040,PROD00263,CUST00564,20230624,6,1,4979.64,0.17,4133.1,818.8100000000004
ITEM0006363,ORD003040,PROD00132,CUST00564,20230624,6,1,5296.2,0.0,5296.2,1109.0599999999995
ITEM0006364,ORD003041,PROD00275,CUST00808,20230617,5,1,5765.78,0.0,5765.78,3162.8799999999997
ITEM0006365,ORD003041,PROD00016,CUST00808,20230617,5,2,6005.27,0.04,11530.12,2308.300000000001
ITEM0006366,ORD003041,PROD00220,CUST00808,20230617,5,1,6168.69,0.0,6168.69,2661.0299999999997
ITEM0006367,ORD003042,PROD00276,CUST00298,20231212,7,1,8701.77,0.0,8701.77,5108.85
ITEM0006368,ORD003043,PROD00181,CUST00815,20240815,8,1,2887.17,0.0,2887.17,1516.96
ITEM0006369,ORD003044,PROD00033,CUST00426,20230417,8,2,1942.09,0.12,3418.08,1098.2799999999997
ITEM0006370,ORD003044,PROD00008,CUST00426,20230417,8,2,5338.8,0.29,7581.1,1341.6800000000003
ITEM0006371,ORD003044,PROD00188,CUST00426,20230417,8,2,1657.41,0.0,3314.82,660.0800000000004
ITEM0006372,ORD003045,PROD00258,CUST00432,20240820,5,4,5858.08,0.2,18745.86,9203.66
ITEM0006373,ORD003046,PROD00185,CUST00390,20231218,10,1,2719.98,0.0,2719.98,1485.46
ITEM0006374,ORD003046,PROD00142,CUST00390,20231218,10,1,8354.87,0.17,6934.54,2291.66
ITEM0006375,ORD003047,PROD00235,CUST00950,20241118,5,1,1155.59,0.0,1155.59,671.1999999999999
ITEM0006376,ORD003047,PROD00119,CUST00950,20241118,5,2,9197.85,0.23,14164.69,6702.77
ITEM0006377,ORD003047,PROD00249,CUST00950,20241118,5,1,4279.09,0.0,4279.09,2277.3500000000004
ITEM0006378,ORD003047,PROD00056,CUST00950,20241118,5,2,6326.27,0.0,12652.54,7565.760000000001
ITEM0006379,ORD003048,PROD00133,CUST00729,20230711,3,1,7313.64,0.09,6655.41,2707.62
ITEM0006380,ORD003048,PROD00247,CUST00729,20230711,3,1,7341.91,0.0,7341.91,3685.56
ITEM0006381,ORD003049,PROD00179,CUST00617,20240711,6,1,6055.62,0.1,5450.06,2979.7100000000005
ITEM0006382,ORD003050,PROD00300,CUST00676,20230111,7,1,1343.36,0.0,1343.36,715.2799999999999
ITEM0006383,ORD003051,PROD00029,CUST00861,20240819,10,1,5799.72,0.0,5799.72,1511.1599999999999
ITEM0006384,ORD003051,PROD00021,CUST00861,20240819,10,1,6443.82,0.03,6250.51,3076.0600000000004
ITEM0006385,ORD003051,PROD00230,CUST00861,20240819,10,2,8026.94,0.0,16053.88,8942.38
ITEM0006386,ORD003051,PROD00286,CUST00861,20240819,10,1,945.94,0.0,945.94,455.46000000000004
ITEM0006387,ORD003052,PROD00001,CUST00500,20230202,7,1,9272.65,0.0,9272.65,4723.48
ITEM0006388,ORD003053,PROD00273,CUST00132,20230329,1,3,4432.81,0.0,13298.43,3856.26
ITEM0006389,ORD003054,PROD00025,CUST00739,20230905,9,1,3078.83,0.0,3078.83,572.75
ITEM0006390,ORD003054,PROD00280,CUST00739,20230905,9,3,4625.83,0.15,11795.87,5350.1
ITEM0006391,ORD003055,PROD00129,CUST00435,20231231,9,1,2500.46,0.0,2500.46,912.6000000000001
ITEM0006392,ORD003056,PROD00107,CUST00554,20230209,1,2,6282.37,0.23,9674.85,838.5300000000007
ITEM0006393,ORD003057,PROD00252,CUST00858,20231014,4,1,910.14,0.15,-773.62,-1519.8
ITEM0006394,ORD003058,PROD00068,CUST00170,20240517,9,1,1589.23,0.0,1589.23,380.1600000000001
ITEM0006395,ORD003058,PROD00101,CUST00170,20240517,9,1,1373.9,0.0,1373.9,435.8600000000001
ITEM0006396,ORD003058,PROD00019,CUST00170,20240517,9,1,2406.67,0.0,2406.67,1356.91
ITEM0006397,ORD003058,PROD00197,CUST00170,20240517,9,3,8766.75,0.0,26300.25,15269.58
ITEM0006398,ORD003059,PROD00239,CUST00623,20240110,7,4,467.33,0.0,1869.32,1052.04
ITEM0006399,ORD003060,PROD00148,CUST00920,20241114,5,1,3870.28,0.0,3870.28,1942.0400000000002
ITEM0006400,ORD003061,PROD00071,CUST00380,20240806,6,1,534.87,0.0,534.87,199.64999999999998
ITEM0006401,ORD003062,PROD00108,CUST00397,20241006,3,4,7407.37,0.28,21333.23,9290.71
ITEM0006402,ORD003063,PROD00150,CUST00374,20240610,5,3,290.6,0.12,767.18,379.66999999999996
ITEM0006403,ORD003063,PROD00264,CUST00374,20240610,5,1,8008.38,0.0,8008.38,4554.62
ITEM0006404,ORD003064,PROD00051,CUST00135,20231117,6,2,8693.03,0.0,17386.06,8378.36
ITEM0006405,ORD003065,PROD00242,CUST01000,20241022,9,1,2496.43,0.0,2496.43,511.5799999999999
ITEM0006406,ORD003066,PROD00201,CUST00625,20230310,3,1,3944.29,0.0,3944.29,1055.44
ITEM0006407,ORD003066,PROD00014,CUST00625,20230310,3,1,1451.31,0.0,1451.31,352.8699999999999
ITEM0006408,ORD003067,PROD00043,CUST00153,20231124,1,1,1789.22,0.0,1789.22,710.5899999999999
ITEM0006409,ORD003068,PROD00074,CUST00646,20240429,7,1,9420.21,0.1,8478.19,4154.900000000001
ITEM0006410,ORD003068,PROD00044,CUST00646,20240429,7,1,5424.36,0.0,5424.36,3122.2799999999997
ITEM0006411,ORD003068,PROD00134,CUST00646,20240429,7,3,1127.73,0.19,2740.38,161.34000000000015
ITEM0006412,ORD003069,PROD00079,CUST00145,20240714,5,2,7182.12,0.0,14364.24,7701.32
ITEM0006413,ORD003069,PROD00022,CUST00145,20240714,5,1,1547.99,0.0,1547.99,904.4300000000001
ITEM0006414,ORD003070,PROD00166,CUST00741,20230626,2,2,7134.8,0.18,11701.07,4232.75
ITEM0006415,ORD003070,PROD00090,CUST00741,20230626,2,1,494.65,0.0,494.65,254.57999999999998
ITEM0006416,ORD003071,PROD00237,CUST00755,20230110,3,1,8123.36,0.18,6661.16,3009.1
ITEM0006417,ORD003071,PROD00030,CUST00755,20230110,3,3,4937.89,0.0,14813.67,7400.1900000000005
ITEM0006418,ORD003071,PROD00121,CUST00755,20230110,3,1,11305.27,0.16,9496.43,4665.71
ITEM0006419,ORD003072,PROD00043,CUST00257,20240812,2,2,1789.22,0.0,3578.44,1421.1799999999998
ITEM0006420,ORD003073,PROD00273,CUST00736,20240106,3,1,4432.81,0.0,4432.81,1285.4200000000005
ITEM0006421,ORD003074,PROD00007,CUST00290,20230128,8,4,7518.69,0.0,30074.76,10215.32
ITEM0006422,ORD003074,PROD00036,CUST00290,20230128,8,4,7308.78,0.0,29235.12,14956.679999999998
ITEM0006423,ORD003074,PROD00131,CUST00290,20230128,8,1,576.16,0.0,576.16,215.51
ITEM0006424,ORD003074,PROD00119,CUST00290,20230128,8,1,9197.85,0.0,9197.85,5466.89
ITEM0006425,ORD003074,PROD00260,CUST00290,20230128,8,1,8617.38,0.14,7410.95,2915.4299999999994
ITEM0006426,ORD003075,PROD00145,CUST00333,20230607,5,1,5845.69,0.0,5845.69,3459.5799999999995
ITEM0006427,ORD003075,PROD00023,CUST00333,20230607,5,2,3506.84,0.0,7013.68,4045.5400000000004
ITEM0006428,ORD003076,PROD00281,CUST00209,20230427,5,2,7979.23,0.28,11490.09,3467.67
ITEM0006429,ORD003077,PROD00164,CUST00485,20240111,2,1,5504.82,0.0,5504.82,2380.74
ITEM0006430,ORD003078,PROD00290,CUST00914,20230630,8,1,1195.14,0.0,1195.14,418.2500000000001
ITEM0006431,ORD003078,PROD00066,CUST00914,20230630,8,1,899.86,0.0,899.86,296.41999999999996
ITEM0006432,ORD003078,PROD00040,CUST00914,20230630,8,1,3631.49,0.01,3595.18,1968.4099999999999
ITEM0006433,ORD003079,PROD00234,CUST00840,20231025,3,1,9552.76,0.0,9552.76,5040.68
ITEM0006434,ORD003080,PROD00058,CUST00089,20240926,4,2,4592.96,0.04,8818.48,2969.62
ITEM0006435,ORD003080,PROD00002,CUST00089,20240926,4,3,231.58,0.0,694.74,282.92999999999995
ITEM0006436,ORD003080,PROD00068,CUST00089,20240926,4,4,1589.23,0.0,6356.92,1520.6400000000003
ITEM0006437,ORD003080,PROD00263,CUST00089,20240926,4,3,4979.64,0.0,14938.92,4996.050000000001
ITEM0006438,ORD003081,PROD00003,CUST00574,20231109,1,1,2902.0,0.09,2640.82,1229.5400000000002
ITEM0006439,ORD003081,PROD00031,CUST00574,20231109,1,1,4066.81,0.0,4066.81,1410.2399999999998
ITEM0006440,ORD003081,PROD00294,CUST00574,20231109,1,1,8182.59,0.0,8182.59,4331.59
ITEM0006441,ORD003081,PROD00067,CUST00574,20231109,1,1,996.38,0.0,996.38,381.22
ITEM0006442,ORD003082,PROD00044,CUST00661,20240712,9,1,5424.36,0.14,4664.95,2362.87
ITEM0006443,ORD003082,PROD00290,CUST00661,20240712,9,2,1195.14,0.12,2103.45,549.6699999999998
ITEM0006444,ORD003083,PROD00268,CUST00162,20240105,4,2,852.32,0.0,1704.64,745.3400000000001
ITEM0006445,ORD003083,PROD00227,CUST00162,20240105,4,2,3250.8,0.02,6371.57,3093.1299999999997
ITEM0006446,ORD003084,PROD00196,CUST00526,20230206,3,2,6703.46,0.0,13406.92,7637.62
ITEM0006447,ORD003084,PROD00253,CUST00526,20230206,3,2,791.63,0.0,1583.26,545.0
ITEM0006448,ORD003085,PROD00054,CUST00097,20230731,8,1,5941.63,0.0,5941.63,3029.28
ITEM0006449,ORD003085,PROD00264,CUST00097,20230731,8,2,8008.38,0.0,16016.76,9109.24
ITEM0006450,ORD003086,PROD00143,CUST00056,20240515,5,2,1075.34,0.0,2150.68,1009.4599999999998
ITEM0006451,ORD003086,PROD00082,CUST00056,20240515,5,1,3992.96,0.0,3992.96,2224.75
ITEM0006452,ORD003086,PROD00094,CUST00056,20240515,5,1,6449.58,0.05,6127.1,2440.2900000000004
ITEM0006453,ORD003087,PROD00240,CUST00012,20230329,4,1,4510.78,0.0,4510.78,2528.3099999999995
ITEM0006454,ORD003088,PROD00128,CUST00298,20240505,1,1,4199.76,0.0,4199.76,1536.15
ITEM0006455,ORD003089,PROD00151,CUST00024,20230612,4,1,5518.05,0.08,5076.61,864.54
ITEM0006456,ORD003089,PROD00094,CUST00024,20230612,4,1,6449.58,0.15,5482.14,1795.3300000000004
ITEM0006457,ORD003089,PROD00057,CUST00024,20230612,4,2,4595.24,0.0,9190.48,4553.179999999999
ITEM0006458,ORD003090,PROD00299,CUST00079,20240519,5,1,10649.19,0.0,10649.19,6151.8
ITEM0006459,ORD003090,PROD00027,CUST00079,20240519,5,2,5723.51,0.0,11447.02,5038.22
ITEM0006460,ORD003090,PROD00237,CUST00079,20240519,5,1,8123.36,0.29,5767.59,2115.53
ITEM0006461,ORD003091,PROD00052,CUST00465,20240522,6,2,1689.78,0.0,3379.56,1100.2399999999998
ITEM0006462,ORD003092,PROD00163,CUST00232,20230605,2,2,2745.97,0.0,5491.94,2741.2799999999997
ITEM0006463,ORD003093,PROD00245,CUST00679,20230720,8,3,6215.91,0.0,18647.73,7256.91
ITEM0006464,ORD003094,PROD00004,CUST00790,20231120,8,3,4097.38,0.0,12292.14,2094.629999999999
ITEM0006465,ORD003095,PROD00164,CUST00389,20240918,4,1,5504.82,0.17,4569.0,1444.92
ITEM0006466,ORD003096,PROD00050,CUST00609,20231220,10,2,5338.68,0.0,10677.36,3452.7000000000007
ITEM0006467,ORD003096,PROD00005,CUST00609,20231220,10,1,246.43,0.0,246.43,70.33000000000001
ITEM0006468,ORD003097,PROD00050,CUST00703,20240211,10,1,5338.68,0.0,5338.68,1726.3500000000004
ITEM0006469,ORD003097,PROD00294,CUST00703,20240211,10,1,8182.59,0.21,6464.25,2613.25
ITEM0006470,ORD003098,PROD00199,CUST00707,20230812,8,1,3657.98,0.11,3255.6,1430.28
ITEM0006471,ORD003098,PROD00227,CUST00707,20230812,8,1,3250.8,0.0,3250.8,1611.5800000000002
ITEM0006472,ORD003098,PROD00240,CUST00707,20230812,8,1,4510.78,0.0,4510.78,2528.3099999999995
ITEM0006473,ORD003099,PROD00016,CUST00839,20240619,1,2,6005.27,0.14,10329.06,1107.2399999999998
ITEM0006474,ORD003099,PROD00101,CUST00839,20240619,1,2,1373.9,0.0,2747.8,871.7200000000003
ITEM0006475,ORD003099,PROD00107,CUST00839,20240619,1,2,6282.37,0.0,12564.74,3728.42
ITEM0006476,ORD003099,PROD00054,CUST00839,20240619,1,1,5941.63,0.0,-5941.63,-8853.98
ITEM0006477,ORD003100,PROD00053,CUST00672,20231008,1,2,7229.99,0.24,10989.58,4832.12
ITEM0006478,ORD003101,PROD00182,CUST00865,20230809,1,2,3616.25,0.28,5207.4,1596.0599999999995
ITEM0006479,ORD003102,PROD00043,CUST00293,20231028,9,2,1789.22,0.0,3578.44,1421.1799999999998
ITEM0006480,ORD003102,PROD00283,CUST00293,20231028,9,1,7427.34,0.21,5867.6,1303.3600000000006
ITEM0006481,ORD003102,PROD00176,CUST00293,20231028,9,3,5492.71,0.0,16478.13,6536.130000000001
ITEM0006482,ORD003102,PROD00116,CUST00293,20231028,9,1,3835.95,0.21,3030.4,557.06
ITEM0006483,ORD003103,PROD00051,CUST00480,20230907,6,1,8693.03,0.0,8693.03,4189.18
ITEM0006484,ORD003104,PROD00283,CUST00538,20230526,6,1,7427.34,0.0,7427.34,2863.1000000000004
ITEM0006485,ORD003104,PROD00045,CUST00538,20230526,6,1,4706.05,0.0,4706.05,1730.3900000000003
ITEM0006486,ORD003104,PROD00009,CUST00538,20230526,6,3,5332.96,0.0,15998.88,9391.08
ITEM0006487,ORD003104,PROD00171,CUST00538,20230526,6,1,546.18,0.0,546.18,279.16999999999996
ITEM0006488,ORD003105,PROD00280,CUST00761,20231212,5,1,4625.83,0.0,4625.83,2477.24
ITEM0006489,ORD003106,PROD00016,CUST00978,20240812,7,1,6005.27,0.0,6005.27,1394.3600000000006
ITEM0006490,ORD003107,PROD00167,CUST00439,20230829,8,2,2019.38,0.0,4038.76,1002.1600000000003
ITEM0006491,ORD003107,PROD00038,CUST00439,20230829,8,1,1983.28,0.1,1784.95,837.45
ITEM0006492,ORD003108,PROD00173,CUST00900,20240210,10,1,1977.24,0.25,1482.93,-2940.95
ITEM0006493,ORD003108,PROD00228,CUST00900,20240210,10,1,1263.16,0.0,1263.16,527.5500000000001
ITEM0006494,ORD003109,PROD00161,CUST00034,20230118,5,1,2894.21,0.27,2112.77,-161.92999999999984
ITEM0006495,ORD003110,PROD00033,CUST00424,20231115,7,1,1942.09,0.0,1942.09,782.1899999999998
ITEM0006496,ORD003110,PROD00070,CUST00424,20231115,7,2,6693.56,0.06,12583.89,3877.3499999999985
ITEM0006497,ORD003111,PROD00275,CUST00101,20230930,7,3,5765.78,0.03,16778.42,8969.719999999998
ITEM0006498,ORD003112,PROD00134,CUST00469,20230419,6,3,1127.73,0.21,2672.72,93.67999999999984
ITEM0006499,ORD003112,PROD00216,CUST00469,20230419,6,2,3307.17,0.0,6614.34,2981.82
ITEM0006500,ORD003112,PROD00013,CUST00469,20230419,6,1,10508.19,0.0,-10508.19,-15099.85
ITEM0006501,ORD003112,PROD00295,CUST00469,20230419,6,1,895.09,0.06,841.38,122.02999999999997
ITEM0006502,ORD003113,PROD00296,CUST00125,20240208,5,1,1188.71,0.0,1188.71,270.73
ITEM0006503,ORD003113,PROD00202,CUST00125,20240208,5,1,1016.59,0.0,1016.59,338.75
ITEM0006504,ORD003114,PROD00024,CUST00260,20231003,2,1,10115.71,0.0,10115.71,5877.049999999999
ITEM0006505,ORD003114,PROD00047,CUST00260,20231003,2,2,1589.57,0.0,3179.14,1216.08
ITEM0006506,ORD003115,PROD00276,CUST00720,20230808,7,1,8701.77,0.0,8701.77,5108.85
ITEM0006507,ORD003115,PROD00060,CUST00720,20230808,7,1,532.72,0.0,532.72,251.38000000000005
ITEM0006508,ORD003116,PROD00017,CUST00315,20230415,7,1,9163.85,0.0,9163.85,5466.42
ITEM0006509,ORD003116,PROD00215,CUST00315,20230415,7,1,379.53,0.01,375.73,71.20000000000005
ITEM0006510,ORD003116,PROD00128,CUST00315,20230415,7,1,4199.76,0.0,4199.76,1536.15
ITEM0006511,ORD003117,PROD00285,CUST00623,20240612,3,1,2757.81,0.0,2757.81,1476.6799999999998
ITEM0006512,ORD003117,PROD00095,CUST00623,20240612,3,1,1505.02,0.11,1339.47,373.9100000000001
ITEM0006513,ORD003118,PROD00256,CUST00727,20231214,5,1,256.57,0.0,256.57,96.10999999999999
ITEM0006514,ORD003119,PROD00209,CUST00994,20240527,4,3,3816.19,0.0,11448.57,6230.82
ITEM0006515,ORD003120,PROD00199,CUST00463,20240526,2,4,3657.98,0.0,14631.92,7330.64
ITEM0006516,ORD003121,PROD00227,CUST00703,20241009,6,1,3250.8,0.0,3250.8,1611.5800000000002
ITEM0006517,ORD003122,PROD00253,CUST00030,20240310,1,2,791.63,0.0,1583.26,545.0
ITEM0006518,ORD003122,PROD00285,CUST00030,20240310,1,3,2757.81,0.0,8273.43,4430.04
ITEM0006519,ORD003122,PROD00093,CUST00030,20240310,1,1,3802.74,0.0,3802.74,1540.1699999999996
ITEM0006520,ORD003123,PROD00076,CUST00659,20240228,3,1,6038.15,0.0,6038.15,3106.5099999999998
ITEM0006521,ORD003124,PROD00082,CUST00820,20240121,10,2,3992.96,0.0,7985.92,4449.5
ITEM0006522,ORD003124,PROD00224,CUST00820,20240121,10,1,8522.29,0.0,8522.29,4734.700000000001
ITEM0006523,ORD003125,PROD00237,CUST00878,20241029,8,1,8123.36,0.15,6904.86,3252.7999999999997
ITEM0006524,ORD003126,PROD00276,CUST00377,20240701,1,1,8701.77,0.0,8701.77,5108.85
ITEM0006525,ORD003127,PROD00269,CUST00809,20230122,10,1,2135.25,0.0,2135.25,1035.44
ITEM0006526,ORD003127,PROD00152,CUST00809,20230122,10,1,1231.99,0.0,1231.99,607.45
ITEM0006527,ORD003127,PROD00064,CUST00809,20230122,10,2,4268.27,0.0,8536.54,4481.9400000000005
ITEM0006528,ORD003128,PROD00292,CUST00417,20230329,6,1,5910.44,0.24,4491.93,1569.4700000000003
ITEM0006529,ORD003129,PROD00249,CUST00247,20230120,5,1,4279.09,0.1,3851.18,1849.4399999999998
ITEM0006530,ORD003130,PROD00221,CUST00833,20240430,8,3,901.85,0.0,2705.55,706.4700000000003
ITEM0006531,ORD003131,PROD00103,CUST00339,20240807,10,4,9136.07,0.0,36544.28,18351.76
ITEM0006532,ORD003132,PROD00082,CUST00978,20240831,6,1,3992.96,0.0,3992.96,2224.75
ITEM0006533,ORD003133,PROD00186,CUST00301,20231204,3,4,1445.96,0.0,5783.84,3317.36
ITEM0006534,ORD003134,PROD00195,CUST00134,20250321,8,2,9608.14,0.0,19216.28,11078.199999999999
ITEM0006535,ORD003134,PROD00119,CUST00134,20250321,8,2,9197.85,0.0,18395.7,10933.78
ITEM0006536,ORD003135,PROD00054,CUST00991,20240229,2,1,5941.63,0.0,5941.63,3029.28
ITEM0006537,ORD003136,PROD00219,CUST00679,20240816,5,2,344.65,0.2,551.44,174.12000000000006
ITEM0006538,ORD003136,PROD00243,CUST00679,20240816,5,1,6308.05,0.14,5424.92,2091.28
ITEM0006539,ORD003137,PROD00154,CUST00121,20241121,7,3,5526.27,0.0,16578.81,7684.920000000002
ITEM0006540,ORD003137,PROD00180,CUST00121,20241121,7,1,7030.69,0.0,7030.69,4108.099999999999
ITEM0006541,ORD003137,PROD00289,CUST00121,20241121,7,1,3097.21,0.08,2849.43,1549.1999999999998
ITEM0006542,ORD003138,PROD00022,CUST00932,20231013,9,4,1547.99,0.0,6191.96,3617.7200000000003
ITEM0006543,ORD003139,PROD00184,CUST00093,20230224,8,2,1498.15,0.0,2996.3,1755.3400000000001
ITEM0006544,ORD003139,PROD00019,CUST00093,20230224,8,1,2406.67,0.28,1732.8,683.04
ITEM0006545,ORD003140,PROD00158,CUST00700,20230509,10,1,8138.6,0.0,8138.6,4091.0800000000004
ITEM0006546,ORD003140,PROD00270,CUST00700,20230509,10,1,4350.17,0.0,4350.17,2211.92
ITEM0006547,ORD003141,PROD00243,CUST00042,20230903,5,2,6308.05,0.09,11480.65,4813.37
ITEM0006548,ORD003141,PROD00132,CUST00042,20230903,5,1,5296.2,0.0,5296.2,1109.0599999999995
ITEM0006549,ORD003142,PROD00136,CUST00178,20231023,4,1,621.23,0.14,534.26,276.78999999999996
ITEM0006550,ORD003142,PROD00241,CUST00178,20231023,4,1,2620.56,0.0,2620.56,-1666.85
ITEM0006551,ORD003143,PROD00144,CUST00656,20230726,4,1,9953.38,0.0,9953.38,5272.469999999999
ITEM0006552,ORD003143,PROD00029,CUST00656,20230726,4,1,5799.72,0.0,5799.72,1511.1599999999999
ITEM0006553,ORD003143,PROD00086,CUST00656,20230726,4,3,5791.83,0.14,14942.92,7095.01
ITEM0006554,ORD003144,PROD00205,CUST00675,20240220,8,1,6283.38,0.1,5655.04,811.2799999999997
ITEM0006555,ORD003144,PROD00153,CUST00675,20240220,8,3,4010.2,0.0,12030.6,4653.030000000001
ITEM0006556,ORD003145,PROD00020,CUST00425,20230522,6,3,7970.85,0.02,23434.3,11809.539999999999
ITEM0006557,ORD003146,PROD00003,CUST00848,20230409,2,2,2902.0,0.0,5804.0,2981.44
ITEM0006558,ORD003146,PROD00063,CUST00848,20230409,2,2,1083.33,0.0,2166.66,1184.9399999999998
ITEM0006559,ORD003147,PROD00246,CUST00887,20240621,8,3,8011.14,0.18,19707.4,7496.830000000002
ITEM0006560,ORD003147,PROD00158,CUST00887,20240621,8,1,8138.6,0.0,8138.6,4091.0800000000004
ITEM0006561,ORD003148,PROD00212,CUST00075,20231012,1,1,7782.48,0.0,7782.48,4237.33
ITEM0006562,ORD003148,PROD00174,CUST00075,20231012,1,1,4285.14,0.0,4285.14,2432.1800000000003
ITEM0006563,ORD003149,PROD00151,CUST00308,20230319,7,2,5518.05,0.0,11036.1,2611.960000000001
ITEM0006564,ORD003149,PROD00073,CUST00308,20230319,7,1,9071.35,0.0,9071.35,4439.54
ITEM0006565,ORD003149,PROD00168,CUST00308,20230319,7,2,5760.76,0.0,11521.52,4778.06
ITEM0006566,ORD003150,PROD00128,CUST00877,20240819,9,1,4199.76,0.0,4199.76,1536.15
ITEM0006567,ORD003150,PROD00063,CUST00877,20240819,9,3,1083.33,0.0,3249.99,1777.4099999999999
ITEM0006568,ORD003150,PROD00104,CUST00877,20240819,9,2,2043.03,0.0,4086.06,1547.58
ITEM0006569,ORD003150,PROD00176,CUST00877,20240819,9,1,5492.71,0.09,4998.37,1684.37
ITEM0006570,ORD003151,PROD00217,CUST00750,20230626,5,1,260.84,0.0,260.84,55.76999999999998
ITEM0006571,ORD003151,PROD00289,CUST00750,20230626,5,1,3097.21,0.0,3097.21,1796.98
ITEM0006572,ORD003152,PROD00138,CUST00879,20240713,6,1,10725.29,0.0,10725.29,6249.430000000001
ITEM0006573,ORD003152,PROD00294,CUST00879,20240713,6,2,8182.59,0.0,16365.18,8663.18
ITEM0006574,ORD003153,PROD00165,CUST00573,20231027,8,1,1721.94,0.2,1377.55,583.29
ITEM0006575,ORD003153,PROD00274,CUST00573,20231027,8,2,5633.46,0.0,11266.92,2130.5599999999995
ITEM0006576,ORD003154,PROD00188,CUST00151,20241009,6,1,1657.41,0.0,1657.41,330.0400000000002
ITEM0006577,ORD003154,PROD00152,CUST00151,20241009,6,1,1231.99,0.0,1231.99,607.45
ITEM0006578,ORD003155,PROD00049,CUST00745,20241027,9,1,5326.74,0.0,5326.74,1407.12
ITEM0006579,ORD003155,PROD00172,CUST00745,20241027,9,1,734.93,0.0,734.93,426.03
ITEM0006580,ORD003156,PROD00216,CUST00495,20240220,10,2,3307.17,0.0,6614.34,2981.82
ITEM0006581,ORD003156,PROD00268,CUST00495,20240220,10,1,852.32,0.0,852.32,372.6700000000001
ITEM0006582,ORD003157,PROD00216,CUST00746,20240226,1,1,3307.17,0.0,3307.17,1490.91
ITEM0006583,ORD003158,PROD00190,CUST00221,20240716,10,2,3528.69,0.0,7057.38,3710.02
ITEM0006584,ORD003158,PROD00128,CUST00221,20240716,10,1,4199.76,0.0,4199.76,1536.15
ITEM0006585,ORD003159,PROD00154,CUST00777,20240217,9,1,5526.27,0.12,4863.12,1898.4899999999998
ITEM0006586,ORD003159,PROD00300,CUST00777,20240217,9,1,1343.36,0.0,1343.36,715.2799999999999
ITEM0006587,ORD003160,PROD00002,CUST00700,20230713,8,1,231.58,0.0,231.58,94.31
ITEM0006588,ORD003160,PROD00163,CUST00700,20230713,8,1,2745.97,0.0,2745.97,1370.6399999999999
ITEM0006589,ORD003160,PROD00072,CUST00700,20230713,8,2,6999.91,0.0,13999.82,7794.86
ITEM0006590,ORD003160,PROD00297,CUST00700,20230713,8,2,10930.45,0.0,21860.9,12658.400000000001
ITEM0006591,ORD003160,PROD00097,CUST00700,20230713,8,4,1492.36,0.0,5969.44,1265.6799999999994
ITEM0006592,ORD003161,PROD00245,CUST00048,20240402,4,1,6215.91,0.03,6029.43,2232.4900000000002
ITEM0006593,ORD003161,PROD00257,CUST00048,20240402,4,1,1769.89,0.0,1769.89,-2483.3099999999995
ITEM0006594,ORD003162,PROD00041,CUST00770,20240321,10,4,3958.75,0.0,15835.0,6938.959999999999
ITEM0006595,ORD003163,PROD00214,CUST00988,20240807,9,1,8107.58,0.0,8107.58,3658.74
ITEM0006596,ORD003163,PROD00249,CUST00988,20240807,9,1,4279.09,0.0,4279.09,2277.3500000000004
ITEM0006597,ORD003164,PROD00274,CUST00740,20240518,5,1,5633.46,0.0,5633.46,1065.2799999999997
ITEM0006598,ORD003165,PROD00016,CUST00356,20240224,1,1,6005.27,0.0,6005.27,1394.3600000000006
ITEM0006599,ORD003165,PROD00290,CUST00356,20240224,1,1,1195.14,0.3,836.6,59.710000000000036
ITEM0006600,ORD003165,PROD00109,CUST00356,20240224,1,4,7944.57,0.0,31778.28,14263.199999999997
ITEM0006601,ORD003166,PROD00082,CUST00325,20240209,8,1,3992.96,0.0,3992.96,2224.75
ITEM0006602,ORD003167,PROD00269,CUST00792,20230402,10,3,2135.25,0.0,6405.75,3106.32
ITEM0006603,ORD003167,PROD00036,CUST00792,20230402,10,1,7308.78,0.0,7308.78,3739.1699999999996
ITEM0006604,ORD003168,PROD00224,CUST00489,20240525,10,1,8522.29,0.0,8522.29,4734.700000000001
ITEM0006605,ORD003169,PROD00257,CUST00063,20230602,3,1,2087.26,0.0,2087.26,-2165.9399999999996
ITEM0006606,ORD003170,PROD00197,CUST00129,20230810,7,2,8766.75,0.0,17533.5,10179.720000000001
ITEM0006607,ORD003171,PROD00258,CUST00229,20240329,4,1,5858.08,0.0,5858.08,3472.5299999999997
ITEM0006608,ORD003172,PROD00133,CUST00772,20240417,5,2,7313.64,0.0,14627.28,6731.700000000001
ITEM0006609,ORD003173,PROD00273,CUST00444,20230330,9,3,4432.81,0.16,11170.68,1728.5100000000002
ITEM0006610,ORD003173,PROD00235,CUST00444,20230330,9,1,1155.59,0.0,1155.59,671.1999999999999
ITEM0006611,ORD003174,PROD00039,CUST00377,20240505,2,4,6419.63,0.22,20029.25,776.5699999999997
ITEM0006612,ORD003175,PROD00020,CUST00026,20240830,1,1,7970.85,0.0,7970.85,4095.9300000000003
ITEM0006613,ORD003176,PROD00069,CUST00741,20240214,7,3,1529.5,0.14,3946.1,-8351.26
ITEM0006614,ORD003177,PROD00066,CUST00223,20230825,5,1,899.86,0.0,899.86,296.41999999999996
ITEM0006615,ORD003178,PROD00259,CUST00792,20230613,9,4,1489.83,0.13,5184.61,514.8899999999994
ITEM0006616,ORD003178,PROD00020,CUST00792,20230613,9,2,7970.85,0.0,15941.7,8191.860000000001
ITEM0006617,ORD003179,PROD00189,CUST00691,20240524,3,2,7636.65,0.06,14356.9,6676.0599999999995
ITEM0006618,ORD003179,PROD00152,CUST00691,20240524,3,2,1231.99,0.0,2463.98,1214.9
ITEM0006619,ORD003180,PROD00086,CUST00735,20230823,8,2,5791.83,0.0,11583.66,6351.72
ITEM0006620,ORD003180,PROD00292,CUST00735,20230823,8,1,5910.44,0.0,5910.44,2987.9799999999996
ITEM0006621,ORD003180,PROD00065,CUST00735,20230823,8,1,6570.64,0.0,6570.64,1731.5900000000001
ITEM0006622,ORD003180,PROD00126,CUST00735,20230823,8,1,10802.22,0.0,10802.22,5958.2699999999995
ITEM0006623,ORD003180,PROD00276,CUST00735,20230823,8,4,8701.77,0.08,32022.51,17650.829999999998
ITEM0006624,ORD003181,PROD00148,CUST00557,20230108,10,2,3870.28,0.0,7740.56,3884.0800000000004
ITEM0006625,ORD003181,PROD00069,CUST00557,20230108,10,1,1342.15,0.0,1342.15,-2756.97
ITEM0006626,ORD003182,PROD00238,CUST00761,20230729,8,4,7201.82,0.09,26214.62,12127.099999999999
ITEM0006627,ORD003182,PROD00262,CUST00761,20230729,8,2,1460.84,0.0,2921.68,1474.8999999999999
ITEM0006628,ORD003183,PROD00066,CUST00127,20241130,9,1,899.86,0.0,899.86,296.41999999999996
ITEM0006629,ORD003183,PROD00136,CUST00127,20241130,9,4,621.23,0.0,2484.92,1455.04
ITEM0006630,ORD003183,PROD00149,CUST00127,20241130,9,1,832.87,0.29,591.34,229.01000000000005
ITEM0006631,ORD003184,PROD00029,CUST00650,20240213,2,2,5799.72,0.11,10323.5,1746.3799999999992
ITEM0006632,ORD003185,PROD00146,CUST00476,20231003,4,1,504.1,0.0,504.1,274.63
ITEM0006633,ORD003186,PROD00191,CUST00117,20241124,8,1,4249.81,0.0,4249.81,1338.2900000000004
ITEM0006634,ORD003186,PROD00197,CUST00117,20241124,8,3,8766.75,0.0,26300.25,15269.58
ITEM0006635,ORD003186,PROD00083,CUST00117,20241124,8,1,9425.24,0.0,9425.24,5118.79
ITEM0006636,ORD003187,PROD00045,CUST00643,20241030,7,1,4706.05,0.0,4706.05,1730.3900000000003
ITEM0006637,ORD003187,PROD00092,CUST00643,20241030,7,3,1552.76,0.0,4658.28,2144.16
ITEM0006638,ORD003187,PROD00074,CUST00643,20241030,7,1,9420.21,0.0,9420.21,5096.919999999999
ITEM0006639,ORD003188,PROD00297,CUST00377,20230409,8,1,10930.45,0.0,10930.45,6329.200000000001
ITEM0006640,ORD003189,PROD00259,CUST00162,20241115,7,2,1489.83,0.08,2741.29,406.42999999999984
ITEM0006641,ORD003190,PROD00169,CUST00664,20230722,10,1,5358.09,0.05,5090.19,2716.7699999999995
ITEM0006642,ORD003190,PROD00002,CUST00664,20230722,10,4,231.58,0.24,704.0,154.91999999999996
ITEM0006643,ORD003191,PROD00229,CUST00539,20230516,9,3,726.54,0.0,2179.62,750.5999999999999
ITEM0006644,ORD003192,PROD00002,CUST00933,20240920,10,3,231.58,0.0,694.74,282.92999999999995
ITEM0006645,ORD003192,PROD00119,CUST00933,20240920,10,3,9197.85,0.0,27593.55,16400.67
ITEM0006646,ORD003193,PROD00121,CUST00217,20241124,2,3,11305.27,0.0,33915.81,19423.649999999998
ITEM0006647,ORD003194,PROD00162,CUST00384,20240606,10,1,3555.3,0.0,3555.3,1085.0700000000002
ITEM0006648,ORD003194,PROD00002,CUST00384,20240606,10,1,231.58,0.0,231.58,94.31
ITEM0006649,ORD003195,PROD00085,CUST00698,20230324,1,1,1960.53,0.0,1960.53,788.48
ITEM0006650,ORD003195,PROD00139,CUST00698,20230324,1,4,5962.8,0.27,17411.38,5958.780000000001
ITEM0006651,ORD003195,PROD00206,CUST00698,20230324,1,2,8632.13,0.0,17264.26,7932.539999999999
ITEM0006652,ORD003195,PROD00176,CUST00698,20230324,1,1,5492.71,0.0,5492.71,2178.71
ITEM0006653,ORD003196,PROD00119,CUST00654,20240219,1,1,9197.85,0.0,9197.85,5466.89
ITEM0006654,ORD003196,PROD00164,CUST00654,20240219,1,2,5504.82,0.11,9798.58,3550.42
ITEM0006655,ORD003197,PROD00185,CUST00483,20240303,2,1,2719.98,0.0,2719.98,1485.46
ITEM0006656,ORD003198,PROD00192,CUST00146,20230910,9,3,5116.05,0.21,12125.04,1845.960000000001
ITEM0006657,ORD003198,PROD00190,CUST00146,20230910,9,1,3528.69,0.1,3175.82,1502.14
ITEM0006658,ORD003199,PROD00257,CUST00541,20230825,6,1,2031.82,0.13,1767.68,-2485.5199999999995
ITEM0006659,ORD003199,PROD00246,CUST00541,20230825,6,2,8011.14,0.29,11375.82,3235.4399999999996
ITEM0006660,ORD003199,PROD00288,CUST00541,20230825,6,1,2790.22,0.0,2790.22,1564.3799999999999
ITEM0006661,ORD003199,PROD00284,CUST00541,20230825,6,1,1981.58,0.28,1426.74,195.3800000000001
ITEM0006662,ORD003199,PROD00084,CUST00541,20230825,6,1,7622.23,0.0,7622.23,4311.3099999999995
ITEM0006663,ORD003200,PROD00047,CUST00106,20230606,6,1,1589.57,0.0,1589.57,608.04
ITEM0006664,ORD003201,PROD00103,CUST00211,20231030,10,4,9136.07,0.0,36544.28,18351.76
ITEM0006665,ORD003201,PROD00217,CUST00211,20231030,10,1,260.84,0.25,195.63,-9.439999999999998
ITEM0006666,ORD003201,PROD00177,CUST00211,20231030,10,1,5446.6,0.2,4357.28,2005.8199999999997
ITEM0006667,ORD003202,PROD00297,CUST00345,20240921,10,2,10930.45,0.0,21860.9,12658.400000000001
ITEM0006668,ORD003202,PROD00238,CUST00345,20240921,10,2,7201.82,0.0,14403.64,7359.879999999999
ITEM0006669,ORD003202,PROD00042,CUST00345,20240921,10,1,8235.83,0.0,8235.83,4137.96
ITEM0006670,ORD003203,PROD00285,CUST00425,20231020,6,2,2757.81,0.0,5515.62,2953.3599999999997
ITEM0006671,ORD003203,PROD00177,CUST00425,20231020,6,1,5446.6,0.26,4030.48,1679.02
ITEM0006672,ORD003204,PROD00217,CUST00060,20240426,9,1,260.84,0.0,260.84,55.76999999999998
ITEM0006673,ORD003205,PROD00134,CUST00679,20230117,3,1,1127.73,0.0,1127.73,268.05000000000007
ITEM0006674,ORD003205,PROD00249,CUST00679,20230117,3,2,4279.09,0.0,8558.18,4554.700000000001
ITEM0006675,ORD003205,PROD00143,CUST00679,20230117,3,1,1075.34,0.0,1075.34,504.7299999999999
ITEM0006676,ORD003205,PROD00046,CUST00679,20230117,3,1,8988.77,0.25,6741.58,1984.7299999999996
ITEM0006677,ORD003206,PROD00034,CUST00700,20230815,3,1,2533.01,0.15,2153.06,448.1199999999999
ITEM0006678,ORD003206,PROD00175,CUST00700,20230815,3,1,8513.93,0.0,8513.93,3991.4300000000003
ITEM0006679,ORD003207,PROD00115,CUST00175,20230710,4,2,3250.57,0.0,6501.14,3030.5000000000005
ITEM0006680,ORD003207,PROD00129,CUST00175,20230710,4,1,2500.46,0.15,2125.39,537.53
ITEM0006681,ORD003207,PROD00204,CUST00175,20230710,4,1,3352.35,0.0,3352.35,1339.26
ITEM0006682,ORD003207,PROD00170,CUST00175,20230710,4,2,276.31,0.0,552.62,-4126.78
ITEM0006683,ORD003208,PROD00227,CUST00067,20240904,7,2,3250.8,0.0,6501.6,3223.1600000000003
ITEM0006684,ORD003208,PROD00005,CUST00067,20240904,7,1,246.43,0.0,246.43,70.33000000000001
ITEM0006685,ORD003209,PROD00036,CUST00618,20230204,1,1,7308.78,0.26,-5408.5,-8978.11
ITEM0006686,ORD003209,PROD00289,CUST00618,20230204,1,1,3097.21,0.0,3097.21,1796.98
ITEM0006687,ORD003209,PROD00054,CUST00618,20230204,1,4,5941.63,0.0,23766.52,12117.12
ITEM0006688,ORD003210,PROD00251,CUST00213,20240328,3,1,3365.3,0.0,3365.3,1990.8100000000002
ITEM0006689,ORD003210,PROD00059,CUST00213,20240328,3,1,11784.91,0.02,11549.21,6608.23
ITEM0006690,ORD003211,PROD00092,CUST00644,20240807,4,1,1552.76,0.0,1552.76,714.72
ITEM0006691,ORD003211,PROD00185,CUST00644,20240807,4,1,2719.98,0.0,2719.98,1485.46
ITEM0006692,ORD003211,PROD00274,CUST00644,20240807,4,3,5633.46,0.0,16900.38,3195.84
ITEM0006693,ORD003212,PROD00100,CUST00496,20230404,7,1,8661.69,0.0,8661.69,4965.460000000001
ITEM0006694,ORD003212,PROD00220,CUST00496,20230404,7,1,6168.69,0.18,5058.33,1550.67
ITEM0006695,ORD003213,PROD00255,CUST00100,20240522,7,2,7383.63,0.0,14767.26,8106.8
ITEM0006696,ORD003214,PROD00024,CUST00015,20230421,5,3,10115.71,0.0,30347.13,17631.15
ITEM0006697,ORD003214,PROD00123,CUST00015,20230421,5,1,2950.23,0.0,2950.23,1140.89
ITEM0006698,ORD003214,PROD00244,CUST00015,20230421,5,1,4549.33,0.23,3502.98,749.3899999999999
ITEM0006699,ORD003214,PROD00072,CUST00015,20230421,5,2,6999.91,0.0,13999.82,7794.86
ITEM0006700,ORD003215,PROD00177,CUST00446,20240304,10,1,5446.6,0.0,5446.6,3095.1400000000003
ITEM0006701,ORD003215,PROD00242,CUST00446,20240304,10,1,2496.43,0.02,2446.5,461.6500000000001
ITEM0006702,ORD003216,PROD00006,CUST00553,20230828,8,1,8153.69,0.0,8153.69,4035.5199999999995
ITEM0006703,ORD003216,PROD00111,CUST00553,20230828,8,1,5596.44,0.06,5260.65,2695.2299999999996
ITEM0006704,ORD003217,PROD00137,CUST00514,20230514,10,1,5635.51,0.0,5635.51,2413.9900000000002
ITEM0006705,ORD003217,PROD00207,CUST00514,20230514,10,3,6547.46,0.17,16303.18,7977.85
ITEM0006706,ORD003218,PROD00181,CUST00196,20240720,8,1,2887.17,0.05,2742.81,1372.6
ITEM0006707,ORD003219,PROD00262,CUST00542,20240830,9,4,1460.84,0.17,4849.99,1956.4299999999998
ITEM0006708,ORD003220,PROD00082,CUST00045,20231230,10,1,3992.96,0.0,3992.96,2224.75
ITEM0006709,ORD003221,PROD00053,CUST00405,20230211,3,1,7229.99,0.0,7229.99,4151.26
ITEM0006710,ORD003221,PROD00170,CUST00405,20230211,3,3,1717.77,0.28,3710.38,-3308.7199999999993
ITEM0006711,ORD003222,PROD00133,CUST00661,20240807,10,1,7313.64,0.0,7313.64,3365.8500000000004
ITEM0006712,ORD003223,PROD00137,CUST00170,20241017,5,1,5635.51,0.0,5635.51,2413.9900000000002
ITEM0006713,ORD003223,PROD00010,CUST00170,20241017,5,1,2259.53,0.0,2259.53,1308.3200000000002
ITEM0006714,ORD003224,PROD00203,CUST00542,20230915,7,1,477.27,0.21,377.04,166.58
ITEM0006715,ORD003225,PROD00138,CUST00399,20231231,1,1,10725.29,0.17,8901.99,4426.13
ITEM0006716,ORD003225,PROD00111,CUST00399,20231231,1,2,5596.44,0.0,11192.88,6062.039999999999
ITEM0006717,ORD003225,PROD00094,CUST00399,20231231,1,1,6449.58,0.0,6449.58,2762.77
ITEM0006718,ORD003225,PROD00286,CUST00399,20231231,1,3,945.94,0.25,2128.37,656.9299999999998
ITEM0006719,ORD003225,PROD00073,CUST00399,20231231,1,2,9071.35,0.0,18142.7,8879.08
ITEM0006720,ORD003226,PROD00086,CUST00047,20240713,4,1,5791.83,0.02,5675.99,3060.02
ITEM0006721,ORD003227,PROD00063,CUST00001,20240313,5,4,1083.33,0.0,4333.32,2369.8799999999997
ITEM0006722,ORD003227,PROD00117,CUST00001,20240313,5,2,498.3,0.0,996.6,593.48
ITEM0006723,ORD003228,PROD00113,CUST00283,20240327,8,1,3472.93,0.16,2917.26,1098.4300000000003
ITEM0006724,ORD003228,PROD00210,CUST00283,20240327,8,1,6680.3,0.0,6680.3,2578.16
ITEM0006725,ORD003229,PROD00107,CUST00084,20240312,3,1,6282.37,0.0,6282.37,1864.21
ITEM0006726,ORD003229,PROD00056,CUST00084,20240312,3,1,6326.27,0.06,5946.69,3403.2999999999997
ITEM0006727,ORD003230,PROD00189,CUST00836,20240811,7,1,7636.65,0.0,7636.65,3796.2299999999996
ITEM0006728,ORD003231,PROD00281,CUST00654,20230313,10,1,7979.23,0.0,7979.23,3968.0199999999995
ITEM0006729,ORD003231,PROD00267,CUST00654,20230313,10,1,3457.61,0.14,2973.54,225.3800000000001
ITEM0006730,ORD003232,PROD00107,CUST00322,20230506,9,3,6282.37,0.0,18847.11,5592.630000000001
ITEM0006731,ORD003232,PROD00050,CUST00322,20230506,9,4,5338.68,0.2,17083.78,2634.459999999999
ITEM0006732,ORD003233,PROD00067,CUST00732,20240301,7,3,996.38,0.0,2989.14,1143.6599999999999
ITEM0006733,ORD003234,PROD00080,CUST00768,20231120,1,3,862.91,0.0,2588.73,1184.1000000000001
ITEM0006734,ORD003235,PROD00052,CUST00809,20230717,9,3,1689.78,0.0,5069.34,1650.3599999999997
ITEM0006735,ORD003235,PROD00258,CUST00809,20230717,9,1,5858.08,0.0,5858.08,3472.5299999999997
ITEM0006736,ORD003235,PROD00045,CUST00809,20230717,9,4,4706.05,0.18,15435.84,3533.2000000000007
ITEM0006737,ORD003236,PROD00151,CUST00189,20230312,5,1,5518.05,0.0,5518.05,1305.9800000000005
ITEM0006738,ORD003237,PROD00220,CUST00573,20240119,1,4,6168.69,0.0,24674.76,10644.119999999999
ITEM0006739,ORD003238,PROD00190,CUST00582,20240914,10,1,3528.69,0.0,3528.69,1855.01
ITEM0006740,ORD003238,PROD00279,CUST00582,20240914,10,2,7168.01,0.0,14336.02,8595.080000000002
ITEM0006741,ORD003238,PROD00242,CUST00582,20240914,10,1,2496.43,0.0,2496.43,511.5799999999999
ITEM0006742,ORD003239,PROD00123,CUST00899,20230207,6,3,2950.23,0.0,8850.69,3422.670000000001
ITEM0006743,ORD003239,PROD00209,CUST00899,20230207,6,3,3816.19,0.0,11448.57,6230.82
ITEM0006744,ORD003240,PROD00071,CUST00854,20230816,10,2,534.87,0.0,1069.74,399.29999999999995
ITEM0006745,ORD003240,PROD00108,CUST00854,20230816,10,1,7407.37,0.17,6148.12,3137.49
ITEM0006746,ORD003240,PROD00197,CUST00854,20230816,10,1,8766.75,0.0,8766.75,5089.860000000001
ITEM0006747,ORD003241,PROD00145,CUST00495,20230320,1,1,5845.69,0.0,5845.69,3459.5799999999995
ITEM0006748,ORD003241,PROD00037,CUST00495,20230320,1,2,5435.74,0.0,10871.48,6398.08
ITEM0006749,ORD003242,PROD00174,CUST00872,20240903,4,1,4285.14,0.0,4285.14,2432.1800000000003
ITEM0006750,ORD003242,PROD00006,CUST00872,20240903,4,2,8153.69,0.0,16307.38,8071.039999999999
ITEM0006751,ORD003243,PROD00113,CUST00503,20230118,2,1,3472.93,0.0,3472.93,1654.1
ITEM0006752,ORD003243,PROD00015,CUST00503,20230118,2,2,5418.41,0.0,10836.82,3090.5
ITEM0006753,ORD003244,PROD00143,CUST00833,20230801,3,1,1075.34,0.0,1075.34,504.7299999999999
ITEM0006754,ORD003244,PROD00111,CUST00833,20230801,3,1,5596.44,0.0,5596.44,3031.0199999999995
ITEM0006755,ORD003245,PROD00033,CUST00044,20230519,10,2,1942.09,0.0,3884.18,1564.3799999999997
ITEM0006756,ORD003245,PROD00248,CUST00044,20230519,10,1,10128.22,0.0,10128.22,5478.24
ITEM0006757,ORD003246,PROD00089,CUST00894,20240504,2,1,781.78,0.0,781.78,141.79999999999995
ITEM0006758,ORD003246,PROD00006,CUST00894,20240504,2,2,8153.69,0.0,16307.38,8071.039999999999
ITEM0006759,ORD003247,PROD00238,CUST00395,20231224,3,2,7201.82,0.0,14403.64,7359.879999999999
ITEM0006760,ORD003247,PROD00259,CUST00395,20231224,3,1,1489.83,0.0,1489.83,322.39999999999986
ITEM0006761,ORD003247,PROD00275,CUST00395,20231224,3,3,5765.78,0.0,17297.34,9488.64
ITEM0006762,ORD003247,PROD00141,CUST00395,20231224,3,1,4481.31,0.0,4481.31,1665.3200000000006
ITEM0006763,ORD003248,PROD00084,CUST00070,20230419,3,1,7622.23,0.0,7622.23,4311.3099999999995
ITEM0006764,ORD003248,PROD00094,CUST00070,20230419,3,4,6449.58,0.02,25282.35,10535.109999999999
ITEM0006765,ORD003248,PROD00293,CUST00070,20230419,3,2,5361.88,0.0,10723.76,1934.9799999999996
ITEM0006766,ORD003249,PROD00189,CUST00398,20230302,10,3,7636.65,0.0,22909.95,11388.69
ITEM0006767,ORD003249,PROD00252,CUST00398,20230302,10,1,910.14,0.23,700.81,-45.370000000000005
ITEM0006768,ORD003249,PROD00145,CUST00398,20230302,10,1,5845.69,0.0,5845.69,3459.5799999999995
ITEM0006769,ORD003250,PROD00225,CUST00690,20240517,2,2,6042.7,0.0,12085.4,2174.199999999999
ITEM0006770,ORD003250,PROD00221,CUST00690,20240517,2,3,901.85,0.0,2705.55,706.4700000000003
ITEM0006771,ORD003251,PROD00197,CUST00084,20240709,2,1,8766.75,0.0,8766.75,5089.860000000001
ITEM0006772,ORD003252,PROD00165,CUST00630,20241126,10,2,1721.94,0.0,3443.88,1855.3600000000001
ITEM0006773,ORD003252,PROD00179,CUST00630,20241126,10,1,6055.62,0.01,5995.06,3524.7100000000005
ITEM0006774,ORD003252,PROD00186,CUST00630,20241126,10,3,1445.96,0.0,4337.88,2488.02
ITEM0006775,ORD003253,PROD00104,CUST00896,20240820,9,2,2043.03,0.19,3309.71,771.23
ITEM0006776,ORD003253,PROD00120,CUST00896,20240820,9,3,1288.16,0.0,3864.48,2252.16
ITEM0006777,ORD003254,PROD00063,CUST00807,20240315,3,2,1083.33,0.19,1754.99,773.27
ITEM0006778,ORD003254,PROD00193,CUST00807,20240315,3,1,9202.76,0.07,8558.57,4470.7699999999995
ITEM0006779,ORD003255,PROD00255,CUST00569,20240316,9,1,7383.63,0.0,7383.63,4053.4
ITEM0006780,ORD003255,PROD00020,CUST00569,20240316,9,1,7970.85,0.0,7970.85,4095.9300000000003
ITEM0006781,ORD003256,PROD00240,CUST00649,20240201,2,2,4510.78,0.0,9021.56,5056.619999999999
ITEM0006782,ORD003256,PROD00259,CUST00649,20240201,2,2,1489.83,0.22,2324.13,-10.730000000000018
ITEM0006783,ORD003257,PROD00282,CUST00032,20240103,6,1,3504.39,0.0,3504.39,1243.4
ITEM0006784,ORD003257,PROD00197,CUST00032,20240103,6,2,8766.75,0.29,12448.78,5095.000000000001
ITEM0006785,ORD003258,PROD00169,CUST00007,20240308,9,3,5358.09,0.0,16074.27,8954.01
ITEM0006786,ORD003259,PROD00136,CUST00260,20230114,5,1,621.23,0.0,621.23,363.76
ITEM0006787,ORD003259,PROD00018,CUST00260,20230114,5,3,2803.77,0.0,8411.31,2846.9399999999996
ITEM0006788,ORD003260,PROD00263,CUST00709,20230319,10,3,4979.64,0.0,14938.92,4996.050000000001
ITEM0006789,ORD003260,PROD00235,CUST00709,20230319,10,3,1155.59,0.0,3466.77,2013.6
ITEM0006790,ORD003260,PROD00176,CUST00709,20230319,10,3,5492.71,0.0,16478.13,6536.130000000001
ITEM0006791,ORD003260,PROD00215,CUST00709,20230319,10,2,379.53,0.03,736.29,127.23000000000002
ITEM0006792,ORD003261,PROD00273,CUST00280,20230830,7,1,4432.81,0.0,4432.81,1285.4200000000005
ITEM0006793,ORD003261,PROD00237,CUST00280,20230830,7,1,8123.36,0.28,5848.82,2196.7599999999998
ITEM0006794,ORD003262,PROD00245,CUST00840,20230131,7,2,6215.91,0.02,12183.18,4589.3
ITEM0006795,ORD003262,PROD00056,CUST00840,20230131,7,3,6326.27,0.0,18978.81,11348.640000000001
ITEM0006796,ORD003263,PROD00202,CUST00036,20240528,7,1,1016.59,0.27,742.11,64.26999999999998
ITEM0006797,ORD003264,PROD00059,CUST00443,20240212,10,4,11784.91,0.0,47139.64,27375.72
ITEM0006798,ORD003265,PROD00069,CUST00670,20240808,1,1,269.57,0.28,194.09,-3905.0299999999997
ITEM0006799,ORD003266,PROD00097,CUST00147,20231109,10,1,1492.36,0.18,1223.74,47.799999999999955
ITEM0006800,ORD003266,PROD00250,CUST00147,20231109,10,3,4610.44,0.07,12863.13,5749.65
ITEM0006801,ORD003267,PROD00114,CUST00184,20240317,6,2,2295.26,0.0,4590.52,820.4800000000005
ITEM0006802,ORD003268,PROD00105,CUST00416,20240410,7,1,3095.41,0.0,3095.41,1367.85
ITEM0006803,ORD003269,PROD00005,CUST00401,20230409,5,1,246.43,0.04,236.57,60.47
ITEM0006804,ORD003270,PROD00271,CUST00301,20240425,7,1,439.58,0.0,439.58,218.57999999999998
ITEM0006805,ORD003270,PROD00263,CUST00301,20240425,7,1,4979.64,0.0,4979.64,1665.3500000000004
ITEM0006806,ORD003270,PROD00223,CUST00301,20240425,7,2,2430.88,0.0,4861.76,2387.84
ITEM0006807,ORD003270,PROD00008,CUST00301,20240425,7,3,5338.8,0.0,16016.4,6657.269999999999
ITEM0006808,ORD003270,PROD00298,CUST00301,20240425,7,1,5321.16,0.08,4895.47,1380.5200000000004
ITEM0006809,ORD003271,PROD00286,CUST00133,20240201,10,1,945.94,0.27,690.54,200.05999999999995
ITEM0006810,ORD003271,PROD00222,CUST00133,20240201,10,2,3002.04,0.04,5763.92,2116.38
ITEM0006811,ORD003272,PROD00252,CUST00141,20240201,9,1,910.14,0.1,819.13,72.95000000000005
ITEM0006812,ORD003272,PROD00097,CUST00141,20240201,9,2,1492.36,0.0,2984.72,632.8399999999997
ITEM0006813,ORD003272,PROD00228,CUST00141,20240201,9,1,1263.16,0.0,1263.16,527.5500000000001
ITEM0006814,ORD003273,PROD00019,CUST00131,20240618,5,3,2406.67,0.16,6064.81,2915.5300000000007
ITEM0006815,ORD003273,PROD00102,CUST00131,20240618,5,1,6509.4,0.0,6509.4,3487.4599999999996
ITEM0006816,ORD003274,PROD00117,CUST00667,20240509,1,1,498.3,0.16,418.57,217.01
ITEM0006817,ORD003275,PROD00091,CUST00842,20240517,5,4,1302.09,0.0,5208.36,2489.16
ITEM0006818,ORD003275,PROD00162,CUST00842,20240517,5,4,3555.3,0.09,12941.29,3060.370000000001
ITEM0006819,ORD003276,PROD00286,CUST00212,20230516,2,2,945.94,0.0,1891.88,910.9200000000001
ITEM0006820,ORD003277,PROD00120,CUST00349,20230727,3,1,1288.16,0.02,1262.4,724.96
ITEM0006821,ORD003277,PROD00189,CUST00349,20230727,3,1,7636.65,0.0,7636.65,3796.2299999999996
ITEM0006822,ORD003277,PROD00283,CUST00349,20230727,3,1,7427.34,0.0,7427.34,2863.1000000000004
ITEM0006823,ORD003277,PROD00099,CUST00349,20230727,3,4,6088.4,0.0,24353.6,10243.159999999998
ITEM0006824,ORD003278,PROD00008,CUST00329,20240617,9,1,5338.8,0.08,4911.7,1791.9899999999998
ITEM0006825,ORD003279,PROD00086,CUST00185,20240408,2,1,5791.83,0.0,5791.83,3175.86
ITEM0006826,ORD003280,PROD00007,CUST00369,20241002,4,2,7518.69,0.22,11729.16,1799.4400000000005
ITEM0006827,ORD003280,PROD00281,CUST00369,20241002,4,2,7979.23,0.07,14841.37,6818.950000000001
ITEM0006828,ORD003280,PROD00174,CUST00369,20241002,4,1,4285.14,0.0,4285.14,2432.1800000000003
ITEM0006829,ORD003281,PROD00071,CUST00381,20231006,7,1,534.87,0.0,534.87,199.64999999999998
ITEM0006830,ORD003281,PROD00223,CUST00381,20231006,7,2,2430.88,0.0,4861.76,2387.84
ITEM0006831,ORD003281,PROD00215,CUST00381,20231006,7,1,379.53,0.0,379.53,75.0
ITEM0006832,ORD003281,PROD00001,CUST00381,20231006,7,2,9272.65,0.0,18545.3,9446.96
ITEM0006833,ORD003282,PROD00011,CUST00296,20230824,3,2,2615.05,0.16,4393.28,1929.7799999999997
ITEM0006834,ORD003282,PROD00031,CUST00296,20230824,3,1,4066.81,0.0,4066.81,1410.2399999999998
ITEM0006835,ORD003283,PROD00046,CUST00620,20230107,2,1,8988.77,0.0,8988.77,4231.92
ITEM0006836,ORD003284,PROD00287,CUST00812,20230422,5,3,6559.01,0.0,19677.03,9773.069999999998
ITEM0006837,ORD003284,PROD00002,CUST00812,20230422,5,1,231.58,0.25,173.68,36.41
ITEM0006838,ORD003284,PROD00262,CUST00812,20230422,5,1,1460.84,0.0,1460.84,737.4499999999999
ITEM0006839,ORD003284,PROD00239,CUST00812,20230422,5,1,467.33,0.13,406.58,202.26
ITEM0006840,ORD003284,PROD00029,CUST00812,20230422,5,2,5799.72,0.27,8467.59,-109.53000000000065
ITEM0006841,ORD003285,PROD00072,CUST00949,20240705,8,1,6999.91,0.27,5109.93,2007.4500000000003
ITEM0006842,ORD003286,PROD00247,CUST00864,20241128,8,1,7341.91,0.0,7341.91,3685.56
ITEM0006843,ORD003287,PROD00155,CUST00047,20231108,3,1,1532.82,0.28,1103.63,-1.1899999999998272
ITEM0006844,ORD003288,PROD00282,CUST00095,20230822,4,2,3504.39,0.21,5536.94,1014.96
ITEM0006845,ORD003289,PROD00192,CUST00515,20230324,2,3,5116.05,0.1,13813.34,3534.26
ITEM0006846,ORD003290,PROD00110,CUST00883,20230604,5,1,7163.14,0.3,5014.2,2134.5899999999997
ITEM0006847,ORD003290,PROD00201,CUST00883,20230604,5,1,3944.29,0.0,3944.29,1055.44
ITEM0006848,ORD003291,PROD00137,CUST00773,20240923,7,1,5635.51,0.25,4226.63,1005.1100000000001
ITEM0006849,ORD003292,PROD00150,CUST00996,20240407,5,1,290.6,0.29,206.33,77.16000000000003
ITEM0006850,ORD003293,PROD00032,CUST00515,20231104,9,2,301.12,0.22,469.75,-19.889999999999986
ITEM0006851,ORD003293,PROD00024,CUST00515,20231104,9,1,10115.71,0.0,10115.71,5877.049999999999
ITEM0006852,ORD003294,PROD00111,CUST00153,20241003,6,3,5596.44,0.0,16789.32,9093.06
ITEM0006853,ORD003295,PROD00137,CUST00335,20230727,2,2,5635.51,0.0,11271.02,4827.9800000000005
ITEM0006854,ORD003296,PROD00039,CUST00567,20230711,1,1,6419.63,0.23,4943.12,129.94999999999982
ITEM0006855,ORD003296,PROD00063,CUST00567,20230711,1,2,1083.33,0.08,1993.33,1011.6099999999999
ITEM0006856,ORD003297,PROD00264,CUST00754,20240721,9,1,8008.38,0.0,8008.38,4554.62
ITEM0006857,ORD003297,PROD00124,CUST00754,20240721,9,1,2025.14,0.0,2025.14,409.46000000000004
ITEM0006858,ORD003298,PROD00297,CUST00485,20240211,7,1,10930.45,0.2,8744.36,4143.110000000001
ITEM0006859,ORD003298,PROD00254,CUST00485,20240211,7,1,3623.42,0.12,3188.61,290.30999999999995
ITEM0006860,ORD003299,PROD00268,CUST00560,20240707,8,2,852.32,0.0,1704.64,745.3400000000001
ITEM0006861,ORD003299,PROD00096,CUST00560,20240707,8,1,4639.15,0.06,4360.8,2136.3300000000004
ITEM0006862,ORD003299,PROD00134,CUST00560,20240707,8,1,1127.73,0.0,1127.73,268.05000000000007
ITEM0006863,ORD003300,PROD00102,CUST00741,20230322,3,2,6509.4,0.0,13018.8,6974.919999999999
ITEM0006864,ORD003301,PROD00185,CUST00569,20240204,6,3,2719.98,0.0,8159.94,4456.379999999999
ITEM0006865,ORD003302,PROD00164,CUST00132,20240210,2,1,5504.82,0.0,5504.82,2380.74
ITEM0006866,ORD003303,PROD00284,CUST00810,20230921,5,1,1981.58,0.0,1981.58,750.22
ITEM0006867,ORD003304,PROD00201,CUST00285,20230325,5,2,3944.29,0.22,6153.09,375.3900000000003
ITEM0006868,ORD003304,PROD00220,CUST00285,20230325,5,1,6168.69,0.0,6168.69,2661.0299999999997
ITEM0006869,ORD003304,PROD00286,CUST00285,20230325,5,3,945.94,0.09,2582.42,1110.98
ITEM0006870,ORD003304,PROD00020,CUST00285,20230325,5,2,7970.85,0.18,13072.19,5322.35
ITEM0006871,ORD003305,PROD00289,CUST00361,20231110,8,1,3097.21,0.16,2601.66,1301.4299999999998
ITEM0006872,ORD003305,PROD00150,CUST00361,20231110,8,1,290.6,0.0,290.6,161.43000000000004
ITEM0006873,ORD003305,PROD00283,CUST00361,20231110,8,2,7427.34,0.16,12477.93,3349.4500000000007
ITEM0006874,ORD003305,PROD00080,CUST00361,20231110,8,1,862.91,0.15,733.47,265.26000000000005
ITEM0006875,ORD003305,PROD00204,CUST00361,20231110,8,2,3352.35,0.0,6704.7,2678.52
ITEM0006876,ORD003306,PROD00286,CUST00100,20240505,2,1,945.94,0.0,945.94,455.46000000000004
ITEM0006877,ORD003306,PROD00168,CUST00100,20240505,2,1,5760.76,0.24,4378.18,1006.4500000000003
ITEM0006878,ORD003306,PROD00100,CUST00100,20240505,2,1,8661.69,0.0,8661.69,4965.460000000001
ITEM0006879,ORD003307,PROD00260,CUST00805,20231011,10,1,8617.38,0.0,8617.38,4121.859999999999
ITEM0006880,ORD003308,PROD00121,CUST00030,20240423,2,2,11305.27,0.18,18540.64,8879.199999999999
ITEM0006881,ORD003308,PROD00211,CUST00030,20240423,2,1,1624.33,0.28,1169.52,-85.0
ITEM0006882,ORD003309,PROD00054,CUST00302,20230820,5,1,5941.63,0.0,5941.63,3029.28
ITEM0006883,ORD003309,PROD00189,CUST00302,20230820,5,1,7636.65,0.0,7636.65,3796.2299999999996
ITEM0006884,ORD003309,PROD00218,CUST00302,20230820,5,2,6300.23,0.0,12600.46,7165.439999999999
ITEM0006885,ORD003309,PROD00135,CUST00302,20230820,5,4,2086.2,0.03,8094.46,3838.62
ITEM0006886,ORD003310,PROD00010,CUST00834,20231231,9,1,2259.53,0.0,2259.53,1308.3200000000002
ITEM0006887,ORD003310,PROD00182,CUST00834,20231231,9,1,3616.25,0.28,2603.7,798.0299999999997
ITEM0006888,ORD003311,PROD00169,CUST00095,20240602,8,1,5358.09,0.0,5358.09,2984.67
ITEM0006889,ORD003311,PROD00048,CUST00095,20240602,8,1,1926.71,0.0,1926.71,624.6500000000001
ITEM0006890,ORD003312,PROD00100,CUST00376,20230429,10,1,8661.69,0.0,8661.69,4965.460000000001
ITEM0006891,ORD003312,PROD00245,CUST00376,20230429,10,1,6215.91,0.14,5345.68,1548.7400000000002
ITEM0006892,ORD003312,PROD00032,CUST00376,20230429,10,1,301.12,0.0,301.12,56.30000000000001
ITEM0006893,ORD003312,PROD00057,CUST00376,20230429,10,1,4595.24,0.09,4181.67,1863.02
ITEM0006894,ORD003313,PROD00234,CUST00941,20240323,4,1,9552.76,0.0,9552.76,5040.68
ITEM0006895,ORD003313,PROD00198,CUST00941,20240323,4,4,1516.26,0.0,6065.04,1938.3599999999997
ITEM0006896,ORD003313,PROD00285,CUST00941,20240323,4,2,2757.81,0.0,5515.62,2953.3599999999997
ITEM0006897,ORD003313,PROD00034,CUST00941,20240323,4,2,2533.01,0.0,5066.02,1656.1400000000003
ITEM0006898,ORD003313,PROD00173,CUST00941,20240323,4,1,2903.29,0.0,2903.29,-1520.5900000000001
ITEM0006899,ORD003314,PROD00166,CUST00220,20230804,2,2,7134.8,0.17,11843.77,4375.450000000001
ITEM0006900,ORD003314,PROD00091,CUST00220,20230804,2,2,1302.09,0.0,2604.18,1244.58
ITEM0006901,ORD003314,PROD00161,CUST00220,20230804,2,2,2894.21,0.0,5788.42,1239.0200000000004
ITEM0006902,ORD003314,PROD00054,CUST00220,20230804,2,1,5941.63,0.2,4753.3,1840.9500000000003
ITEM0006903,ORD003315,PROD00114,CUST00571,20230928,1,2,2295.26,0.0,4590.52,820.4800000000005
ITEM0006904,ORD003316,PROD00128,CUST00320,20230501,9,1,4199.76,0.0,4199.76,1536.15
ITEM0006905,ORD003316,PROD00088,CUST00320,20230501,9,3,4559.98,0.0,13679.94,3848.7000000000007
ITEM0006906,ORD003316,PROD00104,CUST00320,20230501,9,1,2043.03,0.19,1654.85,385.6099999999999
ITEM0006907,ORD003316,PROD00263,CUST00320,20230501,9,2,4979.64,0.0,9959.28,3330.7000000000007
ITEM0006908,ORD003316,PROD00118,CUST00320,20230501,9,1,8273.55,0.0,8273.55,3302.5199999999995
ITEM0006909,ORD003317,PROD00211,CUST00741,20240427,8,1,1624.33,0.0,1624.33,369.80999999999995
ITEM0006910,ORD003317,PROD00136,CUST00741,20240427,8,1,621.23,0.0,621.23,363.76
ITEM0006911,ORD003318,PROD00035,CUST00881,20240225,6,1,2576.9,0.0,2576.9,1165.71
ITEM0006912,ORD003319,PROD00057,CUST00166,20230523,9,1,4595.24,0.09,4181.67,1863.02
ITEM0006913,ORD003320,PROD00002,CUST00124,20230511,10,1,231.58,0.0,231.58,94.31
ITEM0006914,ORD003320,PROD00109,CUST00124,20230511,10,2,7944.57,0.0,15889.14,7131.5999999999985
ITEM0006915,ORD003321,PROD00159,CUST00169,20240704,8,1,198.83,0.0,198.83,98.66000000000001
ITEM0006916,ORD003322,PROD00300,CUST00726,20230925,4,2,1343.36,0.0,2686.72,1430.5599999999997
ITEM0006917,ORD003322,PROD00017,CUST00726,20230925,4,1,9163.85,0.0,9163.85,5466.42
ITEM0006918,ORD003323,PROD00096,CUST00660,20240104,10,2,4639.15,0.0,9278.3,4829.36
ITEM0006919,ORD003323,PROD00102,CUST00660,20240104,10,1,6509.4,0.0,6509.4,3487.4599999999996
ITEM0006920,ORD003323,PROD00251,CUST00660,20240104,10,1,3365.3,0.21,2658.59,1284.1000000000001
ITEM0006921,ORD003323,PROD00232,CUST00660,20240104,10,1,3144.6,0.0,3144.6,1610.4499999999998
ITEM0006922,ORD003323,PROD00166,CUST00660,20240104,10,2,7134.8,0.0,14269.6,6801.280000000001
ITEM0006923,ORD003324,PROD00193,CUST00411,20240216,7,2,9202.76,0.0,18405.52,10229.92
ITEM0006924,ORD003325,PROD00055,CUST00208,20230706,5,1,2678.2,0.0,2678.2,1021.0599999999997
ITEM0006925,ORD003325,PROD00210,CUST00208,20230706,5,1,6680.3,0.21,5277.44,1175.2999999999993
ITEM0006926,ORD003326,PROD00020,CUST00593,20231011,9,1,7970.85,0.0,7970.85,4095.9300000000003
ITEM0006927,ORD003326,PROD00170,CUST00593,20231011,9,1,2667.87,0.0,2667.87,328.1700000000001
ITEM0006928,ORD003326,PROD00120,CUST00593,20231011,9,1,1288.16,0.0,1288.16,750.72
ITEM0006929,ORD003327,PROD00139,CUST00101,20231226,3,1,5962.8,0.0,5962.8,3099.65
ITEM0006930,ORD003327,PROD00047,CUST00101,20231226,3,1,1589.57,0.0,1589.57,608.04
ITEM0006931,ORD003327,PROD00006,CUST00101,20231226,3,1,8153.69,0.06,7664.47,3546.3
ITEM0006932,ORD003327,PROD00146,CUST00101,20231226,3,2,504.1,0.0,1008.2,549.26
ITEM0006933,ORD003327,PROD00218,CUST00101,20231226,3,4,6300.23,0.0,25200.92,14330.879999999997
ITEM0006934,ORD003328,PROD00131,CUST00479,20230829,9,1,576.16,0.24,437.88,77.23000000000002
ITEM0006935,ORD003329,PROD00203,CUST00728,20240726,4,2,477.27,0.23,735.0,314.08
ITEM0006936,ORD003329,PROD00273,CUST00728,20240726,4,1,4432.81,0.0,4432.81,1285.4200000000005
ITEM0006937,ORD003329,PROD00240,CUST00728,20240726,4,1,4510.78,0.0,4510.78,2528.3099999999995
ITEM0006938,ORD003329,PROD00003,CUST00728,20240726,4,1,2902.0,0.0,2902.0,1490.72
ITEM0006939,ORD003329,PROD00263,CUST00728,20240726,4,1,4979.64,0.0,4979.64,1665.3500000000004
ITEM0006940,ORD003330,PROD00137,CUST00706,20230327,7,1,5635.51,0.0,5635.51,2413.9900000000002
ITEM0006941,ORD003331,PROD00145,CUST00727,20241002,6,3,5845.69,0.15,14906.51,7748.18
ITEM0006942,ORD003331,PROD00090,CUST00727,20241002,6,1,494.65,0.14,425.4,185.32999999999998
ITEM0006943,ORD003331,PROD00208,CUST00727,20241002,6,1,4099.5,0.14,3525.57,224.73000000000002
ITEM0006944,ORD003331,PROD00001,CUST00727,20241002,6,3,9272.65,0.0,27817.95,14170.44
ITEM0006945,ORD003332,PROD00290,CUST00588,20240526,4,1,1195.14,0.18,980.01,203.12
ITEM0006946,ORD003332,PROD00215,CUST00588,20240526,4,1,379.53,0.09,345.37,40.84000000000003
ITEM0006947,ORD003333,PROD00012,CUST00345,20240208,10,2,7089.43,0.0,14178.86,7790.740000000001
ITEM0006948,ORD003334,PROD00053,CUST00488,20240519,8,2,7229.99,0.0,14459.98,8302.52
ITEM0006949,ORD003334,PROD00107,CUST00488,20240519,8,1,6282.37,0.0,6282.37,1864.21
ITEM0006950,ORD003334,PROD00011,CUST00488,20240519,8,2,2615.05,0.23,4027.18,1563.6799999999998
ITEM0006951,ORD003334,PROD00224,CUST00488,20240519,8,2,8522.29,0.09,15510.57,7935.389999999999
ITEM0006952,ORD003335,PROD00067,CUST00214,20230315,5,1,996.38,0.0,996.38,381.22
ITEM0006953,ORD003335,PROD00275,CUST00214,20230315,5,1,5765.78,0.0,5765.78,3162.8799999999997
ITEM0006954,ORD003336,PROD00151,CUST00226,20231221,9,1,5518.05,0.18,4524.8,312.7300000000005
ITEM0006955,ORD003336,PROD00219,CUST00226,20231221,9,1,344.65,0.21,272.27,83.60999999999999
ITEM0006956,ORD003337,PROD00010,CUST00443,20230703,8,1,2259.53,0.0,2259.53,1308.3200000000002
ITEM0006957,ORD003337,PROD00219,CUST00443,20230703,8,2,344.65,0.2,551.44,174.12000000000006
ITEM0006958,ORD003338,PROD00029,CUST00831,20241126,8,1,5799.72,0.0,5799.72,1511.1599999999999
ITEM0006959,ORD003338,PROD00114,CUST00831,20241126,8,2,2295.26,0.0,4590.52,820.4800000000005
ITEM0006960,ORD003339,PROD00029,CUST00077,20230407,2,1,5799.72,0.24,4407.79,119.22999999999956
ITEM0006961,ORD003339,PROD00185,CUST00077,20230407,2,2,2719.98,0.0,5439.96,2970.92
ITEM0006962,ORD003340,PROD00228,CUST00290,20231112,3,3,1263.16,0.0,3789.48,1582.65
ITEM0006963,ORD003340,PROD00123,CUST00290,20231112,3,1,2950.23,0.0,2950.23,1140.89
ITEM0006964,ORD003340,PROD00059,CUST00290,20231112,3,2,11784.91,0.0,23569.82,13687.86
ITEM0006965,ORD003340,PROD00103,CUST00290,20231112,3,2,9136.07,0.16,15348.6,6252.34
ITEM0006966,ORD003341,PROD00299,CUST00777,20230610,2,1,10649.19,0.0,10649.19,6151.8
ITEM0006967,ORD003341,PROD00131,CUST00777,20230610,2,2,576.16,0.0,1152.32,431.02
ITEM0006968,ORD003341,PROD00193,CUST00777,20230610,2,4,9202.76,0.07,34234.27,17883.069999999996
ITEM0006969,ORD003342,PROD00026,CUST00974,20240621,7,1,992.19,0.0,992.19,518.26
ITEM0006970,ORD003342,PROD00245,CUST00974,20240621,7,1,6215.91,0.0,6215.91,2418.97
ITEM0006971,ORD003343,PROD00182,CUST00721,20240416,10,1,3616.25,0.0,3616.25,1810.58
ITEM0006972,ORD003343,PROD00251,CUST00721,20240416,10,2,3365.3,0.0,6730.6,3981.6200000000003
ITEM0006973,ORD003344,PROD00232,CUST00979,20240807,2,2,3144.6,0.0,6289.2,3220.8999999999996
ITEM0006974,ORD003345,PROD00149,CUST00466,20240126,10,1,832.87,0.15,707.94,345.61000000000007
ITEM0006975,ORD003345,PROD00186,CUST00466,20240126,10,3,1445.96,0.0,4337.88,2488.02
ITEM0006976,ORD003346,PROD00151,CUST00186,20240407,1,2,5518.05,0.0,11036.1,2611.960000000001
ITEM0006977,ORD003346,PROD00294,CUST00186,20240407,1,1,8182.59,0.03,7937.11,4086.1099999999997
ITEM0006978,ORD003347,PROD00273,CUST00470,20230718,3,1,4432.81,0.0,4432.81,1285.4200000000005
ITEM0006979,ORD003348,PROD00297,CUST00818,20240605,7,3,10930.45,0.07,30495.96,16692.21
ITEM0006980,ORD003348,PROD00061,CUST00818,20240605,7,4,4205.57,0.0,16822.28,3784.6799999999985
ITEM0006981,ORD003348,PROD00151,CUST00818,20240605,7,1,5518.05,0.0,5518.05,1305.9800000000005
ITEM0006982,ORD003348,PROD00133,CUST00818,20240605,7,4,7313.64,0.0,29254.56,13463.400000000001
ITEM0006983,ORD003349,PROD00102,CUST00636,20240107,8,3,6509.4,0.0,19528.2,10462.380000000001
ITEM0006984,ORD003349,PROD00137,CUST00636,20240107,8,1,5635.51,0.0,5635.51,2413.9900000000002
ITEM0006985,ORD003350,PROD00066,CUST00201,20240924,3,1,899.86,0.0,899.86,296.41999999999996
ITEM0006986,ORD003351,PROD00030,CUST00344,20241128,5,2,4937.89,0.0,9875.78,4933.460000000001
ITEM0006987,ORD003352,PROD00015,CUST00641,20240729,3,1,5418.41,0.09,4930.75,1057.5900000000001
ITEM0006988,ORD003353,PROD00044,CUST00521,20240310,6,2,5424.36,0.0,10848.72,6244.5599999999995
ITEM0006989,ORD003354,PROD00131,CUST00773,20240306,2,1,576.16,0.0,576.16,215.51
ITEM0006990,ORD003355,PROD00134,CUST00965,20230725,6,1,1127.73,0.0,1127.73,268.05000000000007
ITEM0006991,ORD003355,PROD00222,CUST00965,20230725,6,1,3002.04,0.25,2251.53,427.7600000000002
ITEM0006992,ORD003355,PROD00109,CUST00965,20230725,6,1,7944.57,0.0,7944.57,3565.7999999999993
ITEM0006993,ORD003355,PROD00116,CUST00965,20230725,6,2,3835.95,0.0,7671.9,2725.2199999999993
ITEM0006994,ORD003355,PROD00137,CUST00965,20230725,6,1,5635.51,0.0,5635.51,2413.9900000000002
ITEM0006995,ORD003356,PROD00165,CUST00850,20231028,4,2,1721.94,0.0,3443.88,1855.3600000000001
ITEM0006996,ORD003357,PROD00073,CUST00905,20231006,8,1,9071.35,0.16,7619.93,2988.12
ITEM0006997,ORD003358,PROD00204,CUST00674,20240519,7,1,3352.35,0.13,2916.54,903.45
ITEM0006998,ORD003358,PROD00066,CUST00674,20240519,7,4,899.86,0.0,3599.44,1185.6799999999998
ITEM0006999,ORD003359,PROD00070,CUST00531,20231209,8,2,6693.56,0.0,13387.12,4680.58
ITEM0007000,ORD003360,PROD00248,CUST00272,20241010,8,2,10128.22,0.0,20256.44,10956.48
ITEM0007001,ORD003360,PROD00292,CUST00272,20241010,8,1,5910.44,0.0,5910.44,2987.9799999999996
ITEM0007002,ORD003361,PROD00029,CUST00875,20231009,8,2,5799.72,0.21,9163.56,586.4399999999987
ITEM0007003,ORD003361,PROD00267,CUST00875,20231009,8,1,3457.61,0.0,3457.61,709.4500000000003
ITEM0007004,ORD003361,PROD00295,CUST00875,20231009,8,1,895.09,0.29,635.51,-83.84000000000003
ITEM0007005,ORD003362,PROD00260,CUST00025,20230917,6,2,8617.38,0.0,17234.76,8243.719999999998
ITEM0007006,ORD003363,PROD00085,CUST00743,20240726,5,3,1960.53,0.0,5881.59,2365.4400000000005
ITEM0007007,ORD003364,PROD00252,CUST00658,20230821,10,1,910.14,0.0,910.14,163.96000000000004
ITEM0007008,ORD003364,PROD00099,CUST00658,20230821,10,1,6088.4,0.0,6088.4,2560.7899999999995
ITEM0007009,ORD003364,PROD00244,CUST00658,20230821,10,1,4549.33,0.0,4549.33,1795.7399999999998
ITEM0007010,ORD003365,PROD00202,CUST00568,20231014,1,1,1016.59,0.0,1016.59,338.75
ITEM0007011,ORD003365,PROD00283,CUST00568,20231014,1,2,7427.34,0.0,14854.68,5726.200000000001
ITEM0007012,ORD003366,PROD00272,CUST00222,20240628,4,1,7587.4,0.0,7587.4,3090.1799999999994
ITEM0007013,ORD003367,PROD00228,CUST00739,20230711,10,1,1263.16,0.0,1263.16,527.5500000000001
ITEM0007014,ORD003368,PROD00220,CUST00714,20230213,5,3,6168.69,0.0,18506.07,7983.09
ITEM0007015,ORD003368,PROD00153,CUST00714,20230213,5,3,4010.2,0.0,12030.6,4653.030000000001
ITEM0007016,ORD003368,PROD00091,CUST00714,20230213,5,1,1302.09,0.17,1080.73,400.93000000000006
ITEM0007017,ORD003369,PROD00133,CUST00991,20230226,5,4,7313.64,0.0,29254.56,13463.400000000001
ITEM0007018,ORD003369,PROD00228,CUST00991,20230226,5,1,1263.16,0.0,1263.16,527.5500000000001
ITEM0007019,ORD003369,PROD00235,CUST00991,20230226,5,1,1155.59,0.0,1155.59,671.1999999999999
ITEM0007020,ORD003370,PROD00041,CUST00831,20230630,5,2,3958.75,0.19,6413.18,1965.1599999999999
ITEM0007021,ORD003371,PROD00019,CUST00370,20240222,9,2,2406.67,0.0,4813.34,2713.82
ITEM0007022,ORD003372,PROD00121,CUST00207,20230730,5,3,11305.27,0.16,28489.28,13997.119999999999
ITEM0007023,ORD003373,PROD00220,CUST00885,20240208,7,1,6168.69,0.0,6168.69,2661.0299999999997
ITEM0007024,ORD003373,PROD00102,CUST00885,20240208,7,1,6509.4,0.14,5598.08,2576.14
ITEM0007025,ORD003374,PROD00041,CUST00202,20240512,10,2,3958.75,0.05,7521.62,3073.5999999999995
ITEM0007026,ORD003374,PROD00174,CUST00202,20240512,10,4,4285.14,0.0,17140.56,9728.720000000001
ITEM0007027,ORD003375,PROD00050,CUST00726,20230224,10,1,5338.68,0.0,5338.68,1726.3500000000004
ITEM0007028,ORD003376,PROD00051,CUST00644,20230703,8,4,8693.03,0.0,34772.12,16756.72
ITEM0007029,ORD003376,PROD00297,CUST00644,20230703,8,2,10930.45,0.25,16395.68,7193.18
ITEM0007030,ORD003377,PROD00150,CUST00118,20231202,7,1,290.6,0.11,258.63,129.46
ITEM0007031,ORD003378,PROD00259,CUST00580,20240502,8,2,1489.83,0.0,2979.66,644.7999999999997
ITEM0007032,ORD003378,PROD00227,CUST00580,20240502,8,2,3250.8,0.01,6436.58,3158.14
ITEM0007033,ORD003379,PROD00280,CUST00090,20240313,5,2,4625.83,0.0,9251.66,4954.48
ITEM0007034,ORD003380,PROD00287,CUST00723,20231004,8,1,6559.01,0.0,6559.01,3257.69
ITEM0007035,ORD003381,PROD00280,CUST00776,20241115,3,1,4625.83,0.2,3700.66,1552.0699999999997
ITEM0007036,ORD003382,PROD00061,CUST00482,20240624,6,1,4205.57,0.0,4205.57,946.1699999999996
ITEM0007037,ORD003382,PROD00051,CUST00482,20240624,6,1,8693.03,0.0,8693.03,4189.18
ITEM0007038,ORD003382,PROD00017,CUST00482,20240624,6,1,9163.85,0.1,8247.46,4550.029999999999
ITEM0007039,ORD003382,PROD00015,CUST00482,20240624,6,3,5418.41,0.23,12516.53,897.0500000000011
ITEM0007040,ORD003382,PROD00175,CUST00482,20240624,6,2,8513.93,0.0,17027.86,7982.860000000001
ITEM0007041,ORD003383,PROD00236,CUST00965,20241127,2,1,2661.51,0.0,2661.51,1431.88
ITEM0007042,ORD003384,PROD00069,CUST00884,20230408,4,2,1451.02,0.0,2902.03,-5296.209999999999
ITEM0007043,ORD003384,PROD00265,CUST00884,20230408,4,1,4207.25,0.02,4123.1,1311.4000000000005
ITEM0007044,ORD003385,PROD00208,CUST00613,20240108,10,1,4099.5,0.0,4099.5,798.6599999999999
ITEM0007045,ORD003385,PROD00075,CUST00613,20240108,10,3,6662.95,0.2,15991.08,6328.59
ITEM0007046,ORD003386,PROD00191,CUST00511,20240911,7,2,4249.81,0.0,8499.62,2676.580000000001
ITEM0007047,ORD003386,PROD00282,CUST00511,20240911,7,1,3504.39,0.21,2768.47,507.48
ITEM0007048,ORD003387,PROD00288,CUST00502,20230112,10,2,2790.22,0.0,5580.44,3128.7599999999998
ITEM0007049,ORD003387,PROD00192,CUST00502,20230112,10,1,5116.05,0.0,5116.05,1689.69
ITEM0007050,ORD003388,PROD00115,CUST00373,20241018,2,1,3250.57,0.0,3250.57,1515.2500000000002
ITEM0007051,ORD003389,PROD00021,CUST00541,20240410,4,1,6443.82,0.26,4768.43,1593.9800000000005
ITEM0007052,ORD003390,PROD00144,CUST00525,20231003,4,2,9953.38,0.02,19508.62,10146.8
ITEM0007053,ORD003391,PROD00253,CUST00219,20240418,7,1,791.63,0.0,791.63,272.5
ITEM0007054,ORD003391,PROD00221,CUST00219,20240418,7,1,901.85,0.28,649.33,-17.029999999999973
ITEM0007055,ORD003392,PROD00062,CUST00899,20231026,5,2,5673.89,0.0,11347.78,4059.9000000000005
ITEM0007056,ORD003393,PROD00296,CUST00194,20230111,2,1,1188.71,0.0,1188.71,270.73
ITEM0007057,ORD003393,PROD00056,CUST00194,20230111,2,1,6326.27,0.07,5883.43,3340.0400000000004
ITEM0007058,ORD003393,PROD00040,CUST00194,20230111,2,1,3631.49,0.15,3086.77,1460.0
ITEM0007059,ORD003394,PROD00011,CUST00805,20241110,7,1,2615.05,0.0,2615.05,1383.3000000000002
ITEM0007060,ORD003394,PROD00170,CUST00805,20241110,7,2,2429.01,0.0,4858.02,178.6200000000008
ITEM0007061,ORD003394,PROD00222,CUST00805,20241110,7,1,3002.04,0.0,3002.04,1178.27
ITEM0007062,ORD003395,PROD00125,CUST00505,20240314,9,3,5694.29,0.0,17082.87,4520.549999999999
ITEM0007063,ORD003396,PROD00180,CUST00911,20231001,1,1,7030.69,0.2,5624.55,2701.96
ITEM0007064,ORD003396,PROD00153,CUST00911,20231001,1,1,4010.2,0.0,4010.2,1551.0099999999998
ITEM0007065,ORD003397,PROD00261,CUST00025,20230809,4,1,2154.14,0.0,2154.14,1173.1
ITEM0007066,ORD003397,PROD00109,CUST00025,20230809,4,1,7944.57,0.0,7944.57,3565.7999999999993
ITEM0007067,ORD003397,PROD00054,CUST00025,20230809,4,2,5941.63,0.1,-10694.93,-16519.63
ITEM0007068,ORD003398,PROD00176,CUST00006,20240322,6,3,5492.71,0.23,12688.16,2746.16
ITEM0007069,ORD003399,PROD00264,CUST00163,20240106,4,3,8008.38,0.24,18259.11,7897.83
ITEM0007070,ORD003399,PROD00275,CUST00163,20240106,4,1,5765.78,0.0,5765.78,3162.8799999999997
ITEM0007071,ORD003399,PROD00246,CUST00163,20240106,4,2,8011.14,0.15,13618.94,5478.56
ITEM0007072,ORD003399,PROD00282,CUST00163,20240106,4,1,3504.39,0.09,3188.99,928.0
ITEM0007073,ORD003399,PROD00089,CUST00163,20240106,4,4,781.78,0.0,3127.12,567.1999999999998
ITEM0007074,ORD003400,PROD00205,CUST00675,20240904,10,3,6283.38,0.0,18850.14,4318.859999999999
ITEM0007075,ORD003400,PROD00172,CUST00675,20240904,10,3,734.93,0.0,2204.79,1278.0900000000001
ITEM0007076,ORD003401,PROD00211,CUST00933,20230619,4,1,1624.33,0.0,1624.33,369.80999999999995
ITEM0007077,ORD003402,PROD00219,CUST00031,20230908,8,1,344.65,0.0,344.65,155.98999999999998
ITEM0007078,ORD003402,PROD00033,CUST00031,20230908,8,1,1942.09,0.23,1495.41,335.51
ITEM0007079,ORD003402,PROD00158,CUST00031,20230908,8,2,8138.6,0.0,16277.2,8182.160000000001
ITEM0007080,ORD003403,PROD00160,CUST00824,20230303,3,1,1750.19,0.15,1487.66,176.35000000000014
ITEM0007081,ORD003403,PROD00117,CUST00824,20230303,3,2,498.3,0.0,996.6,593.48
ITEM0007082,ORD003404,PROD00066,CUST00888,20230530,10,1,899.86,0.17,746.88,143.43999999999994
ITEM0007083,ORD003405,PROD00240,CUST00023,20230105,5,2,4510.78,0.0,9021.56,5056.619999999999
ITEM0007084,ORD003405,PROD00241,CUST00023,20230105,5,2,708.58,0.09,1289.61,-7285.21
ITEM0007085,ORD003406,PROD00012,CUST00777,20230209,7,1,7089.43,0.0,7089.43,3895.3700000000003
ITEM0007086,ORD003406,PROD00032,CUST00777,20230209,7,2,301.12,0.0,-602.24,-1091.88
ITEM0007087,ORD003406,PROD00275,CUST00777,20230209,7,1,5765.78,0.0,5765.78,3162.8799999999997
ITEM0007088,ORD003407,PROD00153,CUST00896,20240625,2,2,4010.2,0.15,6817.34,1898.96
ITEM0007089,ORD003408,PROD00056,CUST00305,20231221,9,2,6326.27,0.0,12652.54,7565.760000000001
ITEM0007090,ORD003408,PROD00103,CUST00305,20231221,9,1,9136.07,0.0,9136.07,4587.94
ITEM0007091,ORD003409,PROD00213,CUST00775,20240330,8,3,9402.56,0.0,28207.68,13944.029999999999
ITEM0007092,ORD003409,PROD00190,CUST00775,20240330,8,1,3528.69,0.0,3528.69,1855.01
ITEM0007093,ORD003409,PROD00186,CUST00775,20240330,8,1,1445.96,0.0,1445.96,829.34
ITEM0007094,ORD003410,PROD00065,CUST00851,20231005,6,1,6570.64,0.0,-6570.64,-11409.69
ITEM0007095,ORD003410,PROD00187,CUST00851,20231005,6,4,6641.17,0.0,26564.68,11350.720000000001
ITEM0007096,ORD003411,PROD00045,CUST00879,20240119,2,1,4706.05,0.0,4706.05,1730.3900000000003
ITEM0007097,ORD003411,PROD00289,CUST00879,20240119,2,1,3097.21,0.0,3097.21,1796.98
ITEM0007098,ORD003412,PROD00210,CUST00892,20240611,3,1,6680.3,0.0,6680.3,2578.16
ITEM0007099,ORD003413,PROD00151,CUST00517,20230411,6,1,5518.05,0.0,5518.05,1305.9800000000005
ITEM0007100,ORD003413,PROD00163,CUST00517,20230411,6,1,2745.97,0.0,2745.97,1370.6399999999999
ITEM0007101,ORD003413,PROD00192,CUST00517,20230411,6,2,5116.05,0.2,8185.68,1332.96
ITEM0007102,ORD003414,PROD00016,CUST00803,20240624,9,2,6005.27,0.0,12010.54,2788.720000000001
ITEM0007103,ORD003415,PROD00194,CUST00250,20230212,1,2,535.55,0.26,792.61,355.03000000000003
ITEM0007104,ORD003415,PROD00194,CUST00250,20230212,1,1,535.55,0.0,535.55,316.76
ITEM0007105,ORD003416,PROD00013,CUST00866,20231203,5,1,10508.19,0.0,10508.19,5916.530000000001
ITEM0007106,ORD003417,PROD00113,CUST00845,20230116,5,2,3472.93,0.0,6945.86,3308.2
ITEM0007107,ORD003417,PROD00120,CUST00845,20230116,5,2,1288.16,0.01,2550.56,1475.6799999999998
ITEM0007108,ORD003418,PROD00057,CUST00523,20230201,10,2,4595.24,0.0,9190.48,4553.179999999999
ITEM0007109,ORD003419,PROD00276,CUST00244,20230212,6,1,8701.77,0.0,8701.77,5108.85
ITEM0007110,ORD003420,PROD00272,CUST00616,20231227,4,1,7587.4,0.0,7587.4,3090.1799999999994
ITEM0007111,ORD003420,PROD00263,CUST00616,20231227,4,1,4979.64,0.0,4979.64,1665.3500000000004
ITEM0007112,ORD003421,PROD00045,CUST00775,20240603,3,1,4706.05,0.02,4611.93,1636.2700000000004
ITEM0007113,ORD003421,PROD00099,CUST00775,20240603,3,2,6088.4,0.27,8889.06,1833.8399999999992
ITEM0007114,ORD003422,PROD00293,CUST00787,20240402,8,1,5361.88,0.12,4718.45,324.0599999999995
ITEM0007115,ORD003423,PROD00131,CUST00291,20240114,2,1,576.16,0.2,460.93,100.28000000000003
ITEM0007116,ORD003424,PROD00155,CUST00832,20240823,4,1,1532.82,0.0,1532.82,428.0
ITEM0007117,ORD003424,PROD00211,CUST00832,20240823,4,1,1624.33,0.0,1624.33,369.80999999999995
ITEM0007118,ORD003425,PROD00107,CUST00728,20230305,5,2,6282.37,0.0,12564.74,3728.42
ITEM0007119,ORD003425,PROD00046,CUST00728,20230305,5,3,8988.77,0.0,26966.31,12695.76
ITEM0007120,ORD003425,PROD00237,CUST00728,20230305,5,1,8123.36,0.0,8123.36,4471.299999999999
ITEM0007121,ORD003425,PROD00157,CUST00728,20230305,5,1,2525.54,0.0,2525.54,951.1700000000001
ITEM0007122,ORD003425,PROD00206,CUST00728,20230305,5,1,8632.13,0.0,8632.13,3966.2699999999995
ITEM0007123,ORD003426,PROD00159,CUST00583,20231114,7,1,198.83,0.0,198.83,98.66000000000001
ITEM0007124,ORD003427,PROD00249,CUST00437,20240322,3,1,4279.09,0.0,4279.09,2277.3500000000004
ITEM0007125,ORD003428,PROD00253,CUST00158,20230501,6,4,791.63,0.0,3166.52,1090.0
ITEM0007126,ORD003429,PROD00138,CUST00442,20240406,8,1,10725.29,0.0,10725.29,6249.430000000001
ITEM0007127,ORD003430,PROD00228,CUST00802,20230507,3,3,1263.16,0.0,-3789.48,-5996.3099999999995
ITEM0007128,ORD003430,PROD00290,CUST00802,20230507,3,2,1195.14,0.05,2270.77,716.99
ITEM0007129,ORD003430,PROD00013,CUST00802,20230507,3,2,10508.19,0.0,21016.38,11833.060000000001
ITEM0007130,ORD003431,PROD00214,CUST00370,20240211,4,4,8107.58,0.0,32430.32,14634.96
ITEM0007131,ORD003432,PROD00258,CUST00207,20241004,5,3,5858.08,0.0,17574.24,10417.59
ITEM0007132,ORD003433,PROD00229,CUST00984,20231017,6,2,726.54,0.21,1147.93,195.2500000000001
ITEM0007133,ORD003433,PROD00120,CUST00984,20231017,6,3,1288.16,0.26,2859.72,1247.3999999999996
ITEM0007134,ORD003433,PROD00184,CUST00984,20231017,6,2,1498.15,0.0,2996.3,1755.3400000000001
ITEM0007135,ORD003434,PROD00111,CUST00987,20240929,6,2,5596.44,0.0,11192.88,6062.039999999999
ITEM0007136,ORD003435,PROD00012,CUST00435,20230506,9,2,7089.43,0.08,13044.55,6656.429999999999
ITEM0007137,ORD003436,PROD00276,CUST00425,20240229,9,1,8701.77,0.0,8701.77,5108.85
ITEM0007138,ORD003436,PROD00014,CUST00425,20240229,9,1,1451.31,0.17,1204.59,106.14999999999986
ITEM0007139,ORD003437,PROD00171,CUST00094,20240817,1,1,546.18,0.02,535.26,268.25
ITEM0007140,ORD003437,PROD00240,CUST00094,20240817,1,4,4510.78,0.11,16058.38,8128.499999999999
ITEM0007141,ORD003438,PROD00271,CUST00091,20240430,6,2,439.58,0.14,756.08,314.08000000000004
ITEM0007142,ORD003439,PROD00081,CUST00641,20230406,10,1,2624.19,0.0,2624.19,1465.13
ITEM0007143,ORD003439,PROD00254,CUST00641,20230406,10,1,3623.42,0.02,3550.95,652.6499999999996
ITEM0007144,ORD003440,PROD00149,CUST00798,20230217,10,1,832.87,0.21,657.97,295.64000000000004
ITEM0007145,ORD003441,PROD00038,CUST00537,20230206,10,4,1983.28,0.11,7060.48,3270.4799999999996
ITEM0007146,ORD003441,PROD00163,CUST00537,20230206,10,1,2745.97,0.0,2745.97,1370.6399999999999
ITEM0007147,ORD003441,PROD00225,CUST00537,20230206,10,2,6042.7,0.1,10876.86,965.6599999999999
ITEM0007148,ORD003442,PROD00063,CUST00696,20241023,1,3,1083.33,0.0,3249.99,1777.4099999999999
ITEM0007149,ORD003442,PROD00195,CUST00696,20241023,1,1,9608.14,0.0,9608.14,5539.099999999999
ITEM0007150,ORD003442,PROD00107,CUST00696,20241023,1,1,6282.37,0.29,4460.48,42.31999999999971
ITEM0007151,ORD003442,PROD00156,CUST00696,20241023,1,1,1816.09,0.29,1289.42,521.0500000000001
ITEM0007152,ORD003443,PROD00300,CUST00612,20230721,2,2,1343.36,0.0,2686.72,1430.5599999999997
ITEM0007153,ORD003443,PROD00211,CUST00612,20230721,2,1,1624.33,0.0,1624.33,369.80999999999995
ITEM0007154,ORD003444,PROD00240,CUST00416,20230615,5,1,4510.78,0.0,4510.78,2528.3099999999995
ITEM0007155,ORD003445,PROD00007,CUST00964,20230811,10,1,7518.69,0.15,6390.89,1426.0300000000007
ITEM0007156,ORD003445,PROD00218,CUST00964,20230811,10,1,6300.23,0.0,6300.23,3582.7199999999993
ITEM0007157,ORD003446,PROD00247,CUST00686,20241112,4,1,7341.91,0.0,7341.91,3685.56
ITEM0007158,ORD003446,PROD00002,CUST00686,20241112,4,1,231.58,0.02,226.95,89.67999999999998
ITEM0007159,ORD003446,PROD00247,CUST00686,20241112,4,1,7341.91,0.0,7341.91,3685.56
ITEM0007160,ORD003446,PROD00242,CUST00686,20241112,4,1,2496.43,0.0,2496.43,511.5799999999999
ITEM0007161,ORD003446,PROD00093,CUST00686,20241112,4,2,3802.74,0.11,6768.88,2243.74
ITEM0007162,ORD003447,PROD00149,CUST00546,20240727,10,3,832.87,0.01,2473.62,1386.6299999999999
ITEM0007163,ORD003447,PROD00023,CUST00546,20240727,10,1,3506.84,0.3,2454.79,970.72
ITEM0007164,ORD003447,PROD00128,CUST00546,20240727,10,2,4199.76,0.0,8399.52,3072.3
ITEM0007165,ORD003448,PROD00120,CUST00102,20240616,7,3,1288.16,0.08,3555.32,1943.0
ITEM0007166,ORD003448,PROD00249,CUST00102,20240616,7,1,4279.09,0.0,4279.09,2277.3500000000004
ITEM0007167,ORD003449,PROD00200,CUST00757,20230519,1,3,7131.42,0.09,19468.78,7385.319999999998
ITEM0007168,ORD003449,PROD00246,CUST00757,20230519,1,1,8011.14,0.0,8011.14,3940.9500000000003
ITEM0007169,ORD003449,PROD00148,CUST00757,20230519,1,4,3870.28,0.0,15481.12,7768.160000000001
ITEM0007170,ORD003450,PROD00230,CUST00191,20231029,7,2,8026.94,0.0,16053.88,8942.38
ITEM0007171,ORD003450,PROD00047,CUST00191,20231029,7,1,1589.57,0.0,1589.57,608.04
ITEM0007172,ORD003451,PROD00288,CUST00282,20231111,1,1,2790.22,0.0,2790.22,1564.3799999999999
ITEM0007173,ORD003451,PROD00234,CUST00282,20231111,1,1,9552.76,0.0,9552.76,5040.68
ITEM0007174,ORD003452,PROD00022,CUST00614,20240521,7,1,1547.99,0.07,1439.63,796.0700000000002
ITEM0007175,ORD003452,PROD00300,CUST00614,20240521,7,1,1343.36,0.0,1343.36,715.2799999999999
ITEM0007176,ORD003453,PROD00119,CUST00096,20240614,9,4,9197.85,0.02,36055.57,21131.73
ITEM0007177,ORD003453,PROD00267,CUST00096,20240614,9,2,3457.61,0.03,6707.76,1211.4400000000005
ITEM0007178,ORD003453,PROD00173,CUST00096,20240614,9,2,1598.38,0.27,2333.64,-6514.120000000001
ITEM0007179,ORD003453,PROD00120,CUST00096,20240614,9,1,1288.16,0.0,1288.16,750.72
ITEM0007180,ORD003453,PROD00193,CUST00096,20240614,9,2,9202.76,0.0,18405.52,10229.92
ITEM0007181,ORD003454,PROD00219,CUST00398,20231115,9,2,344.65,0.0,689.3,311.97999999999996
ITEM0007182,ORD003455,PROD00178,CUST00836,20240129,10,1,7985.04,0.0,7985.04,4658.66
ITEM0007183,ORD003455,PROD00077,CUST00836,20240129,10,3,7101.66,0.0,21304.98,9647.099999999999
ITEM0007184,ORD003455,PROD00101,CUST00836,20240129,10,1,1373.9,0.0,1373.9,435.8600000000001
ITEM0007185,ORD003456,PROD00198,CUST00830,20230405,6,2,1516.26,0.0,3032.52,969.1799999999998
ITEM0007186,ORD003456,PROD00155,CUST00830,20230405,6,1,1532.82,0.0,1532.82,428.0
ITEM0007187,ORD003456,PROD00195,CUST00830,20230405,6,2,9608.14,0.0,19216.28,11078.199999999999
ITEM0007188,ORD003457,PROD00259,CUST00630,20230720,5,1,1489.83,0.0,1489.83,322.39999999999986
ITEM0007189,ORD003457,PROD00296,CUST00630,20230720,5,1,1188.71,0.0,1188.71,270.73
ITEM0007190,ORD003457,PROD00264,CUST00630,20230720,5,3,8008.38,0.0,24025.14,13663.859999999999
ITEM0007191,ORD003458,PROD00071,CUST00868,20230112,9,1,534.87,0.0,534.87,199.64999999999998
ITEM0007192,ORD003458,PROD00004,CUST00868,20230112,9,3,4097.38,0.0,12292.14,2094.629999999999
ITEM0007193,ORD003459,PROD00186,CUST00400,20240202,7,1,1445.96,0.22,1127.85,511.2299999999999
ITEM0007194,ORD003460,PROD00219,CUST00551,20241108,3,1,344.65,0.0,344.65,155.98999999999998
ITEM0007195,ORD003460,PROD00042,CUST00551,20241108,3,4,8235.83,0.0,32943.32,16551.84
ITEM0007196,ORD003460,PROD00095,CUST00551,20241108,3,1,1505.02,0.0,1505.02,539.46
ITEM0007197,ORD003460,PROD00202,CUST00551,20241108,3,2,1016.59,0.0,2033.18,677.5
ITEM0007198,ORD003460,PROD00229,CUST00551,20241108,3,1,726.54,0.0,726.54,250.2
ITEM0007199,ORD003461,PROD00183,CUST00791,20241111,3,1,526.69,0.0,526.69,282.0300000000001
ITEM0007200,ORD003461,PROD00088,CUST00791,20241111,3,1,4559.98,0.18,3739.18,462.0999999999999
ITEM0007201,ORD003462,PROD00129,CUST00479,20230820,4,2,2500.46,0.0,5000.92,1825.2000000000003
ITEM0007202,ORD003462,PROD00295,CUST00479,20230820,4,1,895.09,0.0,895.09,175.74
ITEM0007203,ORD003462,PROD00120,CUST00479,20230820,4,1,1288.16,0.1,1159.34,621.8999999999999
ITEM0007204,ORD003463,PROD00122,CUST00692,20240201,2,1,11549.43,0.08,10625.48,5687.549999999999
ITEM0007205,ORD003464,PROD00150,CUST00508,20231201,9,1,290.6,0.0,290.6,161.43000000000004
ITEM0007206,ORD003464,PROD00088,CUST00508,20231201,9,1,4559.98,0.0,4559.98,1282.8999999999996
ITEM0007207,ORD003465,PROD00247,CUST00703,20240130,6,1,7341.91,0.0,7341.91,3685.56
ITEM0007208,ORD003466,PROD00290,CUST00515,20240416,7,1,1195.14,0.0,1195.14,418.2500000000001
ITEM0007209,ORD003467,PROD00212,CUST00871,20230310,3,2,7782.48,0.0,15564.96,8474.66
ITEM0007210,ORD003468,PROD00243,CUST00655,20230925,5,2,6308.05,0.0,12616.1,5948.820000000001
ITEM0007211,ORD003468,PROD00078,CUST00655,20230925,5,1,2028.86,0.03,1967.99,416.44000000000005
ITEM0007212,ORD003469,PROD00276,CUST00479,20230619,1,2,8701.77,0.07,16185.29,8999.45
ITEM0007213,ORD003469,PROD00187,CUST00479,20230619,1,1,6641.17,0.0,6641.17,2837.6800000000003
ITEM0007214,ORD003469,PROD00231,CUST00479,20230619,1,2,3622.68,0.0,7245.36,2698.6399999999994
ITEM0007215,ORD003470,PROD00072,CUST00904,20230717,5,1,6999.91,0.27,5109.93,2007.4500000000003
ITEM0007216,ORD003471,PROD00223,CUST00702,20230331,9,1,2430.88,0.0,2430.88,1193.92
ITEM0007217,ORD003471,PROD00015,CUST00702,20230331,9,1,5418.41,0.16,4551.46,678.3000000000002
ITEM0007218,ORD003472,PROD00176,CUST00052,20230521,4,2,5492.71,0.0,10985.42,4357.42
ITEM0007219,ORD003472,PROD00139,CUST00052,20230521,4,1,5962.8,0.17,4949.12,2085.97
ITEM0007220,ORD003472,PROD00059,CUST00052,20230521,4,1,11784.91,0.0,11784.91,6843.93
ITEM0007221,ORD003473,PROD00155,CUST00687,20231222,1,1,1532.82,0.0,1532.82,428.0
ITEM0007222,ORD003474,PROD00131,CUST00325,20230818,9,1,576.16,0.01,570.4,209.75
ITEM0007223,ORD003475,PROD00107,CUST00853,20230710,3,3,6282.37,0.0,18847.11,5592.630000000001
ITEM0007224,ORD003476,PROD00006,CUST00728,20240225,4,2,8153.69,0.0,16307.38,8071.039999999999
ITEM0007225,ORD003476,PROD00092,CUST00728,20240225,4,1,1552.76,0.0,1552.76,714.72
ITEM0007226,ORD003477,PROD00127,CUST00132,20241012,4,3,5321.52,0.0,15964.56,8330.34
ITEM0007227,ORD003477,PROD00275,CUST00132,20241012,4,3,5765.78,0.05,16432.47,8623.77
ITEM0007228,ORD003478,PROD00201,CUST00994,20240922,2,1,3944.29,0.0,3944.29,1055.44
ITEM0007229,ORD003479,PROD00137,CUST00618,20230510,2,1,5635.51,0.0,5635.51,2413.9900000000002
ITEM0007230,ORD003480,PROD00048,CUST00852,20240817,7,1,1926.71,0.0,1926.71,624.6500000000001
ITEM0007231,ORD003480,PROD00081,CUST00852,20240817,7,4,2624.19,0.0,10496.76,5860.52
ITEM0007232,ORD003481,PROD00173,CUST00020,20240429,3,4,1598.67,0.14,5499.44,-12196.080000000002
ITEM0007233,ORD003482,PROD00125,CUST00221,20231024,6,3,5694.29,0.28,12299.67,-262.64999999999964
ITEM0007234,ORD003482,PROD00046,CUST00221,20231024,6,1,8988.77,0.0,8988.77,4231.92
ITEM0007235,ORD003482,PROD00082,CUST00221,20231024,6,2,3992.96,0.0,7985.92,4449.5
ITEM0007236,ORD003483,PROD00141,CUST00643,20230107,8,1,4481.31,0.23,3450.61,634.6200000000003
ITEM0007237,ORD003484,PROD00024,CUST00439,20230211,2,1,10115.71,0.0,10115.71,5877.049999999999
ITEM0007238,ORD003484,PROD00221,CUST00439,20230211,2,1,901.85,0.28,649.33,-17.029999999999973
ITEM0007239,ORD003484,PROD00188,CUST00439,20230211,2,1,1657.41,0.14,1425.37,98.0
ITEM0007240,ORD003485,PROD00038,CUST00412,20230422,9,1,1983.28,0.24,1507.29,559.79
ITEM0007241,ORD003485,PROD00286,CUST00412,20230422,9,3,945.94,0.22,2213.5,742.06
ITEM0007242,ORD003486,PROD00251,CUST00113,20240415,5,1,3365.3,0.0,3365.3,1990.8100000000002
ITEM0007243,ORD003486,PROD00244,CUST00113,20240415,5,2,4549.33,0.1,8188.79,2681.6099999999997
ITEM0007244,ORD003486,PROD00047,CUST00113,20240415,5,1,1589.57,0.0,1589.57,608.04
ITEM0007245,ORD003486,PROD00190,CUST00113,20240415,5,1,3528.69,0.29,2505.37,831.6899999999998
ITEM0007246,ORD003486,PROD00267,CUST00113,20240415,5,3,3457.61,0.0,10372.83,2128.3500000000004
ITEM0007247,ORD003487,PROD00076,CUST00252,20231018,2,1,6038.15,0.0,6038.15,3106.5099999999998
ITEM0007248,ORD003487,PROD00181,CUST00252,20231018,2,2,2887.17,0.19,4677.22,1936.8000000000002
ITEM0007249,ORD003487,PROD00193,CUST00252,20231018,2,3,9202.76,0.13,24019.2,11755.8
ITEM0007250,ORD003488,PROD00147,CUST00424,20230703,7,4,4961.76,0.0,19847.04,7388.960000000001
ITEM0007251,ORD003488,PROD00083,CUST00424,20230703,7,1,9425.24,0.0,9425.24,5118.79
ITEM0007252,ORD003488,PROD00039,CUST00424,20230703,7,3,6419.63,0.0,19258.89,4819.379999999999
ITEM0007253,ORD003488,PROD00108,CUST00424,20230703,7,1,7407.37,0.09,6740.71,3730.08
ITEM0007254,ORD003489,PROD00013,CUST00412,20230726,2,1,10508.19,0.0,10508.19,5916.530000000001
ITEM0007255,ORD003490,PROD00095,CUST00257,20230530,8,2,1505.02,0.0,3010.04,1078.92
ITEM0007256,ORD003491,PROD00069,CUST00691,20230225,4,1,1581.81,0.0,1581.81,-2517.31
ITEM0007257,ORD003491,PROD00125,CUST00691,20230225,4,1,5694.29,0.0,5694.29,1506.8500000000004
ITEM0007258,ORD003491,PROD00011,CUST00691,20230225,4,1,2615.05,0.24,1987.44,755.69
ITEM0007259,ORD003492,PROD00251,CUST00116,20231118,1,4,3365.3,0.04,12922.75,7424.79
ITEM0007260,ORD003493,PROD00189,CUST00500,20240717,1,1,7636.65,0.0,7636.65,3796.2299999999996
ITEM0007261,ORD003494,PROD00255,CUST00995,20230314,3,1,7383.63,0.0,7383.63,4053.4
ITEM0007262,ORD003494,PROD00283,CUST00995,20230314,3,1,7427.34,0.27,5421.96,857.7200000000003
ITEM0007263,ORD003495,PROD00296,CUST00208,20240905,3,1,1188.71,0.0,1188.71,270.73
ITEM0007264,ORD003495,PROD00013,CUST00208,20240905,3,1,10508.19,0.2,8406.55,3814.8899999999994
ITEM0007265,ORD003495,PROD00048,CUST00208,20240905,3,1,1926.71,0.0,1926.71,624.6500000000001
ITEM0007266,ORD003496,PROD00057,CUST00779,20230824,4,1,4595.24,0.0,4595.24,2276.5899999999997
ITEM0007267,ORD003496,PROD00095,CUST00779,20230824,4,2,1505.02,0.0,3010.04,1078.92
ITEM0007268,ORD003497,PROD00198,CUST00752,20231016,10,2,1516.26,0.0,3032.52,969.1799999999998
ITEM0007269,ORD003497,PROD00205,CUST00752,20231016,10,3,6283.38,0.0,18850.14,4318.859999999999
ITEM0007270,ORD003497,PROD00171,CUST00752,20231016,10,1,546.18,0.0,546.18,279.16999999999996
ITEM0007271,ORD003497,PROD00015,CUST00752,20231016,10,1,5418.41,0.0,5418.41,1545.25
ITEM0007272,ORD003498,PROD00041,CUST00838,20240429,1,4,3958.75,0.0,15835.0,6938.959999999999
ITEM0007273,ORD003498,PROD00209,CUST00838,20240429,1,1,3816.19,0.14,3281.92,1542.67
ITEM0007274,ORD003498,PROD00268,CUST00838,20240429,1,2,852.32,0.24,1295.53,336.23
ITEM0007275,ORD003499,PROD00153,CUST00233,20240624,1,1,4010.2,0.0,4010.2,1551.0099999999998
ITEM0007276,ORD003500,PROD00165,CUST00803,20240625,6,2,1721.94,0.0,3443.88,1855.3600000000001
ITEM0007277,ORD003501,PROD00021,CUST00147,20230126,1,1,6443.82,0.11,5735.0,2560.55
ITEM0007278,ORD003501,PROD00043,CUST00147,20230126,1,1,1789.22,0.0,1789.22,710.5899999999999
ITEM0007279,ORD003502,PROD00007,CUST00517,20240711,1,1,7518.69,0.0,7518.69,2553.83
ITEM0007280,ORD003503,PROD00279,CUST00401,20231019,6,2,7168.01,0.0,14336.02,8595.080000000002
ITEM0007281,ORD003504,PROD00193,CUST00324,20230107,8,1,9202.76,0.0,9202.76,5114.96
ITEM0007282,ORD003504,PROD00181,CUST00324,20230107,8,1,2887.17,0.16,2425.22,1055.0099999999998
ITEM0007283,ORD003505,PROD00269,CUST00003,20230224,10,1,2135.25,0.0,2135.25,1035.44
ITEM0007284,ORD003505,PROD00191,CUST00003,20230224,10,1,4249.81,0.0,4249.81,1338.2900000000004
ITEM0007285,ORD003506,PROD00259,CUST00462,20230827,8,2,1489.83,0.0,2979.66,644.7999999999997
ITEM0007286,ORD003507,PROD00269,CUST00849,20230111,5,2,2135.25,0.05,4056.98,1857.3600000000001
ITEM0007287,ORD003507,PROD00264,CUST00849,20230111,5,1,8008.38,0.0,8008.38,4554.62
ITEM0007288,ORD003508,PROD00122,CUST00566,20230623,4,1,11549.43,0.15,9817.02,4879.09
ITEM0007289,ORD003508,PROD00231,CUST00566,20230623,4,4,3622.68,0.0,14490.72,5397.279999999999
ITEM0007290,ORD003508,PROD00085,CUST00566,20230623,4,1,1960.53,0.0,1960.53,788.48
ITEM0007291,ORD003509,PROD00096,CUST00460,20230405,9,2,4639.15,0.0,9278.3,4829.36
ITEM0007292,ORD003510,PROD00072,CUST00384,20240331,1,1,6999.91,0.0,6999.91,3897.43
ITEM0007293,ORD003510,PROD00070,CUST00384,20240331,1,1,6693.56,0.0,6693.56,2340.29
ITEM0007294,ORD003510,PROD00030,CUST00384,20240331,1,1,4937.89,0.26,3654.04,1182.88
ITEM0007295,ORD003511,PROD00246,CUST00245,20240730,1,2,8011.14,0.0,16022.28,7881.900000000001
ITEM0007296,ORD003511,PROD00260,CUST00245,20240730,1,1,8617.38,0.0,8617.38,4121.859999999999
ITEM0007297,ORD003512,PROD00175,CUST00914,20240107,10,1,8513.93,0.11,7577.4,3054.8999999999996
ITEM0007298,ORD003512,PROD00165,CUST00914,20240107,10,1,1721.94,0.0,1721.94,927.6800000000001
ITEM0007299,ORD003513,PROD00101,CUST00735,20230911,2,2,1373.9,0.25,2060.85,184.76999999999998
ITEM0007300,ORD003513,PROD00043,CUST00735,20230911,2,1,1789.22,0.28,1288.24,209.6099999999999
ITEM0007301,ORD003514,PROD00021,CUST00512,20241021,1,1,6443.82,0.0,6443.82,3269.37
ITEM0007302,ORD003514,PROD00212,CUST00512,20241021,1,2,7782.48,0.17,12918.92,5828.62
ITEM0007303,ORD003515,PROD00300,CUST00395,20230214,6,4,1343.36,0.0,5373.44,2861.1199999999994
ITEM0007304,ORD003515,PROD00280,CUST00395,20230214,6,3,4625.83,0.0,13877.49,7431.719999999999
ITEM0007305,ORD003515,PROD00279,CUST00395,20230214,6,1,7168.01,0.27,5232.65,2362.18
ITEM0007306,ORD003516,PROD00013,CUST00758,20230602,6,1,10508.19,0.0,10508.19,5916.530000000001
ITEM0007307,ORD003517,PROD00248,CUST00886,20240127,6,2,10128.22,0.15,17217.97,7918.010000000002
ITEM0007308,ORD003518,PROD00231,CUST00551,20240425,6,1,3622.68,0.21,2861.92,588.56
ITEM0007309,ORD003519,PROD00158,CUST00595,20230424,3,1,8138.6,0.0,8138.6,4091.0800000000004
ITEM0007310,ORD003519,PROD00123,CUST00595,20230424,3,3,2950.23,0.0,8850.69,3422.670000000001
ITEM0007311,ORD003519,PROD00117,CUST00595,20230424,3,1,498.3,0.0,498.3,296.74
ITEM0007312,ORD003520,PROD00013,CUST00125,20230308,9,1,10508.19,0.03,10192.94,5601.280000000001
ITEM0007313,ORD003521,PROD00221,CUST00447,20230814,1,1,901.85,0.0,901.85,235.49
ITEM0007314,ORD003521,PROD00079,CUST00447,20230814,1,1,7182.12,0.0,7182.12,3850.66
ITEM0007315,ORD003521,PROD00132,CUST00447,20230814,1,1,5296.2,0.15,4501.77,314.6300000000001
ITEM0007316,ORD003522,PROD00023,CUST00835,20230104,9,1,3506.84,0.0,-3506.84,-4990.91
ITEM0007317,ORD003522,PROD00083,CUST00835,20230104,9,1,9425.24,0.0,9425.24,5118.79
ITEM0007318,ORD003522,PROD00016,CUST00835,20230104,9,1,6005.27,0.0,6005.27,1394.3600000000006
ITEM0007319,ORD003522,PROD00173,CUST00835,20230104,9,1,438.12,0.0,438.12,-3985.76
ITEM0007320,ORD003523,PROD00021,CUST00512,20230520,7,1,6443.82,0.0,6443.82,3269.37
ITEM0007321,ORD003524,PROD00066,CUST00477,20240417,8,2,899.86,0.0,1799.72,592.8399999999999
ITEM0007322,ORD003525,PROD00129,CUST00138,20240420,7,1,2500.46,0.0,2500.46,912.6000000000001
ITEM0007323,ORD003525,PROD00109,CUST00138,20240420,7,2,7944.57,0.0,15889.14,7131.5999999999985
ITEM0007324,ORD003525,PROD00140,CUST00138,20240420,7,4,1718.72,0.04,6599.88,3472.04
ITEM0007325,ORD003525,PROD00020,CUST00138,20240420,7,3,7970.85,0.06,22477.8,10853.039999999999
ITEM0007326,ORD003526,PROD00058,CUST00672,20241025,10,2,4592.96,0.15,7808.03,1959.17
ITEM0007327,ORD003526,PROD00109,CUST00672,20241025,10,1,7944.57,0.0,7944.57,3565.7999999999993
ITEM0007328,ORD003526,PROD00146,CUST00672,20241025,10,1,504.1,0.0,504.1,274.63
ITEM0007329,ORD003526,PROD00233,CUST00672,20241025,10,2,3164.97,0.0,6329.94,3005.1199999999994
ITEM0007330,ORD003526,PROD00297,CUST00672,20241025,10,2,10930.45,0.0,21860.9,12658.400000000001
ITEM0007331,ORD003527,PROD00041,CUST00208,20240405,6,1,3958.75,0.0,3958.75,1734.7399999999998
ITEM0007332,ORD003527,PROD00202,CUST00208,20240405,6,2,1016.59,0.0,2033.18,677.5
ITEM0007333,ORD003528,PROD00042,CUST00608,20230425,3,1,8235.83,0.0,8235.83,4137.96
ITEM0007334,ORD003529,PROD00236,CUST00378,20230729,7,1,2661.51,0.0,2661.51,1431.88
ITEM0007335,ORD003529,PROD00190,CUST00378,20230729,7,1,3528.69,0.0,3528.69,1855.01
ITEM0007336,ORD003530,PROD00221,CUST00749,20231017,9,3,901.85,0.13,2353.83,354.75
ITEM0007337,ORD003531,PROD00152,CUST00366,20240522,2,2,1231.99,0.1,2217.58,968.5
ITEM0007338,ORD003531,PROD00178,CUST00366,20240522,2,4,7985.04,0.12,28107.34,14801.82
ITEM0007339,ORD003531,PROD00103,CUST00366,20240522,2,1,9136.07,0.0,9136.07,4587.94
ITEM0007340,ORD003532,PROD00158,CUST00655,20240302,8,1,8138.6,0.0,8138.6,4091.0800000000004
ITEM0007341,ORD003532,PROD00017,CUST00655,20240302,8,3,9163.85,0.0,27491.55,16399.260000000002
ITEM0007342,ORD003532,PROD00167,CUST00655,20240302,8,1,2019.38,0.0,2019.38,501.08000000000015
ITEM0007343,ORD003533,PROD00048,CUST00745,20240516,8,3,1926.71,0.08,5317.72,1411.5400000000004
ITEM0007344,ORD003533,PROD00004,CUST00745,20240516,8,4,4097.38,0.16,13767.2,170.52000000000044
ITEM0007345,ORD003533,PROD00016,CUST00745,20240516,8,2,6005.27,0.0,12010.54,2788.720000000001
ITEM0007346,ORD003533,PROD00134,CUST00745,20240516,8,2,1127.73,0.0,2255.46,536.1000000000001
ITEM0007347,ORD003534,PROD00050,CUST00622,20240406,4,2,5338.68,0.0,10677.36,3452.7000000000007
ITEM0007348,ORD003534,PROD00213,CUST00622,20240406,4,4,9402.56,0.0,37610.24,18592.039999999997
ITEM0007349,ORD003535,PROD00276,CUST00564,20241101,5,1,8701.77,0.18,7135.45,3542.5299999999997
ITEM0007350,ORD003536,PROD00107,CUST00481,20240827,2,2,6282.37,0.0,12564.74,3728.42
ITEM0007351,ORD003536,PROD00057,CUST00481,20240827,2,1,4595.24,0.22,3584.29,1265.6399999999999
ITEM0007352,ORD003537,PROD00174,CUST00205,20240918,1,1,4285.14,0.0,4285.14,2432.1800000000003
ITEM0007353,ORD003538,PROD00040,CUST00391,20230602,8,2,3631.49,0.0,7262.98,4009.4399999999996
ITEM0007354,ORD003538,PROD00283,CUST00391,20230602,8,2,7427.34,0.0,14854.68,5726.200000000001
ITEM0007355,ORD003539,PROD00164,CUST00194,20240812,4,4,5504.82,0.06,20698.12,8201.8
ITEM0007356,ORD003539,PROD00126,CUST00194,20240812,4,1,10802.22,0.0,10802.22,5958.2699999999995
ITEM0007357,ORD003539,PROD00193,CUST00194,20240812,4,1,9202.76,0.05,8742.62,4654.820000000001
ITEM0007358,ORD003539,PROD00290,CUST00194,20240812,4,1,1195.14,0.23,920.26,143.37
ITEM0007359,ORD003540,PROD00097,CUST00784,20230909,9,1,1492.36,0.0,1492.36,316.41999999999985
ITEM0007360,ORD003540,PROD00069,CUST00784,20230909,9,1,237.15,0.0,237.15,-3861.97
ITEM0007361,ORD003541,PROD00174,CUST00136,20240627,9,1,4285.14,0.0,4285.14,2432.1800000000003
ITEM0007362,ORD003541,PROD00001,CUST00136,20240627,9,3,9272.65,0.0,27817.95,14170.44
ITEM0007363,ORD003542,PROD00047,CUST00338,20230830,6,1,1589.57,0.23,1223.97,242.44000000000005
ITEM0007364,ORD003543,PROD00047,CUST00284,20241122,9,2,1589.57,0.15,2702.27,739.21
ITEM0007365,ORD003544,PROD00240,CUST00572,20230710,3,1,4510.78,0.18,3698.84,1716.3700000000001
ITEM0007366,ORD003544,PROD00043,CUST00572,20230710,3,1,1789.22,0.0,1789.22,710.5899999999999
ITEM0007367,ORD003545,PROD00102,CUST00463,20230506,4,3,6509.4,0.0,19528.2,10462.380000000001
ITEM0007368,ORD003545,PROD00195,CUST00463,20230506,4,2,9608.14,0.19,15565.19,7427.110000000001
ITEM0007369,ORD003546,PROD00039,CUST00085,20230815,8,2,6419.63,0.0,12839.26,3212.92
ITEM0007370,ORD003546,PROD00280,CUST00085,20230815,8,1,4625.83,0.15,3931.96,1783.37
ITEM0007371,ORD003546,PROD00064,CUST00085,20230815,8,2,4268.27,0.0,8536.54,4481.9400000000005
ITEM0007372,ORD003546,PROD00057,CUST00085,20230815,8,3,4595.24,0.0,13785.72,6829.769999999999
ITEM0007373,ORD003547,PROD00231,CUST00582,20230908,5,1,3622.68,0.0,3622.68,1349.3199999999997
ITEM0007374,ORD003547,PROD00137,CUST00582,20230908,5,1,5635.51,0.14,4846.54,1625.02
ITEM0007375,ORD003548,PROD00065,CUST00334,20231120,8,2,6570.64,0.13,11432.91,1754.8099999999995
ITEM0007376,ORD003549,PROD00244,CUST00470,20230322,5,1,4549.33,0.0,4549.33,1795.7399999999998
ITEM0007377,ORD003549,PROD00172,CUST00470,20230322,5,1,734.93,0.0,734.93,426.03
ITEM0007378,ORD003549,PROD00043,CUST00470,20230322,5,1,1789.22,0.0,1789.22,710.5899999999999
ITEM0007379,ORD003550,PROD00249,CUST00327,20241018,4,4,4279.09,0.0,17116.36,9109.400000000001
ITEM0007380,ORD003550,PROD00235,CUST00327,20241018,4,2,1155.59,0.0,2311.18,1342.3999999999999
ITEM0007381,ORD003551,PROD00079,CUST00507,20231205,6,1,7182.12,0.0,7182.12,3850.66
ITEM0007382,ORD003551,PROD00199,CUST00507,20231205,6,1,3657.98,0.0,3657.98,1832.66
ITEM0007383,ORD003552,PROD00088,CUST00052,20230611,10,3,4559.98,0.0,13679.94,3848.7000000000007
ITEM0007384,ORD003553,PROD00119,CUST00719,20240828,6,1,9197.85,0.0,9197.85,5466.89
ITEM0007385,ORD003553,PROD00193,CUST00719,20240828,6,1,9202.76,0.0,9202.76,5114.96
ITEM0007386,ORD003553,PROD00076,CUST00719,20240828,6,2,6038.15,0.0,12076.3,6213.0199999999995
ITEM0007387,ORD003553,PROD00076,CUST00719,20240828,6,1,6038.15,0.0,6038.15,3106.5099999999998
ITEM0007388,ORD003553,PROD00080,CUST00719,20240828,6,1,862.91,0.18,707.59,239.38000000000005
ITEM0007389,ORD003554,PROD00055,CUST00202,20230920,4,1,2678.2,0.2,2142.56,485.41999999999985
ITEM0007390,ORD003555,PROD00048,CUST00826,20230105,9,1,1926.71,0.01,1907.44,605.3800000000001
ITEM0007391,ORD003556,PROD00247,CUST00793,20230822,10,2,7341.91,0.0,14683.82,7371.12
ITEM0007392,ORD003556,PROD00026,CUST00793,20230822,10,2,992.19,0.0,1984.38,1036.52
ITEM0007393,ORD003556,PROD00259,CUST00793,20230822,10,1,1489.83,0.18,1221.66,54.23000000000002
ITEM0007394,ORD003557,PROD00026,CUST00017,20230311,5,1,992.19,0.0,992.19,518.26
ITEM0007395,ORD003558,PROD00114,CUST00638,20230924,4,1,2295.26,0.0,2295.26,410.24000000000024
ITEM0007396,ORD003559,PROD00015,CUST00872,20230420,9,1,5418.41,0.0,5418.41,1545.25
ITEM0007397,ORD003559,PROD00206,CUST00872,20230420,9,3,8632.13,0.12,22788.82,8791.240000000002
ITEM0007398,ORD003560,PROD00258,CUST00626,20240301,10,1,5858.08,0.0,5858.08,3472.5299999999997
ITEM0007399,ORD003560,PROD00147,CUST00626,20240301,10,2,4961.76,0.13,8633.46,2404.419999999999
ITEM0007400,ORD003561,PROD00297,CUST00379,20230909,8,1,10930.45,0.0,10930.45,6329.200000000001
ITEM0007401,ORD003562,PROD00227,CUST00080,20241011,2,1,3250.8,0.22,2535.62,896.3999999999999
ITEM0007402,ORD003562,PROD00032,CUST00080,20241011,2,1,301.12,0.0,301.12,56.30000000000001
ITEM0007403,ORD003562,PROD00295,CUST00080,20241011,2,3,895.09,0.27,1960.25,-197.80000000000018
ITEM0007404,ORD003563,PROD00082,CUST00470,20231103,6,1,3992.96,0.0,3992.96,2224.75
ITEM0007405,ORD003564,PROD00028,CUST00862,20231021,3,2,214.4,0.17,355.9,56.51999999999998
ITEM0007406,ORD003564,PROD00272,CUST00862,20231021,3,3,7587.4,0.0,22762.2,9270.54
ITEM0007407,ORD003565,PROD00143,CUST00427,20231018,3,1,1075.34,0.0,1075.34,504.7299999999999
ITEM0007408,ORD003566,PROD00220,CUST00727,20231216,5,1,6168.69,0.27,4503.14,995.4800000000005
ITEM0007409,ORD003566,PROD00038,CUST00727,20231216,5,1,1983.28,0.0,1983.28,1035.78
ITEM0007410,ORD003567,PROD00151,CUST00256,20241110,10,2,5518.05,0.0,11036.1,2611.960000000001
ITEM0007411,ORD003568,PROD00108,CUST00683,20230910,5,3,7407.37,0.0,22222.11,13190.220000000001
ITEM0007412,ORD003569,PROD00050,CUST00854,20231215,5,1,5338.68,0.0,5338.68,1726.3500000000004
ITEM0007413,ORD003570,PROD00094,CUST00816,20230221,4,1,6449.58,0.0,6449.58,2762.77
ITEM0007414,ORD003570,PROD00172,CUST00816,20230221,4,3,734.93,0.0,2204.79,1278.0900000000001
ITEM0007415,ORD003570,PROD00151,CUST00816,20230221,4,2,5518.05,0.0,11036.1,2611.960000000001
ITEM0007416,ORD003571,PROD00226,CUST00592,20240328,6,4,648.79,0.29,1842.56,-59.039999999999964
ITEM0007417,ORD003572,PROD00008,CUST00781,20241009,2,1,5338.8,0.0,5338.8,2219.09
ITEM0007418,ORD003573,PROD00073,CUST00110,20241010,8,1,9071.35,0.0,9071.35,4439.54
ITEM0007419,ORD003573,PROD00041,CUST00110,20241010,8,1,3958.75,0.0,3958.75,1734.7399999999998
ITEM0007420,ORD003573,PROD00230,CUST00110,20241010,8,1,8026.94,0.0,8026.94,4471.19
ITEM0007421,ORD003573,PROD00106,CUST00110,20241010,8,1,3963.99,0.27,2893.71,468.1700000000001
ITEM0007422,ORD003573,PROD00143,CUST00110,20241010,8,1,1075.34,0.0,1075.34,504.7299999999999
ITEM0007423,ORD003574,PROD00047,CUST00447,20231212,5,3,1589.57,0.02,4673.34,1728.75
ITEM0007424,ORD003574,PROD00019,CUST00447,20231212,5,2,2406.67,0.0,4813.34,2713.82
ITEM0007425,ORD003574,PROD00012,CUST00447,20231212,5,1,7089.43,0.0,7089.43,3895.3700000000003
ITEM0007426,ORD003574,PROD00232,CUST00447,20231212,5,2,3144.6,0.0,6289.2,3220.8999999999996
ITEM0007427,ORD003574,PROD00262,CUST00447,20231212,5,1,1460.84,0.08,1343.97,620.58
ITEM0007428,ORD003575,PROD00273,CUST00125,20231004,4,1,4432.81,0.0,4432.81,1285.4200000000005
ITEM0007429,ORD003575,PROD00022,CUST00125,20231004,4,2,1547.99,0.0,3095.98,1808.8600000000001
ITEM0007430,ORD003575,PROD00261,CUST00125,20231004,4,2,2154.14,0.0,4308.28,2346.2
ITEM0007431,ORD003575,PROD00240,CUST00125,20231004,4,2,4510.78,0.0,9021.56,5056.619999999999
ITEM0007432,ORD003576,PROD00128,CUST00531,20230524,6,2,4199.76,0.29,5963.66,636.4399999999996
ITEM0007433,ORD003577,PROD00093,CUST00714,20240317,6,1,3802.74,0.0,3802.74,1540.1699999999996
ITEM0007434,ORD003578,PROD00160,CUST00562,20240429,3,1,1750.19,0.0,1750.19,438.8800000000001
ITEM0007435,ORD003579,PROD00066,CUST00183,20240829,3,2,899.86,0.0,1799.72,592.8399999999999
ITEM0007436,ORD003579,PROD00078,CUST00183,20240829,3,2,2028.86,0.0,4057.72,954.6199999999999
ITEM0007437,ORD003579,PROD00216,CUST00183,20240829,3,1,3307.17,0.08,3042.6,1226.34
ITEM0007438,ORD003579,PROD00045,CUST00183,20240829,3,1,4706.05,0.0,4706.05,1730.3900000000003
ITEM0007439,ORD003580,PROD00258,CUST00290,20241028,3,1,5858.08,0.0,5858.08,3472.5299999999997
ITEM0007440,ORD003580,PROD00170,CUST00290,20241028,3,2,2583.61,0.15,4392.14,-287.2599999999993
ITEM0007441,ORD003581,PROD00197,CUST00292,20230423,1,1,8766.75,0.0,8766.75,5089.860000000001
ITEM0007442,ORD003582,PROD00237,CUST00923,20240211,10,1,8123.36,0.0,8123.36,4471.299999999999
ITEM0007443,ORD003582,PROD00099,CUST00923,20240211,10,1,6088.4,0.0,6088.4,2560.7899999999995
ITEM0007444,ORD003582,PROD00143,CUST00923,20240211,10,2,1075.34,0.0,2150.68,1009.4599999999998
ITEM0007445,ORD003582,PROD00210,CUST00923,20240211,10,1,6680.3,0.0,6680.3,2578.16
ITEM0007446,ORD003583,PROD00063,CUST00330,20240227,3,2,1083.33,0.0,2166.66,1184.9399999999998
ITEM0007447,ORD003583,PROD00289,CUST00330,20240227,3,2,3097.21,0.0,6194.42,3593.96
ITEM0007448,ORD003583,PROD00255,CUST00330,20240227,3,1,7383.63,0.0,7383.63,4053.4
ITEM0007449,ORD003583,PROD00288,CUST00330,20240227,3,1,2790.22,0.0,2790.22,1564.3799999999999
ITEM0007450,ORD003583,PROD00218,CUST00330,20240227,3,2,6300.23,0.0,12600.46,7165.439999999999
ITEM0007451,ORD003584,PROD00193,CUST00462,20230421,5,1,9202.76,0.28,6625.99,2538.1899999999996
ITEM0007452,ORD003585,PROD00189,CUST00310,20241024,5,1,7636.65,0.0,7636.65,3796.2299999999996
ITEM0007453,ORD003585,PROD00220,CUST00310,20241024,5,1,6168.69,0.0,6168.69,2661.0299999999997
ITEM0007454,ORD003585,PROD00094,CUST00310,20241024,5,1,6449.58,0.0,6449.58,2762.77
ITEM0007455,ORD003586,PROD00225,CUST00373,20240217,10,1,6042.7,0.0,6042.7,1087.0999999999995
ITEM0007456,ORD003587,PROD00167,CUST00963,20230711,10,3,2019.38,0.22,4725.35,170.45000000000073
ITEM0007457,ORD003588,PROD00080,CUST00975,20240913,2,2,862.91,0.0,1725.82,789.4
ITEM0007458,ORD003589,PROD00255,CUST00931,20230507,6,1,7383.63,0.0,7383.63,4053.4
ITEM0007459,ORD003589,PROD00199,CUST00931,20230507,6,1,3657.98,0.0,3657.98,1832.66
ITEM0007460,ORD003590,PROD00145,CUST00101,20230408,4,1,5845.69,0.0,5845.69,3459.5799999999995
ITEM0007461,ORD003591,PROD00126,CUST00413,20240103,9,1,10802.22,0.0,10802.22,5958.2699999999995
ITEM0007462,ORD003591,PROD00023,CUST00413,20240103,9,2,3506.84,0.18,5751.22,2783.0800000000004
ITEM0007463,ORD003591,PROD00145,CUST00413,20240103,9,1,5845.69,0.0,5845.69,3459.5799999999995
ITEM0007464,ORD003591,PROD00056,CUST00413,20240103,9,1,6326.27,0.0,6326.27,3782.8800000000006
ITEM0007465,ORD003591,PROD00258,CUST00413,20240103,9,1,5858.08,0.0,5858.08,3472.5299999999997
ITEM0007466,ORD003592,PROD00128,CUST00745,20230113,3,2,4199.76,0.04,8063.54,2736.3199999999997
ITEM0007467,ORD003593,PROD00227,CUST00179,20240209,7,2,3250.8,0.0,6501.6,3223.1600000000003
ITEM0007468,ORD003593,PROD00117,CUST00179,20240209,7,1,498.3,0.01,493.32,291.76
ITEM0007469,ORD003594,PROD00167,CUST00143,20230111,6,1,2019.38,0.0,2019.38,501.08000000000015
ITEM0007470,ORD003594,PROD00071,CUST00143,20230111,6,2,534.87,0.0,1069.74,399.29999999999995
ITEM0007471,ORD003594,PROD00075,CUST00143,20230111,6,1,6662.95,0.0,6662.95,3442.12
ITEM0007472,ORD003595,PROD00144,CUST00820,20240327,1,1,9953.38,0.0,9953.38,5272.469999999999
ITEM0007473,ORD003596,PROD00290,CUST00941,20240925,4,1,1195.14,0.0,1195.14,418.2500000000001
ITEM0007474,ORD003596,PROD00226,CUST00941,20240925,4,3,648.79,0.08,1790.66,364.46000000000026
ITEM0007475,ORD003596,PROD00031,CUST00941,20240925,4,2,4066.81,0.23,6262.89,949.75
ITEM0007476,ORD003596,PROD00084,CUST00941,20240925,4,1,7622.23,0.22,5945.34,2634.42
ITEM0007477,ORD003597,PROD00154,CUST00506,20240702,7,1,5526.27,0.0,5526.27,2561.6400000000003
ITEM0007478,ORD003597,PROD00170,CUST00506,20240702,7,1,1305.71,0.29,927.05,-1412.6499999999999
ITEM0007479,ORD003597,PROD00033,CUST00506,20240702,7,2,1942.09,0.0,3884.18,1564.3799999999997
ITEM0007480,ORD003598,PROD00008,CUST00499,20240526,3,1,5338.8,0.0,5338.8,2219.09
ITEM0007481,ORD003598,PROD00262,CUST00499,20240526,3,2,1460.84,0.01,2892.46,1445.68
ITEM0007482,ORD003599,PROD00063,CUST00021,20230223,4,1,1083.33,0.0,1083.33,592.4699999999999
ITEM0007483,ORD003599,PROD00161,CUST00021,20230223,4,1,2894.21,0.0,2894.21,619.5100000000002
ITEM0007484,ORD003599,PROD00100,CUST00021,20230223,4,1,8661.69,0.0,8661.69,4965.460000000001
ITEM0007485,ORD003600,PROD00001,CUST00020,20230316,10,2,9272.65,0.0,18545.3,9446.96
ITEM0007486,ORD003600,PROD00100,CUST00020,20230316,10,1,8661.69,0.07,8055.37,4359.139999999999
ITEM0007487,ORD003600,PROD00025,CUST00020,20230316,10,1,3078.83,0.0,3078.83,572.75
ITEM0007488,ORD003600,PROD00113,CUST00020,20230316,10,1,3472.93,0.0,3472.93,1654.1
ITEM0007489,ORD003601,PROD00175,CUST00824,20240418,3,3,8513.93,0.0,25541.79,11974.29
ITEM0007490,ORD003601,PROD00279,CUST00824,20240418,3,2,7168.01,0.0,14336.02,8595.080000000002
ITEM0007491,ORD003601,PROD00208,CUST00824,20240418,3,1,4099.5,0.0,4099.5,798.6599999999999
ITEM0007492,ORD003602,PROD00252,CUST00763,20240323,9,2,910.14,0.0,1820.28,327.9200000000001
ITEM0007493,ORD003602,PROD00052,CUST00763,20240323,9,3,1689.78,0.0,5069.34,1650.3599999999997
ITEM0007494,ORD003603,PROD00061,CUST00595,20230828,9,1,4205.57,0.0,4205.57,946.1699999999996
ITEM0007495,ORD003603,PROD00171,CUST00595,20230828,9,1,546.18,0.26,404.17,137.16000000000003
ITEM0007496,ORD003603,PROD00159,CUST00595,20230828,9,2,198.83,0.0,397.66,197.32000000000002
ITEM0007497,ORD003604,PROD00022,CUST00174,20240718,9,1,1547.99,0.0,1547.99,904.4300000000001
ITEM0007498,ORD003604,PROD00139,CUST00174,20240718,9,1,5962.8,0.0,5962.8,3099.65
ITEM0007499,ORD003604,PROD00173,CUST00174,20240718,9,2,2334.52,0.03,4528.98,-4318.780000000001
ITEM0007500,ORD003605,PROD00274,CUST00563,20240415,7,3,5633.46,0.05,16055.36,2350.8199999999997
ITEM0007501,ORD003606,PROD00158,CUST00185,20231008,4,1,8138.6,0.0,8138.6,4091.0800000000004
ITEM0007502,ORD003607,PROD00193,CUST00629,20240617,10,2,9202.76,0.0,18405.52,10229.92
ITEM0007503,ORD003608,PROD00261,CUST00593,20241129,10,1,2154.14,0.0,2154.14,1173.1
ITEM0007504,ORD003609,PROD00098,CUST00725,20241115,8,1,2402.47,0.0,2402.47,1132.5099999999998
ITEM0007505,ORD003609,PROD00056,CUST00725,20241115,8,2,6326.27,0.0,12652.54,7565.760000000001
ITEM0007506,ORD003609,PROD00169,CUST00725,20241115,8,2,5358.09,0.0,10716.18,5969.34
ITEM0007507,ORD003610,PROD00049,CUST00491,20240522,6,1,5326.74,0.0,5326.74,1407.12
ITEM0007508,ORD003610,PROD00254,CUST00491,20240522,6,1,3623.42,0.0,3623.42,725.1199999999999
ITEM0007509,ORD003611,PROD00129,CUST00290,20240802,10,2,2500.46,0.0,5000.92,1825.2000000000003
ITEM0007510,ORD003611,PROD00233,CUST00290,20240802,10,1,3164.97,0.0,3164.97,1502.5599999999997
ITEM0007511,ORD003612,PROD00024,CUST00517,20240122,7,2,10115.71,0.14,17399.02,8921.7
ITEM0007512,ORD003612,PROD00174,CUST00517,20240122,7,1,4285.14,0.0,4285.14,2432.1800000000003
ITEM0007513,ORD003613,PROD00086,CUST00957,20240713,1,2,5791.83,0.0,11583.66,6351.72
ITEM0007514,ORD003613,PROD00077,CUST00957,20240713,1,1,7101.66,0.0,7101.66,3215.7
ITEM0007515,ORD003613,PROD00068,CUST00957,20240713,1,1,1589.23,0.26,1176.03,-33.039999999999964
ITEM0007516,ORD003613,PROD00160,CUST00957,20240713,1,1,1750.19,0.16,1470.16,158.85000000000014
ITEM0007517,ORD003614,PROD00149,CUST00287,20240719,6,1,832.87,0.0,832.87,470.54
ITEM0007518,ORD003615,PROD00098,CUST00345,20231207,2,4,2402.47,0.14,8264.5,3184.66
ITEM0007519,ORD003615,PROD00273,CUST00345,20231207,2,1,4432.81,0.0,4432.81,1285.4200000000005
ITEM0007520,ORD003616,PROD00006,CUST00069,20240919,6,1,8153.69,0.0,8153.69,4035.5199999999995
ITEM0007521,ORD003616,PROD00137,CUST00069,20240919,6,2,5635.51,0.0,11271.02,4827.9800000000005
ITEM0007522,ORD003616,PROD00001,CUST00069,20240919,6,2,9272.65,0.0,18545.3,9446.96
ITEM0007523,ORD003616,PROD00177,CUST00069,20240919,6,1,5446.6,0.0,5446.6,3095.1400000000003
ITEM0007524,ORD003616,PROD00109,CUST00069,20240919,6,3,7944.57,0.0,23833.71,10697.399999999998
ITEM0007525,ORD003617,PROD00129,CUST00943,20230423,2,1,2500.46,0.0,2500.46,912.6000000000001
ITEM0007526,ORD003617,PROD00219,CUST00943,20230423,2,1,344.65,0.0,344.65,155.98999999999998
ITEM0007527,ORD003618,PROD00169,CUST00236,20241119,7,1,5358.09,0.11,4768.7,2395.2799999999997
ITEM0007528,ORD003619,PROD00232,CUST00258,20230201,2,2,3144.6,0.16,5282.93,2214.63
ITEM0007529,ORD003620,PROD00058,CUST00243,20230525,5,1,4592.96,0.0,4592.96,1668.5300000000002
ITEM0007530,ORD003620,PROD00008,CUST00243,20230525,5,3,5338.8,0.0,16016.4,6657.269999999999
ITEM0007531,ORD003621,PROD00158,CUST00727,20230210,4,1,8138.6,0.0,8138.6,4091.0800000000004
ITEM0007532,ORD003622,PROD00101,CUST00144,20230425,9,1,1373.9,0.0,1373.9,435.8600000000001
ITEM0007533,ORD003623,PROD00141,CUST00670,20240929,10,1,4481.31,0.0,4481.31,1665.3200000000006
ITEM0007534,ORD003623,PROD00127,CUST00670,20240929,10,2,5321.52,0.0,10643.04,5553.560000000001
ITEM0007535,ORD003623,PROD00152,CUST00670,20240929,10,1,1231.99,0.0,1231.99,607.45
ITEM0007536,ORD003624,PROD00050,CUST00873,20241129,6,2,5338.68,0.0,10677.36,3452.7000000000007
ITEM0007537,ORD003624,PROD00116,CUST00873,20241129,6,2,3835.95,0.2,6137.52,1190.8400000000001
ITEM0007538,ORD003625,PROD00185,CUST00971,20231121,10,1,2719.98,0.0,2719.98,1485.46
ITEM0007539,ORD003625,PROD00010,CUST00971,20231121,10,2,2259.53,0.0,4519.06,2616.6400000000003
ITEM0007540,ORD003626,PROD00246,CUST00314,20230331,10,1,8011.14,0.0,8011.14,3940.9500000000003
ITEM0007541,ORD003626,PROD00137,CUST00314,20230331,10,1,5635.51,0.0,5635.51,2413.9900000000002
ITEM0007542,ORD003627,PROD00190,CUST00516,20240701,7,3,3528.69,0.0,10586.07,5565.03
ITEM0007543,ORD003628,PROD00062,CUST00910,20240818,5,1,5673.89,0.0,5673.89,2029.9500000000003
ITEM0007544,ORD003629,PROD00062,CUST00522,20230408,1,1,5673.89,0.0,5673.89,2029.9500000000003
ITEM0007545,ORD003630,PROD00279,CUST00694,20230405,1,4,7168.01,0.0,28672.04,17190.160000000003
ITEM0007546,ORD003631,PROD00172,CUST00724,20230319,5,2,734.93,0.28,1058.3,440.5
ITEM0007547,ORD003632,PROD00243,CUST00996,20230926,7,1,6308.05,0.0,6308.05,2974.4100000000003
ITEM0007548,ORD003632,PROD00131,CUST00996,20230926,7,1,576.16,0.0,576.16,215.51
ITEM0007549,ORD003633,PROD00202,CUST00812,20241018,4,2,1016.59,0.0,2033.18,677.5
ITEM0007550,ORD003633,PROD00090,CUST00812,20241018,4,1,494.65,0.0,494.65,254.57999999999998
ITEM0007551,ORD003634,PROD00003,CUST00883,20240504,1,2,2902.0,0.25,4353.0,1530.44
ITEM0007552,ORD003634,PROD00201,CUST00883,20240504,1,1,3944.29,0.02,3865.4,976.5500000000002
ITEM0007553,ORD003634,PROD00077,CUST00883,20240504,1,2,7101.66,0.0,14203.32,6431.4
ITEM0007554,ORD003634,PROD00150,CUST00883,20240504,1,1,290.6,0.0,290.6,161.43000000000004
ITEM0007555,ORD003634,PROD00054,CUST00883,20240504,1,1,5941.63,0.0,5941.63,3029.28
ITEM0007556,ORD003635,PROD00176,CUST00319,20241021,8,3,5492.71,0.09,14995.1,5053.1
ITEM0007557,ORD003636,PROD00246,CUST00045,20230417,7,1,8011.14,0.01,7931.03,3860.8399999999997
ITEM0007558,ORD003636,PROD00208,CUST00045,20230417,7,2,4099.5,0.03,7953.03,1351.3499999999995
ITEM0007559,ORD003636,PROD00144,CUST00045,20230417,7,3,9953.38,0.0,29860.14,15817.41
ITEM0007560,ORD003636,PROD00072,CUST00045,20230417,7,1,6999.91,0.25,5249.93,2147.4500000000003
ITEM0007561,ORD003636,PROD00122,CUST00045,20230417,7,1,11549.43,0.24,8777.57,3839.6399999999994
ITEM0007562,ORD003637,PROD00188,CUST00068,20230102,1,4,1657.41,0.0,6629.64,1320.1600000000008
ITEM0007563,ORD003637,PROD00286,CUST00068,20230102,1,2,945.94,0.0,1891.88,910.9200000000001
ITEM0007564,ORD003638,PROD00285,CUST00342,20240111,8,3,2757.81,0.0,8273.43,4430.04
ITEM0007565,ORD003639,PROD00050,CUST00131,20241128,4,1,5338.68,0.0,5338.68,1726.3500000000004
ITEM0007566,ORD003639,PROD00174,CUST00131,20241128,4,1,4285.14,0.0,4285.14,2432.1800000000003
ITEM0007567,ORD003639,PROD00275,CUST00131,20241128,4,1,5765.78,0.0,5765.78,3162.8799999999997
ITEM0007568,ORD003639,PROD00148,CUST00131,20241128,4,2,3870.28,0.0,7740.56,3884.0800000000004
ITEM0007569,ORD003639,PROD00285,CUST00131,20241128,4,1,2757.81,0.26,2040.78,759.6499999999999
ITEM0007570,ORD003640,PROD00028,CUST00673,20230514,2,2,214.4,0.0,428.8,129.42000000000002
ITEM0007571,ORD003641,PROD00122,CUST00964,20240726,10,2,11549.43,0.05,21943.92,12068.059999999998
ITEM0007572,ORD003641,PROD00062,CUST00964,20240726,10,2,5673.89,0.04,10893.87,3605.9900000000007
ITEM0007573,ORD003642,PROD00077,CUST00434,20240517,8,1,7101.66,0.0,7101.66,3215.7
ITEM0007574,ORD003643,PROD00235,CUST00476,20240506,2,2,1155.59,0.17,1918.28,949.5
ITEM0007575,ORD003643,PROD00084,CUST00476,20240506,2,1,7622.23,0.13,6631.34,3320.42
ITEM0007576,ORD003643,PROD00264,CUST00476,20240506,2,1,8008.38,0.0,8008.38,4554.62
ITEM0007577,ORD003643,PROD00233,CUST00476,20240506,2,2,3164.97,0.0,6329.94,3005.1199999999994
ITEM0007578,ORD003644,PROD00246,CUST00229,20240810,10,3,8011.14,0.0,24033.42,11822.849999999999
ITEM0007579,ORD003645,PROD00268,CUST00488,20240602,4,1,852.32,0.14,733.0,253.35000000000002
ITEM0007580,ORD003645,PROD00272,CUST00488,20240602,4,2,7587.4,0.11,13505.57,4511.129999999999
ITEM0007581,ORD003645,PROD00209,CUST00488,20240602,4,2,3816.19,0.13,6640.17,3161.67
ITEM0007582,ORD003646,PROD00062,CUST00758,20231216,9,2,5673.89,0.0,11347.78,4059.9000000000005
ITEM0007583,ORD003646,PROD00089,CUST00758,20231216,9,2,781.78,0.06,1469.75,189.78999999999996
ITEM0007584,ORD003646,PROD00300,CUST00758,20231216,9,1,1343.36,0.0,1343.36,715.2799999999999
ITEM0007585,ORD003647,PROD00022,CUST00288,20230817,2,1,1547.99,0.0,1547.99,904.4300000000001
ITEM0007586,ORD003648,PROD00185,CUST00413,20241104,5,2,2719.98,0.0,5439.96,2970.92
ITEM0007587,ORD003648,PROD00273,CUST00413,20241104,5,2,4432.81,0.0,8865.62,2570.840000000001
ITEM0007588,ORD003649,PROD00033,CUST00898,20231223,8,1,1942.09,0.0,1942.09,782.1899999999998
ITEM0007589,ORD003650,PROD00252,CUST00786,20230419,9,2,910.14,0.0,1820.28,327.9200000000001
ITEM0007590,ORD003650,PROD00025,CUST00786,20230419,9,4,3078.83,0.0,12315.32,2291.0
ITEM0007591,ORD003650,PROD00253,CUST00786,20230419,9,1,791.63,0.19,641.22,122.09000000000003
ITEM0007592,ORD003651,PROD00078,CUST00371,20230203,5,2,2028.86,0.13,3530.22,427.1199999999999
ITEM0007593,ORD003652,PROD00245,CUST00459,20230707,2,1,6215.91,0.29,4413.3,616.3600000000001
ITEM0007594,ORD003652,PROD00275,CUST00459,20230707,2,1,5765.78,0.25,4324.34,1721.44
ITEM0007595,ORD003652,PROD00048,CUST00459,20230707,2,4,1926.71,0.0,7706.84,2498.6000000000004
ITEM0007596,ORD003652,PROD00021,CUST00459,20230707,2,2,6443.82,0.0,-12887.64,-19236.54
ITEM0007597,ORD003653,PROD00237,CUST00529,20240821,6,1,8123.36,0.0,8123.36,4471.299999999999
ITEM0007598,ORD003653,PROD00076,CUST00529,20240821,6,1,6038.15,0.0,6038.15,3106.5099999999998
ITEM0007599,ORD003653,PROD00184,CUST00529,20240821,6,1,1498.15,0.24,1138.59,518.1099999999999
ITEM0007600,ORD003653,PROD00272,CUST00529,20240821,6,1,7587.4,0.27,5538.8,1041.58
ITEM0007601,ORD003654,PROD00263,CUST00077,20241012,6,3,4979.64,0.0,14938.92,4996.050000000001
ITEM0007602,ORD003654,PROD00208,CUST00077,20241012,6,2,4099.5,0.0,8199.0,1597.3199999999997
ITEM0007603,ORD003655,PROD00245,CUST00368,20231221,6,1,6215.91,0.0,6215.91,2418.97
ITEM0007604,ORD003655,PROD00216,CUST00368,20231221,6,1,3307.17,0.0,3307.17,1490.91
ITEM0007605,ORD003656,PROD00281,CUST00461,20230206,9,1,7979.23,0.0,7979.23,3968.0199999999995
ITEM0007606,ORD003656,PROD00274,CUST00461,20230206,9,4,5633.46,0.0,22533.84,4261.119999999999
ITEM0007607,ORD003657,PROD00144,CUST00551,20240622,10,1,9953.38,0.0,9953.38,5272.469999999999
ITEM0007608,ORD003657,PROD00269,CUST00551,20240622,10,2,2135.25,0.0,4270.5,2070.88
ITEM0007609,ORD003658,PROD00040,CUST00781,20230419,1,3,3631.49,0.0,10894.47,6014.16
ITEM0007610,ORD003658,PROD00189,CUST00781,20230419,1,1,7636.65,0.22,5956.59,2116.17
ITEM0007611,ORD003658,PROD00144,CUST00781,20230419,1,1,9953.38,0.22,7763.64,3082.7300000000005
ITEM0007612,ORD003658,PROD00054,CUST00781,20230419,1,1,5941.63,0.0,5941.63,3029.28
ITEM0007613,ORD003659,PROD00261,CUST00023,20231011,10,2,2154.14,0.0,4308.28,2346.2
ITEM0007614,ORD003659,PROD00193,CUST00023,20231011,10,1,9202.76,0.0,9202.76,5114.96
ITEM0007615,ORD003659,PROD00142,CUST00023,20231011,10,1,8354.87,0.29,5931.96,1289.08
ITEM0007616,ORD003659,PROD00207,CUST00023,20231011,10,1,6547.46,0.0,6547.46,3772.35
ITEM0007617,ORD003660,PROD00193,CUST00413,20231030,2,2,9202.76,0.0,18405.52,10229.92
ITEM0007618,ORD003660,PROD00203,CUST00413,20231030,2,2,477.27,0.1,859.09,438.17
ITEM0007619,ORD003660,PROD00248,CUST00413,20231030,2,1,10128.22,0.08,9317.96,4667.98
ITEM0007620,ORD003661,PROD00098,CUST00098,20231014,1,1,2402.47,0.2,1921.98,652.02
ITEM0007621,ORD003662,PROD00091,CUST00535,20230325,7,1,1302.09,0.22,1015.63,335.83000000000004
ITEM0007622,ORD003662,PROD00289,CUST00535,20230325,7,1,3097.21,0.3,2168.05,867.8200000000002
ITEM0007623,ORD003663,PROD00237,CUST00308,20231027,8,1,8123.36,0.07,7554.72,3902.6600000000003
ITEM0007624,ORD003663,PROD00106,CUST00308,20231027,8,1,3963.99,0.0,3963.99,1538.4499999999998
ITEM0007625,ORD003664,PROD00082,CUST00118,20230326,1,2,3992.96,0.0,7985.92,4449.5
ITEM0007626,ORD003664,PROD00046,CUST00118,20230326,1,1,8988.77,0.07,8359.56,3602.709999999999
ITEM0007627,ORD003664,PROD00021,CUST00118,20230326,1,1,6443.82,0.0,6443.82,3269.37
ITEM0007628,ORD003664,PROD00216,CUST00118,20230326,1,1,3307.17,0.0,3307.17,1490.91
ITEM0007629,ORD003664,PROD00153,CUST00118,20230326,1,1,4010.2,0.0,4010.2,1551.0099999999998
ITEM0007630,ORD003665,PROD00053,CUST00249,20230825,3,2,7229.99,0.2,11567.98,5410.5199999999995
ITEM0007631,ORD003666,PROD00146,CUST00805,20230818,1,4,504.1,0.14,1734.1,816.2199999999999
ITEM0007632,ORD003667,PROD00276,CUST00580,20240626,10,1,8701.77,0.0,8701.77,5108.85
ITEM0007633,ORD003667,PROD00101,CUST00580,20240626,10,2,1373.9,0.0,2747.8,871.7200000000003
ITEM0007634,ORD003667,PROD00277,CUST00580,20240626,10,2,556.92,0.0,1113.84,594.3599999999999
ITEM0007635,ORD003667,PROD00135,CUST00580,20240626,10,1,2086.2,0.0,2086.2,1022.2399999999998
ITEM0007636,ORD003668,PROD00154,CUST00655,20230807,1,1,5526.27,0.2,4421.02,1456.3900000000003
ITEM0007637,ORD003669,PROD00195,CUST00640,20240328,10,1,9608.14,0.14,8263.0,4193.96
ITEM0007638,ORD003669,PROD00264,CUST00640,20240328,10,1,8008.38,0.0,8008.38,4554.62
ITEM0007639,ORD003670,PROD00058,CUST00414,20230925,10,1,4592.96,0.0,4592.96,1668.5300000000002
ITEM0007640,ORD003671,PROD00272,CUST00108,20230505,4,1,7587.4,0.14,6525.16,2027.9399999999996
ITEM0007641,ORD003671,PROD00127,CUST00108,20230505,4,4,5321.52,0.09,19370.33,9191.370000000003
ITEM0007642,ORD003672,PROD00189,CUST00254,20230520,2,1,7636.65,0.0,7636.65,3796.2299999999996
ITEM0007643,ORD003672,PROD00091,CUST00254,20230520,2,1,1302.09,0.0,1302.09,622.29
ITEM0007644,ORD003672,PROD00071,CUST00254,20230520,2,1,534.87,0.0,534.87,199.64999999999998
ITEM0007645,ORD003672,PROD00063,CUST00254,20230520,2,3,1083.33,0.24,2469.99,997.4099999999999
ITEM0007646,ORD003673,PROD00116,CUST00523,20230410,2,1,3835.95,0.05,3644.15,1170.81
ITEM0007647,ORD003673,PROD00269,CUST00523,20230410,2,1,2135.25,0.0,2135.25,1035.44
ITEM0007648,ORD003674,PROD00169,CUST00023,20230228,4,2,5358.09,0.0,10716.18,5969.34
ITEM0007649,ORD003675,PROD00045,CUST00910,20231229,7,1,4706.05,0.0,4706.05,1730.3900000000003
ITEM0007650,ORD003676,PROD00282,CUST00390,20230804,3,2,3504.39,0.0,7008.78,2486.8
ITEM0007651,ORD003676,PROD00020,CUST00390,20230804,3,1,7970.85,0.0,7970.85,4095.9300000000003
ITEM0007652,ORD003676,PROD00035,CUST00390,20230804,3,1,2576.9,0.0,2576.9,1165.71
ITEM0007653,ORD003677,PROD00057,CUST00842,20230316,6,2,4595.24,0.26,6800.96,2163.66
ITEM0007654,ORD003678,PROD00236,CUST00141,20241017,1,2,2661.51,0.02,5216.56,2757.3
ITEM0007655,ORD003678,PROD00257,CUST00141,20241017,1,1,855.76,0.18,701.72,-3551.4799999999996
ITEM0007656,ORD003679,PROD00182,CUST00598,20241027,4,2,3616.25,0.0,7232.5,3621.16
ITEM0007657,ORD003679,PROD00299,CUST00598,20241027,4,3,10649.19,0.0,31947.57,18455.399999999998
ITEM0007658,ORD003680,PROD00093,CUST00692,20230319,5,1,3802.74,0.24,2890.08,627.5099999999998
ITEM0007659,ORD003681,PROD00097,CUST00969,20241031,4,2,1492.36,0.0,2984.72,632.8399999999997
ITEM0007660,ORD003682,PROD00122,CUST00140,20241116,6,1,11549.43,0.0,11549.43,6611.5
ITEM0007661,ORD003683,PROD00178,CUST00685,20231117,10,1,7985.04,0.22,6228.33,2901.95
ITEM0007662,ORD003684,PROD00104,CUST00812,20240228,2,1,2043.03,0.0,2043.03,773.79
ITEM0007663,ORD003684,PROD00159,CUST00812,20240228,2,1,198.83,0.16,167.02,66.85000000000001
ITEM0007664,ORD003684,PROD00047,CUST00812,20240228,2,2,1589.57,0.0,3179.14,1216.08
ITEM0007665,ORD003684,PROD00009,CUST00812,20240228,2,2,5332.96,0.0,10665.92,6260.72
ITEM0007666,ORD003684,PROD00045,CUST00812,20240228,2,4,4706.05,0.0,18824.2,6921.560000000001
ITEM0007667,ORD003685,PROD00051,CUST00995,20240702,3,1,8693.03,0.0,8693.03,4189.18
ITEM0007668,ORD003686,PROD00255,CUST00547,20230303,2,4,7383.63,0.0,29534.52,16213.6
ITEM0007669,ORD003687,PROD00089,CUST00188,20230202,4,1,781.78,0.0,781.78,141.79999999999995
ITEM0007670,ORD003688,PROD00256,CUST00524,20231223,1,2,256.57,0.0,513.14,192.21999999999997
ITEM0007671,ORD003689,PROD00126,CUST00176,20241022,9,1,10802.22,0.0,10802.22,5958.2699999999995
ITEM0007672,ORD003689,PROD00288,CUST00176,20241022,9,1,2790.22,0.0,2790.22,1564.3799999999999
ITEM0007673,ORD003690,PROD00104,CUST00047,20231120,8,3,2043.03,0.0,6129.09,2321.37
ITEM0007674,ORD003691,PROD00221,CUST00370,20230805,5,2,901.85,0.21,1424.92,92.20000000000005
ITEM0007675,ORD003692,PROD00288,CUST00721,20231015,8,1,2790.22,0.0,2790.22,1564.3799999999999
ITEM0007676,ORD003692,PROD00268,CUST00721,20231015,8,1,852.32,0.18,698.9,219.25
ITEM0007677,ORD003693,PROD00041,CUST00400,20240802,5,1,3958.75,0.0,3958.75,1734.7399999999998
ITEM0007678,ORD003693,PROD00046,CUST00400,20240802,5,1,8988.77,0.0,8988.77,4231.92
ITEM0007679,ORD003694,PROD00036,CUST00050,20230224,7,2,7308.78,0.0,14617.56,7478.339999999999
ITEM0007680,ORD003694,PROD00171,CUST00050,20230224,7,1,546.18,0.0,546.18,279.16999999999996
ITEM0007681,ORD003695,PROD00130,CUST00400,20230519,5,2,3445.25,0.09,6270.36,1622.54
ITEM0007682,ORD003696,PROD00071,CUST00826,20240108,6,1,534.87,0.0,534.87,199.64999999999998
ITEM0007683,ORD003696,PROD00173,CUST00826,20240108,6,2,545.55,0.26,807.41,-8040.35
ITEM0007684,ORD003696,PROD00193,CUST00826,20240108,6,1,9202.76,0.0,9202.76,5114.96
ITEM0007685,ORD003697,PROD00173,CUST00925,20231227,5,1,2093.7,0.0,2093.7,-2330.1800000000003
ITEM0007686,ORD003697,PROD00289,CUST00925,20231227,5,1,3097.21,0.0,3097.21,1796.98
ITEM0007687,ORD003698,PROD00296,CUST00023,20230505,5,1,1188.71,0.02,1164.94,246.96000000000004
ITEM0007688,ORD003698,PROD00157,CUST00023,20230505,5,2,2525.54,0.0,5051.08,1902.3400000000001
ITEM0007689,ORD003699,PROD00253,CUST00618,20230722,7,1,791.63,0.0,791.63,272.5
ITEM0007690,ORD003699,PROD00235,CUST00618,20230722,7,1,1155.59,0.0,1155.59,671.1999999999999
ITEM0007691,ORD003699,PROD00179,CUST00618,20230722,7,1,6055.62,0.0,6055.62,3585.27
ITEM0007692,ORD003700,PROD00240,CUST00145,20230816,5,1,4510.78,0.0,4510.78,2528.3099999999995
ITEM0007693,ORD003700,PROD00238,CUST00145,20230816,5,1,7201.82,0.05,6841.73,3319.8499999999995
ITEM0007694,ORD003701,PROD00198,CUST00685,20240105,2,1,1516.26,0.0,1516.26,484.5899999999999
ITEM0007695,ORD003701,PROD00076,CUST00685,20240105,2,1,6038.15,0.21,4770.14,1838.5000000000005
ITEM0007696,ORD003701,PROD00087,CUST00685,20240105,2,3,4546.57,0.0,13639.71,7120.23
ITEM0007697,ORD003701,PROD00202,CUST00685,20240105,2,2,1016.59,0.0,2033.18,677.5
ITEM0007698,ORD003702,PROD00036,CUST00223,20230228,3,1,7308.78,0.0,7308.78,3739.1699999999996
ITEM0007699,ORD003703,PROD00119,CUST00253,20231101,10,1,9197.85,0.27,6714.43,2983.4700000000003
ITEM0007700,ORD003704,PROD00157,CUST00571,20240415,10,1,2525.54,0.0,2525.54,951.1700000000001
ITEM0007701,ORD003705,PROD00268,CUST00606,20240526,5,1,852.32,0.0,852.32,372.6700000000001
ITEM0007702,ORD003705,PROD00078,CUST00606,20240526,5,1,2028.86,0.0,2028.86,477.30999999999995
ITEM0007703,ORD003706,PROD00073,CUST00716,20240911,6,2,9071.35,0.0,18142.7,8879.08
ITEM0007704,ORD003707,PROD00075,CUST00178,20230429,8,4,6662.95,0.0,26651.8,13768.48
ITEM0007705,ORD003708,PROD00007,CUST00746,20241128,3,3,7518.69,0.14,19398.22,4503.640000000003
ITEM0007706,ORD003709,PROD00146,CUST00287,20241130,1,3,504.1,0.0,1512.3,823.89
ITEM0007707,ORD003709,PROD00132,CUST00287,20241130,1,1,5296.2,0.03,5137.31,950.1700000000001
ITEM0007708,ORD003709,PROD00230,CUST00287,20241130,1,3,8026.94,0.0,24080.82,13413.57
ITEM0007709,ORD003710,PROD00173,CUST00397,20240502,2,1,2758.97,0.0,2758.97,-1664.9100000000003
ITEM0007710,ORD003711,PROD00169,CUST00285,20230211,7,2,5358.09,0.19,8680.11,3933.2700000000004
ITEM0007711,ORD003711,PROD00118,CUST00285,20230211,7,1,8273.55,0.0,8273.55,3302.5199999999995
ITEM0007712,ORD003711,PROD00083,CUST00285,20230211,7,2,9425.24,0.0,18850.48,10237.58
ITEM0007713,ORD003712,PROD00045,CUST00237,20240122,9,1,4706.05,0.05,4470.75,1495.0900000000001
ITEM0007714,ORD003712,PROD00094,CUST00237,20240122,9,2,6449.58,0.0,12899.16,5525.54
ITEM0007715,ORD003712,PROD00025,CUST00237,20240122,9,1,3078.83,0.0,3078.83,572.75
ITEM0007716,ORD003713,PROD00193,CUST00725,20230520,3,1,9202.76,0.0,9202.76,5114.96
ITEM0007717,ORD003713,PROD00198,CUST00725,20230520,3,1,1516.26,0.0,1516.26,484.5899999999999
ITEM0007718,ORD003713,PROD00226,CUST00725,20230520,3,1,648.79,0.0,648.79,173.39
ITEM0007719,ORD003713,PROD00284,CUST00725,20230520,3,4,1981.58,0.0,7926.32,3000.88
ITEM0007720,ORD003714,PROD00094,CUST00652,20241126,6,2,6449.58,0.0,12899.16,5525.54
ITEM0007721,ORD003715,PROD00005,CUST00453,20230519,7,2,246.43,0.25,369.64,17.439999999999998
ITEM0007722,ORD003715,PROD00263,CUST00453,20230519,7,2,4979.64,0.19,8067.02,1438.4400000000005
ITEM0007723,ORD003716,PROD00189,CUST00716,20231122,5,3,7636.65,0.0,22909.95,11388.69
ITEM0007724,ORD003716,PROD00041,CUST00716,20231122,5,1,3958.75,0.24,3008.65,784.6399999999999
ITEM0007725,ORD003716,PROD00121,CUST00716,20231122,5,1,11305.27,0.0,11305.27,6474.55
ITEM0007726,ORD003717,PROD00174,CUST00749,20230718,3,1,4285.14,0.0,4285.14,2432.1800000000003
ITEM0007727,ORD003717,PROD00002,CUST00749,20230718,3,2,231.58,0.0,463.16,188.62
ITEM0007728,ORD003717,PROD00014,CUST00749,20230718,3,1,1451.31,0.0,1451.31,352.8699999999999
ITEM0007729,ORD003718,PROD00015,CUST00192,20240815,2,2,5418.41,0.0,10836.82,3090.5
ITEM0007730,ORD003718,PROD00070,CUST00192,20240815,2,1,6693.56,0.0,6693.56,2340.29
ITEM0007731,ORD003719,PROD00270,CUST00002,20240124,8,1,4350.17,0.0,4350.17,2211.92
ITEM0007732,ORD003720,PROD00223,CUST00395,20240618,10,4,2430.88,0.04,9334.58,4386.74
ITEM0007733,ORD003720,PROD00183,CUST00395,20240618,10,1,526.69,0.0,526.69,282.0300000000001
ITEM0007734,ORD003720,PROD00294,CUST00395,20240618,10,1,8182.59,0.0,8182.59,4331.59
ITEM0007735,ORD003720,PROD00244,CUST00395,20240618,10,1,4549.33,0.08,4185.38,1431.79
ITEM0007736,ORD003721,PROD00051,CUST00896,20230810,8,2,8693.03,0.23,13387.27,4379.57
ITEM0007737,ORD003722,PROD00194,CUST00186,20231231,1,1,535.55,0.3,374.88,156.09
ITEM0007738,ORD003722,PROD00037,CUST00186,20231231,1,2,5435.74,0.0,10871.48,6398.08
ITEM0007739,ORD003722,PROD00266,CUST00186,20231231,1,1,5956.89,0.0,5956.89,1078.0100000000002
ITEM0007740,ORD003722,PROD00195,CUST00186,20231231,1,1,9608.14,0.0,9608.14,5539.099999999999
ITEM0007741,ORD003723,PROD00298,CUST00032,20230816,10,3,5321.16,0.0,15963.48,5418.630000000001
ITEM0007742,ORD003724,PROD00083,CUST00461,20240423,4,1,9425.24,0.19,7634.44,3327.99
ITEM0007743,ORD003725,PROD00247,CUST00760,20230329,5,1,7341.91,0.0,7341.91,3685.56
ITEM0007744,ORD003726,PROD00078,CUST00707,20241201,8,1,2028.86,0.0,2028.86,477.30999999999995
ITEM0007745,ORD003726,PROD00208,CUST00707,20241201,8,4,4099.5,0.0,16398.0,3194.6399999999994
ITEM0007746,ORD003726,PROD00078,CUST00707,20241201,8,2,2028.86,0.0,4057.72,954.6199999999999
ITEM0007747,ORD003726,PROD00006,CUST00707,20241201,8,1,8153.69,0.13,7093.71,2975.54
ITEM0007748,ORD003727,PROD00021,CUST00153,20250622,7,2,6443.82,0.0,12887.64,6538.74
ITEM0007749,ORD003727,PROD00113,CUST00153,20250622,7,1,3472.93,0.0,3472.93,1654.1
ITEM0007750,ORD003727,PROD00231,CUST00153,20250622,7,2,3622.68,0.27,5289.11,742.3899999999994
ITEM0007751,ORD003727,PROD00105,CUST00153,20250622,7,1,3095.41,0.0,3095.41,1367.85
ITEM0007752,ORD003728,PROD00098,CUST00177,20230604,1,1,2402.47,0.0,2402.47,1132.5099999999998
ITEM0007753,ORD003728,PROD00173,CUST00177,20230604,1,1,1658.99,0.0,1658.99,-2764.8900000000003
ITEM0007754,ORD003729,PROD00095,CUST00535,20230505,10,1,1505.02,0.0,1505.02,539.46
ITEM0007755,ORD003730,PROD00240,CUST00717,20241020,6,2,4510.78,0.0,9021.56,5056.619999999999
ITEM0007756,ORD003731,PROD00053,CUST00831,20231202,10,2,7229.99,0.0,14459.98,8302.52
ITEM0007757,ORD003732,PROD00056,CUST00472,20230428,6,1,6326.27,0.22,4934.49,2391.1
ITEM0007758,ORD003732,PROD00257,CUST00472,20230428,6,4,1371.33,0.03,5320.75,-11692.05
ITEM0007759,ORD003732,PROD00251,CUST00472,20230428,6,1,3365.3,0.0,3365.3,1990.8100000000002
ITEM0007760,ORD003732,PROD00232,CUST00472,20230428,6,2,3144.6,0.0,6289.2,3220.8999999999996
ITEM0007761,ORD003732,PROD00239,CUST00472,20230428,6,2,467.33,0.0,934.66,526.02
ITEM0007762,ORD003733,PROD00042,CUST00839,20230115,9,1,8235.83,0.0,8235.83,4137.96
ITEM0007763,ORD003733,PROD00187,CUST00839,20230115,9,2,6641.17,0.0,13282.34,5675.360000000001
ITEM0007764,ORD003734,PROD00015,CUST00290,20240911,2,3,5418.41,0.0,16255.23,4635.75
ITEM0007765,ORD003735,PROD00092,CUST00970,20230505,4,1,1552.76,0.04,1490.65,652.6100000000001
ITEM0007766,ORD003736,PROD00207,CUST00506,20240309,6,2,6547.46,0.0,13094.92,7544.7
ITEM0007767,ORD003736,PROD00229,CUST00506,20240309,6,1,726.54,0.0,726.54,250.2
ITEM0007768,ORD003736,PROD00295,CUST00506,20240309,6,2,895.09,0.0,1790.18,351.48
ITEM0007769,ORD003736,PROD00157,CUST00506,20240309,6,1,2525.54,0.0,2525.54,951.1700000000001
ITEM0007770,ORD003737,PROD00038,CUST00973,20231213,1,1,1983.28,0.0,1983.28,1035.78
ITEM0007771,ORD003738,PROD00022,CUST00304,20230214,10,1,1547.99,0.26,1145.51,501.95000000000005
ITEM0007772,ORD003738,PROD00021,CUST00304,20230214,10,4,6443.82,0.03,25002.02,12304.220000000001
ITEM0007773,ORD003738,PROD00293,CUST00304,20230214,10,1,5361.88,0.0,5361.88,967.4899999999998
ITEM0007774,ORD003738,PROD00001,CUST00304,20230214,10,1,9272.65,0.0,9272.65,4723.48
ITEM0007775,ORD003739,PROD00022,CUST00637,20240227,5,2,1547.99,0.0,3095.98,1808.8600000000001
ITEM0007776,ORD003740,PROD00026,CUST00107,20231214,9,1,992.19,0.04,952.5,478.57
ITEM0007777,ORD003741,PROD00049,CUST00813,20231112,4,1,5326.74,0.25,3995.06,75.44000000000005
ITEM0007778,ORD003741,PROD00190,CUST00813,20231112,4,3,3528.69,0.1,9527.46,4506.419999999999
ITEM0007779,ORD003742,PROD00282,CUST00978,20241129,5,1,3504.39,0.0,3504.39,1243.4
ITEM0007780,ORD003743,PROD00185,CUST00679,20230925,4,1,2719.98,0.0,2719.98,1485.46
ITEM0007781,ORD003743,PROD00110,CUST00679,20230925,4,3,7163.14,0.0,21489.42,12850.589999999998
ITEM0007782,ORD003743,PROD00163,CUST00679,20230925,4,1,2745.97,0.0,2745.97,1370.6399999999999
ITEM0007783,ORD003743,PROD00126,CUST00679,20230925,4,1,10802.22,0.0,10802.22,5958.2699999999995
ITEM0007784,ORD003744,PROD00126,CUST00110,20231021,7,1,10802.22,0.0,10802.22,5958.2699999999995
ITEM0007785,ORD003745,PROD00195,CUST00992,20230920,1,1,9608.14,0.05,9127.73,5058.69
ITEM0007786,ORD003745,PROD00061,CUST00992,20230920,1,2,4205.57,0.0,8411.14,1892.3399999999992
ITEM0007787,ORD003746,PROD00005,CUST00524,20240731,6,1,246.43,0.0,246.43,70.33000000000001
ITEM0007788,ORD003746,PROD00180,CUST00524,20240731,6,1,7030.69,0.08,6468.23,3545.6399999999994
ITEM0007789,ORD003747,PROD00068,CUST00405,20230225,7,1,1589.23,0.0,1589.23,380.1600000000001
ITEM0007790,ORD003747,PROD00158,CUST00405,20230225,7,1,8138.6,0.0,8138.6,4091.0800000000004
ITEM0007791,ORD003748,PROD00248,CUST00459,20240531,10,1,10128.22,0.0,10128.22,5478.24
ITEM0007792,ORD003748,PROD00058,CUST00459,20240531,10,2,4592.96,0.0,9185.92,3337.0600000000004
ITEM0007793,ORD003749,PROD00249,CUST00466,20230810,8,1,4279.09,0.0,4279.09,2277.3500000000004
ITEM0007794,ORD003749,PROD00038,CUST00466,20230810,8,2,1983.28,0.14,3411.24,1516.2399999999998
ITEM0007795,ORD003749,PROD00157,CUST00466,20230810,8,3,2525.54,0.0,7576.62,2853.51
ITEM0007796,ORD003750,PROD00046,CUST00759,20240317,5,1,8988.77,0.0,8988.77,4231.92
ITEM0007797,ORD003750,PROD00287,CUST00759,20240317,5,1,6559.01,0.0,6559.01,3257.69
ITEM0007798,ORD003751,PROD00245,CUST00959,20230910,8,1,6215.91,0.0,6215.91,2418.97
ITEM0007799,ORD003751,PROD00175,CUST00959,20230910,8,2,8513.93,0.11,15154.8,6109.799999999999
ITEM0007800,ORD003751,PROD00240,CUST00959,20230910,8,2,4510.78,0.0,9021.56,5056.619999999999
ITEM0007801,ORD003751,PROD00292,CUST00959,20230910,8,2,5910.44,0.11,10520.58,4675.66
ITEM0007802,ORD003752,PROD00127,CUST00644,20240509,10,2,5321.52,0.0,10643.04,5553.560000000001
ITEM0007803,ORD003753,PROD00077,CUST00404,20240118,10,1,7101.66,0.0,7101.66,3215.7
ITEM0007804,ORD003753,PROD00211,CUST00404,20240118,10,2,1624.33,0.0,3248.66,739.6199999999999
ITEM0007805,ORD003753,PROD00084,CUST00404,20240118,10,1,7622.23,0.0,7622.23,4311.3099999999995
ITEM0007806,ORD003753,PROD00148,CUST00404,20240118,10,2,3870.28,0.0,7740.56,3884.0800000000004
ITEM0007807,ORD003754,PROD00058,CUST00776,20230523,1,2,4592.96,0.0,9185.92,3337.0600000000004
ITEM0007808,ORD003755,PROD00189,CUST00976,20240425,4,1,7636.65,0.2,6109.32,2268.8999999999996
ITEM0007809,ORD003755,PROD00048,CUST00976,20240425,4,4,1926.71,0.0,7706.84,2498.6000000000004
ITEM0007810,ORD003755,PROD00185,CUST00976,20240425,4,2,2719.98,0.0,5439.96,2970.92
ITEM0007811,ORD003756,PROD00182,CUST00190,20250510,2,4,3616.25,0.0,14465.0,7242.32
ITEM0007812,ORD003756,PROD00002,CUST00190,20250510,2,1,231.58,0.0,231.58,94.31
ITEM0007813,ORD003756,PROD00151,CUST00190,20250510,2,1,5518.05,0.0,5518.05,1305.9800000000005
ITEM0007814,ORD003757,PROD00299,CUST00676,20240413,9,1,10649.19,0.0,10649.19,6151.8
ITEM0007815,ORD003757,PROD00248,CUST00676,20240413,9,1,10128.22,0.0,10128.22,5478.24
ITEM0007816,ORD003757,PROD00243,CUST00676,20240413,9,2,6308.05,0.29,8957.43,2290.1500000000005
ITEM0007817,ORD003757,PROD00281,CUST00676,20240413,9,2,7979.23,0.0,15958.46,7936.039999999999
ITEM0007818,ORD003757,PROD00139,CUST00676,20240413,9,2,5962.8,0.0,11925.6,6199.3
ITEM0007819,ORD003758,PROD00188,CUST00146,20230828,5,1,1657.41,0.22,1292.78,-34.58999999999992
ITEM0007820,ORD003759,PROD00155,CUST00804,20240706,1,1,1532.82,0.0,1532.82,428.0
ITEM0007821,ORD003759,PROD00111,CUST00804,20240706,1,1,5596.44,0.21,4421.19,1855.7699999999995
ITEM0007822,ORD003759,PROD00269,CUST00804,20240706,1,1,2135.25,0.24,1622.79,522.98
ITEM0007823,ORD003759,PROD00251,CUST00804,20240706,1,2,3365.3,0.02,6595.99,3847.0099999999998
ITEM0007824,ORD003760,PROD00223,CUST00418,20230806,10,2,2430.88,0.0,4861.76,2387.84
ITEM0007825,ORD003760,PROD00234,CUST00418,20230806,10,1,9552.76,0.0,9552.76,5040.68
ITEM0007826,ORD003760,PROD00117,CUST00418,20230806,10,2,498.3,0.19,807.25,404.13
ITEM0007827,ORD003761,PROD00012,CUST00841,20230316,4,4,7089.43,0.26,20984.71,8208.47
ITEM0007828,ORD003762,PROD00222,CUST00528,20240825,6,1,3002.04,0.25,2251.53,427.7600000000002
ITEM0007829,ORD003763,PROD00014,CUST00887,20240330,8,2,1451.31,0.0,2902.62,705.7399999999998
ITEM0007830,ORD003763,PROD00067,CUST00887,20240330,8,1,996.38,0.0,996.38,381.22
ITEM0007831,ORD003763,PROD00156,CUST00887,20240330,8,1,1816.09,0.0,1816.09,1047.7199999999998
ITEM0007832,ORD003763,PROD00214,CUST00887,20240330,8,3,8107.58,0.0,24322.74,10976.220000000001
ITEM0007833,ORD003763,PROD00276,CUST00887,20240330,8,1,8701.77,0.0,8701.77,5108.85
ITEM0007834,ORD003764,PROD00205,CUST00046,20240312,1,1,6283.38,0.0,6283.38,1439.62
ITEM0007835,ORD003765,PROD00103,CUST00893,20230911,8,1,9136.07,0.0,9136.07,4587.94
ITEM0007836,ORD003766,PROD00089,CUST00748,20230323,8,1,781.78,0.0,781.78,141.79999999999995
ITEM0007837,ORD003767,PROD00230,CUST00677,20230326,7,2,8026.94,0.14,-13806.34,-20917.84
ITEM0007838,ORD003767,PROD00060,CUST00677,20230326,7,2,532.72,0.29,-756.46,-1319.1399999999999
ITEM0007839,ORD003768,PROD00144,CUST00914,20240102,8,4,9953.38,0.0,39813.52,21089.879999999997
ITEM0007840,ORD003769,PROD00023,CUST00996,20230919,6,1,3506.84,0.16,2945.75,1461.68
ITEM0007841,ORD003769,PROD00268,CUST00996,20230919,6,1,852.32,0.15,724.47,244.82000000000005
ITEM0007842,ORD003770,PROD00095,CUST00779,20231025,9,2,1505.02,0.0,3010.04,1078.92
ITEM0007843,ORD003771,PROD00240,CUST00371,20240602,4,1,4510.78,0.15,3834.16,1851.6899999999998
ITEM0007844,ORD003771,PROD00038,CUST00371,20240602,4,1,1983.28,0.0,1983.28,1035.78
ITEM0007845,ORD003772,PROD00207,CUST00513,20240530,8,1,6547.46,0.0,6547.46,3772.35
ITEM0007846,ORD003773,PROD00089,CUST00085,20230626,3,1,781.78,0.0,781.78,141.79999999999995
ITEM0007847,ORD003774,PROD00136,CUST00919,20240620,3,2,621.23,0.0,1242.46,727.52
ITEM0007848,ORD003774,PROD00240,CUST00919,20240620,3,1,4510.78,0.0,4510.78,2528.3099999999995
ITEM0007849,ORD003775,PROD00097,CUST00217,20230506,3,2,1492.36,0.17,2477.32,125.44000000000005
ITEM0007850,ORD003776,PROD00272,CUST00946,20230922,6,2,7587.4,0.0,15174.8,6180.359999999999
ITEM0007851,ORD003776,PROD00291,CUST00946,20230922,6,1,1173.69,0.0,1173.69,495.6700000000001
ITEM0007852,ORD003777,PROD00028,CUST00752,20230424,8,1,214.4,0.18,175.81,26.120000000000005
ITEM0007853,ORD003777,PROD00238,CUST00752,20230424,8,1,7201.82,0.0,7201.82,3679.9399999999996
ITEM0007854,ORD003778,PROD00074,CUST00562,20240303,10,1,9420.21,0.18,7724.57,3401.2799999999997
ITEM0007855,ORD003778,PROD00288,CUST00562,20240303,10,1,2790.22,0.04,2678.61,1452.7700000000002
ITEM0007856,ORD003778,PROD00024,CUST00562,20240303,10,2,10115.71,0.25,15173.56,6696.24
ITEM0007857,ORD003779,PROD00199,CUST00380,20231114,8,2,3657.98,0.0,7315.96,3665.32
ITEM0007858,ORD003779,PROD00126,CUST00380,20231114,8,1,10802.22,0.0,10802.22,5958.2699999999995
ITEM0007859,ORD003779,PROD00253,CUST00380,20231114,8,1,791.63,0.0,791.63,272.5
ITEM0007860,ORD003780,PROD00217,CUST00955,20240214,6,1,260.84,0.0,260.84,55.76999999999998
ITEM0007861,ORD003781,PROD00132,CUST00997,20240507,7,1,5296.2,0.18,4342.88,155.73999999999978
ITEM0007862,ORD003782,PROD00204,CUST00144,20241018,10,2,3352.35,0.0,-6704.7,-10730.88
ITEM0007863,ORD003782,PROD00280,CUST00144,20241018,10,2,4625.83,0.0,9251.66,4954.48
ITEM0007864,ORD003782,PROD00202,CUST00144,20241018,10,1,1016.59,0.0,1016.59,338.75
ITEM0007865,ORD003783,PROD00278,CUST00503,20230314,6,2,629.94,0.0,1259.88,291.1200000000001
ITEM0007866,ORD003783,PROD00246,CUST00503,20230314,6,2,8011.14,0.28,11536.04,3395.6600000000008
ITEM0007867,ORD003783,PROD00198,CUST00503,20230314,6,1,1516.26,0.0,1516.26,484.5899999999999
ITEM0007868,ORD003783,PROD00138,CUST00503,20230314,6,1,10725.29,0.0,10725.29,6249.430000000001
ITEM0007869,ORD003784,PROD00202,CUST00138,20240625,10,2,1016.59,0.19,1646.88,291.20000000000005
ITEM0007870,ORD003785,PROD00109,CUST00759,20231103,5,3,7944.57,0.0,23833.71,10697.399999999998
ITEM0007871,ORD003785,PROD00180,CUST00759,20231103,5,1,7030.69,0.0,7030.69,4108.099999999999
ITEM0007872,ORD003785,PROD00150,CUST00759,20231103,5,1,290.6,0.04,278.98,149.81000000000003
ITEM0007873,ORD003785,PROD00154,CUST00759,20231103,5,1,5526.27,0.03,5360.48,2395.8499999999995
ITEM0007874,ORD003785,PROD00190,CUST00759,20231103,5,1,3528.69,0.0,3528.69,1855.01
ITEM0007875,ORD003786,PROD00168,CUST00709,20240106,1,1,5760.76,0.28,4147.75,776.02
ITEM0007876,ORD003787,PROD00174,CUST00803,20240423,4,1,4285.14,0.29,3042.45,1189.4899999999998
ITEM0007877,ORD003788,PROD00216,CUST00390,20230305,8,1,3307.17,0.16,2778.02,961.76
ITEM0007878,ORD003788,PROD00260,CUST00390,20230305,8,2,8617.38,0.0,17234.76,8243.719999999998
ITEM0007879,ORD003788,PROD00079,CUST00390,20230305,8,1,7182.12,0.0,7182.12,3850.66
ITEM0007880,ORD003789,PROD00098,CUST00039,20240821,4,1,2402.47,0.0,2402.47,1132.5099999999998
ITEM0007881,ORD003790,PROD00260,CUST00558,20230402,4,2,8617.38,0.0,17234.76,8243.719999999998
ITEM0007882,ORD003790,PROD00169,CUST00558,20230402,4,1,5358.09,0.08,4929.44,2556.0199999999995
ITEM0007883,ORD003791,PROD00268,CUST00944,20230422,2,2,852.32,0.08,1568.27,608.97
ITEM0007884,ORD003792,PROD00003,CUST00258,20231229,9,1,2902.0,0.0,2902.0,1490.72
ITEM0007885,ORD003793,PROD00049,CUST00714,20230517,5,1,5326.74,0.0,5326.74,1407.12
ITEM0007886,ORD003793,PROD00018,CUST00714,20230517,5,2,2803.77,0.02,5495.39,1785.8100000000004
ITEM0007887,ORD003793,PROD00223,CUST00714,20230517,5,2,2430.88,0.04,4667.29,2193.37
ITEM0007888,ORD003793,PROD00025,CUST00714,20230517,5,2,3078.83,0.0,6157.66,1145.5
ITEM0007889,ORD003794,PROD00299,CUST00198,20231011,7,2,10649.19,0.0,21298.38,12303.6
ITEM0007890,ORD003795,PROD00234,CUST00325,20230805,2,1,9552.76,0.18,7833.26,3321.1800000000003
ITEM0007891,ORD003795,PROD00020,CUST00325,20230805,2,4,7970.85,0.0,31883.4,16383.720000000001
ITEM0007892,ORD003796,PROD00169,CUST00730,20240412,2,1,5358.09,0.0,5358.09,2984.67
ITEM0007893,ORD003797,PROD00289,CUST00443,20240924,4,1,3097.21,0.0,3097.21,1796.98
ITEM0007894,ORD003797,PROD00186,CUST00443,20240924,4,3,1445.96,0.0,4337.88,2488.02
ITEM0007895,ORD003798,PROD00108,CUST00728,20231230,9,1,7407.37,0.18,6074.04,3063.41
ITEM0007896,ORD003798,PROD00140,CUST00728,20231230,9,1,1718.72,0.0,1718.72,936.76
ITEM0007897,ORD003799,PROD00062,CUST00335,20230525,7,3,5673.89,0.0,17021.67,6089.8499999999985
ITEM0007898,ORD003800,PROD00186,CUST00794,20230424,7,2,1445.96,0.0,2891.92,1658.68
ITEM0007899,ORD003800,PROD00008,CUST00794,20230424,7,1,5338.8,0.0,5338.8,2219.09
ITEM0007900,ORD003801,PROD00278,CUST00721,20240307,3,1,629.94,0.0,629.94,145.56000000000006
ITEM0007901,ORD003802,PROD00062,CUST00141,20231018,7,1,5673.89,0.29,4028.46,384.52
ITEM0007902,ORD003803,PROD00080,CUST00196,20240413,7,2,862.91,0.0,1725.82,789.4
ITEM0007903,ORD003803,PROD00218,CUST00196,20240413,7,3,6300.23,0.0,18900.69,10748.159999999998
ITEM0007904,ORD003803,PROD00241,CUST00196,20240413,7,2,1675.99,0.0,3351.97,-5222.85
ITEM0007905,ORD003804,PROD00219,CUST00833,20230403,1,1,344.65,0.21,272.27,83.60999999999999
ITEM0007906,ORD003805,PROD00207,CUST00806,20241126,10,1,6547.46,0.1,5892.71,3117.6
ITEM0007907,ORD003806,PROD00236,CUST00193,20230110,9,1,2661.51,0.1,2395.36,1165.73
ITEM0007908,ORD003806,PROD00049,CUST00193,20230110,9,1,5326.74,0.04,5113.67,1194.0500000000002
ITEM0007909,ORD003806,PROD00035,CUST00193,20230110,9,1,2576.9,0.14,2216.13,804.94
ITEM0007910,ORD003806,PROD00100,CUST00193,20230110,9,1,8661.69,0.0,8661.69,4965.460000000001
ITEM0007911,ORD003806,PROD00068,CUST00193,20230110,9,2,1589.23,0.0,3178.46,760.3200000000002
ITEM0007912,ORD003807,PROD00025,CUST00795,20230508,6,1,3078.83,0.0,3078.83,572.75
ITEM0007913,ORD003808,PROD00022,CUST00176,20240127,5,1,1547.99,0.17,1284.83,641.27
ITEM0007914,ORD003808,PROD00193,CUST00176,20240127,5,1,9202.76,0.0,9202.76,5114.96
ITEM0007915,ORD003809,PROD00134,CUST00037,20230604,2,1,1127.73,0.29,800.69,-58.989999999999895
ITEM0007916,ORD003810,PROD00178,CUST00218,20240908,6,1,7985.04,0.0,7985.04,4658.66
ITEM0007917,ORD003810,PROD00260,CUST00218,20240908,6,1,8617.38,0.29,6118.34,1622.8199999999997
ITEM0007918,ORD003810,PROD00023,CUST00218,20240908,6,1,3506.84,0.08,3226.29,1742.22
ITEM0007919,ORD003810,PROD00170,CUST00218,20240908,6,2,1830.72,0.0,3661.44,-1017.9599999999996
ITEM0007920,ORD003811,PROD00216,CUST00132,20240128,6,1,3307.17,0.0,3307.17,1490.91
ITEM0007921,ORD003811,PROD00172,CUST00132,20240128,6,1,734.93,0.0,734.93,426.03
ITEM0007922,ORD003812,PROD00005,CUST00055,20230829,8,1,246.43,0.29,174.97,-1.1299999999999955
ITEM0007923,ORD003813,PROD00042,CUST00689,20230309,5,1,8235.83,0.0,8235.83,4137.96
ITEM0007924,ORD003814,PROD00215,CUST00195,20231101,6,1,379.53,0.21,299.83,-4.699999999999989
ITEM0007925,ORD003814,PROD00246,CUST00195,20231101,6,2,8011.14,0.04,15381.39,7241.009999999999
ITEM0007926,ORD003815,PROD00281,CUST00756,20230806,4,2,7979.23,0.23,12288.01,4265.59
ITEM0007927,ORD003815,PROD00096,CUST00756,20230806,4,1,4639.15,0.0,4639.15,2414.68
ITEM0007928,ORD003815,PROD00300,CUST00756,20230806,4,3,1343.36,0.18,3304.67,1420.4299999999998
ITEM0007929,ORD003815,PROD00071,CUST00756,20230806,4,1,534.87,0.0,534.87,199.64999999999998
ITEM0007930,ORD003815,PROD00178,CUST00756,20230806,4,3,7985.04,0.0,23955.12,13975.98
ITEM0007931,ORD003816,PROD00154,CUST00811,20240914,8,1,5526.27,0.0,5526.27,2561.6400000000003
ITEM0007932,ORD003816,PROD00278,CUST00811,20240914,8,1,629.94,0.0,629.94,145.56000000000006
ITEM0007933,ORD003816,PROD00146,CUST00811,20240914,8,1,504.1,0.0,504.1,274.63
ITEM0007934,ORD003816,PROD00117,CUST00811,20240914,8,2,498.3,0.18,817.21,414.09000000000003
ITEM0007935,ORD003817,PROD00214,CUST00025,20230330,10,1,8107.58,0.05,7702.2,3253.3599999999997
ITEM0007936,ORD003817,PROD00162,CUST00025,20230330,10,1,3555.3,0.0,3555.3,1085.0700000000002
ITEM0007937,ORD003817,PROD00100,CUST00025,20230330,10,2,8661.69,0.0,17323.38,9930.920000000002
ITEM0007938,ORD003818,PROD00193,CUST00242,20230628,6,1,9202.76,0.09,8374.51,4286.71
ITEM0007939,ORD003818,PROD00155,CUST00242,20230628,6,1,1532.82,0.15,1302.9,198.08000000000015
ITEM0007940,ORD003818,PROD00048,CUST00242,20230628,6,1,1926.71,0.0,1926.71,624.6500000000001
ITEM0007941,ORD003819,PROD00008,CUST00645,20240501,4,4,5338.8,0.0,21355.2,8876.36
ITEM0007942,ORD003819,PROD00034,CUST00645,20240501,4,1,2533.01,0.0,2533.01,828.0700000000002
ITEM0007943,ORD003819,PROD00086,CUST00645,20240501,4,1,5791.83,0.0,5791.83,3175.86
ITEM0007944,ORD003819,PROD00175,CUST00645,20240501,4,3,8513.93,0.0,25541.79,11974.29
ITEM0007945,ORD003819,PROD00245,CUST00645,20240501,4,1,6215.91,0.0,6215.91,2418.97
ITEM0007946,ORD003820,PROD00121,CUST00449,20230308,3,1,11305.27,0.0,11305.27,6474.55
ITEM0007947,ORD003821,PROD00015,CUST00571,20231114,2,1,5418.41,0.23,4172.18,299.02000000000044
ITEM0007948,ORD003821,PROD00128,CUST00571,20231114,2,1,4199.76,0.0,4199.76,1536.15
ITEM0007949,ORD003822,PROD00140,CUST00109,20240314,6,2,1718.72,0.14,2956.2,1392.2799999999997
ITEM0007950,ORD003822,PROD00218,CUST00109,20240314,6,2,6300.23,0.0,12600.46,7165.439999999999
ITEM0007951,ORD003823,PROD00282,CUST00622,20230511,5,1,3504.39,0.0,3504.39,1243.4
ITEM0007952,ORD003823,PROD00206,CUST00622,20230511,5,1,8632.13,0.0,8632.13,3966.2699999999995
ITEM0007953,ORD003823,PROD00058,CUST00622,20230511,5,3,4592.96,0.27,10058.58,1285.2900000000009
ITEM0007954,ORD003824,PROD00200,CUST00061,20231221,2,1,7131.42,0.13,6204.34,2176.52
ITEM0007955,ORD003824,PROD00209,CUST00061,20231221,2,2,3816.19,0.13,6640.17,3161.67
ITEM0007956,ORD003825,PROD00059,CUST00052,20240806,7,2,11784.91,0.17,19562.95,9680.990000000002
ITEM0007957,ORD003826,PROD00214,CUST00907,20241021,6,2,8107.58,0.07,15080.1,6182.42
ITEM0007958,ORD003826,PROD00195,CUST00907,20241021,6,1,9608.14,0.25,7206.1,3137.0600000000004
ITEM0007959,ORD003826,PROD00219,CUST00907,20241021,6,2,344.65,0.0,689.3,311.97999999999996
ITEM0007960,ORD003826,PROD00105,CUST00907,20241021,6,1,3095.41,0.01,3064.46,1336.9
ITEM0007961,ORD003827,PROD00178,CUST00722,20230809,10,4,7985.04,0.0,31940.16,18634.64
ITEM0007962,ORD003827,PROD00118,CUST00722,20230809,10,3,8273.55,0.0,24820.65,9907.560000000001
ITEM0007963,ORD003828,PROD00114,CUST00461,20230815,2,1,2295.26,0.0,2295.26,410.24000000000024
ITEM0007964,ORD003829,PROD00184,CUST00249,20240905,10,1,1498.15,0.0,1498.15,877.6700000000001
ITEM0007965,ORD003829,PROD00045,CUST00249,20240905,10,3,4706.05,0.0,14118.15,5191.17
ITEM0007966,ORD003829,PROD00042,CUST00249,20240905,10,1,8235.83,0.01,8153.47,4055.6000000000004
ITEM0007967,ORD003829,PROD00065,CUST00249,20240905,10,1,6570.64,0.06,6176.4,1337.3499999999995
ITEM0007968,ORD003830,PROD00090,CUST00822,20231022,3,2,494.65,0.0,989.3,509.15999999999997
ITEM0007969,ORD003830,PROD00103,CUST00822,20231022,3,2,9136.07,0.0,18272.14,9175.88
ITEM0007970,ORD003831,PROD00207,CUST00035,20230701,7,1,6547.46,0.0,6547.46,3772.35
ITEM0007971,ORD003831,PROD00017,CUST00035,20230701,7,1,9163.85,0.17,7606.0,3908.57
ITEM0007972,ORD003832,PROD00163,CUST00004,20230216,5,1,2745.97,0.0,2745.97,1370.6399999999999
ITEM0007973,ORD003833,PROD00196,CUST00274,20240206,5,1,6703.46,0.0,6703.46,3818.81
ITEM0007974,ORD003833,PROD00074,CUST00274,20240206,5,2,9420.21,0.27,13753.51,5106.93
ITEM0007975,ORD003833,PROD00283,CUST00274,20240206,5,1,7427.34,0.23,5719.05,1154.8100000000004
ITEM0007976,ORD003833,PROD00156,CUST00274,20240206,5,2,1816.09,0.0,3632.18,2095.4399999999996
ITEM0007977,ORD003833,PROD00184,CUST00274,20240206,5,1,1498.15,0.09,1363.32,742.8399999999999
ITEM0007978,ORD003834,PROD00058,CUST00096,20240825,5,1,4592.96,0.11,4087.73,1163.3000000000002
ITEM0007979,ORD003835,PROD00226,CUST00058,20241008,8,1,648.79,0.0,648.79,173.39
ITEM0007980,ORD003836,PROD00174,CUST00736,20240212,9,1,4285.14,0.0,4285.14,2432.1800000000003
ITEM0007981,ORD003836,PROD00073,CUST00736,20240212,9,1,9071.35,0.17,7529.22,2897.41
ITEM0007982,ORD003836,PROD00031,CUST00736,20240212,9,1,4066.81,0.28,2928.1,271.52999999999975
ITEM0007983,ORD003837,PROD00084,CUST00944,20240401,9,1,7622.23,0.0,7622.23,4311.3099999999995
ITEM0007984,ORD003838,PROD00082,CUST00554,20230712,6,1,3992.96,0.0,3992.96,2224.75
ITEM0007985,ORD003838,PROD00257,CUST00554,20230712,6,1,2577.86,0.06,2423.19,-1830.0099999999998
ITEM0007986,ORD003839,PROD00004,CUST00434,20241112,4,1,4097.38,0.29,2909.14,-490.0300000000002
ITEM0007987,ORD003839,PROD00292,CUST00434,20241112,4,2,5910.44,0.0,11820.88,5975.959999999999
ITEM0007988,ORD003839,PROD00191,CUST00434,20241112,4,3,4249.81,0.0,12749.43,4014.870000000001
ITEM0007989,ORD003839,PROD00298,CUST00434,20241112,4,1,5321.16,0.0,5321.16,1806.21
ITEM0007990,ORD003840,PROD00202,CUST00981,20241022,8,1,1016.59,0.0,1016.59,338.75
ITEM0007991,ORD003841,PROD00128,CUST00124,20240228,8,1,4199.76,0.0,4199.76,1536.15
ITEM0007992,ORD003841,PROD00262,CUST00124,20240228,8,1,1460.84,0.0,1460.84,737.4499999999999
ITEM0007993,ORD003842,PROD00038,CUST00297,20230905,5,2,1983.28,0.0,3966.56,2071.56
ITEM0007994,ORD003843,PROD00257,CUST00363,20240123,7,3,2116.55,0.0,6349.65,-6409.949999999999
ITEM0007995,ORD003843,PROD00264,CUST00363,20240123,7,1,8008.38,0.0,8008.38,4554.62
ITEM0007996,ORD003843,PROD00164,CUST00363,20240123,7,1,5504.82,0.0,5504.82,2380.74
ITEM0007997,ORD003844,PROD00017,CUST00304,20231209,7,1,9163.85,0.0,9163.85,5466.42
ITEM0007998,ORD003844,PROD00231,CUST00304,20231209,7,1,3622.68,0.0,3622.68,1349.3199999999997
ITEM0007999,ORD003844,PROD00004,CUST00304,20231209,7,1,4097.38,0.0,4097.38,698.21
ITEM0008000,ORD003844,PROD00224,CUST00304,20231209,7,1,8522.29,0.0,8522.29,4734.700000000001
ITEM0008001,ORD003844,PROD00094,CUST00304,20231209,7,1,6449.58,0.15,5482.14,1795.3300000000004
ITEM0008002,ORD003845,PROD00071,CUST00322,20230728,2,2,534.87,0.16,898.58,228.14
ITEM0008003,ORD003845,PROD00160,CUST00322,20230728,2,1,1750.19,0.0,1750.19,438.8800000000001
ITEM0008004,ORD003845,PROD00010,CUST00322,20230728,2,3,2259.53,0.26,5016.16,2162.5299999999997
ITEM0008005,ORD003846,PROD00262,CUST00583,20240210,7,1,1460.84,0.0,1460.84,737.4499999999999
ITEM0008006,ORD003846,PROD00254,CUST00583,20240210,7,1,3623.42,0.0,3623.42,725.1199999999999
ITEM0008007,ORD003846,PROD00139,CUST00583,20240210,7,2,5962.8,0.0,11925.6,6199.3
ITEM0008008,ORD003847,PROD00090,CUST00809,20231202,7,1,494.65,0.0,494.65,254.57999999999998
ITEM0008009,ORD003847,PROD00242,CUST00809,20231202,7,1,2496.43,0.05,2371.61,386.7600000000002
ITEM0008010,ORD003847,PROD00219,CUST00809,20231202,7,3,344.65,0.0,1033.95,467.97
ITEM0008011,ORD003847,PROD00169,CUST00809,20231202,7,2,5358.09,0.0,10716.18,5969.34
ITEM0008012,ORD003847,PROD00080,CUST00809,20231202,7,1,862.91,0.0,862.91,394.7
ITEM0008013,ORD003848,PROD00256,CUST00459,20230813,6,2,256.57,0.0,513.14,192.21999999999997
ITEM0008014,ORD003848,PROD00202,CUST00459,20230813,6,3,1016.59,0.0,3049.77,1016.25
ITEM0008015,ORD003848,PROD00064,CUST00459,20230813,6,1,4268.27,0.0,4268.27,2240.9700000000003
ITEM0008016,ORD003848,PROD00010,CUST00459,20230813,6,2,2259.53,0.0,4519.06,2616.6400000000003
ITEM0008017,ORD003848,PROD00294,CUST00459,20230813,6,1,8182.59,0.28,5891.46,2040.46
ITEM0008018,ORD003849,PROD00197,CUST00263,20240612,3,1,8766.75,0.0,8766.75,5089.860000000001
ITEM0008019,ORD003849,PROD00010,CUST00263,20240612,3,1,2259.53,0.0,2259.53,1308.3200000000002
ITEM0008020,ORD003850,PROD00239,CUST00095,20231130,5,1,467.33,0.0,467.33,263.01
ITEM0008021,ORD003851,PROD00069,CUST00465,20230722,3,4,1075.34,0.0,4301.34,-12095.14
ITEM0008022,ORD003852,PROD00192,CUST00148,20231019,7,3,5116.05,0.0,15348.15,5069.07
ITEM0008023,ORD003853,PROD00044,CUST00559,20230217,2,1,5424.36,0.0,5424.36,3122.2799999999997
ITEM0008024,ORD003854,PROD00108,CUST00125,20230527,1,3,7407.37,0.0,22222.11,13190.220000000001
ITEM0008025,ORD003854,PROD00225,CUST00125,20230527,1,1,6042.7,0.0,6042.7,1087.0999999999995
ITEM0008026,ORD003855,PROD00239,CUST00914,20231115,4,1,467.33,0.0,467.33,263.01
ITEM0008027,ORD003855,PROD00023,CUST00914,20231115,4,3,3506.84,0.0,10520.52,6068.31
ITEM0008028,ORD003856,PROD00248,CUST00734,20230331,5,3,10128.22,0.0,30384.66,16434.72
ITEM0008029,ORD003856,PROD00090,CUST00734,20230331,5,1,494.65,0.21,390.77,150.7
ITEM0008030,ORD003856,PROD00246,CUST00734,20230331,5,2,8011.14,0.02,15701.83,7561.45
ITEM0008031,ORD003857,PROD00295,CUST00694,20240318,10,2,895.09,0.0,1790.18,351.48
ITEM0008032,ORD003858,PROD00029,CUST00552,20240424,4,1,5799.72,0.0,5799.72,1511.1599999999999
ITEM0008033,ORD003858,PROD00238,CUST00552,20240424,4,4,7201.82,0.0,28807.28,14719.759999999998
ITEM0008034,ORD003858,PROD00269,CUST00552,20240424,4,1,2135.25,0.0,2135.25,1035.44
ITEM0008035,ORD003858,PROD00264,CUST00552,20240424,4,1,8008.38,0.0,8008.38,4554.62
ITEM0008036,ORD003859,PROD00160,CUST00704,20240413,10,1,1750.19,0.0,1750.19,438.8800000000001
ITEM0008037,ORD003859,PROD00227,CUST00704,20240413,10,2,3250.8,0.0,6501.6,3223.1600000000003
ITEM0008038,ORD003860,PROD00213,CUST00442,20240213,7,2,9402.56,0.0,18805.12,9296.019999999999
ITEM0008039,ORD003860,PROD00127,CUST00442,20240213,7,1,5321.52,0.03,5161.87,2617.13
ITEM0008040,ORD003860,PROD00063,CUST00442,20240213,7,1,1083.33,0.06,1018.33,527.47
ITEM0008041,ORD003860,PROD00087,CUST00442,20240213,7,2,4546.57,0.0,9093.14,4746.82
ITEM0008042,ORD003861,PROD00227,CUST00840,20241201,1,2,3250.8,0.0,6501.6,3223.1600000000003
ITEM0008043,ORD003862,PROD00112,CUST00518,20240223,3,2,3435.2,0.0,6870.4,3685.2999999999997
ITEM0008044,ORD003862,PROD00279,CUST00518,20240223,3,1,7168.01,0.0,7168.01,4297.540000000001
ITEM0008045,ORD003863,PROD00140,CUST00335,20240626,6,1,1718.72,0.12,1512.47,730.51
ITEM0008046,ORD003863,PROD00266,CUST00335,20240626,6,1,5956.89,0.0,5956.89,1078.0100000000002
ITEM0008047,ORD003863,PROD00209,CUST00335,20240626,6,1,3816.19,0.0,3816.19,2076.94
ITEM0008048,ORD003863,PROD00206,CUST00335,20240626,6,1,8632.13,0.07,8027.88,3362.0200000000004
ITEM0008049,ORD003864,PROD00038,CUST00489,20240807,3,2,1983.28,0.0,3966.56,2071.56
ITEM0008050,ORD003865,PROD00044,CUST00336,20230527,8,1,5424.36,0.0,5424.36,3122.2799999999997
ITEM0008051,ORD003865,PROD00106,CUST00336,20230527,8,1,3963.99,0.0,3963.99,1538.4499999999998
ITEM0008052,ORD003866,PROD00152,CUST00944,20240227,9,1,1231.99,0.0,1231.99,607.45
ITEM0008053,ORD003867,PROD00270,CUST00277,20241129,8,1,4350.17,0.0,4350.17,2211.92
ITEM0008054,ORD003867,PROD00276,CUST00277,20241129,8,1,8701.77,0.0,8701.77,5108.85
ITEM0008055,ORD003868,PROD00280,CUST00427,20240316,7,1,4625.83,0.0,4625.83,2477.24
ITEM0008056,ORD003869,PROD00035,CUST00747,20240905,7,3,2576.9,0.0,7730.7,3497.13
ITEM0008057,ORD003869,PROD00241,CUST00747,20240905,7,1,1123.94,0.24,854.19,-3433.22
ITEM0008058,ORD003869,PROD00045,CUST00747,20240905,7,1,4706.05,0.08,4329.57,1353.9099999999999
ITEM0008059,ORD003870,PROD00049,CUST00173,20240210,9,2,5326.74,0.0,10653.48,2814.24
ITEM0008060,ORD003870,PROD00054,CUST00173,20240210,9,2,5941.63,0.0,11883.26,6058.56
ITEM0008061,ORD003871,PROD00147,CUST00979,20240618,8,1,4961.76,0.0,4961.76,1847.2400000000002
ITEM0008062,ORD003872,PROD00266,CUST00916,20240910,5,1,5956.89,0.0,5956.89,1078.0100000000002
ITEM0008063,ORD003873,PROD00265,CUST00086,20240104,9,2,4207.25,0.19,6815.75,1192.3500000000004
ITEM0008064,ORD003873,PROD00052,CUST00086,20240104,9,2,1689.78,0.21,2669.85,390.52999999999975
ITEM0008065,ORD003874,PROD00074,CUST00684,20230824,5,2,9420.21,0.22,14695.53,6048.950000000001
ITEM0008066,ORD003874,PROD00028,CUST00684,20230824,5,2,214.4,0.0,428.8,129.42000000000002
ITEM0008067,ORD003875,PROD00203,CUST00558,20230414,4,3,477.27,0.0,1431.81,800.43
ITEM0008068,ORD003876,PROD00053,CUST00481,20231002,7,4,7229.99,0.18,23714.37,11399.449999999999
ITEM0008069,ORD003876,PROD00256,CUST00481,20231002,7,2,256.57,0.0,513.14,192.21999999999997
ITEM0008070,ORD003877,PROD00254,CUST00989,20240520,8,2,3623.42,0.06,6812.03,1015.4299999999994
ITEM0008071,ORD003877,PROD00159,CUST00989,20240520,8,2,198.83,0.24,302.22,101.88000000000002
ITEM0008072,ORD003878,PROD00173,CUST00094,20230103,3,1,2248.87,0.0,2248.87,-2175.01
ITEM0008073,ORD003878,PROD00124,CUST00094,20230103,3,4,2025.14,0.0,8100.56,1637.8400000000001
ITEM0008074,ORD003879,PROD00262,CUST00783,20240528,6,2,1460.84,0.13,2541.86,1095.0800000000002
ITEM0008075,ORD003879,PROD00176,CUST00783,20240528,6,2,5492.71,0.23,8458.77,1830.7700000000004
ITEM0008076,ORD003880,PROD00273,CUST00373,20230412,3,1,4432.81,0.0,4432.81,1285.4200000000005
ITEM0008077,ORD003880,PROD00192,CUST00373,20230412,3,2,5116.05,0.0,10232.1,3379.38
ITEM0008078,ORD003881,PROD00234,CUST00779,20241014,4,1,9552.76,0.0,9552.76,5040.68
ITEM0008079,ORD003881,PROD00264,CUST00779,20241014,4,1,8008.38,0.0,8008.38,4554.62
ITEM0008080,ORD003881,PROD00161,CUST00779,20241014,4,3,2894.21,0.24,6598.8,-225.29999999999927
ITEM0008081,ORD003881,PROD00263,CUST00779,20241014,4,1,4979.64,0.0,4979.64,1665.3500000000004
ITEM0008082,ORD003881,PROD00242,CUST00779,20241014,4,1,2496.43,0.0,2496.43,511.5799999999999
ITEM0008083,ORD003882,PROD00067,CUST00082,20230701,3,1,996.38,0.12,876.81,261.65
ITEM0008084,ORD003882,PROD00289,CUST00082,20230701,3,1,3097.21,0.0,3097.21,1796.98
ITEM0008085,ORD003882,PROD00227,CUST00082,20230701,3,2,3250.8,0.04,6241.54,2963.1
ITEM0008086,ORD003883,PROD00031,CUST00496,20240312,3,2,4066.81,0.01,8052.28,2739.1399999999994
ITEM0008087,ORD003883,PROD00124,CUST00496,20240312,3,2,2025.14,0.0,4050.28,818.9200000000001
ITEM0008088,ORD003883,PROD00081,CUST00496,20240312,3,1,2624.19,0.0,2624.19,1465.13
ITEM0008089,ORD003883,PROD00130,CUST00496,20240312,3,2,3445.25,0.0,6890.5,2242.6800000000003
ITEM0008090,ORD003883,PROD00220,CUST00496,20240312,3,2,6168.69,0.0,12337.38,5322.0599999999995
ITEM0008091,ORD003884,PROD00156,CUST00920,20230119,4,1,1816.09,0.0,1816.09,1047.7199999999998
ITEM0008092,ORD003885,PROD00230,CUST00715,20250812,1,1,8026.94,0.03,7786.13,4230.38
ITEM0008093,ORD003885,PROD00220,CUST00715,20250812,1,1,6168.69,0.0,6168.69,2661.0299999999997
ITEM0008094,ORD003886,PROD00273,CUST00770,20241016,2,1,4432.81,0.0,4432.81,1285.4200000000005
ITEM0008095,ORD003886,PROD00115,CUST00770,20241016,2,1,3250.57,0.0,3250.57,1515.2500000000002
ITEM0008096,ORD003887,PROD00135,CUST00962,20230628,5,2,2086.2,0.0,4172.4,2044.4799999999996
ITEM0008097,ORD003887,PROD00279,CUST00962,20230628,5,1,7168.01,0.0,7168.01,4297.540000000001
ITEM0008098,ORD003887,PROD00133,CUST00962,20230628,5,1,7313.64,0.0,7313.64,3365.8500000000004
ITEM0008099,ORD003888,PROD00143,CUST00117,20240507,6,1,1075.34,0.25,806.5,235.89
ITEM0008100,ORD003889,PROD00084,CUST00634,20240321,2,2,7622.23,0.0,15244.46,8622.619999999999
ITEM0008101,ORD003889,PROD00076,CUST00634,20240321,2,2,6038.15,0.0,12076.3,6213.0199999999995
ITEM0008102,ORD003890,PROD00138,CUST00012,20240408,3,1,10725.29,0.0,10725.29,6249.430000000001
ITEM0008103,ORD003890,PROD00177,CUST00012,20240408,3,1,5446.6,0.0,5446.6,3095.1400000000003
ITEM0008104,ORD003891,PROD00076,CUST00055,20230918,1,1,6038.15,0.0,6038.15,3106.5099999999998
ITEM0008105,ORD003891,PROD00264,CUST00055,20230918,1,1,8008.38,0.04,7688.04,4234.28
ITEM0008106,ORD003892,PROD00148,CUST00882,20230110,9,1,3870.28,0.15,3289.74,1361.4999999999998
ITEM0008107,ORD003893,PROD00129,CUST00117,20241018,3,2,2500.46,0.18,4100.75,925.0300000000002
ITEM0008108,ORD003893,PROD00045,CUST00117,20241018,3,1,4706.05,0.0,4706.05,1730.3900000000003
ITEM0008109,ORD003893,PROD00172,CUST00117,20241018,3,4,734.93,0.0,2939.72,1704.12
ITEM0008110,ORD003894,PROD00197,CUST00384,20230126,10,1,8766.75,0.15,7451.74,3774.85
ITEM0008111,ORD003894,PROD00175,CUST00384,20230126,10,1,8513.93,0.0,8513.93,3991.4300000000003
ITEM0008112,ORD003895,PROD00241,CUST00240,20240713,3,1,2864.26,0.14,2463.27,-1824.1399999999999
ITEM0008113,ORD003895,PROD00181,CUST00240,20240713,3,1,2887.17,0.22,2251.99,881.7799999999997
ITEM0008114,ORD003896,PROD00239,CUST00370,20230614,3,1,467.33,0.21,369.19,164.87
ITEM0008115,ORD003896,PROD00221,CUST00370,20230614,3,1,901.85,0.0,901.85,235.49
ITEM0008116,ORD003896,PROD00207,CUST00370,20230614,3,1,6547.46,0.0,6547.46,3772.35
ITEM0008117,ORD003897,PROD00009,CUST00102,20230425,7,1,5332.96,0.0,5332.96,3130.36
ITEM0008118,ORD003897,PROD00025,CUST00102,20230425,7,1,3078.83,0.0,3078.83,572.75
ITEM0008119,ORD003897,PROD00015,CUST00102,20230425,7,1,5418.41,0.0,5418.41,1545.25
ITEM0008120,ORD003898,PROD00201,CUST00172,20230809,7,2,3944.29,0.0,7888.58,2110.88
ITEM0008121,ORD003898,PROD00101,CUST00172,20230809,7,1,1373.9,0.0,1373.9,435.8600000000001
ITEM0008122,ORD003898,PROD00091,CUST00172,20230809,7,2,1302.09,0.0,2604.18,1244.58
ITEM0008123,ORD003898,PROD00093,CUST00172,20230809,7,2,3802.74,0.0,7605.48,3080.3399999999992
ITEM0008124,ORD003899,PROD00257,CUST00457,20240215,9,1,806.26,0.17,669.19,-3584.0099999999998
ITEM0008125,ORD003899,PROD00266,CUST00457,20240215,9,1,5956.89,0.0,5956.89,1078.0100000000002
ITEM0008126,ORD003899,PROD00249,CUST00457,20240215,9,1,4279.09,0.0,4279.09,2277.3500000000004
ITEM0008127,ORD003900,PROD00028,CUST00755,20240226,3,1,214.4,0.0,214.4,64.71000000000001
ITEM0008128,ORD003900,PROD00296,CUST00755,20240226,3,1,1188.71,0.0,1188.71,270.73
ITEM0008129,ORD003900,PROD00001,CUST00755,20240226,3,1,9272.65,0.0,9272.65,4723.48
ITEM0008130,ORD003901,PROD00265,CUST00520,20230713,7,1,4207.25,0.21,3323.73,512.0300000000002
ITEM0008131,ORD003902,PROD00174,CUST00176,20230624,1,1,4285.14,0.0,4285.14,2432.1800000000003
ITEM0008132,ORD003903,PROD00109,CUST00657,20230802,1,2,7944.57,0.0,15889.14,7131.5999999999985
ITEM0008133,ORD003903,PROD00058,CUST00657,20230802,1,1,4592.96,0.0,4592.96,1668.5300000000002
ITEM0008134,ORD003903,PROD00071,CUST00657,20230802,1,1,534.87,0.02,524.17,188.94999999999993
ITEM0008135,ORD003903,PROD00179,CUST00657,20230802,1,3,6055.62,0.0,18166.86,10755.810000000001
ITEM0008136,ORD003904,PROD00017,CUST00623,20230321,9,1,9163.85,0.0,9163.85,5466.42
ITEM0008137,ORD003904,PROD00001,CUST00623,20230321,9,2,9272.65,0.0,18545.3,9446.96
ITEM0008138,ORD003904,PROD00218,CUST00623,20230321,9,2,6300.23,0.0,12600.46,7165.439999999999
ITEM0008139,ORD003904,PROD00137,CUST00623,20230321,9,1,5635.51,0.0,5635.51,2413.9900000000002
ITEM0008140,ORD003904,PROD00154,CUST00623,20230321,9,3,5526.27,0.0,16578.81,7684.920000000002
ITEM0008141,ORD003905,PROD00071,CUST00331,20240403,6,2,534.87,0.0,1069.74,399.29999999999995
ITEM0008142,ORD003906,PROD00061,CUST00299,20240714,7,2,4205.57,0.0,8411.14,1892.3399999999992
ITEM0008143,ORD003907,PROD00013,CUST00257,20240531,7,2,10508.19,0.0,21016.38,11833.060000000001
ITEM0008144,ORD003907,PROD00067,CUST00257,20240531,7,3,996.38,0.0,2989.14,1143.6599999999999
ITEM0008145,ORD003908,PROD00116,CUST00744,20241101,4,2,3835.95,0.03,7441.74,2495.0599999999995
ITEM0008146,ORD003908,PROD00043,CUST00744,20241101,4,1,1789.22,0.0,1789.22,710.5899999999999
ITEM0008147,ORD003908,PROD00079,CUST00744,20241101,4,1,7182.12,0.08,6607.55,3276.09
ITEM0008148,ORD003909,PROD00085,CUST00348,20230211,9,2,1960.53,0.0,3921.06,1576.96
ITEM0008149,ORD003910,PROD00263,CUST00925,20240524,3,1,4979.64,0.0,4979.64,1665.3500000000004
ITEM0008150,ORD003910,PROD00063,CUST00925,20240524,3,2,1083.33,0.0,2166.66,1184.9399999999998
ITEM0008151,ORD003910,PROD00133,CUST00925,20240524,3,1,7313.64,0.29,5192.68,1244.8900000000003
ITEM0008152,ORD003911,PROD00123,CUST00562,20230521,3,2,2950.23,0.2,4720.37,1101.69
ITEM0008153,ORD003911,PROD00181,CUST00562,20230521,3,1,2887.17,0.14,-2482.97,-3853.18
ITEM0008154,ORD003912,PROD00186,CUST00012,20230514,6,1,1445.96,0.0,1445.96,829.34
ITEM0008155,ORD003913,PROD00145,CUST00438,20230129,4,1,5845.69,0.0,5845.69,3459.5799999999995
ITEM0008156,ORD003914,PROD00039,CUST00041,20240902,6,1,6419.63,0.14,5520.88,707.71
ITEM0008157,ORD003915,PROD00254,CUST00691,20230309,8,3,3623.42,0.0,10870.26,2175.3599999999988
ITEM0008158,ORD003915,PROD00292,CUST00691,20230309,8,1,5910.44,0.3,4137.31,1214.8500000000004
ITEM0008159,ORD003915,PROD00009,CUST00691,20230309,8,3,5332.96,0.0,15998.88,9391.08
ITEM0008160,ORD003916,PROD00022,CUST00472,20230401,1,1,1547.99,0.0,1547.99,904.4300000000001
ITEM0008161,ORD003916,PROD00259,CUST00472,20230401,1,1,1489.83,0.0,1489.83,322.39999999999986
ITEM0008162,ORD003917,PROD00024,CUST00447,20240803,9,1,10115.71,0.0,10115.71,5877.049999999999
ITEM0008163,ORD003918,PROD00116,CUST00850,20230918,1,4,3835.95,0.0,15343.8,5450.439999999999
ITEM0008164,ORD003918,PROD00066,CUST00850,20230918,1,4,899.86,0.12,3167.51,753.75
ITEM0008165,ORD003918,PROD00224,CUST00850,20230918,1,1,8522.29,0.0,8522.29,4734.700000000001
ITEM0008166,ORD003919,PROD00267,CUST00702,20240710,2,2,3457.61,0.0,6915.22,1418.9000000000005
ITEM0008167,ORD003919,PROD00267,CUST00702,20240710,2,2,3457.61,0.0,6915.22,1418.9000000000005
ITEM0008168,ORD003919,PROD00139,CUST00702,20240710,2,1,5962.8,0.0,5962.8,3099.65
ITEM0008169,ORD003919,PROD00173,CUST00702,20240710,2,1,1616.28,0.0,1616.28,-2807.6000000000004
ITEM0008170,ORD003919,PROD00085,CUST00702,20240710,2,1,1960.53,0.0,1960.53,788.48
ITEM0008171,ORD003920,PROD00119,CUST00064,20240814,2,1,9197.85,0.0,9197.85,5466.89
ITEM0008172,ORD003920,PROD00122,CUST00064,20240814,2,1,11549.43,0.08,10625.48,5687.549999999999
ITEM0008173,ORD003921,PROD00176,CUST00815,20240526,7,2,5492.71,0.14,9447.46,2819.459999999999
ITEM0008174,ORD003921,PROD00285,CUST00815,20240526,7,1,2757.81,0.0,2757.81,1476.6799999999998
ITEM0008175,ORD003922,PROD00194,CUST00275,20230513,10,1,535.55,0.0,535.55,316.76
ITEM0008176,ORD003922,PROD00284,CUST00275,20230513,10,2,1981.58,0.01,3923.53,1460.8100000000004
ITEM0008177,ORD003923,PROD00215,CUST00810,20230606,2,1,379.53,0.0,379.53,75.0
ITEM0008178,ORD003923,PROD00100,CUST00810,20230606,2,1,8661.69,0.0,8661.69,4965.460000000001
ITEM0008179,ORD003923,PROD00024,CUST00810,20230606,2,2,10115.71,0.0,20231.42,11754.099999999999
ITEM0008180,ORD003923,PROD00179,CUST00810,20230606,2,1,6055.62,0.0,6055.62,3585.27
ITEM0008181,ORD003924,PROD00190,CUST00777,20240422,1,1,3528.69,0.0,3528.69,1855.01
ITEM0008182,ORD003924,PROD00219,CUST00777,20240422,1,2,344.65,0.2,551.44,174.12000000000006
ITEM0008183,ORD003925,PROD00166,CUST00721,20230915,6,1,7134.8,0.03,6920.76,3186.6000000000004
ITEM0008184,ORD003926,PROD00099,CUST00472,20240326,3,1,6088.4,0.0,6088.4,2560.7899999999995
ITEM0008185,ORD003926,PROD00143,CUST00472,20240326,3,2,1075.34,0.0,2150.68,1009.4599999999998
ITEM0008186,ORD003926,PROD00029,CUST00472,20240326,3,2,5799.72,0.14,9975.52,1398.3999999999996
ITEM0008187,ORD003926,PROD00206,CUST00472,20240326,3,3,8632.13,0.19,20976.08,6978.500000000004
ITEM0008188,ORD003927,PROD00143,CUST00652,20231228,10,1,1075.34,0.0,1075.34,504.7299999999999
ITEM0008189,ORD003928,PROD00156,CUST00486,20240722,4,2,1816.09,0.0,3632.18,2095.4399999999996
ITEM0008190,ORD003928,PROD00256,CUST00486,20240722,4,1,256.57,0.0,256.57,96.10999999999999
ITEM0008191,ORD003928,PROD00184,CUST00486,20240722,4,2,1498.15,0.0,2996.3,1755.3400000000001
ITEM0008192,ORD003929,PROD00136,CUST00623,20240926,4,3,621.23,0.0,1863.69,1091.28
ITEM0008193,ORD003930,PROD00263,CUST00717,20230617,5,1,4979.64,0.02,4880.05,1565.7600000000002
ITEM0008194,ORD003930,PROD00063,CUST00717,20230617,5,1,1083.33,0.01,1072.5,581.64
ITEM0008195,ORD003930,PROD00288,CUST00717,20230617,5,1,2790.22,0.0,2790.22,1564.3799999999999
ITEM0008196,ORD003930,PROD00144,CUST00717,20230617,5,1,9953.38,0.22,7763.64,3082.7300000000005
ITEM0008197,ORD003930,PROD00269,CUST00717,20230617,5,1,2135.25,0.0,2135.25,1035.44
ITEM0008198,ORD003931,PROD00068,CUST00434,20241112,4,2,1589.23,0.0,3178.46,760.3200000000002
ITEM0008199,ORD003931,PROD00273,CUST00434,20241112,4,2,4432.81,0.19,7181.15,886.3699999999999
ITEM0008200,ORD003931,PROD00297,CUST00434,20241112,4,4,10930.45,0.0,43721.8,25316.800000000003
ITEM0008201,ORD003932,PROD00093,CUST00293,20240630,5,2,3802.74,0.25,5704.11,1178.9699999999993
ITEM0008202,ORD003933,PROD00300,CUST00741,20231123,7,1,1343.36,0.24,1020.95,392.87
ITEM0008203,ORD003933,PROD00263,CUST00741,20231123,7,1,4979.64,0.26,3684.93,370.6399999999999
ITEM0008204,ORD003933,PROD00255,CUST00741,20231123,7,2,7383.63,0.0,14767.26,8106.8
ITEM0008205,ORD003934,PROD00026,CUST00567,20230321,9,3,992.19,0.28,2143.13,721.3400000000001
ITEM0008206,ORD003934,PROD00275,CUST00567,20230321,9,1,5765.78,0.0,5765.78,3162.8799999999997
ITEM0008207,ORD003935,PROD00158,CUST00255,20240429,6,3,8138.6,0.0,24415.8,12273.24
ITEM0008208,ORD003936,PROD00004,CUST00962,20230104,7,1,4097.38,0.06,3851.54,452.3699999999999
ITEM0008209,ORD003937,PROD00183,CUST00252,20230719,5,3,526.69,0.0,1580.07,846.0899999999999
ITEM0008210,ORD003937,PROD00029,CUST00252,20230719,5,1,5799.72,0.0,5799.72,1511.1599999999999
ITEM0008211,ORD003938,PROD00185,CUST00384,20230405,7,1,2719.98,0.0,2719.98,1485.46
ITEM0008212,ORD003939,PROD00090,CUST00217,20240301,7,2,494.65,0.0,989.3,509.15999999999997
ITEM0008213,ORD003940,PROD00007,CUST00374,20230719,8,1,7518.69,0.0,7518.69,2553.83
ITEM0008214,ORD003940,PROD00098,CUST00374,20230719,8,2,2402.47,0.02,4708.84,2168.92
ITEM0008215,ORD003941,PROD00075,CUST00966,20241030,5,2,6662.95,0.0,13325.9,6884.24
ITEM0008216,ORD003942,PROD00029,CUST00479,20230418,6,2,5799.72,0.17,9627.54,1050.42
ITEM0008217,ORD003942,PROD00175,CUST00479,20230418,6,2,8513.93,0.0,17027.86,7982.860000000001
ITEM0008218,ORD003942,PROD00089,CUST00479,20230418,6,1,781.78,0.0,781.78,141.79999999999995
ITEM0008219,ORD003942,PROD00267,CUST00479,20230418,6,1,3457.61,0.0,3457.61,709.4500000000003
ITEM0008220,ORD003943,PROD00254,CUST00657,20240504,5,1,3623.42,0.0,3623.42,725.1199999999999
ITEM0008221,ORD003943,PROD00035,CUST00657,20240504,5,2,2576.9,0.12,4535.34,1712.96
ITEM0008222,ORD003944,PROD00197,CUST00877,20230703,5,1,8766.75,0.03,8503.75,4826.860000000001
ITEM0008223,ORD003945,PROD00128,CUST00640,20230615,2,1,4199.76,0.0,4199.76,1536.15
ITEM0008224,ORD003945,PROD00076,CUST00640,20230615,2,1,6038.15,0.0,6038.15,3106.5099999999998
ITEM0008225,ORD003946,PROD00130,CUST00924,20230627,5,1,3445.25,0.22,2687.3,363.3900000000003
ITEM0008226,ORD003947,PROD00209,CUST00178,20240328,5,2,3816.19,0.16,6411.2,2932.7
ITEM0008227,ORD003947,PROD00079,CUST00178,20240328,5,2,7182.12,0.0,14364.24,7701.32
ITEM0008228,ORD003948,PROD00126,CUST00541,20240925,8,2,10802.22,0.0,21604.44,11916.539999999999
ITEM0008229,ORD003949,PROD00033,CUST00875,20230903,1,1,1942.09,0.3,1359.46,199.55999999999995
ITEM0008230,ORD003949,PROD00131,CUST00875,20230903,1,1,576.16,0.0,576.16,215.51
ITEM0008231,ORD003949,PROD00141,CUST00875,20230903,1,1,4481.31,0.0,4481.31,1665.3200000000006
ITEM0008232,ORD003949,PROD00248,CUST00875,20230903,1,1,10128.22,0.0,10128.22,5478.24
ITEM0008233,ORD003950,PROD00098,CUST00078,20241028,9,1,2402.47,0.04,2306.37,1036.4099999999999
ITEM0008234,ORD003950,PROD00210,CUST00078,20241028,9,3,6680.3,0.0,20040.9,7734.48
ITEM0008235,ORD003951,PROD00185,CUST00050,20230829,6,2,2719.98,0.0,5439.96,2970.92
ITEM0008236,ORD003952,PROD00043,CUST00027,20230320,9,1,1789.22,0.0,1789.22,710.5899999999999
ITEM0008237,ORD003952,PROD00190,CUST00027,20230320,9,1,3528.69,0.15,2999.39,1325.7099999999998
ITEM0008238,ORD003953,PROD00150,CUST00548,20240504,7,1,290.6,0.03,281.88,152.71
ITEM0008239,ORD003953,PROD00137,CUST00548,20240504,7,2,5635.51,0.0,11271.02,4827.9800000000005
ITEM0008240,ORD003954,PROD00166,CUST00648,20231003,7,2,7134.8,0.01,14126.9,6658.58
ITEM0008241,ORD003955,PROD00099,CUST00117,20240203,1,4,6088.4,0.18,19969.95,5859.51
ITEM0008242,ORD003955,PROD00159,CUST00117,20240203,1,2,198.83,0.0,397.66,197.32000000000002
ITEM0008243,ORD003956,PROD00294,CUST00622,20231113,2,2,8182.59,0.05,15546.92,7844.92
ITEM0008244,ORD003956,PROD00129,CUST00622,20231113,2,2,2500.46,0.0,5000.92,1825.2000000000003
ITEM0008245,ORD003957,PROD00203,CUST00935,20240615,8,1,477.27,0.04,458.18,247.72
ITEM0008246,ORD003957,PROD00072,CUST00935,20240615,8,1,6999.91,0.0,6999.91,3897.43
ITEM0008247,ORD003958,PROD00016,CUST00435,20230110,2,1,6005.27,0.0,6005.27,1394.3600000000006
ITEM0008248,ORD003959,PROD00276,CUST00105,20240110,2,1,8701.77,0.19,7048.43,3455.51
ITEM0008249,ORD003959,PROD00156,CUST00105,20240110,2,1,1816.09,0.1,1634.48,866.11
ITEM0008250,ORD003960,PROD00138,CUST00426,20230325,1,1,10725.29,0.0,10725.29,6249.430000000001
ITEM0008251,ORD003961,PROD00130,CUST00170,20240507,9,1,3445.25,0.0,3445.25,1121.3400000000001
ITEM0008252,ORD003961,PROD00254,CUST00170,20240507,9,1,3623.42,0.19,2934.97,36.66999999999962
ITEM0008253,ORD003962,PROD00175,CUST00655,20230821,3,1,8513.93,0.0,8513.93,3991.4300000000003
ITEM0008254,ORD003962,PROD00158,CUST00655,20230821,3,4,8138.6,0.03,31577.77,15387.69
ITEM0008255,ORD003962,PROD00237,CUST00655,20230821,3,1,8123.36,0.11,7229.79,3577.73
ITEM0008256,ORD003963,PROD00016,CUST00766,20230928,10,2,6005.27,0.21,9488.33,266.5100000000002
ITEM0008257,ORD003964,PROD00101,CUST00405,20240925,7,2,1373.9,0.0,2747.8,871.7200000000003
ITEM0008258,ORD003964,PROD00098,CUST00405,20240925,7,1,2402.47,0.0,2402.47,1132.5099999999998
ITEM0008259,ORD003964,PROD00210,CUST00405,20240925,7,1,6680.3,0.0,6680.3,2578.16
ITEM0008260,ORD003964,PROD00139,CUST00405,20240925,7,2,5962.8,0.0,11925.6,6199.3
ITEM0008261,ORD003964,PROD00130,CUST00405,20240925,7,2,3445.25,0.0,6890.5,2242.6800000000003
ITEM0008262,ORD003965,PROD00269,CUST00168,20230925,1,1,2135.25,0.0,2135.25,1035.44
ITEM0008263,ORD003966,PROD00008,CUST00140,20231004,5,3,5338.8,0.0,16016.4,6657.269999999999
ITEM0008264,ORD003966,PROD00214,CUST00140,20231004,5,2,8107.58,0.2,12972.13,4074.449999999999
ITEM0008265,ORD003967,PROD00029,CUST00253,20230623,9,4,5799.72,0.0,23198.88,6044.639999999999
ITEM0008266,ORD003967,PROD00178,CUST00253,20230623,9,1,7985.04,0.26,5908.93,2582.55
ITEM0008267,ORD003967,PROD00144,CUST00253,20230623,9,1,9953.38,0.0,9953.38,5272.469999999999
ITEM0008268,ORD003967,PROD00081,CUST00253,20230623,9,2,2624.19,0.11,4671.06,2352.9400000000005
ITEM0008269,ORD003968,PROD00233,CUST00174,20240113,9,1,3164.97,0.2,2531.98,869.5699999999999
ITEM0008270,ORD003969,PROD00086,CUST00468,20231007,6,1,5791.83,0.0,5791.83,3175.86
ITEM0008271,ORD003969,PROD00075,CUST00468,20231007,6,4,6662.95,0.0,26651.8,13768.48
ITEM0008272,ORD003969,PROD00082,CUST00468,20231007,6,1,3992.96,0.0,3992.96,2224.75
ITEM0008273,ORD003970,PROD00144,CUST00516,20240915,3,1,9953.38,0.0,9953.38,5272.469999999999
ITEM0008274,ORD003970,PROD00023,CUST00516,20240915,3,4,3506.84,0.29,9959.43,4023.1500000000005
ITEM0008275,ORD003971,PROD00062,CUST00481,20240811,10,1,5673.89,0.0,5673.89,2029.9500000000003
ITEM0008276,ORD003971,PROD00161,CUST00481,20240811,10,1,2894.21,0.0,2894.21,619.5100000000002
ITEM0008277,ORD003972,PROD00230,CUST00320,20240425,2,2,8026.94,0.0,16053.88,8942.38
ITEM0008278,ORD003972,PROD00268,CUST00320,20240425,2,3,852.32,0.0,2556.96,1118.0100000000002
ITEM0008279,ORD003972,PROD00071,CUST00320,20240425,2,1,534.87,0.0,534.87,199.64999999999998
ITEM0008280,ORD003973,PROD00077,CUST00325,20230416,1,3,7101.66,0.0,21304.98,9647.099999999999
ITEM0008281,ORD003974,PROD00013,CUST00997,20231216,7,2,10508.19,0.21,16602.94,7419.619999999999
ITEM0008282,ORD003975,PROD00178,CUST00420,20241009,10,2,7985.04,0.0,15970.08,9317.32
ITEM0008283,ORD003976,PROD00245,CUST00217,20240305,6,1,6215.91,0.0,6215.91,2418.97
ITEM0008284,ORD003977,PROD00093,CUST00335,20240512,2,2,3802.74,0.05,7225.21,2700.0699999999997
ITEM0008285,ORD003977,PROD00038,CUST00335,20240512,2,1,1983.28,0.0,1983.28,1035.78
ITEM0008286,ORD003978,PROD00049,CUST00399,20230513,3,1,5326.74,0.0,5326.74,1407.12
ITEM0008287,ORD003978,PROD00100,CUST00399,20230513,3,2,8661.69,0.0,17323.38,9930.920000000002
ITEM0008288,ORD003979,PROD00019,CUST00540,20230417,1,1,2406.67,0.11,2141.94,1092.18
ITEM0008289,ORD003980,PROD00255,CUST00063,20231028,9,1,7383.63,0.0,7383.63,4053.4
ITEM0008290,ORD003980,PROD00068,CUST00063,20231028,9,1,1589.23,0.25,1191.92,-17.149999999999864
ITEM0008291,ORD003981,PROD00207,CUST00247,20240118,6,1,6547.46,0.0,6547.46,3772.35
ITEM0008292,ORD003982,PROD00067,CUST00339,20240827,1,1,996.38,0.0,996.38,381.22
ITEM0008293,ORD003982,PROD00066,CUST00339,20240827,1,3,899.86,0.0,2699.58,889.2599999999998
ITEM0008294,ORD003982,PROD00253,CUST00339,20240827,1,1,791.63,0.0,791.63,272.5
ITEM0008295,ORD003983,PROD00186,CUST00470,20231127,4,2,1445.96,0.25,2168.94,935.7
ITEM0008296,ORD003984,PROD00079,CUST00339,20230608,2,1,7182.12,0.0,7182.12,3850.66
ITEM0008297,ORD003985,PROD00199,CUST00430,20231025,8,4,3657.98,0.2,11705.54,4404.260000000001
ITEM0008298,ORD003985,PROD00006,CUST00430,20231025,8,1,8153.69,0.0,8153.69,4035.5199999999995
ITEM0008299,ORD003986,PROD00252,CUST00792,20231129,3,1,910.14,0.27,664.4,-81.77999999999997
ITEM0008300,ORD003986,PROD00119,CUST00792,20231129,3,1,9197.85,0.0,9197.85,5466.89
ITEM0008301,ORD003986,PROD00249,CUST00792,20231129,3,4,4279.09,0.0,17116.36,9109.400000000001
ITEM0008302,ORD003986,PROD00242,CUST00792,20231129,3,2,2496.43,0.0,4992.86,1023.1599999999999
ITEM0008303,ORD003987,PROD00154,CUST00281,20240928,10,1,5526.27,0.0,5526.27,2561.6400000000003
ITEM0008304,ORD003987,PROD00260,CUST00281,20240928,10,1,8617.38,0.0,8617.38,4121.859999999999
ITEM0008305,ORD003987,PROD00127,CUST00281,20240928,10,4,5321.52,0.0,21286.08,11107.120000000003
ITEM0008306,ORD003988,PROD00220,CUST00407,20241001,8,3,6168.69,0.0,18506.07,7983.09
ITEM0008307,ORD003988,PROD00163,CUST00407,20241001,8,1,2745.97,0.14,2361.53,986.2000000000003
ITEM0008308,ORD003988,PROD00237,CUST00407,20241001,8,4,8123.36,0.0,32493.44,17885.199999999997
ITEM0008309,ORD003988,PROD00057,CUST00407,20241001,8,1,4595.24,0.07,4273.57,1954.9199999999996
ITEM0008310,ORD003989,PROD00086,CUST00146,20230224,1,3,5791.83,0.0,17375.49,9527.580000000002
ITEM0008311,ORD003989,PROD00211,CUST00146,20230224,1,1,1624.33,0.0,1624.33,369.80999999999995
ITEM0008312,ORD003990,PROD00035,CUST00001,20240324,1,2,2576.9,0.16,4329.19,1506.8099999999995
ITEM0008313,ORD003991,PROD00201,CUST00290,20230512,3,1,3944.29,0.0,3944.29,1055.44
ITEM0008314,ORD003991,PROD00101,CUST00290,20230512,3,1,1373.9,0.0,1373.9,435.8600000000001
ITEM0008315,ORD003991,PROD00105,CUST00290,20230512,3,4,3095.41,0.0,12381.64,5471.4
ITEM0008316,ORD003992,PROD00144,CUST00858,20230815,9,1,9953.38,0.26,7365.5,2684.59
ITEM0008317,ORD003992,PROD00247,CUST00858,20230815,9,2,7341.91,0.0,14683.82,7371.12
ITEM0008318,ORD003993,PROD00030,CUST00385,20240508,4,1,4937.89,0.0,4937.89,2466.7300000000005
ITEM0008319,ORD003993,PROD00271,CUST00385,20240508,4,1,439.58,0.2,351.66,130.66000000000003
ITEM0008320,ORD003994,PROD00087,CUST00741,20230514,7,1,4546.57,0.11,4046.45,1873.29
ITEM0008321,ORD003994,PROD00172,CUST00741,20230514,7,2,734.93,0.05,1396.37,778.5699999999999
ITEM0008322,ORD003994,PROD00092,CUST00741,20230514,7,1,1552.76,0.0,1552.76,714.72
ITEM0008323,ORD003995,PROD00084,CUST00023,20230525,7,4,7622.23,0.0,30488.92,17245.239999999998
ITEM0008324,ORD003995,PROD00283,CUST00023,20230525,7,1,7427.34,0.0,7427.34,2863.1000000000004
ITEM0008325,ORD003996,PROD00046,CUST00540,20230312,10,1,8988.77,0.0,8988.77,4231.92
ITEM0008326,ORD003997,PROD00067,CUST00667,20230703,7,2,996.38,0.0,1992.76,762.44
ITEM0008327,ORD003997,PROD00142,CUST00667,20230703,7,2,8354.87,0.0,16709.74,7423.980000000001
ITEM0008328,ORD003998,PROD00268,CUST00043,20240603,5,1,852.32,0.0,852.32,372.6700000000001
ITEM0008329,ORD003998,PROD00090,CUST00043,20240603,5,1,494.65,0.0,494.65,254.57999999999998
ITEM0008330,ORD003999,PROD00105,CUST00252,20230219,4,4,3095.41,0.0,12381.64,5471.4
ITEM0008331,ORD004000,PROD00042,CUST00835,20240531,6,1,8235.83,0.0,8235.83,4137.96
ITEM0008332,ORD004000,PROD00171,CUST00835,20240531,6,1,546.18,0.03,529.79,262.78
ITEM0008333,ORD004001,PROD00039,CUST00669,20240305,7,1,6419.63,0.0,6419.63,1606.46
ITEM0008334,ORD004001,PROD00157,CUST00669,20240305,7,1,2525.54,0.0,2525.54,951.1700000000001
ITEM0008335,ORD004001,PROD00147,CUST00669,20240305,7,1,4961.76,0.24,3770.94,656.4200000000001
ITEM0008336,ORD004001,PROD00194,CUST00669,20240305,7,1,535.55,0.0,535.55,316.76
ITEM0008337,ORD004002,PROD00035,CUST00090,20230723,4,1,2576.9,0.0,2576.9,1165.71
ITEM0008338,ORD004002,PROD00101,CUST00090,20230723,4,2,1373.9,0.0,2747.8,871.7200000000003
ITEM0008339,ORD004003,PROD00212,CUST00931,20241201,2,1,7782.48,0.0,7782.48,4237.33
ITEM0008340,ORD004003,PROD00296,CUST00931,20241201,2,2,1188.71,0.27,1735.52,-100.44000000000005
ITEM0008341,ORD004003,PROD00008,CUST00931,20241201,2,1,5338.8,0.0,5338.8,2219.09
ITEM0008342,ORD004004,PROD00272,CUST00963,20240525,8,1,7587.4,0.0,7587.4,3090.1799999999994
ITEM0008343,ORD004004,PROD00237,CUST00963,20240525,8,1,8123.36,0.0,8123.36,4471.299999999999
ITEM0008344,ORD004005,PROD00209,CUST00387,20240412,5,1,3816.19,0.0,3816.19,2076.94
ITEM0008345,ORD004005,PROD00058,CUST00387,20240412,5,1,4592.96,0.0,4592.96,1668.5300000000002
ITEM0008346,ORD004006,PROD00023,CUST00257,20230802,9,2,3506.84,0.0,7013.68,4045.5400000000004
ITEM0008347,ORD004006,PROD00255,CUST00257,20230802,9,2,7383.63,0.0,14767.26,8106.8
ITEM0008348,ORD004007,PROD00119,CUST00367,20230726,2,1,9197.85,0.0,9197.85,5466.89
ITEM0008349,ORD004007,PROD00215,CUST00367,20230726,2,1,379.53,0.0,379.53,75.0
ITEM0008350,ORD004008,PROD00176,CUST00323,20240810,6,2,5492.71,0.0,10985.42,4357.42
ITEM0008351,ORD004008,PROD00100,CUST00323,20240810,6,1,8661.69,0.0,8661.69,4965.460000000001
ITEM0008352,ORD004009,PROD00218,CUST00708,20230716,4,1,6300.23,0.0,6300.23,3582.7199999999993
ITEM0008353,ORD004010,PROD00172,CUST00998,20231115,9,1,734.93,0.22,-573.25,-882.15
ITEM0008354,ORD004010,PROD00131,CUST00998,20231115,9,1,576.16,0.0,576.16,215.51
ITEM0008355,ORD004010,PROD00023,CUST00998,20231115,9,2,3506.84,0.14,6031.76,3063.6200000000003
ITEM0008356,ORD004011,PROD00295,CUST00386,20230527,5,2,895.09,0.17,1485.85,47.149999999999864
ITEM0008357,ORD004011,PROD00034,CUST00386,20230527,5,2,2533.01,0.0,5066.02,1656.1400000000003
ITEM0008358,ORD004012,PROD00281,CUST00395,20230115,8,4,7979.23,0.25,23937.69,7892.8499999999985
ITEM0008359,ORD004012,PROD00267,CUST00395,20230115,8,1,3457.61,0.3,2420.33,-327.8299999999999
ITEM0008360,ORD004013,PROD00124,CUST00835,20231110,9,2,2025.14,0.1,3645.25,413.8899999999999
ITEM0008361,ORD004014,PROD00057,CUST00576,20231020,4,3,4595.24,0.18,11304.29,4348.34
ITEM0008362,ORD004015,PROD00015,CUST00256,20240409,1,2,5418.41,0.0,10836.82,3090.5
ITEM0008363,ORD004015,PROD00147,CUST00256,20240409,1,4,4961.76,0.03,19251.63,6793.550000000001
ITEM0008364,ORD004015,PROD00044,CUST00256,20240409,1,1,5424.36,0.0,5424.36,3122.2799999999997
ITEM0008365,ORD004016,PROD00068,CUST00941,20240504,3,1,1589.23,0.0,1589.23,380.1600000000001
ITEM0008366,ORD004016,PROD00169,CUST00941,20240504,3,1,5358.09,0.0,5358.09,2984.67
ITEM0008367,ORD004016,PROD00006,CUST00941,20240504,3,1,8153.69,0.0,8153.69,4035.5199999999995
ITEM0008368,ORD004017,PROD00096,CUST00635,20240603,4,1,4639.15,0.0,4639.15,2414.68
ITEM0008369,ORD004017,PROD00290,CUST00635,20240603,4,2,1195.14,0.0,2390.28,836.5000000000002
ITEM0008370,ORD004018,PROD00213,CUST00271,20240703,9,1,9402.56,0.0,9402.56,4648.009999999999
ITEM0008371,ORD004018,PROD00158,CUST00271,20240703,9,2,8138.6,0.0,16277.2,8182.160000000001
ITEM0008372,ORD004019,PROD00093,CUST00912,20241116,10,2,3802.74,0.07,7073.1,2547.96
ITEM0008373,ORD004019,PROD00149,CUST00912,20241116,10,4,832.87,0.0,3331.48,1882.16
ITEM0008374,ORD004019,PROD00064,CUST00912,20241116,10,1,4268.27,0.0,4268.27,2240.9700000000003
ITEM0008375,ORD004019,PROD00065,CUST00912,20241116,10,1,6570.64,0.0,6570.64,1731.5900000000001
ITEM0008376,ORD004020,PROD00152,CUST00695,20240129,6,1,1231.99,0.0,1231.99,607.45
ITEM0008377,ORD004020,PROD00254,CUST00695,20240129,6,4,3623.42,0.0,14493.68,2900.4799999999996
ITEM0008378,ORD004020,PROD00195,CUST00695,20240129,6,1,9608.14,0.0,9608.14,5539.099999999999
ITEM0008379,ORD004020,PROD00159,CUST00695,20240129,6,1,198.83,0.01,196.84,96.67
ITEM0008380,ORD004020,PROD00051,CUST00695,20240129,6,2,8693.03,0.0,17386.06,8378.36
ITEM0008381,ORD004021,PROD00030,CUST00322,20231010,7,2,4937.89,0.0,9875.78,4933.460000000001
ITEM0008382,ORD004022,PROD00231,CUST00148,20231126,4,1,3622.68,0.23,2789.46,516.0999999999999
ITEM0008383,ORD004022,PROD00120,CUST00148,20231126,4,2,1288.16,0.0,2576.32,1501.44
ITEM0008384,ORD004022,PROD00064,CUST00148,20231126,4,1,4268.27,0.0,4268.27,2240.9700000000003
ITEM0008385,ORD004023,PROD00252,CUST00311,20230623,3,1,910.14,0.0,910.14,163.96000000000004
ITEM0008386,ORD004023,PROD00114,CUST00311,20230623,3,1,2295.26,0.0,2295.26,410.24000000000024
ITEM0008387,ORD004024,PROD00283,CUST00339,20240110,5,1,7427.34,0.0,7427.34,2863.1000000000004
ITEM0008388,ORD004024,PROD00235,CUST00339,20240110,5,2,1155.59,0.0,2311.18,1342.3999999999999
ITEM0008389,ORD004024,PROD00272,CUST00339,20240110,5,1,7587.4,0.0,7587.4,3090.1799999999994
ITEM0008390,ORD004025,PROD00159,CUST00781,20240426,8,1,198.83,0.0,198.83,98.66000000000001
ITEM0008391,ORD004025,PROD00040,CUST00781,20240426,8,1,3631.49,0.0,3631.49,2004.7199999999998
ITEM0008392,ORD004026,PROD00294,CUST00463,20240120,1,1,8182.59,0.0,8182.59,4331.59
ITEM0008393,ORD004027,PROD00082,CUST00147,20240516,6,3,3992.96,0.0,11978.88,6674.249999999999
ITEM0008394,ORD004027,PROD00094,CUST00147,20240516,6,1,6449.58,0.0,6449.58,2762.77
ITEM0008395,ORD004027,PROD00005,CUST00147,20240516,6,2,246.43,0.0,492.86,140.66000000000003
ITEM0008396,ORD004027,PROD00225,CUST00147,20240516,6,2,6042.7,0.0,12085.4,2174.199999999999
ITEM0008397,ORD004027,PROD00169,CUST00147,20240516,6,2,5358.09,0.0,10716.18,5969.34
ITEM0008398,ORD004028,PROD00134,CUST00817,20230228,5,3,1127.73,0.0,3383.19,804.1500000000001
ITEM0008399,ORD004029,PROD00272,CUST00508,20241012,4,2,7587.4,0.16,12746.83,3752.3899999999994
ITEM0008400,ORD004029,PROD00297,CUST00508,20241012,4,1,10930.45,0.16,9181.58,4580.33
ITEM0008401,ORD004029,PROD00278,CUST00508,20241012,4,1,629.94,0.0,629.94,145.56000000000006
ITEM0008402,ORD004030,PROD00018,CUST00101,20240228,4,1,2803.77,0.0,2803.77,948.98
ITEM0008403,ORD004031,PROD00025,CUST00822,20230511,2,4,3078.83,0.0,12315.32,2291.0
ITEM0008404,ORD004032,PROD00167,CUST00354,20240514,5,1,2019.38,0.21,1595.31,77.00999999999999
ITEM0008405,ORD004032,PROD00278,CUST00354,20240514,5,2,629.94,0.0,1259.88,291.1200000000001
ITEM0008406,ORD004032,PROD00080,CUST00354,20240514,5,3,862.91,0.0,2588.73,1184.1000000000001
ITEM0008407,ORD004032,PROD00270,CUST00354,20240514,5,3,4350.17,0.0,13050.51,6635.76
ITEM0008408,ORD004033,PROD00010,CUST00779,20230509,9,2,2259.53,0.0,4519.06,2616.6400000000003
ITEM0008409,ORD004033,PROD00150,CUST00779,20230509,9,1,290.6,0.0,290.6,161.43000000000004
ITEM0008410,ORD004033,PROD00261,CUST00779,20230509,9,1,2154.14,0.0,2154.14,1173.1
ITEM0008411,ORD004033,PROD00144,CUST00779,20230509,9,2,9953.38,0.0,19906.76,10544.939999999999
ITEM0008412,ORD004034,PROD00250,CUST00983,20230403,6,1,4610.44,0.13,4011.08,1639.92
ITEM0008413,ORD004034,PROD00224,CUST00983,20230403,6,1,8522.29,0.0,8522.29,4734.700000000001
ITEM0008414,ORD004034,PROD00196,CUST00983,20230403,6,1,6703.46,0.0,6703.46,3818.81
ITEM0008415,ORD004034,PROD00030,CUST00983,20230403,6,1,4937.89,0.0,4937.89,2466.7300000000005
ITEM0008416,ORD004035,PROD00243,CUST00072,20240604,6,2,6308.05,0.0,12616.1,5948.820000000001
ITEM0008417,ORD004036,PROD00251,CUST00694,20240301,7,1,3365.3,0.0,3365.3,1990.8100000000002
ITEM0008418,ORD004037,PROD00084,CUST00580,20230214,4,3,7622.23,0.0,22866.69,12933.929999999998
ITEM0008419,ORD004037,PROD00282,CUST00580,20230214,4,1,3504.39,0.0,3504.39,1243.4
ITEM0008420,ORD004038,PROD00117,CUST00015,20241016,6,2,498.3,0.13,867.04,463.91999999999996
ITEM0008421,ORD004038,PROD00079,CUST00015,20241016,6,1,7182.12,0.0,7182.12,3850.66
ITEM0008422,ORD004038,PROD00212,CUST00015,20241016,6,2,7782.48,0.0,15564.96,8474.66
ITEM0008423,ORD004038,PROD00276,CUST00015,20241016,6,1,8701.77,0.14,7483.52,3890.6000000000004
ITEM0008424,ORD004038,PROD00235,CUST00015,20241016,6,1,1155.59,0.0,1155.59,671.1999999999999
ITEM0008425,ORD004039,PROD00085,CUST00885,20230430,2,1,1960.53,0.0,1960.53,788.48
ITEM0008426,ORD004040,PROD00074,CUST00268,20230515,6,4,9420.21,0.0,37680.84,20387.679999999997
ITEM0008427,ORD004041,PROD00159,CUST00069,20240218,10,1,198.83,0.0,198.83,98.66000000000001
ITEM0008428,ORD004042,PROD00030,CUST00866,20240406,5,2,4937.89,0.0,9875.78,4933.460000000001
ITEM0008429,ORD004042,PROD00106,CUST00866,20240406,5,2,3963.99,0.0,7927.98,3076.8999999999996
ITEM0008430,ORD004043,PROD00078,CUST00312,20240720,9,2,2028.86,0.0,4057.72,954.6199999999999
ITEM0008431,ORD004043,PROD00287,CUST00312,20240720,9,2,6559.01,0.07,12199.76,5597.12
ITEM0008432,ORD004043,PROD00263,CUST00312,20240720,9,2,4979.64,0.0,9959.28,3330.7000000000007
ITEM0008433,ORD004043,PROD00008,CUST00312,20240720,9,1,5338.8,0.0,5338.8,2219.09
ITEM0008434,ORD004044,PROD00127,CUST00586,20230329,7,1,5321.52,0.0,5321.52,2776.7800000000007
ITEM0008435,ORD004044,PROD00275,CUST00586,20230329,7,1,5765.78,0.0,5765.78,3162.8799999999997
ITEM0008436,ORD004044,PROD00228,CUST00586,20230329,7,1,1263.16,0.0,1263.16,527.5500000000001
ITEM0008437,ORD004044,PROD00248,CUST00586,20230329,7,1,10128.22,0.0,10128.22,5478.24
ITEM0008438,ORD004045,PROD00133,CUST00726,20230924,4,1,7313.64,0.0,7313.64,3365.8500000000004
ITEM0008439,ORD004045,PROD00086,CUST00726,20230924,4,1,5791.83,0.25,4343.87,1727.9
ITEM0008440,ORD004046,PROD00274,CUST00433,20230322,5,2,5633.46,0.25,8450.19,-686.1700000000001
ITEM0008441,ORD004046,PROD00262,CUST00433,20230322,5,2,1460.84,0.0,2921.68,1474.8999999999999
ITEM0008442,ORD004047,PROD00178,CUST00416,20231016,10,2,7985.04,0.0,15970.08,9317.32
ITEM0008443,ORD004047,PROD00245,CUST00416,20231016,10,1,6215.91,0.24,4724.09,927.1500000000001
ITEM0008444,ORD004048,PROD00222,CUST00772,20230421,10,3,3002.04,0.22,7024.77,1553.460000000001
ITEM0008445,ORD004048,PROD00205,CUST00772,20230421,10,1,6283.38,0.0,6283.38,1439.62
ITEM0008446,ORD004048,PROD00177,CUST00772,20230421,10,1,5446.6,0.28,3921.55,1570.0900000000001
ITEM0008447,ORD004049,PROD00256,CUST00668,20241129,1,1,256.57,0.0,256.57,96.10999999999999
ITEM0008448,ORD004049,PROD00294,CUST00668,20241129,1,2,8182.59,0.0,16365.18,8663.18
ITEM0008449,ORD004050,PROD00060,CUST00431,20230105,3,1,532.72,0.0,532.72,251.38000000000005
ITEM0008450,ORD004051,PROD00225,CUST00212,20240426,6,1,6042.7,0.19,4894.59,-61.01000000000022
ITEM0008451,ORD004052,PROD00026,CUST00785,20240619,10,1,992.19,0.19,803.67,329.73999999999995
ITEM0008452,ORD004053,PROD00006,CUST00223,20230206,3,1,8153.69,0.0,8153.69,4035.5199999999995
ITEM0008453,ORD004054,PROD00103,CUST00179,20240620,8,1,9136.07,0.0,9136.07,4587.94
ITEM0008454,ORD004054,PROD00248,CUST00179,20240620,8,1,10128.22,0.25,7596.16,2946.1800000000003
ITEM0008455,ORD004055,PROD00154,CUST00700,20230511,4,1,5526.27,0.16,4642.07,1677.4399999999996
ITEM0008456,ORD004055,PROD00146,CUST00700,20230511,4,1,504.1,0.13,438.57,209.1
ITEM0008457,ORD004055,PROD00059,CUST00700,20230511,4,4,11784.91,0.09,42897.07,23133.15
ITEM0008458,ORD004055,PROD00084,CUST00700,20230511,4,1,7622.23,0.0,-7622.23,-10933.15
ITEM0008459,ORD004056,PROD00047,CUST00014,20240603,4,1,1589.57,0.0,1589.57,608.04
ITEM0008460,ORD004056,PROD00108,CUST00014,20240603,4,1,7407.37,0.0,7407.37,4396.74
ITEM0008461,ORD004056,PROD00102,CUST00014,20240603,4,1,6509.4,0.0,6509.4,3487.4599999999996
ITEM0008462,ORD004057,PROD00267,CUST00721,20241119,10,1,3457.61,0.17,2869.82,121.66000000000031
ITEM0008463,ORD004058,PROD00267,CUST00069,20241108,9,2,3457.61,0.0,6915.22,1418.9000000000005
ITEM0008464,ORD004058,PROD00072,CUST00069,20241108,9,2,6999.91,0.0,13999.82,7794.86
ITEM0008465,ORD004058,PROD00140,CUST00069,20241108,9,1,1718.72,0.06,1615.6,833.6399999999999
ITEM0008466,ORD004059,PROD00230,CUST00097,20230416,3,1,8026.94,0.0,8026.94,4471.19
ITEM0008467,ORD004059,PROD00280,CUST00097,20230416,3,4,4625.83,0.2,14802.66,6208.299999999999
ITEM0008468,ORD004059,PROD00298,CUST00097,20230416,3,1,5321.16,0.0,5321.16,1806.21
ITEM0008469,ORD004060,PROD00093,CUST00829,20230131,4,2,3802.74,0.04,7301.26,2776.12
ITEM0008470,ORD004060,PROD00288,CUST00829,20230131,4,2,2790.22,0.0,5580.44,3128.7599999999998
ITEM0008471,ORD004060,PROD00083,CUST00829,20230131,4,3,9425.24,0.0,28275.72,15356.370000000003
ITEM0008472,ORD004060,PROD00145,CUST00829,20230131,4,2,5845.69,0.0,11691.38,6919.159999999999
ITEM0008473,ORD004060,PROD00293,CUST00829,20230131,4,2,5361.88,0.0,10723.76,1934.9799999999996
ITEM0008474,ORD004061,PROD00005,CUST00738,20241028,10,1,246.43,0.27,179.89,3.789999999999992
ITEM0008475,ORD004062,PROD00161,CUST00425,20230612,6,1,2894.21,0.03,2807.38,532.6800000000003
ITEM0008476,ORD004062,PROD00225,CUST00425,20230612,6,1,6042.7,0.0,6042.7,1087.0999999999995
ITEM0008477,ORD004062,PROD00043,CUST00425,20230612,6,1,1789.22,0.0,1789.22,710.5899999999999
ITEM0008478,ORD004062,PROD00195,CUST00425,20230612,6,1,9608.14,0.0,9608.14,5539.099999999999
ITEM0008479,ORD004063,PROD00102,CUST00504,20241201,10,1,6509.4,0.0,6509.4,3487.4599999999996
ITEM0008480,ORD004063,PROD00112,CUST00504,20241201,10,1,3435.2,0.0,3435.2,1842.6499999999999
ITEM0008481,ORD004064,PROD00254,CUST00853,20230201,4,1,3623.42,0.0,3623.42,725.1199999999999
ITEM0008482,ORD004064,PROD00187,CUST00853,20230201,4,2,6641.17,0.0,13282.34,5675.360000000001
ITEM0008483,ORD004064,PROD00166,CUST00853,20230201,4,1,7134.8,0.0,7134.8,3400.6400000000003
ITEM0008484,ORD004065,PROD00047,CUST00761,20241113,2,2,1589.57,0.0,3179.14,1216.08
ITEM0008485,ORD004066,PROD00286,CUST00866,20230510,8,1,945.94,0.16,794.59,304.11
ITEM0008486,ORD004067,PROD00192,CUST00647,20240819,6,1,5116.05,0.0,5116.05,1689.69
ITEM0008487,ORD004067,PROD00271,CUST00647,20240819,6,1,439.58,0.0,439.58,218.57999999999998
ITEM0008488,ORD004068,PROD00292,CUST00466,20240528,9,1,5910.44,0.0,5910.44,2987.9799999999996
ITEM0008489,ORD004069,PROD00091,CUST00156,20231204,5,1,1302.09,0.0,1302.09,622.29
ITEM0008490,ORD004069,PROD00064,CUST00156,20231204,5,3,4268.27,0.0,12804.81,6722.91
ITEM0008491,ORD004070,PROD00103,CUST00513,20230315,6,1,9136.07,0.11,8131.1,3582.9700000000003
ITEM0008492,ORD004070,PROD00199,CUST00513,20230315,6,3,3657.98,0.11,9766.81,4290.849999999999
ITEM0008493,ORD004070,PROD00077,CUST00513,20230315,6,2,7101.66,0.0,14203.32,6431.4
ITEM0008494,ORD004071,PROD00266,CUST00515,20240603,3,2,5956.89,0.22,9292.75,-465.0100000000002
ITEM0008495,ORD004071,PROD00034,CUST00515,20240603,3,1,2533.01,0.0,2533.01,828.0700000000002
ITEM0008496,ORD004071,PROD00185,CUST00515,20240603,3,1,2719.98,0.12,2393.58,1159.06
ITEM0008497,ORD004071,PROD00231,CUST00515,20240603,3,2,3622.68,0.0,7245.36,2698.6399999999994
ITEM0008498,ORD004072,PROD00086,CUST00479,20240824,8,1,5791.83,0.0,5791.83,3175.86
ITEM0008499,ORD004073,PROD00012,CUST00419,20230328,6,1,7089.43,0.0,7089.43,3895.3700000000003
ITEM0008500,ORD004074,PROD00093,CUST00721,20230518,7,1,3802.74,0.0,3802.74,1540.1699999999996
ITEM0008501,ORD004075,PROD00054,CUST00683,20240731,1,2,5941.63,0.04,11407.93,5583.2300000000005
ITEM0008502,ORD004075,PROD00275,CUST00683,20240731,1,2,5765.78,0.0,11531.56,6325.759999999999
ITEM0008503,ORD004076,PROD00123,CUST00798,20240817,5,1,2950.23,0.27,2153.67,344.33000000000015
ITEM0008504,ORD004076,PROD00222,CUST00798,20240817,5,1,3002.04,0.05,2851.94,1028.17
ITEM0008505,ORD004076,PROD00281,CUST00798,20240817,5,2,7979.23,0.16,13405.11,5382.6900000000005
ITEM0008506,ORD004076,PROD00199,CUST00798,20240817,5,2,3657.98,0.0,7315.96,3665.32
ITEM0008507,ORD004076,PROD00291,CUST00798,20240817,5,1,1173.69,0.0,1173.69,495.6700000000001
ITEM0008508,ORD004077,PROD00243,CUST00492,20240414,7,1,6308.05,0.29,4478.72,1145.0800000000004
ITEM0008509,ORD004077,PROD00247,CUST00492,20240414,7,2,7341.91,0.06,13802.79,6490.090000000001
ITEM0008510,ORD004078,PROD00137,CUST00865,20240702,7,1,5635.51,0.15,4790.18,1568.6600000000003
ITEM0008511,ORD004079,PROD00070,CUST00872,20240819,2,1,6693.56,0.0,6693.56,2340.29
ITEM0008512,ORD004079,PROD00158,CUST00872,20240819,2,1,8138.6,0.05,7731.67,3684.15
ITEM0008513,ORD004080,PROD00274,CUST00193,20240611,3,1,5633.46,0.0,5633.46,1065.2799999999997
ITEM0008514,ORD004081,PROD00137,CUST00775,20240828,4,1,5635.51,0.0,5635.51,2413.9900000000002
ITEM0008515,ORD004082,PROD00113,CUST00158,20230331,8,1,3472.93,0.0,3472.93,1654.1
ITEM0008516,ORD004083,PROD00261,CUST00236,20241118,7,3,2154.14,0.05,6139.3,3196.1800000000003
ITEM0008517,ORD004083,PROD00219,CUST00236,20241118,7,2,344.65,0.0,689.3,311.97999999999996
ITEM0008518,ORD004084,PROD00045,CUST00001,20230520,3,1,4706.05,0.21,3717.78,742.1200000000003
ITEM0008519,ORD004084,PROD00032,CUST00001,20230520,3,4,301.12,0.04,1156.3,177.01999999999998
ITEM0008520,ORD004084,PROD00044,CUST00001,20230520,3,2,5424.36,0.04,10414.77,5810.610000000001
ITEM0008521,ORD004085,PROD00085,CUST00963,20240717,9,4,1960.53,0.0,7842.12,3153.92
ITEM0008522,ORD004085,PROD00116,CUST00963,20240717,9,2,3835.95,0.0,7671.9,2725.2199999999993
ITEM0008523,ORD004085,PROD00095,CUST00963,20240717,9,3,1505.02,0.0,4515.06,1618.3800000000006
ITEM0008524,ORD004086,PROD00247,CUST00438,20240924,7,4,7341.91,0.0,29367.64,14742.24
ITEM0008525,ORD004087,PROD00171,CUST00205,20230118,8,1,546.18,0.0,546.18,279.16999999999996
ITEM0008526,ORD004088,PROD00139,CUST00431,20240106,8,1,5962.8,0.08,5485.78,2622.6299999999997
ITEM0008527,ORD004088,PROD00268,CUST00431,20240106,8,1,852.32,0.0,852.32,372.6700000000001
ITEM0008528,ORD004088,PROD00121,CUST00431,20240106,8,1,11305.27,0.23,8705.06,3874.3399999999992
ITEM0008529,ORD004089,PROD00032,CUST00416,20231222,6,1,301.12,0.0,301.12,56.30000000000001
ITEM0008530,ORD004089,PROD00055,CUST00416,20231222,6,1,2678.2,0.14,2303.25,646.1099999999999
ITEM0008531,ORD004090,PROD00087,CUST00418,20240826,8,1,4546.57,0.27,3319.0,1145.8400000000001
ITEM0008532,ORD004091,PROD00295,CUST00616,20230726,4,1,895.09,0.0,895.09,175.74
ITEM0008533,ORD004092,PROD00014,CUST00278,20231216,7,1,1451.31,0.0,1451.31,352.8699999999999
ITEM0008534,ORD004093,PROD00166,CUST00052,20241107,6,3,7134.8,0.0,21404.4,10201.920000000002
ITEM0008535,ORD004094,PROD00217,CUST00339,20230614,4,1,260.84,0.0,260.84,55.76999999999998
ITEM0008536,ORD004095,PROD00081,CUST00860,20240308,7,1,2624.19,0.26,1941.9,782.8400000000001
ITEM0008537,ORD004095,PROD00288,CUST00860,20240308,7,2,2790.22,0.0,5580.44,3128.7599999999998
ITEM0008538,ORD004095,PROD00273,CUST00860,20240308,7,2,4432.81,0.01,8776.96,2482.1799999999994
ITEM0008539,ORD004095,PROD00285,CUST00860,20240308,7,1,2757.81,0.0,2757.81,1476.6799999999998
ITEM0008540,ORD004096,PROD00265,CUST00703,20230219,1,2,4207.25,0.0,8414.5,2791.1000000000004
ITEM0008541,ORD004096,PROD00218,CUST00703,20230219,1,1,6300.23,0.0,6300.23,3582.7199999999993
ITEM0008542,ORD004096,PROD00029,CUST00703,20230219,1,1,5799.72,0.0,5799.72,1511.1599999999999
ITEM0008543,ORD004096,PROD00084,CUST00703,20230219,1,2,7622.23,0.0,15244.46,8622.619999999999
ITEM0008544,ORD004097,PROD00059,CUST00396,20231028,2,4,11784.91,0.0,47139.64,27375.72
ITEM0008545,ORD004097,PROD00127,CUST00396,20231028,2,1,5321.52,0.02,5215.09,2670.3500000000004
ITEM0008546,ORD004098,PROD00089,CUST00027,20230211,2,1,781.78,0.0,781.78,141.79999999999995
ITEM0008547,ORD004098,PROD00111,CUST00027,20230211,2,1,5596.44,0.0,5596.44,3031.0199999999995
ITEM0008548,ORD004098,PROD00236,CUST00027,20230211,2,2,2661.51,0.0,5323.02,2863.76
ITEM0008549,ORD004098,PROD00110,CUST00027,20230211,2,1,7163.14,0.21,5658.88,2779.27
ITEM0008550,ORD004098,PROD00024,CUST00027,20230211,2,2,10115.71,0.24,15375.88,6898.5599999999995
ITEM0008551,ORD004099,PROD00132,CUST00215,20240406,9,1,5296.2,0.0,5296.2,1109.0599999999995
ITEM0008552,ORD004100,PROD00045,CUST00317,20241007,8,1,4706.05,0.01,4658.99,1683.33
ITEM0008553,ORD004101,PROD00285,CUST00993,20241013,1,1,2757.81,0.29,1958.05,676.9199999999998
ITEM0008554,ORD004101,PROD00077,CUST00993,20241013,1,3,7101.66,0.19,17257.03,5599.149999999998
ITEM0008555,ORD004101,PROD00230,CUST00993,20241013,1,1,8026.94,0.2,6421.55,2865.8
ITEM0008556,ORD004101,PROD00163,CUST00993,20241013,1,1,2745.97,0.0,2745.97,1370.6399999999999
ITEM0008557,ORD004101,PROD00028,CUST00993,20241013,1,1,214.4,0.02,210.11,60.420000000000016
ITEM0008558,ORD004102,PROD00113,CUST00326,20240627,10,2,3472.93,0.0,6945.86,3308.2
ITEM0008559,ORD004103,PROD00136,CUST00983,20230725,1,3,621.23,0.0,1863.69,1091.28
ITEM0008560,ORD004103,PROD00204,CUST00983,20230725,1,1,3352.35,0.09,3050.64,1037.55
ITEM0008561,ORD004104,PROD00263,CUST00812,20241101,3,1,4979.64,0.0,4979.64,1665.3500000000004
ITEM0008562,ORD004104,PROD00167,CUST00812,20241101,3,2,2019.38,0.27,2948.29,-88.30999999999995
ITEM0008563,ORD004104,PROD00230,CUST00812,20241101,3,2,8026.94,0.18,13164.18,6052.68
ITEM0008564,ORD004104,PROD00121,CUST00812,20241101,3,1,11305.27,0.0,11305.27,6474.55
ITEM0008565,ORD004105,PROD00234,CUST00043,20241102,4,2,9552.76,0.0,19105.52,10081.36
ITEM0008566,ORD004106,PROD00160,CUST00301,20240814,3,1,1750.19,0.13,1522.67,211.36000000000013
ITEM0008567,ORD004107,PROD00218,CUST00460,20240801,10,3,6300.23,0.0,18900.69,10748.159999999998
ITEM0008568,ORD004107,PROD00071,CUST00460,20240801,10,3,534.87,0.04,1540.43,534.77
ITEM0008569,ORD004107,PROD00117,CUST00460,20240801,10,2,498.3,0.0,996.6,593.48
ITEM0008570,ORD004107,PROD00226,CUST00460,20240801,10,2,648.79,0.0,1297.58,346.78
ITEM0008571,ORD004108,PROD00190,CUST00253,20230523,9,1,3528.69,0.19,-2858.24,-4531.92
ITEM0008572,ORD004108,PROD00241,CUST00253,20230523,9,3,1554.33,0.0,4662.98,-8199.25
ITEM0008573,ORD004109,PROD00133,CUST00038,20240316,7,2,7313.64,0.25,10970.46,3074.879999999999
ITEM0008574,ORD004109,PROD00140,CUST00038,20240316,7,2,1718.72,0.0,3437.44,1873.52
ITEM0008575,ORD004110,PROD00229,CUST00916,20230314,4,2,726.54,0.0,1453.08,500.4
ITEM0008576,ORD004110,PROD00138,CUST00916,20230314,4,4,10725.29,0.0,42901.16,24997.720000000005
ITEM0008577,ORD004110,PROD00145,CUST00916,20230314,4,1,5845.69,0.0,5845.69,3459.5799999999995
ITEM0008578,ORD004111,PROD00285,CUST00838,20240918,8,1,2757.81,0.0,2757.81,1476.6799999999998
ITEM0008579,ORD004111,PROD00218,CUST00838,20240918,8,3,6300.23,0.0,18900.69,10748.159999999998
ITEM0008580,ORD004112,PROD00234,CUST00541,20230122,2,1,9552.76,0.24,7260.1,2748.0200000000004
ITEM0008581,ORD004112,PROD00196,CUST00541,20230122,2,1,6703.46,0.0,6703.46,3818.81
ITEM0008582,ORD004113,PROD00114,CUST00210,20241111,10,2,2295.26,0.01,4544.61,774.5699999999997
ITEM0008583,ORD004113,PROD00114,CUST00210,20241111,10,1,2295.26,0.2,1836.21,-48.809999999999945
ITEM0008584,ORD004113,PROD00004,CUST00210,20241111,10,1,4097.38,0.0,4097.38,698.21
ITEM0008585,ORD004114,PROD00085,CUST00249,20240127,9,1,1960.53,0.2,1568.42,396.3700000000001
ITEM0008586,ORD004115,PROD00223,CUST00082,20240726,9,2,2430.88,0.0,4861.76,2387.84
ITEM0008587,ORD004115,PROD00208,CUST00082,20240726,9,1,4099.5,0.08,3771.54,470.6999999999998
ITEM0008588,ORD004116,PROD00218,CUST00833,20230321,8,1,6300.23,0.0,-6300.23,-9017.74
ITEM0008589,ORD004116,PROD00101,CUST00833,20230321,8,1,1373.9,0.23,1057.9,119.86000000000013
ITEM0008590,ORD004117,PROD00259,CUST00863,20240220,8,1,1489.83,0.0,1489.83,322.39999999999986
ITEM0008591,ORD004117,PROD00181,CUST00863,20240220,8,1,2887.17,0.06,2713.94,1343.73
ITEM0008592,ORD004118,PROD00251,CUST00622,20240719,3,1,3365.3,0.05,3197.04,1822.55
ITEM0008593,ORD004119,PROD00112,CUST00328,20240330,8,1,3435.2,0.0,3435.2,1842.6499999999999
ITEM0008594,ORD004120,PROD00209,CUST00696,20230901,1,4,3816.19,0.03,14806.82,7849.82
ITEM0008595,ORD004120,PROD00184,CUST00696,20230901,1,1,1498.15,0.0,1498.15,877.6700000000001
ITEM0008596,ORD004121,PROD00041,CUST00114,20240508,10,1,3958.75,0.06,3721.22,1497.2099999999996
ITEM0008597,ORD004122,PROD00284,CUST00952,20241109,3,1,1981.58,0.26,1466.37,235.01
ITEM0008598,ORD004122,PROD00254,CUST00952,20241109,3,2,3623.42,0.0,7246.84,1450.2399999999998
ITEM0008599,ORD004122,PROD00245,CUST00952,20241109,3,3,6215.91,0.0,18647.73,7256.91
ITEM0008600,ORD004122,PROD00234,CUST00952,20241109,3,2,9552.76,0.0,19105.52,10081.36
ITEM0008601,ORD004122,PROD00040,CUST00952,20241109,3,1,3631.49,0.0,3631.49,2004.7199999999998
ITEM0008602,ORD004123,PROD00121,CUST00946,20230713,7,3,11305.27,0.0,33915.81,19423.649999999998
ITEM0008603,ORD004124,PROD00257,CUST00712,20230408,5,1,273.23,0.17,226.78,-4026.4199999999996
ITEM0008604,ORD004125,PROD00017,CUST00737,20240330,5,1,9163.85,0.12,8064.19,4366.76
ITEM0008605,ORD004125,PROD00040,CUST00737,20240330,5,3,3631.49,0.0,10894.47,6014.16
ITEM0008606,ORD004126,PROD00232,CUST00150,20240628,6,1,3144.6,0.02,3081.71,1547.56
ITEM0008607,ORD004126,PROD00108,CUST00150,20240628,6,1,7407.37,0.0,7407.37,4396.74
ITEM0008608,ORD004127,PROD00257,CUST00991,20240810,1,2,1528.1,0.0,3056.2,-5450.2
ITEM0008609,ORD004127,PROD00154,CUST00991,20240810,1,2,5526.27,0.29,7847.3,1918.04
ITEM0008610,ORD004128,PROD00143,CUST00323,20230425,7,1,1075.34,0.0,1075.34,504.7299999999999
ITEM0008611,ORD004129,PROD00179,CUST00328,20230318,8,2,6055.62,0.0,12111.24,7170.54
ITEM0008612,ORD004129,PROD00048,CUST00328,20230318,8,1,1926.71,0.0,1926.71,624.6500000000001
ITEM0008613,ORD004130,PROD00146,CUST00677,20240302,7,1,504.1,0.0,504.1,274.63
ITEM0008614,ORD004130,PROD00268,CUST00677,20240302,7,1,852.32,0.0,852.32,372.6700000000001
ITEM0008615,ORD004130,PROD00210,CUST00677,20240302,7,2,6680.3,0.0,13360.6,5156.32
ITEM0008616,ORD004130,PROD00065,CUST00677,20240302,7,1,6570.64,0.0,6570.64,1731.5900000000001
ITEM0008617,ORD004131,PROD00036,CUST00517,20230727,4,2,7308.78,0.0,14617.56,7478.339999999999
ITEM0008618,ORD004132,PROD00279,CUST00182,20230303,8,1,7168.01,0.0,7168.01,4297.540000000001
ITEM0008619,ORD004132,PROD00165,CUST00182,20230303,8,1,1721.94,0.0,1721.94,927.6800000000001
ITEM0008620,ORD004132,PROD00074,CUST00182,20230303,8,1,9420.21,0.27,6876.75,2553.46
ITEM0008621,ORD004133,PROD00268,CUST00386,20231219,4,2,852.32,0.0,1704.64,745.3400000000001
ITEM0008622,ORD004134,PROD00063,CUST00308,20230908,10,1,1083.33,0.0,1083.33,592.4699999999999
ITEM0008623,ORD004134,PROD00243,CUST00308,20230908,10,1,6308.05,0.0,6308.05,2974.4100000000003
ITEM0008624,ORD004135,PROD00090,CUST00055,20240407,6,2,494.65,0.24,751.87,271.73
ITEM0008625,ORD004136,PROD00025,CUST00137,20251015,7,1,3078.83,0.0,3078.83,572.75
ITEM0008626,ORD004137,PROD00028,CUST00985,20230620,5,1,214.4,0.0,214.4,64.71000000000001
ITEM0008627,ORD004137,PROD00202,CUST00985,20230620,5,1,1016.59,0.0,1016.59,338.75
ITEM0008628,ORD004137,PROD00054,CUST00985,20230620,5,1,5941.63,0.02,5822.8,2910.4500000000003
ITEM0008629,ORD004137,PROD00039,CUST00985,20230620,5,1,6419.63,0.0,6419.63,1606.46
ITEM0008630,ORD004138,PROD00215,CUST00387,20230401,2,3,379.53,0.08,1047.5,133.91000000000008
ITEM0008631,ORD004139,PROD00295,CUST00932,20240607,7,1,895.09,0.25,671.32,-48.02999999999997
ITEM0008632,ORD004139,PROD00220,CUST00932,20240607,7,1,6168.69,0.0,-6168.69,-9676.349999999999
ITEM0008633,ORD004139,PROD00210,CUST00932,20240607,7,1,6680.3,0.0,6680.3,2578.16
ITEM0008634,ORD004140,PROD00152,CUST00741,20240303,3,1,1231.99,0.04,1182.71,558.1700000000001
ITEM0008635,ORD004141,PROD00215,CUST00570,20241201,6,1,379.53,0.0,379.53,75.0
ITEM0008636,ORD004141,PROD00214,CUST00570,20241201,6,4,8107.58,0.0,32430.32,14634.96
ITEM0008637,ORD004142,PROD00084,CUST00424,20230709,9,2,7622.23,0.0,15244.46,8622.619999999999
ITEM0008638,ORD004143,PROD00107,CUST00184,20230608,10,1,6282.37,0.0,6282.37,1864.21
ITEM0008639,ORD004143,PROD00086,CUST00184,20230608,10,1,5791.83,0.0,5791.83,3175.86
ITEM0008640,ORD004143,PROD00020,CUST00184,20230608,10,1,7970.85,0.0,7970.85,4095.9300000000003
ITEM0008641,ORD004143,PROD00024,CUST00184,20230608,10,3,10115.71,0.17,25188.12,12472.14
ITEM0008642,ORD004144,PROD00157,CUST00143,20230817,9,1,2525.54,0.28,1818.39,244.0200000000002
ITEM0008643,ORD004145,PROD00163,CUST00357,20230709,4,1,2745.97,0.0,2745.97,1370.6399999999999
ITEM0008644,ORD004145,PROD00036,CUST00357,20230709,4,1,7308.78,0.0,7308.78,3739.1699999999996
ITEM0008645,ORD004146,PROD00124,CUST00282,20240105,6,1,2025.14,0.0,2025.14,409.46000000000004
ITEM0008646,ORD004147,PROD00280,CUST00552,20231122,9,2,4625.83,0.0,-9251.66,-13548.84
ITEM0008647,ORD004147,PROD00029,CUST00552,20231122,9,2,5799.72,0.0,11599.44,3022.3199999999997
ITEM0008648,ORD004147,PROD00276,CUST00552,20231122,9,2,8701.77,0.28,12530.55,5344.709999999999
ITEM0008649,ORD004147,PROD00215,CUST00552,20231122,9,1,379.53,0.0,379.53,75.0
ITEM0008650,ORD004148,PROD00109,CUST00912,20230222,4,1,7944.57,0.0,7944.57,3565.7999999999993
ITEM0008651,ORD004148,PROD00262,CUST00912,20230222,4,1,1460.84,0.05,1387.8,664.41
ITEM0008652,ORD004149,PROD00025,CUST00155,20240601,7,3,3078.83,0.0,9236.49,1718.25
ITEM0008653,ORD004149,PROD00150,CUST00155,20240601,7,1,290.6,0.0,290.6,161.43000000000004
ITEM0008654,ORD004150,PROD00266,CUST00316,20230110,8,2,5956.89,0.0,11913.78,2156.0200000000004
ITEM0008655,ORD004151,PROD00211,CUST00437,20230413,9,1,1624.33,0.0,1624.33,369.80999999999995
ITEM0008656,ORD004151,PROD00268,CUST00437,20230413,9,1,852.32,0.0,852.32,372.6700000000001
ITEM0008657,ORD004152,PROD00273,CUST00799,20230601,6,3,4432.81,0.0,13298.43,3856.26
ITEM0008658,ORD004152,PROD00262,CUST00799,20230601,6,1,1460.84,0.0,1460.84,737.4499999999999
ITEM0008659,ORD004153,PROD00153,CUST00322,20240703,7,1,4010.2,0.19,3248.26,789.0700000000002
ITEM0008660,ORD004153,PROD00027,CUST00322,20240703,7,1,5723.51,0.0,5723.51,2519.11
ITEM0008661,ORD004153,PROD00240,CUST00322,20240703,7,2,4510.78,0.0,9021.56,5056.619999999999
ITEM0008662,ORD004154,PROD00081,CUST00702,20230221,9,2,2624.19,0.17,4356.16,2038.04
ITEM0008663,ORD004154,PROD00274,CUST00702,20230221,9,4,5633.46,0.23,17351.06,-921.6599999999999
ITEM0008664,ORD004155,PROD00246,CUST00872,20230624,6,1,8011.14,0.0,8011.14,3940.9500000000003
ITEM0008665,ORD004156,PROD00014,CUST00479,20240209,4,1,1451.31,0.21,1146.53,48.08999999999992
ITEM0008666,ORD004156,PROD00019,CUST00479,20240209,4,2,2406.67,0.0,4813.34,2713.82
ITEM0008667,ORD004157,PROD00159,CUST00301,20240721,7,2,198.83,0.13,345.96,145.61999999999998
ITEM0008668,ORD004157,PROD00192,CUST00301,20240721,7,3,5116.05,0.0,15348.15,5069.07
ITEM0008669,ORD004158,PROD00223,CUST00788,20240610,1,2,2430.88,0.0,4861.76,2387.84
ITEM0008670,ORD004158,PROD00180,CUST00788,20240610,1,1,7030.69,0.0,7030.69,4108.099999999999
ITEM0008671,ORD004159,PROD00298,CUST00051,20240915,9,1,5321.16,0.2,4256.93,741.9800000000005
ITEM0008672,ORD004160,PROD00052,CUST00585,20231016,2,1,1689.78,0.0,1689.78,550.1199999999999
ITEM0008673,ORD004160,PROD00271,CUST00585,20231016,2,3,439.58,0.0,1318.74,655.74
ITEM0008674,ORD004160,PROD00087,CUST00585,20231016,2,1,4546.57,0.0,4546.57,2373.41
ITEM0008675,ORD004160,PROD00246,CUST00585,20231016,2,1,8011.14,0.26,5928.24,1858.0499999999997
ITEM0008676,ORD004160,PROD00230,CUST00585,20231016,2,1,8026.94,0.27,5859.67,2303.92
ITEM0008677,ORD004161,PROD00287,CUST00725,20241029,4,1,6559.01,0.0,6559.01,3257.69
ITEM0008678,ORD004161,PROD00126,CUST00725,20241029,4,1,10802.22,0.0,10802.22,5958.2699999999995
ITEM0008679,ORD004162,PROD00011,CUST00731,20230304,2,1,2615.05,0.0,2615.05,1383.3000000000002
ITEM0008680,ORD004163,PROD00200,CUST00537,20230528,5,4,7131.42,0.0,28525.68,12414.4
ITEM0008681,ORD004163,PROD00105,CUST00537,20230528,5,1,3095.41,0.0,3095.41,1367.85
ITEM0008682,ORD004164,PROD00044,CUST00651,20240630,6,1,5424.36,0.0,5424.36,3122.2799999999997
ITEM0008683,ORD004164,PROD00076,CUST00651,20240630,6,2,6038.15,0.28,8694.94,2831.6600000000008
ITEM0008684,ORD004165,PROD00158,CUST00078,20231227,2,4,8138.6,0.0,32554.4,16364.320000000002
ITEM0008685,ORD004166,PROD00157,CUST00392,20230207,7,4,2525.54,0.0,10102.16,3804.6800000000003
ITEM0008686,ORD004167,PROD00135,CUST00913,20240203,1,1,2086.2,0.0,2086.2,1022.2399999999998
ITEM0008687,ORD004167,PROD00229,CUST00913,20240203,1,1,726.54,0.0,726.54,250.2
ITEM0008688,ORD004167,PROD00093,CUST00913,20240203,1,3,3802.74,0.0,11408.22,4620.509999999998
ITEM0008689,ORD004168,PROD00053,CUST00628,20230926,6,4,7229.99,0.0,28919.96,16605.04
ITEM0008690,ORD004169,PROD00169,CUST00924,20230518,5,1,5358.09,0.29,3804.24,1430.8199999999997
ITEM0008691,ORD004169,PROD00226,CUST00924,20230518,5,1,648.79,0.0,648.79,173.39
ITEM0008692,ORD004169,PROD00228,CUST00924,20230518,5,1,1263.16,0.15,1073.69,338.08000000000004
ITEM0008693,ORD004169,PROD00005,CUST00924,20230518,5,2,246.43,0.0,492.86,140.66000000000003
ITEM0008694,ORD004169,PROD00163,CUST00924,20230518,5,2,2745.97,0.0,5491.94,2741.2799999999997
ITEM0008695,ORD004170,PROD00013,CUST00558,20240712,5,1,10508.19,0.0,10508.19,5916.530000000001
ITEM0008696,ORD004170,PROD00037,CUST00558,20240712,5,1,5435.74,0.0,5435.74,3199.04
ITEM0008697,ORD004170,PROD00152,CUST00558,20240712,5,2,1231.99,0.13,2143.66,894.5799999999999
ITEM0008698,ORD004171,PROD00041,CUST00441,20230319,6,1,3958.75,0.0,3958.75,1734.7399999999998
ITEM0008699,ORD004172,PROD00177,CUST00793,20230805,9,1,5446.6,0.0,5446.6,3095.1400000000003
ITEM0008700,ORD004172,PROD00145,CUST00793,20230805,9,1,5845.69,0.26,4325.81,1939.7000000000003
ITEM0008701,ORD004172,PROD00147,CUST00793,20230805,9,1,4961.76,0.0,4961.76,1847.2400000000002
ITEM0008702,ORD004172,PROD00234,CUST00793,20230805,9,1,9552.76,0.0,9552.76,5040.68
ITEM0008703,ORD004172,PROD00246,CUST00793,20230805,9,2,8011.14,0.0,16022.28,7881.900000000001
ITEM0008704,ORD004173,PROD00156,CUST00079,20240416,2,3,1816.09,0.0,5448.27,3143.1600000000003
ITEM0008705,ORD004173,PROD00284,CUST00079,20240416,2,1,1981.58,0.0,1981.58,750.22
ITEM0008706,ORD004173,PROD00043,CUST00079,20240416,2,1,1789.22,0.29,1270.35,191.7199999999998
ITEM0008707,ORD004174,PROD00032,CUST00529,20240923,6,3,301.12,0.25,677.52,-56.940000000000055
ITEM0008708,ORD004175,PROD00256,CUST00953,20241016,1,1,256.57,0.25,192.43,31.97
ITEM0008709,ORD004175,PROD00051,CUST00953,20241016,1,1,8693.03,0.0,8693.03,4189.18
ITEM0008710,ORD004175,PROD00112,CUST00953,20241016,1,3,3435.2,0.0,10305.6,5527.950000000001
ITEM0008711,ORD004176,PROD00291,CUST00240,20231214,4,2,1173.69,0.0,2347.38,991.3400000000001
ITEM0008712,ORD004176,PROD00239,CUST00240,20231214,4,2,467.33,0.3,654.26,245.62
ITEM0008713,ORD004177,PROD00024,CUST00589,20240411,6,1,10115.71,0.0,10115.71,5877.049999999999
ITEM0008714,ORD004177,PROD00290,CUST00589,20240411,6,2,1195.14,0.0,2390.28,836.5000000000002
ITEM0008715,ORD004178,PROD00064,CUST00712,20240719,3,1,4268.27,0.01,4225.59,2198.29
ITEM0008716,ORD004179,PROD00051,CUST00982,20240603,9,2,8693.03,0.0,17386.06,8378.36
ITEM0008717,ORD004179,PROD00127,CUST00982,20240603,9,1,5321.52,0.0,5321.52,2776.7800000000007
ITEM0008718,ORD004180,PROD00038,CUST00363,20241127,3,1,1983.28,0.0,1983.28,1035.78
ITEM0008719,ORD004180,PROD00206,CUST00363,20241127,3,1,8632.13,0.13,7509.95,2844.09
ITEM0008720,ORD004180,PROD00281,CUST00363,20241127,3,1,7979.23,0.28,5745.05,1733.8400000000001
ITEM0008721,ORD004181,PROD00194,CUST00996,20230504,3,1,535.55,0.0,535.55,316.76
ITEM0008722,ORD004181,PROD00012,CUST00996,20230504,3,1,7089.43,0.24,5387.97,2193.9100000000003
ITEM0008723,ORD004181,PROD00134,CUST00996,20230504,3,1,1127.73,0.3,789.41,-70.26999999999998
ITEM0008724,ORD004182,PROD00086,CUST00778,20231202,1,1,5791.83,0.25,4343.87,1727.9
ITEM0008725,ORD004183,PROD00288,CUST00065,20240906,4,2,2790.22,0.0,5580.44,3128.7599999999998
ITEM0008726,ORD004183,PROD00171,CUST00065,20240906,4,1,546.18,0.0,546.18,279.16999999999996
ITEM0008727,ORD004183,PROD00228,CUST00065,20240906,4,1,1263.16,0.0,1263.16,527.5500000000001
ITEM0008728,ORD004184,PROD00184,CUST00047,20240110,3,2,1498.15,0.0,2996.3,1755.3400000000001
ITEM0008729,ORD004185,PROD00093,CUST00236,20240728,9,1,3802.74,0.03,3688.66,1426.0899999999997
ITEM0008730,ORD004186,PROD00043,CUST00658,20240508,7,1,1789.22,0.0,1789.22,710.5899999999999
ITEM0008731,ORD004186,PROD00053,CUST00658,20240508,7,1,7229.99,0.08,6651.59,3572.86
ITEM0008732,ORD004187,PROD00138,CUST00864,20230608,9,1,10725.29,0.0,10725.29,6249.430000000001
ITEM0008733,ORD004187,PROD00268,CUST00864,20230608,9,3,852.32,0.0,2556.96,1118.0100000000002
ITEM0008734,ORD004187,PROD00283,CUST00864,20230608,9,1,7427.34,0.06,6981.7,2417.46
ITEM0008735,ORD004187,PROD00288,CUST00864,20230608,9,2,2790.22,0.0,5580.44,3128.7599999999998
ITEM0008736,ORD004187,PROD00107,CUST00864,20230608,9,3,6282.37,0.0,18847.11,5592.630000000001
ITEM0008737,ORD004188,PROD00072,CUST00536,20230127,7,1,6999.91,0.0,6999.91,3897.43
ITEM0008738,ORD004188,PROD00232,CUST00536,20230127,7,1,3144.6,0.23,2421.34,887.19
ITEM0008739,ORD004188,PROD00047,CUST00536,20230127,7,2,1589.57,0.0,3179.14,1216.08
ITEM0008740,ORD004189,PROD00235,CUST00605,20230512,1,2,1155.59,0.0,2311.18,1342.3999999999999
ITEM0008741,ORD004189,PROD00233,CUST00605,20230512,1,2,3164.97,0.0,6329.94,3005.1199999999994
ITEM0008742,ORD004190,PROD00002,CUST00524,20241118,8,1,231.58,0.16,194.53,57.25999999999999
ITEM0008743,ORD004190,PROD00285,CUST00524,20241118,8,2,2757.81,0.0,5515.62,2953.3599999999997
ITEM0008744,ORD004191,PROD00259,CUST00571,20230501,3,1,1489.83,0.0,1489.83,322.39999999999986
ITEM0008745,ORD004191,PROD00161,CUST00571,20230501,3,2,2894.21,0.05,5499.0,949.6000000000004
ITEM0008746,ORD004191,PROD00171,CUST00571,20230501,3,1,546.18,0.27,398.71,131.7
ITEM0008747,ORD004191,PROD00008,CUST00571,20230501,3,3,5338.8,0.0,16016.4,6657.269999999999
ITEM0008748,ORD004192,PROD00136,CUST00054,20240921,8,2,621.23,0.25,931.84,416.9
ITEM0008749,ORD004192,PROD00160,CUST00054,20240921,8,1,1750.19,0.0,1750.19,438.8800000000001
ITEM0008750,ORD004192,PROD00195,CUST00054,20240921,8,1,9608.14,0.0,9608.14,5539.099999999999
ITEM0008751,ORD004192,PROD00292,CUST00054,20240921,8,1,5910.44,0.0,5910.44,2987.9799999999996
ITEM0008752,ORD004193,PROD00046,CUST00110,20240804,2,1,8988.77,0.0,8988.77,4231.92
ITEM0008753,ORD004193,PROD00152,CUST00110,20240804,2,2,1231.99,0.0,2463.98,1214.9
ITEM0008754,ORD004194,PROD00262,CUST00206,20230131,5,1,1460.84,0.0,1460.84,737.4499999999999
ITEM0008755,ORD004195,PROD00079,CUST00406,20240626,6,1,7182.12,0.0,7182.12,3850.66
ITEM0008756,ORD004195,PROD00226,CUST00406,20240626,6,1,648.79,0.18,532.01,56.610000000000014
ITEM0008757,ORD004196,PROD00265,CUST00614,20231012,7,1,4207.25,0.0,4207.25,1395.5500000000002
ITEM0008758,ORD004196,PROD00080,CUST00614,20231012,7,2,862.91,0.04,1656.79,720.37
ITEM0008759,ORD004197,PROD00143,CUST00748,20240123,1,1,1075.34,0.11,957.05,386.43999999999994
ITEM0008760,ORD004197,PROD00102,CUST00748,20240123,1,4,6509.4,0.21,20569.7,8481.94
ITEM0008761,ORD004197,PROD00007,CUST00748,20240123,1,1,7518.69,0.0,7518.69,2553.83
ITEM0008762,ORD004197,PROD00085,CUST00748,20240123,1,1,1960.53,0.0,1960.53,788.48
ITEM0008763,ORD004198,PROD00076,CUST00109,20240725,9,1,6038.15,0.07,5615.48,2683.8399999999997
ITEM0008764,ORD004199,PROD00157,CUST00655,20240528,3,3,2525.54,0.29,5379.4,656.29
ITEM0008765,ORD004200,PROD00100,CUST00289,20241002,1,2,8661.69,0.0,17323.38,9930.920000000002
ITEM0008766,ORD004200,PROD00011,CUST00289,20241002,1,2,2615.05,0.0,5230.1,2766.6000000000004
ITEM0008767,ORD004200,PROD00108,CUST00289,20241002,1,1,7407.37,0.0,7407.37,4396.74
ITEM0008768,ORD004200,PROD00189,CUST00289,20241002,1,2,7636.65,0.0,15273.3,7592.459999999999
ITEM0008769,ORD004201,PROD00053,CUST00019,20240216,3,1,7229.99,0.0,7229.99,4151.26
ITEM0008770,ORD004201,PROD00087,CUST00019,20240216,3,1,4546.57,0.0,4546.57,2373.41
ITEM0008771,ORD004202,PROD00299,CUST00136,20240118,7,1,10649.19,0.0,10649.19,6151.8
ITEM0008772,ORD004202,PROD00216,CUST00136,20240118,7,1,3307.17,0.0,3307.17,1490.91
ITEM0008773,ORD004203,PROD00177,CUST00683,20230811,2,1,5446.6,0.0,5446.6,3095.1400000000003
ITEM0008774,ORD004203,PROD00170,CUST00683,20230811,2,2,2259.76,0.0,4519.53,-159.8699999999999
ITEM0008775,ORD004204,PROD00113,CUST00154,20231119,5,2,3472.93,0.0,6945.86,3308.2
ITEM0008776,ORD004204,PROD00210,CUST00154,20231119,5,3,6680.3,0.0,20040.9,7734.48
ITEM0008777,ORD004204,PROD00223,CUST00154,20231119,5,2,2430.88,0.0,4861.76,2387.84
ITEM0008778,ORD004205,PROD00090,CUST00395,20240514,5,2,494.65,0.0,989.3,509.15999999999997
ITEM0008779,ORD004206,PROD00020,CUST00215,20230112,10,1,7970.85,0.0,7970.85,4095.9300000000003
ITEM0008780,ORD004206,PROD00183,CUST00215,20230112,10,1,526.69,0.0,526.69,282.0300000000001
ITEM0008781,ORD004207,PROD00233,CUST00043,20240211,9,1,3164.97,0.05,3006.72,1344.3099999999997
ITEM0008782,ORD004207,PROD00020,CUST00043,20240211,9,3,7970.85,0.0,23912.55,12287.789999999999
ITEM0008783,ORD004208,PROD00136,CUST00901,20240424,4,1,621.23,0.0,621.23,363.76
ITEM0008784,ORD004209,PROD00179,CUST00501,20240908,5,1,6055.62,0.0,6055.62,3585.27
ITEM0008785,ORD004209,PROD00244,CUST00501,20240908,5,2,4549.33,0.12,8006.82,2499.6399999999994
ITEM0008786,ORD004210,PROD00250,CUST00891,20241119,8,1,4610.44,0.0,4610.44,2239.2799999999997
ITEM0008787,ORD004210,PROD00075,CUST00891,20241119,8,1,6662.95,0.0,6662.95,3442.12
ITEM0008788,ORD004211,PROD00286,CUST00590,20230210,7,2,945.94,0.27,1381.07,400.1099999999999
ITEM0008789,ORD004211,PROD00035,CUST00590,20230210,7,1,2576.9,0.0,2576.9,1165.71
ITEM0008790,ORD004212,PROD00279,CUST00589,20231211,8,1,7168.01,0.0,7168.01,4297.540000000001
ITEM0008791,ORD004212,PROD00165,CUST00589,20231211,8,1,1721.94,0.0,1721.94,927.6800000000001
ITEM0008792,ORD004213,PROD00218,CUST00206,20241110,5,1,6300.23,0.0,6300.23,3582.7199999999993
ITEM0008793,ORD004214,PROD00059,CUST00926,20240708,10,2,11784.91,0.0,23569.82,13687.86
ITEM0008794,ORD004214,PROD00041,CUST00926,20240708,10,2,3958.75,0.0,7917.5,3469.4799999999996
ITEM0008795,ORD004214,PROD00199,CUST00926,20240708,10,1,3657.98,0.07,3401.92,1576.6000000000001
ITEM0008796,ORD004214,PROD00288,CUST00926,20240708,10,1,2790.22,0.0,2790.22,1564.3799999999999
ITEM0008797,ORD004214,PROD00009,CUST00926,20240708,10,2,5332.96,0.0,10665.92,6260.72
ITEM0008798,ORD004215,PROD00005,CUST00830,20231028,2,3,246.43,0.11,657.97,129.67000000000007
ITEM0008799,ORD004216,PROD00290,CUST00655,20241001,5,1,1195.14,0.28,860.5,83.61000000000001
ITEM0008800,ORD004217,PROD00092,CUST00920,20230417,9,1,1552.76,0.0,1552.76,714.72
ITEM0008801,ORD004218,PROD00168,CUST00737,20241124,7,3,5760.76,0.14,14862.76,4747.57
ITEM0008802,ORD004218,PROD00036,CUST00737,20241124,7,2,7308.78,0.14,12571.1,5431.88
ITEM0008803,ORD004219,PROD00178,CUST00474,20240602,3,2,7985.04,0.0,15970.08,9317.32
ITEM0008804,ORD004219,PROD00108,CUST00474,20240602,3,3,7407.37,0.0,22222.11,13190.220000000001
ITEM0008805,ORD004219,PROD00270,CUST00474,20240602,3,2,4350.17,0.0,8700.34,4423.84
ITEM0008806,ORD004220,PROD00170,CUST00271,20230202,9,1,774.85,0.19,627.62,-1712.08
ITEM0008807,ORD004221,PROD00170,CUST00956,20240405,2,1,2028.09,0.29,1439.94,-899.7599999999998
ITEM0008808,ORD004222,PROD00046,CUST00852,20240716,2,1,8988.77,0.0,8988.77,4231.92
ITEM0008809,ORD004222,PROD00049,CUST00852,20240716,2,2,5326.74,0.0,10653.48,2814.24
ITEM0008810,ORD004223,PROD00097,CUST00870,20230620,8,3,1492.36,0.0,4477.08,949.2599999999998
ITEM0008811,ORD004223,PROD00141,CUST00870,20230620,8,1,4481.31,0.0,4481.31,1665.3200000000006
ITEM0008812,ORD004224,PROD00055,CUST00934,20240111,3,2,2678.2,0.11,4767.2,1452.9199999999996
ITEM0008813,ORD004224,PROD00119,CUST00934,20240111,3,1,9197.85,0.0,9197.85,5466.89
ITEM0008814,ORD004224,PROD00192,CUST00934,20240111,3,2,5116.05,0.0,10232.1,3379.38
ITEM0008815,ORD004225,PROD00131,CUST00654,20230127,9,1,576.16,0.0,576.16,215.51
ITEM0008816,ORD004226,PROD00206,CUST00897,20231209,6,2,8632.13,0.0,17264.26,7932.539999999999
ITEM0008817,ORD004226,PROD00202,CUST00897,20231209,6,1,1016.59,0.0,1016.59,338.75
ITEM0008818,ORD004226,PROD00138,CUST00897,20231209,6,1,10725.29,0.0,10725.29,6249.430000000001
ITEM0008819,ORD004226,PROD00027,CUST00897,20231209,6,1,5723.51,0.0,5723.51,2519.11
ITEM0008820,ORD004226,PROD00290,CUST00897,20231209,6,3,1195.14,0.0,3585.42,1254.75
ITEM0008821,ORD004227,PROD00288,CUST00467,20230808,7,1,2790.22,0.0,2790.22,1564.3799999999999
ITEM0008822,ORD004228,PROD00271,CUST00023,20240520,8,1,439.58,0.0,439.58,218.57999999999998
ITEM0008823,ORD004228,PROD00202,CUST00023,20240520,8,1,1016.59,0.0,1016.59,338.75
ITEM0008824,ORD004229,PROD00282,CUST00561,20240918,2,1,3504.39,0.0,3504.39,1243.4
ITEM0008825,ORD004230,PROD00141,CUST00804,20230207,8,1,4481.31,0.25,3360.98,544.9900000000002
ITEM0008826,ORD004230,PROD00255,CUST00804,20230207,8,1,7383.63,0.26,5463.89,2133.6600000000003
ITEM0008827,ORD004230,PROD00060,CUST00804,20230207,8,4,532.72,0.0,2130.88,1005.5200000000002
ITEM0008828,ORD004230,PROD00262,CUST00804,20230207,8,1,1460.84,0.05,1387.8,664.41
ITEM0008829,ORD004231,PROD00232,CUST00745,20230222,7,1,3144.6,0.24,2389.9,855.75
ITEM0008830,ORD004231,PROD00272,CUST00745,20230222,7,1,7587.4,0.0,7587.4,3090.1799999999994
ITEM0008831,ORD004231,PROD00281,CUST00745,20230222,7,1,7979.23,0.0,7979.23,3968.0199999999995
ITEM0008832,ORD004231,PROD00186,CUST00745,20230222,7,1,1445.96,0.0,1445.96,829.34
ITEM0008833,ORD004231,PROD00019,CUST00745,20230222,7,1,2406.67,0.0,2406.67,1356.91
ITEM0008834,ORD004232,PROD00154,CUST00599,20230612,7,2,5526.27,0.21,8731.51,2802.25
ITEM0008835,ORD004232,PROD00132,CUST00599,20230612,7,1,5296.2,0.0,5296.2,1109.0599999999995
ITEM0008836,ORD004232,PROD00234,CUST00599,20230612,7,4,9552.76,0.0,38211.04,20162.72
ITEM0008837,ORD004233,PROD00233,CUST00920,20241108,6,1,3164.97,0.0,3164.97,1502.5599999999997
ITEM0008838,ORD004233,PROD00134,CUST00920,20241108,6,1,1127.73,0.0,1127.73,268.05000000000007
ITEM0008839,ORD004233,PROD00092,CUST00920,20241108,6,1,1552.76,0.0,1552.76,714.72
ITEM0008840,ORD004234,PROD00261,CUST00265,20231001,10,1,2154.14,0.29,1529.44,548.4000000000001
ITEM0008841,ORD004234,PROD00072,CUST00265,20231001,10,1,6999.91,0.28,5039.94,1937.4599999999996
ITEM0008842,ORD004234,PROD00086,CUST00265,20231001,10,1,5791.83,0.14,4980.97,2365.0000000000005
ITEM0008843,ORD004234,PROD00096,CUST00265,20231001,10,2,4639.15,0.0,9278.3,4829.36
ITEM0008844,ORD004235,PROD00141,CUST00118,20240119,10,1,4481.31,0.0,4481.31,1665.3200000000006
ITEM0008845,ORD004235,PROD00037,CUST00118,20240119,10,1,5435.74,0.0,5435.74,3199.04
ITEM0008846,ORD004235,PROD00085,CUST00118,20240119,10,1,1960.53,0.0,1960.53,788.48
ITEM0008847,ORD004236,PROD00012,CUST00457,20231010,6,1,7089.43,0.0,7089.43,3895.3700000000003
ITEM0008848,ORD004237,PROD00273,CUST00496,20241113,2,2,4432.81,0.0,8865.62,2570.840000000001
ITEM0008849,ORD004237,PROD00254,CUST00496,20241113,2,1,3623.42,0.21,2862.5,-35.80000000000018
ITEM0008850,ORD004237,PROD00034,CUST00496,20241113,2,2,2533.01,0.0,5066.02,1656.1400000000003
ITEM0008851,ORD004237,PROD00277,CUST00496,20241113,2,1,556.92,0.0,556.92,297.17999999999995
ITEM0008852,ORD004238,PROD00251,CUST00364,20230527,10,3,3365.3,0.0,10095.9,5972.429999999999
ITEM0008853,ORD004239,PROD00293,CUST00572,20240503,6,3,5361.88,0.0,16085.64,2902.4699999999975
ITEM0008854,ORD004239,PROD00270,CUST00572,20240503,6,1,4350.17,0.0,4350.17,2211.92
ITEM0008855,ORD004239,PROD00008,CUST00572,20240503,6,1,5338.8,0.0,5338.8,2219.09
ITEM0008856,ORD004239,PROD00292,CUST00572,20240503,6,2,5910.44,0.0,11820.88,5975.959999999999
ITEM0008857,ORD004239,PROD00181,CUST00572,20240503,6,1,2887.17,0.0,2887.17,1516.96
ITEM0008858,ORD004240,PROD00022,CUST00297,20240501,4,3,1547.99,0.0,4643.97,2713.2900000000004
ITEM0008859,ORD004241,PROD00166,CUST00387,20231225,1,1,7134.8,0.0,7134.8,3400.6400000000003
ITEM0008860,ORD004242,PROD00209,CUST00407,20241129,8,2,3816.19,0.13,6640.17,3161.67
ITEM0008861,ORD004242,PROD00038,CUST00407,20241129,8,4,1983.28,0.14,6822.48,3032.4799999999996
ITEM0008862,ORD004243,PROD00119,CUST00160,20230424,8,1,9197.85,0.0,9197.85,5466.89
ITEM0008863,ORD004243,PROD00245,CUST00160,20230424,8,1,6215.91,0.0,6215.91,2418.97
ITEM0008864,ORD004244,PROD00267,CUST00441,20250325,4,3,3457.61,0.0,10372.83,2128.3500000000004
ITEM0008865,ORD004244,PROD00039,CUST00441,20250325,4,2,6419.63,0.0,12839.26,3212.92
ITEM0008866,ORD004245,PROD00160,CUST00714,20230702,8,1,1750.19,0.0,1750.19,438.8800000000001
ITEM0008867,ORD004245,PROD00123,CUST00714,20230702,8,2,2950.23,0.0,5900.46,2281.78
ITEM0008868,ORD004246,PROD00145,CUST00525,20230804,9,3,5845.69,0.25,13152.8,5994.469999999999
ITEM0008869,ORD004247,PROD00077,CUST00139,20240212,3,2,7101.66,0.0,14203.32,6431.4
ITEM0008870,ORD004248,PROD00018,CUST00253,20231116,2,1,2803.77,0.0,2803.77,948.98
ITEM0008871,ORD004248,PROD00080,CUST00253,20231116,2,1,862.91,0.0,862.91,394.7
ITEM0008872,ORD004249,PROD00158,CUST00432,20231113,5,3,8138.6,0.13,21241.75,9099.19
ITEM0008873,ORD004250,PROD00134,CUST00827,20240129,8,1,1127.73,0.14,969.85,110.17000000000007
ITEM0008874,ORD004251,PROD00091,CUST00210,20241129,7,1,1302.09,0.0,1302.09,622.29
ITEM0008875,ORD004251,PROD00187,CUST00210,20241129,7,2,6641.17,0.28,9563.28,1956.300000000001
ITEM0008876,ORD004251,PROD00266,CUST00210,20241129,7,1,5956.89,0.09,5420.77,541.8900000000003
ITEM0008877,ORD004252,PROD00155,CUST00034,20231226,3,1,1532.82,0.0,1532.82,428.0
ITEM0008878,ORD004252,PROD00082,CUST00034,20231226,3,1,3992.96,0.0,3992.96,2224.75
ITEM0008879,ORD004253,PROD00181,CUST00232,20240427,2,3,2887.17,0.0,8661.51,4550.88
ITEM0008880,ORD004254,PROD00275,CUST00394,20240318,8,1,5765.78,0.24,4381.99,1779.0899999999997
ITEM0008881,ORD004255,PROD00218,CUST00754,20230828,3,2,6300.23,0.0,12600.46,7165.439999999999
ITEM0008882,ORD004256,PROD00176,CUST00285,20240801,4,1,5492.71,0.06,5163.15,1849.1499999999996
ITEM0008883,ORD004257,PROD00171,CUST00936,20240320,2,3,546.18,0.0,1638.54,837.51
ITEM0008884,ORD004257,PROD00234,CUST00936,20240320,2,2,9552.76,0.1,17194.97,8170.810000000001
ITEM0008885,ORD004258,PROD00013,CUST01000,20230903,9,3,10508.19,0.23,24273.92,10498.939999999999
ITEM0008886,ORD004258,PROD00040,CUST01000,20230903,9,1,3631.49,0.06,3413.6,1786.83
ITEM0008887,ORD004259,PROD00139,CUST00388,20230817,8,1,5962.8,0.0,5962.8,3099.65
ITEM0008888,ORD004260,PROD00054,CUST00853,20231207,6,1,5941.63,0.0,5941.63,3029.28
ITEM0008889,ORD004260,PROD00287,CUST00853,20231207,6,1,6559.01,0.0,6559.01,3257.69
ITEM0008890,ORD004261,PROD00188,CUST00753,20240112,6,1,1657.41,0.04,1591.11,263.74
ITEM0008891,ORD004261,PROD00201,CUST00753,20240112,6,3,3944.29,0.3,8283.01,-383.53999999999905
ITEM0008892,ORD004261,PROD00274,CUST00753,20240112,6,1,5633.46,0.0,5633.46,1065.2799999999997
ITEM0008893,ORD004262,PROD00188,CUST00969,20240929,6,1,1657.41,0.0,1657.41,330.0400000000002
ITEM0008894,ORD004262,PROD00124,CUST00969,20240929,6,2,2025.14,0.0,4050.28,818.9200000000001
ITEM0008895,ORD004263,PROD00011,CUST00095,20231024,3,2,2615.05,0.0,5230.1,2766.6000000000004
ITEM0008896,ORD004264,PROD00179,CUST00604,20240713,7,2,6055.62,0.0,12111.24,7170.54
ITEM0008897,ORD004264,PROD00159,CUST00604,20240713,7,1,198.83,0.0,198.83,98.66000000000001
ITEM0008898,ORD004264,PROD00118,CUST00604,20240713,7,3,8273.55,0.0,24820.65,9907.560000000001
ITEM0008899,ORD004265,PROD00054,CUST00253,20240213,6,2,5941.63,0.0,11883.26,6058.56
ITEM0008900,ORD004266,PROD00060,CUST00355,20241112,2,1,532.72,0.0,532.72,251.38000000000005
ITEM0008901,ORD004266,PROD00254,CUST00355,20241112,2,1,3623.42,0.25,2717.56,-180.74000000000024
ITEM0008902,ORD004267,PROD00049,CUST00712,20240402,6,1,5326.74,0.09,4847.33,927.71
ITEM0008903,ORD004268,PROD00120,CUST00603,20230914,6,4,1288.16,0.0,5152.64,3002.88
ITEM0008904,ORD004268,PROD00170,CUST00603,20230914,6,1,2511.98,0.0,-2511.98,-4851.68
ITEM0008905,ORD004269,PROD00279,CUST00827,20230915,6,4,7168.01,0.0,28672.04,17190.160000000003
ITEM0008906,ORD004269,PROD00011,CUST00827,20230915,6,2,2615.05,0.0,5230.1,2766.6000000000004
ITEM0008907,ORD004270,PROD00285,CUST00705,20240309,3,2,2757.81,0.19,4467.65,1905.3899999999994
ITEM0008908,ORD004271,PROD00112,CUST00700,20231011,7,1,3435.2,0.0,3435.2,1842.6499999999999
ITEM0008909,ORD004271,PROD00056,CUST00700,20231011,7,2,6326.27,0.0,12652.54,7565.760000000001
ITEM0008910,ORD004271,PROD00224,CUST00700,20231011,7,1,8522.29,0.0,8522.29,4734.700000000001
ITEM0008911,ORD004271,PROD00300,CUST00700,20231011,7,3,1343.36,0.0,4030.08,2145.8399999999997
ITEM0008912,ORD004272,PROD00187,CUST00255,20231210,3,1,6641.17,0.0,6641.17,2837.6800000000003
ITEM0008913,ORD004273,PROD00033,CUST00041,20240405,9,1,1942.09,0.17,1611.93,452.03
ITEM0008914,ORD004274,PROD00137,CUST00597,20230621,8,3,5635.51,0.0,16906.53,7241.969999999999
ITEM0008915,ORD004274,PROD00037,CUST00597,20230621,8,2,5435.74,0.0,10871.48,6398.08
ITEM0008916,ORD004274,PROD00107,CUST00597,20230621,8,2,6282.37,0.0,12564.74,3728.42
ITEM0008917,ORD004275,PROD00004,CUST00901,20240907,5,1,4097.38,0.0,4097.38,698.21
ITEM0008918,ORD004276,PROD00268,CUST00916,20230520,7,4,852.32,0.0,3409.28,1490.6800000000003
ITEM0008919,ORD004276,PROD00213,CUST00916,20230520,7,2,9402.56,0.07,17488.76,7979.659999999998
ITEM0008920,ORD004277,PROD00055,CUST00746,20230109,1,2,2678.2,0.0,5356.4,2042.1199999999994
ITEM0008921,ORD004277,PROD00075,CUST00746,20230109,1,2,6662.95,0.0,13325.9,6884.24
ITEM0008922,ORD004278,PROD00042,CUST00894,20240914,1,1,8235.83,0.0,8235.83,4137.96
ITEM0008923,ORD004279,PROD00059,CUST00124,20240713,5,1,11784.91,0.26,8720.83,3779.8500000000004
ITEM0008924,ORD004279,PROD00269,CUST00124,20240713,5,1,2135.25,0.21,1686.85,587.04
ITEM0008925,ORD004279,PROD00053,CUST00124,20240713,5,1,7229.99,0.0,7229.99,4151.26
ITEM0008926,ORD004280,PROD00186,CUST00035,20231215,9,3,1445.96,0.0,4337.88,2488.02
ITEM0008927,ORD004280,PROD00040,CUST00035,20231215,9,3,3631.49,0.0,10894.47,6014.16
ITEM0008928,ORD004280,PROD00044,CUST00035,20231215,9,1,5424.36,0.18,4447.98,2145.8999999999996
ITEM0008929,ORD004281,PROD00154,CUST00386,20231214,4,1,5526.27,0.0,5526.27,2561.6400000000003
ITEM0008930,ORD004281,PROD00212,CUST00386,20231214,4,1,7782.48,0.16,6537.28,2992.1299999999997
ITEM0008931,ORD004281,PROD00257,CUST00386,20231214,4,2,1937.55,0.0,3875.1,-4631.299999999999
ITEM0008932,ORD004282,PROD00005,CUST00605,20240828,1,3,246.43,0.0,739.29,210.99
ITEM0008933,ORD004282,PROD00058,CUST00605,20240828,1,1,4592.96,0.13,3995.88,1071.4500000000003
ITEM0008934,ORD004283,PROD00286,CUST00719,20240225,7,1,945.94,0.08,870.26,379.78
ITEM0008935,ORD004283,PROD00173,CUST00719,20240225,7,1,2688.99,0.2,2151.19,-2272.69
ITEM0008936,ORD004284,PROD00292,CUST00935,20230614,5,4,5910.44,0.0,23641.76,11951.919999999998
ITEM0008937,ORD004285,PROD00126,CUST00518,20230528,2,3,10802.22,0.26,23980.93,9449.080000000002
ITEM0008938,ORD004286,PROD00166,CUST00885,20240620,4,2,7134.8,0.16,11986.46,4518.139999999999
ITEM0008939,ORD004287,PROD00075,CUST00522,20240928,9,1,6662.95,0.22,5197.1,1976.2700000000004
ITEM0008940,ORD004288,PROD00292,CUST00077,20240905,3,3,5910.44,0.0,17731.32,8963.939999999999
ITEM0008941,ORD004288,PROD00206,CUST00077,20240905,3,2,8632.13,0.05,16401.05,7069.33
ITEM0008942,ORD004289,PROD00244,CUST00742,20230322,5,1,4549.33,0.1,4094.4,1340.81
ITEM0008943,ORD004289,PROD00214,CUST00742,20230322,5,1,8107.58,0.0,8107.58,3658.74
ITEM0008944,ORD004289,PROD00060,CUST00742,20230322,5,1,532.72,0.0,532.72,251.38000000000005
ITEM0008945,ORD004290,PROD00200,CUST00733,20240522,2,1,7131.42,0.04,6846.16,2818.3399999999997
ITEM0008946,ORD004291,PROD00190,CUST00099,20241008,4,2,3528.69,0.0,7057.38,3710.02
ITEM0008947,ORD004291,PROD00020,CUST00099,20241008,4,1,7970.85,0.29,5659.3,1784.38
ITEM0008948,ORD004291,PROD00172,CUST00099,20241008,4,1,734.93,0.25,551.2,242.30000000000007
ITEM0008949,ORD004291,PROD00048,CUST00099,20241008,4,4,1926.71,0.15,6550.81,1342.5700000000006
ITEM0008950,ORD004291,PROD00272,CUST00099,20241008,4,3,7587.4,0.0,22762.2,9270.54
ITEM0008951,ORD004292,PROD00092,CUST00241,20231107,9,1,1552.76,0.0,1552.76,714.72
ITEM0008952,ORD004292,PROD00011,CUST00241,20231107,9,2,2615.05,0.0,5230.1,2766.6000000000004
ITEM0008953,ORD004292,PROD00032,CUST00241,20231107,9,1,301.12,0.0,301.12,56.30000000000001
ITEM0008954,ORD004292,PROD00182,CUST00241,20231107,9,1,3616.25,0.0,3616.25,1810.58
ITEM0008955,ORD004292,PROD00054,CUST00241,20231107,9,1,5941.63,0.0,5941.63,3029.28
ITEM0008956,ORD004293,PROD00263,CUST00361,20231005,1,1,4979.64,0.0,4979.64,1665.3500000000004
ITEM0008957,ORD004294,PROD00264,CUST00195,20231127,3,1,8008.38,0.0,8008.38,4554.62
ITEM0008958,ORD004295,PROD00049,CUST00940,20240719,8,2,5326.74,0.0,10653.48,2814.24
ITEM0008959,ORD004295,PROD00056,CUST00940,20240719,8,4,6326.27,0.18,20750.17,10576.609999999999
ITEM0008960,ORD004296,PROD00088,CUST00686,20230811,10,1,4559.98,0.0,4559.98,1282.8999999999996
ITEM0008961,ORD004296,PROD00164,CUST00686,20230811,10,1,5504.82,0.29,3908.42,784.3400000000001
ITEM0008962,ORD004296,PROD00009,CUST00686,20230811,10,2,5332.96,0.0,10665.92,6260.72
ITEM0008963,ORD004297,PROD00106,CUST00122,20240211,9,4,3963.99,0.11,14111.8,4409.639999999999
ITEM0008964,ORD004297,PROD00006,CUST00122,20240211,9,1,8153.69,0.0,8153.69,4035.5199999999995
ITEM0008965,ORD004297,PROD00104,CUST00122,20240211,9,1,2043.03,0.0,2043.03,773.79
ITEM0008966,ORD004297,PROD00169,CUST00122,20240211,9,1,5358.09,0.0,5358.09,2984.67
ITEM0008967,ORD004298,PROD00071,CUST00252,20240813,5,1,534.87,0.0,534.87,199.64999999999998
ITEM0008968,ORD004298,PROD00112,CUST00252,20240813,5,3,3435.2,0.23,7935.31,3157.6600000000008
ITEM0008969,ORD004299,PROD00007,CUST00836,20241010,5,2,7518.69,0.0,15037.38,5107.66
ITEM0008970,ORD004300,PROD00209,CUST00579,20231228,9,1,3816.19,0.0,3816.19,2076.94
ITEM0008971,ORD004300,PROD00159,CUST00579,20231228,9,1,198.83,0.0,198.83,98.66000000000001
ITEM0008972,ORD004300,PROD00060,CUST00579,20231228,9,1,532.72,0.29,378.23,96.89000000000004
ITEM0008973,ORD004301,PROD00104,CUST00393,20240918,6,1,2043.03,0.0,2043.03,773.79
ITEM0008974,ORD004301,PROD00116,CUST00393,20240918,6,1,3835.95,0.0,3835.95,1362.6099999999997
ITEM0008975,ORD004302,PROD00124,CUST00830,20240229,3,2,2025.14,0.0,4050.28,818.9200000000001
ITEM0008976,ORD004302,PROD00154,CUST00830,20240229,3,2,5526.27,0.0,11052.54,5123.280000000001
ITEM0008977,ORD004303,PROD00291,CUST00552,20240229,4,1,1173.69,0.0,1173.69,495.6700000000001
ITEM0008978,ORD004303,PROD00014,CUST00552,20240229,4,1,1451.31,0.0,1451.31,352.8699999999999
ITEM0008979,ORD004304,PROD00189,CUST00546,20230506,4,2,7636.65,0.0,15273.3,7592.459999999999
ITEM0008980,ORD004304,PROD00059,CUST00546,20230506,4,1,11784.91,0.16,9899.32,4958.34
ITEM0008981,ORD004305,PROD00192,CUST00482,20241012,9,3,5116.05,0.0,15348.15,5069.07
ITEM0008982,ORD004306,PROD00150,CUST00019,20240610,2,1,290.6,0.0,290.6,161.43000000000004
ITEM0008983,ORD004306,PROD00055,CUST00019,20240610,2,1,2678.2,0.05,2544.29,887.1499999999999
ITEM0008984,ORD004306,PROD00216,CUST00019,20240610,2,1,3307.17,0.0,3307.17,1490.91
ITEM0008985,ORD004306,PROD00263,CUST00019,20240610,2,1,4979.64,0.0,4979.64,1665.3500000000004
ITEM0008986,ORD004307,PROD00119,CUST00134,20240306,10,2,9197.85,0.0,18395.7,10933.78
ITEM0008987,ORD004308,PROD00226,CUST00274,20231021,8,2,648.79,0.0,1297.58,346.78
ITEM0008988,ORD004309,PROD00176,CUST00289,20241019,4,1,5492.71,0.0,5492.71,2178.71
ITEM0008989,ORD004309,PROD00285,CUST00289,20241019,4,1,2757.81,0.06,2592.34,1311.21
ITEM0008990,ORD004310,PROD00144,CUST00847,20230507,9,1,9953.38,0.0,9953.38,5272.469999999999
ITEM0008991,ORD004311,PROD00097,CUST00653,20240809,1,2,1492.36,0.25,2238.54,-113.34000000000015
ITEM0008992,ORD004312,PROD00122,CUST00494,20240426,3,1,11549.43,0.0,11549.43,6611.5
ITEM0008993,ORD004312,PROD00274,CUST00494,20240426,3,2,5633.46,0.0,11266.92,2130.5599999999995
ITEM0008994,ORD004312,PROD00025,CUST00494,20240426,3,1,3078.83,0.0,3078.83,572.75
ITEM0008995,ORD004313,PROD00291,CUST00002,20231030,9,3,1173.69,0.0,3521.07,1487.0100000000002
ITEM0008996,ORD004314,PROD00257,CUST00404,20230627,1,2,216.93,0.0,433.86,-8072.54
ITEM0008997,ORD004314,PROD00035,CUST00404,20230627,1,1,2576.9,0.0,2576.9,1165.71
ITEM0008998,ORD004314,PROD00194,CUST00404,20230627,1,1,535.55,0.21,423.08,204.29
ITEM0008999,ORD004314,PROD00056,CUST00404,20230627,1,4,6326.27,0.12,-22268.47,-32442.03
ITEM0009000,ORD004315,PROD00043,CUST00772,20240927,6,1,1789.22,0.0,1789.22,710.5899999999999
ITEM0009001,ORD004315,PROD00127,CUST00772,20240927,6,1,5321.52,0.29,3778.28,1233.5400000000004
ITEM0009002,ORD004316,PROD00037,CUST00137,20230526,6,4,5435.74,0.0,21742.96,12796.16
ITEM0009003,ORD004316,PROD00088,CUST00137,20230526,6,2,4559.98,0.15,7751.97,1197.8100000000004
ITEM0009004,ORD004316,PROD00045,CUST00137,20230526,6,2,4706.05,0.0,9412.1,3460.7800000000007
ITEM0009005,ORD004316,PROD00154,CUST00137,20230526,6,1,5526.27,0.0,5526.27,2561.6400000000003
ITEM0009006,ORD004317,PROD00231,CUST00132,20230928,6,1,3622.68,0.0,3622.68,1349.3199999999997
ITEM0009007,ORD004317,PROD00275,CUST00132,20230928,6,1,5765.78,0.0,5765.78,3162.8799999999997
ITEM0009008,ORD004317,PROD00206,CUST00132,20230928,6,1,8632.13,0.0,8632.13,3966.2699999999995
ITEM0009009,ORD004317,PROD00165,CUST00132,20230928,6,3,1721.94,0.17,4287.63,1904.8500000000004
ITEM0009010,ORD004317,PROD00173,CUST00132,20230928,6,1,654.86,0.0,654.86,-3769.02
ITEM0009011,ORD004318,PROD00160,CUST00468,20240411,5,2,1750.19,0.25,2625.28,2.6600000000003092
ITEM0009012,ORD004318,PROD00201,CUST00468,20240411,5,2,3944.29,0.09,7178.61,1400.9099999999999
ITEM0009013,ORD004318,PROD00021,CUST00468,20240411,5,1,6443.82,0.0,6443.82,3269.37
ITEM0009014,ORD004318,PROD00268,CUST00468,20240411,5,2,852.32,0.0,1704.64,745.3400000000001
ITEM0009015,ORD004318,PROD00252,CUST00468,20240411,5,2,910.14,0.04,1747.47,255.11000000000013
ITEM0009016,ORD004319,PROD00133,CUST00824,20241105,9,4,7313.64,0.26,21648.37,5857.209999999999
ITEM0009017,ORD004320,PROD00259,CUST00317,20240622,7,1,1489.83,0.05,1415.34,247.90999999999985
ITEM0009018,ORD004320,PROD00200,CUST00317,20240622,7,1,7131.42,0.0,7131.42,3103.6
ITEM0009019,ORD004321,PROD00295,CUST00597,20230824,7,1,895.09,0.0,895.09,175.74
ITEM0009020,ORD004322,PROD00008,CUST00181,20231101,1,1,5338.8,0.0,5338.8,2219.09
ITEM0009021,ORD004322,PROD00286,CUST00181,20231101,1,1,945.94,0.0,945.94,455.46000000000004
ITEM0009022,ORD004322,PROD00053,CUST00181,20231101,1,1,7229.99,0.3,5060.99,1982.2599999999998
ITEM0009023,ORD004322,PROD00095,CUST00181,20231101,1,1,1505.02,0.0,1505.02,539.46
ITEM0009024,ORD004323,PROD00171,CUST00253,20240727,6,1,546.18,0.0,546.18,279.16999999999996
ITEM0009025,ORD004323,PROD00243,CUST00253,20240727,6,1,6308.05,0.0,6308.05,2974.4100000000003
ITEM0009026,ORD004324,PROD00201,CUST00902,20230227,7,1,3944.29,0.0,3944.29,1055.44
ITEM0009027,ORD004325,PROD00053,CUST00539,20230701,6,3,7229.99,0.25,16267.48,7031.289999999999
ITEM0009028,ORD004326,PROD00160,CUST00418,20231114,2,3,1750.19,0.0,5250.57,1316.6399999999999
ITEM0009029,ORD004326,PROD00016,CUST00418,20231114,2,1,6005.27,0.0,6005.27,1394.3600000000006
ITEM0009030,ORD004326,PROD00176,CUST00418,20231114,2,2,5492.71,0.26,8129.21,1501.21
ITEM0009031,ORD004326,PROD00229,CUST00418,20231114,2,3,726.54,0.0,2179.62,750.5999999999999
ITEM0009032,ORD004327,PROD00249,CUST00974,20240829,5,1,4279.09,0.0,4279.09,2277.3500000000004
ITEM0009033,ORD004327,PROD00181,CUST00974,20240829,5,1,2887.17,0.0,2887.17,1516.96
ITEM0009034,ORD004328,PROD00149,CUST00780,20240616,10,2,832.87,0.0,1665.74,941.08
ITEM0009035,ORD004328,PROD00175,CUST00780,20240616,10,1,8513.93,0.04,8173.37,3650.87
ITEM0009036,ORD004329,PROD00089,CUST00891,20230819,10,1,781.78,0.0,781.78,141.79999999999995
ITEM0009037,ORD004329,PROD00226,CUST00891,20230819,10,1,648.79,0.1,583.91,108.50999999999999
ITEM0009038,ORD004330,PROD00017,CUST00139,20240822,2,2,9163.85,0.0,18327.7,10932.84
ITEM0009039,ORD004330,PROD00234,CUST00139,20240822,2,1,9552.76,0.0,9552.76,5040.68
ITEM0009040,ORD004330,PROD00157,CUST00139,20240822,2,1,2525.54,0.03,2449.77,875.4000000000001
ITEM0009041,ORD004330,PROD00247,CUST00139,20240822,2,2,7341.91,0.0,14683.82,7371.12
ITEM0009042,ORD004331,PROD00262,CUST00976,20230824,6,1,1460.84,0.07,1358.58,635.1899999999999
ITEM0009043,ORD004332,PROD00285,CUST00507,20230807,8,2,2757.81,0.0,5515.62,2953.3599999999997
ITEM0009044,ORD004333,PROD00033,CUST00389,20240820,6,1,1942.09,0.14,1670.2,510.29999999999995
ITEM0009045,ORD004334,PROD00253,CUST00476,20241126,10,1,791.63,0.0,791.63,272.5
ITEM0009046,ORD004334,PROD00111,CUST00476,20241126,10,1,5596.44,0.0,5596.44,3031.0199999999995
ITEM0009047,ORD004334,PROD00117,CUST00476,20241126,10,1,498.3,0.01,493.32,291.76
ITEM0009048,ORD004334,PROD00287,CUST00476,20241126,10,1,6559.01,0.0,6559.01,3257.69
ITEM0009049,ORD004334,PROD00257,CUST00476,20241126,10,1,1912.12,0.13,1663.54,-2589.66
ITEM0009050,ORD004335,PROD00258,CUST00021,20230519,1,1,5858.08,0.23,4510.72,2125.17
ITEM0009051,ORD004335,PROD00163,CUST00021,20230519,1,1,2745.97,0.0,2745.97,1370.6399999999999
ITEM0009052,ORD004335,PROD00153,CUST00021,20230519,1,1,4010.2,0.29,2847.24,388.0499999999997
ITEM0009053,ORD004336,PROD00299,CUST00761,20230410,5,3,10649.19,0.17,26516.48,13024.309999999998
ITEM0009054,ORD004337,PROD00299,CUST00187,20240209,6,1,10649.19,0.0,10649.19,6151.8
ITEM0009055,ORD004337,PROD00031,CUST00187,20240209,6,1,4066.81,0.0,4066.81,1410.2399999999998
ITEM0009056,ORD004338,PROD00280,CUST00888,20230917,10,1,4625.83,0.18,3793.18,1644.5899999999997
ITEM0009057,ORD004338,PROD00259,CUST00888,20230917,10,4,1489.83,0.0,5959.32,1289.5999999999995
ITEM0009058,ORD004339,PROD00202,CUST00648,20240410,1,1,1016.59,0.03,986.09,308.25
ITEM0009059,ORD004340,PROD00168,CUST00712,20240611,8,1,5760.76,0.0,5760.76,2389.03
ITEM0009060,ORD004340,PROD00208,CUST00712,20240611,8,3,4099.5,0.0,12298.5,2395.9799999999996
ITEM0009061,ORD004340,PROD00095,CUST00712,20240611,8,1,1505.02,0.27,1098.66,133.10000000000014
ITEM0009062,ORD004341,PROD00152,CUST00922,20241120,5,4,1231.99,0.29,3498.85,1000.69
ITEM0009063,ORD004341,PROD00083,CUST00922,20241120,5,1,9425.24,0.0,9425.24,5118.79
ITEM0009064,ORD004341,PROD00271,CUST00922,20241120,5,2,439.58,0.0,879.16,437.15999999999997
ITEM0009065,ORD004341,PROD00225,CUST00922,20241120,5,3,6042.7,0.06,17040.41,2173.6099999999988
ITEM0009066,ORD004342,PROD00228,CUST00358,20240309,3,1,1263.16,0.0,1263.16,527.5500000000001
ITEM0009067,ORD004343,PROD00109,CUST00468,20230428,2,1,7944.57,0.0,7944.57,3565.7999999999993
ITEM0009068,ORD004343,PROD00081,CUST00468,20230428,2,1,2624.19,0.0,2624.19,1465.13
ITEM0009069,ORD004344,PROD00176,CUST00223,20241030,5,1,5492.71,0.0,5492.71,2178.71
ITEM0009070,ORD004344,PROD00101,CUST00223,20241030,5,3,1373.9,0.0,4121.7,1307.58
ITEM0009071,ORD004345,PROD00080,CUST00383,20240419,8,2,862.91,0.11,1535.98,599.5600000000001
ITEM0009072,ORD004345,PROD00195,CUST00383,20240419,8,1,9608.14,0.0,9608.14,5539.099999999999
ITEM0009073,ORD004345,PROD00194,CUST00383,20240419,8,1,535.55,0.0,535.55,316.76
ITEM0009074,ORD004346,PROD00145,CUST00819,20240202,6,1,5845.69,0.0,5845.69,3459.5799999999995
ITEM0009075,ORD004347,PROD00126,CUST00307,20230110,10,1,10802.22,0.07,10046.06,5202.11
ITEM0009076,ORD004348,PROD00189,CUST00645,20230318,3,1,7636.65,0.27,5574.75,1734.33
ITEM0009077,ORD004348,PROD00125,CUST00645,20230318,3,1,5694.29,0.25,4270.72,83.28000000000065
ITEM0009078,ORD004349,PROD00095,CUST00591,20241107,10,1,1505.02,0.0,1505.02,539.46
ITEM0009079,ORD004349,PROD00018,CUST00591,20241107,10,1,2803.77,0.0,2803.77,948.98
ITEM0009080,ORD004350,PROD00156,CUST00782,20240910,8,1,1816.09,0.0,1816.09,1047.7199999999998
ITEM0009081,ORD004350,PROD00058,CUST00782,20240910,8,2,4592.96,0.0,9185.92,3337.0600000000004
ITEM0009082,ORD004350,PROD00105,CUST00782,20240910,8,2,3095.41,0.0,6190.82,2735.7
ITEM0009083,ORD004350,PROD00180,CUST00782,20240910,8,3,7030.69,0.0,21092.07,12324.3
ITEM0009084,ORD004351,PROD00028,CUST00123,20240415,3,1,214.4,0.0,214.4,64.71000000000001
ITEM0009085,ORD004352,PROD00114,CUST00830,20241103,4,3,2295.26,0.29,4888.9,-766.1599999999999
ITEM0009086,ORD004353,PROD00210,CUST00397,20230721,10,1,6680.3,0.02,6546.69,2444.5499999999993
ITEM0009087,ORD004353,PROD00261,CUST00397,20230721,10,3,2154.14,0.19,5234.56,2291.4400000000005
ITEM0009088,ORD004353,PROD00184,CUST00397,20230721,10,1,1498.15,0.0,1498.15,877.6700000000001
ITEM0009089,ORD004353,PROD00013,CUST00397,20230721,10,4,10508.19,0.0,42032.76,23666.120000000003
ITEM0009090,ORD004353,PROD00180,CUST00397,20230721,10,2,7030.69,0.19,11389.72,5544.539999999999
ITEM0009091,ORD004354,PROD00032,CUST00746,20240401,7,1,301.12,0.0,301.12,56.30000000000001
ITEM0009092,ORD004354,PROD00172,CUST00746,20240401,7,2,734.93,0.0,1469.86,852.06
ITEM0009093,ORD004355,PROD00118,CUST00765,20230406,1,2,8273.55,0.0,16547.1,6605.039999999999
ITEM0009094,ORD004355,PROD00006,CUST00765,20230406,1,1,8153.69,0.0,8153.69,4035.5199999999995
ITEM0009095,ORD004355,PROD00245,CUST00765,20230406,1,4,6215.91,0.0,24863.64,9675.88
ITEM0009096,ORD004355,PROD00022,CUST00765,20230406,1,1,1547.99,0.0,1547.99,904.4300000000001
ITEM0009097,ORD004356,PROD00241,CUST00832,20231101,8,2,2569.02,0.0,5138.04,-3436.7799999999997
ITEM0009098,ORD004357,PROD00032,CUST00697,20230707,7,1,301.12,0.0,301.12,56.30000000000001
ITEM0009099,ORD004357,PROD00111,CUST00697,20230707,7,1,5596.44,0.0,5596.44,3031.0199999999995
ITEM0009100,ORD004358,PROD00080,CUST00673,20230729,7,1,862.91,0.0,862.91,394.7
ITEM0009101,ORD004358,PROD00079,CUST00673,20230729,7,2,7182.12,0.0,14364.24,7701.32
ITEM0009102,ORD004359,PROD00094,CUST00882,20230630,8,2,6449.58,0.0,12899.16,5525.54
ITEM0009103,ORD004359,PROD00030,CUST00882,20230630,8,2,4937.89,0.0,9875.78,4933.460000000001
ITEM0009104,ORD004359,PROD00041,CUST00882,20230630,8,2,3958.75,0.0,7917.5,3469.4799999999996
ITEM0009105,ORD004359,PROD00182,CUST00882,20230630,8,2,3616.25,0.0,7232.5,3621.16
ITEM0009106,ORD004359,PROD00280,CUST00882,20230630,8,1,4625.83,0.0,4625.83,2477.24
ITEM0009107,ORD004360,PROD00100,CUST00598,20230209,6,1,8661.69,0.0,8661.69,4965.460000000001
ITEM0009108,ORD004360,PROD00210,CUST00598,20230209,6,3,6680.3,0.0,20040.9,7734.48
ITEM0009109,ORD004361,PROD00054,CUST00017,20230811,1,2,5941.63,0.0,11883.26,6058.56
ITEM0009110,ORD004362,PROD00145,CUST00368,20230225,2,2,5845.69,0.07,10872.98,6100.759999999999
ITEM0009111,ORD004362,PROD00114,CUST00368,20230225,2,3,2295.26,0.0,6885.78,1230.7200000000003
ITEM0009112,ORD004363,PROD00219,CUST00860,20231104,9,1,344.65,0.16,289.51,100.85
ITEM0009113,ORD004364,PROD00297,CUST00767,20240502,4,1,10930.45,0.0,10930.45,6329.200000000001
ITEM0009114,ORD004364,PROD00159,CUST00767,20240502,4,4,198.83,0.0,795.32,394.64000000000004
ITEM0009115,ORD004364,PROD00152,CUST00767,20240502,4,1,1231.99,0.28,887.03,262.49
ITEM0009116,ORD004365,PROD00074,CUST00325,20240901,10,1,9420.21,0.17,7818.77,3495.4800000000005
ITEM0009117,ORD004366,PROD00277,CUST00370,20231209,5,1,556.92,0.0,556.92,297.17999999999995
ITEM0009118,ORD004366,PROD00062,CUST00370,20231209,5,1,5673.89,0.0,5673.89,2029.9500000000003
ITEM0009119,ORD004367,PROD00278,CUST00187,20230402,10,1,629.94,0.0,629.94,145.56000000000006
ITEM0009120,ORD004367,PROD00195,CUST00187,20230402,10,1,9608.14,0.0,9608.14,5539.099999999999
ITEM0009121,ORD004367,PROD00242,CUST00187,20230402,10,3,2496.43,0.12,6590.58,636.0300000000007
ITEM0009122,ORD004367,PROD00085,CUST00187,20230402,10,2,1960.53,0.0,3921.06,1576.96
ITEM0009123,ORD004368,PROD00233,CUST00300,20241129,9,2,3164.97,0.0,6329.94,3005.1199999999994
ITEM0009124,ORD004368,PROD00092,CUST00300,20241129,9,2,1552.76,0.0,3105.52,1429.44
ITEM0009125,ORD004368,PROD00102,CUST00300,20241129,9,1,6509.4,0.0,6509.4,3487.4599999999996
ITEM0009126,ORD004369,PROD00230,CUST00254,20240810,4,1,8026.94,0.15,6822.9,3267.1499999999996
ITEM0009127,ORD004369,PROD00071,CUST00254,20240810,4,1,534.87,0.04,513.48,178.26
ITEM0009128,ORD004369,PROD00193,CUST00254,20240810,4,3,9202.76,0.0,27608.28,15344.879999999997
ITEM0009129,ORD004370,PROD00101,CUST00586,20240605,4,2,1373.9,0.0,2747.8,871.7200000000003
ITEM0009130,ORD004370,PROD00070,CUST00586,20240605,4,1,6693.56,0.0,6693.56,2340.29
ITEM0009131,ORD004371,PROD00292,CUST00445,20230913,9,1,5910.44,0.0,5910.44,2987.9799999999996
ITEM0009132,ORD004372,PROD00161,CUST00710,20230327,3,2,2894.21,0.0,5788.42,1239.0200000000004
ITEM0009133,ORD004372,PROD00139,CUST00710,20230327,3,1,5962.8,0.0,5962.8,3099.65
ITEM0009134,ORD004372,PROD00274,CUST00710,20230327,3,2,5633.46,0.14,9689.55,553.1899999999987
ITEM0009135,ORD004372,PROD00206,CUST00710,20230327,3,1,8632.13,0.17,7164.67,2498.8100000000004
ITEM0009136,ORD004372,PROD00262,CUST00710,20230327,3,1,1460.84,0.0,1460.84,737.4499999999999
ITEM0009137,ORD004373,PROD00010,CUST00740,20230306,10,1,2259.53,0.0,2259.53,1308.3200000000002
ITEM0009138,ORD004373,PROD00028,CUST00740,20230306,10,1,214.4,0.0,214.4,64.71000000000001
ITEM0009139,ORD004374,PROD00151,CUST00929,20241113,6,1,5518.05,0.0,5518.05,1305.9800000000005
ITEM0009140,ORD004375,PROD00197,CUST00905,20240106,3,2,8766.75,0.0,17533.5,10179.720000000001
ITEM0009141,ORD004375,PROD00145,CUST00905,20240106,3,2,5845.69,0.0,11691.38,6919.159999999999
ITEM0009142,ORD004375,PROD00292,CUST00905,20240106,3,1,5910.44,0.03,5733.13,2810.67
ITEM0009143,ORD004376,PROD00233,CUST00200,20240323,1,1,3164.97,0.0,3164.97,1502.5599999999997
ITEM0009144,ORD004376,PROD00052,CUST00200,20240323,1,1,1689.78,0.0,1689.78,550.1199999999999
ITEM0009145,ORD004377,PROD00215,CUST00951,20240914,4,1,379.53,0.0,379.53,75.0
ITEM0009146,ORD004377,PROD00214,CUST00951,20240914,4,1,8107.58,0.0,8107.58,3658.74
ITEM0009147,ORD004378,PROD00255,CUST00628,20240623,8,1,7383.63,0.2,5906.9,2576.6699999999996
ITEM0009148,ORD004378,PROD00156,CUST00628,20240623,8,1,1816.09,0.0,1816.09,1047.7199999999998
ITEM0009149,ORD004378,PROD00191,CUST00628,20240623,8,3,4249.81,0.0,12749.43,4014.870000000001
ITEM0009150,ORD004378,PROD00010,CUST00628,20240623,8,2,2259.53,0.12,3976.77,2074.35
ITEM0009151,ORD004379,PROD00072,CUST00420,20241026,5,2,6999.91,0.0,13999.82,7794.86
ITEM0009152,ORD004380,PROD00014,CUST00273,20240525,7,1,1451.31,0.0,1451.31,352.8699999999999
ITEM0009153,ORD004381,PROD00200,CUST00252,20240616,2,1,7131.42,0.0,7131.42,3103.6
ITEM0009154,ORD004381,PROD00023,CUST00252,20240616,2,1,3506.84,0.0,3506.84,2022.7700000000002
ITEM0009155,ORD004382,PROD00204,CUST00051,20241201,9,1,3352.35,0.0,3352.35,1339.26
ITEM0009156,ORD004382,PROD00028,CUST00051,20241201,9,1,214.4,0.0,214.4,64.71000000000001
ITEM0009157,ORD004383,PROD00243,CUST00769,20231226,1,1,6308.05,0.0,6308.05,2974.4100000000003
ITEM0009158,ORD004383,PROD00055,CUST00769,20231226,1,4,2678.2,0.0,10712.8,4084.239999999999
ITEM0009159,ORD004383,PROD00223,CUST00769,20231226,1,1,2430.88,0.0,2430.88,1193.92
ITEM0009160,ORD004384,PROD00186,CUST00543,20231124,1,1,1445.96,0.02,1417.04,800.42
ITEM0009161,ORD004384,PROD00086,CUST00543,20231124,1,1,5791.83,0.14,4980.97,2365.0000000000005
ITEM0009162,ORD004385,PROD00090,CUST00609,20240513,8,4,494.65,0.0,1978.6,1018.3199999999999
ITEM0009163,ORD004385,PROD00078,CUST00609,20240513,8,2,2028.86,0.01,4017.14,914.04
ITEM0009164,ORD004386,PROD00036,CUST00218,20240825,8,2,7308.78,0.19,11840.22,4700.999999999999
ITEM0009165,ORD004386,PROD00106,CUST00218,20240825,8,1,3963.99,0.0,3963.99,1538.4499999999998
ITEM0009166,ORD004387,PROD00034,CUST00850,20230718,7,1,2533.01,0.0,2533.01,828.0700000000002
ITEM0009167,ORD004388,PROD00287,CUST00240,20230813,5,1,6559.01,0.0,6559.01,3257.69
ITEM0009168,ORD004389,PROD00296,CUST00204,20230823,8,1,1188.71,0.0,1188.71,270.73
ITEM0009169,ORD004389,PROD00162,CUST00204,20230823,8,1,3555.3,0.19,2879.79,409.55999999999995
ITEM0009170,ORD004390,PROD00039,CUST00515,20230624,2,1,6419.63,0.18,5264.1,450.9300000000003
ITEM0009171,ORD004391,PROD00075,CUST00298,20240511,4,1,6662.95,0.06,6263.17,3042.34
ITEM0009172,ORD004391,PROD00248,CUST00298,20240511,4,1,10128.22,0.25,7596.16,2946.1800000000003
ITEM0009173,ORD004392,PROD00248,CUST00331,20240221,3,1,10128.22,0.0,10128.22,5478.24
ITEM0009174,ORD004392,PROD00215,CUST00331,20240221,3,1,379.53,0.0,379.53,75.0
ITEM0009175,ORD004392,PROD00291,CUST00331,20240221,3,1,1173.69,0.0,1173.69,495.6700000000001
ITEM0009176,ORD004392,PROD00245,CUST00331,20240221,3,1,6215.91,0.0,6215.91,2418.97
ITEM0009177,ORD004393,PROD00290,CUST00485,20230916,3,1,1195.14,0.21,944.16,167.26999999999998
ITEM0009178,ORD004393,PROD00098,CUST00485,20230916,3,2,2402.47,0.0,4804.94,2265.0199999999995
ITEM0009179,ORD004394,PROD00150,CUST00168,20240313,10,3,290.6,0.25,653.85,266.34000000000003
ITEM0009180,ORD004395,PROD00057,CUST01000,20230830,7,2,4595.24,0.24,6984.76,2347.46
ITEM0009181,ORD004395,PROD00078,CUST01000,20230830,7,1,2028.86,0.0,2028.86,477.30999999999995
ITEM0009182,ORD004396,PROD00294,CUST00118,20240817,10,2,8182.59,0.25,12273.88,4571.879999999999
ITEM0009183,ORD004396,PROD00094,CUST00118,20240817,10,1,6449.58,0.04,6191.6,2504.7900000000004
ITEM0009184,ORD004396,PROD00183,CUST00118,20240817,10,1,526.69,0.0,526.69,282.0300000000001
ITEM0009185,ORD004396,PROD00091,CUST00118,20240817,10,1,1302.09,0.0,1302.09,622.29
ITEM0009186,ORD004396,PROD00163,CUST00118,20240817,10,3,2745.97,0.21,6507.95,2381.96
ITEM0009187,ORD004397,PROD00057,CUST00447,20240203,6,1,4595.24,0.0,4595.24,2276.5899999999997
ITEM0009188,ORD004398,PROD00154,CUST00462,20240620,5,1,5526.27,0.0,5526.27,2561.6400000000003
ITEM0009189,ORD004399,PROD00040,CUST00120,20240408,4,1,3631.49,0.22,2832.56,1205.79
ITEM0009190,ORD004400,PROD00028,CUST00982,20230928,10,2,214.4,0.0,428.8,129.42000000000002
ITEM0009191,ORD004400,PROD00122,CUST00982,20230928,10,1,11549.43,0.0,11549.43,6611.5
ITEM0009192,ORD004401,PROD00158,CUST00186,20231124,6,1,8138.6,0.05,7731.67,3684.15
ITEM0009193,ORD004401,PROD00156,CUST00186,20231124,6,2,1816.09,0.0,3632.18,2095.4399999999996
ITEM0009194,ORD004402,PROD00047,CUST00656,20240325,3,2,1589.57,0.0,3179.14,1216.08
ITEM0009195,ORD004403,PROD00087,CUST00379,20240331,7,1,4546.57,0.0,4546.57,2373.41
ITEM0009196,ORD004403,PROD00251,CUST00379,20240331,7,1,3365.3,0.04,3230.69,1856.2
ITEM0009197,ORD004404,PROD00113,CUST00951,20230325,9,1,3472.93,0.0,3472.93,1654.1
ITEM0009198,ORD004405,PROD00079,CUST00892,20240829,9,1,7182.12,0.0,7182.12,3850.66
ITEM0009199,ORD004405,PROD00077,CUST00892,20240829,9,2,7101.66,0.0,14203.32,6431.4
ITEM0009200,ORD004406,PROD00134,CUST00655,20230211,1,1,1127.73,0.18,924.74,65.06000000000006
ITEM0009201,ORD004406,PROD00119,CUST00655,20230211,1,1,9197.85,0.0,9197.85,5466.89
ITEM0009202,ORD004407,PROD00219,CUST00758,20231226,2,1,344.65,0.01,341.2,152.54
ITEM0009203,ORD004408,PROD00235,CUST00331,20230203,10,2,1155.59,0.0,2311.18,1342.3999999999999
ITEM0009204,ORD004408,PROD00097,CUST00331,20230203,10,1,1492.36,0.0,1492.36,316.41999999999985
ITEM0009205,ORD004408,PROD00245,CUST00331,20230203,10,2,6215.91,0.0,12431.82,4837.94
ITEM0009206,ORD004409,PROD00270,CUST00419,20231025,3,1,4350.17,0.27,3175.62,1037.37
ITEM0009207,ORD004409,PROD00059,CUST00419,20231025,3,2,11784.91,0.09,21448.54,11566.580000000002
ITEM0009208,ORD004410,PROD00076,CUST00625,20230712,4,1,6038.15,0.0,6038.15,3106.5099999999998
ITEM0009209,ORD004410,PROD00115,CUST00625,20230712,4,2,3250.57,0.0,6501.14,3030.5000000000005
ITEM0009210,ORD004411,PROD00285,CUST00243,20231211,4,1,2757.81,0.0,2757.81,1476.6799999999998
ITEM0009211,ORD004411,PROD00174,CUST00243,20231211,4,1,4285.14,0.0,4285.14,2432.1800000000003
ITEM0009212,ORD004412,PROD00225,CUST00322,20240428,10,2,6042.7,0.17,10030.88,119.67999999999847
ITEM0009213,ORD004413,PROD00146,CUST00191,20240530,2,1,504.1,0.16,423.44,193.97
ITEM0009214,ORD004413,PROD00101,CUST00191,20240530,2,4,1373.9,0.14,4726.22,974.0600000000004
ITEM0009215,ORD004413,PROD00009,CUST00191,20240530,2,3,5332.96,0.0,15998.88,9391.08
ITEM0009216,ORD004414,PROD00279,CUST00334,20241006,8,2,7168.01,0.28,10321.93,4580.990000000001
ITEM0009217,ORD004414,PROD00107,CUST00334,20241006,8,1,6282.37,0.0,6282.37,1864.21
ITEM0009218,ORD004414,PROD00167,CUST00334,20241006,8,1,2019.38,0.0,2019.38,501.08000000000015
ITEM0009219,ORD004414,PROD00290,CUST00334,20241006,8,2,1195.14,0.0,2390.28,836.5000000000002
ITEM0009220,ORD004414,PROD00004,CUST00334,20241006,8,1,4097.38,0.22,3195.96,-203.21000000000004
ITEM0009221,ORD004415,PROD00064,CUST00477,20230714,7,1,4268.27,0.0,4268.27,2240.9700000000003
ITEM0009222,ORD004415,PROD00163,CUST00477,20230714,7,1,2745.97,0.0,2745.97,1370.6399999999999
ITEM0009223,ORD004415,PROD00106,CUST00477,20230714,7,2,3963.99,0.28,5708.15,857.0699999999997
ITEM0009224,ORD004415,PROD00190,CUST00477,20230714,7,1,3528.69,0.0,3528.69,1855.01
ITEM0009225,ORD004416,PROD00178,CUST00657,20240817,9,2,7985.04,0.18,13095.47,6442.709999999999
ITEM0009226,ORD004416,PROD00068,CUST00657,20240817,9,1,1589.23,0.0,1589.23,380.1600000000001
ITEM0009227,ORD004416,PROD00271,CUST00657,20240817,9,1,439.58,0.01,435.18,214.18
ITEM0009228,ORD004417,PROD00013,CUST00512,20240805,10,2,10508.19,0.0,21016.38,11833.060000000001
ITEM0009229,ORD004417,PROD00090,CUST00512,20240805,10,1,494.65,0.0,494.65,254.57999999999998
ITEM0009230,ORD004417,PROD00028,CUST00512,20240805,10,1,214.4,0.0,214.4,64.71000000000001
ITEM0009231,ORD004417,PROD00073,CUST00512,20240805,10,1,9071.35,0.21,7166.37,2534.5599999999995
ITEM0009232,ORD004417,PROD00145,CUST00512,20240805,10,2,5845.69,0.0,11691.38,6919.159999999999
ITEM0009233,ORD004418,PROD00091,CUST00810,20230112,1,1,1302.09,0.12,1145.84,466.03999999999996
ITEM0009234,ORD004419,PROD00280,CUST00722,20240330,3,1,4625.83,0.0,4625.83,2477.24
ITEM0009235,ORD004420,PROD00131,CUST00018,20230325,8,1,576.16,0.0,576.16,215.51
ITEM0009236,ORD004420,PROD00242,CUST00018,20230325,8,1,2496.43,0.19,2022.11,37.25999999999999
ITEM0009237,ORD004420,PROD00188,CUST00018,20230325,8,1,1657.41,0.0,1657.41,330.0400000000002
ITEM0009238,ORD004420,PROD00268,CUST00018,20230325,8,2,852.32,0.15,-1448.94,-2408.24
ITEM0009239,ORD004421,PROD00219,CUST00365,20240219,3,1,344.65,0.29,244.7,56.03999999999999
ITEM0009240,ORD004422,PROD00142,CUST00341,20230117,10,1,8354.87,0.0,8354.87,3711.9900000000007
ITEM0009241,ORD004423,PROD00056,CUST00070,20230504,8,1,6326.27,0.0,6326.27,3782.8800000000006
ITEM0009242,ORD004423,PROD00166,CUST00070,20230504,8,1,7134.8,0.0,7134.8,3400.6400000000003
ITEM0009243,ORD004423,PROD00047,CUST00070,20230504,8,1,1589.57,0.0,1589.57,608.04
ITEM0009244,ORD004424,PROD00124,CUST00285,20230618,6,1,2025.14,0.02,-1984.64,-3600.32
ITEM0009245,ORD004424,PROD00050,CUST00285,20230618,6,3,5338.68,0.0,16016.04,5179.050000000001
ITEM0009246,ORD004424,PROD00028,CUST00285,20230618,6,2,214.4,0.15,364.48,65.10000000000002
ITEM0009247,ORD004425,PROD00134,CUST00687,20240416,1,1,1127.73,0.0,1127.73,268.05000000000007
ITEM0009248,ORD004426,PROD00294,CUST00729,20231204,6,2,8182.59,0.0,16365.18,8663.18
ITEM0009249,ORD004426,PROD00023,CUST00729,20231204,6,1,3506.84,0.3,2454.79,970.72
ITEM0009250,ORD004427,PROD00044,CUST00760,20230720,7,2,5424.36,0.0,10848.72,6244.5599999999995
ITEM0009251,ORD004427,PROD00278,CUST00760,20230720,7,1,629.94,0.0,629.94,145.56000000000006
ITEM0009252,ORD004427,PROD00261,CUST00760,20230720,7,1,2154.14,0.0,2154.14,1173.1
ITEM0009253,ORD004427,PROD00037,CUST00760,20230720,7,1,5435.74,0.0,5435.74,3199.04
ITEM0009254,ORD004428,PROD00002,CUST00892,20230811,10,2,231.58,0.0,463.16,188.62
ITEM0009255,ORD004428,PROD00059,CUST00892,20230811,10,3,11784.91,0.13,30758.62,15935.68
ITEM0009256,ORD004428,PROD00153,CUST00892,20230811,10,2,4010.2,0.0,8020.4,3102.0199999999995
ITEM0009257,ORD004428,PROD00133,CUST00892,20230811,10,4,7313.64,0.0,29254.56,13463.400000000001
ITEM0009258,ORD004428,PROD00073,CUST00892,20230811,10,1,9071.35,0.14,7801.36,3169.5499999999993
ITEM0009259,ORD004429,PROD00290,CUST00085,20231224,4,1,1195.14,0.0,-1195.14,-1972.0300000000002
ITEM0009260,ORD004429,PROD00211,CUST00085,20231224,4,2,1624.33,0.0,3248.66,739.6199999999999
ITEM0009261,ORD004430,PROD00082,CUST00799,20230308,3,1,3992.96,0.0,3992.96,2224.75
ITEM0009262,ORD004430,PROD00080,CUST00799,20230308,3,1,862.91,0.17,716.22,248.01000000000005
ITEM0009263,ORD004431,PROD00085,CUST00801,20240405,1,3,1960.53,0.0,5881.59,2365.4400000000005
ITEM0009264,ORD004431,PROD00147,CUST00801,20240405,1,4,4961.76,0.0,19847.04,7388.960000000001
ITEM0009265,ORD004431,PROD00290,CUST00801,20240405,1,1,1195.14,0.0,1195.14,418.2500000000001
ITEM0009266,ORD004432,PROD00150,CUST00230,20231208,8,1,290.6,0.0,290.6,161.43000000000004
ITEM0009267,ORD004432,PROD00097,CUST00230,20231208,8,2,1492.36,0.26,2208.69,-143.19000000000005
ITEM0009268,ORD004433,PROD00080,CUST00175,20240810,5,1,862.91,0.0,862.91,394.7
ITEM0009269,ORD004433,PROD00205,CUST00175,20240810,5,3,6283.38,0.0,18850.14,4318.859999999999
ITEM0009270,ORD004434,PROD00145,CUST00706,20240312,4,1,5845.69,0.0,5845.69,3459.5799999999995
ITEM0009271,ORD004434,PROD00005,CUST00706,20240312,4,1,246.43,0.0,246.43,70.33000000000001
ITEM0009272,ORD004435,PROD00162,CUST00573,20240222,5,1,3555.3,0.0,3555.3,1085.0700000000002
ITEM0009273,ORD004436,PROD00080,CUST00952,20240612,2,2,862.91,0.0,1725.82,789.4
ITEM0009274,ORD004437,PROD00011,CUST00683,20231211,7,2,2615.05,0.0,5230.1,2766.6000000000004
ITEM0009275,ORD004437,PROD00294,CUST00683,20231211,7,1,8182.59,0.0,8182.59,4331.59
ITEM0009276,ORD004438,PROD00210,CUST00365,20240731,8,1,6680.3,0.0,6680.3,2578.16
ITEM0009277,ORD004438,PROD00232,CUST00365,20240731,8,1,3144.6,0.19,2547.13,1012.98
ITEM0009278,ORD004438,PROD00188,CUST00365,20240731,8,1,1657.41,0.0,1657.41,330.0400000000002
ITEM0009279,ORD004439,PROD00226,CUST00103,20231025,1,1,648.79,0.0,648.79,173.39
ITEM0009280,ORD004439,PROD00264,CUST00103,20231025,1,2,8008.38,0.0,16016.76,9109.24
ITEM0009281,ORD004439,PROD00191,CUST00103,20231025,1,2,4249.81,0.0,8499.62,2676.580000000001
ITEM0009282,ORD004439,PROD00232,CUST00103,20231025,1,1,3144.6,0.0,3144.6,1610.4499999999998
ITEM0009283,ORD004440,PROD00044,CUST00922,20240507,3,1,5424.36,0.0,5424.36,3122.2799999999997
ITEM0009284,ORD004440,PROD00085,CUST00922,20240507,3,1,1960.53,0.05,1862.5,690.45
ITEM0009285,ORD004440,PROD00269,CUST00922,20240507,3,1,2135.25,0.0,2135.25,1035.44
ITEM0009286,ORD004440,PROD00062,CUST00922,20240507,3,2,5673.89,0.0,11347.78,4059.9000000000005
ITEM0009287,ORD004441,PROD00201,CUST00667,20240629,10,2,3944.29,0.0,7888.58,2110.88
ITEM0009288,ORD004441,PROD00270,CUST00667,20240629,10,1,4350.17,0.0,4350.17,2211.92
ITEM0009289,ORD004441,PROD00069,CUST00667,20240629,10,1,1387.34,0.0,1387.34,-2711.7799999999997
ITEM0009290,ORD004442,PROD00294,CUST00826,20231124,6,1,8182.59,0.15,6955.2,3104.2
ITEM0009291,ORD004442,PROD00008,CUST00826,20231124,6,1,5338.8,0.14,4591.37,1471.6599999999999
ITEM0009292,ORD004443,PROD00215,CUST00775,20231026,6,1,379.53,0.0,379.53,75.0
ITEM0009293,ORD004444,PROD00086,CUST00296,20230606,2,1,5791.83,0.0,5791.83,3175.86
ITEM0009294,ORD004444,PROD00041,CUST00296,20230606,2,2,3958.75,0.14,6809.05,2361.0299999999997
ITEM0009295,ORD004445,PROD00109,CUST00753,20240423,5,2,7944.57,0.0,15889.14,7131.5999999999985
ITEM0009296,ORD004445,PROD00050,CUST00753,20240423,5,2,5338.68,0.0,10677.36,3452.7000000000007
ITEM0009297,ORD004445,PROD00160,CUST00753,20240423,5,2,1750.19,0.0,3500.38,877.7600000000002
ITEM0009298,ORD004445,PROD00059,CUST00753,20240423,5,1,11784.91,0.27,8602.98,3662.0
ITEM0009299,ORD004446,PROD00076,CUST00122,20241118,7,1,6038.15,0.0,6038.15,3106.5099999999998
ITEM0009300,ORD004446,PROD00134,CUST00122,20241118,7,1,1127.73,0.0,1127.73,268.05000000000007
ITEM0009301,ORD004446,PROD00132,CUST00122,20241118,7,2,5296.2,0.17,8791.69,417.40999999999985
ITEM0009302,ORD004447,PROD00192,CUST00392,20241006,7,1,5116.05,0.0,5116.05,1689.69
ITEM0009303,ORD004447,PROD00091,CUST00392,20241006,7,1,1302.09,0.0,1302.09,622.29
ITEM0009304,ORD004447,PROD00203,CUST00392,20241006,7,1,477.27,0.0,477.27,266.80999999999995
ITEM0009305,ORD004447,PROD00138,CUST00392,20241006,7,2,10725.29,0.0,21450.58,12498.860000000002
ITEM0009306,ORD004447,PROD00115,CUST00392,20241006,7,2,3250.57,0.19,5265.92,1795.2800000000002
ITEM0009307,ORD004448,PROD00151,CUST00680,20240327,6,1,5518.05,0.0,5518.05,1305.9800000000005
ITEM0009308,ORD004448,PROD00043,CUST00680,20240327,6,2,1789.22,0.0,3578.44,1421.1799999999998
ITEM0009309,ORD004449,PROD00067,CUST00309,20240719,1,1,996.38,0.0,996.38,381.22
ITEM0009310,ORD004449,PROD00005,CUST00309,20240719,1,2,246.43,0.0,492.86,140.66000000000003
ITEM0009311,ORD004450,PROD00163,CUST00416,20230124,10,1,2745.97,0.0,2745.97,1370.6399999999999
ITEM0009312,ORD004451,PROD00241,CUST00809,20240913,5,1,1059.72,0.0,1059.72,-3227.6899999999996
ITEM0009313,ORD004452,PROD00146,CUST00943,20230211,4,1,504.1,0.0,504.1,274.63
ITEM0009314,ORD004452,PROD00247,CUST00943,20230211,4,2,7341.91,0.0,14683.82,7371.12
ITEM0009315,ORD004452,PROD00283,CUST00943,20230211,4,1,7427.34,0.1,6684.61,2120.37
ITEM0009316,ORD004452,PROD00064,CUST00943,20230211,4,1,4268.27,0.14,3670.71,1643.41
ITEM0009317,ORD004453,PROD00085,CUST00499,20231027,3,1,1960.53,0.0,1960.53,788.48
ITEM0009318,ORD004454,PROD00164,CUST00497,20230410,1,1,5504.82,0.0,5504.82,2380.74
ITEM0009319,ORD004455,PROD00180,CUST00684,20241020,3,1,7030.69,0.0,7030.69,4108.099999999999
ITEM0009320,ORD004455,PROD00017,CUST00684,20241020,3,1,9163.85,0.0,9163.85,5466.42
ITEM0009321,ORD004455,PROD00262,CUST00684,20241020,3,1,1460.84,0.0,1460.84,737.4499999999999
ITEM0009322,ORD004456,PROD00046,CUST00850,20241007,7,3,8988.77,0.23,20764.06,6493.51
ITEM0009323,ORD004456,PROD00280,CUST00850,20241007,7,1,4625.83,0.16,3885.7,1737.1099999999997
ITEM0009324,ORD004457,PROD00152,CUST00267,20230205,6,1,1231.99,0.0,1231.99,607.45
ITEM0009325,ORD004457,PROD00033,CUST00267,20230205,6,2,1942.09,0.0,3884.18,1564.3799999999997
ITEM0009326,ORD004457,PROD00102,CUST00267,20230205,6,2,6509.4,0.26,9633.91,3590.0299999999997
ITEM0009327,ORD004458,PROD00107,CUST00819,20240710,7,3,6282.37,0.0,18847.11,5592.630000000001
ITEM0009328,ORD004458,PROD00001,CUST00819,20240710,7,2,9272.65,0.0,18545.3,9446.96
ITEM0009329,ORD004459,PROD00187,CUST00704,20230111,10,1,6641.17,0.0,6641.17,2837.6800000000003
ITEM0009330,ORD004460,PROD00205,CUST00968,20240529,8,2,6283.38,0.0,12566.76,2879.24
ITEM0009331,ORD004461,PROD00286,CUST00992,20240528,2,2,945.94,0.18,1551.34,570.3799999999999
ITEM0009332,ORD004461,PROD00084,CUST00992,20240528,2,1,7622.23,0.0,7622.23,4311.3099999999995
ITEM0009333,ORD004462,PROD00051,CUST00229,20230416,1,4,8693.03,0.05,33033.51,15018.11
ITEM0009334,ORD004462,PROD00139,CUST00229,20230416,1,3,5962.8,0.0,17888.4,9298.95
ITEM0009335,ORD004462,PROD00151,CUST00229,20230416,1,1,5518.05,0.0,5518.05,1305.9800000000005
ITEM0009336,ORD004462,PROD00046,CUST00229,20230416,1,2,8988.77,0.22,14022.48,4508.779999999999
ITEM0009337,ORD004462,PROD00164,CUST00229,20230416,1,1,5504.82,0.12,4844.24,1720.1599999999999
ITEM0009338,ORD004463,PROD00294,CUST00696,20230422,3,2,8182.59,0.0,16365.18,8663.18
ITEM0009339,ORD004463,PROD00109,CUST00696,20230422,3,2,7944.57,0.07,14776.9,6019.359999999999
ITEM0009340,ORD004464,PROD00207,CUST00268,20231130,7,3,6547.46,0.0,19642.38,11317.050000000001
ITEM0009341,ORD004465,PROD00187,CUST00887,20230608,6,1,6641.17,0.0,6641.17,2837.6800000000003
ITEM0009342,ORD004465,PROD00253,CUST00887,20230608,6,2,791.63,0.0,1583.26,545.0
ITEM0009343,ORD004466,PROD00215,CUST00464,20240527,7,1,379.53,0.08,349.17,44.64000000000004
ITEM0009344,ORD004466,PROD00160,CUST00464,20240527,7,2,1750.19,0.03,3395.37,772.75
ITEM0009345,ORD004466,PROD00295,CUST00464,20240527,7,1,895.09,0.0,895.09,175.74
ITEM0009346,ORD004467,PROD00035,CUST00951,20231230,8,2,2576.9,0.0,5153.8,2331.42
ITEM0009347,ORD004468,PROD00210,CUST00373,20231014,1,1,6680.3,0.0,-6680.3,-10782.44
ITEM0009348,ORD004469,PROD00021,CUST00123,20240407,8,1,6443.82,0.08,5928.31,2753.8600000000006
ITEM0009349,ORD004470,PROD00259,CUST00097,20240522,7,2,1489.83,0.23,2294.34,-40.51999999999998
ITEM0009350,ORD004470,PROD00229,CUST00097,20240522,7,1,726.54,0.0,726.54,250.2
ITEM0009351,ORD004470,PROD00016,CUST00097,20240522,7,1,6005.27,0.0,-6005.27,-10616.18
ITEM0009352,ORD004471,PROD00171,CUST00855,20230929,5,1,546.18,0.0,546.18,279.16999999999996
ITEM0009353,ORD004471,PROD00059,CUST00855,20230929,5,1,11784.91,0.0,11784.91,6843.93
ITEM0009354,ORD004471,PROD00060,CUST00855,20230929,5,1,532.72,0.07,495.43,214.09000000000003
ITEM0009355,ORD004471,PROD00066,CUST00855,20230929,5,1,899.86,0.0,899.86,296.41999999999996
ITEM0009356,ORD004471,PROD00171,CUST00855,20230929,5,1,546.18,0.01,540.72,273.71000000000004
ITEM0009357,ORD004472,PROD00028,CUST00785,20230926,2,2,214.4,0.0,428.8,129.42000000000002
ITEM0009358,ORD004472,PROD00152,CUST00785,20230926,2,1,1231.99,0.08,1133.43,508.8900000000001
ITEM0009359,ORD004472,PROD00280,CUST00785,20230926,2,2,4625.83,0.0,9251.66,4954.48
ITEM0009360,ORD004473,PROD00182,CUST00676,20241129,9,1,3616.25,0.0,3616.25,1810.58
ITEM0009361,ORD004473,PROD00177,CUST00676,20241129,9,2,5446.6,0.0,10893.2,6190.280000000001
ITEM0009362,ORD004474,PROD00159,CUST00293,20240902,6,1,198.83,0.0,198.83,98.66000000000001
ITEM0009363,ORD004474,PROD00260,CUST00293,20240902,6,2,8617.38,0.23,13270.77,4279.73
ITEM0009364,ORD004474,PROD00248,CUST00293,20240902,6,2,10128.22,0.0,20256.44,10956.48
ITEM0009365,ORD004475,PROD00232,CUST00955,20230813,8,1,3144.6,0.02,3081.71,1547.56
ITEM0009366,ORD004476,PROD00224,CUST00022,20230519,10,1,8522.29,0.0,8522.29,4734.700000000001
ITEM0009367,ORD004477,PROD00135,CUST00402,20240831,6,1,2086.2,0.0,2086.2,1022.2399999999998
ITEM0009368,ORD004478,PROD00238,CUST00427,20241117,1,1,7201.82,0.16,6049.53,2527.6499999999996
ITEM0009369,ORD004479,PROD00035,CUST00448,20241114,5,1,2576.9,0.27,1881.14,469.95000000000005
ITEM0009370,ORD004480,PROD00220,CUST00195,20230507,6,1,6168.69,0.0,6168.69,2661.0299999999997
ITEM0009371,ORD004481,PROD00288,CUST00571,20230330,4,2,2790.22,0.0,5580.44,3128.7599999999998
ITEM0009372,ORD004481,PROD00116,CUST00571,20230330,4,2,3835.95,0.0,7671.9,2725.2199999999993
ITEM0009373,ORD004481,PROD00281,CUST00571,20230330,4,3,7979.23,0.0,23937.69,11904.059999999998
ITEM0009374,ORD004481,PROD00179,CUST00571,20230330,4,1,6055.62,0.0,6055.62,3585.27
ITEM0009375,ORD004482,PROD00137,CUST00547,20230801,5,2,5635.51,0.0,11271.02,4827.9800000000005
ITEM0009376,ORD004483,PROD00214,CUST00684,20240812,6,1,8107.58,0.0,8107.58,3658.74
ITEM0009377,ORD004483,PROD00254,CUST00684,20240812,6,4,3623.42,0.0,14493.68,2900.4799999999996
ITEM0009378,ORD004483,PROD00076,CUST00684,20240812,6,2,6038.15,0.2,9661.04,3797.760000000001
ITEM0009379,ORD004484,PROD00244,CUST00888,20230525,8,2,4549.33,0.0,9098.66,3591.4799999999996
ITEM0009380,ORD004484,PROD00247,CUST00888,20230525,8,4,7341.91,0.05,27899.26,13273.859999999999
ITEM0009381,ORD004485,PROD00102,CUST00064,20241015,9,1,6509.4,0.0,6509.4,3487.4599999999996
ITEM0009382,ORD004485,PROD00028,CUST00064,20241015,9,1,214.4,0.0,214.4,64.71000000000001
ITEM0009383,ORD004486,PROD00003,CUST00450,20230114,3,3,2902.0,0.0,8706.0,4472.16
ITEM0009384,ORD004486,PROD00172,CUST00450,20230114,3,1,734.93,0.0,734.93,426.03
ITEM0009385,ORD004487,PROD00151,CUST00709,20230203,3,1,5518.05,0.0,5518.05,1305.9800000000005
ITEM0009386,ORD004487,PROD00133,CUST00709,20230203,3,2,7313.64,0.25,10970.46,3074.879999999999
ITEM0009387,ORD004487,PROD00069,CUST00709,20230203,3,1,2467.54,0.0,2467.54,-1631.58
ITEM0009388,ORD004488,PROD00264,CUST00156,20230912,7,2,8008.38,0.0,16016.76,9109.24
ITEM0009389,ORD004488,PROD00039,CUST00156,20230912,7,2,6419.63,0.0,12839.26,3212.92
ITEM0009390,ORD004488,PROD00066,CUST00156,20230912,7,1,899.86,0.0,899.86,296.41999999999996
ITEM0009391,ORD004489,PROD00215,CUST00460,20230509,8,1,379.53,0.0,379.53,75.0
ITEM0009392,ORD004490,PROD00228,CUST00934,20231210,9,2,1263.16,0.0,2526.32,1055.1000000000001
ITEM0009393,ORD004491,PROD00183,CUST00551,20240130,8,2,526.69,0.24,800.57,311.25000000000006
ITEM0009394,ORD004491,PROD00036,CUST00551,20240130,8,2,7308.78,0.0,14617.56,7478.339999999999
ITEM0009395,ORD004492,PROD00116,CUST00297,20240811,5,1,3835.95,0.0,3835.95,1362.6099999999997
ITEM0009396,ORD004493,PROD00048,CUST00355,20240515,8,1,1926.71,0.1,1734.04,431.98
ITEM0009397,ORD004494,PROD00260,CUST00267,20240531,10,2,8617.38,0.0,17234.76,8243.719999999998
ITEM0009398,ORD004495,PROD00005,CUST00665,20240219,7,3,246.43,0.24,561.86,33.56000000000006
ITEM0009399,ORD004496,PROD00026,CUST00196,20230202,2,1,992.19,0.0,992.19,518.26
ITEM0009400,ORD004497,PROD00030,CUST00461,20240510,10,1,4937.89,0.0,4937.89,2466.7300000000005
ITEM0009401,ORD004498,PROD00275,CUST00697,20240721,9,2,5765.78,0.07,10724.35,5518.55
ITEM0009402,ORD004499,PROD00021,CUST00017,20240608,2,1,6443.82,0.0,6443.82,3269.37
ITEM0009403,ORD004499,PROD00215,CUST00017,20240608,2,2,379.53,0.0,759.06,150.0
ITEM0009404,ORD004500,PROD00023,CUST00434,20230913,3,1,3506.84,0.0,3506.84,2022.7700000000002
ITEM0009405,ORD004500,PROD00080,CUST00434,20230913,3,1,862.91,0.0,862.91,394.7
ITEM0009406,ORD004500,PROD00280,CUST00434,20230913,3,1,4625.83,0.2,3700.66,1552.0699999999997
ITEM0009407,ORD004500,PROD00055,CUST00434,20230913,3,3,2678.2,0.03,7793.56,2822.1400000000003
ITEM0009408,ORD004501,PROD00101,CUST00857,20240625,10,1,1373.9,0.0,1373.9,435.8600000000001
ITEM0009409,ORD004502,PROD00188,CUST00283,20231229,4,2,1657.41,0.06,3115.93,461.19000000000005
ITEM0009410,ORD004503,PROD00184,CUST00267,20230909,2,2,1498.15,0.28,2157.34,916.3800000000001
ITEM0009411,ORD004504,PROD00137,CUST00013,20240312,9,1,5635.51,0.08,5184.67,1963.15
ITEM0009412,ORD004504,PROD00183,CUST00013,20240312,9,1,526.69,0.0,526.69,282.0300000000001
ITEM0009413,ORD004504,PROD00297,CUST00013,20240312,9,1,10930.45,0.16,9181.58,4580.33
ITEM0009414,ORD004505,PROD00235,CUST00297,20230303,7,1,1155.59,0.0,1155.59,671.1999999999999
ITEM0009415,ORD004506,PROD00265,CUST00319,20230527,8,1,4207.25,0.0,4207.25,1395.5500000000002
ITEM0009416,ORD004506,PROD00068,CUST00319,20230527,8,1,1589.23,0.0,1589.23,380.1600000000001
ITEM0009417,ORD004506,PROD00151,CUST00319,20230527,8,2,5518.05,0.0,11036.1,2611.960000000001
ITEM0009418,ORD004507,PROD00027,CUST00654,20230418,9,1,5723.51,0.15,4864.98,1660.5799999999995
ITEM0009419,ORD004507,PROD00220,CUST00654,20230418,9,1,6168.69,0.0,6168.69,2661.0299999999997
ITEM0009420,ORD004508,PROD00209,CUST00102,20241018,4,2,3816.19,0.18,6258.55,2780.05
ITEM0009421,ORD004508,PROD00007,CUST00102,20241018,4,2,7518.69,0.0,15037.38,5107.66
ITEM0009422,ORD004508,PROD00132,CUST00102,20241018,4,1,5296.2,0.25,3972.15,-214.99000000000024
ITEM0009423,ORD004508,PROD00078,CUST00102,20241018,4,1,2028.86,0.11,1805.69,254.1400000000001
ITEM0009424,ORD004509,PROD00131,CUST00034,20231024,2,1,576.16,0.0,576.16,215.51
ITEM0009425,ORD004510,PROD00262,CUST00946,20240523,1,1,1460.84,0.0,1460.84,737.4499999999999
ITEM0009426,ORD004510,PROD00062,CUST00946,20240523,1,1,5673.89,0.0,5673.89,2029.9500000000003
ITEM0009427,ORD004510,PROD00097,CUST00946,20240523,1,1,1492.36,0.0,1492.36,316.41999999999985
ITEM0009428,ORD004510,PROD00294,CUST00946,20240523,1,2,8182.59,0.0,16365.18,8663.18
ITEM0009429,ORD004511,PROD00238,CUST00578,20230208,10,4,7201.82,0.0,28807.28,14719.759999999998
ITEM0009430,ORD004511,PROD00088,CUST00578,20230208,10,1,4559.98,0.0,4559.98,1282.8999999999996
ITEM0009431,ORD004512,PROD00104,CUST00406,20240627,7,1,2043.03,0.0,2043.03,773.79
ITEM0009432,ORD004513,PROD00169,CUST00096,20240719,7,2,5358.09,0.0,10716.18,5969.34
ITEM0009433,ORD004514,PROD00002,CUST00454,20230212,4,3,231.58,0.15,590.53,178.7199999999999
ITEM0009434,ORD004514,PROD00285,CUST00454,20230212,4,1,2757.81,0.0,2757.81,1476.6799999999998
ITEM0009435,ORD004515,PROD00063,CUST00946,20230326,5,1,1083.33,0.0,1083.33,592.4699999999999
ITEM0009436,ORD004516,PROD00180,CUST00916,20240909,3,2,7030.69,0.0,14061.38,8216.199999999999
ITEM0009437,ORD004517,PROD00085,CUST00408,20230701,1,3,1960.53,0.2,4705.27,1189.1200000000008
ITEM0009438,ORD004517,PROD00227,CUST00408,20230701,1,1,3250.8,0.25,2438.1,798.8799999999999
ITEM0009439,ORD004517,PROD00168,CUST00408,20230701,1,3,5760.76,0.0,17282.28,7167.089999999998
ITEM0009440,ORD004517,PROD00029,CUST00408,20230701,1,1,5799.72,0.07,5393.74,1105.1799999999994
ITEM0009441,ORD004518,PROD00138,CUST00293,20240519,9,1,10725.29,0.0,10725.29,6249.430000000001
ITEM0009442,ORD004518,PROD00104,CUST00293,20240519,9,1,2043.03,0.26,1511.84,242.5999999999999
ITEM0009443,ORD004519,PROD00006,CUST00631,20240626,3,2,8153.69,0.0,16307.38,8071.039999999999
ITEM0009444,ORD004520,PROD00141,CUST00962,20231205,3,2,4481.31,0.0,8962.62,3330.6400000000012
ITEM0009445,ORD004520,PROD00159,CUST00962,20231205,3,2,198.83,0.0,397.66,197.32000000000002
ITEM0009446,ORD004521,PROD00212,CUST00696,20241117,3,2,7782.48,0.0,15564.96,8474.66
ITEM0009447,ORD004521,PROD00214,CUST00696,20241117,3,1,8107.58,0.0,8107.58,3658.74
ITEM0009448,ORD004522,PROD00097,CUST00687,20240829,4,2,1492.36,0.1,2686.25,334.3699999999999
ITEM0009449,ORD004522,PROD00226,CUST00687,20240829,4,1,648.79,0.02,635.81,160.40999999999997
ITEM0009450,ORD004523,PROD00137,CUST00241,20231026,2,3,5635.51,0.0,16906.53,7241.969999999999
ITEM0009451,ORD004524,PROD00044,CUST00466,20231002,9,1,5424.36,0.19,4393.73,2091.6499999999996
ITEM0009452,ORD004524,PROD00255,CUST00466,20231002,9,1,7383.63,0.0,7383.63,4053.4
ITEM0009453,ORD004525,PROD00072,CUST00755,20230627,5,1,6999.91,0.0,6999.91,3897.43
ITEM0009454,ORD004526,PROD00264,CUST00490,20230905,6,2,8008.38,0.0,16016.76,9109.24
ITEM0009455,ORD004526,PROD00137,CUST00490,20230905,6,1,5635.51,0.0,5635.51,2413.9900000000002
ITEM0009456,ORD004526,PROD00292,CUST00490,20230905,6,1,5910.44,0.26,-4373.73,-7296.19
ITEM0009457,ORD004526,PROD00232,CUST00490,20230905,6,1,3144.6,0.11,2798.69,1264.54
ITEM0009458,ORD004527,PROD00131,CUST00852,20231014,6,2,576.16,0.0,1152.32,431.02
ITEM0009459,ORD004528,PROD00028,CUST00766,20240526,8,1,214.4,0.0,214.4,64.71000000000001
ITEM0009460,ORD004528,PROD00048,CUST00766,20240526,8,1,1926.71,0.0,1926.71,624.6500000000001
ITEM0009461,ORD004528,PROD00213,CUST00766,20240526,8,2,9402.56,0.0,18805.12,9296.019999999999
ITEM0009462,ORD004528,PROD00104,CUST00766,20240526,8,1,2043.03,0.11,1818.3,549.06
ITEM0009463,ORD004529,PROD00204,CUST00455,20230429,3,3,3352.35,0.12,8850.2,2810.930000000001
ITEM0009464,ORD004529,PROD00142,CUST00455,20230429,3,1,8354.87,0.0,8354.87,3711.9900000000007
ITEM0009465,ORD004529,PROD00249,CUST00455,20230429,3,1,4279.09,0.0,4279.09,2277.3500000000004
ITEM0009466,ORD004530,PROD00099,CUST00724,20240824,9,3,6088.4,0.0,18265.2,7682.370000000001
ITEM0009467,ORD004530,PROD00282,CUST00724,20240824,9,1,3504.39,0.0,3504.39,1243.4
ITEM0009468,ORD004531,PROD00171,CUST00690,20240119,7,1,546.18,0.0,546.18,279.16999999999996
ITEM0009469,ORD004531,PROD00061,CUST00690,20240119,7,1,4205.57,0.0,4205.57,946.1699999999996
ITEM0009470,ORD004531,PROD00142,CUST00690,20240119,7,2,8354.87,0.0,16709.74,7423.980000000001
ITEM0009471,ORD004531,PROD00038,CUST00690,20240119,7,1,1983.28,0.0,1983.28,1035.78
ITEM0009472,ORD004532,PROD00001,CUST00416,20231116,1,2,9272.65,0.0,18545.3,9446.96
ITEM0009473,ORD004533,PROD00023,CUST00191,20231201,1,1,3506.84,0.0,3506.84,2022.7700000000002
ITEM0009474,ORD004533,PROD00112,CUST00191,20231201,1,1,3435.2,0.0,3435.2,1842.6499999999999
ITEM0009475,ORD004534,PROD00207,CUST00704,20230225,10,1,6547.46,0.25,4910.6,2135.4900000000002
ITEM0009476,ORD004534,PROD00262,CUST00704,20230225,10,3,1460.84,0.0,4382.52,2212.3500000000004
ITEM0009477,ORD004534,PROD00061,CUST00704,20230225,10,3,4205.57,0.0,12616.71,2838.5099999999984
ITEM0009478,ORD004534,PROD00119,CUST00704,20230225,10,1,9197.85,0.26,6806.41,3075.45
ITEM0009479,ORD004534,PROD00238,CUST00704,20230225,10,1,7201.82,0.0,7201.82,3679.9399999999996
ITEM0009480,ORD004535,PROD00107,CUST00858,20240213,4,4,6282.37,0.0,25129.48,7456.84
ITEM0009481,ORD004535,PROD00133,CUST00858,20240213,4,2,7313.64,0.24,11116.73,3221.1499999999996
ITEM0009482,ORD004536,PROD00091,CUST00195,20230609,2,1,1302.09,0.0,1302.09,622.29
ITEM0009483,ORD004537,PROD00109,CUST00617,20230504,10,2,7944.57,0.1,14300.23,5542.689999999999
ITEM0009484,ORD004537,PROD00153,CUST00617,20230504,10,1,4010.2,0.0,4010.2,1551.0099999999998
ITEM0009485,ORD004538,PROD00056,CUST00781,20231209,2,1,6326.27,0.0,6326.27,3782.8800000000006
ITEM0009486,ORD004538,PROD00117,CUST00781,20231209,2,1,498.3,0.0,498.3,296.74
ITEM0009487,ORD004539,PROD00104,CUST00613,20230317,1,1,2043.03,0.16,1716.15,446.9100000000001
ITEM0009488,ORD004539,PROD00030,CUST00613,20230317,1,2,4937.89,0.0,9875.78,4933.460000000001
ITEM0009489,ORD004540,PROD00182,CUST00790,20240227,8,1,3616.25,0.0,3616.25,1810.58
ITEM0009490,ORD004540,PROD00019,CUST00790,20240227,8,1,2406.67,0.0,2406.67,1356.91
ITEM0009491,ORD004541,PROD00163,CUST00374,20230820,10,1,2745.97,0.08,2526.29,1150.96
ITEM0009492,ORD004541,PROD00147,CUST00374,20230820,10,1,4961.76,0.0,4961.76,1847.2400000000002
ITEM0009493,ORD004542,PROD00047,CUST00271,20230706,2,2,1589.57,0.0,3179.14,1216.08
ITEM0009494,ORD004542,PROD00051,CUST00271,20230706,2,2,8693.03,0.0,17386.06,8378.36
ITEM0009495,ORD004542,PROD00153,CUST00271,20230706,2,1,4010.2,0.0,4010.2,1551.0099999999998
ITEM0009496,ORD004543,PROD00173,CUST00491,20240121,2,1,384.43,0.0,384.43,-4039.4500000000003
ITEM0009497,ORD004543,PROD00003,CUST00491,20240121,2,1,2902.0,0.0,2902.0,1490.72
ITEM0009498,ORD004544,PROD00120,CUST00302,20230622,10,3,1288.16,0.0,3864.48,2252.16
ITEM0009499,ORD004544,PROD00210,CUST00302,20230622,10,4,6680.3,0.0,26721.2,10312.64
ITEM0009500,ORD004545,PROD00068,CUST00295,20240330,2,1,1589.23,0.0,1589.23,380.1600000000001
ITEM0009501,ORD004546,PROD00107,CUST00346,20240525,4,2,6282.37,0.21,9926.14,1089.8199999999997
ITEM0009502,ORD004547,PROD00051,CUST00868,20240924,8,2,8693.03,0.08,15995.18,6987.48
ITEM0009503,ORD004547,PROD00047,CUST00868,20240924,8,1,1589.57,0.05,1510.09,528.56
ITEM0009504,ORD004547,PROD00013,CUST00868,20240924,8,4,10508.19,0.16,35307.52,16940.879999999997
ITEM0009505,ORD004548,PROD00208,CUST00324,20230505,9,1,4099.5,0.0,4099.5,798.6599999999999
ITEM0009506,ORD004549,PROD00237,CUST00827,20240901,2,1,8123.36,0.0,8123.36,4471.299999999999
ITEM0009507,ORD004549,PROD00141,CUST00827,20240901,2,1,4481.31,0.0,4481.31,1665.3200000000006
ITEM0009508,ORD004549,PROD00222,CUST00827,20240901,2,2,3002.04,0.0,6004.08,2356.54
ITEM0009509,ORD004550,PROD00042,CUST00995,20240503,2,2,8235.83,0.0,16471.66,8275.92
ITEM0009510,ORD004551,PROD00034,CUST00119,20230927,3,2,2533.01,0.0,5066.02,1656.1400000000003
ITEM0009511,ORD004552,PROD00264,CUST00451,20240302,4,2,8008.38,0.08,14735.42,7827.9
ITEM0009512,ORD004552,PROD00209,CUST00451,20240302,4,1,3816.19,0.0,3816.19,2076.94
ITEM0009513,ORD004552,PROD00271,CUST00451,20240302,4,1,439.58,0.0,439.58,218.57999999999998
ITEM0009514,ORD004553,PROD00030,CUST00918,20240426,5,1,4937.89,0.0,4937.89,2466.7300000000005
ITEM0009515,ORD004554,PROD00075,CUST00318,20231125,6,1,6662.95,0.0,6662.95,3442.12
ITEM0009516,ORD004555,PROD00189,CUST00261,20230716,1,1,7636.65,0.2,6109.32,2268.8999999999996
ITEM0009517,ORD004556,PROD00233,CUST00905,20240217,2,2,3164.97,0.1,5696.95,2372.1299999999997
ITEM0009518,ORD004557,PROD00163,CUST00107,20230427,3,4,2745.97,0.03,10654.36,5153.040000000001
ITEM0009519,ORD004557,PROD00269,CUST00107,20230427,3,1,2135.25,0.0,2135.25,1035.44
ITEM0009520,ORD004558,PROD00211,CUST00849,20241008,2,3,1624.33,0.0,4872.99,1109.4299999999998
ITEM0009521,ORD004558,PROD00061,CUST00849,20241008,2,2,4205.57,0.24,6392.47,-126.32999999999993
ITEM0009522,ORD004558,PROD00269,CUST00849,20241008,2,1,2135.25,0.0,2135.25,1035.44
ITEM0009523,ORD004558,PROD00068,CUST00849,20241008,2,2,1589.23,0.0,3178.46,760.3200000000002
ITEM0009524,ORD004559,PROD00049,CUST00602,20240426,7,1,5326.74,0.0,5326.74,1407.12
ITEM0009525,ORD004559,PROD00046,CUST00602,20240426,7,1,8988.77,0.0,8988.77,4231.92
ITEM0009526,ORD004559,PROD00036,CUST00602,20240426,7,1,7308.78,0.24,5554.67,1985.06
ITEM0009527,ORD004560,PROD00258,CUST00066,20240806,6,1,5858.08,0.0,5858.08,3472.5299999999997
ITEM0009528,ORD004560,PROD00243,CUST00066,20240806,6,2,6308.05,0.16,10597.52,3930.2400000000007
ITEM0009529,ORD004561,PROD00133,CUST00567,20240324,3,2,7313.64,0.0,14627.28,6731.700000000001
ITEM0009530,ORD004561,PROD00200,CUST00567,20240324,3,1,7131.42,0.0,7131.42,3103.6
ITEM0009531,ORD004561,PROD00139,CUST00567,20240324,3,1,5962.8,0.0,5962.8,3099.65
ITEM0009532,ORD004561,PROD00108,CUST00567,20240324,3,1,7407.37,0.0,7407.37,4396.74
ITEM0009533,ORD004562,PROD00111,CUST00278,20230730,3,3,5596.44,0.0,16789.32,9093.06
ITEM0009534,ORD004563,PROD00100,CUST00260,20230506,8,1,8661.69,0.0,8661.69,4965.460000000001
ITEM0009535,ORD004563,PROD00150,CUST00260,20230506,8,1,290.6,0.0,290.6,161.43000000000004
ITEM0009536,ORD004563,PROD00258,CUST00260,20230506,8,2,5858.08,0.0,11716.16,6945.0599999999995
ITEM0009537,ORD004564,PROD00138,CUST00282,20230528,9,1,10725.29,0.0,10725.29,6249.430000000001
ITEM0009538,ORD004565,PROD00033,CUST00130,20231028,2,1,1942.09,0.19,1573.09,413.1899999999998
ITEM0009539,ORD004566,PROD00214,CUST00230,20230226,9,1,8107.58,0.23,6242.84,1794.0
ITEM0009540,ORD004566,PROD00238,CUST00230,20230226,9,2,7201.82,0.0,14403.64,7359.879999999999
ITEM0009541,ORD004566,PROD00156,CUST00230,20230226,9,2,1816.09,0.02,3559.54,2022.8
ITEM0009542,ORD004567,PROD00041,CUST00153,20240920,4,1,3958.75,0.0,3958.75,1734.7399999999998
ITEM0009543,ORD004568,PROD00085,CUST00866,20230308,8,4,1960.53,0.0,7842.12,3153.92
ITEM0009544,ORD004569,PROD00035,CUST00970,20230411,7,1,2576.9,0.0,2576.9,1165.71
ITEM0009545,ORD004569,PROD00181,CUST00970,20230411,7,1,2887.17,0.24,2194.25,824.04
ITEM0009546,ORD004569,PROD00056,CUST00970,20230411,7,4,6326.27,0.0,25305.08,15131.520000000002
ITEM0009547,ORD004570,PROD00009,CUST00035,20240316,6,4,5332.96,0.12,18772.02,9961.62
ITEM0009548,ORD004571,PROD00191,CUST00951,20240502,2,3,4249.81,0.0,12749.43,4014.870000000001
ITEM0009549,ORD004572,PROD00084,CUST00648,20230905,2,1,7622.23,0.0,7622.23,4311.3099999999995
ITEM0009550,ORD004572,PROD00017,CUST00648,20230905,2,1,9163.85,0.0,9163.85,5466.42
ITEM0009551,ORD004573,PROD00026,CUST00047,20241201,8,2,992.19,0.0,1984.38,1036.52
ITEM0009552,ORD004574,PROD00256,CUST00766,20240408,7,2,256.57,0.25,384.86,63.94
ITEM0009553,ORD004574,PROD00012,CUST00766,20240408,7,1,7089.43,0.01,7018.54,3824.48
ITEM0009554,ORD004574,PROD00223,CUST00766,20240408,7,1,2430.88,0.0,2430.88,1193.92
ITEM0009555,ORD004575,PROD00240,CUST00281,20230115,2,2,4510.78,0.0,9021.56,5056.619999999999
ITEM0009556,ORD004575,PROD00256,CUST00281,20230115,2,3,256.57,0.0,769.71,288.33000000000004
ITEM0009557,ORD004576,PROD00162,CUST00291,20241016,8,1,3555.3,0.0,3555.3,1085.0700000000002
ITEM0009558,ORD004577,PROD00010,CUST00671,20240116,10,2,2259.53,0.05,4293.11,2390.6899999999996
ITEM0009559,ORD004577,PROD00011,CUST00671,20240116,10,1,2615.05,0.0,2615.05,1383.3000000000002
ITEM0009560,ORD004578,PROD00043,CUST00681,20230407,7,3,1789.22,0.0,5367.66,2131.7699999999995
ITEM0009561,ORD004578,PROD00083,CUST00681,20230407,7,2,9425.24,0.0,18850.48,10237.58
ITEM0009562,ORD004578,PROD00111,CUST00681,20230407,7,1,5596.44,0.0,5596.44,3031.0199999999995
ITEM0009563,ORD004578,PROD00147,CUST00681,20230407,7,1,4961.76,0.0,4961.76,1847.2400000000002
ITEM0009564,ORD004579,PROD00120,CUST00079,20230905,8,1,1288.16,0.22,1004.76,467.31999999999994
ITEM0009565,ORD004579,PROD00294,CUST00079,20230905,8,2,8182.59,0.0,16365.18,8663.18
ITEM0009566,ORD004580,PROD00223,CUST00486,20230808,1,1,2430.88,0.11,2163.48,926.52
ITEM0009567,ORD004580,PROD00296,CUST00486,20230808,1,4,1188.71,0.0,4754.84,1082.92
ITEM0009568,ORD004580,PROD00082,CUST00486,20230808,1,1,3992.96,0.27,2914.86,1146.65
ITEM0009569,ORD004580,PROD00114,CUST00486,20230808,1,3,2295.26,0.19,5577.48,-77.57999999999993
ITEM0009570,ORD004581,PROD00291,CUST00571,20240212,10,3,1173.69,0.0,3521.07,1487.0100000000002
ITEM0009571,ORD004581,PROD00099,CUST00571,20240212,10,1,6088.4,0.0,6088.4,2560.7899999999995
ITEM0009572,ORD004582,PROD00264,CUST00174,20240103,10,2,8008.38,0.0,16016.76,9109.24
ITEM0009573,ORD004582,PROD00211,CUST00174,20240103,10,1,1624.33,0.06,1526.87,272.3499999999999
ITEM0009574,ORD004583,PROD00212,CUST00614,20230203,6,1,7782.48,0.0,7782.48,4237.33
ITEM0009575,ORD004583,PROD00258,CUST00614,20230203,6,1,5858.08,0.0,5858.08,3472.5299999999997
ITEM0009576,ORD004584,PROD00258,CUST00458,20231001,3,1,5858.08,0.0,5858.08,3472.5299999999997
ITEM0009577,ORD004584,PROD00038,CUST00458,20231001,3,3,1983.28,0.0,-5949.84,-8792.34
ITEM0009578,ORD004585,PROD00204,CUST00621,20240912,3,1,3352.35,0.0,3352.35,1339.26
ITEM0009579,ORD004585,PROD00237,CUST00621,20240912,3,1,8123.36,0.12,7148.56,3496.5000000000005
ITEM0009580,ORD004586,PROD00197,CUST00355,20240903,5,3,8766.75,0.0,26300.25,15269.58
ITEM0009581,ORD004586,PROD00094,CUST00355,20240903,5,4,6449.58,0.0,-25798.32,-40545.56
ITEM0009582,ORD004587,PROD00278,CUST00758,20230701,8,1,629.94,0.21,497.65,13.269999999999982
ITEM0009583,ORD004588,PROD00156,CUST00515,20240208,4,2,1816.09,0.0,3632.18,2095.4399999999996
ITEM0009584,ORD004589,PROD00117,CUST00960,20240416,10,1,498.3,0.0,498.3,296.74
ITEM0009585,ORD004590,PROD00100,CUST00248,20230803,2,1,8661.69,0.1,7795.52,4099.290000000001
ITEM0009586,ORD004590,PROD00230,CUST00248,20230803,2,3,8026.94,0.11,21431.93,10764.68
ITEM0009587,ORD004590,PROD00181,CUST00248,20230803,2,2,2887.17,0.0,5774.34,3033.92
ITEM0009588,ORD004591,PROD00232,CUST00845,20230103,4,1,3144.6,0.0,3144.6,1610.4499999999998
ITEM0009589,ORD004592,PROD00169,CUST00435,20230507,3,1,5358.09,0.0,5358.09,2984.67
ITEM0009590,ORD004593,PROD00143,CUST00195,20230405,5,1,1075.34,0.0,1075.34,504.7299999999999
ITEM0009591,ORD004594,PROD00058,CUST00207,20230528,6,4,4592.96,0.0,18371.84,6674.120000000001
ITEM0009592,ORD004594,PROD00125,CUST00207,20230528,6,2,5694.29,0.0,11388.58,3013.7000000000007
ITEM0009593,ORD004595,PROD00101,CUST00930,20230704,2,1,1373.9,0.0,1373.9,435.8600000000001
ITEM0009594,ORD004596,PROD00037,CUST00190,20230916,1,2,5435.74,0.0,10871.48,6398.08
ITEM0009595,ORD004596,PROD00001,CUST00190,20230916,1,2,9272.65,0.0,18545.3,9446.96
ITEM0009596,ORD004596,PROD00093,CUST00190,20230916,1,3,3802.74,0.0,11408.22,4620.509999999998
ITEM0009597,ORD004596,PROD00221,CUST00190,20230916,1,4,901.85,0.13,3138.44,473.0
ITEM0009598,ORD004596,PROD00108,CUST00190,20230916,1,1,7407.37,0.0,7407.37,4396.74
ITEM0009599,ORD004597,PROD00026,CUST00666,20240114,9,1,992.19,0.0,992.19,518.26
ITEM0009600,ORD004597,PROD00239,CUST00666,20240114,9,1,467.33,0.0,467.33,263.01
ITEM0009601,ORD004598,PROD00075,CUST00052,20231217,6,1,6662.95,0.0,6662.95,3442.12
ITEM0009602,ORD004598,PROD00203,CUST00052,20231217,6,2,477.27,0.0,954.54,533.6199999999999
ITEM0009603,ORD004598,PROD00154,CUST00052,20231217,6,1,5526.27,0.0,5526.27,2561.6400000000003
ITEM0009604,ORD004598,PROD00043,CUST00052,20231217,6,1,1789.22,0.0,1789.22,710.5899999999999
ITEM0009605,ORD004599,PROD00194,CUST00976,20230820,1,3,535.55,0.13,1397.79,741.42
ITEM0009606,ORD004599,PROD00071,CUST00976,20230820,1,1,534.87,0.0,534.87,199.64999999999998
ITEM0009607,ORD004600,PROD00290,CUST00507,20240518,10,1,1195.14,0.21,944.16,167.26999999999998
ITEM0009608,ORD004600,PROD00108,CUST00507,20240518,10,1,7407.37,0.0,7407.37,4396.74
ITEM0009609,ORD004600,PROD00127,CUST00507,20240518,10,1,5321.52,0.11,4736.15,2191.41
ITEM0009610,ORD004601,PROD00005,CUST00803,20241118,3,2,246.43,0.0,492.86,140.66000000000003
ITEM0009611,ORD004601,PROD00211,CUST00803,20241118,3,2,1624.33,0.0,3248.66,739.6199999999999
ITEM0009612,ORD004601,PROD00152,CUST00803,20241118,3,2,1231.99,0.0,2463.98,1214.9
ITEM0009613,ORD004602,PROD00234,CUST00534,20230816,2,1,9552.76,0.0,9552.76,5040.68
ITEM0009614,ORD004603,PROD00215,CUST00153,20240819,2,2,379.53,0.0,759.06,150.0
ITEM0009615,ORD004603,PROD00203,CUST00153,20240819,2,3,477.27,0.0,1431.81,800.43
ITEM0009616,ORD004604,PROD00061,CUST00672,20230903,4,1,4205.57,0.0,4205.57,946.1699999999996
ITEM0009617,ORD004604,PROD00123,CUST00672,20230903,4,1,2950.23,0.0,2950.23,1140.89
ITEM0009618,ORD004604,PROD00094,CUST00672,20230903,4,1,6449.58,0.24,4901.68,1214.8700000000003
ITEM0009619,ORD004605,PROD00053,CUST00046,20241123,3,1,7229.99,0.0,7229.99,4151.26
ITEM0009620,ORD004605,PROD00142,CUST00046,20241123,3,2,8354.87,0.0,16709.74,7423.980000000001
ITEM0009621,ORD004605,PROD00164,CUST00046,20241123,3,1,5504.82,0.19,4458.9,1334.8199999999997
ITEM0009622,ORD004606,PROD00147,CUST00729,20231023,2,1,4961.76,0.03,4812.91,1698.3899999999999
ITEM0009623,ORD004606,PROD00234,CUST00729,20231023,2,4,9552.76,0.07,35536.27,17487.949999999997
ITEM0009624,ORD004607,PROD00233,CUST00877,20230822,3,1,3164.97,0.0,3164.97,1502.5599999999997
ITEM0009625,ORD004608,PROD00258,CUST00908,20231126,8,1,5858.08,0.0,5858.08,3472.5299999999997
ITEM0009626,ORD004608,PROD00132,CUST00908,20231126,8,1,5296.2,0.11,4713.62,526.4799999999996
ITEM0009627,ORD004608,PROD00250,CUST00908,20231126,8,2,4610.44,0.0,9220.88,4478.5599999999995
ITEM0009628,ORD004608,PROD00293,CUST00908,20231126,8,3,5361.88,0.0,16085.64,2902.4699999999975
ITEM0009629,ORD004608,PROD00161,CUST00908,20231126,8,1,2894.21,0.0,2894.21,619.5100000000002
ITEM0009630,ORD004609,PROD00286,CUST00255,20230418,8,1,945.94,0.19,766.21,275.73
ITEM0009631,ORD004610,PROD00292,CUST00982,20240326,9,1,5910.44,0.0,5910.44,2987.9799999999996
ITEM0009632,ORD004610,PROD00284,CUST00982,20240326,9,1,1981.58,0.0,1981.58,750.22
ITEM0009633,ORD004610,PROD00281,CUST00982,20240326,9,1,7979.23,0.0,7979.23,3968.0199999999995
ITEM0009634,ORD004610,PROD00008,CUST00982,20240326,9,3,5338.8,0.27,11691.97,2332.8399999999983
ITEM0009635,ORD004611,PROD00066,CUST00836,20240310,9,1,899.86,0.0,899.86,296.41999999999996
ITEM0009636,ORD004611,PROD00100,CUST00836,20240310,9,1,8661.69,0.14,7449.05,3752.82
ITEM0009637,ORD004611,PROD00247,CUST00836,20240310,9,2,7341.91,0.0,14683.82,7371.12
ITEM0009638,ORD004612,PROD00052,CUST00830,20240924,10,1,1689.78,0.22,1318.03,178.3699999999999
ITEM0009639,ORD004613,PROD00141,CUST00948,20230318,8,2,4481.31,0.0,8962.62,3330.6400000000012
ITEM0009640,ORD004614,PROD00042,CUST00806,20240726,4,1,8235.83,0.18,6753.38,2655.51
ITEM0009641,ORD004614,PROD00185,CUST00806,20240726,4,1,2719.98,0.04,2611.18,1376.6599999999999
ITEM0009642,ORD004615,PROD00017,CUST00557,20230825,2,4,9163.85,0.0,36655.4,21865.68
ITEM0009643,ORD004616,PROD00223,CUST00273,20240811,7,1,2430.88,0.08,2236.41,999.4499999999998
ITEM0009644,ORD004616,PROD00214,CUST00273,20240811,7,1,8107.58,0.0,8107.58,3658.74
ITEM0009645,ORD004617,PROD00272,CUST00904,20240514,1,2,7587.4,0.05,14416.06,5421.619999999999
ITEM0009646,ORD004617,PROD00248,CUST00904,20240514,1,2,10128.22,0.0,20256.44,10956.48
ITEM0009647,ORD004618,PROD00077,CUST00666,20231126,9,1,7101.66,0.0,7101.66,3215.7
ITEM0009648,ORD004618,PROD00146,CUST00666,20231126,9,1,504.1,0.0,504.1,274.63
ITEM0009649,ORD004619,PROD00139,CUST00128,20241114,9,1,5962.8,0.18,4889.5,2026.35
ITEM0009650,ORD004619,PROD00178,CUST00128,20241114,9,1,7985.04,0.03,7745.49,4419.11
ITEM0009651,ORD004620,PROD00126,CUST00330,20240613,1,1,10802.22,0.0,10802.22,5958.2699999999995
ITEM0009652,ORD004620,PROD00032,CUST00330,20240613,1,3,301.12,0.0,903.36,168.89999999999998
ITEM0009653,ORD004621,PROD00265,CUST00493,20240518,10,4,4207.25,0.0,16829.0,5582.200000000001
ITEM0009654,ORD004621,PROD00263,CUST00493,20240518,10,1,4979.64,0.0,4979.64,1665.3500000000004
ITEM0009655,ORD004621,PROD00084,CUST00493,20240518,10,1,7622.23,0.0,7622.23,4311.3099999999995
ITEM0009656,ORD004621,PROD00160,CUST00493,20240518,10,1,1750.19,0.0,1750.19,438.8800000000001
ITEM0009657,ORD004622,PROD00181,CUST00225,20231229,8,2,2887.17,0.0,5774.34,3033.92
ITEM0009658,ORD004623,PROD00288,CUST00906,20231125,4,1,2790.22,0.16,2343.78,1117.9400000000003
ITEM0009659,ORD004624,PROD00221,CUST00427,20240225,8,2,901.85,0.0,1803.7,470.98
ITEM0009660,ORD004625,PROD00113,CUST00103,20230403,10,2,3472.93,0.15,5903.98,2266.3199999999997
ITEM0009661,ORD004625,PROD00112,CUST00103,20230403,10,2,3435.2,0.0,6870.4,3685.2999999999997
ITEM0009662,ORD004626,PROD00129,CUST00987,20230417,10,1,2500.46,0.02,2450.45,862.5899999999999
ITEM0009663,ORD004626,PROD00164,CUST00987,20230417,10,2,5504.82,0.0,11009.64,4761.48
ITEM0009664,ORD004626,PROD00110,CUST00987,20230417,10,2,7163.14,0.0,14326.28,8567.060000000001
ITEM0009665,ORD004626,PROD00201,CUST00987,20230417,10,1,3944.29,0.14,3392.09,503.24000000000024
ITEM0009666,ORD004627,PROD00214,CUST00211,20240516,2,2,8107.58,0.0,16215.16,7317.48
ITEM0009667,ORD004628,PROD00298,CUST00638,20240519,2,3,5321.16,0.0,15963.48,5418.630000000001
ITEM0009668,ORD004629,PROD00196,CUST00647,20240808,4,1,6703.46,0.0,6703.46,3818.81
ITEM0009669,ORD004629,PROD00171,CUST00647,20240808,4,4,546.18,0.23,1682.23,614.19
ITEM0009670,ORD004629,PROD00225,CUST00647,20240808,4,1,6042.7,0.0,6042.7,1087.0999999999995
ITEM0009671,ORD004630,PROD00062,CUST00918,20230222,1,3,5673.89,0.0,17021.67,6089.8499999999985
ITEM0009672,ORD004630,PROD00284,CUST00918,20230222,1,1,1981.58,0.02,1941.95,710.5900000000001
ITEM0009673,ORD004630,PROD00079,CUST00918,20230222,1,1,7182.12,0.0,7182.12,3850.66
ITEM0009674,ORD004630,PROD00259,CUST00918,20230222,1,1,1489.83,0.0,1489.83,322.39999999999986
ITEM0009675,ORD004631,PROD00068,CUST00826,20230528,2,1,1589.23,0.0,1589.23,380.1600000000001
ITEM0009676,ORD004632,PROD00237,CUST00306,20230511,7,2,8123.36,0.0,16246.72,8942.599999999999
ITEM0009677,ORD004633,PROD00188,CUST00787,20230304,7,1,1657.41,0.16,1392.22,64.85000000000014
ITEM0009678,ORD004634,PROD00191,CUST00734,20231210,4,1,4249.81,0.0,4249.81,1338.2900000000004
ITEM0009679,ORD004635,PROD00266,CUST00834,20230125,8,1,5956.89,0.15,5063.36,184.47999999999956
ITEM0009680,ORD004636,PROD00293,CUST00562,20240503,10,1,5361.88,0.04,5147.4,753.0099999999993
ITEM0009681,ORD004637,PROD00229,CUST00943,20230112,9,2,726.54,0.0,1453.08,500.4
ITEM0009682,ORD004637,PROD00066,CUST00943,20230112,9,1,899.86,0.0,899.86,296.41999999999996
ITEM0009683,ORD004637,PROD00161,CUST00943,20230112,9,2,2894.21,0.0,5788.42,1239.0200000000004
ITEM0009684,ORD004637,PROD00021,CUST00943,20230112,9,1,6443.82,0.24,4897.3,1722.8500000000004
ITEM0009685,ORD004638,PROD00263,CUST00881,20240706,5,1,4979.64,0.0,4979.64,1665.3500000000004
ITEM0009686,ORD004638,PROD00012,CUST00881,20240706,5,1,7089.43,0.27,5175.28,1981.2199999999998
ITEM0009687,ORD004638,PROD00070,CUST00881,20240706,5,2,6693.56,0.0,13387.12,4680.58
ITEM0009688,ORD004639,PROD00274,CUST00799,20240705,2,2,5633.46,0.16,9464.21,327.84999999999854
ITEM0009689,ORD004639,PROD00149,CUST00799,20240705,2,1,832.87,0.0,832.87,470.54
ITEM0009690,ORD004639,PROD00253,CUST00799,20240705,2,1,791.63,0.0,791.63,272.5
ITEM0009691,ORD004639,PROD00283,CUST00799,20240705,2,2,7427.34,0.0,14854.68,5726.200000000001
ITEM0009692,ORD004640,PROD00061,CUST00267,20231119,1,1,4205.57,0.17,3490.62,231.2199999999998
ITEM0009693,ORD004641,PROD00144,CUST00334,20251112,7,2,9953.38,0.0,19906.76,10544.939999999999
ITEM0009694,ORD004641,PROD00022,CUST00334,20251112,7,1,1547.99,0.17,1284.83,641.27
ITEM0009695,ORD004642,PROD00028,CUST00120,20230219,7,1,214.4,0.0,214.4,64.71000000000001
ITEM0009696,ORD004643,PROD00251,CUST00947,20230206,1,1,3365.3,0.0,3365.3,1990.8100000000002
ITEM0009697,ORD004643,PROD00112,CUST00947,20230206,1,1,3435.2,0.0,3435.2,1842.6499999999999
ITEM0009698,ORD004644,PROD00286,CUST00358,20230204,9,1,945.94,0.0,945.94,455.46000000000004
ITEM0009699,ORD004644,PROD00269,CUST00358,20230204,9,1,2135.25,0.0,2135.25,1035.44
ITEM0009700,ORD004645,PROD00237,CUST00803,20230918,5,1,8123.36,0.0,8123.36,4471.299999999999
ITEM0009701,ORD004645,PROD00091,CUST00803,20230918,5,2,1302.09,0.0,2604.18,1244.58
ITEM0009702,ORD004646,PROD00125,CUST00014,20230220,1,2,5694.29,0.0,11388.58,3013.7000000000007
ITEM0009703,ORD004647,PROD00291,CUST00870,20230918,6,2,1173.69,0.15,1995.27,639.23
ITEM0009704,ORD004648,PROD00105,CUST00750,20231030,9,2,3095.41,0.0,6190.82,2735.7
ITEM0009705,ORD004648,PROD00255,CUST00750,20231030,9,1,7383.63,0.18,6054.58,2724.35
ITEM0009706,ORD004649,PROD00209,CUST00917,20231016,9,1,3816.19,0.0,3816.19,2076.94
ITEM0009707,ORD004649,PROD00211,CUST00917,20231016,9,2,1624.33,0.0,3248.66,739.6199999999999
ITEM0009708,ORD004649,PROD00014,CUST00917,20231016,9,1,1451.31,0.0,1451.31,352.8699999999999
ITEM0009709,ORD004649,PROD00186,CUST00917,20231016,9,2,1445.96,0.0,2891.92,1658.68
ITEM0009710,ORD004650,PROD00157,CUST00324,20230518,8,1,2525.54,0.24,1919.41,345.0400000000002
ITEM0009711,ORD004650,PROD00113,CUST00324,20230518,8,2,3472.93,0.0,6945.86,3308.2
ITEM0009712,ORD004651,PROD00291,CUST00617,20240426,6,1,1173.69,0.0,1173.69,495.6700000000001
ITEM0009713,ORD004652,PROD00098,CUST00914,20241114,2,3,2402.47,0.0,7207.41,3397.5299999999997
ITEM0009714,ORD004652,PROD00003,CUST00914,20241114,2,2,2902.0,0.0,5804.0,2981.44
ITEM0009715,ORD004653,PROD00262,CUST00571,20230303,2,1,1460.84,0.0,1460.84,737.4499999999999
ITEM0009716,ORD004653,PROD00131,CUST00571,20230303,2,2,576.16,0.0,1152.32,431.02
ITEM0009717,ORD004654,PROD00174,CUST00347,20230422,1,4,4285.14,0.0,17140.56,9728.720000000001
ITEM0009718,ORD004655,PROD00135,CUST00444,20241009,5,2,2086.2,0.0,4172.4,2044.4799999999996
ITEM0009719,ORD004655,PROD00002,CUST00444,20241009,5,1,231.58,0.0,231.58,94.31
ITEM0009720,ORD004656,PROD00069,CUST00839,20230713,2,2,1538.86,0.0,3077.71,-5120.53
ITEM0009721,ORD004656,PROD00186,CUST00839,20230713,2,1,1445.96,0.23,1113.39,496.7700000000001
ITEM0009722,ORD004656,PROD00111,CUST00839,20230713,2,1,5596.44,0.0,5596.44,3031.0199999999995
ITEM0009723,ORD004656,PROD00300,CUST00839,20230713,2,1,1343.36,0.0,1343.36,715.2799999999999
ITEM0009724,ORD004656,PROD00095,CUST00839,20230713,2,2,1505.02,0.29,2137.13,206.01000000000022
ITEM0009725,ORD004657,PROD00261,CUST00125,20230911,10,1,2154.14,0.0,2154.14,1173.1
ITEM0009726,ORD004657,PROD00093,CUST00125,20230911,10,1,3802.74,0.0,3802.74,1540.1699999999996
ITEM0009727,ORD004658,PROD00158,CUST00103,20240120,7,2,8138.6,0.0,16277.2,8182.160000000001
ITEM0009728,ORD004658,PROD00239,CUST00103,20240120,7,2,467.33,0.0,934.66,526.02
ITEM0009729,ORD004658,PROD00051,CUST00103,20240120,7,1,8693.03,0.0,8693.03,4189.18
ITEM0009730,ORD004658,PROD00169,CUST00103,20240120,7,3,5358.09,0.0,16074.27,8954.01
ITEM0009731,ORD004659,PROD00198,CUST00375,20231017,9,4,1516.26,0.0,6065.04,1938.3599999999997
ITEM0009732,ORD004659,PROD00285,CUST00375,20231017,9,1,2757.81,0.0,2757.81,1476.6799999999998
ITEM0009733,ORD004660,PROD00132,CUST00556,20241111,4,1,5296.2,0.0,5296.2,1109.0599999999995
ITEM0009734,ORD004661,PROD00214,CUST00648,20240330,3,4,8107.58,0.0,32430.32,14634.96
ITEM0009735,ORD004661,PROD00197,CUST00648,20240330,3,1,8766.75,0.06,8240.74,4563.85
ITEM0009736,ORD004662,PROD00097,CUST00837,20240901,3,3,1492.36,0.0,4477.08,949.2599999999998
ITEM0009737,ORD004662,PROD00069,CUST00837,20240901,3,2,1927.61,0.0,3855.22,-4343.02
ITEM0009738,ORD004662,PROD00105,CUST00837,20240901,3,2,3095.41,0.0,6190.82,2735.7
ITEM0009739,ORD004662,PROD00069,CUST00837,20240901,3,1,1905.95,0.0,1905.95,-2193.17
ITEM0009740,ORD004663,PROD00180,CUST00735,20230405,5,1,7030.69,0.0,7030.69,4108.099999999999
ITEM0009741,ORD004663,PROD00134,CUST00735,20230405,5,1,1127.73,0.25,845.8,-13.879999999999995
ITEM0009742,ORD004663,PROD00033,CUST00735,20230405,5,1,1942.09,0.0,1942.09,782.1899999999998
ITEM0009743,ORD004664,PROD00220,CUST00021,20231110,1,1,6168.69,0.01,6107.0,2599.34
ITEM0009744,ORD004665,PROD00009,CUST00919,20230919,7,1,5332.96,0.0,5332.96,3130.36
ITEM0009745,ORD004666,PROD00078,CUST00760,20240727,9,2,2028.86,0.2,3246.18,143.07999999999993
ITEM0009746,ORD004666,PROD00276,CUST00760,20240727,9,1,8701.77,0.19,7048.43,3455.51
ITEM0009747,ORD004667,PROD00193,CUST00407,20240504,8,2,9202.76,0.0,18405.52,10229.92
ITEM0009748,ORD004668,PROD00158,CUST00544,20240408,1,1,8138.6,0.0,8138.6,4091.0800000000004
ITEM0009749,ORD004668,PROD00032,CUST00544,20240408,1,1,301.12,0.0,301.12,56.30000000000001
ITEM0009750,ORD004669,PROD00036,CUST00103,20240730,9,4,7308.78,0.0,29235.12,14956.679999999998
ITEM0009751,ORD004670,PROD00135,CUST00314,20240402,8,1,2086.2,0.19,1689.82,625.8599999999999
ITEM0009752,ORD004670,PROD00130,CUST00314,20240402,8,2,3445.25,0.05,6545.98,1898.1599999999999
ITEM0009753,ORD004671,PROD00218,CUST00709,20230228,10,1,6300.23,0.13,5481.2,2763.6899999999996
ITEM0009754,ORD004672,PROD00114,CUST00390,20230617,5,2,2295.26,0.0,4590.52,820.4800000000005
ITEM0009755,ORD004673,PROD00024,CUST00460,20230426,7,1,10115.71,0.0,10115.71,5877.049999999999
ITEM0009756,ORD004674,PROD00171,CUST00813,20240627,6,2,546.18,0.0,1092.36,558.3399999999999
ITEM0009757,ORD004674,PROD00260,CUST00813,20240627,6,2,8617.38,0.0,17234.76,8243.719999999998
ITEM0009758,ORD004674,PROD00242,CUST00813,20240627,6,2,2496.43,0.0,4992.86,1023.1599999999999
ITEM0009759,ORD004675,PROD00138,CUST00384,20241005,7,1,10725.29,0.0,10725.29,6249.430000000001
ITEM0009760,ORD004675,PROD00020,CUST00384,20241005,7,2,7970.85,0.0,15941.7,8191.860000000001
ITEM0009761,ORD004675,PROD00174,CUST00384,20241005,7,3,4285.14,0.0,12855.42,7296.54
ITEM0009762,ORD004676,PROD00269,CUST00688,20241029,7,1,2135.25,0.14,1836.32,736.51
ITEM0009763,ORD004676,PROD00093,CUST00688,20241029,7,4,3802.74,0.0,15210.96,6160.6799999999985
ITEM0009764,ORD004676,PROD00179,CUST00688,20241029,7,1,6055.62,0.29,4299.49,1829.1399999999999
ITEM0009765,ORD004676,PROD00162,CUST00688,20241029,7,3,3555.3,0.0,10665.9,3255.209999999999
ITEM0009766,ORD004677,PROD00144,CUST00990,20240503,8,1,9953.38,0.0,9953.38,5272.469999999999
ITEM0009767,ORD004677,PROD00264,CUST00990,20240503,8,1,8008.38,0.16,6727.04,3273.2799999999997
ITEM0009768,ORD004678,PROD00168,CUST00968,20240424,1,2,5760.76,0.0,11521.52,4778.06
ITEM0009769,ORD004679,PROD00037,CUST00369,20230329,6,1,5435.74,0.15,4620.38,2383.6800000000003
ITEM0009770,ORD004679,PROD00094,CUST00369,20230329,6,2,6449.58,0.0,12899.16,5525.54
ITEM0009771,ORD004679,PROD00182,CUST00369,20230329,6,1,3616.25,0.0,3616.25,1810.58
ITEM0009772,ORD004680,PROD00151,CUST00900,20240929,9,1,5518.05,0.0,5518.05,1305.9800000000005
ITEM0009773,ORD004681,PROD00148,CUST00265,20240517,5,3,3870.28,0.0,11610.84,5826.12
ITEM0009774,ORD004681,PROD00023,CUST00265,20240517,5,1,3506.84,0.0,3506.84,2022.7700000000002
ITEM0009775,ORD004682,PROD00103,CUST00671,20241116,8,1,9136.07,0.02,8953.35,4405.22
ITEM0009776,ORD004682,PROD00208,CUST00671,20241116,8,1,4099.5,0.0,4099.5,798.6599999999999
ITEM0009777,ORD004683,PROD00119,CUST00995,20231006,3,1,9197.85,0.29,6530.47,2799.51
ITEM0009778,ORD004683,PROD00273,CUST00995,20231006,3,1,4432.81,0.0,4432.81,1285.4200000000005
ITEM0009779,ORD004683,PROD00191,CUST00995,20231006,3,1,4249.81,0.0,4249.81,1338.2900000000004
ITEM0009780,ORD004684,PROD00286,CUST00921,20240801,6,2,945.94,0.0,1891.88,910.9200000000001
ITEM0009781,ORD004685,PROD00100,CUST00134,20240426,9,3,8661.69,0.1,23386.56,12297.87
ITEM0009782,ORD004685,PROD00273,CUST00134,20240426,9,2,4432.81,0.18,7269.81,975.0300000000007
ITEM0009783,ORD004686,PROD00259,CUST00335,20240808,9,1,1489.83,0.0,1489.83,322.39999999999986
ITEM0009784,ORD004686,PROD00268,CUST00335,20240808,9,2,852.32,0.23,1312.57,353.27
ITEM0009785,ORD004687,PROD00292,CUST00280,20240818,3,2,5910.44,0.0,11820.88,5975.959999999999
ITEM0009786,ORD004687,PROD00268,CUST00280,20240818,3,1,852.32,0.26,630.72,151.07000000000005
ITEM0009787,ORD004688,PROD00083,CUST00241,20230124,7,2,9425.24,0.04,18096.46,9483.56
ITEM0009788,ORD004689,PROD00116,CUST00446,20240420,5,2,3835.95,0.0,7671.9,2725.2199999999993
ITEM0009789,ORD004690,PROD00108,CUST00202,20231020,6,1,7407.37,0.11,6592.56,3581.9300000000003
ITEM0009790,ORD004690,PROD00038,CUST00202,20231020,6,2,1983.28,0.0,3966.56,2071.56
ITEM0009791,ORD004690,PROD00049,CUST00202,20231020,6,3,5326.74,0.0,15980.22,4221.359999999999
ITEM0009792,ORD004691,PROD00007,CUST00364,20240318,4,1,7518.69,0.0,7518.69,2553.83
ITEM0009793,ORD004691,PROD00254,CUST00364,20240318,4,1,3623.42,0.0,3623.42,725.1199999999999
ITEM0009794,ORD004691,PROD00271,CUST00364,20240318,4,1,439.58,0.28,316.5,95.5
ITEM0009795,ORD004692,PROD00235,CUST00503,20231012,2,3,1155.59,0.1,3120.09,1666.92
ITEM0009796,ORD004692,PROD00271,CUST00503,20231012,2,1,439.58,0.0,439.58,218.57999999999998
ITEM0009797,ORD004693,PROD00043,CUST00399,20230425,4,1,1789.22,0.0,1789.22,710.5899999999999
ITEM0009798,ORD004694,PROD00130,CUST00352,20230627,10,2,3445.25,0.22,5374.59,726.7700000000004
ITEM0009799,ORD004694,PROD00132,CUST00352,20230627,10,1,5296.2,0.0,5296.2,1109.0599999999995
ITEM0009800,ORD004695,PROD00117,CUST00438,20231224,10,1,498.3,0.0,498.3,296.74
ITEM0009801,ORD004695,PROD00088,CUST00438,20231224,10,2,4559.98,0.0,9119.96,2565.7999999999993
ITEM0009802,ORD004696,PROD00195,CUST00055,20230802,8,3,9608.14,0.0,28824.42,16617.3
ITEM0009803,ORD004696,PROD00285,CUST00055,20230802,8,2,2757.81,0.25,4136.72,1574.46
ITEM0009804,ORD004697,PROD00040,CUST00845,20231112,10,1,3631.49,0.0,3631.49,2004.7199999999998
ITEM0009805,ORD004697,PROD00009,CUST00845,20231112,10,3,5332.96,0.2,12799.1,6191.300000000001
ITEM0009806,ORD004697,PROD00287,CUST00845,20231112,10,3,6559.01,0.21,15544.85,5640.889999999999
ITEM0009807,ORD004698,PROD00117,CUST00238,20231103,3,1,498.3,0.0,498.3,296.74
ITEM0009808,ORD004698,PROD00015,CUST00238,20231103,3,1,5418.41,0.12,4768.2,895.04
ITEM0009809,ORD004698,PROD00070,CUST00238,20231103,3,2,6693.56,0.0,13387.12,4680.58
ITEM0009810,ORD004699,PROD00136,CUST00639,20231013,5,1,621.23,0.0,621.23,363.76
ITEM0009811,ORD004700,PROD00294,CUST00361,20241016,10,1,8182.59,0.0,8182.59,4331.59
ITEM0009812,ORD004701,PROD00241,CUST00431,20231104,5,2,2357.85,0.0,4715.7,-3859.12
ITEM0009813,ORD004702,PROD00270,CUST00474,20240720,10,4,4350.17,0.0,17400.68,8847.68
ITEM0009814,ORD004702,PROD00287,CUST00474,20240720,10,1,6559.01,0.0,6559.01,3257.69
ITEM0009815,ORD004703,PROD00188,CUST00099,20231224,2,1,1657.41,0.0,1657.41,330.0400000000002
ITEM0009816,ORD004703,PROD00065,CUST00099,20231224,2,2,6570.64,0.0,13141.28,3463.1800000000003
ITEM0009817,ORD004703,PROD00241,CUST00099,20231224,2,1,1451.59,0.0,1451.59,-2835.8199999999997
ITEM0009818,ORD004704,PROD00220,CUST00834,20240730,1,1,6168.69,0.0,6168.69,2661.0299999999997
ITEM0009819,ORD004704,PROD00096,CUST00834,20240730,1,1,4639.15,0.0,4639.15,2414.68
ITEM0009820,ORD004705,PROD00239,CUST00594,20241023,5,1,467.33,0.0,467.33,263.01
ITEM0009821,ORD004706,PROD00203,CUST00692,20240725,4,1,477.27,0.0,477.27,266.80999999999995
ITEM0009822,ORD004707,PROD00014,CUST00543,20230612,9,1,1451.31,0.0,1451.31,352.8699999999999
ITEM0009823,ORD004708,PROD00262,CUST00643,20231110,9,2,1460.84,0.0,2921.68,1474.8999999999999
ITEM0009824,ORD004708,PROD00010,CUST00643,20231110,9,1,2259.53,0.0,2259.53,1308.3200000000002
ITEM0009825,ORD004708,PROD00070,CUST00643,20231110,9,1,6693.56,0.0,6693.56,2340.29
ITEM0009826,ORD004709,PROD00285,CUST00896,20230703,8,2,2757.81,0.0,5515.62,2953.3599999999997
ITEM0009827,ORD004710,PROD00198,CUST00210,20240812,2,1,1516.26,0.0,1516.26,484.5899999999999
ITEM0009828,ORD004711,PROD00036,CUST00203,20231227,3,1,7308.78,0.0,7308.78,3739.1699999999996
ITEM0009829,ORD004711,PROD00205,CUST00203,20231227,3,1,6283.38,0.0,6283.38,1439.62
ITEM0009830,ORD004711,PROD00066,CUST00203,20231227,3,2,899.86,0.0,1799.72,592.8399999999999
ITEM0009831,ORD004711,PROD00225,CUST00203,20231227,3,1,6042.7,0.0,6042.7,1087.0999999999995
ITEM0009832,ORD004712,PROD00267,CUST00793,20241122,9,2,3457.61,0.0,6915.22,1418.9000000000005
ITEM0009833,ORD004713,PROD00151,CUST00781,20240417,8,2,5518.05,0.0,11036.1,2611.960000000001
ITEM0009834,ORD004714,PROD00035,CUST00853,20240806,5,1,2576.9,0.0,2576.9,1165.71
ITEM0009835,ORD004715,PROD00238,CUST00454,20240322,3,1,7201.82,0.0,7201.82,3679.9399999999996
ITEM0009836,ORD004716,PROD00173,CUST00942,20240128,10,2,1222.23,0.16,2053.34,-6794.42
ITEM0009837,ORD004716,PROD00165,CUST00942,20240128,10,2,1721.94,0.24,2617.35,1028.83
ITEM0009838,ORD004716,PROD00160,CUST00942,20240128,10,1,1750.19,0.11,1557.67,246.36000000000013
ITEM0009839,ORD004717,PROD00122,CUST00387,20240903,10,1,11549.43,0.0,11549.43,6611.5
ITEM0009840,ORD004718,PROD00164,CUST00762,20230413,6,3,5504.82,0.0,16514.46,7142.219999999999
ITEM0009841,ORD004719,PROD00157,CUST00293,20230119,1,2,2525.54,0.0,5051.08,1902.3400000000001
ITEM0009842,ORD004720,PROD00069,CUST00071,20240803,3,1,1958.98,0.0,1958.98,-2140.14
ITEM0009843,ORD004720,PROD00016,CUST00071,20240803,3,4,6005.27,0.0,24021.08,5577.440000000002
ITEM0009844,ORD004720,PROD00175,CUST00071,20240803,3,1,8513.93,0.0,8513.93,3991.4300000000003
ITEM0009845,ORD004721,PROD00114,CUST00058,20240412,3,1,2295.26,0.0,2295.26,410.24000000000024
ITEM0009846,ORD004721,PROD00207,CUST00058,20240412,3,4,6547.46,0.0,26189.84,15089.4
ITEM0009847,ORD004721,PROD00285,CUST00058,20240412,3,1,2757.81,0.0,2757.81,1476.6799999999998
ITEM0009848,ORD004721,PROD00258,CUST00058,20240412,3,2,5858.08,0.0,11716.16,6945.0599999999995
ITEM0009849,ORD004721,PROD00202,CUST00058,20240412,3,1,1016.59,0.23,782.77,104.92999999999995
ITEM0009850,ORD004722,PROD00225,CUST00406,20240927,4,1,6042.7,0.03,5861.42,905.8199999999997
ITEM0009851,ORD004722,PROD00017,CUST00406,20240927,4,1,9163.85,0.0,9163.85,5466.42
ITEM0009852,ORD004722,PROD00299,CUST00406,20240927,4,1,10649.19,0.0,10649.19,6151.8
ITEM0009853,ORD004723,PROD00048,CUST00215,20240114,2,1,1926.71,0.03,1868.91,566.8500000000001
ITEM0009854,ORD004723,PROD00047,CUST00215,20240114,2,2,1589.57,0.09,2893.02,929.96
ITEM0009855,ORD004723,PROD00079,CUST00215,20240114,2,2,7182.12,0.22,11204.11,4541.1900000000005
ITEM0009856,ORD004724,PROD00159,CUST00310,20240607,6,3,198.83,0.17,495.09,194.57999999999998
ITEM0009857,ORD004725,PROD00088,CUST00059,20240503,1,1,4559.98,0.0,4559.98,1282.8999999999996
ITEM0009858,ORD004726,PROD00237,CUST00581,20231009,4,3,8123.36,0.0,24370.08,13413.900000000001
ITEM0009859,ORD004726,PROD00138,CUST00581,20231009,4,1,10725.29,0.0,10725.29,6249.430000000001
ITEM0009860,ORD004727,PROD00125,CUST00239,20240526,1,3,5694.29,0.03,16570.38,4008.0600000000013
ITEM0009861,ORD004728,PROD00180,CUST00465,20230807,4,3,7030.69,0.22,16451.81,7684.040000000001
ITEM0009862,ORD004728,PROD00228,CUST00465,20230807,4,2,1263.16,0.0,2526.32,1055.1000000000001
ITEM0009863,ORD004728,PROD00049,CUST00465,20230807,4,1,5326.74,0.02,5220.21,1300.5900000000001
ITEM0009864,ORD004729,PROD00135,CUST00862,20230327,1,1,2086.2,0.0,2086.2,1022.2399999999998
ITEM0009865,ORD004729,PROD00220,CUST00862,20230327,1,1,6168.69,0.16,5181.7,1674.04
ITEM0009866,ORD004729,PROD00049,CUST00862,20230327,1,1,5326.74,0.21,4208.12,288.5
ITEM0009867,ORD004729,PROD00163,CUST00862,20230327,1,4,2745.97,0.0,10983.88,5482.5599999999995
ITEM0009868,ORD004729,PROD00017,CUST00862,20230327,1,2,9163.85,0.0,18327.7,10932.84
ITEM0009869,ORD004730,PROD00259,CUST00847,20230320,9,1,1489.83,0.0,1489.83,322.39999999999986
ITEM0009870,ORD004730,PROD00013,CUST00847,20230320,9,2,10508.19,0.15,17863.92,8680.599999999999
ITEM0009871,ORD004730,PROD00047,CUST00847,20230320,9,1,1589.57,0.08,1462.4,480.8700000000001
ITEM0009872,ORD004730,PROD00125,CUST00847,20230320,9,1,5694.29,0.0,5694.29,1506.8500000000004
ITEM0009873,ORD004731,PROD00144,CUST00001,20230116,7,2,9953.38,0.0,19906.76,10544.939999999999
ITEM0009874,ORD004731,PROD00279,CUST00001,20230116,7,1,7168.01,0.0,7168.01,4297.540000000001
ITEM0009875,ORD004732,PROD00107,CUST00949,20240312,7,2,6282.37,0.0,12564.74,3728.42
ITEM0009876,ORD004732,PROD00152,CUST00949,20240312,7,1,1231.99,0.29,874.71,250.17000000000007
ITEM0009877,ORD004733,PROD00083,CUST00350,20230913,9,1,9425.24,0.0,9425.24,5118.79
ITEM0009878,ORD004734,PROD00290,CUST00729,20240724,1,1,1195.14,0.0,1195.14,418.2500000000001
ITEM0009879,ORD004735,PROD00020,CUST00916,20230326,6,3,7970.85,0.0,23912.55,12287.789999999999
ITEM0009880,ORD004735,PROD00160,CUST00916,20230326,6,1,1750.19,0.0,1750.19,438.8800000000001
ITEM0009881,ORD004735,PROD00010,CUST00916,20230326,6,1,2259.53,0.3,1581.67,630.46
ITEM0009882,ORD004735,PROD00081,CUST00916,20230326,6,4,2624.19,0.0,10496.76,5860.52
ITEM0009883,ORD004736,PROD00132,CUST00991,20240917,7,1,5296.2,0.07,4925.47,738.3299999999999
ITEM0009884,ORD004736,PROD00047,CUST00991,20240917,7,2,1589.57,0.0,3179.14,1216.08
ITEM0009885,ORD004736,PROD00248,CUST00991,20240917,7,1,10128.22,0.0,10128.22,5478.24
ITEM0009886,ORD004737,PROD00297,CUST00816,20231008,8,1,10930.45,0.0,10930.45,6329.200000000001
ITEM0009887,ORD004737,PROD00285,CUST00816,20231008,8,2,2757.81,0.0,5515.62,2953.3599999999997
ITEM0009888,ORD004738,PROD00169,CUST00935,20230920,9,1,5358.09,0.0,5358.09,2984.67
ITEM0009889,ORD004739,PROD00273,CUST00009,20231225,5,4,4432.81,0.0,17731.24,5141.680000000002
ITEM0009890,ORD004739,PROD00161,CUST00009,20231225,5,1,2894.21,0.22,-2257.48,-4532.18
ITEM0009891,ORD004739,PROD00265,CUST00009,20231225,5,1,4207.25,0.22,3281.66,469.96000000000004
ITEM0009892,ORD004739,PROD00005,CUST00009,20231225,5,1,246.43,0.0,246.43,70.33000000000001
ITEM0009893,ORD004739,PROD00117,CUST00009,20231225,5,1,498.3,0.0,498.3,296.74
ITEM0009894,ORD004740,PROD00092,CUST00605,20240201,5,1,1552.76,0.2,1242.21,404.1700000000001
ITEM0009895,ORD004741,PROD00292,CUST00346,20240518,5,1,5910.44,0.0,5910.44,2987.9799999999996
ITEM0009896,ORD004741,PROD00175,CUST00346,20240518,5,2,8513.93,0.19,13792.57,4747.57
ITEM0009897,ORD004742,PROD00071,CUST00813,20230422,2,1,534.87,0.0,534.87,199.64999999999998
ITEM0009898,ORD004742,PROD00220,CUST00813,20230422,2,1,6168.69,0.0,6168.69,2661.0299999999997
ITEM0009899,ORD004743,PROD00112,CUST00378,20230226,9,1,3435.2,0.0,3435.2,1842.6499999999999
ITEM0009900,ORD004743,PROD00180,CUST00378,20230226,9,1,7030.69,0.12,6187.01,3264.42
ITEM0009901,ORD004743,PROD00255,CUST00378,20230226,9,1,7383.63,0.18,6054.58,2724.35
ITEM0009902,ORD004744,PROD00279,CUST00933,20231229,8,2,7168.01,0.0,14336.02,8595.080000000002
ITEM0009903,ORD004744,PROD00182,CUST00933,20231229,8,1,3616.25,0.0,3616.25,1810.58
ITEM0009904,ORD004745,PROD00286,CUST00871,20240126,6,1,945.94,0.0,945.94,455.46000000000004
ITEM0009905,ORD004745,PROD00240,CUST00871,20240126,6,3,4510.78,0.06,12720.4,6772.99
ITEM0009906,ORD004745,PROD00014,CUST00871,20240126,6,1,1451.31,0.0,1451.31,352.8699999999999
ITEM0009907,ORD004746,PROD00052,CUST00928,20231103,5,1,1689.78,0.0,1689.78,550.1199999999999
ITEM0009908,ORD004746,PROD00264,CUST00928,20231103,5,4,8008.38,0.0,32033.52,18218.48
ITEM0009909,ORD004746,PROD00029,CUST00928,20231103,5,4,5799.72,0.0,23198.88,6044.639999999999
ITEM0009910,ORD004746,PROD00282,CUST00928,20231103,5,1,3504.39,0.0,3504.39,1243.4
ITEM0009911,ORD004747,PROD00146,CUST00506,20240219,1,3,504.1,0.0,1512.3,823.89
ITEM0009912,ORD004747,PROD00212,CUST00506,20240219,1,3,7782.48,0.0,23347.44,12711.989999999998
ITEM0009913,ORD004748,PROD00024,CUST00337,20230308,2,3,10115.71,0.21,23974.23,11258.25
ITEM0009914,ORD004748,PROD00192,CUST00337,20230308,2,2,5116.05,0.0,10232.1,3379.38
ITEM0009915,ORD004749,PROD00234,CUST00523,20240225,5,1,9552.76,0.0,9552.76,5040.68
ITEM0009916,ORD004749,PROD00076,CUST00523,20240225,5,1,6038.15,0.08,5555.1,2623.4600000000005
ITEM0009917,ORD004750,PROD00025,CUST00421,20230306,10,1,3078.83,0.0,3078.83,572.75
ITEM0009918,ORD004750,PROD00215,CUST00421,20230306,10,2,379.53,0.0,759.06,150.0
ITEM0009919,ORD004751,PROD00254,CUST01000,20240331,7,2,3623.42,0.09,6594.62,798.0199999999995
ITEM0009920,ORD004751,PROD00117,CUST01000,20240331,7,1,498.3,0.01,493.32,291.76
ITEM0009921,ORD004752,PROD00125,CUST00548,20240315,2,1,5694.29,0.0,5694.29,1506.8500000000004
ITEM0009922,ORD004752,PROD00185,CUST00548,20240315,2,1,2719.98,0.0,2719.98,1485.46
ITEM0009923,ORD004753,PROD00073,CUST00688,20230607,4,1,9071.35,0.0,9071.35,4439.54
ITEM0009924,ORD004753,PROD00153,CUST00688,20230607,4,2,4010.2,0.3,5614.28,695.8999999999996
ITEM0009925,ORD004753,PROD00138,CUST00688,20230607,4,1,10725.29,0.0,10725.29,6249.430000000001
ITEM0009926,ORD004754,PROD00066,CUST00700,20230418,1,1,899.86,0.0,899.86,296.41999999999996
ITEM0009927,ORD004754,PROD00141,CUST00700,20230418,1,1,4481.31,0.04,4302.06,1486.0700000000006
ITEM0009928,ORD004755,PROD00030,CUST00039,20231127,1,1,4937.89,0.0,4937.89,2466.7300000000005
ITEM0009929,ORD004755,PROD00124,CUST00039,20231127,1,1,2025.14,0.0,2025.14,409.46000000000004
ITEM0009930,ORD004755,PROD00048,CUST00039,20231127,1,2,1926.71,0.0,3853.42,1249.3000000000002
ITEM0009931,ORD004755,PROD00078,CUST00039,20231127,1,1,2028.86,0.08,1866.55,315.0
ITEM0009932,ORD004756,PROD00103,CUST00776,20231223,2,2,9136.07,0.0,18272.14,9175.88
ITEM0009933,ORD004757,PROD00012,CUST00567,20240429,5,4,7089.43,0.02,27790.57,15014.33
ITEM0009934,ORD004757,PROD00109,CUST00567,20240429,5,1,7944.57,0.0,7944.57,3565.7999999999993
ITEM0009935,ORD004758,PROD00125,CUST00106,20240323,9,1,5694.29,0.0,5694.29,1506.8500000000004
ITEM0009936,ORD004759,PROD00124,CUST00500,20240314,3,1,2025.14,0.3,1417.6,-198.08000000000015
ITEM0009937,ORD004759,PROD00221,CUST00500,20240314,3,1,901.85,0.0,901.85,235.49
ITEM0009938,ORD004759,PROD00138,CUST00500,20240314,3,1,10725.29,0.27,7829.46,3353.6000000000004
ITEM0009939,ORD004759,PROD00274,CUST00500,20240314,3,1,5633.46,0.0,5633.46,1065.2799999999997
ITEM0009940,ORD004759,PROD00219,CUST00500,20240314,3,1,344.65,0.27,251.59,62.93000000000001
ITEM0009941,ORD004760,PROD00031,CUST00778,20240720,4,1,4066.81,0.0,4066.81,1410.2399999999998
ITEM0009942,ORD004760,PROD00280,CUST00778,20240720,4,1,4625.83,0.0,4625.83,2477.24
ITEM0009943,ORD004760,PROD00261,CUST00778,20240720,4,1,2154.14,0.19,1744.85,763.81
ITEM0009944,ORD004760,PROD00192,CUST00778,20240720,4,1,5116.05,0.0,5116.05,1689.69
ITEM0009945,ORD004760,PROD00179,CUST00778,20240720,4,2,6055.62,0.0,12111.24,7170.54
ITEM0009946,ORD004761,PROD00224,CUST00114,20230604,6,1,8522.29,0.0,8522.29,4734.700000000001
ITEM0009947,ORD004761,PROD00047,CUST00114,20230604,6,1,1589.57,0.0,1589.57,608.04
ITEM0009948,ORD004761,PROD00116,CUST00114,20230604,6,4,3835.95,0.0,15343.8,5450.439999999999
ITEM0009949,ORD004761,PROD00233,CUST00114,20230604,6,2,3164.97,0.19,5127.25,1802.4299999999998
ITEM0009950,ORD004762,PROD00118,CUST00228,20240701,4,2,8273.55,0.0,16547.1,6605.039999999999
ITEM0009951,ORD004763,PROD00287,CUST00695,20240620,10,1,6559.01,0.0,6559.01,3257.69
ITEM0009952,ORD004764,PROD00162,CUST00828,20240821,5,1,3555.3,0.0,3555.3,1085.0700000000002
ITEM0009953,ORD004764,PROD00188,CUST00828,20240821,5,1,1657.41,0.0,1657.41,330.0400000000002
ITEM0009954,ORD004764,PROD00234,CUST00828,20240821,5,1,9552.76,0.0,9552.76,5040.68
ITEM0009955,ORD004764,PROD00214,CUST00828,20240821,5,3,8107.58,0.21,19214.96,5868.439999999999
ITEM0009956,ORD004765,PROD00221,CUST00753,20240828,9,2,901.85,0.12,1587.26,254.53999999999996
ITEM0009957,ORD004765,PROD00021,CUST00753,20240828,9,1,6443.82,0.0,6443.82,3269.37
ITEM0009958,ORD004766,PROD00179,CUST00774,20231217,7,2,6055.62,0.0,12111.24,7170.54
ITEM0009959,ORD004766,PROD00232,CUST00774,20231217,7,2,3144.6,0.08,5786.06,2717.76
ITEM0009960,ORD004766,PROD00162,CUST00774,20231217,7,1,3555.3,0.22,2773.13,302.9000000000001
ITEM0009961,ORD004767,PROD00014,CUST00881,20230115,9,1,1451.31,0.0,1451.31,352.8699999999999
ITEM0009962,ORD004768,PROD00272,CUST00871,20230313,7,2,7587.4,0.0,15174.8,6180.359999999999
ITEM0009963,ORD004768,PROD00141,CUST00871,20230313,7,1,4481.31,0.0,4481.31,1665.3200000000006
ITEM0009964,ORD004769,PROD00175,CUST00469,20230904,1,1,8513.93,0.0,8513.93,3991.4300000000003
ITEM0009965,ORD004769,PROD00218,CUST00469,20230904,1,1,6300.23,0.0,6300.23,3582.7199999999993
ITEM0009966,ORD004770,PROD00028,CUST00109,20240929,6,1,214.4,0.0,214.4,64.71000000000001
ITEM0009967,ORD004770,PROD00032,CUST00109,20240929,6,1,301.12,0.0,301.12,56.30000000000001
ITEM0009968,ORD004771,PROD00080,CUST00723,20240322,7,1,862.91,0.0,862.91,394.7
ITEM0009969,ORD004772,PROD00196,CUST00881,20240708,7,1,6703.46,0.11,5966.08,3081.43
ITEM0009970,ORD004772,PROD00297,CUST00881,20240708,7,1,10930.45,0.0,10930.45,6329.200000000001
ITEM0009971,ORD004773,PROD00149,CUST00800,20230516,6,3,832.87,0.0,2498.61,1411.6200000000001
ITEM0009972,ORD004773,PROD00198,CUST00800,20230516,6,1,1516.26,0.0,1516.26,484.5899999999999
ITEM0009973,ORD004774,PROD00115,CUST00634,20230304,3,1,3250.57,0.0,3250.57,1515.2500000000002
ITEM0009974,ORD004774,PROD00002,CUST00634,20230304,3,1,231.58,0.0,231.58,94.31
ITEM0009975,ORD004775,PROD00245,CUST00397,20230121,10,1,6215.91,0.0,6215.91,2418.97
ITEM0009976,ORD004775,PROD00035,CUST00397,20230121,10,1,2576.9,0.0,2576.9,1165.71
ITEM0009977,ORD004775,PROD00092,CUST00397,20230121,10,1,1552.76,0.0,1552.76,714.72
ITEM0009978,ORD004776,PROD00277,CUST00843,20230729,9,1,556.92,0.0,556.92,297.17999999999995
ITEM0009979,ORD004776,PROD00085,CUST00843,20230729,9,2,1960.53,0.0,3921.06,1576.96
ITEM0009980,ORD004777,PROD00096,CUST00911,20241013,5,3,4639.15,0.0,13917.45,7244.040000000001
ITEM0009981,ORD004777,PROD00117,CUST00911,20241013,5,2,498.3,0.22,777.35,374.23
ITEM0009982,ORD004777,PROD00090,CUST00911,20241013,5,3,494.65,0.0,1483.95,763.74
ITEM0009983,ORD004778,PROD00288,CUST00399,20240323,6,1,2790.22,0.06,2622.81,1396.97
ITEM0009984,ORD004779,PROD00132,CUST00237,20240731,1,2,5296.2,0.0,10592.4,2218.119999999999
ITEM0009985,ORD004779,PROD00221,CUST00237,20240731,1,1,901.85,0.0,901.85,235.49
ITEM0009986,ORD004780,PROD00158,CUST00732,20241027,7,1,8138.6,0.0,8138.6,4091.0800000000004
ITEM0009987,ORD004780,PROD00021,CUST00732,20241027,7,4,6443.82,0.0,25775.28,13077.48
ITEM0009988,ORD004781,PROD00031,CUST00394,20230209,5,1,4066.81,0.0,4066.81,1410.2399999999998
ITEM0009989,ORD004781,PROD00030,CUST00394,20230209,5,2,4937.89,0.0,9875.78,4933.460000000001
ITEM0009990,ORD004781,PROD00142,CUST00394,20230209,5,1,8354.87,0.0,8354.87,3711.9900000000007
ITEM0009991,ORD004782,PROD00244,CUST00292,20230106,5,1,4549.33,0.0,4549.33,1795.7399999999998
ITEM0009992,ORD004782,PROD00022,CUST00292,20230106,5,4,1547.99,0.03,6006.2,3431.96
ITEM0009993,ORD004783,PROD00256,CUST00842,20240721,4,2,256.57,0.14,441.3,120.38
ITEM0009994,ORD004783,PROD00205,CUST00842,20240721,4,2,6283.38,0.0,12566.76,2879.24
ITEM0009995,ORD004784,PROD00223,CUST00025,20240813,3,3,2430.88,0.0,7292.64,3581.76
ITEM0009996,ORD004784,PROD00206,CUST00025,20240813,3,1,8632.13,0.0,8632.13,3966.2699999999995
ITEM0009997,ORD004784,PROD00229,CUST00025,20240813,3,2,726.54,0.0,1453.08,500.4
ITEM0009998,ORD004784,PROD00032,CUST00025,20240813,3,1,301.12,0.2,240.9,-3.9199999999999875
ITEM0009999,ORD004784,PROD00051,CUST00025,20240813,3,1,8693.03,0.0,8693.03,4189.18
ITEM0010000,ORD004785,PROD00283,CUST00703,20230105,1,3,7427.34,0.0,22282.02,8589.300000000001
ITEM0010001,ORD004785,PROD00214,CUST00703,20230105,1,1,8107.58,0.28,5837.46,1388.62
ITEM0010002,ORD004786,PROD00089,CUST00559,20240930,6,1,781.78,0.0,-781.78,-1421.76
ITEM0010003,ORD004786,PROD00072,CUST00559,20240930,6,1,6999.91,0.0,6999.91,3897.43
ITEM0010004,ORD004787,PROD00158,CUST00794,20240604,1,2,8138.6,0.04,15626.11,7531.070000000001
ITEM0010005,ORD004788,PROD00117,CUST00523,20230613,3,1,498.3,0.0,498.3,296.74
ITEM0010006,ORD004788,PROD00146,CUST00523,20230613,3,1,504.1,0.0,504.1,274.63
ITEM0010007,ORD004789,PROD00190,CUST00189,20230818,1,2,3528.69,0.0,7057.38,3710.02
ITEM0010008,ORD004789,PROD00031,CUST00189,20230818,1,1,4066.81,0.0,4066.81,1410.2399999999998
ITEM0010009,ORD004790,PROD00018,CUST00863,20231124,6,1,2803.77,0.0,2803.77,948.98
ITEM0010010,ORD004791,PROD00104,CUST00083,20240424,2,1,2043.03,0.0,2043.03,773.79
ITEM0010011,ORD004792,PROD00130,CUST00737,20230114,6,1,3445.25,0.03,3341.89,1017.98
ITEM0010012,ORD004792,PROD00130,CUST00737,20230114,6,1,3445.25,0.0,3445.25,1121.3400000000001
ITEM0010013,ORD004793,PROD00020,CUST00274,20241012,2,2,7970.85,0.0,15941.7,8191.860000000001
ITEM0010014,ORD004793,PROD00264,CUST00274,20241012,2,1,8008.38,0.0,8008.38,4554.62
ITEM0010015,ORD004794,PROD00034,CUST00131,20230415,1,2,2533.01,0.0,5066.02,1656.1400000000003
ITEM0010016,ORD004795,PROD00008,CUST00753,20231009,6,1,5338.8,0.0,5338.8,2219.09
ITEM0010017,ORD004796,PROD00287,CUST00822,20230810,3,2,6559.01,0.0,13118.02,6515.38
ITEM0010018,ORD004797,PROD00027,CUST00586,20240729,10,3,5723.51,0.0,17170.53,7557.329999999998
ITEM0010019,ORD004798,PROD00204,CUST00044,20230727,10,1,3352.35,0.0,3352.35,1339.26
ITEM0010020,ORD004799,PROD00292,CUST00050,20240909,7,1,5910.44,0.0,5910.44,2987.9799999999996
ITEM0010021,ORD004800,PROD00179,CUST00083,20240325,3,4,6055.62,0.13,21073.56,11192.160000000002
ITEM0010022,ORD004800,PROD00005,CUST00083,20240325,3,1,246.43,0.0,246.43,70.33000000000001
ITEM0010023,ORD004800,PROD00115,CUST00083,20240325,3,1,3250.57,0.0,3250.57,1515.2500000000002
ITEM0010024,ORD004800,PROD00126,CUST00083,20240325,3,1,10802.22,0.17,8965.84,4121.89
ITEM0010025,ORD004800,PROD00081,CUST00083,20240325,3,1,2624.19,0.07,2440.5,1281.44
ITEM0010026,ORD004801,PROD00069,CUST00631,20231101,2,1,2068.26,0.23,1592.56,-2506.56
ITEM0010027,ORD004801,PROD00247,CUST00631,20231101,2,1,7341.91,0.0,7341.91,3685.56
ITEM0010028,ORD004801,PROD00061,CUST00631,20231101,2,2,4205.57,0.0,8411.14,1892.3399999999992
ITEM0010029,ORD004801,PROD00022,CUST00631,20231101,2,2,1547.99,0.2,2476.78,1189.6600000000003
ITEM0010030,ORD004802,PROD00013,CUST00228,20240804,7,1,10508.19,0.0,10508.19,5916.530000000001
ITEM0010031,ORD004803,PROD00235,CUST00992,20230801,7,1,1155.59,0.0,1155.59,671.1999999999999
ITEM0010032,ORD004803,PROD00060,CUST00992,20230801,7,1,532.72,0.0,532.72,251.38000000000005
ITEM0010033,ORD004804,PROD00034,CUST00710,20231119,10,1,2533.01,0.0,2533.01,828.0700000000002
ITEM0010034,ORD004805,PROD00129,CUST00377,20230501,1,1,2500.46,0.0,2500.46,912.6000000000001
ITEM0010035,ORD004806,PROD00197,CUST00719,20240126,4,1,8766.75,0.03,8503.75,4826.860000000001
ITEM0010036,ORD004806,PROD00266,CUST00719,20240126,4,1,5956.89,0.0,5956.89,1078.0100000000002
ITEM0010037,ORD004807,PROD00168,CUST00491,20240815,7,2,5760.76,0.0,11521.52,4778.06
ITEM0010038,ORD004808,PROD00102,CUST00204,20230512,1,2,6509.4,0.0,13018.8,6974.919999999999
ITEM0010039,ORD004809,PROD00056,CUST00647,20240621,4,1,6326.27,0.0,6326.27,3782.8800000000006
ITEM0010040,ORD004810,PROD00149,CUST00028,20231129,10,2,832.87,0.13,1449.19,724.5300000000001
ITEM0010041,ORD004811,PROD00169,CUST00025,20230106,5,1,5358.09,0.0,5358.09,2984.67
ITEM0010042,ORD004811,PROD00127,CUST00025,20230106,5,3,5321.52,0.03,15485.62,7851.4000000000015
ITEM0010043,ORD004811,PROD00112,CUST00025,20230106,5,1,3435.2,0.03,3332.14,1739.59
ITEM0010044,ORD004812,PROD00099,CUST00528,20240315,5,1,6088.4,0.0,6088.4,2560.7899999999995
ITEM0010045,ORD004812,PROD00069,CUST00528,20240315,5,2,1609.36,0.0,3218.72,-4979.52
ITEM0010046,ORD004812,PROD00152,CUST00528,20240315,5,2,1231.99,0.0,2463.98,1214.9
ITEM0010047,ORD004812,PROD00141,CUST00528,20240315,5,2,4481.31,0.0,8962.62,3330.6400000000012
ITEM0010048,ORD004812,PROD00131,CUST00528,20240315,5,2,576.16,0.0,1152.32,431.02
ITEM0010049,ORD004813,PROD00220,CUST00476,20230614,6,1,6168.69,0.22,4811.58,1303.92
ITEM0010050,ORD004814,PROD00295,CUST00424,20230727,9,1,895.09,0.0,895.09,175.74
ITEM0010051,ORD004815,PROD00064,CUST00060,20240626,9,2,4268.27,0.0,8536.54,4481.9400000000005
ITEM0010052,ORD004816,PROD00171,CUST00472,20240731,1,1,546.18,0.16,458.79,191.78000000000003
ITEM0010053,ORD004817,PROD00049,CUST00052,20240526,8,2,5326.74,0.0,10653.48,2814.24
ITEM0010054,ORD004817,PROD00048,CUST00052,20240526,8,1,1926.71,0.0,1926.71,624.6500000000001
ITEM0010055,ORD004818,PROD00263,CUST00004,20230417,10,1,4979.64,0.0,4979.64,1665.3500000000004
ITEM0010056,ORD004819,PROD00155,CUST00414,20230712,8,1,1532.82,0.0,1532.82,428.0
ITEM0010057,ORD004819,PROD00182,CUST00414,20230712,8,2,3616.25,0.0,7232.5,3621.16
ITEM0010058,ORD004819,PROD00138,CUST00414,20230712,8,3,10725.29,0.0,32175.87,18748.29
ITEM0010059,ORD004819,PROD00097,CUST00414,20230712,8,2,1492.36,0.0,2984.72,632.8399999999997
ITEM0010060,ORD004819,PROD00133,CUST00414,20230712,8,3,7313.64,0.0,21940.92,10097.55
ITEM0010061,ORD004820,PROD00183,CUST00558,20240309,10,1,526.69,0.0,526.69,282.0300000000001
ITEM0010062,ORD004820,PROD00227,CUST00558,20240309,10,1,3250.8,0.0,3250.8,1611.5800000000002
ITEM0010063,ORD004821,PROD00011,CUST00698,20240531,9,2,2615.05,0.26,3870.27,1406.77
ITEM0010064,ORD004821,PROD00283,CUST00698,20240531,9,3,7427.34,0.0,22282.02,8589.300000000001
ITEM0010065,ORD004822,PROD00009,CUST00379,20230617,3,1,5332.96,0.23,4106.38,1903.7800000000002
ITEM0010066,ORD004822,PROD00123,CUST00379,20230617,3,1,2950.23,0.0,2950.23,1140.89
ITEM0010067,ORD004822,PROD00144,CUST00379,20230617,3,2,9953.38,0.0,19906.76,10544.939999999999
ITEM0010068,ORD004822,PROD00132,CUST00379,20230617,3,1,5296.2,0.17,4395.85,208.71000000000004
ITEM0010069,ORD004822,PROD00090,CUST00379,20230617,3,2,494.65,0.14,850.8,370.65999999999997
ITEM0010070,ORD004823,PROD00026,CUST00560,20240308,2,1,992.19,0.07,922.74,448.81
ITEM0010071,ORD004824,PROD00195,CUST00682,20230414,10,1,9608.14,0.0,9608.14,5539.099999999999
ITEM0010072,ORD004825,PROD00157,CUST00127,20230811,1,4,2525.54,0.0,10102.16,3804.6800000000003
ITEM0010073,ORD004825,PROD00200,CUST00127,20230811,1,1,7131.42,0.0,7131.42,3103.6
ITEM0010074,ORD004825,PROD00126,CUST00127,20230811,1,1,10802.22,0.0,10802.22,5958.2699999999995
ITEM0010075,ORD004826,PROD00019,CUST00560,20240924,6,2,2406.67,0.26,3561.87,1462.35
ITEM0010076,ORD004826,PROD00155,CUST00560,20240924,6,2,1532.82,0.06,2881.7,672.06
ITEM0010077,ORD004826,PROD00109,CUST00560,20240924,6,2,7944.57,0.0,15889.14,7131.5999999999985
ITEM0010078,ORD004827,PROD00158,CUST00588,20240718,1,2,8138.6,0.26,12045.13,3950.0899999999992
ITEM0010079,ORD004827,PROD00157,CUST00588,20240718,1,2,2525.54,0.0,5051.08,1902.3400000000001
ITEM0010080,ORD004828,PROD00202,CUST00262,20230717,7,2,1016.59,0.0,2033.18,677.5
ITEM0010081,ORD004828,PROD00133,CUST00262,20230717,7,1,7313.64,0.0,7313.64,3365.8500000000004
ITEM0010082,ORD004829,PROD00233,CUST00139,20241011,7,2,3164.97,0.0,6329.94,3005.1199999999994
ITEM0010083,ORD004830,PROD00140,CUST00433,20230131,7,2,1718.72,0.0,3437.44,1873.52
ITEM0010084,ORD004830,PROD00021,CUST00433,20230131,7,1,6443.82,0.0,6443.82,3269.37
ITEM0010085,ORD004831,PROD00211,CUST00488,20240814,5,1,1624.33,0.0,1624.33,369.80999999999995
ITEM0010086,ORD004831,PROD00091,CUST00488,20240814,5,2,1302.09,0.0,2604.18,1244.58
ITEM0010087,ORD004832,PROD00043,CUST00863,20230109,4,3,1789.22,0.0,5367.66,2131.7699999999995
ITEM0010088,ORD004832,PROD00255,CUST00863,20230109,4,1,7383.63,0.0,7383.63,4053.4
ITEM0010089,ORD004833,PROD00260,CUST00450,20230904,2,1,8617.38,0.0,8617.38,4121.859999999999
ITEM0010090,ORD004833,PROD00192,CUST00450,20230904,2,2,5116.05,0.0,10232.1,3379.38
ITEM0010091,ORD004834,PROD00068,CUST00024,20240523,5,1,1589.23,0.0,1589.23,380.1600000000001
ITEM0010092,ORD004834,PROD00296,CUST00024,20240523,5,1,1188.71,0.23,915.31,-2.6700000000000728
ITEM0010093,ORD004835,PROD00226,CUST00554,20240513,2,2,648.79,0.16,1089.97,139.17000000000007
ITEM0010094,ORD004836,PROD00018,CUST00839,20231018,3,1,2803.77,0.0,2803.77,948.98
ITEM0010095,ORD004836,PROD00245,CUST00839,20231018,3,2,6215.91,0.0,12431.82,4837.94
ITEM0010096,ORD004836,PROD00045,CUST00839,20231018,3,4,4706.05,0.05,17882.99,5980.350000000002
ITEM0010097,ORD004836,PROD00024,CUST00839,20231018,3,2,10115.71,0.0,20231.42,11754.099999999999
ITEM0010098,ORD004837,PROD00141,CUST00141,20240202,5,1,4481.31,0.04,4302.06,1486.0700000000006
ITEM0010099,ORD004837,PROD00279,CUST00141,20240202,5,2,7168.01,0.0,14336.02,8595.080000000002
ITEM0010100,ORD004837,PROD00131,CUST00141,20240202,5,2,576.16,0.0,1152.32,431.02
ITEM0010101,ORD004838,PROD00074,CUST00202,20230910,2,1,9420.21,0.0,9420.21,5096.919999999999
ITEM0010102,ORD004838,PROD00010,CUST00202,20230910,2,2,2259.53,0.0,4519.06,2616.6400000000003
ITEM0010103,ORD004838,PROD00123,CUST00202,20230910,2,1,2950.23,0.0,2950.23,1140.89
ITEM0010104,ORD004838,PROD00231,CUST00202,20230910,2,3,3622.68,0.0,10868.04,4047.960000000001
ITEM0010105,ORD004838,PROD00113,CUST00202,20230910,2,2,3472.93,0.0,6945.86,3308.2
ITEM0010106,ORD004839,PROD00161,CUST00665,20231227,10,2,2894.21,0.0,5788.42,1239.0200000000004
ITEM0010107,ORD004840,PROD00044,CUST00944,20230115,8,1,5424.36,0.0,5424.36,3122.2799999999997
ITEM0010108,ORD004840,PROD00129,CUST00944,20230115,8,1,2500.46,0.0,2500.46,912.6000000000001
ITEM0010109,ORD004841,PROD00265,CUST00341,20230428,8,4,4207.25,0.0,16829.0,5582.200000000001
ITEM0010110,ORD004842,PROD00248,CUST00630,20240906,8,4,10128.22,0.0,40512.88,21912.96
ITEM0010111,ORD004842,PROD00227,CUST00630,20240906,8,1,3250.8,0.12,2860.7,1221.4799999999998
ITEM0010112,ORD004842,PROD00090,CUST00630,20240906,8,1,494.65,0.0,494.65,254.57999999999998
ITEM0010113,ORD004842,PROD00223,CUST00630,20240906,8,1,2430.88,0.0,2430.88,1193.92
ITEM0010114,ORD004843,PROD00152,CUST00925,20231120,6,1,1231.99,0.1,1108.79,484.25
ITEM0010115,ORD004843,PROD00068,CUST00925,20231120,6,1,1589.23,0.06,1493.88,284.8100000000002
ITEM0010116,ORD004844,PROD00115,CUST00412,20240308,8,1,3250.57,0.15,2762.98,1027.66
ITEM0010117,ORD004845,PROD00221,CUST00139,20230615,7,1,901.85,0.0,901.85,235.49
ITEM0010118,ORD004845,PROD00132,CUST00139,20230615,7,1,5296.2,0.0,5296.2,1109.0599999999995
ITEM0010119,ORD004846,PROD00125,CUST00322,20230412,5,1,5694.29,0.0,5694.29,1506.8500000000004
ITEM0010120,ORD004846,PROD00281,CUST00322,20230412,5,1,7979.23,0.0,7979.23,3968.0199999999995
ITEM0010121,ORD004846,PROD00237,CUST00322,20230412,5,3,8123.36,0.0,24370.08,13413.900000000001
ITEM0010122,ORD004847,PROD00021,CUST00417,20240724,9,3,6443.82,0.0,19331.46,9808.11
ITEM0010123,ORD004848,PROD00116,CUST00683,20240703,10,2,3835.95,0.0,7671.9,2725.2199999999993
ITEM0010124,ORD004848,PROD00114,CUST00683,20240703,10,1,2295.26,0.0,2295.26,410.24000000000024
ITEM0010125,ORD004848,PROD00204,CUST00683,20240703,10,2,3352.35,0.0,6704.7,2678.52
ITEM0010126,ORD004849,PROD00179,CUST00665,20240309,9,1,6055.62,0.0,6055.62,3585.27
ITEM0010127,ORD004849,PROD00261,CUST00665,20240309,9,1,2154.14,0.11,1917.18,936.1400000000001
ITEM0010128,ORD004850,PROD00004,CUST00062,20230330,4,1,4097.38,0.17,3400.83,1.6599999999998545
ITEM0010129,ORD004851,PROD00023,CUST00573,20230223,5,2,3506.84,0.0,7013.68,4045.5400000000004
ITEM0010130,ORD004851,PROD00223,CUST00573,20230223,5,2,2430.88,0.0,4861.76,2387.84
ITEM0010131,ORD004852,PROD00282,CUST00165,20240816,7,2,3504.39,0.0,7008.78,2486.8
ITEM0010132,ORD004852,PROD00118,CUST00165,20240816,7,2,8273.55,0.0,16547.1,6605.039999999999
ITEM0010133,ORD004853,PROD00240,CUST00054,20230202,2,1,4510.78,0.0,4510.78,2528.3099999999995
ITEM0010134,ORD004853,PROD00088,CUST00054,20230202,2,2,4559.98,0.03,8846.36,2292.2000000000007
ITEM0010135,ORD004853,PROD00186,CUST00054,20230202,2,1,1445.96,0.0,1445.96,829.34
ITEM0010136,ORD004854,PROD00130,CUST00848,20241013,1,1,3445.25,0.0,3445.25,1121.3400000000001
ITEM0010137,ORD004854,PROD00199,CUST00848,20241013,1,1,3657.98,0.0,3657.98,1832.66
ITEM0010138,ORD004855,PROD00121,CUST00929,20240803,2,1,11305.27,0.11,10061.69,5230.97
ITEM0010139,ORD004855,PROD00231,CUST00929,20240803,2,2,3622.68,0.03,7028.0,2481.2799999999997
ITEM0010140,ORD004855,PROD00148,CUST00929,20240803,2,1,3870.28,0.0,3870.28,1942.0400000000002
ITEM0010141,ORD004855,PROD00194,CUST00929,20240803,2,1,535.55,0.0,535.55,316.76
ITEM0010142,ORD004856,PROD00093,CUST00855,20231231,10,2,3802.74,0.0,7605.48,3080.3399999999992
ITEM0010143,ORD004856,PROD00218,CUST00855,20231231,10,2,6300.23,0.02,12348.45,6913.43
ITEM0010144,ORD004856,PROD00240,CUST00855,20231231,10,1,4510.78,0.0,4510.78,2528.3099999999995
ITEM0010145,ORD004857,PROD00067,CUST00056,20230209,2,3,996.38,0.0,2989.14,1143.6599999999999
ITEM0010146,ORD004857,PROD00161,CUST00056,20230209,2,1,2894.21,0.25,-2170.66,-4445.36
ITEM0010147,ORD004857,PROD00296,CUST00056,20230209,2,2,1188.71,0.23,1830.61,-5.350000000000136
ITEM0010148,ORD004857,PROD00250,CUST00056,20230209,2,1,4610.44,0.0,4610.44,2239.2799999999997
ITEM0010149,ORD004858,PROD00116,CUST00671,20230514,8,1,3835.95,0.0,3835.95,1362.6099999999997
ITEM0010150,ORD004858,PROD00262,CUST00671,20230514,8,1,1460.84,0.0,1460.84,737.4499999999999
ITEM0010151,ORD004859,PROD00241,CUST00323,20241024,3,1,1792.79,0.2,1434.23,-2853.18
ITEM0010152,ORD004859,PROD00003,CUST00323,20241024,3,4,2902.0,0.0,11608.0,5962.88
ITEM0010153,ORD004859,PROD00153,CUST00323,20241024,3,2,4010.2,0.0,8020.4,3102.0199999999995
ITEM0010154,ORD004860,PROD00091,CUST00519,20240807,8,3,1302.09,0.0,3906.27,1866.8700000000001
ITEM0010155,ORD004860,PROD00034,CUST00519,20240807,8,2,2533.01,0.0,5066.02,1656.1400000000003
ITEM0010156,ORD004860,PROD00088,CUST00519,20240807,8,1,4559.98,0.03,4423.18,1146.1000000000004
ITEM0010157,ORD004861,PROD00226,CUST00112,20230611,7,1,648.79,0.26,480.1,4.7000000000000455
ITEM0010158,ORD004861,PROD00037,CUST00112,20230611,7,2,5435.74,0.14,9349.47,4876.07
ITEM0010159,ORD004861,PROD00205,CUST00112,20230611,7,1,6283.38,0.0,6283.38,1439.62
ITEM0010160,ORD004861,PROD00101,CUST00112,20230611,7,1,1373.9,0.2,1099.12,161.07999999999993
ITEM0010161,ORD004862,PROD00292,CUST00908,20240806,2,1,5910.44,0.0,5910.44,2987.9799999999996
ITEM0010162,ORD004863,PROD00238,CUST00886,20230309,2,1,7201.82,0.0,7201.82,3679.9399999999996
ITEM0010163,ORD004864,PROD00087,CUST00655,20230101,3,1,4546.57,0.0,4546.57,2373.41
ITEM0010164,ORD004864,PROD00049,CUST00655,20230101,3,4,5326.74,0.07,19815.47,4136.990000000002
ITEM0010165,ORD004864,PROD00276,CUST00655,20230101,3,1,8701.77,0.0,8701.77,5108.85
ITEM0010166,ORD004865,PROD00142,CUST00431,20240414,5,3,8354.87,0.26,18547.81,4619.170000000002
ITEM0010167,ORD004865,PROD00121,CUST00431,20240414,5,1,11305.27,0.0,11305.27,6474.55
ITEM0010168,ORD004866,PROD00117,CUST00144,20231213,7,1,498.3,0.0,498.3,296.74
ITEM0010169,ORD004867,PROD00029,CUST00512,20231019,8,1,5799.72,0.0,5799.72,1511.1599999999999
ITEM0010170,ORD004867,PROD00095,CUST00512,20231019,8,1,1505.02,0.0,1505.02,539.46
ITEM0010171,ORD004868,PROD00255,CUST00521,20230610,6,1,7383.63,0.05,7014.45,3684.22
ITEM0010172,ORD004868,PROD00154,CUST00521,20230610,6,1,5526.27,0.0,5526.27,2561.6400000000003
ITEM0010173,ORD004869,PROD00210,CUST00739,20240704,8,1,6680.3,0.09,6079.07,1976.9299999999994
ITEM0010174,ORD004869,PROD00193,CUST00739,20240704,8,1,9202.76,0.0,9202.76,5114.96
ITEM0010175,ORD004870,PROD00120,CUST00578,20231121,3,1,1288.16,0.26,953.24,415.79999999999995
ITEM0010176,ORD004871,PROD00290,CUST00986,20230617,9,1,1195.14,0.0,1195.14,418.2500000000001
ITEM0010177,ORD004871,PROD00293,CUST00986,20230617,9,1,5361.88,0.0,5361.88,967.4899999999998
ITEM0010178,ORD004871,PROD00099,CUST00986,20230617,9,1,6088.4,0.0,6088.4,2560.7899999999995
ITEM0010179,ORD004872,PROD00264,CUST00946,20240213,5,4,8008.38,0.0,32033.52,18218.48
ITEM0010180,ORD004873,PROD00082,CUST00983,20240909,8,1,3992.96,0.16,3354.09,1585.88
ITEM0010181,ORD004873,PROD00078,CUST00983,20240909,8,1,2028.86,0.0,2028.86,477.30999999999995
ITEM0010182,ORD004874,PROD00255,CUST00234,20230821,3,1,7383.63,0.09,6719.1,3388.8700000000003
ITEM0010183,ORD004874,PROD00179,CUST00234,20230821,3,4,6055.62,0.0,24222.48,14341.08
ITEM0010184,ORD004874,PROD00297,CUST00234,20230821,3,2,10930.45,0.01,21642.29,12439.79
ITEM0010185,ORD004875,PROD00098,CUST00972,20240314,8,3,2402.47,0.0,7207.41,3397.5299999999997
ITEM0010186,ORD004875,PROD00208,CUST00972,20240314,8,1,4099.5,0.26,3033.63,-267.21000000000004
ITEM0010187,ORD004875,PROD00054,CUST00972,20240314,8,1,5941.63,0.0,5941.63,3029.28
ITEM0010188,ORD004875,PROD00203,CUST00972,20240314,8,1,477.27,0.0,477.27,266.80999999999995
ITEM0010189,ORD004876,PROD00244,CUST00878,20231030,8,1,4549.33,0.0,4549.33,1795.7399999999998
ITEM0010190,ORD004877,PROD00027,CUST00936,20231008,10,1,5723.51,0.08,5265.63,2061.23
ITEM0010191,ORD004877,PROD00022,CUST00936,20231008,10,4,1547.99,0.27,4520.13,1945.8900000000003
ITEM0010192,ORD004877,PROD00285,CUST00936,20231008,10,1,2757.81,0.0,2757.81,1476.6799999999998
ITEM0010193,ORD004878,PROD00101,CUST00577,20230416,1,1,1373.9,0.0,1373.9,435.8600000000001
ITEM0010194,ORD004878,PROD00007,CUST00577,20230416,1,1,7518.69,0.01,7443.5,2478.6400000000003
ITEM0010195,ORD004879,PROD00182,CUST00033,20230123,10,1,3616.25,0.12,3182.3,1376.63
ITEM0010196,ORD004879,PROD00027,CUST00033,20230123,10,2,5723.51,0.0,11447.02,5038.22
ITEM0010197,ORD004879,PROD00087,CUST00033,20230123,10,3,4546.57,0.0,13639.71,7120.23
ITEM0010198,ORD004880,PROD00074,CUST00170,20240604,10,1,9420.21,0.0,9420.21,5096.919999999999
ITEM0010199,ORD004881,PROD00128,CUST00132,20230505,9,4,4199.76,0.0,16799.04,6144.6
ITEM0010200,ORD004881,PROD00210,CUST00132,20230505,9,1,6680.3,0.0,6680.3,2578.16
ITEM0010201,ORD004881,PROD00210,CUST00132,20230505,9,1,6680.3,0.0,6680.3,2578.16
ITEM0010202,ORD004881,PROD00054,CUST00132,20230505,9,2,5941.63,0.0,11883.26,6058.56
ITEM0010203,ORD004882,PROD00177,CUST00993,20240426,1,1,5446.6,0.0,5446.6,3095.1400000000003
ITEM0010204,ORD004883,PROD00165,CUST00351,20230102,6,1,1721.94,0.21,1360.33,566.0699999999999
ITEM0010205,ORD004884,PROD00122,CUST00235,20230925,5,1,11549.43,0.16,9701.52,4763.59
ITEM0010206,ORD004884,PROD00123,CUST00235,20230925,5,2,2950.23,0.0,5900.46,2281.78
ITEM0010207,ORD004885,PROD00071,CUST00151,20241028,4,1,534.87,0.21,422.55,87.32999999999998
ITEM0010208,ORD004885,PROD00290,CUST00151,20241028,4,2,1195.14,0.0,2390.28,836.5000000000002
ITEM0010209,ORD004885,PROD00216,CUST00151,20241028,4,1,3307.17,0.0,3307.17,1490.91
ITEM0010210,ORD004885,PROD00019,CUST00151,20241028,4,2,2406.67,0.24,3658.14,1558.62
ITEM0010211,ORD004886,PROD00233,CUST00527,20230128,1,2,3164.97,0.0,6329.94,3005.1199999999994
ITEM0010212,ORD004886,PROD00129,CUST00527,20230128,1,2,2500.46,0.0,5000.92,1825.2000000000003
ITEM0010213,ORD004886,PROD00176,CUST00527,20230128,1,2,5492.71,0.0,10985.42,4357.42
ITEM0010214,ORD004887,PROD00262,CUST00337,20240828,10,1,1460.84,0.26,1081.02,357.63
ITEM0010215,ORD004887,PROD00287,CUST00337,20240828,10,2,6559.01,0.18,10756.78,4154.14
ITEM0010216,ORD004888,PROD00006,CUST00939,20241102,5,1,8153.69,0.0,8153.69,4035.5199999999995
ITEM0010217,ORD004888,PROD00042,CUST00939,20241102,5,1,8235.83,0.29,5847.44,1749.5699999999997
ITEM0010218,ORD004888,PROD00070,CUST00939,20241102,5,1,6693.56,0.0,6693.56,2340.29
ITEM0010219,ORD004889,PROD00034,CUST00160,20230507,9,1,2533.01,0.0,2533.01,828.0700000000002
ITEM0010220,ORD004889,PROD00251,CUST00160,20230507,9,2,3365.3,0.27,4913.34,2164.36
ITEM0010221,ORD004889,PROD00251,CUST00160,20230507,9,1,3365.3,0.0,3365.3,1990.8100000000002
ITEM0010222,ORD004889,PROD00294,CUST00160,20230507,9,2,8182.59,0.25,12273.88,4571.879999999999
ITEM0010223,ORD004890,PROD00203,CUST00316,20240207,3,1,477.27,0.0,477.27,266.80999999999995
ITEM0010224,ORD004890,PROD00093,CUST00316,20240207,3,1,3802.74,0.0,3802.74,1540.1699999999996
ITEM0010225,ORD004890,PROD00187,CUST00316,20240207,3,3,6641.17,0.0,19923.51,8513.039999999999
ITEM0010226,ORD004890,PROD00062,CUST00316,20240207,3,1,5673.89,0.21,4482.37,838.4299999999998
ITEM0010227,ORD004891,PROD00127,CUST00787,20230926,8,1,5321.52,0.0,5321.52,2776.7800000000007
ITEM0010228,ORD004891,PROD00128,CUST00787,20230926,8,1,4199.76,0.0,4199.76,1536.15
ITEM0010229,ORD004892,PROD00122,CUST00995,20241012,8,1,11549.43,0.0,11549.43,6611.5
ITEM0010230,ORD004892,PROD00107,CUST00995,20241012,8,1,6282.37,0.0,6282.37,1864.21
ITEM0010231,ORD004893,PROD00203,CUST00637,20230126,6,1,477.27,0.0,477.27,266.80999999999995
ITEM0010232,ORD004894,PROD00057,CUST00685,20240130,4,3,4595.24,0.0,13785.72,6829.769999999999
ITEM0010233,ORD004894,PROD00076,CUST00685,20240130,4,1,6038.15,0.0,6038.15,3106.5099999999998
ITEM0010234,ORD004895,PROD00151,CUST00438,20230514,6,1,5518.05,0.0,5518.05,1305.9800000000005
ITEM0010235,ORD004895,PROD00252,CUST00438,20230514,6,3,910.14,0.0,2730.42,491.8800000000001
ITEM0010236,ORD004896,PROD00029,CUST00054,20240621,5,1,5799.72,0.0,5799.72,1511.1599999999999
ITEM0010237,ORD004897,PROD00286,CUST00619,20240327,9,3,945.94,0.0,2837.82,1366.38
ITEM0010238,ORD004898,PROD00138,CUST00604,20240927,10,1,10725.29,0.0,10725.29,6249.430000000001
ITEM0010239,ORD004899,PROD00216,CUST00308,20240615,6,1,3307.17,0.0,3307.17,1490.91
ITEM0010240,ORD004899,PROD00059,CUST00308,20240615,6,1,11784.91,0.0,11784.91,6843.93
ITEM0010241,ORD004900,PROD00039,CUST00690,20240712,4,3,6419.63,0.0,19258.89,4819.379999999999
ITEM0010242,ORD004901,PROD00169,CUST00540,20230607,3,1,5358.09,0.0,5358.09,2984.67
ITEM0010243,ORD004901,PROD00107,CUST00540,20230607,3,1,6282.37,0.0,6282.37,1864.21
ITEM0010244,ORD004901,PROD00075,CUST00540,20230607,3,2,6662.95,0.18,10927.24,4485.58
ITEM0010245,ORD004902,PROD00197,CUST00823,20240305,6,2,8766.75,0.0,17533.5,10179.720000000001
ITEM0010246,ORD004902,PROD00126,CUST00823,20240305,6,1,10802.22,0.1,9722.0,4878.05
ITEM0010247,ORD004902,PROD00249,CUST00823,20240305,6,1,4279.09,0.0,4279.09,2277.3500000000004
ITEM0010248,ORD004902,PROD00253,CUST00823,20240305,6,1,791.63,0.0,791.63,272.5
ITEM0010249,ORD004903,PROD00222,CUST00951,20240508,5,1,3002.04,0.0,3002.04,1178.27
ITEM0010250,ORD004903,PROD00165,CUST00951,20240508,5,2,1721.94,0.0,3443.88,1855.3600000000001
ITEM0010251,ORD004903,PROD00145,CUST00951,20240508,5,4,5845.69,0.0,23382.76,13838.319999999998
ITEM0010252,ORD004903,PROD00066,CUST00951,20240508,5,1,899.86,0.0,899.86,296.41999999999996
ITEM0010253,ORD004904,PROD00249,CUST00659,20240105,6,3,4279.09,0.0,12837.27,6832.05
ITEM0010254,ORD004904,PROD00291,CUST00659,20240105,6,2,1173.69,0.0,2347.38,991.3400000000001
ITEM0010255,ORD004904,PROD00154,CUST00659,20240105,6,1,5526.27,0.21,4365.75,1401.12
ITEM0010256,ORD004904,PROD00002,CUST00659,20240105,6,1,231.58,0.0,231.58,94.31
ITEM0010257,ORD004904,PROD00213,CUST00659,20240105,6,1,9402.56,0.0,9402.56,4648.009999999999
ITEM0010258,ORD004905,PROD00114,CUST00964,20240810,4,2,2295.26,0.0,4590.52,820.4800000000005
ITEM0010259,ORD004906,PROD00055,CUST00919,20231204,7,1,2678.2,0.0,2678.2,1021.0599999999997
ITEM0010260,ORD004907,PROD00219,CUST00389,20240420,6,1,344.65,0.28,248.15,59.49000000000001
ITEM0010261,ORD004908,PROD00209,CUST00176,20230214,8,1,3816.19,0.0,3816.19,2076.94
ITEM0010262,ORD004909,PROD00083,CUST00910,20240101,9,1,9425.24,0.0,9425.24,5118.79
ITEM0010263,ORD004909,PROD00035,CUST00910,20240101,9,1,2576.9,0.0,2576.9,1165.71
ITEM0010264,ORD004910,PROD00157,CUST00652,20230504,3,1,2525.54,0.06,2374.01,799.6400000000003
ITEM0010265,ORD004911,PROD00216,CUST00805,20241027,7,1,3307.17,0.0,3307.17,1490.91
ITEM0010266,ORD004912,PROD00108,CUST00855,20240522,7,1,7407.37,0.0,7407.37,4396.74
ITEM0010267,ORD004912,PROD00158,CUST00855,20240522,7,2,8138.6,0.0,16277.2,8182.160000000001
ITEM0010268,ORD004912,PROD00033,CUST00855,20240522,7,3,1942.09,0.0,5826.27,2346.57
ITEM0010269,ORD004912,PROD00268,CUST00855,20240522,7,3,852.32,0.14,2198.99,760.04
ITEM0010270,ORD004913,PROD00099,CUST00590,20241010,3,1,6088.4,0.04,5844.86,2317.2499999999995
ITEM0010271,ORD004913,PROD00069,CUST00590,20241010,3,2,775.06,0.0,1550.11,-6648.13
ITEM0010272,ORD004914,PROD00118,CUST00184,20230711,7,2,8273.55,0.24,12575.8,2633.74
ITEM0010273,ORD004915,PROD00126,CUST00079,20230401,6,1,10802.22,0.0,10802.22,5958.2699999999995
ITEM0010274,ORD004916,PROD00265,CUST00138,20240518,1,1,4207.25,0.0,4207.25,1395.5500000000002
ITEM0010275,ORD004917,PROD00196,CUST00882,20231114,5,1,6703.46,0.22,5228.7,2344.0499999999997
ITEM0010276,ORD004917,PROD00002,CUST00882,20231114,5,4,231.58,0.0,926.32,377.24
ITEM0010277,ORD004917,PROD00188,CUST00882,20231114,5,3,1657.41,0.02,4872.79,890.6800000000003
ITEM0010278,ORD004917,PROD00217,CUST00882,20231114,5,1,260.84,0.0,260.84,55.76999999999998
ITEM0010279,ORD004917,PROD00288,CUST00882,20231114,5,3,2790.22,0.02,8203.25,4525.7300000000005
ITEM0010280,ORD004918,PROD00071,CUST00724,20240830,10,2,534.87,0.0,1069.74,399.29999999999995
ITEM0010281,ORD004919,PROD00282,CUST00394,20241029,3,1,3504.39,0.0,3504.39,1243.4
ITEM0010282,ORD004919,PROD00283,CUST00394,20241029,3,1,7427.34,0.0,7427.34,2863.1000000000004
ITEM0010283,ORD004919,PROD00150,CUST00394,20241029,3,1,290.6,0.0,290.6,161.43000000000004
ITEM0010284,ORD004919,PROD00011,CUST00394,20241029,3,1,2615.05,0.0,2615.05,1383.3000000000002
ITEM0010285,ORD004919,PROD00186,CUST00394,20241029,3,1,1445.96,0.0,1445.96,829.34
ITEM0010286,ORD004920,PROD00084,CUST00971,20240811,3,1,7622.23,0.0,7622.23,4311.3099999999995
ITEM0010287,ORD004921,PROD00001,CUST00875,20240406,4,1,9272.65,0.0,9272.65,4723.48
ITEM0010288,ORD004921,PROD00183,CUST00875,20240406,4,4,526.69,0.0,2106.76,1128.1200000000003
ITEM0010289,ORD004922,PROD00164,CUST00329,20230302,2,1,5504.82,0.13,4789.19,1665.1099999999997
ITEM0010290,ORD004922,PROD00281,CUST00329,20230302,2,2,7979.23,0.0,15958.46,7936.039999999999
ITEM0010291,ORD004922,PROD00027,CUST00329,20230302,2,3,5723.51,0.0,17170.53,7557.329999999998
ITEM0010292,ORD004923,PROD00023,CUST00961,20230201,4,1,3506.84,0.0,3506.84,2022.7700000000002
ITEM0010293,ORD004924,PROD00027,CUST00364,20240503,10,1,5723.51,0.0,5723.51,2519.11
ITEM0010294,ORD004925,PROD00118,CUST00975,20240315,2,1,8273.55,0.0,8273.55,3302.5199999999995
ITEM0010295,ORD004925,PROD00068,CUST00975,20240315,2,1,1589.23,0.0,1589.23,380.1600000000001
ITEM0010296,ORD004925,PROD00029,CUST00975,20240315,2,3,5799.72,0.0,17399.16,4533.48
ITEM0010297,ORD004925,PROD00253,CUST00975,20240315,2,1,791.63,0.0,791.63,272.5
ITEM0010298,ORD004926,PROD00162,CUST00992,20230110,2,2,3555.3,0.0,7110.6,2170.1400000000003
ITEM0010299,ORD004927,PROD00238,CUST00788,20230102,2,2,7201.82,0.01,14259.6,7215.84
ITEM0010300,ORD004928,PROD00168,CUST00465,20231217,7,1,5760.76,0.11,5127.08,1755.35
ITEM0010301,ORD004929,PROD00139,CUST00764,20240107,8,2,5962.8,0.03,11567.83,5841.53
ITEM0010302,ORD004930,PROD00192,CUST00998,20240506,5,3,5116.05,0.0,15348.15,5069.07
ITEM0010303,ORD004930,PROD00201,CUST00998,20240506,5,1,3944.29,0.0,3944.29,1055.44
ITEM0010304,ORD004930,PROD00224,CUST00998,20240506,5,1,8522.29,0.27,6221.27,2433.6800000000003
ITEM0010305,ORD004931,PROD00060,CUST00630,20231129,1,2,532.72,0.0,1065.44,502.7600000000001
ITEM0010306,ORD004932,PROD00065,CUST00803,20240918,5,1,6570.64,0.05,6242.11,1403.0599999999995
ITEM0010307,ORD004932,PROD00270,CUST00803,20240918,5,1,4350.17,0.0,4350.17,2211.92
ITEM0010308,ORD004932,PROD00279,CUST00803,20240918,5,1,7168.01,0.0,7168.01,4297.540000000001
ITEM0010309,ORD004932,PROD00138,CUST00803,20240918,5,2,10725.29,0.18,17589.48,8637.76
ITEM0010310,ORD004933,PROD00174,CUST00720,20231115,8,4,4285.14,0.0,17140.56,9728.720000000001
ITEM0010311,ORD004933,PROD00142,CUST00720,20231115,8,1,8354.87,0.0,8354.87,3711.9900000000007
ITEM0010312,ORD004934,PROD00078,CUST00226,20231209,8,3,2028.86,0.27,4443.2,-211.44999999999982
ITEM0010313,ORD004934,PROD00062,CUST00226,20231209,8,3,5673.89,0.15,14468.42,3536.6000000000004
ITEM0010314,ORD004934,PROD00023,CUST00226,20231209,8,1,3506.84,0.0,3506.84,2022.7700000000002
ITEM0010315,ORD004934,PROD00107,CUST00226,20231209,8,1,6282.37,0.0,6282.37,1864.21
ITEM0010316,ORD004935,PROD00196,CUST00557,20230618,10,2,6703.46,0.0,13406.92,7637.62
ITEM0010317,ORD004935,PROD00272,CUST00557,20230618,10,1,7587.4,0.0,7587.4,3090.1799999999994
ITEM0010318,ORD004936,PROD00201,CUST00913,20241012,7,1,3944.29,0.0,3944.29,1055.44
ITEM0010319,ORD004937,PROD00193,CUST00361,20230425,1,2,9202.76,0.0,18405.52,10229.92
ITEM0010320,ORD004937,PROD00242,CUST00361,20230425,1,1,2496.43,0.12,2196.86,212.01000000000022
ITEM0010321,ORD004938,PROD00126,CUST00056,20240910,4,1,10802.22,0.0,10802.22,5958.2699999999995
ITEM0010322,ORD004938,PROD00052,CUST00056,20240910,4,2,1689.78,0.0,3379.56,1100.2399999999998
ITEM0010323,ORD004939,PROD00157,CUST00122,20231003,2,1,2525.54,0.0,2525.54,951.1700000000001
ITEM0010324,ORD004940,PROD00288,CUST00624,20240329,7,1,2790.22,0.0,2790.22,1564.3799999999999
ITEM0010325,ORD004940,PROD00187,CUST00624,20240329,7,1,6641.17,0.06,6242.7,2439.21
ITEM0010326,ORD004941,PROD00027,CUST00034,20240329,10,2,5723.51,0.0,11447.02,5038.22
ITEM0010327,ORD004941,PROD00245,CUST00034,20240329,10,3,6215.91,0.0,18647.73,7256.91
ITEM0010328,ORD004942,PROD00126,CUST00631,20231005,7,1,10802.22,0.0,10802.22,5958.2699999999995
ITEM0010329,ORD004943,PROD00249,CUST00019,20230813,9,2,4279.09,0.0,8558.18,4554.700000000001
ITEM0010330,ORD004943,PROD00115,CUST00019,20230813,9,1,3250.57,0.0,3250.57,1515.2500000000002
ITEM0010331,ORD004943,PROD00125,CUST00019,20230813,9,1,5694.29,0.0,5694.29,1506.8500000000004
ITEM0010332,ORD004944,PROD00005,CUST00870,20240408,10,1,246.43,0.0,246.43,70.33000000000001
ITEM0010333,ORD004945,PROD00023,CUST00357,20240411,10,3,3506.84,0.0,10520.52,6068.31
ITEM0010334,ORD004945,PROD00086,CUST00357,20240411,10,1,5791.83,0.0,5791.83,3175.86
ITEM0010335,ORD004946,PROD00082,CUST00458,20230701,5,1,3992.96,0.0,3992.96,2224.75
ITEM0010336,ORD004946,PROD00032,CUST00458,20230701,5,1,301.12,0.12,264.99,20.170000000000016
ITEM0010337,ORD004947,PROD00188,CUST00584,20230206,8,1,1657.41,0.0,1657.41,330.0400000000002
ITEM0010338,ORD004948,PROD00022,CUST00364,20240827,1,2,1547.99,0.0,3095.98,1808.8600000000001
ITEM0010339,ORD004948,PROD00276,CUST00364,20240827,1,1,8701.77,0.0,8701.77,5108.85
ITEM0010340,ORD004948,PROD00113,CUST00364,20240827,1,1,3472.93,0.06,3264.55,1445.7200000000003
ITEM0010341,ORD004949,PROD00165,CUST00464,20240129,3,1,1721.94,0.29,1222.58,428.31999999999994
ITEM0010342,ORD004950,PROD00289,CUST00784,20240401,9,2,3097.21,0.0,6194.42,3593.96
ITEM0010343,ORD004950,PROD00163,CUST00784,20240401,9,2,2745.97,0.0,5491.94,2741.2799999999997
ITEM0010344,ORD004950,PROD00008,CUST00784,20240401,9,1,5338.8,0.0,5338.8,2219.09
ITEM0010345,ORD004950,PROD00113,CUST00784,20240401,9,1,3472.93,0.21,2743.61,924.7800000000002
ITEM0010346,ORD004950,PROD00298,CUST00784,20240401,9,1,5321.16,0.12,4682.62,1167.67
ITEM0010347,ORD004951,PROD00103,CUST00971,20230706,5,3,9136.07,0.0,27408.21,13763.82
ITEM0010348,ORD004952,PROD00242,CUST00246,20241018,8,3,2496.43,0.0,7489.29,1534.7400000000007
ITEM0010349,ORD004953,PROD00209,CUST00830,20241110,4,2,3816.19,0.0,7632.38,4153.88
ITEM0010350,ORD004954,PROD00100,CUST00552,20240425,2,1,8661.69,0.0,8661.69,4965.460000000001
ITEM0010351,ORD004954,PROD00074,CUST00552,20240425,2,1,9420.21,0.0,9420.21,5096.919999999999
ITEM0010352,ORD004955,PROD00075,CUST00374,20230306,2,4,6662.95,0.0,26651.8,13768.48
ITEM0010353,ORD004956,PROD00192,CUST00027,20230124,5,1,5116.05,0.0,5116.05,1689.69
ITEM0010354,ORD004956,PROD00288,CUST00027,20230124,5,2,2790.22,0.0,5580.44,3128.7599999999998
ITEM0010355,ORD004956,PROD00139,CUST00027,20230124,5,1,5962.8,0.0,5962.8,3099.65
ITEM0010356,ORD004956,PROD00095,CUST00027,20230124,5,3,1505.02,0.0,4515.06,1618.3800000000006
ITEM0010357,ORD004957,PROD00017,CUST00613,20231016,5,1,9163.85,0.09,8339.1,4641.67
ITEM0010358,ORD004957,PROD00287,CUST00613,20231016,5,1,6559.01,0.0,6559.01,3257.69
ITEM0010359,ORD004957,PROD00262,CUST00613,20231016,5,4,1460.84,0.0,5843.36,2949.7999999999997
ITEM0010360,ORD004957,PROD00097,CUST00613,20231016,5,1,1492.36,0.0,1492.36,316.41999999999985
ITEM0010361,ORD004958,PROD00300,CUST00101,20231203,10,3,1343.36,0.0,4030.08,2145.8399999999997
ITEM0010362,ORD004958,PROD00241,CUST00101,20231203,10,2,1681.07,0.12,2958.68,-5616.139999999999
ITEM0010363,ORD004958,PROD00109,CUST00101,20231203,10,3,7944.57,0.0,23833.71,10697.399999999998
ITEM0010364,ORD004958,PROD00283,CUST00101,20231203,10,2,7427.34,0.0,14854.68,5726.200000000001
ITEM0010365,ORD004958,PROD00102,CUST00101,20231203,10,1,6509.4,0.0,6509.4,3487.4599999999996
ITEM0010366,ORD004959,PROD00003,CUST00579,20240727,2,1,2902.0,0.0,2902.0,1490.72
ITEM0010367,ORD004959,PROD00044,CUST00579,20240727,2,4,5424.36,0.0,21697.44,12489.119999999999
ITEM0010368,ORD004960,PROD00251,CUST00445,20230614,9,1,3365.3,0.0,3365.3,1990.8100000000002
ITEM0010369,ORD004960,PROD00238,CUST00445,20230614,9,3,7201.82,0.16,18148.59,7582.950000000001
ITEM0010370,ORD004961,PROD00010,CUST00052,20241125,7,1,2259.53,0.0,2259.53,1308.3200000000002
ITEM0010371,ORD004962,PROD00234,CUST00881,20231112,2,1,9552.76,0.0,9552.76,5040.68
ITEM0010372,ORD004963,PROD00123,CUST00106,20230409,8,1,2950.23,0.3,2065.16,255.81999999999994
ITEM0010373,ORD004964,PROD00105,CUST00994,20230617,1,1,3095.41,0.02,3033.5,1305.94
ITEM0010374,ORD004965,PROD00131,CUST00759,20231217,9,1,576.16,0.13,501.26,140.61
ITEM0010375,ORD004965,PROD00169,CUST00759,20231217,9,1,5358.09,0.06,5036.6,2663.1800000000003
ITEM0010376,ORD004965,PROD00294,CUST00759,20231217,9,2,8182.59,0.24,12437.54,4735.540000000001
ITEM0010377,ORD004966,PROD00195,CUST00639,20230919,8,1,9608.14,0.0,9608.14,5539.099999999999
ITEM0010378,ORD004966,PROD00121,CUST00639,20230919,8,3,11305.27,0.15,28828.44,14336.279999999999
ITEM0010379,ORD004966,PROD00138,CUST00639,20230919,8,1,10725.29,0.18,8794.74,4318.88
ITEM0010380,ORD004966,PROD00178,CUST00639,20230919,8,1,7985.04,0.0,7985.04,4658.66
ITEM0010381,ORD004967,PROD00097,CUST00181,20240510,5,2,1492.36,0.0,2984.72,632.8399999999997
ITEM0010382,ORD004968,PROD00162,CUST00067,20240110,9,2,3555.3,0.24,5404.06,463.60000000000036
ITEM0010383,ORD004968,PROD00293,CUST00067,20240110,9,1,5361.88,0.0,5361.88,967.4899999999998
ITEM0010384,ORD004969,PROD00140,CUST00446,20240915,3,1,1718.72,0.0,1718.72,936.76
ITEM0010385,ORD004969,PROD00059,CUST00446,20240915,3,4,11784.91,0.0,47139.64,27375.72
ITEM0010386,ORD004970,PROD00024,CUST00271,20240305,2,2,10115.71,0.28,14566.62,6089.300000000001
ITEM0010387,ORD004970,PROD00297,CUST00271,20240305,2,1,10930.45,0.0,10930.45,6329.200000000001
ITEM0010388,ORD004970,PROD00215,CUST00271,20240305,2,3,379.53,0.0,1138.59,225.0
ITEM0010389,ORD004970,PROD00093,CUST00271,20240305,2,1,3802.74,0.0,-3802.74,-6065.3099999999995
ITEM0010390,ORD004970,PROD00064,CUST00271,20240305,2,1,4268.27,0.0,4268.27,2240.9700000000003
ITEM0010391,ORD004971,PROD00125,CUST00186,20230805,6,2,5694.29,0.0,11388.58,3013.7000000000007
ITEM0010392,ORD004971,PROD00075,CUST00186,20230805,6,2,6662.95,0.0,13325.9,6884.24
ITEM0010393,ORD004972,PROD00225,CUST00238,20240218,4,1,6042.7,0.0,6042.7,1087.0999999999995
ITEM0010394,ORD004972,PROD00053,CUST00238,20240218,4,1,7229.99,0.0,7229.99,4151.26
ITEM0010395,ORD004972,PROD00255,CUST00238,20240218,4,1,7383.63,0.0,7383.63,4053.4
ITEM0010396,ORD004972,PROD00207,CUST00238,20240218,4,4,6547.46,0.0,26189.84,15089.4
ITEM0010397,ORD004973,PROD00205,CUST00715,20240512,8,1,6283.38,0.04,6032.04,1188.2799999999997
ITEM0010398,ORD004973,PROD00226,CUST00715,20240512,8,1,648.79,0.0,648.79,173.39
ITEM0010399,ORD004974,PROD00113,CUST00519,20240308,3,2,3472.93,0.0,6945.86,3308.2
ITEM0010400,ORD004975,PROD00264,CUST00204,20230928,5,1,8008.38,0.0,8008.38,4554.62
ITEM0010401,ORD004975,PROD00074,CUST00204,20230928,5,2,9420.21,0.0,18840.42,10193.839999999998
ITEM0010402,ORD004976,PROD00058,CUST00124,20230501,6,3,4592.96,0.24,10471.95,1698.6600000000017
ITEM0010403,ORD004976,PROD00294,CUST00124,20230501,6,1,8182.59,0.0,8182.59,4331.59
ITEM0010404,ORD004977,PROD00054,CUST00689,20230413,6,1,5941.63,0.0,5941.63,3029.28
ITEM0010405,ORD004978,PROD00118,CUST00826,20240113,4,2,8273.55,0.0,16547.1,6605.039999999999
ITEM0010406,ORD004978,PROD00027,CUST00826,20240113,4,1,5723.51,0.25,4292.63,1088.23
ITEM0010407,ORD004979,PROD00227,CUST00625,20230809,8,3,3250.8,0.22,7606.87,2689.21
ITEM0010408,ORD004979,PROD00089,CUST00625,20230809,8,2,781.78,0.0,1563.56,283.5999999999999
ITEM0010409,ORD004980,PROD00278,CUST00698,20230603,4,1,629.94,0.04,604.74,120.36000000000001
ITEM0010410,ORD004981,PROD00292,CUST00583,20230729,6,1,5910.44,0.0,5910.44,2987.9799999999996
ITEM0010411,ORD004981,PROD00228,CUST00583,20230729,6,2,1263.16,0.0,2526.32,1055.1000000000001
ITEM0010412,ORD004981,PROD00222,CUST00583,20230729,6,1,3002.04,0.0,3002.04,1178.27
ITEM0010413,ORD004982,PROD00079,CUST00966,20231130,7,1,7182.12,0.0,7182.12,3850.66
ITEM0010414,ORD004982,PROD00247,CUST00966,20231130,7,1,7341.91,0.22,5726.69,2070.3399999999997
ITEM0010415,ORD004982,PROD00131,CUST00966,20231130,7,4,576.16,0.13,2005.04,562.44
ITEM0010416,ORD004982,PROD00226,CUST00966,20231130,7,1,648.79,0.0,648.79,173.39
ITEM0010417,ORD004982,PROD00013,CUST00966,20231130,7,1,10508.19,0.0,10508.19,5916.530000000001
ITEM0010418,ORD004983,PROD00256,CUST00020,20240118,1,2,256.57,0.0,513.14,192.21999999999997
ITEM0010419,ORD004983,PROD00106,CUST00020,20240118,1,4,3963.99,0.0,15855.96,6153.799999999999
ITEM0010420,ORD004984,PROD00181,CUST00046,20240619,5,1,2887.17,0.0,2887.17,1516.96
ITEM0010421,ORD004984,PROD00200,CUST00046,20240619,5,1,7131.42,0.0,7131.42,3103.6
ITEM0010422,ORD004985,PROD00027,CUST00879,20240502,9,3,5723.51,0.0,17170.53,7557.329999999998
ITEM0010423,ORD004986,PROD00182,CUST00452,20240618,3,1,3616.25,0.0,3616.25,1810.58
ITEM0010424,ORD004986,PROD00232,CUST00452,20240618,3,2,3144.6,0.0,6289.2,3220.8999999999996
ITEM0010425,ORD004986,PROD00133,CUST00452,20240618,3,2,7313.64,0.0,14627.28,6731.700000000001
ITEM0010426,ORD004986,PROD00061,CUST00452,20240618,3,2,4205.57,0.06,7906.47,1387.67
ITEM0010427,ORD004987,PROD00296,CUST00646,20230611,6,2,1188.71,0.06,2234.77,398.80999999999995
ITEM0010428,ORD004988,PROD00168,CUST00062,20240620,6,2,5760.76,0.0,11521.52,4778.06
ITEM0010429,ORD004988,PROD00059,CUST00062,20240620,6,2,11784.91,0.0,23569.82,13687.86
ITEM0010430,ORD004988,PROD00298,CUST00062,20240620,6,1,5321.16,0.0,5321.16,1806.21
ITEM0010431,ORD004988,PROD00266,CUST00062,20240620,6,1,5956.89,0.02,5837.75,958.8699999999999
ITEM0010432,ORD004989,PROD00222,CUST00774,20230528,4,1,3002.04,0.0,3002.04,1178.27
ITEM0010433,ORD004990,PROD00294,CUST00870,20240118,1,2,8182.59,0.0,16365.18,8663.18
ITEM0010434,ORD004990,PROD00004,CUST00870,20240118,1,1,4097.38,0.0,4097.38,698.21
ITEM0010435,ORD004991,PROD00060,CUST00795,20230126,4,4,532.72,0.0,2130.88,1005.5200000000002
ITEM0010436,ORD004991,PROD00198,CUST00795,20230126,4,2,1516.26,0.0,3032.52,969.1799999999998
ITEM0010437,ORD004992,PROD00106,CUST00489,20240330,6,1,3963.99,0.0,3963.99,1538.4499999999998
ITEM0010438,ORD004992,PROD00291,CUST00489,20240330,6,1,1173.69,0.0,1173.69,495.6700000000001
ITEM0010439,ORD004992,PROD00190,CUST00489,20240330,6,4,3528.69,0.0,14114.76,7420.04
ITEM0010440,ORD004992,PROD00085,CUST00489,20240330,6,1,1960.53,0.17,1627.24,455.19000000000005
ITEM0010441,ORD004993,PROD00144,CUST00754,20230805,8,1,9953.38,0.0,9953.38,5272.469999999999
ITEM0010442,ORD004993,PROD00021,CUST00754,20230805,8,2,6443.82,0.0,12887.64,6538.74
ITEM0010443,ORD004993,PROD00283,CUST00754,20230805,8,1,7427.34,0.0,7427.34,2863.1000000000004
ITEM0010444,ORD004994,PROD00166,CUST00009,20240428,9,1,7134.8,0.0,7134.8,3400.6400000000003
ITEM0010445,ORD004994,PROD00004,CUST00009,20240428,9,3,4097.38,0.02,-12046.3,-22243.809999999998
ITEM0010446,ORD004995,PROD00060,CUST00189,20240602,9,2,532.72,0.17,884.32,321.6400000000001
ITEM0010447,ORD004995,PROD00105,CUST00189,20240602,9,1,3095.41,0.09,2816.82,1089.2600000000002
ITEM0010448,ORD004995,PROD00048,CUST00189,20240602,9,2,1926.71,0.0,3853.42,1249.3000000000002
ITEM0010449,ORD004996,PROD00161,CUST00671,20230603,4,1,2894.21,0.0,2894.21,619.5100000000002
ITEM0010450,ORD004996,PROD00005,CUST00671,20230603,4,1,246.43,0.0,246.43,70.33000000000001
ITEM0010451,ORD004997,PROD00060,CUST00705,20240408,6,2,532.72,0.0,1065.44,502.7600000000001
ITEM0010452,ORD004997,PROD00177,CUST00705,20240408,6,3,5446.6,0.0,16339.8,9285.419999999998
ITEM0010453,ORD004998,PROD00193,CUST00826,20231004,5,1,9202.76,0.0,9202.76,5114.96
ITEM0010454,ORD004998,PROD00125,CUST00826,20231004,5,2,5694.29,0.12,10021.95,1647.0700000000015
ITEM0010455,ORD004998,PROD00273,CUST00826,20231004,5,3,4432.81,0.0,13298.43,3856.26
ITEM0010456,ORD004998,PROD00235,CUST00826,20231004,5,1,1155.59,0.26,855.14,370.75
ITEM0010457,ORD004999,PROD00167,CUST00962,20230608,3,1,2019.38,0.25,1514.54,-3.759999999999991
ITEM0010458,ORD005000,PROD00190,CUST00791,20231015,7,1,3528.69,0.0,3528.69,1855.01
ITEM0010459,ORD005000,PROD00134,CUST00791,20231015,7,2,1127.73,0.0,2255.46,536.1000000000001
ITEM0010460,ORD005000,PROD00258,CUST00791,20231015,7,2,5858.08,0.0,11716.16,6945.0599999999995
ITEM0010461,ORD005000,PROD00234,CUST00791,20231015,7,1,9552.76,0.0,9552.76,5040.68
